supplement_id,filename,column,pandas_dtype,source_column,definition_status
S01,Supplementary_Data_S01_species_analysis_availability.csv,Finalized_path_analysis24,bool,Finalized_path_analysis24,Source-named field retained for audit; see the canonical component documentation.
S01,Supplementary_Data_S01_species_analysis_availability.csv,Genomic_TE_resource34,bool,Genomic_TE_resource34,Source-named field retained for audit; see the canonical component documentation.
S01,Supplementary_Data_S01_species_analysis_availability.csv,Integrated_TE_path_overlap21,bool,Integrated_TE_path_overlap21,Source-named field retained for audit; see the canonical component documentation.
S01,Supplementary_Data_S01_species_analysis_availability.csv,analysis_steps_missing,str,analysis_steps_missing,Source-named field retained for audit; see the canonical component documentation.
S01,Supplementary_Data_S01_species_analysis_availability.csv,analysis_steps_with_data,str,analysis_steps_with_data,Source-named field retained for audit; see the canonical component documentation.
S01,Supplementary_Data_S01_species_analysis_availability.csv,decision_basis,str,decision_basis,Source-named field retained for audit; see the canonical component documentation.
S01,Supplementary_Data_S01_species_analysis_availability.csv,has_tree_tip,bool,has_tree_tip,Source-named field retained for audit; see the canonical component documentation.
S01,Supplementary_Data_S01_species_analysis_availability.csv,manual_review_inclusion,bool,manual_review_inclusion,Source-named field retained for audit; see the canonical component documentation.
S01,Supplementary_Data_S01_species_analysis_availability.csv,scientific_name,str,scientific_name,Source-named field retained for audit; see the canonical component documentation.
S01,Supplementary_Data_S01_species_analysis_availability.csv,species,str,species,Canonical analyzed Desmognathus species label.
S01,Supplementary_Data_S01_species_analysis_availability.csv,step01_phylogeny_tree_trimming,bool,step01_phylogeny_tree_trimming,Source-named field retained for audit; see the canonical component documentation.
S01,Supplementary_Data_S01_species_analysis_availability.csv,step02_panel_and_resource_provenance,bool,step02_panel_and_resource_provenance,Source-named field retained for audit; see the canonical component documentation.
S01,Supplementary_Data_S01_species_analysis_availability.csv,step03_dnapipete_runs,float64,step03_dnapipete_runs,Source-named field retained for audit; see the canonical component documentation.
S01,Supplementary_Data_S01_species_analysis_availability.csv,step03_dnapipete_total_aligned_bases,float64,step03_dnapipete_total_aligned_bases,Source-named field retained for audit; see the canonical component documentation.
S01,Supplementary_Data_S01_species_analysis_availability.csv,step03_repeatmasker_aligned_hit_bp,float64,step03_repeatmasker_aligned_hit_bp,Source-named field retained for audit; see the canonical component documentation.
S01,Supplementary_Data_S01_species_analysis_availability.csv,step03_repeatmasker_hit_count,float64,step03_repeatmasker_hit_count,Source-named field retained for audit; see the canonical component documentation.
S01,Supplementary_Data_S01_species_analysis_availability.csv,step03_te_diversity_available,bool,step03_te_diversity_available,Source-named field retained for audit; see the canonical component documentation.
S01,Supplementary_Data_S01_species_analysis_availability.csv,step03_te_genome_scatter_included,bool,step03_te_genome_scatter_included,Source-named field retained for audit; see the canonical component documentation.
S01,Supplementary_Data_S01_species_analysis_availability.csv,step03_te_pca_available,bool,step03_te_pca_available,Source-named field retained for audit; see the canonical component documentation.
S01,Supplementary_Data_S01_species_analysis_availability.csv,step03_te_repeat_analysis,bool,step03_te_repeat_analysis,Source-named field retained for audit; see the canonical component documentation.
S01,Supplementary_Data_S01_species_analysis_availability.csv,step04_ltr_deletion_footprint,bool,step04_ltr_deletion_footprint,Source-named field retained for audit; see the canonical component documentation.
S01,Supplementary_Data_S01_species_analysis_availability.csv,step04_ltr_resource_status,str,step04_ltr_resource_status,Corrected LTR/Gypsy five-domain resource status projected from S16.
S01,Supplementary_Data_S01_species_analysis_availability.csv,step04_ltr_selected_elements,float64,step04_ltr_selected_elements,Elements passing the corrected LTR/Gypsy and at-least-five-domain gate.
S01,Supplementary_Data_S01_species_analysis_availability.csv,step04_ltr_source_corrupt_exclusions,float64,step04_ltr_source_corrupt_exclusions,Source-corrupt exclusions within the correctly selected cohort.
S01,Supplementary_Data_S01_species_analysis_availability.csv,step04_ltr_tabout_elements,float64,step04_ltr_tabout_elements,All candidate elements in the source LTRharvest table.
S01,Supplementary_Data_S01_species_analysis_availability.csv,step04_ltr_usable_elements,float64,step04_ltr_usable_elements,Correctly selected elements with usable zero-aware depth records.
S01,Supplementary_Data_S01_species_analysis_availability.csv,step05_cell_modeling_and_measurement,bool,step05_cell_modeling_and_measurement,Source-named field retained for audit; see the canonical component documentation.
S01,Supplementary_Data_S01_species_analysis_availability.csv,step05_finalized_size_cells,float64,step05_finalized_size_cells,Source-named field retained for audit; see the canonical component documentation.
S01,Supplementary_Data_S01_species_analysis_availability.csv,step05_finalized_size_images,float64,step05_finalized_size_images,Source-named field retained for audit; see the canonical component documentation.
S01,Supplementary_Data_S01_species_analysis_availability.csv,step05_relative_iod_images,float64,step05_relative_iod_images,Source-named field retained for audit; see the canonical component documentation.
S01,Supplementary_Data_S01_species_analysis_availability.csv,step05_relative_iod_nuclei,float64,step05_relative_iod_nuclei,Source-named field retained for audit; see the canonical component documentation.
S01,Supplementary_Data_S01_species_analysis_availability.csv,step05_relative_iod_quality_status,str,step05_relative_iod_quality_status,Source-named field retained for audit; see the canonical component documentation.
S01,Supplementary_Data_S01_species_analysis_availability.csv,step05_relative_iod_specimens,float64,step05_relative_iod_specimens,Source-named field retained for audit; see the canonical component documentation.
S01,Supplementary_Data_S01_species_analysis_availability.csv,step05_relative_iod_support,str,step05_relative_iod_support,Source-named field retained for audit; see the canonical component documentation.
S01,Supplementary_Data_S01_species_analysis_availability.csv,step05_sample_size_support,str,step05_sample_size_support,Source-named field retained for audit; see the canonical component documentation.
S01,Supplementary_Data_S01_species_analysis_availability.csv,step06_genome_images,float64,step06_genome_images,Number of distinct source images contributing to the conditional S22 estimate.
S01,Supplementary_Data_S01_species_analysis_availability.csv,step06_genome_nuclei,float64,step06_genome_nuclei,Number of finalized reviewed nuclei contributing to the conditional S22 estimate.
S01,Supplementary_Data_S01_species_analysis_availability.csv,step06_genome_panel_status,str,step06_genome_panel_status,Release and image-quality support status for the conditional S22 scaling.
S01,Supplementary_Data_S01_species_analysis_availability.csv,step06_genome_size_estimation,bool,step06_genome_size_estimation,Whether the species has a reviewed nuclear-IOD estimate for the named conditional S22 assembly-derived scaling; not validation of absolute genome size.
S01,Supplementary_Data_S01_species_analysis_availability.csv,step06_genome_size_pg_fuscus_anchored,float64,step06_genome_size_pg_fuscus_anchored,Exact S22 projection of the conditional D. fuscus-anchored pg sensitivity derived from 16.1 Gbp / 0.978 Gbp per pg; not a measured C-value.
S01,Supplementary_Data_S01_species_analysis_availability.csv,step07_cell_nucleus_genome_path,bool,step07_cell_nucleus_genome_path,Source-named field retained for audit; see the canonical component documentation.
S01,Supplementary_Data_S01_species_analysis_availability.csv,te_assembly_accession,str,te_assembly_accession,Assembly accession bound to the species TE resource.
S01,Supplementary_Data_S01_species_analysis_availability.csv,te_sra_accession,str,te_sra_accession,SRA experiment accession bound to the species TE resource.
S02,Supplementary_Data_S02_te_resource_panel34.csv,analysis_role,str,analysis_role,Source-named field retained for audit; see the canonical component documentation.
S02,Supplementary_Data_S02_te_resource_panel34.csv,decision_basis,str,decision_basis,Source-named field retained for audit; see the canonical component documentation.
S02,Supplementary_Data_S02_te_resource_panel34.csv,has_ectopic,bool,has_ectopic,Source-named field retained for audit; see the canonical component documentation.
S02,Supplementary_Data_S02_te_resource_panel34.csv,has_finalized_cell_morphology,bool,has_finalized_cell_morphology,Source-named field retained for audit; see the canonical component documentation.
S02,Supplementary_Data_S02_te_resource_panel34.csv,has_finalized_genome_iod,bool,has_finalized_genome_iod,Source-named field retained for audit; see the canonical component documentation.
S02,Supplementary_Data_S02_te_resource_panel34.csv,has_genome,bool,has_genome,Source-named field retained for audit; see the canonical component documentation.
S02,Supplementary_Data_S02_te_resource_panel34.csv,has_ltr_high_confidence,bool,has_ltr_high_confidence,Source-named field retained for audit; see the canonical component documentation.
S02,Supplementary_Data_S02_te_resource_panel34.csv,has_ltr_history,bool,has_ltr_history,Source-named field retained for audit; see the canonical component documentation.
S02,Supplementary_Data_S02_te_resource_panel34.csv,has_morphology,bool,has_morphology,Source-named field retained for audit; see the canonical component documentation.
S02,Supplementary_Data_S02_te_resource_panel34.csv,has_te,bool,has_te,Source-named field retained for audit; see the canonical component documentation.
S02,Supplementary_Data_S02_te_resource_panel34.csv,has_tree_tip,bool,has_tree_tip,Source-named field retained for audit; see the canonical component documentation.
S02,Supplementary_Data_S02_te_resource_panel34.csv,ltr_history_n_pairs_high_confidence,float64,ltr_history_n_pairs_high_confidence,Source-named field retained for audit; see the canonical component documentation.
S02,Supplementary_Data_S02_te_resource_panel34.csv,manual_review_inclusion,bool,manual_review_inclusion,Source-named field retained for audit; see the canonical component documentation.
S02,Supplementary_Data_S02_te_resource_panel34.csv,path_analysis_panel24_v1,bool,path_analysis_panel24_v1,Source-named field retained for audit; see the canonical component documentation.
S02,Supplementary_Data_S02_te_resource_panel34.csv,species,str,species,Canonical analyzed Desmognathus species label.
S02,Supplementary_Data_S02_te_resource_panel34.csv,te_assembly_accession,str,te_assembly_accession,Assembly accession bound to the species TE resource.
S02,Supplementary_Data_S02_te_resource_panel34.csv,te_resource_panel34_v1,bool,te_resource_panel34_v1,Source-named field retained for audit; see the canonical component documentation.
S02,Supplementary_Data_S02_te_resource_panel34.csv,te_sra_accession,str,te_sra_accession,SRA experiment accession bound to the species TE resource.
S03,Supplementary_Data_S03_path_analysis_panel24.csv,analysis_role,str,analysis_role,Source-named field retained for audit; see the canonical component documentation.
S03,Supplementary_Data_S03_path_analysis_panel24.csv,decision_basis,str,decision_basis,Source-named field retained for audit; see the canonical component documentation.
S03,Supplementary_Data_S03_path_analysis_panel24.csv,has_ectopic,bool,has_ectopic,Source-named field retained for audit; see the canonical component documentation.
S03,Supplementary_Data_S03_path_analysis_panel24.csv,has_finalized_cell_morphology,bool,has_finalized_cell_morphology,Source-named field retained for audit; see the canonical component documentation.
S03,Supplementary_Data_S03_path_analysis_panel24.csv,has_finalized_genome_iod,bool,has_finalized_genome_iod,Source-named field retained for audit; see the canonical component documentation.
S03,Supplementary_Data_S03_path_analysis_panel24.csv,has_genome,bool,has_genome,Source-named field retained for audit; see the canonical component documentation.
S03,Supplementary_Data_S03_path_analysis_panel24.csv,has_ltr_high_confidence,bool,has_ltr_high_confidence,Source-named field retained for audit; see the canonical component documentation.
S03,Supplementary_Data_S03_path_analysis_panel24.csv,has_ltr_history,bool,has_ltr_history,Source-named field retained for audit; see the canonical component documentation.
S03,Supplementary_Data_S03_path_analysis_panel24.csv,has_morphology,bool,has_morphology,Source-named field retained for audit; see the canonical component documentation.
S03,Supplementary_Data_S03_path_analysis_panel24.csv,has_te,bool,has_te,Source-named field retained for audit; see the canonical component documentation.
S03,Supplementary_Data_S03_path_analysis_panel24.csv,has_tree_tip,bool,has_tree_tip,Source-named field retained for audit; see the canonical component documentation.
S03,Supplementary_Data_S03_path_analysis_panel24.csv,ltr_history_n_pairs_high_confidence,float64,ltr_history_n_pairs_high_confidence,Source-named field retained for audit; see the canonical component documentation.
S03,Supplementary_Data_S03_path_analysis_panel24.csv,manual_review_inclusion,bool,manual_review_inclusion,Source-named field retained for audit; see the canonical component documentation.
S03,Supplementary_Data_S03_path_analysis_panel24.csv,path_analysis_panel24_v1,bool,path_analysis_panel24_v1,Source-named field retained for audit; see the canonical component documentation.
S03,Supplementary_Data_S03_path_analysis_panel24.csv,species,str,species,Canonical analyzed Desmognathus species label.
S03,Supplementary_Data_S03_path_analysis_panel24.csv,te_assembly_accession,str,te_assembly_accession,Assembly accession bound to the species TE resource.
S03,Supplementary_Data_S03_path_analysis_panel24.csv,te_resource_panel34_v1,bool,te_resource_panel34_v1,Source-named field retained for audit; see the canonical component documentation.
S03,Supplementary_Data_S03_path_analysis_panel24.csv,te_sra_accession,str,te_sra_accession,SRA experiment accession bound to the species TE resource.
S04,Supplementary_Data_S04_path_analysis_traits24.csv,cell_area_um2,float64,cell_area_um2,Source-named field retained for audit; see the canonical component documentation.
S04,Supplementary_Data_S04_path_analysis_traits24.csv,iod_definition,str,iod_definition,Source-named field retained for audit; see the canonical component documentation.
S04,Supplementary_Data_S04_path_analysis_traits24.csv,n_iod_images,int64,n_iod_images,Source-named field retained for audit; see the canonical component documentation.
S04,Supplementary_Data_S04_path_analysis_traits24.csv,n_iod_nuclei,int64,n_iod_nuclei,Source-named field retained for audit; see the canonical component documentation.
S04,Supplementary_Data_S04_path_analysis_traits24.csv,n_iod_specimens,int64,n_iod_specimens,Source-named field retained for audit; see the canonical component documentation.
S04,Supplementary_Data_S04_path_analysis_traits24.csv,n_size_cells,int64,n_size_cells,Source-named field retained for audit; see the canonical component documentation.
S04,Supplementary_Data_S04_path_analysis_traits24.csv,n_size_images,int64,n_size_images,Source-named field retained for audit; see the canonical component documentation.
S04,Supplementary_Data_S04_path_analysis_traits24.csv,nucleus_area_um2,float64,nucleus_area_um2,Source-named field retained for audit; see the canonical component documentation.
S04,Supplementary_Data_S04_path_analysis_traits24.csv,relative_iod_ci_high,float64,relative_iod_ci_high,Source-named field retained for audit; see the canonical component documentation.
S04,Supplementary_Data_S04_path_analysis_traits24.csv,relative_iod_ci_low,float64,relative_iod_ci_low,Source-named field retained for audit; see the canonical component documentation.
S04,Supplementary_Data_S04_path_analysis_traits24.csv,relative_iod_index,float64,relative_iod_index,Source-named field retained for audit; see the canonical component documentation.
S04,Supplementary_Data_S04_path_analysis_traits24.csv,species,str,species,Canonical analyzed Desmognathus species label.
S04,Supplementary_Data_S04_path_analysis_traits24.csv,tree_tip,str,tree_tip,Source-named field retained for audit; see the canonical component documentation.
S05,Supplementary_Data_S05_assembly_quality.csv,contig_n50_bp,int64,contig_n50_bp,Source-named field retained for audit; see the canonical component documentation.
S05,Supplementary_Data_S05_assembly_quality.csv,display_species,str,display_species,Source-named field retained for audit; see the canonical component documentation.
S05,Supplementary_Data_S05_assembly_quality.csv,metadata_retrieved_utc,str,metadata_retrieved_utc,Source-named field retained for audit; see the canonical component documentation.
S05,Supplementary_Data_S05_assembly_quality.csv,ncbi_dataset_report_url,str,ncbi_dataset_report_url,Source-named field retained for audit; see the canonical component documentation.
S05,Supplementary_Data_S05_assembly_quality.csv,ncbi_reported_organism,str,ncbi_reported_organism,Source-named field retained for audit; see the canonical component documentation.
S05,Supplementary_Data_S05_assembly_quality.csv,number_of_contigs,int64,number_of_contigs,Source-named field retained for audit; see the canonical component documentation.
S05,Supplementary_Data_S05_assembly_quality.csv,number_of_scaffolds,int64,number_of_scaffolds,Source-named field retained for audit; see the canonical component documentation.
S05,Supplementary_Data_S05_assembly_quality.csv,scaffold_n50_bp,int64,scaffold_n50_bp,Source-named field retained for audit; see the canonical component documentation.
S05,Supplementary_Data_S05_assembly_quality.csv,species,str,species,Canonical analyzed Desmognathus species label.
S05,Supplementary_Data_S05_assembly_quality.csv,species_mapping_basis,str,species_mapping_basis,Source-named field retained for audit; see the canonical component documentation.
S05,Supplementary_Data_S05_assembly_quality.csv,te_assembly_accession,str,te_assembly_accession,Assembly accession bound to the species TE resource.
S05,Supplementary_Data_S05_assembly_quality.csv,total_sequence_length_bp,int64,total_sequence_length_bp,Source-named field retained for audit; see the canonical component documentation.
S06,Supplementary_Data_S06_dnapipete_input_quality.csv,configured_quantification_sample_bp,int64,configured_quantification_sample_bp,Source-named field retained for audit; see the canonical component documentation.
S06,Supplementary_Data_S06_dnapipete_input_quality.csv,display_species,str,display_species,Source-named field retained for audit; see the canonical component documentation.
S06,Supplementary_Data_S06_dnapipete_input_quality.csv,dnapipete_source_labels,str,dnapipete_source_labels,Source-named field retained for audit; see the canonical component documentation.
S06,Supplementary_Data_S06_dnapipete_input_quality.csv,fraction_components_classified,float64,fraction_components_classified,Source-named field retained for audit; see the canonical component documentation.
S06,Supplementary_Data_S06_dnapipete_input_quality.csv,mass_n_dnapipete_runs,int64,mass_n_dnapipete_runs,Source-named field retained for audit; see the canonical component documentation.
S06,Supplementary_Data_S06_dnapipete_input_quality.csv,mass_total_aligned_bases,int64,mass_total_aligned_bases,Source-named field retained for audit; see the canonical component documentation.
S06,Supplementary_Data_S06_dnapipete_input_quality.csv,median_hitlength_contig_ratio,float64,median_hitlength_contig_ratio,Source-named field retained for audit; see the canonical component documentation.
S06,Supplementary_Data_S06_dnapipete_input_quality.csv,n_components,int64,n_components,Source-named field retained for audit; see the canonical component documentation.
S06,Supplementary_Data_S06_dnapipete_input_quality.csv,n_dnapipete_runs,int64,n_dnapipete_runs,Source-named field retained for audit; see the canonical component documentation.
S06,Supplementary_Data_S06_dnapipete_input_quality.csv,order_retained_fraction,float64,order_retained_fraction,Source-named field retained for audit; see the canonical component documentation.
S06,Supplementary_Data_S06_dnapipete_input_quality.csv,order_unresolved_fraction,float64,order_unresolved_fraction,Source-named field retained for audit; see the canonical component documentation.
S06,Supplementary_Data_S06_dnapipete_input_quality.csv,repeat_aligned_fraction_of_sample,float64,repeat_aligned_fraction_of_sample,Source-named field retained for audit; see the canonical component documentation.
S06,Supplementary_Data_S06_dnapipete_input_quality.csv,retry_policy,str,retry_policy,Source-named field retained for audit; see the canonical component documentation.
S06,Supplementary_Data_S06_dnapipete_input_quality.csv,run_aggregation,str,run_aggregation,Source-named field retained for audit; see the canonical component documentation.
S06,Supplementary_Data_S06_dnapipete_input_quality.csv,run_labels,str,run_labels,Source-named field retained for audit; see the canonical component documentation.
S06,Supplementary_Data_S06_dnapipete_input_quality.csv,species,str,species,Canonical analyzed Desmognathus species label.
S06,Supplementary_Data_S06_dnapipete_input_quality.csv,superfamily_retained_fraction,float64,superfamily_retained_fraction,Source-named field retained for audit; see the canonical component documentation.
S06,Supplementary_Data_S06_dnapipete_input_quality.csv,superfamily_unresolved_fraction,float64,superfamily_unresolved_fraction,Source-named field retained for audit; see the canonical component documentation.
S06,Supplementary_Data_S06_dnapipete_input_quality.csv,te_assembly_accession,str,te_assembly_accession,Assembly accession bound to the species TE resource.
S06,Supplementary_Data_S06_dnapipete_input_quality.csv,te_sra_accession,str,te_sra_accession,SRA experiment accession bound to the species TE resource.
S06,Supplementary_Data_S06_dnapipete_input_quality.csv,total_aligned_bases,int64,total_aligned_bases,Source-named field retained for audit; see the canonical component documentation.
S06,Supplementary_Data_S06_dnapipete_input_quality.csv,total_reads,int64,total_reads,Source-named field retained for audit; see the canonical component documentation.
S07,Supplementary_Data_S07_dnapipete_mass_accounting.csv,dnapipete_source_labels,str,dnapipete_source_labels,Source-named field retained for audit; see the canonical component documentation.
S07,Supplementary_Data_S07_dnapipete_mass_accounting.csv,n_component_rows,float64,n_component_rows,Source-named field retained for audit; see the canonical component documentation.
S07,Supplementary_Data_S07_dnapipete_mass_accounting.csv,n_dnapipete_runs,int64,n_dnapipete_runs,Source-named field retained for audit; see the canonical component documentation.
S07,Supplementary_Data_S07_dnapipete_mass_accounting.csv,observed_dnapipete_sra_accession,str,observed_dnapipete_sra_accession,Source-named field retained for audit; see the canonical component documentation.
S07,Supplementary_Data_S07_dnapipete_mass_accounting.csv,order_retained_aligned_bases,float64,order_retained_aligned_bases,Source-named field retained for audit; see the canonical component documentation.
S07,Supplementary_Data_S07_dnapipete_mass_accounting.csv,order_retained_fraction,float64,order_retained_fraction,Source-named field retained for audit; see the canonical component documentation.
S07,Supplementary_Data_S07_dnapipete_mass_accounting.csv,order_unresolved_aligned_bases,float64,order_unresolved_aligned_bases,Source-named field retained for audit; see the canonical component documentation.
S07,Supplementary_Data_S07_dnapipete_mass_accounting.csv,order_unresolved_fraction,float64,order_unresolved_fraction,Source-named field retained for audit; see the canonical component documentation.
S07,Supplementary_Data_S07_dnapipete_mass_accounting.csv,run_aggregation,str,run_aggregation,Source-named field retained for audit; see the canonical component documentation.
S07,Supplementary_Data_S07_dnapipete_mass_accounting.csv,species,str,species,Canonical analyzed Desmognathus species label.
S07,Supplementary_Data_S07_dnapipete_mass_accounting.csv,superfamily_retained_aligned_bases,float64,superfamily_retained_aligned_bases,Source-named field retained for audit; see the canonical component documentation.
S07,Supplementary_Data_S07_dnapipete_mass_accounting.csv,superfamily_retained_fraction,float64,superfamily_retained_fraction,Source-named field retained for audit; see the canonical component documentation.
S07,Supplementary_Data_S07_dnapipete_mass_accounting.csv,superfamily_unresolved_aligned_bases,float64,superfamily_unresolved_aligned_bases,Source-named field retained for audit; see the canonical component documentation.
S07,Supplementary_Data_S07_dnapipete_mass_accounting.csv,superfamily_unresolved_fraction,float64,superfamily_unresolved_fraction,Source-named field retained for audit; see the canonical component documentation.
S07,Supplementary_Data_S07_dnapipete_mass_accounting.csv,te_assembly_accession,str,te_assembly_accession,Assembly accession bound to the species TE resource.
S07,Supplementary_Data_S07_dnapipete_mass_accounting.csv,te_sra_accession,str,te_sra_accession,SRA experiment accession bound to the species TE resource.
S07,Supplementary_Data_S07_dnapipete_mass_accounting.csv,total_aligned_bases,float64,total_aligned_bases,Source-named field retained for audit; see the canonical component documentation.
S08,Supplementary_Data_S08_te_diversity.csv,gini_simpson,float64,gini_simpson,"Gini-Simpson index, 1 - sum(p_i^2), over positive bins; a paper-facing diversity endpoint in the order-level stratum."
S08,Supplementary_Data_S08_te_diversity.csv,observed_richness,int64,observed_richness,"Audit/support count of strictly positive classified compositional bins, not a paper-facing diversity endpoint."
S08,Supplementary_Data_S08_te_diversity.csv,shannon_entropy,float64,shannon_entropy,"Natural-log Shannon entropy, -sum(p_i * ln(p_i)), over positive bins; a paper-facing diversity endpoint in the order-level stratum."
S08,Supplementary_Data_S08_te_diversity.csv,species,str,species,Canonical analyzed Desmognathus species label.
S08,Supplementary_Data_S08_te_diversity.csv,te_level,str,te_level,TE classification level: order is primary for diversity; superfamily is a sensitivity/audit level.
S09,Supplementary_Data_S09_te_pca_scores.csv,PC1,float64,PC1,Source-named field retained for audit; see the canonical component documentation.
S09,Supplementary_Data_S09_te_pca_scores.csv,PC10,float64,PC10,Source-named field retained for audit; see the canonical component documentation.
S09,Supplementary_Data_S09_te_pca_scores.csv,PC11,float64,PC11,Source-named field retained for audit; see the canonical component documentation.
S09,Supplementary_Data_S09_te_pca_scores.csv,PC12,float64,PC12,Source-named field retained for audit; see the canonical component documentation.
S09,Supplementary_Data_S09_te_pca_scores.csv,PC13,float64,PC13,Source-named field retained for audit; see the canonical component documentation.
S09,Supplementary_Data_S09_te_pca_scores.csv,PC14,float64,PC14,Source-named field retained for audit; see the canonical component documentation.
S09,Supplementary_Data_S09_te_pca_scores.csv,PC15,float64,PC15,Source-named field retained for audit; see the canonical component documentation.
S09,Supplementary_Data_S09_te_pca_scores.csv,PC16,float64,PC16,Source-named field retained for audit; see the canonical component documentation.
S09,Supplementary_Data_S09_te_pca_scores.csv,PC17,float64,PC17,Source-named field retained for audit; see the canonical component documentation.
S09,Supplementary_Data_S09_te_pca_scores.csv,PC18,float64,PC18,Source-named field retained for audit; see the canonical component documentation.
S09,Supplementary_Data_S09_te_pca_scores.csv,PC19,float64,PC19,Source-named field retained for audit; see the canonical component documentation.
S09,Supplementary_Data_S09_te_pca_scores.csv,PC2,float64,PC2,Source-named field retained for audit; see the canonical component documentation.
S09,Supplementary_Data_S09_te_pca_scores.csv,PC20,float64,PC20,Source-named field retained for audit; see the canonical component documentation.
S09,Supplementary_Data_S09_te_pca_scores.csv,PC21,float64,PC21,Source-named field retained for audit; see the canonical component documentation.
S09,Supplementary_Data_S09_te_pca_scores.csv,PC22,float64,PC22,Source-named field retained for audit; see the canonical component documentation.
S09,Supplementary_Data_S09_te_pca_scores.csv,PC23,float64,PC23,Source-named field retained for audit; see the canonical component documentation.
S09,Supplementary_Data_S09_te_pca_scores.csv,PC3,float64,PC3,Source-named field retained for audit; see the canonical component documentation.
S09,Supplementary_Data_S09_te_pca_scores.csv,PC4,float64,PC4,Source-named field retained for audit; see the canonical component documentation.
S09,Supplementary_Data_S09_te_pca_scores.csv,PC5,float64,PC5,Source-named field retained for audit; see the canonical component documentation.
S09,Supplementary_Data_S09_te_pca_scores.csv,PC6,float64,PC6,Source-named field retained for audit; see the canonical component documentation.
S09,Supplementary_Data_S09_te_pca_scores.csv,PC7,float64,PC7,Source-named field retained for audit; see the canonical component documentation.
S09,Supplementary_Data_S09_te_pca_scores.csv,PC8,float64,PC8,Source-named field retained for audit; see the canonical component documentation.
S09,Supplementary_Data_S09_te_pca_scores.csv,PC9,float64,PC9,Source-named field retained for audit; see the canonical component documentation.
S09,Supplementary_Data_S09_te_pca_scores.csv,composition_mode,str,composition_mode,Source-named field retained for audit; see the canonical component documentation.
S09,Supplementary_Data_S09_te_pca_scores.csv,species,str,species,Canonical analyzed Desmognathus species label.
S09,Supplementary_Data_S09_te_pca_scores.csv,te_level,str,te_level,Source-named field retained for audit; see the canonical component documentation.
S10,Supplementary_Data_S10_te_pca_variance.csv,PC,int64,PC,Source-named field retained for audit; see the canonical component documentation.
S10,Supplementary_Data_S10_te_pca_variance.csv,cumulative_variance_explained,float64,cumulative_variance_explained,Source-named field retained for audit; see the canonical component documentation.
S10,Supplementary_Data_S10_te_pca_variance.csv,eigenvalue,float64,eigenvalue,Source-named field retained for audit; see the canonical component documentation.
S10,Supplementary_Data_S10_te_pca_variance.csv,variance_explained,float64,variance_explained,Source-named field retained for audit; see the canonical component documentation.
S11,Supplementary_Data_S11_te_pca_loadings.csv,PC1,float64,PC1,Source-named field retained for audit; see the canonical component documentation.
S11,Supplementary_Data_S11_te_pca_loadings.csv,PC10,float64,PC10,Source-named field retained for audit; see the canonical component documentation.
S11,Supplementary_Data_S11_te_pca_loadings.csv,PC11,float64,PC11,Source-named field retained for audit; see the canonical component documentation.
S11,Supplementary_Data_S11_te_pca_loadings.csv,PC12,float64,PC12,Source-named field retained for audit; see the canonical component documentation.
S11,Supplementary_Data_S11_te_pca_loadings.csv,PC13,float64,PC13,Source-named field retained for audit; see the canonical component documentation.
S11,Supplementary_Data_S11_te_pca_loadings.csv,PC14,float64,PC14,Source-named field retained for audit; see the canonical component documentation.
S11,Supplementary_Data_S11_te_pca_loadings.csv,PC15,float64,PC15,Source-named field retained for audit; see the canonical component documentation.
S11,Supplementary_Data_S11_te_pca_loadings.csv,PC16,float64,PC16,Source-named field retained for audit; see the canonical component documentation.
S11,Supplementary_Data_S11_te_pca_loadings.csv,PC17,float64,PC17,Source-named field retained for audit; see the canonical component documentation.
S11,Supplementary_Data_S11_te_pca_loadings.csv,PC18,float64,PC18,Source-named field retained for audit; see the canonical component documentation.
S11,Supplementary_Data_S11_te_pca_loadings.csv,PC19,float64,PC19,Source-named field retained for audit; see the canonical component documentation.
S11,Supplementary_Data_S11_te_pca_loadings.csv,PC2,float64,PC2,Source-named field retained for audit; see the canonical component documentation.
S11,Supplementary_Data_S11_te_pca_loadings.csv,PC20,float64,PC20,Source-named field retained for audit; see the canonical component documentation.
S11,Supplementary_Data_S11_te_pca_loadings.csv,PC21,float64,PC21,Source-named field retained for audit; see the canonical component documentation.
S11,Supplementary_Data_S11_te_pca_loadings.csv,PC22,float64,PC22,Source-named field retained for audit; see the canonical component documentation.
S11,Supplementary_Data_S11_te_pca_loadings.csv,PC23,float64,PC23,Source-named field retained for audit; see the canonical component documentation.
S11,Supplementary_Data_S11_te_pca_loadings.csv,PC3,float64,PC3,Source-named field retained for audit; see the canonical component documentation.
S11,Supplementary_Data_S11_te_pca_loadings.csv,PC4,float64,PC4,Source-named field retained for audit; see the canonical component documentation.
S11,Supplementary_Data_S11_te_pca_loadings.csv,PC5,float64,PC5,Source-named field retained for audit; see the canonical component documentation.
S11,Supplementary_Data_S11_te_pca_loadings.csv,PC6,float64,PC6,Source-named field retained for audit; see the canonical component documentation.
S11,Supplementary_Data_S11_te_pca_loadings.csv,PC7,float64,PC7,Source-named field retained for audit; see the canonical component documentation.
S11,Supplementary_Data_S11_te_pca_loadings.csv,PC8,float64,PC8,Source-named field retained for audit; see the canonical component documentation.
S11,Supplementary_Data_S11_te_pca_loadings.csv,PC9,float64,PC9,Source-named field retained for audit; see the canonical component documentation.
S11,Supplementary_Data_S11_te_pca_loadings.csv,superfamily,str,superfamily,Source-named field retained for audit; see the canonical component documentation.
S12,Supplementary_Data_S12_repeatmasker_divergence_landscape.csv,divergence_bin_start_pct,int64,divergence_bin_start_pct,Source-named field retained for audit; see the canonical component documentation.
S12,Supplementary_Data_S12_repeatmasker_divergence_landscape.csv,fraction_species_hit_bp,float64,fraction_species_hit_bp,Source-named field retained for audit; see the canonical component documentation.
S12,Supplementary_Data_S12_repeatmasker_divergence_landscape.csv,hit_bp,int64,hit_bp,Source-named field retained for audit; see the canonical component documentation.
S12,Supplementary_Data_S12_repeatmasker_divergence_landscape.csv,hit_count,int64,hit_count,Source-named field retained for audit; see the canonical component documentation.
S12,Supplementary_Data_S12_repeatmasker_divergence_landscape.csv,order,str,order,Source-named field retained for audit; see the canonical component documentation.
S12,Supplementary_Data_S12_repeatmasker_divergence_landscape.csv,percent_species_hit_bp,float64,percent_species_hit_bp,Source-named field retained for audit; see the canonical component documentation.
S12,Supplementary_Data_S12_repeatmasker_divergence_landscape.csv,species,str,species,Canonical analyzed Desmognathus species label.
S12,Supplementary_Data_S12_repeatmasker_divergence_landscape.csv,species_total_hit_bp,int64,species_total_hit_bp,Source-named field retained for audit; see the canonical component documentation.
S13,Supplementary_Data_S13_repeatmasker_species_inventory.csv,aligned_hit_bp,int64,aligned_hit_bp,Source-named field retained for audit; see the canonical component documentation.
S13,Supplementary_Data_S13_repeatmasker_species_inventory.csv,hit_count,int64,hit_count,Source-named field retained for audit; see the canonical component documentation.
S13,Supplementary_Data_S13_repeatmasker_species_inventory.csv,n_orders,int64,n_orders,Source-named field retained for audit; see the canonical component documentation.
S13,Supplementary_Data_S13_repeatmasker_species_inventory.csv,species,str,species,Canonical analyzed Desmognathus species label.
S14,Supplementary_Data_S14_ltr_terminal_internal_elements.csv,#TE,str,#TE,Source-named field retained for audit; see the canonical component documentation.
S14,Supplementary_Data_S14_ltr_terminal_internal_elements.csv,Clade,str,Clade,Source-named field retained for audit; see the canonical component documentation.
S14,Supplementary_Data_S14_ltr_terminal_internal_elements.csv,Complete,str,Complete,Source-named field retained for audit; see the canonical component documentation.
S14,Supplementary_Data_S14_ltr_terminal_internal_elements.csv,Domains,str,Domains,Source-named field retained for audit; see the canonical component documentation.
S14,Supplementary_Data_S14_ltr_terminal_internal_elements.csv,Order,str,Order,Source-named field retained for audit; see the canonical component documentation.
S14,Supplementary_Data_S14_ltr_terminal_internal_elements.csv,PBS end,float64,PBS end,Source-named field retained for audit; see the canonical component documentation.
S14,Supplementary_Data_S14_ltr_terminal_internal_elements.csv,PBS offset,float64,PBS offset,Source-named field retained for audit; see the canonical component documentation.
S14,Supplementary_Data_S14_ltr_terminal_internal_elements.csv,PBS start,float64,PBS start,Source-named field retained for audit; see the canonical component documentation.
S14,Supplementary_Data_S14_ltr_terminal_internal_elements.csv,PBS strand,float64,PBS strand,Source-named field retained for audit; see the canonical component documentation.
S14,Supplementary_Data_S14_ltr_terminal_internal_elements.csv,PBS/tRNA edist,float64,PBS/tRNA edist,Source-named field retained for audit; see the canonical component documentation.
S14,Supplementary_Data_S14_ltr_terminal_internal_elements.csv,PPT end,float64,PPT end,Source-named field retained for audit; see the canonical component documentation.
S14,Supplementary_Data_S14_ltr_terminal_internal_elements.csv,PPT motif,str,PPT motif,Source-named field retained for audit; see the canonical component documentation.
S14,Supplementary_Data_S14_ltr_terminal_internal_elements.csv,PPT offset,float64,PPT offset,Source-named field retained for audit; see the canonical component documentation.
S14,Supplementary_Data_S14_ltr_terminal_internal_elements.csv,PPT start,float64,PPT start,Source-named field retained for audit; see the canonical component documentation.
S14,Supplementary_Data_S14_ltr_terminal_internal_elements.csv,PPT strand,str,PPT strand,Source-named field retained for audit; see the canonical component documentation.
S14,Supplementary_Data_S14_ltr_terminal_internal_elements.csv,Strand,str,Strand,Source-named field retained for audit; see the canonical component documentation.
S14,Supplementary_Data_S14_ltr_terminal_internal_elements.csv,Superfamily,str,Superfamily,Source-named field retained for audit; see the canonical component documentation.
S14,Supplementary_Data_S14_ltr_terminal_internal_elements.csv,coverage_ge_80pct,bool,coverage_ge_80pct,True when both terminal regions and the internal region each have at least 80% positive-depth coverage; not a reporting-completeness flag.
S14,Supplementary_Data_S14_ltr_terminal_internal_elements.csv,depth_file,str,depth_file,Source-named field retained for audit; see the canonical component documentation.
S14,Supplementary_Data_S14_ltr_terminal_internal_elements.csv,depth_file_sha256,str,depth_file_sha256,SHA-256 digest of the preserved source depth file.
S14,Supplementary_Data_S14_ltr_terminal_internal_elements.csv,depth_file_size_bytes,int64,depth_file_size_bytes,Source-named field retained for audit; see the canonical component documentation.
S14,Supplementary_Data_S14_ltr_terminal_internal_elements.csv,depth_positions_expected,int64,depth_positions_expected,Number of element positions expected from stored coordinates.
S14,Supplementary_Data_S14_ltr_terminal_internal_elements.csv,depth_positions_explicit_zero,int64,depth_positions_explicit_zero,Reported positions whose stored read depth equals zero.
S14,Supplementary_Data_S14_ltr_terminal_internal_elements.csv,depth_positions_missing,int64,depth_positions_missing,Expected positions absent from the depth file.
S14,Supplementary_Data_S14_ltr_terminal_internal_elements.csv,depth_positions_reported,int64,depth_positions_reported,Number of unique positions present in the depth file.
S14,Supplementary_Data_S14_ltr_terminal_internal_elements.csv,domain_count,int64,domain_count,Correct number of whitespace-delimited DOMAIN|MODEL annotations in the TEsorter Domains field.
S14,Supplementary_Data_S14_ltr_terminal_internal_elements.csv,domain_gate_keep,bool,domain_gate_keep,"True for an exact TEsorter-joined LTR/Gypsy element at least 3,000 bp long with at least five correctly parsed domain annotations."
S14,Supplementary_Data_S14_ltr_terminal_internal_elements.csv,domain_gate_reason,str,domain_gate_reason,Machine-readable eligibility or exclusion reason under the corrected domain gate.
S14,Supplementary_Data_S14_ltr_terminal_internal_elements.csv,domain_gate_rule_id,str,domain_gate_rule_id,Stable identifier for the corrected TEsorter domain gate.
S14,Supplementary_Data_S14_ltr_terminal_internal_elements.csv,element end,int64,element end,Source-named field retained for audit; see the canonical component documentation.
S14,Supplementary_Data_S14_ltr_terminal_internal_elements.csv,element length,int64,element length,Source-named field retained for audit; see the canonical component documentation.
S14,Supplementary_Data_S14_ltr_terminal_internal_elements.csv,element start,int64,element start,Source-named field retained for audit; see the canonical component documentation.
S14,Supplementary_Data_S14_ltr_terminal_internal_elements.csv,element_id,str,element_id,Exact sequence-and-coordinate LTR candidate identifier.
S14,Supplementary_Data_S14_ltr_terminal_internal_elements.csv,historical_nonzero_only_ratio,float64,historical_nonzero_only_ratio,Historical ratio after conditioning regional means on positive-depth positions only.
S14,Supplementary_Data_S14_ltr_terminal_internal_elements.csv,internal_positive_coverage_fraction,float64,internal_positive_coverage_fraction,Fraction of expected internal-region positions with positive read depth.
S14,Supplementary_Data_S14_ltr_terminal_internal_elements.csv,iqr_filter_direction,str,iqr_filter_direction,"Whether the row is ineligible, retained, or a lower or upper IQR outlier."
S14,Supplementary_Data_S14_ltr_terminal_internal_elements.csv,iqr_filter_keep,bool,iqr_filter_keep,True when an eligible element ratio lies inclusively within its species' two-sided 1.5-IQR fences.
S14,Supplementary_Data_S14_ltr_terminal_internal_elements.csv,iqr_filter_reason,str,iqr_filter_reason,Machine-readable retention or exclusion reason under the IQR rule.
S14,Supplementary_Data_S14_ltr_terminal_internal_elements.csv,iqr_filter_rule_id,str,iqr_filter_rule_id,Stable identifier for the required primary IQR rule.
S14,Supplementary_Data_S14_ltr_terminal_internal_elements.csv,lLTR end,int64,lLTR end,Source-named field retained for audit; see the canonical component documentation.
S14,Supplementary_Data_S14_ltr_terminal_internal_elements.csv,lLTR length,int64,lLTR length,Source-named field retained for audit; see the canonical component documentation.
S14,Supplementary_Data_S14_ltr_terminal_internal_elements.csv,lLTR start,int64,lLTR start,Source-named field retained for audit; see the canonical component documentation.
S14,Supplementary_Data_S14_ltr_terminal_internal_elements.csv,lTSD end,int64,lTSD end,Source-named field retained for audit; see the canonical component documentation.
S14,Supplementary_Data_S14_ltr_terminal_internal_elements.csv,lTSD motif,str,lTSD motif,Source-named field retained for audit; see the canonical component documentation.
S14,Supplementary_Data_S14_ltr_terminal_internal_elements.csv,lTSD start,int64,lTSD start,Source-named field retained for audit; see the canonical component documentation.
S14,Supplementary_Data_S14_ltr_terminal_internal_elements.csv,left_ltr_positive_coverage_fraction,float64,left_ltr_positive_coverage_fraction,Fraction of expected left-LTR positions with positive read depth.
S14,Supplementary_Data_S14_ltr_terminal_internal_elements.csv,left_right_terminal_log2_imbalance,float64,left_right_terminal_log2_imbalance,Base-2 logarithm of mean left-LTR depth divided by mean right-LTR depth.
S14,Supplementary_Data_S14_ltr_terminal_internal_elements.csv,legacy_pipe_split_domain_count,int64,legacy_pipe_split_domain_count,Historical erroneous count obtained by splitting the Domains field on the within-token pipe delimiter; retained only for audit.
S14,Supplementary_Data_S14_ltr_terminal_internal_elements.csv,log2_ratio_terminal_internal_all_positions,float64,log2_ratio_terminal_internal_all_positions,Base-2 logarithm of ratio_terminal_internal_all_positions.
S14,Supplementary_Data_S14_ltr_terminal_internal_elements.csv,mean_depth_internal_all_positions,float64,mean_depth_internal_all_positions,Mean depth across every expected internal-region position.
S14,Supplementary_Data_S14_ltr_terminal_internal_elements.csv,mean_depth_internal_nonzero_only,float64,mean_depth_internal_nonzero_only,Source-named field retained for audit; see the canonical component documentation.
S14,Supplementary_Data_S14_ltr_terminal_internal_elements.csv,mean_depth_left_ltr_all_positions,float64,mean_depth_left_ltr_all_positions,"Mean left-LTR depth across every expected position, assigning absent positions zero."
S14,Supplementary_Data_S14_ltr_terminal_internal_elements.csv,mean_depth_right_ltr_all_positions,float64,mean_depth_right_ltr_all_positions,"Mean right-LTR depth across every expected position, assigning absent positions zero."
S14,Supplementary_Data_S14_ltr_terminal_internal_elements.csv,mean_depth_terminal_all_positions,float64,mean_depth_terminal_all_positions,Mean depth across both terminal LTRs and every expected terminal position.
S14,Supplementary_Data_S14_ltr_terminal_internal_elements.csv,mean_depth_terminal_nonzero_only,float64,mean_depth_terminal_nonzero_only,Source-named field retained for audit; see the canonical component documentation.
S14,Supplementary_Data_S14_ltr_terminal_internal_elements.csv,nonzero_ratio_reproduction_abs_error,float64,nonzero_ratio_reproduction_abs_error,Absolute difference between recomputed and preserved historical nonzero-only ratios.
S14,Supplementary_Data_S14_ltr_terminal_internal_elements.csv,primary_ltr_element,bool,primary_ltr_element,True when both iqr_filter_keep and coverage_ge_80pct are true; this is the primary LTR element set.
S14,Supplementary_Data_S14_ltr_terminal_internal_elements.csv,rLTR end,int64,rLTR end,Source-named field retained for audit; see the canonical component documentation.
S14,Supplementary_Data_S14_ltr_terminal_internal_elements.csv,rLTR length,int64,rLTR length,Source-named field retained for audit; see the canonical component documentation.
S14,Supplementary_Data_S14_ltr_terminal_internal_elements.csv,rLTR start,int64,rLTR start,Source-named field retained for audit; see the canonical component documentation.
S14,Supplementary_Data_S14_ltr_terminal_internal_elements.csv,rTSD end,int64,rTSD end,Source-named field retained for audit; see the canonical component documentation.
S14,Supplementary_Data_S14_ltr_terminal_internal_elements.csv,rTSD motif,str,rTSD motif,Source-named field retained for audit; see the canonical component documentation.
S14,Supplementary_Data_S14_ltr_terminal_internal_elements.csv,rTSD start,int64,rTSD start,Source-named field retained for audit; see the canonical component documentation.
S14,Supplementary_Data_S14_ltr_terminal_internal_elements.csv,ratio_terminal_internal_all_positions,float64,ratio_terminal_internal_all_positions,Zero-aware mean terminal depth divided by zero-aware mean internal depth.
S14,Supplementary_Data_S14_ltr_terminal_internal_elements.csv,ratio_terminal_internal_nonzero_only,float64,ratio_terminal_internal_nonzero_only,Source-named field retained for audit; see the canonical component documentation.
S14,Supplementary_Data_S14_ltr_terminal_internal_elements.csv,reported_position_fraction,float64,reported_position_fraction,Reported unique positions divided by expected positions; distinct from positive depth.
S14,Supplementary_Data_S14_ltr_terminal_internal_elements.csv,right_ltr_positive_coverage_fraction,float64,right_ltr_positive_coverage_fraction,Fraction of expected right-LTR positions with positive read depth.
S14,Supplementary_Data_S14_ltr_terminal_internal_elements.csv,sequence,str,sequence,Source-named field retained for audit; see the canonical component documentation.
S14,Supplementary_Data_S14_ltr_terminal_internal_elements.csv,source_depth_status,str,source_depth_status,Frozen usability status of the source depth file.
S14,Supplementary_Data_S14_ltr_terminal_internal_elements.csv,species,str,species,Canonical analyzed Desmognathus species label.
S14,Supplementary_Data_S14_ltr_terminal_internal_elements.csv,species_ratio_iqr,float64,species_ratio_iqr,Within-species interquartile range among correctly selected elements.
S14,Supplementary_Data_S14_ltr_terminal_internal_elements.csv,species_ratio_iqr_lower_bound,float64,species_ratio_iqr_lower_bound,"Inclusive lower Tukey fence, Q1 minus 1.5 times the within-species IQR."
S14,Supplementary_Data_S14_ltr_terminal_internal_elements.csv,species_ratio_iqr_upper_bound,float64,species_ratio_iqr_upper_bound,"Inclusive upper Tukey fence, Q3 plus 1.5 times the within-species IQR."
S14,Supplementary_Data_S14_ltr_terminal_internal_elements.csv,species_ratio_q1,float64,species_ratio_q1,Within-species first quartile among correctly selected LTR/Gypsy five-domain elements; blank for audit-only rows.
S14,Supplementary_Data_S14_ltr_terminal_internal_elements.csv,species_ratio_q3,float64,species_ratio_q3,Within-species third quartile among correctly selected LTR/Gypsy five-domain elements; blank for audit-only rows.
S14,Supplementary_Data_S14_ltr_terminal_internal_elements.csv,tRNA,float64,tRNA,Source-named field retained for audit; see the canonical component documentation.
S14,Supplementary_Data_S14_ltr_terminal_internal_elements.csv,tRNA motif,float64,tRNA motif,Source-named field retained for audit; see the canonical component documentation.
S14,Supplementary_Data_S14_ltr_terminal_internal_elements.csv,tRNA offset,float64,tRNA offset,Source-named field retained for audit; see the canonical component documentation.
S14,Supplementary_Data_S14_ltr_terminal_internal_elements.csv,te_assembly_accession,str,te_assembly_accession,Assembly accession bound to the species TE resource.
S14,Supplementary_Data_S14_ltr_terminal_internal_elements.csv,te_sra_accession,str,te_sra_accession,SRA experiment accession bound to the species TE resource.
S14,Supplementary_Data_S14_ltr_terminal_internal_elements.csv,terminal_positive_coverage_fraction,float64,terminal_positive_coverage_fraction,Fraction of expected positions across both terminal LTRs with positive read depth.
S14,Supplementary_Data_S14_ltr_terminal_internal_elements.csv,tesorter_annotation_found,bool,tesorter_annotation_found,Source-named field retained for audit; see the canonical component documentation.
S15,Supplementary_Data_S15_ltr_terminal_internal_species_robustness.csv,analysis_branch,str,analysis_branch,Declared element subset; primary_iqr_filtered_coverage_ge_80pct is the paper's primary LTR branch and other branches are audit or sensitivity summaries.
S15,Supplementary_Data_S15_ltr_terminal_internal_species_robustness.csv,fraction_ratio_gt_1,float64,fraction_ratio_gt_1,Fraction of elements with terminal:internal ratio greater than one.
S15,Supplementary_Data_S15_ltr_terminal_internal_species_robustness.csv,geometric_mean_bootstrap_ci_high,float64,geometric_mean_bootstrap_ci_high,"97.5th percentile of 2,000 element-bootstrap geometric means."
S15,Supplementary_Data_S15_ltr_terminal_internal_species_robustness.csv,geometric_mean_bootstrap_ci_low,float64,geometric_mean_bootstrap_ci_low,"2.5th percentile of 2,000 element-bootstrap geometric means."
S15,Supplementary_Data_S15_ltr_terminal_internal_species_robustness.csv,largest_element_fraction_of_ratio_sum,float64,largest_element_fraction_of_ratio_sum,Largest single element ratio divided by the species branch ratio sum.
S15,Supplementary_Data_S15_ltr_terminal_internal_species_robustness.csv,max_abs_leave_one_out_mean_shift,float64,max_abs_leave_one_out_mean_shift,Largest absolute arithmetic-mean shift after omitting one element.
S15,Supplementary_Data_S15_ltr_terminal_internal_species_robustness.csv,max_abs_leave_one_out_median_shift,float64,max_abs_leave_one_out_median_shift,Largest absolute median shift after omitting one element.
S15,Supplementary_Data_S15_ltr_terminal_internal_species_robustness.csv,median_bootstrap_ci_high,float64,median_bootstrap_ci_high,"97.5th percentile of 2,000 element-bootstrap medians."
S15,Supplementary_Data_S15_ltr_terminal_internal_species_robustness.csv,median_bootstrap_ci_low,float64,median_bootstrap_ci_low,"2.5th percentile of 2,000 element-bootstrap medians."
S15,Supplementary_Data_S15_ltr_terminal_internal_species_robustness.csv,median_internal_positive_coverage_fraction,float64,median_internal_positive_coverage_fraction,Median internal positive-depth fraction across contributing elements.
S15,Supplementary_Data_S15_ltr_terminal_internal_species_robustness.csv,median_terminal_positive_coverage_fraction,float64,median_terminal_positive_coverage_fraction,Median terminal positive-depth fraction across contributing elements.
S15,Supplementary_Data_S15_ltr_terminal_internal_species_robustness.csv,n_elements,int64,n_elements,Number of elements contributing to this species and analysis branch.
S15,Supplementary_Data_S15_ltr_terminal_internal_species_robustness.csv,ratio_arithmetic_mean,float64,ratio_arithmetic_mean,Arithmetic mean of element terminal:internal ratios.
S15,Supplementary_Data_S15_ltr_terminal_internal_species_robustness.csv,ratio_geometric_mean,float64,ratio_geometric_mean,Geometric mean of positive element terminal:internal ratios.
S15,Supplementary_Data_S15_ltr_terminal_internal_species_robustness.csv,ratio_max,float64,ratio_max,Maximum element terminal:internal ratio.
S15,Supplementary_Data_S15_ltr_terminal_internal_species_robustness.csv,ratio_median,float64,ratio_median,Median of element terminal:internal ratios; primary displayed estimator.
S15,Supplementary_Data_S15_ltr_terminal_internal_species_robustness.csv,ratio_q05,float64,ratio_q05,Fifth percentile of element terminal:internal ratios.
S15,Supplementary_Data_S15_ltr_terminal_internal_species_robustness.csv,ratio_q95,float64,ratio_q95,Ninety-fifth percentile of element terminal:internal ratios.
S15,Supplementary_Data_S15_ltr_terminal_internal_species_robustness.csv,ratio_trimmed_mean_10pct,float64,ratio_trimmed_mean_10pct,Arithmetic mean after symmetric 10% trimming.
S15,Supplementary_Data_S15_ltr_terminal_internal_species_robustness.csv,ratio_winsorized_mean_5pct,float64,ratio_winsorized_mean_5pct,Arithmetic mean after symmetric 5% winsorization.
S15,Supplementary_Data_S15_ltr_terminal_internal_species_robustness.csv,species,str,species,Canonical analyzed Desmognathus species label.
S15,Supplementary_Data_S15_ltr_terminal_internal_species_robustness.csv,te_assembly_accession,str,te_assembly_accession,Assembly accession bound to the species TE resource.
S15,Supplementary_Data_S15_ltr_terminal_internal_species_robustness.csv,te_sra_accession,str,te_sra_accession,SRA experiment accession bound to the species TE resource.
S16,Supplementary_Data_S16_ltr_resource_coverage.csv,n_coverage_ge_80pct_elements,int64,n_coverage_ge_80pct_elements,Correctly selected elements passing the independent 80% positive-depth gate.
S16,Supplementary_Data_S16_ltr_resource_coverage.csv,n_elements_ge_3000bp,int64,n_elements_ge_3000bp,Source-named field retained for audit; see the canonical component documentation.
S16,Supplementary_Data_S16_ltr_resource_coverage.csv,n_exact_tesorter_annotations,int64,n_exact_tesorter_annotations,Source-named field retained for audit; see the canonical component documentation.
S16,Supplementary_Data_S16_ltr_resource_coverage.csv,n_historical_pipe_split_5_6_domain_elements,int64,n_historical_pipe_split_5_6_domain_elements,"Elements selected by the archived erroneous pipe-fragment count, before the TEsorter grammar correction."
S16,Supplementary_Data_S16_ltr_resource_coverage.csv,n_historical_source_corrupt_elements,int64,n_historical_source_corrupt_elements,Source-corrupt rows from the historical pipe-split cohort.
S16,Supplementary_Data_S16_ltr_resource_coverage.csv,n_iqr_retained_elements,int64,n_iqr_retained_elements,Correctly selected elements retained by the within-species inclusive two-sided 1.5-IQR rule.
S16,Supplementary_Data_S16_ltr_resource_coverage.csv,n_primary_iqr_filtered_elements,int64,n_primary_iqr_filtered_elements,Elements retained by both the required IQR rule and the 80% regional positive-depth gate.
S16,Supplementary_Data_S16_ltr_resource_coverage.csv,n_selected_ltr_gypsy_ge5_domain_elements,int64,n_selected_ltr_gypsy_ge5_domain_elements,Elements passing the corrected LTR/Gypsy and at-least-five-domain gate.
S16,Supplementary_Data_S16_ltr_resource_coverage.csv,n_selected_source_corrupt_exclusions,int64,n_selected_source_corrupt_exclusions,Source-corrupt exclusions within the correctly selected cohort.
S16,Supplementary_Data_S16_ltr_resource_coverage.csv,n_tabout_elements,int64,n_tabout_elements,Source-named field retained for audit; see the canonical component documentation.
S16,Supplementary_Data_S16_ltr_resource_coverage.csv,n_usable_elements,int64,n_usable_elements,Correctly selected elements with usable zero-aware depth records.
S16,Supplementary_Data_S16_ltr_resource_coverage.csv,resource_status,str,resource_status,Source-named field retained for audit; see the canonical component documentation.
S16,Supplementary_Data_S16_ltr_resource_coverage.csv,species,str,species,Canonical analyzed Desmognathus species label.
S16,Supplementary_Data_S16_ltr_resource_coverage.csv,tabout_exists,bool,tabout_exists,Source-named field retained for audit; see the canonical component documentation.
S16,Supplementary_Data_S16_ltr_resource_coverage.csv,tabout_path,str,tabout_path,Source-named field retained for audit; see the canonical component documentation.
S16,Supplementary_Data_S16_ltr_resource_coverage.csv,tabout_sha256,str,tabout_sha256,Source-named field retained for audit; see the canonical component documentation.
S16,Supplementary_Data_S16_ltr_resource_coverage.csv,te_assembly_accession,str,te_assembly_accession,Assembly accession bound to the species TE resource.
S16,Supplementary_Data_S16_ltr_resource_coverage.csv,te_sra_accession,str,te_sra_accession,SRA experiment accession bound to the species TE resource.
S17,Supplementary_Data_S17_ltr_excluded_elements.csv,complete_depth_rows,int64,complete_depth_rows,Source-named field retained for audit; see the canonical component documentation.
S17,Supplementary_Data_S17_ltr_excluded_elements.csv,depth_file,str,depth_file,Source-named field retained for audit; see the canonical component documentation.
S17,Supplementary_Data_S17_ltr_excluded_elements.csv,depth_file_exists,bool,depth_file_exists,Source-named field retained for audit; see the canonical component documentation.
S17,Supplementary_Data_S17_ltr_excluded_elements.csv,depth_file_sha256,str,depth_file_sha256,Source-named field retained for audit; see the canonical component documentation.
S17,Supplementary_Data_S17_ltr_excluded_elements.csv,depth_file_size_bytes,int64,depth_file_size_bytes,Source-named field retained for audit; see the canonical component documentation.
S17,Supplementary_Data_S17_ltr_excluded_elements.csv,domain_count,int64,domain_count,Correct whitespace-delimited TEsorter domain count; both historical corrupt rows have four annotations.
S17,Supplementary_Data_S17_ltr_excluded_elements.csv,domain_gate_keep,bool,domain_gate_keep,False because neither historical corrupt row has five domains.
S17,Supplementary_Data_S17_ltr_excluded_elements.csv,domain_gate_reason,str,domain_gate_reason,Reason the historical corrupt row is currently ineligible.
S17,Supplementary_Data_S17_ltr_excluded_elements.csv,domain_gate_rule_id,str,domain_gate_rule_id,Stable identifier for the corrected TEsorter domain gate.
S17,Supplementary_Data_S17_ltr_excluded_elements.csv,element_end,int64,element_end,Source-named field retained for audit; see the canonical component documentation.
S17,Supplementary_Data_S17_ltr_excluded_elements.csv,element_id,str,element_id,Source-named field retained for audit; see the canonical component documentation.
S17,Supplementary_Data_S17_ltr_excluded_elements.csv,element_length,int64,element_length,Source-named field retained for audit; see the canonical component documentation.
S17,Supplementary_Data_S17_ltr_excluded_elements.csv,element_start,int64,element_start,Source-named field retained for audit; see the canonical component documentation.
S17,Supplementary_Data_S17_ltr_excluded_elements.csv,exclusion_reason,str,exclusion_reason,Source-named field retained for audit; see the canonical component documentation.
S17,Supplementary_Data_S17_ltr_excluded_elements.csv,expected_terminal_position,int64,expected_terminal_position,Source-named field retained for audit; see the canonical component documentation.
S17,Supplementary_Data_S17_ltr_excluded_elements.csv,input_modified,bool,input_modified,Source-named field retained for audit; see the canonical component documentation.
S17,Supplementary_Data_S17_ltr_excluded_elements.csv,legacy_pipe_split_domain_count,int64,legacy_pipe_split_domain_count,"Historical erroneous pipe-fragment count, equal to five for both audit rows."
S17,Supplementary_Data_S17_ltr_excluded_elements.csv,missing_terminal_suffix_positions,int64,missing_terminal_suffix_positions,Source-named field retained for audit; see the canonical component documentation.
S17,Supplementary_Data_S17_ltr_excluded_elements.csv,partial_final_line,bool,partial_final_line,Source-named field retained for audit; see the canonical component documentation.
S17,Supplementary_Data_S17_ltr_excluded_elements.csv,reported_position_fraction,float64,reported_position_fraction,Source-named field retained for audit; see the canonical component documentation.
S17,Supplementary_Data_S17_ltr_excluded_elements.csv,reported_terminal_position,int64,reported_terminal_position,Source-named field retained for audit; see the canonical component documentation.
S17,Supplementary_Data_S17_ltr_excluded_elements.csv,sequence,str,sequence,Source-named field retained for audit; see the canonical component documentation.
S17,Supplementary_Data_S17_ltr_excluded_elements.csv,source_ends_with_newline,bool,source_ends_with_newline,Source-named field retained for audit; see the canonical component documentation.
S17,Supplementary_Data_S17_ltr_excluded_elements.csv,species,str,species,Canonical analyzed Desmognathus species label.
S17,Supplementary_Data_S17_ltr_excluded_elements.csv,te_assembly_accession,str,te_assembly_accession,Assembly accession bound to the species TE resource.
S17,Supplementary_Data_S17_ltr_excluded_elements.csv,te_sra_accession,str,te_sra_accession,SRA experiment accession bound to the species TE resource.
S17,Supplementary_Data_S17_ltr_excluded_elements.csv,usable,bool,usable,Source-named field retained for audit; see the canonical component documentation.
S18,Supplementary_Data_S18_frozen_cell_nucleus_objects.csv,auto_flag_summary,str,auto_flag_summary,Source-named field retained for audit; see the canonical component documentation.
S18,Supplementary_Data_S18_frozen_cell_nucleus_objects.csv,auto_keep_mask_pair,object,auto_keep_mask_pair,Source-named field retained for audit; see the canonical component documentation.
S18,Supplementary_Data_S18_frozen_cell_nucleus_objects.csv,auto_keep_strict_core,object,auto_keep_strict_core,Source-named field retained for audit; see the canonical component documentation.
S18,Supplementary_Data_S18_frozen_cell_nucleus_objects.csv,auto_keep_trim_5_95,object,auto_keep_trim_5_95,Source-named field retained for audit; see the canonical component documentation.
S18,Supplementary_Data_S18_frozen_cell_nucleus_objects.csv,auto_keep_ultra_core,object,auto_keep_ultra_core,Source-named field retained for audit; see the canonical component documentation.
S18,Supplementary_Data_S18_frozen_cell_nucleus_objects.csv,auto_pair_core_distance,float64,auto_pair_core_distance,Source-named field retained for audit; see the canonical component documentation.
S18,Supplementary_Data_S18_frozen_cell_nucleus_objects.csv,cell_area_px,float64,cell_area_px,Source-named field retained for audit; see the canonical component documentation.
S18,Supplementary_Data_S18_frozen_cell_nucleus_objects.csv,cell_area_um2,float64,cell_area_um2,Source-named field retained for audit; see the canonical component documentation.
S18,Supplementary_Data_S18_frozen_cell_nucleus_objects.csv,cell_centroid_x,float64,cell_centroid_x,Source-named field retained for audit; see the canonical component documentation.
S18,Supplementary_Data_S18_frozen_cell_nucleus_objects.csv,cell_centroid_y,float64,cell_centroid_y,Source-named field retained for audit; see the canonical component documentation.
S18,Supplementary_Data_S18_frozen_cell_nucleus_objects.csv,cell_circularity,float64,cell_circularity,Source-named field retained for audit; see the canonical component documentation.
S18,Supplementary_Data_S18_frozen_cell_nucleus_objects.csv,cell_edge_touch,bool,cell_edge_touch,Source-named field retained for audit; see the canonical component documentation.
S18,Supplementary_Data_S18_frozen_cell_nucleus_objects.csv,cell_equiv_radius_px,float64,cell_equiv_radius_px,Source-named field retained for audit; see the canonical component documentation.
S18,Supplementary_Data_S18_frozen_cell_nucleus_objects.csv,cell_i_bg,float64,cell_i_bg,Source-named field retained for audit; see the canonical component documentation.
S18,Supplementary_Data_S18_frozen_cell_nucleus_objects.csv,cell_iod,float64,cell_iod,Source-named field retained for audit; see the canonical component documentation.
S18,Supplementary_Data_S18_frozen_cell_nucleus_objects.csv,cell_mask_path,str,cell_mask_path,Source-named field retained for audit; see the canonical component documentation.
S18,Supplementary_Data_S18_frozen_cell_nucleus_objects.csv,cell_mask_path_original,str,cell_mask_path_original,Source-named field retained for audit; see the canonical component documentation.
S18,Supplementary_Data_S18_frozen_cell_nucleus_objects.csv,cell_mean_od,float64,cell_mean_od,Source-named field retained for audit; see the canonical component documentation.
S18,Supplementary_Data_S18_frozen_cell_nucleus_objects.csv,cell_object_id,str,cell_object_id,Source-named field retained for audit; see the canonical component documentation.
S18,Supplementary_Data_S18_frozen_cell_nucleus_objects.csv,cell_repair_applied,object,cell_repair_applied,Source-named field retained for audit; see the canonical component documentation.
S18,Supplementary_Data_S18_frozen_cell_nucleus_objects.csv,cell_run_manifest_path,str,cell_run_manifest_path,Source-named field retained for audit; see the canonical component documentation.
S18,Supplementary_Data_S18_frozen_cell_nucleus_objects.csv,cell_shape_area_px,float64,cell_shape_area_px,Source-named field retained for audit; see the canonical component documentation.
S18,Supplementary_Data_S18_frozen_cell_nucleus_objects.csv,cell_shape_aspect_ratio,float64,cell_shape_aspect_ratio,Source-named field retained for audit; see the canonical component documentation.
S18,Supplementary_Data_S18_frozen_cell_nucleus_objects.csv,cell_shape_eccentricity,float64,cell_shape_eccentricity,Source-named field retained for audit; see the canonical component documentation.
S18,Supplementary_Data_S18_frozen_cell_nucleus_objects.csv,cell_shape_ellipse_deviation,float64,cell_shape_ellipse_deviation,Source-named field retained for audit; see the canonical component documentation.
S18,Supplementary_Data_S18_frozen_cell_nucleus_objects.csv,cell_shape_ellipse_iou,float64,cell_shape_ellipse_iou,Source-named field retained for audit; see the canonical component documentation.
S18,Supplementary_Data_S18_frozen_cell_nucleus_objects.csv,cell_shape_perimeter_px,float64,cell_shape_perimeter_px,Source-named field retained for audit; see the canonical component documentation.
S18,Supplementary_Data_S18_frozen_cell_nucleus_objects.csv,cell_shape_roughness,float64,cell_shape_roughness,Source-named field retained for audit; see the canonical component documentation.
S18,Supplementary_Data_S18_frozen_cell_nucleus_objects.csv,cell_shape_smoothness,float64,cell_shape_smoothness,Source-named field retained for audit; see the canonical component documentation.
S18,Supplementary_Data_S18_frozen_cell_nucleus_objects.csv,cell_shape_solidity,float64,cell_shape_solidity,Source-named field retained for audit; see the canonical component documentation.
S18,Supplementary_Data_S18_frozen_cell_nucleus_objects.csv,cell_solidity,float64,cell_solidity,Source-named field retained for audit; see the canonical component documentation.
S18,Supplementary_Data_S18_frozen_cell_nucleus_objects.csv,cell_source_image_path,str,cell_source_image_path,Source-named field retained for audit; see the canonical component documentation.
S18,Supplementary_Data_S18_frozen_cell_nucleus_objects.csv,cell_tile_h,float64,cell_tile_h,Source-named field retained for audit; see the canonical component documentation.
S18,Supplementary_Data_S18_frozen_cell_nucleus_objects.csv,cell_tile_manifest_path,str,cell_tile_manifest_path,Source-named field retained for audit; see the canonical component documentation.
S18,Supplementary_Data_S18_frozen_cell_nucleus_objects.csv,cell_tile_w,float64,cell_tile_w,Source-named field retained for audit; see the canonical component documentation.
S18,Supplementary_Data_S18_frozen_cell_nucleus_objects.csv,cell_tile_x0,float64,cell_tile_x0,Source-named field retained for audit; see the canonical component documentation.
S18,Supplementary_Data_S18_frozen_cell_nucleus_objects.csv,cell_tile_y0,float64,cell_tile_y0,Source-named field retained for audit; see the canonical component documentation.
S18,Supplementary_Data_S18_frozen_cell_nucleus_objects.csv,centroid_distance_px,float64,centroid_distance_px,Source-named field retained for audit; see the canonical component documentation.
S18,Supplementary_Data_S18_frozen_cell_nucleus_objects.csv,cytoplasm_area_um2,float64,cytoplasm_area_um2,Source-named field retained for audit; see the canonical component documentation.
S18,Supplementary_Data_S18_frozen_cell_nucleus_objects.csv,distance_over_cell_radius,float64,distance_over_cell_radius,Source-named field retained for audit; see the canonical component documentation.
S18,Supplementary_Data_S18_frozen_cell_nucleus_objects.csv,filename,str,filename,Source-named field retained for audit; see the canonical component documentation.
S18,Supplementary_Data_S18_frozen_cell_nucleus_objects.csv,finalization_cohort,str,finalization_cohort,Source-named field retained for audit; see the canonical component documentation.
S18,Supplementary_Data_S18_frozen_cell_nucleus_objects.csv,flag_summary,str,flag_summary,Source-named field retained for audit; see the canonical component documentation.
S18,Supplementary_Data_S18_frozen_cell_nucleus_objects.csv,freeze_cutoff_rank,float64,freeze_cutoff_rank,Source-named field retained for audit; see the canonical component documentation.
S18,Supplementary_Data_S18_frozen_cell_nucleus_objects.csv,frozen_selected,object,frozen_selected,Source-named field retained for audit; see the canonical component documentation.
S18,Supplementary_Data_S18_frozen_cell_nucleus_objects.csv,has_cell_match,bool,has_cell_match,Source-named field retained for audit; see the canonical component documentation.
S18,Supplementary_Data_S18_frozen_cell_nucleus_objects.csv,has_cell_tile,bool,has_cell_tile,Source-named field retained for audit; see the canonical component documentation.
S18,Supplementary_Data_S18_frozen_cell_nucleus_objects.csv,has_nucleus_mask,bool,has_nucleus_mask,Source-named field retained for audit; see the canonical component documentation.
S18,Supplementary_Data_S18_frozen_cell_nucleus_objects.csv,has_nucleus_roi,bool,has_nucleus_roi,Source-named field retained for audit; see the canonical component documentation.
S18,Supplementary_Data_S18_frozen_cell_nucleus_objects.csv,i_bg_source,str,i_bg_source,Source-named field retained for audit; see the canonical component documentation.
S18,Supplementary_Data_S18_frozen_cell_nucleus_objects.csv,image_type,str,image_type,Source-named field retained for audit; see the canonical component documentation.
S18,Supplementary_Data_S18_frozen_cell_nucleus_objects.csv,keep_mask_pair,bool,keep_mask_pair,Source-named field retained for audit; see the canonical component documentation.
S18,Supplementary_Data_S18_frozen_cell_nucleus_objects.csv,keep_probability,float64,keep_probability,Source-named field retained for audit; see the canonical component documentation.
S18,Supplementary_Data_S18_frozen_cell_nucleus_objects.csv,keep_strict_core,bool,keep_strict_core,Source-named field retained for audit; see the canonical component documentation.
S18,Supplementary_Data_S18_frozen_cell_nucleus_objects.csv,keep_trim_5_95,float64,keep_trim_5_95,Source-named field retained for audit; see the canonical component documentation.
S18,Supplementary_Data_S18_frozen_cell_nucleus_objects.csv,keep_ultra_core,float64,keep_ultra_core,Source-named field retained for audit; see the canonical component documentation.
S18,Supplementary_Data_S18_frozen_cell_nucleus_objects.csv,link_method,str,link_method,Source-named field retained for audit; see the canonical component documentation.
S18,Supplementary_Data_S18_frozen_cell_nucleus_objects.csv,manual_report_decision_applied,object,manual_report_decision_applied,Source-named field retained for audit; see the canonical component documentation.
S18,Supplementary_Data_S18_frozen_cell_nucleus_objects.csv,manual_report_include,object,manual_report_include,Source-named field retained for audit; see the canonical component documentation.
S18,Supplementary_Data_S18_frozen_cell_nucleus_objects.csv,mask_label_id,float64,mask_label_id,Source-named field retained for audit; see the canonical component documentation.
S18,Supplementary_Data_S18_frozen_cell_nucleus_objects.csv,mask_sample_label,int64,mask_sample_label,Source-named field retained for audit; see the canonical component documentation.
S18,Supplementary_Data_S18_frozen_cell_nucleus_objects.csv,n_accepted,float64,n_accepted,Source-named field retained for audit; see the canonical component documentation.
S18,Supplementary_Data_S18_frozen_cell_nucleus_objects.csv,n_remaining_to_target,float64,n_remaining_to_target,Source-named field retained for audit; see the canonical component documentation.
S18,Supplementary_Data_S18_frozen_cell_nucleus_objects.csv,nc_area_ratio,float64,nc_area_ratio,Source-named field retained for audit; see the canonical component documentation.
S18,Supplementary_Data_S18_frozen_cell_nucleus_objects.csv,nuc_area_px,int64,nuc_area_px,Source-named field retained for audit; see the canonical component documentation.
S18,Supplementary_Data_S18_frozen_cell_nucleus_objects.csv,nuc_area_um2,float64,nuc_area_um2,Source-named field retained for audit; see the canonical component documentation.
S18,Supplementary_Data_S18_frozen_cell_nucleus_objects.csv,nuc_centroid_x,float64,nuc_centroid_x,Source-named field retained for audit; see the canonical component documentation.
S18,Supplementary_Data_S18_frozen_cell_nucleus_objects.csv,nuc_centroid_y,float64,nuc_centroid_y,Source-named field retained for audit; see the canonical component documentation.
S18,Supplementary_Data_S18_frozen_cell_nucleus_objects.csv,nuc_i_bg,float64,nuc_i_bg,Source-named field retained for audit; see the canonical component documentation.
S18,Supplementary_Data_S18_frozen_cell_nucleus_objects.csv,nuc_iod,float64,nuc_iod,Source-named field retained for audit; see the canonical component documentation.
S18,Supplementary_Data_S18_frozen_cell_nucleus_objects.csv,nuc_mean_od,float64,nuc_mean_od,Source-named field retained for audit; see the canonical component documentation.
S18,Supplementary_Data_S18_frozen_cell_nucleus_objects.csv,nucleus_label,int64,nucleus_label,Source-named field retained for audit; see the canonical component documentation.
S18,Supplementary_Data_S18_frozen_cell_nucleus_objects.csv,nucleus_mask_best_overlap_fraction,float64,nucleus_mask_best_overlap_fraction,Source-named field retained for audit; see the canonical component documentation.
S18,Supplementary_Data_S18_frozen_cell_nucleus_objects.csv,nucleus_mask_best_overlap_px,int64,nucleus_mask_best_overlap_px,Source-named field retained for audit; see the canonical component documentation.
S18,Supplementary_Data_S18_frozen_cell_nucleus_objects.csv,nucleus_mask_overlap_label_count,int64,nucleus_mask_overlap_label_count,Source-named field retained for audit; see the canonical component documentation.
S18,Supplementary_Data_S18_frozen_cell_nucleus_objects.csv,nucleus_mask_path,str,nucleus_mask_path,Source-named field retained for audit; see the canonical component documentation.
S18,Supplementary_Data_S18_frozen_cell_nucleus_objects.csv,nucleus_mask_path_original,str,nucleus_mask_path_original,Source-named field retained for audit; see the canonical component documentation.
S18,Supplementary_Data_S18_frozen_cell_nucleus_objects.csv,nucleus_mask_pixel_count,int64,nucleus_mask_pixel_count,Source-named field retained for audit; see the canonical component documentation.
S18,Supplementary_Data_S18_frozen_cell_nucleus_objects.csv,nucleus_object_id,str,nucleus_object_id,Source-named field retained for audit; see the canonical component documentation.
S18,Supplementary_Data_S18_frozen_cell_nucleus_objects.csv,nucleus_repair_applied,object,nucleus_repair_applied,Source-named field retained for audit; see the canonical component documentation.
S18,Supplementary_Data_S18_frozen_cell_nucleus_objects.csv,nucleus_run_manifest_path,str,nucleus_run_manifest_path,Source-named field retained for audit; see the canonical component documentation.
S18,Supplementary_Data_S18_frozen_cell_nucleus_objects.csv,nucleus_shape_area_px,float64,nucleus_shape_area_px,Source-named field retained for audit; see the canonical component documentation.
S18,Supplementary_Data_S18_frozen_cell_nucleus_objects.csv,nucleus_shape_aspect_ratio,float64,nucleus_shape_aspect_ratio,Source-named field retained for audit; see the canonical component documentation.
S18,Supplementary_Data_S18_frozen_cell_nucleus_objects.csv,nucleus_shape_eccentricity,float64,nucleus_shape_eccentricity,Source-named field retained for audit; see the canonical component documentation.
S18,Supplementary_Data_S18_frozen_cell_nucleus_objects.csv,nucleus_shape_ellipse_deviation,float64,nucleus_shape_ellipse_deviation,Source-named field retained for audit; see the canonical component documentation.
S18,Supplementary_Data_S18_frozen_cell_nucleus_objects.csv,nucleus_shape_ellipse_iou,float64,nucleus_shape_ellipse_iou,Source-named field retained for audit; see the canonical component documentation.
S18,Supplementary_Data_S18_frozen_cell_nucleus_objects.csv,nucleus_shape_perimeter_px,float64,nucleus_shape_perimeter_px,Source-named field retained for audit; see the canonical component documentation.
S18,Supplementary_Data_S18_frozen_cell_nucleus_objects.csv,nucleus_shape_roughness,float64,nucleus_shape_roughness,Source-named field retained for audit; see the canonical component documentation.
S18,Supplementary_Data_S18_frozen_cell_nucleus_objects.csv,nucleus_shape_smoothness,float64,nucleus_shape_smoothness,Source-named field retained for audit; see the canonical component documentation.
S18,Supplementary_Data_S18_frozen_cell_nucleus_objects.csv,nucleus_shape_solidity,float64,nucleus_shape_solidity,Source-named field retained for audit; see the canonical component documentation.
S18,Supplementary_Data_S18_frozen_cell_nucleus_objects.csv,nucleus_source_image_path,str,nucleus_source_image_path,Source-named field retained for audit; see the canonical component documentation.
S18,Supplementary_Data_S18_frozen_cell_nucleus_objects.csv,nucleus_tile_manifest_path,str,nucleus_tile_manifest_path,Source-named field retained for audit; see the canonical component documentation.
S18,Supplementary_Data_S18_frozen_cell_nucleus_objects.csv,one_to_one_cell,bool,one_to_one_cell,Source-named field retained for audit; see the canonical component documentation.
S18,Supplementary_Data_S18_frozen_cell_nucleus_objects.csv,original_flag_summary,str,original_flag_summary,Source-named field retained for audit; see the canonical component documentation.
S18,Supplementary_Data_S18_frozen_cell_nucleus_objects.csv,original_keep_mask_pair,object,original_keep_mask_pair,Source-named field retained for audit; see the canonical component documentation.
S18,Supplementary_Data_S18_frozen_cell_nucleus_objects.csv,original_keep_strict_core,object,original_keep_strict_core,Source-named field retained for audit; see the canonical component documentation.
S18,Supplementary_Data_S18_frozen_cell_nucleus_objects.csv,original_keep_trim_5_95,object,original_keep_trim_5_95,Source-named field retained for audit; see the canonical component documentation.
S18,Supplementary_Data_S18_frozen_cell_nucleus_objects.csv,original_keep_ultra_core,object,original_keep_ultra_core,Source-named field retained for audit; see the canonical component documentation.
S18,Supplementary_Data_S18_frozen_cell_nucleus_objects.csv,original_pair_core_distance,float64,original_pair_core_distance,Source-named field retained for audit; see the canonical component documentation.
S18,Supplementary_Data_S18_frozen_cell_nucleus_objects.csv,original_physical_pair_ok,object,original_physical_pair_ok,Source-named field retained for audit; see the canonical component documentation.
S18,Supplementary_Data_S18_frozen_cell_nucleus_objects.csv,pair_core_distance,float64,pair_core_distance,Source-named field retained for audit; see the canonical component documentation.
S18,Supplementary_Data_S18_frozen_cell_nucleus_objects.csv,panel,str,panel,Source-named field retained for audit; see the canonical component documentation.
S18,Supplementary_Data_S18_frozen_cell_nucleus_objects.csv,physical_pair_ok,bool,physical_pair_ok,Source-named field retained for audit; see the canonical component documentation.
S18,Supplementary_Data_S18_frozen_cell_nucleus_objects.csv,raw_focus_grad_mean,float64,raw_focus_grad_mean,Source-named field retained for audit; see the canonical component documentation.
S18,Supplementary_Data_S18_frozen_cell_nucleus_objects.csv,raw_focus_intensity_iqr,float64,raw_focus_intensity_iqr,Source-named field retained for audit; see the canonical component documentation.
S18,Supplementary_Data_S18_frozen_cell_nucleus_objects.csv,raw_focus_lap_var,float64,raw_focus_lap_var,Source-named field retained for audit; see the canonical component documentation.
S18,Supplementary_Data_S18_frozen_cell_nucleus_objects.csv,raw_imagej_results_path,float64,raw_imagej_results_path,Source-named field retained for audit; see the canonical component documentation.
S18,Supplementary_Data_S18_frozen_cell_nucleus_objects.csv,reason_code,float64,reason_code,Source-named field retained for audit; see the canonical component documentation.
S18,Supplementary_Data_S18_frozen_cell_nucleus_objects.csv,review_cohort,str,review_cohort,Source-named field retained for audit; see the canonical component documentation.
S18,Supplementary_Data_S18_frozen_cell_nucleus_objects.csv,review_decision,str,review_decision,Source-named field retained for audit; see the canonical component documentation.
S18,Supplementary_Data_S18_frozen_cell_nucleus_objects.csv,review_decision_file,str,review_decision_file,Source-named field retained for audit; see the canonical component documentation.
S18,Supplementary_Data_S18_frozen_cell_nucleus_objects.csv,review_decision_source,str,review_decision_source,Source-named field retained for audit; see the canonical component documentation.
S18,Supplementary_Data_S18_frozen_cell_nucleus_objects.csv,review_key,str,review_key,Source-named field retained for audit; see the canonical component documentation.
S18,Supplementary_Data_S18_frozen_cell_nucleus_objects.csv,review_note,str,review_note,Source-named field retained for audit; see the canonical component documentation.
S18,Supplementary_Data_S18_frozen_cell_nucleus_objects.csv,review_priority,float64,review_priority,Source-named field retained for audit; see the canonical component documentation.
S18,Supplementary_Data_S18_frozen_cell_nucleus_objects.csv,review_repair_mode,str,review_repair_mode,Source-named field retained for audit; see the canonical component documentation.
S18,Supplementary_Data_S18_frozen_cell_nucleus_objects.csv,review_repair_succeeded,object,review_repair_succeeded,Source-named field retained for audit; see the canonical component documentation.
S18,Supplementary_Data_S18_frozen_cell_nucleus_objects.csv,review_status,str,review_status,Source-named field retained for audit; see the canonical component documentation.
S18,Supplementary_Data_S18_frozen_cell_nucleus_objects.csv,review_updated_at,float64,review_updated_at,Source-named field retained for audit; see the canonical component documentation.
S18,Supplementary_Data_S18_frozen_cell_nucleus_objects.csv,roi_best_overlap_fraction,float64,roi_best_overlap_fraction,Source-named field retained for audit; see the canonical component documentation.
S18,Supplementary_Data_S18_frozen_cell_nucleus_objects.csv,roi_best_overlap_px,int64,roi_best_overlap_px,Source-named field retained for audit; see the canonical component documentation.
S18,Supplementary_Data_S18_frozen_cell_nucleus_objects.csv,roi_overlap_label_count,int64,roi_overlap_label_count,Source-named field retained for audit; see the canonical component documentation.
S18,Supplementary_Data_S18_frozen_cell_nucleus_objects.csv,roi_pixel_count,int64,roi_pixel_count,Source-named field retained for audit; see the canonical component documentation.
S18,Supplementary_Data_S18_frozen_cell_nucleus_objects.csv,roi_zip_path,float64,roi_zip_path,Source-named field retained for audit; see the canonical component documentation.
S18,Supplementary_Data_S18_frozen_cell_nucleus_objects.csv,selection_metric,str,selection_metric,Source-named field retained for audit; see the canonical component documentation.
S18,Supplementary_Data_S18_frozen_cell_nucleus_objects.csv,selection_rank,int64,selection_rank,Source-named field retained for audit; see the canonical component documentation.
S18,Supplementary_Data_S18_frozen_cell_nucleus_objects.csv,shape_has_concavity,float64,shape_has_concavity,Source-named field retained for audit; see the canonical component documentation.
S18,Supplementary_Data_S18_frozen_cell_nucleus_objects.csv,shape_has_ellipse_mismatch,float64,shape_has_ellipse_mismatch,Source-named field retained for audit; see the canonical component documentation.
S18,Supplementary_Data_S18_frozen_cell_nucleus_objects.csv,shape_has_jagged_edge,float64,shape_has_jagged_edge,Source-named field retained for audit; see the canonical component documentation.
S18,Supplementary_Data_S18_frozen_cell_nucleus_objects.csv,shape_is_suspect,float64,shape_is_suspect,Source-named field retained for audit; see the canonical component documentation.
S18,Supplementary_Data_S18_frozen_cell_nucleus_objects.csv,shape_qc_reasons,float64,shape_qc_reasons,Source-named field retained for audit; see the canonical component documentation.
S18,Supplementary_Data_S18_frozen_cell_nucleus_objects.csv,shape_qc_status,str,shape_qc_status,Source-named field retained for audit; see the canonical component documentation.
S18,Supplementary_Data_S18_frozen_cell_nucleus_objects.csv,slide_id,int64,slide_id,Source-named field retained for audit; see the canonical component documentation.
S18,Supplementary_Data_S18_frozen_cell_nucleus_objects.csv,source_panel,str,source_panel,Source-named field retained for audit; see the canonical component documentation.
S18,Supplementary_Data_S18_frozen_cell_nucleus_objects.csv,species,str,species,Canonical analyzed Desmognathus species label.
S18,Supplementary_Data_S18_frozen_cell_nucleus_objects.csv,specimen_id,int64,specimen_id,Source-named field retained for audit; see the canonical component documentation.
S18,Supplementary_Data_S18_frozen_cell_nucleus_objects.csv,target_reached,bool,target_reached,Source-named field retained for audit; see the canonical component documentation.
S18,Supplementary_Data_S18_frozen_cell_nucleus_objects.csv,tile_height_px,int64,tile_height_px,Source-named field retained for audit; see the canonical component documentation.
S18,Supplementary_Data_S18_frozen_cell_nucleus_objects.csv,tile_name,str,tile_name,Source-named field retained for audit; see the canonical component documentation.
S18,Supplementary_Data_S18_frozen_cell_nucleus_objects.csv,tile_width_px,int64,tile_width_px,Source-named field retained for audit; see the canonical component documentation.
S18,Supplementary_Data_S18_frozen_cell_nucleus_objects.csv,tile_x0,int64,tile_x0,Source-named field retained for audit; see the canonical component documentation.
S18,Supplementary_Data_S18_frozen_cell_nucleus_objects.csv,tile_y0,int64,tile_y0,Source-named field retained for audit; see the canonical component documentation.
S18,Supplementary_Data_S18_frozen_cell_nucleus_objects.csv,triage_bucket,str,triage_bucket,Source-named field retained for audit; see the canonical component documentation.
S18,Supplementary_Data_S18_frozen_cell_nucleus_objects.csv,upstream_decision,str,upstream_decision,Source-named field retained for audit; see the canonical component documentation.
S18,Supplementary_Data_S18_frozen_cell_nucleus_objects.csv,upstream_review_decision,str,upstream_review_decision,Source-named field retained for audit; see the canonical component documentation.
S18,Supplementary_Data_S18_frozen_cell_nucleus_objects.csv,viewer_default_decision,float64,viewer_default_decision,Source-named field retained for audit; see the canonical component documentation.
S18,Supplementary_Data_S18_frozen_cell_nucleus_objects.csv,window_label_count,int64,window_label_count,Source-named field retained for audit; see the canonical component documentation.
S18,Supplementary_Data_S18_frozen_cell_nucleus_objects.csv,z_log_cell_area,float64,z_log_cell_area,Source-named field retained for audit; see the canonical component documentation.
S18,Supplementary_Data_S18_frozen_cell_nucleus_objects.csv,z_log_nc_ratio,float64,z_log_nc_ratio,Source-named field retained for audit; see the canonical component documentation.
S18,Supplementary_Data_S18_frozen_cell_nucleus_objects.csv,z_log_nuc_area,float64,z_log_nuc_area,Source-named field retained for audit; see the canonical component documentation.
S18,Supplementary_Data_S18_frozen_cell_nucleus_objects.csv,z_log_nuc_iod,float64,z_log_nuc_iod,Source-named field retained for audit; see the canonical component documentation.
S19,Supplementary_Data_S19_cell_nucleus_species_estimates.csv,cell_area_um2,float64,cell_area_um2,"Median cell-mask area among retained upper-tail pairs, in square micrometers."
S19,Supplementary_Data_S19_cell_nucleus_species_estimates.csv,cell_area_um2_ci_high,float64,cell_area_um2_ci_high,97.5th percentile of the conditional paired-object bootstrap median.
S19,Supplementary_Data_S19_cell_nucleus_species_estimates.csv,cell_area_um2_ci_low,float64,cell_area_um2_ci_low,2.5th percentile of the conditional paired-object bootstrap median.
S19,Supplementary_Data_S19_cell_nucleus_species_estimates.csv,largest_specimen_fraction,float64,largest_specimen_fraction,largest_specimen_n divided by n_size_cells; a specimen-concentration diagnostic.
S19,Supplementary_Data_S19_cell_nucleus_species_estimates.csv,largest_specimen_n,int64,largest_specimen_n,Largest number of retained pairs contributed by one animal.
S19,Supplementary_Data_S19_cell_nucleus_species_estimates.csv,n_size_cells,int64,n_size_cells,Number of finalized reviewed cell-nucleus pairs in the species summary.
S19,Supplementary_Data_S19_cell_nucleus_species_estimates.csv,n_size_images,int64,n_size_images,Number of distinct source-image filenames represented.
S19,Supplementary_Data_S19_cell_nucleus_species_estimates.csv,n_size_specimens,int64,n_size_specimens,Number of distinct animals represented.
S19,Supplementary_Data_S19_cell_nucleus_species_estimates.csv,nucleus_area_um2,float64,nucleus_area_um2,"Median linked nucleus-mask area among retained upper-tail pairs, in square micrometers."
S19,Supplementary_Data_S19_cell_nucleus_species_estimates.csv,nucleus_area_um2_ci_high,float64,nucleus_area_um2_ci_high,97.5th percentile of the conditional paired-object bootstrap nucleus-area median.
S19,Supplementary_Data_S19_cell_nucleus_species_estimates.csv,nucleus_area_um2_ci_low,float64,nucleus_area_um2_ci_low,2.5th percentile of the conditional paired-object bootstrap nucleus-area median.
S19,Supplementary_Data_S19_cell_nucleus_species_estimates.csv,species,str,species,Canonical analyzed Desmognathus species label.
S20,Supplementary_Data_S20_cell_mask_freeze_audit.csv,decision,str,decision,Source-named field retained for audit; see the canonical component documentation.
S20,Supplementary_Data_S20_cell_mask_freeze_audit.csv,decision_file,str,decision_file,Source-named field retained for audit; see the canonical component documentation.
S20,Supplementary_Data_S20_cell_mask_freeze_audit.csv,decision_source,str,decision_source,Source-named field retained for audit; see the canonical component documentation.
S20,Supplementary_Data_S20_cell_mask_freeze_audit.csv,filename,str,filename,Source-named field retained for audit; see the canonical component documentation.
S20,Supplementary_Data_S20_cell_mask_freeze_audit.csv,id,str,id,Source-named field retained for audit; see the canonical component documentation.
S20,Supplementary_Data_S20_cell_mask_freeze_audit.csv,included_in_finalized,bool,included_in_finalized,Source-named field retained for audit; see the canonical component documentation.
S20,Supplementary_Data_S20_cell_mask_freeze_audit.csv,rank,int64,rank,Source-named field retained for audit; see the canonical component documentation.
S20,Supplementary_Data_S20_cell_mask_freeze_audit.csv,review_key,str,review_key,Source-named field retained for audit; see the canonical component documentation.
S20,Supplementary_Data_S20_cell_mask_freeze_audit.csv,source_match,str,source_match,Source-named field retained for audit; see the canonical component documentation.
S20,Supplementary_Data_S20_cell_mask_freeze_audit.csv,species,str,species,Canonical analyzed Desmognathus species label.
S20,Supplementary_Data_S20_cell_mask_freeze_audit.csv,tile_name,str,tile_name,Source-named field retained for audit; see the canonical component documentation.
S21,Supplementary_Data_S21_frozen_nuclear_iod_objects.csv,auto_flag_summary,str,auto_flag_summary,Source-named field retained for audit; see the canonical component documentation.
S21,Supplementary_Data_S21_frozen_nuclear_iod_objects.csv,auto_keep_mask_pair,object,auto_keep_mask_pair,Source-named field retained for audit; see the canonical component documentation.
S21,Supplementary_Data_S21_frozen_nuclear_iod_objects.csv,auto_keep_strict_core,object,auto_keep_strict_core,Source-named field retained for audit; see the canonical component documentation.
S21,Supplementary_Data_S21_frozen_nuclear_iod_objects.csv,auto_keep_trim_5_95,object,auto_keep_trim_5_95,Source-named field retained for audit; see the canonical component documentation.
S21,Supplementary_Data_S21_frozen_nuclear_iod_objects.csv,auto_keep_ultra_core,object,auto_keep_ultra_core,Source-named field retained for audit; see the canonical component documentation.
S21,Supplementary_Data_S21_frozen_nuclear_iod_objects.csv,auto_pair_core_distance,float64,auto_pair_core_distance,Source-named field retained for audit; see the canonical component documentation.
S21,Supplementary_Data_S21_frozen_nuclear_iod_objects.csv,balanced_genome_qc_score,float64,balanced_genome_qc_score,Source-named field retained for audit; see the canonical component documentation.
S21,Supplementary_Data_S21_frozen_nuclear_iod_objects.csv,cell_area_px,float64,cell_area_px,Source-named field retained for audit; see the canonical component documentation.
S21,Supplementary_Data_S21_frozen_nuclear_iod_objects.csv,cell_area_um2,float64,cell_area_um2,Source-named field retained for audit; see the canonical component documentation.
S21,Supplementary_Data_S21_frozen_nuclear_iod_objects.csv,cell_centroid_x,float64,cell_centroid_x,Source-named field retained for audit; see the canonical component documentation.
S21,Supplementary_Data_S21_frozen_nuclear_iod_objects.csv,cell_centroid_y,float64,cell_centroid_y,Source-named field retained for audit; see the canonical component documentation.
S21,Supplementary_Data_S21_frozen_nuclear_iod_objects.csv,cell_circularity,float64,cell_circularity,Source-named field retained for audit; see the canonical component documentation.
S21,Supplementary_Data_S21_frozen_nuclear_iod_objects.csv,cell_edge_touch,bool,cell_edge_touch,Source-named field retained for audit; see the canonical component documentation.
S21,Supplementary_Data_S21_frozen_nuclear_iod_objects.csv,cell_equiv_radius_px,float64,cell_equiv_radius_px,Source-named field retained for audit; see the canonical component documentation.
S21,Supplementary_Data_S21_frozen_nuclear_iod_objects.csv,cell_i_bg,float64,cell_i_bg,Source-named field retained for audit; see the canonical component documentation.
S21,Supplementary_Data_S21_frozen_nuclear_iod_objects.csv,cell_iod,float64,cell_iod,Source-named field retained for audit; see the canonical component documentation.
S21,Supplementary_Data_S21_frozen_nuclear_iod_objects.csv,cell_mask_path,str,cell_mask_path,Source-named field retained for audit; see the canonical component documentation.
S21,Supplementary_Data_S21_frozen_nuclear_iod_objects.csv,cell_mask_path_original,str,cell_mask_path_original,Source-named field retained for audit; see the canonical component documentation.
S21,Supplementary_Data_S21_frozen_nuclear_iod_objects.csv,cell_mean_od,float64,cell_mean_od,Source-named field retained for audit; see the canonical component documentation.
S21,Supplementary_Data_S21_frozen_nuclear_iod_objects.csv,cell_object_id,str,cell_object_id,Source-named field retained for audit; see the canonical component documentation.
S21,Supplementary_Data_S21_frozen_nuclear_iod_objects.csv,cell_repair_applied,object,cell_repair_applied,Source-named field retained for audit; see the canonical component documentation.
S21,Supplementary_Data_S21_frozen_nuclear_iod_objects.csv,cell_run_manifest_path,str,cell_run_manifest_path,Source-named field retained for audit; see the canonical component documentation.
S21,Supplementary_Data_S21_frozen_nuclear_iod_objects.csv,cell_shape_area_px,float64,cell_shape_area_px,Source-named field retained for audit; see the canonical component documentation.
S21,Supplementary_Data_S21_frozen_nuclear_iod_objects.csv,cell_shape_aspect_ratio,float64,cell_shape_aspect_ratio,Source-named field retained for audit; see the canonical component documentation.
S21,Supplementary_Data_S21_frozen_nuclear_iod_objects.csv,cell_shape_eccentricity,float64,cell_shape_eccentricity,Source-named field retained for audit; see the canonical component documentation.
S21,Supplementary_Data_S21_frozen_nuclear_iod_objects.csv,cell_shape_ellipse_deviation,float64,cell_shape_ellipse_deviation,Source-named field retained for audit; see the canonical component documentation.
S21,Supplementary_Data_S21_frozen_nuclear_iod_objects.csv,cell_shape_ellipse_iou,float64,cell_shape_ellipse_iou,Source-named field retained for audit; see the canonical component documentation.
S21,Supplementary_Data_S21_frozen_nuclear_iod_objects.csv,cell_shape_perimeter_px,float64,cell_shape_perimeter_px,Source-named field retained for audit; see the canonical component documentation.
S21,Supplementary_Data_S21_frozen_nuclear_iod_objects.csv,cell_shape_roughness,float64,cell_shape_roughness,Source-named field retained for audit; see the canonical component documentation.
S21,Supplementary_Data_S21_frozen_nuclear_iod_objects.csv,cell_shape_smoothness,float64,cell_shape_smoothness,Source-named field retained for audit; see the canonical component documentation.
S21,Supplementary_Data_S21_frozen_nuclear_iod_objects.csv,cell_shape_solidity,float64,cell_shape_solidity,Source-named field retained for audit; see the canonical component documentation.
S21,Supplementary_Data_S21_frozen_nuclear_iod_objects.csv,cell_solidity,float64,cell_solidity,Source-named field retained for audit; see the canonical component documentation.
S21,Supplementary_Data_S21_frozen_nuclear_iod_objects.csv,cell_source_image_path,str,cell_source_image_path,Source-named field retained for audit; see the canonical component documentation.
S21,Supplementary_Data_S21_frozen_nuclear_iod_objects.csv,cell_tile_h,float64,cell_tile_h,Source-named field retained for audit; see the canonical component documentation.
S21,Supplementary_Data_S21_frozen_nuclear_iod_objects.csv,cell_tile_manifest_path,str,cell_tile_manifest_path,Source-named field retained for audit; see the canonical component documentation.
S21,Supplementary_Data_S21_frozen_nuclear_iod_objects.csv,cell_tile_w,float64,cell_tile_w,Source-named field retained for audit; see the canonical component documentation.
S21,Supplementary_Data_S21_frozen_nuclear_iod_objects.csv,cell_tile_x0,float64,cell_tile_x0,Source-named field retained for audit; see the canonical component documentation.
S21,Supplementary_Data_S21_frozen_nuclear_iod_objects.csv,cell_tile_y0,float64,cell_tile_y0,Source-named field retained for audit; see the canonical component documentation.
S21,Supplementary_Data_S21_frozen_nuclear_iod_objects.csv,centroid_distance_px,float64,centroid_distance_px,Source-named field retained for audit; see the canonical component documentation.
S21,Supplementary_Data_S21_frozen_nuclear_iod_objects.csv,clarity_signal,float64,clarity_signal,Source-named field retained for audit; see the canonical component documentation.
S21,Supplementary_Data_S21_frozen_nuclear_iod_objects.csv,common_support_worst_distance,float64,common_support_worst_distance,Source-named field retained for audit; see the canonical component documentation.
S21,Supplementary_Data_S21_frozen_nuclear_iod_objects.csv,cytoplasm_area_um2,float64,cytoplasm_area_um2,Source-named field retained for audit; see the canonical component documentation.
S21,Supplementary_Data_S21_frozen_nuclear_iod_objects.csv,distance_over_cell_radius,float64,distance_over_cell_radius,Source-named field retained for audit; see the canonical component documentation.
S21,Supplementary_Data_S21_frozen_nuclear_iod_objects.csv,filename,str,filename,Source-named field retained for audit; see the canonical component documentation.
S21,Supplementary_Data_S21_frozen_nuclear_iod_objects.csv,finalization_cohort,str,finalization_cohort,Source-named field retained for audit; see the canonical component documentation.
S21,Supplementary_Data_S21_frozen_nuclear_iod_objects.csv,flag_summary,str,flag_summary,Source-named field retained for audit; see the canonical component documentation.
S21,Supplementary_Data_S21_frozen_nuclear_iod_objects.csv,focus_rank,float64,focus_rank,Source-named field retained for audit; see the canonical component documentation.
S21,Supplementary_Data_S21_frozen_nuclear_iod_objects.csv,has_cell_match,bool,has_cell_match,Source-named field retained for audit; see the canonical component documentation.
S21,Supplementary_Data_S21_frozen_nuclear_iod_objects.csv,has_cell_tile,bool,has_cell_tile,Source-named field retained for audit; see the canonical component documentation.
S21,Supplementary_Data_S21_frozen_nuclear_iod_objects.csv,has_nucleus_mask,bool,has_nucleus_mask,Source-named field retained for audit; see the canonical component documentation.
S21,Supplementary_Data_S21_frozen_nuclear_iod_objects.csv,has_nucleus_roi,bool,has_nucleus_roi,Source-named field retained for audit; see the canonical component documentation.
S21,Supplementary_Data_S21_frozen_nuclear_iod_objects.csv,i_bg_source,str,i_bg_source,Source-named field retained for audit; see the canonical component documentation.
S21,Supplementary_Data_S21_frozen_nuclear_iod_objects.csv,image_group,str,image_group,Source-named field retained for audit; see the canonical component documentation.
S21,Supplementary_Data_S21_frozen_nuclear_iod_objects.csv,image_iod_quality_score,float64,image_iod_quality_score,Source-named field retained for audit; see the canonical component documentation.
S21,Supplementary_Data_S21_frozen_nuclear_iod_objects.csv,image_median_contrast_snr,float64,image_median_contrast_snr,Source-named field retained for audit; see the canonical component documentation.
S21,Supplementary_Data_S21_frozen_nuclear_iod_objects.csv,image_median_contrast_snr_rank,float64,image_median_contrast_snr_rank,Source-named field retained for audit; see the canonical component documentation.
S21,Supplementary_Data_S21_frozen_nuclear_iod_objects.csv,image_median_edge_sharpness,float64,image_median_edge_sharpness,Source-named field retained for audit; see the canonical component documentation.
S21,Supplementary_Data_S21_frozen_nuclear_iod_objects.csv,image_median_edge_sharpness_rank,float64,image_median_edge_sharpness_rank,Source-named field retained for audit; see the canonical component documentation.
S21,Supplementary_Data_S21_frozen_nuclear_iod_objects.csv,image_median_focus_rank,float64,image_median_focus_rank,Source-named field retained for audit; see the canonical component documentation.
S21,Supplementary_Data_S21_frozen_nuclear_iod_objects.csv,image_median_focus_rank_rank,float64,image_median_focus_rank_rank,Source-named field retained for audit; see the canonical component documentation.
S21,Supplementary_Data_S21_frozen_nuclear_iod_objects.csv,image_median_keep_probability,float64,image_median_keep_probability,Source-named field retained for audit; see the canonical component documentation.
S21,Supplementary_Data_S21_frozen_nuclear_iod_objects.csv,image_median_local_od_contrast,float64,image_median_local_od_contrast,Source-named field retained for audit; see the canonical component documentation.
S21,Supplementary_Data_S21_frozen_nuclear_iod_objects.csv,image_median_local_od_contrast_rank,float64,image_median_local_od_contrast_rank,Source-named field retained for audit; see the canonical component documentation.
S21,Supplementary_Data_S21_frozen_nuclear_iod_objects.csv,image_median_nuc_iod,float64,image_median_nuc_iod,Source-named field retained for audit; see the canonical component documentation.
S21,Supplementary_Data_S21_frozen_nuclear_iod_objects.csv,image_q10_contrast_snr,float64,image_q10_contrast_snr,Source-named field retained for audit; see the canonical component documentation.
S21,Supplementary_Data_S21_frozen_nuclear_iod_objects.csv,image_q10_contrast_snr_rank,float64,image_q10_contrast_snr_rank,Source-named field retained for audit; see the canonical component documentation.
S21,Supplementary_Data_S21_frozen_nuclear_iod_objects.csv,image_q10_edge_sharpness,float64,image_q10_edge_sharpness,Source-named field retained for audit; see the canonical component documentation.
S21,Supplementary_Data_S21_frozen_nuclear_iod_objects.csv,image_q10_edge_sharpness_rank,float64,image_q10_edge_sharpness_rank,Source-named field retained for audit; see the canonical component documentation.
S21,Supplementary_Data_S21_frozen_nuclear_iod_objects.csv,image_type,str,image_type,Source-named field retained for audit; see the canonical component documentation.
S21,Supplementary_Data_S21_frozen_nuclear_iod_objects.csv,iod_boundary_grad_mean,float64,iod_boundary_grad_mean,Source-named field retained for audit; see the canonical component documentation.
S21,Supplementary_Data_S21_frozen_nuclear_iod_objects.csv,iod_contrast_snr,float64,iod_contrast_snr,Source-named field retained for audit; see the canonical component documentation.
S21,Supplementary_Data_S21_frozen_nuclear_iod_objects.csv,iod_edge_sharpness,float64,iod_edge_sharpness,Source-named field retained for audit; see the canonical component documentation.
S21,Supplementary_Data_S21_frozen_nuclear_iod_objects.csv,iod_final_quality_score,float64,iod_final_quality_score,Source-named field retained for audit; see the canonical component documentation.
S21,Supplementary_Data_S21_frozen_nuclear_iod_objects.csv,iod_inner_intensity_median,float64,iod_inner_intensity_median,Source-named field retained for audit; see the canonical component documentation.
S21,Supplementary_Data_S21_frozen_nuclear_iod_objects.csv,iod_local_contrast,float64,iod_local_contrast,Source-named field retained for audit; see the canonical component documentation.
S21,Supplementary_Data_S21_frozen_nuclear_iod_objects.csv,iod_local_od_contrast,float64,iod_local_od_contrast,Source-named field retained for audit; see the canonical component documentation.
S21,Supplementary_Data_S21_frozen_nuclear_iod_objects.csv,iod_ring_intensity_median,float64,iod_ring_intensity_median,Source-named field retained for audit; see the canonical component documentation.
S21,Supplementary_Data_S21_frozen_nuclear_iod_objects.csv,iod_ring_noise_iqr,float64,iod_ring_noise_iqr,Source-named field retained for audit; see the canonical component documentation.
S21,Supplementary_Data_S21_frozen_nuclear_iod_objects.csv,iod_row_quality_score,float64,iod_row_quality_score,Source-named field retained for audit; see the canonical component documentation.
S21,Supplementary_Data_S21_frozen_nuclear_iod_objects.csv,keep_mask_pair,bool,keep_mask_pair,Source-named field retained for audit; see the canonical component documentation.
S21,Supplementary_Data_S21_frozen_nuclear_iod_objects.csv,keep_probability,float64,keep_probability,Source-named field retained for audit; see the canonical component documentation.
S21,Supplementary_Data_S21_frozen_nuclear_iod_objects.csv,keep_strict_core,bool,keep_strict_core,Source-named field retained for audit; see the canonical component documentation.
S21,Supplementary_Data_S21_frozen_nuclear_iod_objects.csv,keep_trim_5_95,float64,keep_trim_5_95,Source-named field retained for audit; see the canonical component documentation.
S21,Supplementary_Data_S21_frozen_nuclear_iod_objects.csv,keep_ultra_core,float64,keep_ultra_core,Source-named field retained for audit; see the canonical component documentation.
S21,Supplementary_Data_S21_frozen_nuclear_iod_objects.csv,link_method,str,link_method,Source-named field retained for audit; see the canonical component documentation.
S21,Supplementary_Data_S21_frozen_nuclear_iod_objects.csv,manual_report_decision_applied,object,manual_report_decision_applied,Source-named field retained for audit; see the canonical component documentation.
S21,Supplementary_Data_S21_frozen_nuclear_iod_objects.csv,manual_report_include,object,manual_report_include,Source-named field retained for audit; see the canonical component documentation.
S21,Supplementary_Data_S21_frozen_nuclear_iod_objects.csv,mask_label_id,float64,mask_label_id,Source-named field retained for audit; see the canonical component documentation.
S21,Supplementary_Data_S21_frozen_nuclear_iod_objects.csv,mask_sample_label,int64,mask_sample_label,Source-named field retained for audit; see the canonical component documentation.
S21,Supplementary_Data_S21_frozen_nuclear_iod_objects.csv,match_image_median_log_edge_sharpness,float64,match_image_median_log_edge_sharpness,Source-named field retained for audit; see the canonical component documentation.
S21,Supplementary_Data_S21_frozen_nuclear_iod_objects.csv,match_image_median_log_relative_ring_noise,float64,match_image_median_log_relative_ring_noise,Source-named field retained for audit; see the canonical component documentation.
S21,Supplementary_Data_S21_frozen_nuclear_iod_objects.csv,match_log_edge_sharpness,float64,match_log_edge_sharpness,Source-named field retained for audit; see the canonical component documentation.
S21,Supplementary_Data_S21_frozen_nuclear_iod_objects.csv,match_log_relative_ring_noise,float64,match_log_relative_ring_noise,Source-named field retained for audit; see the canonical component documentation.
S21,Supplementary_Data_S21_frozen_nuclear_iod_objects.csv,n_accepted,float64,n_accepted,Source-named field retained for audit; see the canonical component documentation.
S21,Supplementary_Data_S21_frozen_nuclear_iod_objects.csv,n_remaining_to_target,float64,n_remaining_to_target,Source-named field retained for audit; see the canonical component documentation.
S21,Supplementary_Data_S21_frozen_nuclear_iod_objects.csv,n_rows,int64,n_rows,Source-named field retained for audit; see the canonical component documentation.
S21,Supplementary_Data_S21_frozen_nuclear_iod_objects.csv,nc_area_ratio,float64,nc_area_ratio,Source-named field retained for audit; see the canonical component documentation.
S21,Supplementary_Data_S21_frozen_nuclear_iod_objects.csv,nuc_area_px,int64,nuc_area_px,Source-named field retained for audit; see the canonical component documentation.
S21,Supplementary_Data_S21_frozen_nuclear_iod_objects.csv,nuc_area_um2,float64,nuc_area_um2,Source-named field retained for audit; see the canonical component documentation.
S21,Supplementary_Data_S21_frozen_nuclear_iod_objects.csv,nuc_centroid_x,float64,nuc_centroid_x,Source-named field retained for audit; see the canonical component documentation.
S21,Supplementary_Data_S21_frozen_nuclear_iod_objects.csv,nuc_centroid_y,float64,nuc_centroid_y,Source-named field retained for audit; see the canonical component documentation.
S21,Supplementary_Data_S21_frozen_nuclear_iod_objects.csv,nuc_i_bg,float64,nuc_i_bg,Source-named field retained for audit; see the canonical component documentation.
S21,Supplementary_Data_S21_frozen_nuclear_iod_objects.csv,nuc_iod,float64,nuc_iod,Source-named field retained for audit; see the canonical component documentation.
S21,Supplementary_Data_S21_frozen_nuclear_iod_objects.csv,nuc_mean_od,float64,nuc_mean_od,Source-named field retained for audit; see the canonical component documentation.
S21,Supplementary_Data_S21_frozen_nuclear_iod_objects.csv,nucleus_label,int64,nucleus_label,Source-named field retained for audit; see the canonical component documentation.
S21,Supplementary_Data_S21_frozen_nuclear_iod_objects.csv,nucleus_mask_best_overlap_fraction,float64,nucleus_mask_best_overlap_fraction,Source-named field retained for audit; see the canonical component documentation.
S21,Supplementary_Data_S21_frozen_nuclear_iod_objects.csv,nucleus_mask_best_overlap_px,int64,nucleus_mask_best_overlap_px,Source-named field retained for audit; see the canonical component documentation.
S21,Supplementary_Data_S21_frozen_nuclear_iod_objects.csv,nucleus_mask_overlap_label_count,int64,nucleus_mask_overlap_label_count,Source-named field retained for audit; see the canonical component documentation.
S21,Supplementary_Data_S21_frozen_nuclear_iod_objects.csv,nucleus_mask_path,str,nucleus_mask_path,Source-named field retained for audit; see the canonical component documentation.
S21,Supplementary_Data_S21_frozen_nuclear_iod_objects.csv,nucleus_mask_path_original,str,nucleus_mask_path_original,Source-named field retained for audit; see the canonical component documentation.
S21,Supplementary_Data_S21_frozen_nuclear_iod_objects.csv,nucleus_mask_pixel_count,int64,nucleus_mask_pixel_count,Source-named field retained for audit; see the canonical component documentation.
S21,Supplementary_Data_S21_frozen_nuclear_iod_objects.csv,nucleus_object_id,str,nucleus_object_id,Source-named field retained for audit; see the canonical component documentation.
S21,Supplementary_Data_S21_frozen_nuclear_iod_objects.csv,nucleus_repair_applied,object,nucleus_repair_applied,Source-named field retained for audit; see the canonical component documentation.
S21,Supplementary_Data_S21_frozen_nuclear_iod_objects.csv,nucleus_run_manifest_path,str,nucleus_run_manifest_path,Source-named field retained for audit; see the canonical component documentation.
S21,Supplementary_Data_S21_frozen_nuclear_iod_objects.csv,nucleus_shape_area_px,float64,nucleus_shape_area_px,Source-named field retained for audit; see the canonical component documentation.
S21,Supplementary_Data_S21_frozen_nuclear_iod_objects.csv,nucleus_shape_aspect_ratio,float64,nucleus_shape_aspect_ratio,Source-named field retained for audit; see the canonical component documentation.
S21,Supplementary_Data_S21_frozen_nuclear_iod_objects.csv,nucleus_shape_eccentricity,float64,nucleus_shape_eccentricity,Source-named field retained for audit; see the canonical component documentation.
S21,Supplementary_Data_S21_frozen_nuclear_iod_objects.csv,nucleus_shape_ellipse_deviation,float64,nucleus_shape_ellipse_deviation,Source-named field retained for audit; see the canonical component documentation.
S21,Supplementary_Data_S21_frozen_nuclear_iod_objects.csv,nucleus_shape_ellipse_iou,float64,nucleus_shape_ellipse_iou,Source-named field retained for audit; see the canonical component documentation.
S21,Supplementary_Data_S21_frozen_nuclear_iod_objects.csv,nucleus_shape_perimeter_px,float64,nucleus_shape_perimeter_px,Source-named field retained for audit; see the canonical component documentation.
S21,Supplementary_Data_S21_frozen_nuclear_iod_objects.csv,nucleus_shape_roughness,float64,nucleus_shape_roughness,Source-named field retained for audit; see the canonical component documentation.
S21,Supplementary_Data_S21_frozen_nuclear_iod_objects.csv,nucleus_shape_smoothness,float64,nucleus_shape_smoothness,Source-named field retained for audit; see the canonical component documentation.
S21,Supplementary_Data_S21_frozen_nuclear_iod_objects.csv,nucleus_shape_solidity,float64,nucleus_shape_solidity,Source-named field retained for audit; see the canonical component documentation.
S21,Supplementary_Data_S21_frozen_nuclear_iod_objects.csv,nucleus_source_image_path,str,nucleus_source_image_path,Source-named field retained for audit; see the canonical component documentation.
S21,Supplementary_Data_S21_frozen_nuclear_iod_objects.csv,nucleus_tile_manifest_path,str,nucleus_tile_manifest_path,Source-named field retained for audit; see the canonical component documentation.
S21,Supplementary_Data_S21_frozen_nuclear_iod_objects.csv,one_to_one_cell,bool,one_to_one_cell,Source-named field retained for audit; see the canonical component documentation.
S21,Supplementary_Data_S21_frozen_nuclear_iod_objects.csv,original_flag_summary,str,original_flag_summary,Source-named field retained for audit; see the canonical component documentation.
S21,Supplementary_Data_S21_frozen_nuclear_iod_objects.csv,original_keep_mask_pair,object,original_keep_mask_pair,Source-named field retained for audit; see the canonical component documentation.
S21,Supplementary_Data_S21_frozen_nuclear_iod_objects.csv,original_keep_strict_core,object,original_keep_strict_core,Source-named field retained for audit; see the canonical component documentation.
S21,Supplementary_Data_S21_frozen_nuclear_iod_objects.csv,original_keep_trim_5_95,object,original_keep_trim_5_95,Source-named field retained for audit; see the canonical component documentation.
S21,Supplementary_Data_S21_frozen_nuclear_iod_objects.csv,original_keep_ultra_core,object,original_keep_ultra_core,Source-named field retained for audit; see the canonical component documentation.
S21,Supplementary_Data_S21_frozen_nuclear_iod_objects.csv,original_pair_core_distance,float64,original_pair_core_distance,Source-named field retained for audit; see the canonical component documentation.
S21,Supplementary_Data_S21_frozen_nuclear_iod_objects.csv,original_physical_pair_ok,object,original_physical_pair_ok,Source-named field retained for audit; see the canonical component documentation.
S21,Supplementary_Data_S21_frozen_nuclear_iod_objects.csv,overlap_signal,float64,overlap_signal,Source-named field retained for audit; see the canonical component documentation.
S21,Supplementary_Data_S21_frozen_nuclear_iod_objects.csv,pair_core_distance,float64,pair_core_distance,Source-named field retained for audit; see the canonical component documentation.
S21,Supplementary_Data_S21_frozen_nuclear_iod_objects.csv,pair_distance_signal,float64,pair_distance_signal,Source-named field retained for audit; see the canonical component documentation.
S21,Supplementary_Data_S21_frozen_nuclear_iod_objects.csv,panel,str,panel,Source-named field retained for audit; see the canonical component documentation.
S21,Supplementary_Data_S21_frozen_nuclear_iod_objects.csv,physical_pair_ok,bool,physical_pair_ok,Source-named field retained for audit; see the canonical component documentation.
S21,Supplementary_Data_S21_frozen_nuclear_iod_objects.csv,quality_match_distance,float64,quality_match_distance,Source-named field retained for audit; see the canonical component documentation.
S21,Supplementary_Data_S21_frozen_nuclear_iod_objects.csv,quality_match_status,str,quality_match_status,Source-named field retained for audit; see the canonical component documentation.
S21,Supplementary_Data_S21_frozen_nuclear_iod_objects.csv,quality_template_id,int64,quality_template_id,Source-named field retained for audit; see the canonical component documentation.
S21,Supplementary_Data_S21_frozen_nuclear_iod_objects.csv,quality_template_species,str,quality_template_species,Source-named field retained for audit; see the canonical component documentation.
S21,Supplementary_Data_S21_frozen_nuclear_iod_objects.csv,raw_focus_grad_mean,float64,raw_focus_grad_mean,Source-named field retained for audit; see the canonical component documentation.
S21,Supplementary_Data_S21_frozen_nuclear_iod_objects.csv,raw_focus_intensity_iqr,float64,raw_focus_intensity_iqr,Source-named field retained for audit; see the canonical component documentation.
S21,Supplementary_Data_S21_frozen_nuclear_iod_objects.csv,raw_focus_lap_var,float64,raw_focus_lap_var,Source-named field retained for audit; see the canonical component documentation.
S21,Supplementary_Data_S21_frozen_nuclear_iod_objects.csv,raw_imagej_results_path,float64,raw_imagej_results_path,Source-named field retained for audit; see the canonical component documentation.
S21,Supplementary_Data_S21_frozen_nuclear_iod_objects.csv,reason_code,float64,reason_code,Source-named field retained for audit; see the canonical component documentation.
S21,Supplementary_Data_S21_frozen_nuclear_iod_objects.csv,review_cohort,str,review_cohort,Source-named field retained for audit; see the canonical component documentation.
S21,Supplementary_Data_S21_frozen_nuclear_iod_objects.csv,review_decision,str,review_decision,Source-named field retained for audit; see the canonical component documentation.
S21,Supplementary_Data_S21_frozen_nuclear_iod_objects.csv,review_decision_file,str,review_decision_file,Source-named field retained for audit; see the canonical component documentation.
S21,Supplementary_Data_S21_frozen_nuclear_iod_objects.csv,review_decision_source,str,review_decision_source,Source-named field retained for audit; see the canonical component documentation.
S21,Supplementary_Data_S21_frozen_nuclear_iod_objects.csv,review_key,str,review_key,Source-named field retained for audit; see the canonical component documentation.
S21,Supplementary_Data_S21_frozen_nuclear_iod_objects.csv,review_note,str,review_note,Source-named field retained for audit; see the canonical component documentation.
S21,Supplementary_Data_S21_frozen_nuclear_iod_objects.csv,review_priority,float64,review_priority,Source-named field retained for audit; see the canonical component documentation.
S21,Supplementary_Data_S21_frozen_nuclear_iod_objects.csv,review_repair_mode,str,review_repair_mode,Source-named field retained for audit; see the canonical component documentation.
S21,Supplementary_Data_S21_frozen_nuclear_iod_objects.csv,review_repair_succeeded,object,review_repair_succeeded,Source-named field retained for audit; see the canonical component documentation.
S21,Supplementary_Data_S21_frozen_nuclear_iod_objects.csv,review_status,str,review_status,Source-named field retained for audit; see the canonical component documentation.
S21,Supplementary_Data_S21_frozen_nuclear_iod_objects.csv,review_updated_at,float64,review_updated_at,Source-named field retained for audit; see the canonical component documentation.
S21,Supplementary_Data_S21_frozen_nuclear_iod_objects.csv,roi_best_overlap_fraction,float64,roi_best_overlap_fraction,Source-named field retained for audit; see the canonical component documentation.
S21,Supplementary_Data_S21_frozen_nuclear_iod_objects.csv,roi_best_overlap_px,int64,roi_best_overlap_px,Source-named field retained for audit; see the canonical component documentation.
S21,Supplementary_Data_S21_frozen_nuclear_iod_objects.csv,roi_overlap_label_count,int64,roi_overlap_label_count,Source-named field retained for audit; see the canonical component documentation.
S21,Supplementary_Data_S21_frozen_nuclear_iod_objects.csv,roi_pixel_count,int64,roi_pixel_count,Source-named field retained for audit; see the canonical component documentation.
S21,Supplementary_Data_S21_frozen_nuclear_iod_objects.csv,roi_zip_path,float64,roi_zip_path,Source-named field retained for audit; see the canonical component documentation.
S21,Supplementary_Data_S21_frozen_nuclear_iod_objects.csv,row_contrast_snr_rank_in_image,float64,row_contrast_snr_rank_in_image,Source-named field retained for audit; see the canonical component documentation.
S21,Supplementary_Data_S21_frozen_nuclear_iod_objects.csv,row_edge_sharpness_rank_in_image,float64,row_edge_sharpness_rank_in_image,Source-named field retained for audit; see the canonical component documentation.
S21,Supplementary_Data_S21_frozen_nuclear_iod_objects.csv,row_local_od_contrast_rank_in_image,float64,row_local_od_contrast_rank_in_image,Source-named field retained for audit; see the canonical component documentation.
S21,Supplementary_Data_S21_frozen_nuclear_iod_objects.csv,selection_rank,int64,selection_rank,Source-named field retained for audit; see the canonical component documentation.
S21,Supplementary_Data_S21_frozen_nuclear_iod_objects.csv,shape_has_concavity,float64,shape_has_concavity,Source-named field retained for audit; see the canonical component documentation.
S21,Supplementary_Data_S21_frozen_nuclear_iod_objects.csv,shape_has_ellipse_mismatch,float64,shape_has_ellipse_mismatch,Source-named field retained for audit; see the canonical component documentation.
S21,Supplementary_Data_S21_frozen_nuclear_iod_objects.csv,shape_has_jagged_edge,float64,shape_has_jagged_edge,Source-named field retained for audit; see the canonical component documentation.
S21,Supplementary_Data_S21_frozen_nuclear_iod_objects.csv,shape_is_suspect,float64,shape_is_suspect,Source-named field retained for audit; see the canonical component documentation.
S21,Supplementary_Data_S21_frozen_nuclear_iod_objects.csv,shape_qc_reasons,float64,shape_qc_reasons,Source-named field retained for audit; see the canonical component documentation.
S21,Supplementary_Data_S21_frozen_nuclear_iod_objects.csv,shape_qc_status,str,shape_qc_status,Source-named field retained for audit; see the canonical component documentation.
S21,Supplementary_Data_S21_frozen_nuclear_iod_objects.csv,shape_signal,float64,shape_signal,Source-named field retained for audit; see the canonical component documentation.
S21,Supplementary_Data_S21_frozen_nuclear_iod_objects.csv,slide_id,int64,slide_id,Source-named field retained for audit; see the canonical component documentation.
S21,Supplementary_Data_S21_frozen_nuclear_iod_objects.csv,source_global_nuc_centroid_x,float64,source_global_nuc_centroid_x,Source-named field retained for audit; see the canonical component documentation.
S21,Supplementary_Data_S21_frozen_nuclear_iod_objects.csv,source_global_nuc_centroid_y,float64,source_global_nuc_centroid_y,Source-named field retained for audit; see the canonical component documentation.
S21,Supplementary_Data_S21_frozen_nuclear_iod_objects.csv,source_global_tile_x0,float64,source_global_tile_x0,Source-named field retained for audit; see the canonical component documentation.
S21,Supplementary_Data_S21_frozen_nuclear_iod_objects.csv,source_global_tile_y0,float64,source_global_tile_y0,Source-named field retained for audit; see the canonical component documentation.
S21,Supplementary_Data_S21_frozen_nuclear_iod_objects.csv,source_panel,str,source_panel,Source-named field retained for audit; see the canonical component documentation.
S21,Supplementary_Data_S21_frozen_nuclear_iod_objects.csv,species,str,species,Canonical analyzed Desmognathus species label.
S21,Supplementary_Data_S21_frozen_nuclear_iod_objects.csv,specimen_group,int64,specimen_group,Source-named field retained for audit; see the canonical component documentation.
S21,Supplementary_Data_S21_frozen_nuclear_iod_objects.csv,specimen_id,int64,specimen_id,Source-named field retained for audit; see the canonical component documentation.
S21,Supplementary_Data_S21_frozen_nuclear_iod_objects.csv,target_reached,bool,target_reached,Source-named field retained for audit; see the canonical component documentation.
S21,Supplementary_Data_S21_frozen_nuclear_iod_objects.csv,tile_height_px,int64,tile_height_px,Source-named field retained for audit; see the canonical component documentation.
S21,Supplementary_Data_S21_frozen_nuclear_iod_objects.csv,tile_name,str,tile_name,Source-named field retained for audit; see the canonical component documentation.
S21,Supplementary_Data_S21_frozen_nuclear_iod_objects.csv,tile_width_px,int64,tile_width_px,Source-named field retained for audit; see the canonical component documentation.
S21,Supplementary_Data_S21_frozen_nuclear_iod_objects.csv,tile_x0,int64,tile_x0,Source-named field retained for audit; see the canonical component documentation.
S21,Supplementary_Data_S21_frozen_nuclear_iod_objects.csv,tile_y0,int64,tile_y0,Source-named field retained for audit; see the canonical component documentation.
S21,Supplementary_Data_S21_frozen_nuclear_iod_objects.csv,triage_bucket,str,triage_bucket,Source-named field retained for audit; see the canonical component documentation.
S21,Supplementary_Data_S21_frozen_nuclear_iod_objects.csv,upstream_decision,str,upstream_decision,Source-named field retained for audit; see the canonical component documentation.
S21,Supplementary_Data_S21_frozen_nuclear_iod_objects.csv,upstream_review_decision,str,upstream_review_decision,Source-named field retained for audit; see the canonical component documentation.
S21,Supplementary_Data_S21_frozen_nuclear_iod_objects.csv,upstream_review_status,str,upstream_review_status,Source-named field retained for audit; see the canonical component documentation.
S21,Supplementary_Data_S21_frozen_nuclear_iod_objects.csv,viewer_default_decision,float64,viewer_default_decision,Source-named field retained for audit; see the canonical component documentation.
S21,Supplementary_Data_S21_frozen_nuclear_iod_objects.csv,window_label_count,int64,window_label_count,Source-named field retained for audit; see the canonical component documentation.
S21,Supplementary_Data_S21_frozen_nuclear_iod_objects.csv,z_log_cell_area,float64,z_log_cell_area,Source-named field retained for audit; see the canonical component documentation.
S21,Supplementary_Data_S21_frozen_nuclear_iod_objects.csv,z_log_nc_ratio,float64,z_log_nc_ratio,Source-named field retained for audit; see the canonical component documentation.
S21,Supplementary_Data_S21_frozen_nuclear_iod_objects.csv,z_log_nuc_area,float64,z_log_nuc_area,Source-named field retained for audit; see the canonical component documentation.
S21,Supplementary_Data_S21_frozen_nuclear_iod_objects.csv,z_log_nuc_iod,float64,z_log_nuc_iod,Source-named field retained for audit; see the canonical component documentation.
S21,Supplementary_Data_S21_frozen_nuclear_iod_objects.csv,z_match_log_edge_sharpness,float64,z_match_log_edge_sharpness,Source-named field retained for audit; see the canonical component documentation.
S21,Supplementary_Data_S21_frozen_nuclear_iod_objects.csv,z_match_log_relative_ring_noise,float64,z_match_log_relative_ring_noise,Source-named field retained for audit; see the canonical component documentation.
S22,Supplementary_Data_S22_relative_nuclear_iod_species.csv,estimate_support,str,estimate_support,Whether one or multiple observed images support the species estimate.
S22,Supplementary_Data_S22_relative_nuclear_iod_species.csv,genome_size_calibration_pg_per_iod,float64,genome_size_calibration_pg_per_iod,Conditional assembly-derived reference pg divided by the D. fuscus equal-image IOD estimate.
S22,Supplementary_Data_S22_relative_nuclear_iod_species.csv,genome_size_pg_ci_high,float64,genome_size_pg_ci_high,97.5th percentile of the hierarchical species-to-fuscus ratio bootstrap on the conditional pg scale; anchor-value uncertainty is excluded.
S22,Supplementary_Data_S22_relative_nuclear_iod_species.csv,genome_size_pg_ci_low,float64,genome_size_pg_ci_low,2.5th percentile of the hierarchical species-to-fuscus ratio bootstrap on the conditional pg scale; anchor-value uncertainty is excluded.
S22,Supplementary_Data_S22_relative_nuclear_iod_species.csv,genome_size_pg_fuscus_anchored,float64,genome_size_pg_fuscus_anchored,Conditional equal-image IOD ratio to D. fuscus multiplied by the assembly-derived 1C-equivalent anchor (16.1 Gbp / 0.978 Gbp per pg); not a measured C-value or independently calibrated absolute genome size.
S22,Supplementary_Data_S22_relative_nuclear_iod_species.csv,genome_size_rank,int64,genome_size_rank,Descending rank of the conditional fuscus-anchored pg sensitivity; identical in order to the underlying equal-image IOD rank.
S22,Supplementary_Data_S22_relative_nuclear_iod_species.csv,genome_size_reference_pg,float64,genome_size_reference_pg,Assembly-derived 1C-equivalent anchor computed as 16.1 Gbp / 0.978 Gbp per pg; conditional and not a measured C-value.
S22,Supplementary_Data_S22_relative_nuclear_iod_species.csv,genome_size_reference_species,str,genome_size_reference_species,D. fuscus equal-image target estimate used as the conditional IOD denominator; the recovered standard images are not yet the denominator.
S22,Supplementary_Data_S22_relative_nuclear_iod_species.csv,image_median_iod_max,float64,image_median_iod_max,Source-named field retained for audit; see the canonical component documentation.
S22,Supplementary_Data_S22_relative_nuclear_iod_species.csv,image_median_iod_min,float64,image_median_iod_min,Source-named field retained for audit; see the canonical component documentation.
S22,Supplementary_Data_S22_relative_nuclear_iod_species.csv,image_median_iod_range,float64,image_median_iod_range,Source-named field retained for audit; see the canonical component documentation.
S22,Supplementary_Data_S22_relative_nuclear_iod_species.csv,iod_equal_image_ci_high,float64,iod_equal_image_ci_high,97.5th percentile of the hierarchical image-then-nucleus bootstrap.
S22,Supplementary_Data_S22_relative_nuclear_iod_species.csv,iod_equal_image_ci_low,float64,iod_equal_image_ci_low,2.5th percentile of the hierarchical image-then-nucleus bootstrap.
S22,Supplementary_Data_S22_relative_nuclear_iod_species.csv,iod_equal_image_estimate,float64,iod_equal_image_estimate,Arithmetic mean of within-image median per-nucleus integrated optical density.
S22,Supplementary_Data_S22_relative_nuclear_iod_species.csv,iod_nucleus_iqr,float64,iod_nucleus_iqr,Source-named field retained for audit; see the canonical component documentation.
S22,Supplementary_Data_S22_relative_nuclear_iod_species.csv,iod_nucleus_max,float64,iod_nucleus_max,Source-named field retained for audit; see the canonical component documentation.
S22,Supplementary_Data_S22_relative_nuclear_iod_species.csv,iod_nucleus_min,float64,iod_nucleus_min,Source-named field retained for audit; see the canonical component documentation.
S22,Supplementary_Data_S22_relative_nuclear_iod_species.csv,iod_nucleus_sd,float64,iod_nucleus_sd,Source-named field retained for audit; see the canonical component documentation.
S22,Supplementary_Data_S22_relative_nuclear_iod_species.csv,iod_pooled_nucleus_mean,float64,iod_pooled_nucleus_mean,Source-named field retained for audit; see the canonical component documentation.
S22,Supplementary_Data_S22_relative_nuclear_iod_species.csv,iod_pooled_nucleus_median,float64,iod_pooled_nucleus_median,Source-named field retained for audit; see the canonical component documentation.
S22,Supplementary_Data_S22_relative_nuclear_iod_species.csv,iod_ratio_to_fuscus,float64,iod_ratio_to_fuscus,"Target equal-image IOD divided by the D. fuscus equal-image IOD; a separate conditional sensitivity ratio, not the primary Path24-median index."
S22,Supplementary_Data_S22_relative_nuclear_iod_species.csv,iod_trimmed_mean_10pct,float64,iod_trimmed_mean_10pct,Source-named field retained for audit; see the canonical component documentation.
S22,Supplementary_Data_S22_relative_nuclear_iod_species.csv,median_nucleus_area_um2,float64,median_nucleus_area_um2,Source-named field retained for audit; see the canonical component documentation.
S22,Supplementary_Data_S22_relative_nuclear_iod_species.csv,median_nucleus_mean_od,float64,median_nucleus_mean_od,Source-named field retained for audit; see the canonical component documentation.
S22,Supplementary_Data_S22_relative_nuclear_iod_species.csv,n_images,int64,n_images,Number of distinct source images contributing to the row.
S22,Supplementary_Data_S22_relative_nuclear_iod_species.csv,n_nuclei,int64,n_nuclei,Number of finalized reviewed nuclei contributing to the row.
S22,Supplementary_Data_S22_relative_nuclear_iod_species.csv,n_specimens,int64,n_specimens,Number of distinct specimen_id values; each value denotes one animal.
S22,Supplementary_Data_S22_relative_nuclear_iod_species.csv,pooled_median_difference_pct,float64,pooled_median_difference_pct,Source-named field retained for audit; see the canonical component documentation.
S22,Supplementary_Data_S22_relative_nuclear_iod_species.csv,quality_match_status,str,quality_match_status,Image-quality common-support or limited-overlap category.
S22,Supplementary_Data_S22_relative_nuclear_iod_species.csv,relative_iod_anchor,float64,relative_iod_anchor,Median iod_equal_image_estimate across the complete Path24 panel.
S22,Supplementary_Data_S22_relative_nuclear_iod_species.csv,relative_iod_ci_high,float64,relative_iod_ci_high,iod_equal_image_ci_high divided by relative_iod_anchor.
S22,Supplementary_Data_S22_relative_nuclear_iod_species.csv,relative_iod_ci_low,float64,relative_iod_ci_low,iod_equal_image_ci_low divided by relative_iod_anchor.
S22,Supplementary_Data_S22_relative_nuclear_iod_species.csv,relative_iod_index,float64,relative_iod_index,iod_equal_image_estimate divided by relative_iod_anchor.
S22,Supplementary_Data_S22_relative_nuclear_iod_species.csv,relative_iod_rank,int64,relative_iod_rank,Source-named field retained for audit; see the canonical component documentation.
S22,Supplementary_Data_S22_relative_nuclear_iod_species.csv,sample_size_support,str,sample_size_support,Recorded nucleus-count support category.
S22,Supplementary_Data_S22_relative_nuclear_iod_species.csv,species,str,species,Canonical analyzed Desmognathus species label.
S22,Supplementary_Data_S22_relative_nuclear_iod_species.csv,trimmed_mean_difference_pct,float64,trimmed_mean_difference_pct,Source-named field retained for audit; see the canonical component documentation.
S23,Supplementary_Data_S23_nuclear_iod_by_image.csv,filename,str,filename,Source microscopy image filename.
S23,Supplementary_Data_S23_nuclear_iod_by_image.csv,image_mean_iod,float64,image_mean_iod,Arithmetic mean per-nucleus integrated optical density within the image.
S23,Supplementary_Data_S23_nuclear_iod_by_image.csv,image_median_iod,float64,image_median_iod,Median per-nucleus integrated optical density within the image.
S23,Supplementary_Data_S23_nuclear_iod_by_image.csv,image_median_match_log_edge_sharpness,float64,image_median_match_log_edge_sharpness,Median log edge-sharpness matching feature within the image.
S23,Supplementary_Data_S23_nuclear_iod_by_image.csv,image_median_match_log_relative_ring_noise,float64,image_median_match_log_relative_ring_noise,Median log relative-ring-noise matching feature within the image.
S23,Supplementary_Data_S23_nuclear_iod_by_image.csv,image_median_mean_od,float64,image_median_mean_od,Median per-nucleus mean optical density within the image.
S23,Supplementary_Data_S23_nuclear_iod_by_image.csv,image_median_nucleus_area_um2,float64,image_median_nucleus_area_um2,Median nucleus-mask area within the image.
S23,Supplementary_Data_S23_nuclear_iod_by_image.csv,n_nuclei,int64,n_nuclei,Number of finalized reviewed nuclei contributing to the row.
S23,Supplementary_Data_S23_nuclear_iod_by_image.csv,species,str,species,Canonical analyzed Desmognathus species label.
S23,Supplementary_Data_S23_nuclear_iod_by_image.csv,specimen_id,int64,specimen_id,Specimen identifier; one value denotes one animal.
S24,Supplementary_Data_S24_nuclear_iod_quality_balance.csv,ks_distance_match_log_edge_sharpness,float64,ks_distance_match_log_edge_sharpness,Source-named field retained for audit; see the canonical component documentation.
S24,Supplementary_Data_S24_nuclear_iod_quality_balance.csv,ks_distance_match_log_relative_ring_noise,float64,ks_distance_match_log_relative_ring_noise,Source-named field retained for audit; see the canonical component documentation.
S24,Supplementary_Data_S24_nuclear_iod_quality_balance.csv,max_abs_standardized_mean_difference,float64,max_abs_standardized_mean_difference,Maximum absolute standardized mean difference across the two matching features.
S24,Supplementary_Data_S24_nuclear_iod_quality_balance.csv,max_ks_distance,float64,max_ks_distance,Maximum Kolmogorov-Smirnov distance across the two matching features.
S24,Supplementary_Data_S24_nuclear_iod_quality_balance.csv,n_nuclei,int64,n_nuclei,Number of finalized reviewed nuclei contributing to the row.
S24,Supplementary_Data_S24_nuclear_iod_quality_balance.csv,passes_prespecified_balance_thresholds,bool,passes_prespecified_balance_thresholds,True when max absolute SMD <= 0.10 and max KS distance <= 0.25.
S24,Supplementary_Data_S24_nuclear_iod_quality_balance.csv,species,str,species,Canonical analyzed Desmognathus species label.
S24,Supplementary_Data_S24_nuclear_iod_quality_balance.csv,standardized_mean_difference_match_log_edge_sharpness,float64,standardized_mean_difference_match_log_edge_sharpness,Source-named field retained for audit; see the canonical component documentation.
S24,Supplementary_Data_S24_nuclear_iod_quality_balance.csv,standardized_mean_difference_match_log_relative_ring_noise,float64,standardized_mean_difference_match_log_relative_ring_noise,Source-named field retained for audit; see the canonical component documentation.
S24,Supplementary_Data_S24_nuclear_iod_quality_balance.csv,template_species,str,template_species,Quality-template species used for balance comparisons.
S25,Supplementary_Data_S25_nuclear_iod_quality_diagnostics.csv,n_nuclei,int64,n_nuclei,Number of finalized reviewed nuclei contributing to the row.
S25,Supplementary_Data_S25_nuclear_iod_quality_diagnostics.csv,p_value_descriptive_only,float64,p_value_descriptive_only,Unadjusted descriptive p-value; not a confirmatory endpoint.
S25,Supplementary_Data_S25_nuclear_iod_quality_diagnostics.csv,quality_feature,str,quality_feature,Image-quality feature tested as a residual technical diagnostic.
S25,Supplementary_Data_S25_nuclear_iod_quality_diagnostics.csv,within_species_centered_spearman_rho,float64,within_species_centered_spearman_rho,Spearman correlation after centering the feature and log IOD within species.
S26,Supplementary_Data_S26_pairwise_pgls_sensitivity.csv,comparison,str,comparison,Source-named field retained for audit; see the canonical component documentation.
S26,Supplementary_Data_S26_pairwise_pgls_sensitivity.csv,left_metric,str,left_metric,Source-named field retained for audit; see the canonical component documentation.
S26,Supplementary_Data_S26_pairwise_pgls_sensitivity.csv,n_species,int64,n_species,Source-named field retained for audit; see the canonical component documentation.
S26,Supplementary_Data_S26_pairwise_pgls_sensitivity.csv,outcome_log10_mean,float64,outcome_log10_mean,Source-named field retained for audit; see the canonical component documentation.
S26,Supplementary_Data_S26_pairwise_pgls_sensitivity.csv,outcome_log10_sd,float64,outcome_log10_sd,Source-named field retained for audit; see the canonical component documentation.
S26,Supplementary_Data_S26_pairwise_pgls_sensitivity.csv,p_value_descriptive_only,float64,p_value_descriptive_only,Source-named field retained for audit; see the canonical component documentation.
S26,Supplementary_Data_S26_pairwise_pgls_sensitivity.csv,pagel_lambda,float64,pagel_lambda,Source-named field retained for audit; see the canonical component documentation.
S26,Supplementary_Data_S26_pairwise_pgls_sensitivity.csv,pagel_lambda_at_lower_boundary,bool,pagel_lambda_at_lower_boundary,Source-named field retained for audit; see the canonical component documentation.
S26,Supplementary_Data_S26_pairwise_pgls_sensitivity.csv,pearson_p_value_descriptive_only,float64,pearson_p_value_descriptive_only,Source-named field retained for audit; see the canonical component documentation.
S26,Supplementary_Data_S26_pairwise_pgls_sensitivity.csv,pearson_r,float64,pearson_r,Source-named field retained for audit; see the canonical component documentation.
S26,Supplementary_Data_S26_pairwise_pgls_sensitivity.csv,pgls_ci_high,float64,pgls_ci_high,Source-named field retained for audit; see the canonical component documentation.
S26,Supplementary_Data_S26_pairwise_pgls_sensitivity.csv,pgls_ci_low,float64,pgls_ci_low,Source-named field retained for audit; see the canonical component documentation.
S26,Supplementary_Data_S26_pairwise_pgls_sensitivity.csv,pgls_cov_intercept_slope,float64,pgls_cov_intercept_slope,Source-named field retained for audit; see the canonical component documentation.
S26,Supplementary_Data_S26_pairwise_pgls_sensitivity.csv,pgls_degrees_freedom,int64,pgls_degrees_freedom,Source-named field retained for audit; see the canonical component documentation.
S26,Supplementary_Data_S26_pairwise_pgls_sensitivity.csv,pgls_generalized_r_squared,float64,pgls_generalized_r_squared,Source-named field retained for audit; see the canonical component documentation.
S26,Supplementary_Data_S26_pairwise_pgls_sensitivity.csv,pgls_intercept_z,float64,pgls_intercept_z,Source-named field retained for audit; see the canonical component documentation.
S26,Supplementary_Data_S26_pairwise_pgls_sensitivity.csv,pgls_model,str,pgls_model,Source-named field retained for audit; see the canonical component documentation.
S26,Supplementary_Data_S26_pairwise_pgls_sensitivity.csv,pgls_p_value,float64,pgls_p_value,Source-named field retained for audit; see the canonical component documentation.
S26,Supplementary_Data_S26_pairwise_pgls_sensitivity.csv,pgls_standard_error,float64,pgls_standard_error,Source-named field retained for audit; see the canonical component documentation.
S26,Supplementary_Data_S26_pairwise_pgls_sensitivity.csv,pgls_standardized_beta,float64,pgls_standardized_beta,Source-named field retained for audit; see the canonical component documentation.
S26,Supplementary_Data_S26_pairwise_pgls_sensitivity.csv,pgls_t_value,float64,pgls_t_value,Source-named field retained for audit; see the canonical component documentation.
S26,Supplementary_Data_S26_pairwise_pgls_sensitivity.csv,pgls_var_intercept,float64,pgls_var_intercept,Source-named field retained for audit; see the canonical component documentation.
S26,Supplementary_Data_S26_pairwise_pgls_sensitivity.csv,pgls_var_slope,float64,pgls_var_slope,Source-named field retained for audit; see the canonical component documentation.
S26,Supplementary_Data_S26_pairwise_pgls_sensitivity.csv,phylogenetically_corrected,bool,phylogenetically_corrected,Source-named field retained for audit; see the canonical component documentation.
S26,Supplementary_Data_S26_pairwise_pgls_sensitivity.csv,predictor_log10_mean,float64,predictor_log10_mean,Source-named field retained for audit; see the canonical component documentation.
S26,Supplementary_Data_S26_pairwise_pgls_sensitivity.csv,predictor_log10_sd,float64,predictor_log10_sd,Source-named field retained for audit; see the canonical component documentation.
S26,Supplementary_Data_S26_pairwise_pgls_sensitivity.csv,right_metric,str,right_metric,Source-named field retained for audit; see the canonical component documentation.
S26,Supplementary_Data_S26_pairwise_pgls_sensitivity.csv,spearman_rho,float64,spearman_rho,Source-named field retained for audit; see the canonical component documentation.
S26,Supplementary_Data_S26_pairwise_pgls_sensitivity.csv,trait_transformation,str,trait_transformation,Source-named field retained for audit; see the canonical component documentation.
S27,Supplementary_Data_S27_path_standardized_traits.csv,cell_area_log10_z,float64,cell_area_log10_z,Source-named field retained for audit; see the canonical component documentation.
S27,Supplementary_Data_S27_path_standardized_traits.csv,iod_definition,str,iod_definition,Source-named field retained for audit; see the canonical component documentation.
S27,Supplementary_Data_S27_path_standardized_traits.csv,nucleus_area_log10_z,float64,nucleus_area_log10_z,Source-named field retained for audit; see the canonical component documentation.
S27,Supplementary_Data_S27_path_standardized_traits.csv,relative_iod_log10_z,float64,relative_iod_log10_z,Source-named field retained for audit; see the canonical component documentation.
S27,Supplementary_Data_S27_path_standardized_traits.csv,species,str,species,Canonical analyzed Desmognathus species label.
S27,Supplementary_Data_S27_path_standardized_traits.csv,tree_tip,str,tree_tip,Source-named field retained for audit; see the canonical component documentation.
S28,Supplementary_Data_S28_pairwise_phylogenetic_regressions.csv,ci_high,float64,ci_high,Source-named field retained for audit; see the canonical component documentation.
S28,Supplementary_Data_S28_pairwise_phylogenetic_regressions.csv,ci_low,float64,ci_low,Source-named field retained for audit; see the canonical component documentation.
S28,Supplementary_Data_S28_pairwise_phylogenetic_regressions.csv,evolutionary_model,str,evolutionary_model,Source-named field retained for audit; see the canonical component documentation.
S28,Supplementary_Data_S28_pairwise_phylogenetic_regressions.csv,fitted_phylogenetic_parameter,float64,fitted_phylogenetic_parameter,Source-named field retained for audit; see the canonical component documentation.
S28,Supplementary_Data_S28_pairwise_phylogenetic_regressions.csv,n_species,int64,n_species,Source-named field retained for audit; see the canonical component documentation.
S28,Supplementary_Data_S28_pairwise_phylogenetic_regressions.csv,outcome,str,outcome,Source-named field retained for audit; see the canonical component documentation.
S28,Supplementary_Data_S28_pairwise_phylogenetic_regressions.csv,p_value,float64,p_value,Source-named field retained for audit; see the canonical component documentation.
S28,Supplementary_Data_S28_pairwise_phylogenetic_regressions.csv,path_trait_definition,str,path_trait_definition,Source-named field retained for audit; see the canonical component documentation.
S28,Supplementary_Data_S28_pairwise_phylogenetic_regressions.csv,predictor,str,predictor,Source-named field retained for audit; see the canonical component documentation.
S28,Supplementary_Data_S28_pairwise_phylogenetic_regressions.csv,r_squared,float64,r_squared,Source-named field retained for audit; see the canonical component documentation.
S28,Supplementary_Data_S28_pairwise_phylogenetic_regressions.csv,relation_id,str,relation_id,Source-named field retained for audit; see the canonical component documentation.
S28,Supplementary_Data_S28_pairwise_phylogenetic_regressions.csv,standard_error,float64,standard_error,Source-named field retained for audit; see the canonical component documentation.
S28,Supplementary_Data_S28_pairwise_phylogenetic_regressions.csv,standardized_coefficient,float64,standardized_coefficient,Source-named field retained for audit; see the canonical component documentation.
S28,Supplementary_Data_S28_pairwise_phylogenetic_regressions.csv,t_value,float64,t_value,Source-named field retained for audit; see the canonical component documentation.
S29,Supplementary_Data_S29_evolutionary_model_sensitivity.csv,C,float64,C,Source-named field retained for audit; see the canonical component documentation.
S29,Supplementary_Data_S29_evolutionary_model_sensitivity.csv,CICc,float64,CICc,Source-named field retained for audit; see the canonical component documentation.
S29,Supplementary_Data_S29_evolutionary_model_sensitivity.csv,admissible_competitive,bool,admissible_competitive,Source-named field retained for audit; see the canonical component documentation.
S29,Supplementary_Data_S29_evolutionary_model_sensitivity.csv,analysis_type,str,analysis_type,Source-named field retained for audit; see the canonical component documentation.
S29,Supplementary_Data_S29_evolutionary_model_sensitivity.csv,delta_CICc,float64,delta_CICc,Source-named field retained for audit; see the canonical component documentation.
S29,Supplementary_Data_S29_evolutionary_model_sensitivity.csv,delta_competitive,bool,delta_competitive,Source-named field retained for audit; see the canonical component documentation.
S29,Supplementary_Data_S29_evolutionary_model_sensitivity.csv,evolutionary_model,str,evolutionary_model,Source-named field retained for audit; see the canonical component documentation.
S29,Supplementary_Data_S29_evolutionary_model_sensitivity.csv,generating_class,float64,generating_class,Source-named field retained for audit; see the canonical component documentation.
S29,Supplementary_Data_S29_evolutionary_model_sensitivity.csv,globally_supported,bool,globally_supported,Source-named field retained for audit; see the canonical component documentation.
S29,Supplementary_Data_S29_evolutionary_model_sensitivity.csv,k,int64,k,Source-named field retained for audit; see the canonical component documentation.
S29,Supplementary_Data_S29_evolutionary_model_sensitivity.csv,l,float64,l,Source-named field retained for audit; see the canonical component documentation.
S29,Supplementary_Data_S29_evolutionary_model_sensitivity.csv,model,str,model,Source-named field retained for audit; see the canonical component documentation.
S29,Supplementary_Data_S29_evolutionary_model_sensitivity.csv,n_species,int64,n_species,Source-named field retained for audit; see the canonical component documentation.
S29,Supplementary_Data_S29_evolutionary_model_sensitivity.csv,p,float64,p,Source-named field retained for audit; see the canonical component documentation.
S29,Supplementary_Data_S29_evolutionary_model_sensitivity.csv,path_trait_definition,str,path_trait_definition,Source-named field retained for audit; see the canonical component documentation.
S29,Supplementary_Data_S29_evolutionary_model_sensitivity.csv,q,int64,q,Source-named field retained for audit; see the canonical component documentation.
S29,Supplementary_Data_S29_evolutionary_model_sensitivity.csv,rank,int64,rank,Source-named field retained for audit; see the canonical component documentation.
S29,Supplementary_Data_S29_evolutionary_model_sensitivity.csv,replicate_id,str,replicate_id,Source-named field retained for audit; see the canonical component documentation.
S29,Supplementary_Data_S29_evolutionary_model_sensitivity.csv,residual_regime,float64,residual_regime,Source-named field retained for audit; see the canonical component documentation.
S29,Supplementary_Data_S29_evolutionary_model_sensitivity.csv,runtime_warning_count,int64,runtime_warning_count,Source-named field retained for audit; see the canonical component documentation.
S29,Supplementary_Data_S29_evolutionary_model_sensitivity.csv,stored_warning_count,int64,stored_warning_count,Source-named field retained for audit; see the canonical component documentation.
S29,Supplementary_Data_S29_evolutionary_model_sensitivity.csv,tree_id,str,tree_id,Source-named field retained for audit; see the canonical component documentation.
S29,Supplementary_Data_S29_evolutionary_model_sensitivity.csv,w,float64,w,Source-named field retained for audit; see the canonical component documentation.
S30,Supplementary_Data_S30_path_model_comparison.csv,C,float64,C,Source-named field retained for audit; see the canonical component documentation.
S30,Supplementary_Data_S30_path_model_comparison.csv,CICc,float64,CICc,Source-named field retained for audit; see the canonical component documentation.
S30,Supplementary_Data_S30_path_model_comparison.csv,admissible_competitive,bool,admissible_competitive,Source-named field retained for audit; see the canonical component documentation.
S30,Supplementary_Data_S30_path_model_comparison.csv,analysis_type,str,analysis_type,Source-named field retained for audit; see the canonical component documentation.
S30,Supplementary_Data_S30_path_model_comparison.csv,delta_CICc,float64,delta_CICc,Source-named field retained for audit; see the canonical component documentation.
S30,Supplementary_Data_S30_path_model_comparison.csv,delta_competitive,bool,delta_competitive,Source-named field retained for audit; see the canonical component documentation.
S30,Supplementary_Data_S30_path_model_comparison.csv,evolutionary_model,str,evolutionary_model,Source-named field retained for audit; see the canonical component documentation.
S30,Supplementary_Data_S30_path_model_comparison.csv,generating_class,float64,generating_class,Source-named field retained for audit; see the canonical component documentation.
S30,Supplementary_Data_S30_path_model_comparison.csv,globally_supported,bool,globally_supported,Source-named field retained for audit; see the canonical component documentation.
S30,Supplementary_Data_S30_path_model_comparison.csv,k,int64,k,Source-named field retained for audit; see the canonical component documentation.
S30,Supplementary_Data_S30_path_model_comparison.csv,l,float64,l,Source-named field retained for audit; see the canonical component documentation.
S30,Supplementary_Data_S30_path_model_comparison.csv,model,str,model,Source-named field retained for audit; see the canonical component documentation.
S30,Supplementary_Data_S30_path_model_comparison.csv,n_species,int64,n_species,Source-named field retained for audit; see the canonical component documentation.
S30,Supplementary_Data_S30_path_model_comparison.csv,p,float64,p,Source-named field retained for audit; see the canonical component documentation.
S30,Supplementary_Data_S30_path_model_comparison.csv,path_trait_definition,str,path_trait_definition,Source-named field retained for audit; see the canonical component documentation.
S30,Supplementary_Data_S30_path_model_comparison.csv,q,int64,q,Source-named field retained for audit; see the canonical component documentation.
S30,Supplementary_Data_S30_path_model_comparison.csv,rank,int64,rank,Source-named field retained for audit; see the canonical component documentation.
S30,Supplementary_Data_S30_path_model_comparison.csv,replicate_id,str,replicate_id,Source-named field retained for audit; see the canonical component documentation.
S30,Supplementary_Data_S30_path_model_comparison.csv,residual_regime,float64,residual_regime,Source-named field retained for audit; see the canonical component documentation.
S30,Supplementary_Data_S30_path_model_comparison.csv,runtime_warning_count,int64,runtime_warning_count,Source-named field retained for audit; see the canonical component documentation.
S30,Supplementary_Data_S30_path_model_comparison.csv,stored_warning_count,int64,stored_warning_count,Source-named field retained for audit; see the canonical component documentation.
S30,Supplementary_Data_S30_path_model_comparison.csv,tree_id,str,tree_id,Source-named field retained for audit; see the canonical component documentation.
S30,Supplementary_Data_S30_path_model_comparison.csv,w,float64,w,Source-named field retained for audit; see the canonical component documentation.
S31,Supplementary_Data_S31_path_edge_estimates.csv,child,str,child,Source-named field retained for audit; see the canonical component documentation.
S31,Supplementary_Data_S31_path_edge_estimates.csv,ci_high,float64,ci_high,Source-named field retained for audit; see the canonical component documentation.
S31,Supplementary_Data_S31_path_edge_estimates.csv,ci_low,float64,ci_low,Source-named field retained for audit; see the canonical component documentation.
S31,Supplementary_Data_S31_path_edge_estimates.csv,equivalence_class,str,equivalence_class,Source-named field retained for audit; see the canonical component documentation.
S31,Supplementary_Data_S31_path_edge_estimates.csv,interval_excludes_zero,bool,interval_excludes_zero,Source-named field retained for audit; see the canonical component documentation.
S31,Supplementary_Data_S31_path_edge_estimates.csv,mechanism,str,mechanism,Source-named field retained for audit; see the canonical component documentation.
S31,Supplementary_Data_S31_path_edge_estimates.csv,parent,str,parent,Source-named field retained for audit; see the canonical component documentation.
S31,Supplementary_Data_S31_path_edge_estimates.csv,path_trait_definition,str,path_trait_definition,Source-named field retained for audit; see the canonical component documentation.
S31,Supplementary_Data_S31_path_edge_estimates.csv,standard_error,float64,standard_error,Source-named field retained for audit; see the canonical component documentation.
S31,Supplementary_Data_S31_path_edge_estimates.csv,standardized_coefficient,float64,standardized_coefficient,Source-named field retained for audit; see the canonical component documentation.
S32,Supplementary_Data_S32_path_model_stability.csv,admissible_competitive_count,int64,admissible_competitive_count,Source-named field retained for audit; see the canonical component documentation.
S32,Supplementary_Data_S32_path_model_stability.csv,admissible_competitive_rate,float64,admissible_competitive_rate,Source-named field retained for audit; see the canonical component documentation.
S32,Supplementary_Data_S32_path_model_stability.csv,analysis,str,analysis,Source-named field retained for audit; see the canonical component documentation.
S32,Supplementary_Data_S32_path_model_stability.csv,model,str,model,Source-named field retained for audit; see the canonical component documentation.
S32,Supplementary_Data_S32_path_model_stability.csv,n_fits,int64,n_fits,Source-named field retained for audit; see the canonical component documentation.
S32,Supplementary_Data_S32_path_model_stability.csv,path_trait_definition,str,path_trait_definition,Source-named field retained for audit; see the canonical component documentation.
S32,Supplementary_Data_S32_path_model_stability.csv,top_count,int64,top_count,Source-named field retained for audit; see the canonical component documentation.
S32,Supplementary_Data_S32_path_model_stability.csv,top_rate,float64,top_rate,Source-named field retained for audit; see the canonical component documentation.
S33,Supplementary_Data_S33_path_tree_sensitivity.csv,C,float64,C,Source-named field retained for audit; see the canonical component documentation.
S33,Supplementary_Data_S33_path_tree_sensitivity.csv,CICc,float64,CICc,Source-named field retained for audit; see the canonical component documentation.
S33,Supplementary_Data_S33_path_tree_sensitivity.csv,admissible_competitive,bool,admissible_competitive,Source-named field retained for audit; see the canonical component documentation.
S33,Supplementary_Data_S33_path_tree_sensitivity.csv,analysis_type,str,analysis_type,Source-named field retained for audit; see the canonical component documentation.
S33,Supplementary_Data_S33_path_tree_sensitivity.csv,delta_CICc,float64,delta_CICc,Source-named field retained for audit; see the canonical component documentation.
S33,Supplementary_Data_S33_path_tree_sensitivity.csv,delta_competitive,bool,delta_competitive,Source-named field retained for audit; see the canonical component documentation.
S33,Supplementary_Data_S33_path_tree_sensitivity.csv,evolutionary_model,str,evolutionary_model,Source-named field retained for audit; see the canonical component documentation.
S33,Supplementary_Data_S33_path_tree_sensitivity.csv,generating_class,float64,generating_class,Source-named field retained for audit; see the canonical component documentation.
S33,Supplementary_Data_S33_path_tree_sensitivity.csv,globally_supported,bool,globally_supported,Source-named field retained for audit; see the canonical component documentation.
S33,Supplementary_Data_S33_path_tree_sensitivity.csv,k,int64,k,Source-named field retained for audit; see the canonical component documentation.
S33,Supplementary_Data_S33_path_tree_sensitivity.csv,l,float64,l,Source-named field retained for audit; see the canonical component documentation.
S33,Supplementary_Data_S33_path_tree_sensitivity.csv,model,str,model,Source-named field retained for audit; see the canonical component documentation.
S33,Supplementary_Data_S33_path_tree_sensitivity.csv,n_species,int64,n_species,Source-named field retained for audit; see the canonical component documentation.
S33,Supplementary_Data_S33_path_tree_sensitivity.csv,p,float64,p,Source-named field retained for audit; see the canonical component documentation.
S33,Supplementary_Data_S33_path_tree_sensitivity.csv,path_trait_definition,str,path_trait_definition,Source-named field retained for audit; see the canonical component documentation.
S33,Supplementary_Data_S33_path_tree_sensitivity.csv,q,int64,q,Source-named field retained for audit; see the canonical component documentation.
S33,Supplementary_Data_S33_path_tree_sensitivity.csv,rank,int64,rank,Source-named field retained for audit; see the canonical component documentation.
S33,Supplementary_Data_S33_path_tree_sensitivity.csv,replicate_id,str,replicate_id,Source-named field retained for audit; see the canonical component documentation.
S33,Supplementary_Data_S33_path_tree_sensitivity.csv,residual_regime,float64,residual_regime,Source-named field retained for audit; see the canonical component documentation.
S33,Supplementary_Data_S33_path_tree_sensitivity.csv,runtime_warning_count,int64,runtime_warning_count,Source-named field retained for audit; see the canonical component documentation.
S33,Supplementary_Data_S33_path_tree_sensitivity.csv,stored_warning_count,int64,stored_warning_count,Source-named field retained for audit; see the canonical component documentation.
S33,Supplementary_Data_S33_path_tree_sensitivity.csv,tree_id,str,tree_id,Source-named field retained for audit; see the canonical component documentation.
S33,Supplementary_Data_S33_path_tree_sensitivity.csv,w,float64,w,Source-named field retained for audit; see the canonical component documentation.
S34,Supplementary_Data_S34_path_measurement_sensitivity.csv,C,float64,C,Source-named field retained for audit; see the canonical component documentation.
S34,Supplementary_Data_S34_path_measurement_sensitivity.csv,CICc,float64,CICc,Source-named field retained for audit; see the canonical component documentation.
S34,Supplementary_Data_S34_path_measurement_sensitivity.csv,admissible_competitive,bool,admissible_competitive,Source-named field retained for audit; see the canonical component documentation.
S34,Supplementary_Data_S34_path_measurement_sensitivity.csv,analysis_type,str,analysis_type,Source-named field retained for audit; see the canonical component documentation.
S34,Supplementary_Data_S34_path_measurement_sensitivity.csv,delta_CICc,float64,delta_CICc,Source-named field retained for audit; see the canonical component documentation.
S34,Supplementary_Data_S34_path_measurement_sensitivity.csv,delta_competitive,bool,delta_competitive,Source-named field retained for audit; see the canonical component documentation.
S34,Supplementary_Data_S34_path_measurement_sensitivity.csv,evolutionary_model,str,evolutionary_model,Source-named field retained for audit; see the canonical component documentation.
S34,Supplementary_Data_S34_path_measurement_sensitivity.csv,generating_class,float64,generating_class,Source-named field retained for audit; see the canonical component documentation.
S34,Supplementary_Data_S34_path_measurement_sensitivity.csv,globally_supported,bool,globally_supported,Source-named field retained for audit; see the canonical component documentation.
S34,Supplementary_Data_S34_path_measurement_sensitivity.csv,k,int64,k,Source-named field retained for audit; see the canonical component documentation.
S34,Supplementary_Data_S34_path_measurement_sensitivity.csv,l,float64,l,Source-named field retained for audit; see the canonical component documentation.
S34,Supplementary_Data_S34_path_measurement_sensitivity.csv,model,str,model,Source-named field retained for audit; see the canonical component documentation.
S34,Supplementary_Data_S34_path_measurement_sensitivity.csv,n_species,int64,n_species,Source-named field retained for audit; see the canonical component documentation.
S34,Supplementary_Data_S34_path_measurement_sensitivity.csv,p,float64,p,Source-named field retained for audit; see the canonical component documentation.
S34,Supplementary_Data_S34_path_measurement_sensitivity.csv,path_trait_definition,str,path_trait_definition,Source-named field retained for audit; see the canonical component documentation.
S34,Supplementary_Data_S34_path_measurement_sensitivity.csv,q,int64,q,Source-named field retained for audit; see the canonical component documentation.
S34,Supplementary_Data_S34_path_measurement_sensitivity.csv,rank,int64,rank,Source-named field retained for audit; see the canonical component documentation.
S34,Supplementary_Data_S34_path_measurement_sensitivity.csv,replicate_id,str,replicate_id,Source-named field retained for audit; see the canonical component documentation.
S34,Supplementary_Data_S34_path_measurement_sensitivity.csv,residual_regime,float64,residual_regime,Source-named field retained for audit; see the canonical component documentation.
S34,Supplementary_Data_S34_path_measurement_sensitivity.csv,runtime_warning_count,int64,runtime_warning_count,Source-named field retained for audit; see the canonical component documentation.
S34,Supplementary_Data_S34_path_measurement_sensitivity.csv,stored_warning_count,int64,stored_warning_count,Source-named field retained for audit; see the canonical component documentation.
S34,Supplementary_Data_S34_path_measurement_sensitivity.csv,tree_id,str,tree_id,Source-named field retained for audit; see the canonical component documentation.
S34,Supplementary_Data_S34_path_measurement_sensitivity.csv,w,float64,w,Source-named field retained for audit; see the canonical component documentation.
S35,Supplementary_Data_S35_path_leave_one_species_out.csv,C,float64,C,Source-named field retained for audit; see the canonical component documentation.
S35,Supplementary_Data_S35_path_leave_one_species_out.csv,CICc,float64,CICc,Source-named field retained for audit; see the canonical component documentation.
S35,Supplementary_Data_S35_path_leave_one_species_out.csv,admissible_competitive,bool,admissible_competitive,Source-named field retained for audit; see the canonical component documentation.
S35,Supplementary_Data_S35_path_leave_one_species_out.csv,analysis_type,str,analysis_type,Source-named field retained for audit; see the canonical component documentation.
S35,Supplementary_Data_S35_path_leave_one_species_out.csv,delta_CICc,float64,delta_CICc,Source-named field retained for audit; see the canonical component documentation.
S35,Supplementary_Data_S35_path_leave_one_species_out.csv,delta_competitive,bool,delta_competitive,Source-named field retained for audit; see the canonical component documentation.
S35,Supplementary_Data_S35_path_leave_one_species_out.csv,evolutionary_model,str,evolutionary_model,Source-named field retained for audit; see the canonical component documentation.
S35,Supplementary_Data_S35_path_leave_one_species_out.csv,generating_class,float64,generating_class,Source-named field retained for audit; see the canonical component documentation.
S35,Supplementary_Data_S35_path_leave_one_species_out.csv,globally_supported,bool,globally_supported,Source-named field retained for audit; see the canonical component documentation.
S35,Supplementary_Data_S35_path_leave_one_species_out.csv,k,int64,k,Source-named field retained for audit; see the canonical component documentation.
S35,Supplementary_Data_S35_path_leave_one_species_out.csv,l,float64,l,Source-named field retained for audit; see the canonical component documentation.
S35,Supplementary_Data_S35_path_leave_one_species_out.csv,model,str,model,Source-named field retained for audit; see the canonical component documentation.
S35,Supplementary_Data_S35_path_leave_one_species_out.csv,n_species,int64,n_species,Source-named field retained for audit; see the canonical component documentation.
S35,Supplementary_Data_S35_path_leave_one_species_out.csv,p,float64,p,Source-named field retained for audit; see the canonical component documentation.
S35,Supplementary_Data_S35_path_leave_one_species_out.csv,path_trait_definition,str,path_trait_definition,Source-named field retained for audit; see the canonical component documentation.
S35,Supplementary_Data_S35_path_leave_one_species_out.csv,q,int64,q,Source-named field retained for audit; see the canonical component documentation.
S35,Supplementary_Data_S35_path_leave_one_species_out.csv,rank,int64,rank,Source-named field retained for audit; see the canonical component documentation.
S35,Supplementary_Data_S35_path_leave_one_species_out.csv,replicate_id,str,replicate_id,Source-named field retained for audit; see the canonical component documentation.
S35,Supplementary_Data_S35_path_leave_one_species_out.csv,residual_regime,float64,residual_regime,Source-named field retained for audit; see the canonical component documentation.
S35,Supplementary_Data_S35_path_leave_one_species_out.csv,runtime_warning_count,int64,runtime_warning_count,Source-named field retained for audit; see the canonical component documentation.
S35,Supplementary_Data_S35_path_leave_one_species_out.csv,stored_warning_count,int64,stored_warning_count,Source-named field retained for audit; see the canonical component documentation.
S35,Supplementary_Data_S35_path_leave_one_species_out.csv,tree_id,str,tree_id,Source-named field retained for audit; see the canonical component documentation.
S35,Supplementary_Data_S35_path_leave_one_species_out.csv,w,float64,w,Source-named field retained for audit; see the canonical component documentation.
S36,Supplementary_Data_S36_path_simulation_calibration.csv,any_bridge_top_rate,float64,any_bridge_top_rate,Source-named field retained for audit; see the canonical component documentation.
S36,Supplementary_Data_S36_path_simulation_calibration.csv,generating_class,str,generating_class,Source-named field retained for audit; see the canonical component documentation.
S36,Supplementary_Data_S36_path_simulation_calibration.csv,median_admissible_competitive_models,int64,median_admissible_competitive_models,Source-named field retained for audit; see the canonical component documentation.
S36,Supplementary_Data_S36_path_simulation_calibration.csv,n_simulations,int64,n_simulations,Source-named field retained for audit; see the canonical component documentation.
S36,Supplementary_Data_S36_path_simulation_calibration.csv,path_trait_definition,str,path_trait_definition,Source-named field retained for audit; see the canonical component documentation.
S36,Supplementary_Data_S36_path_simulation_calibration.csv,residual_regime,str,residual_regime,Source-named field retained for audit; see the canonical component documentation.
S36,Supplementary_Data_S36_path_simulation_calibration.csv,true_class_delta_le_2_rate,float64,true_class_delta_le_2_rate,Source-named field retained for audit; see the canonical component documentation.
S36,Supplementary_Data_S36_path_simulation_calibration.csv,true_class_global_fit_rate,float64,true_class_global_fit_rate,Source-named field retained for audit; see the canonical component documentation.
S36,Supplementary_Data_S36_path_simulation_calibration.csv,true_class_top_rate,float64,true_class_top_rate,Source-named field retained for audit; see the canonical component documentation.
S36,Supplementary_Data_S36_path_simulation_calibration.csv,unique_true_class_rate,float64,unique_true_class_rate,Source-named field retained for audit; see the canonical component documentation.
S37,Supplementary_Data_S37_path_dsep_tests.csv,analysis_type,str,analysis_type,Source-named field retained for audit; see the canonical component documentation.
S37,Supplementary_Data_S37_path_dsep_tests.csv,candidate_model,str,candidate_model,Source-named field retained for audit; see the canonical component documentation.
S37,Supplementary_Data_S37_path_dsep_tests.csv,component_p,float64,component_p,Source-named field retained for audit; see the canonical component documentation.
S37,Supplementary_Data_S37_path_dsep_tests.csv,evolutionary_model,str,evolutionary_model,Source-named field retained for audit; see the canonical component documentation.
S37,Supplementary_Data_S37_path_dsep_tests.csv,fitted_phylogenetic_parameter,float64,fitted_phylogenetic_parameter,Source-named field retained for audit; see the canonical component documentation.
S37,Supplementary_Data_S37_path_dsep_tests.csv,independence_claim,str,independence_claim,Source-named field retained for audit; see the canonical component documentation.
S37,Supplementary_Data_S37_path_dsep_tests.csv,path_trait_definition,str,path_trait_definition,Source-named field retained for audit; see the canonical component documentation.
S37,Supplementary_Data_S37_path_dsep_tests.csv,replicate_id,str,replicate_id,Source-named field retained for audit; see the canonical component documentation.
S37,Supplementary_Data_S37_path_dsep_tests.csv,tree_id,str,tree_id,Source-named field retained for audit; see the canonical component documentation.
S38,Supplementary_Data_S38_phylogeny_edges.csv,branch_length_myr,float64,branch_length_myr,Source-named field retained for audit; see the canonical component documentation.
S38,Supplementary_Data_S38_phylogeny_edges.csv,child_is_tip,bool,child_is_tip,Source-named field retained for audit; see the canonical component documentation.
S38,Supplementary_Data_S38_phylogeny_edges.csv,child_node,str,child_node,Source-named field retained for audit; see the canonical component documentation.
S38,Supplementary_Data_S38_phylogeny_edges.csv,parent_node,str,parent_node,Source-named field retained for audit; see the canonical component documentation.
S39,Supplementary_Data_S39_phylogeny_nodes.csv,is_tip,bool,is_tip,Source-named field retained for audit; see the canonical component documentation.
S39,Supplementary_Data_S39_phylogeny_nodes.csv,node,str,node,Source-named field retained for audit; see the canonical component documentation.
S39,Supplementary_Data_S39_phylogeny_nodes.csv,root_distance_myr,float64,root_distance_myr,Source-named field retained for audit; see the canonical component documentation.
S39,Supplementary_Data_S39_phylogeny_nodes.csv,tip_label,str,tip_label,Source-named field retained for audit; see the canonical component documentation.
S40,Supplementary_Data_S40_te_relative_iod_overlap21.csv,estimate_support,str,estimate_support,Whether one or multiple observed images support the IOD estimate.
S40,Supplementary_Data_S40_te_relative_iod_overlap21.csv,gini_simpson,float64,gini_simpson,"Gini-Simpson index, 1 - sum(p_i^2), from the canonical classified-conditional superfamily S08 row."
S40,Supplementary_Data_S40_te_relative_iod_overlap21.csv,iod_definition,str,iod_definition,Declared relative nuclear-IOD estimator and normalization; never an absolute genome-size conversion.
S40,Supplementary_Data_S40_te_relative_iod_overlap21.csv,manual_review_inclusion,bool,manual_review_inclusion,Whether the Path24 species was retained through a documented manual-review decision below the automatic object-count target.
S40,Supplementary_Data_S40_te_relative_iod_overlap21.csv,n_images,int64,n_images,Number of distinct source images contributing to the row.
S40,Supplementary_Data_S40_te_relative_iod_overlap21.csv,n_nuclei,int64,n_nuclei,Number of finalized reviewed nuclei contributing to the row.
S40,Supplementary_Data_S40_te_relative_iod_overlap21.csv,n_specimens,int64,n_specimens,Number of distinct specimen_id values; each value denotes one animal.
S40,Supplementary_Data_S40_te_relative_iod_overlap21.csv,observed_richness,int64,observed_richness,Audit/support count of positive classified-superfamily bins in the canonical S08 row; not a paper-facing diversity endpoint.
S40,Supplementary_Data_S40_te_relative_iod_overlap21.csv,quality_match_status,str,quality_match_status,Image-quality common-support or limited-overlap category.
S40,Supplementary_Data_S40_te_relative_iod_overlap21.csv,relative_iod_ci_high,float64,relative_iod_ci_high,Upper conditional 95% interval bound for the relative nuclear-IOD index.
S40,Supplementary_Data_S40_te_relative_iod_overlap21.csv,relative_iod_ci_low,float64,relative_iod_ci_low,Lower conditional 95% interval bound for the relative nuclear-IOD index.
S40,Supplementary_Data_S40_te_relative_iod_overlap21.csv,relative_iod_index,float64,relative_iod_index,Image-derived species nuclear-IOD estimate divided by the Path24 median; not an independently calibrated absolute genome size.
S40,Supplementary_Data_S40_te_relative_iod_overlap21.csv,sample_size_support,str,sample_size_support,Recorded nucleus-count support category for the IOD estimate.
S40,Supplementary_Data_S40_te_relative_iod_overlap21.csv,scientific_name,str,scientific_name,Display-form scientific name for the canonical species row.
S40,Supplementary_Data_S40_te_relative_iod_overlap21.csv,shannon_entropy,float64,shannon_entropy,Natural-log Shannon entropy from the canonical classified-conditional superfamily S08 row.
S40,Supplementary_Data_S40_te_relative_iod_overlap21.csv,species,str,species,Canonical analyzed Desmognathus species label.
S40,Supplementary_Data_S40_te_relative_iod_overlap21.csv,te_assembly_accession,str,te_assembly_accession,Assembly accession bound to the species TE resource.
S40,Supplementary_Data_S40_te_relative_iod_overlap21.csv,te_diversity_definition,str,te_diversity_definition,"Declared TE classification level, denominator, and diversity metric source for the joined row."
S40,Supplementary_Data_S40_te_relative_iod_overlap21.csv,te_sra_accession,str,te_sra_accession,SRA experiment accession bound to the species TE resource.
