fit_id,family,phase,tree_id,morphology_estimator,iod_subset,omitted_species,n_species,rank,model,k,q,C,p,CICc,delta_CICc,l,w,global_fit_pass,finite_ranking_row,release_gate_status,winner_claim_allowed_by_ranking_gate,absolute_genome_size_used,publication_claim_allowed,warning_count
loo__published_main__te_iod__image_balanced_selected50__image_qc_pass__amphileucus,te_iod,loo,published_main,image_balanced_selected50,image_qc_pass,amphileucus,17,1,mediated_evenness,1,5,3.439345013221843,0.1791248004947844,18.893890467767296,0,1,0.9980434738901589,TRUE,TRUE,supported_unique_top_model,TRUE,FALSE,FALSE,4
loo__published_main__te_iod__image_balanced_selected50__image_qc_pass__amphileucus,te_iod,loo,published_main,image_balanced_selected50,image_qc_pass,amphileucus,17,2,ltr_only,2,4,20.856149958520167,3.381564384520308e-4,32.1894832918535,13.295592824086203,0.001296876741058592,0.0012943393678534654,FALSE,TRUE,supported_unique_top_model,TRUE,FALSE,FALSE,4
loo__published_main__te_iod__image_balanced_selected50__image_qc_pass__amphileucus,te_iod,loo,published_main,image_balanced_selected50,image_qc_pass,amphileucus,17,3,evenness_only,2,4,23.319345571169585,1.0931781158651788e-4,34.65267890450292,15.758788436735625,3.784622528354813e-4,3.777217815562194e-4,FALSE,TRUE,supported_unique_top_model,TRUE,FALSE,FALSE,4
loo__published_main__te_iod__image_balanced_selected50__image_qc_pass__amphileucus,te_iod,loo,published_main,image_balanced_selected50,image_qc_pass,amphileucus,17,4,additive_composition,1,5,19.880000557947742,4.820729118382161e-5,35.33454601249319,16.440655544725896,2.691268381076356e-4,0.00026860028442201906,FALSE,TRUE,supported_unique_top_model,TRUE,FALSE,FALSE,4
loo__published_main__te_iod__image_balanced_selected50__image_qc_pass__amphileucus,te_iod,loo,published_main,image_balanced_selected50,image_qc_pass,amphileucus,17,5,proxy_null,3,3,33.146650846111314,9.826031499460264e-6,40.99280469226516,22.098914224497864,1.589577651121585e-5,1.5864676009435458e-5,FALSE,TRUE,supported_unique_top_model,TRUE,FALSE,FALSE,4
loo__published_main__te_iod__image_balanced_selected50__image_qc_pass__anicetus,te_iod,loo,published_main,image_balanced_selected50,image_qc_pass,anicetus,17,1,mediated_evenness,1,5,3.978173247172754,0.13682033685986172,19.43271870171821,0,1,0.9974264673858517,TRUE,TRUE,supported_unique_top_model,TRUE,FALSE,FALSE,4
loo__published_main__te_iod__image_balanced_selected50__image_qc_pass__anicetus,te_iod,loo,published_main,image_balanced_selected50,image_qc_pass,anicetus,17,2,ltr_only,2,4,20.718705074674475,3.600343477598855e-4,32.05203840800781,12.619319706289602,0.0018186517426842794,0.001813971383110704,FALSE,TRUE,supported_unique_top_model,TRUE,FALSE,FALSE,4
loo__published_main__te_iod__image_balanced_selected50__image_qc_pass__anicetus,te_iod,loo,published_main,image_balanced_selected50,image_qc_pass,anicetus,17,3,evenness_only,2,4,23.882027991774457,8.434353907449399e-5,35.21536132510779,15.782642623389584,3.739751106999662e-4,3.7301267355570013e-4,FALSE,TRUE,supported_unique_top_model,TRUE,FALSE,FALSE,4
loo__published_main__te_iod__image_balanced_selected50__image_qc_pass__anicetus,te_iod,loo,published_main,image_balanced_selected50,image_qc_pass,anicetus,17,4,additive_composition,1,5,19.903854744601702,4.763573360866413e-5,35.358400199147155,15.925681497428947,3.481626686643838e-4,3.472666606815471e-4,FALSE,TRUE,supported_unique_top_model,TRUE,FALSE,FALSE,4
loo__published_main__te_iod__image_balanced_selected50__image_qc_pass__anicetus,te_iod,loo,published_main,image_balanced_selected50,image_qc_pass,anicetus,17,5,proxy_null,3,3,31.870904728741426,1.7274129515354453e-5,39.717058574895276,20.284339873177068,3.938325088090356e-5,3.928189680031037e-5,FALSE,TRUE,supported_unique_top_model,TRUE,FALSE,FALSE,4
loo__published_main__te_iod__image_balanced_selected50__image_qc_pass__apalachicolae,te_iod,loo,published_main,image_balanced_selected50,image_qc_pass,apalachicolae,17,1,mediated_evenness,1,5,3.6218632459271003,0.16350174384818872,19.076408700472555,0,1,0.9975322863146615,TRUE,TRUE,supported_unique_top_model,TRUE,FALSE,FALSE,4
loo__published_main__te_iod__image_balanced_selected50__image_qc_pass__apalachicolae,te_iod,loo,published_main,image_balanced_selected50,image_qc_pass,apalachicolae,17,2,ltr_only,2,4,20.53164554663065,3.9207823301179445e-4,31.864978879963985,12.78857017949143,0.0016710801090304927,0.0016669563617761412,FALSE,TRUE,supported_unique_top_model,TRUE,FALSE,FALSE,4
loo__published_main__te_iod__image_balanced_selected50__image_qc_pass__apalachicolae,te_iod,loo,published_main,image_balanced_selected50,image_qc_pass,apalachicolae,17,3,evenness_only,2,4,23.24317288433957,1.1321998244750997e-4,34.57650621767291,15.500097517200352,4.3072153868438834e-4,4.296586412488068e-4,FALSE,TRUE,supported_unique_top_model,TRUE,FALSE,FALSE,4
loo__published_main__te_iod__image_balanced_selected50__image_qc_pass__apalachicolae,te_iod,loo,published_main,image_balanced_selected50,image_qc_pass,apalachicolae,17,4,additive_composition,1,5,19.62130963841247,5.4863909092484064e-5,35.07585509295792,15.999446392485368,3.3555549807116723e-4,3.347274431763864e-4,FALSE,TRUE,supported_unique_top_model,TRUE,FALSE,FALSE,4
loo__published_main__te_iod__image_balanced_selected50__image_qc_pass__apalachicolae,te_iod,loo,published_main,image_balanced_selected50,image_qc_pass,apalachicolae,17,5,proxy_null,3,3,31.6687777857722,1.8884555167297812e-5,39.514931631926046,20.43852293145349,3.646121497634965e-5,3.637123913716844e-5,FALSE,TRUE,supported_unique_top_model,TRUE,FALSE,FALSE,4
loo__published_main__te_iod__image_balanced_selected50__image_qc_pass__auriculatus,te_iod,loo,published_main,image_balanced_selected50,image_qc_pass,auriculatus,17,1,mediated_evenness,1,5,4.377808662930575,0.11203943947928052,19.83235411747603,0,1,0.9959572227403881,TRUE,TRUE,supported_unique_top_model,TRUE,FALSE,FALSE,4
loo__published_main__te_iod__image_balanced_selected50__image_qc_pass__auriculatus,te_iod,loo,published_main,image_balanced_selected50,image_qc_pass,auriculatus,17,2,ltr_only,2,4,20.234755236723146,4.4882918224720125e-4,31.56808857005648,11.735734452580452,0.0028289003088502983,0.002817463695011969,FALSE,TRUE,supported_unique_top_model,TRUE,FALSE,FALSE,4
loo__published_main__te_iod__image_balanced_selected50__image_qc_pass__auriculatus,te_iod,loo,published_main,image_balanced_selected50,image_qc_pass,auriculatus,17,3,additive_composition,1,5,19.103950858764755,7.106074883345137e-5,34.55849631331021,14.726142195834178,6.342476289038052e-4,6.316835070127101e-4,FALSE,TRUE,supported_unique_top_model,TRUE,FALSE,FALSE,4
loo__published_main__te_iod__image_balanced_selected50__image_qc_pass__auriculatus,te_iod,loo,published_main,image_balanced_selected50,image_qc_pass,auriculatus,17,4,evenness_only,2,4,23.48175952169533,1.0143787071548171e-4,34.81509285502867,14.982738737552637,5.578784957887679e-4,5.556231172923666e-4,FALSE,TRUE,supported_unique_top_model,TRUE,FALSE,FALSE,4
loo__published_main__te_iod__image_balanced_selected50__image_qc_pass__auriculatus,te_iod,loo,published_main,image_balanced_selected50,image_qc_pass,auriculatus,17,5,proxy_null,3,3,32.33358187972067,1.4082226999945213e-5,40.179735725874515,20.347381608398486,3.816121759760247e-5,3.800694029489978e-5,FALSE,TRUE,supported_unique_top_model,TRUE,FALSE,FALSE,4
loo__published_main__te_iod__image_balanced_selected50__image_qc_pass__bairdi,te_iod,loo,published_main,image_balanced_selected50,image_qc_pass,bairdi,17,1,mediated_evenness,1,5,3.9671937892543596,0.1375735088889425,19.421739243799813,0,1,0.9968592225626032,TRUE,TRUE,supported_unique_top_model,TRUE,FALSE,FALSE,4
loo__published_main__te_iod__image_balanced_selected50__image_qc_pass__bairdi,te_iod,loo,published_main,image_balanced_selected50,image_qc_pass,bairdi,17,2,ltr_only,2,4,20.32760147611641,4.302585412846449e-4,31.660934809449742,12.23919556564993,0.0021993403976448963,0.002192432758946818,FALSE,TRUE,supported_unique_top_model,TRUE,FALSE,FALSE,4
loo__published_main__te_iod__image_balanced_selected50__image_qc_pass__bairdi,te_iod,loo,published_main,image_balanced_selected50,image_qc_pass,bairdi,17,3,evenness_only,2,4,23.527102473657358,9.934045306581041e-5,34.860435806990694,15.43869656319088,4.441499703099609e-4,4.427549941043909e-4,FALSE,TRUE,supported_unique_top_model,TRUE,FALSE,FALSE,4
loo__published_main__te_iod__image_balanced_selected50__image_qc_pass__bairdi,te_iod,loo,published_main,image_balanced_selected50,image_qc_pass,bairdi,17,4,additive_composition,1,5,19.559908684403,5.657437904993401e-5,35.01445413894845,15.592714895148639,4.112301816451848e-4,4.09938599169097e-4,FALSE,TRUE,supported_unique_top_model,TRUE,FALSE,FALSE,4
loo__published_main__te_iod__image_balanced_selected50__image_qc_pass__bairdi,te_iod,loo,published_main,image_balanced_selected50,image_qc_pass,bairdi,17,5,proxy_null,3,3,30.078900991300166,3.797374848635293e-5,37.92505483745401,18.5033155936542,9.59524504679692e-5,9.565108517647646e-5,FALSE,TRUE,supported_unique_top_model,TRUE,FALSE,FALSE,4
loo__published_main__te_iod__image_balanced_selected50__image_qc_pass__campi,te_iod,loo,published_main,image_balanced_selected50,image_qc_pass,campi,17,1,mediated_evenness,1,5,4.05753771614548,0.13149731338928727,19.512083170690932,0,1,0.9972021300199719,TRUE,TRUE,supported_unique_top_model,TRUE,FALSE,FALSE,4
loo__published_main__te_iod__image_balanced_selected50__image_qc_pass__campi,te_iod,loo,published_main,image_balanced_selected50,image_qc_pass,campi,17,2,ltr_only,2,4,20.629491638865808,3.749795733156702e-4,31.962824972199144,12.450741801508212,0.0019785898187858163,0.0019730539817290464,FALSE,TRUE,supported_unique_top_model,TRUE,FALSE,FALSE,4
loo__published_main__te_iod__image_balanced_selected50__image_qc_pass__campi,te_iod,loo,published_main,image_balanced_selected50,image_qc_pass,campi,17,3,evenness_only,2,4,23.798493295224908,8.765711827862788e-5,35.131826628558244,15.619743457867312,4.057100853479049e-4,4.045749612795154e-4,FALSE,TRUE,supported_unique_top_model,TRUE,FALSE,FALSE,4
loo__published_main__te_iod__image_balanced_selected50__image_qc_pass__campi,te_iod,loo,published_main,image_balanced_selected50,image_qc_pass,campi,17,4,additive_composition,1,5,19.74095557907943,5.167803149208616e-5,35.19550103362488,15.683417862933947,3.929968617613495e-4,3.918973076395822e-4,FALSE,TRUE,supported_unique_top_model,TRUE,FALSE,FALSE,4
loo__published_main__te_iod__image_balanced_selected50__image_qc_pass__campi,te_iod,loo,published_main,image_balanced_selected50,image_qc_pass,campi,17,5,proxy_null,3,3,32.602535218169145,1.2503273547181948e-5,40.44868906432299,20.93660589363206,2.8423253948847694e-5,2.83437293798895e-5,FALSE,TRUE,supported_unique_top_model,TRUE,FALSE,FALSE,4
loo__published_main__te_iod__image_balanced_selected50__image_qc_pass__fuscus,te_iod,loo,published_main,image_balanced_selected50,image_qc_pass,fuscus,17,1,mediated_evenness,1,5,4.278775614569945,0.117726892511401,19.733321069115398,0,1,0.9965329250623295,TRUE,TRUE,supported_unique_top_model,TRUE,FALSE,FALSE,4
loo__published_main__te_iod__image_balanced_selected50__image_qc_pass__fuscus,te_iod,loo,published_main,image_balanced_selected50,image_qc_pass,fuscus,17,2,ltr_only,2,4,20.296853838835755,4.363226720064395e-4,31.630187172169087,11.89686610305369,0.002609926936997665,0.0026008781247252493,FALSE,TRUE,supported_unique_top_model,TRUE,FALSE,FALSE,4
loo__published_main__te_iod__image_balanced_selected50__image_qc_pass__fuscus,te_iod,loo,published_main,image_balanced_selected50,image_qc_pass,fuscus,17,3,additive_composition,1,5,19.81701054031332,4.97497425047122e-5,35.27155599485877,15.538234925743375,4.2258605016647636e-4,4.21120912662935e-4,FALSE,TRUE,supported_unique_top_model,TRUE,FALSE,FALSE,4
loo__published_main__te_iod__image_balanced_selected50__image_qc_pass__fuscus,te_iod,loo,published_main,image_balanced_selected50,image_qc_pass,fuscus,17,4,evenness_only,2,4,24.095786154883264,7.641997777962928e-5,35.4291194882166,15.695798419101202,3.905716161180508e-4,3.8921747505644245e-4,FALSE,TRUE,supported_unique_top_model,TRUE,FALSE,FALSE,4
loo__published_main__te_iod__image_balanced_selected50__image_qc_pass__fuscus,te_iod,loo,published_main,image_balanced_selected50,image_qc_pass,fuscus,17,5,proxy_null,3,3,31.465601403202626,2.065318874078237e-5,39.31175524935647,19.578434180241075,5.605276436031432e-5,5.585842522581352e-5,FALSE,TRUE,supported_unique_top_model,TRUE,FALSE,FALSE,4
loo__published_main__te_iod__image_balanced_selected50__image_qc_pass__gvnigeusgwotli,te_iod,loo,published_main,image_balanced_selected50,image_qc_pass,gvnigeusgwotli,17,1,mediated_evenness,1,5,4.035993328165306,0.1329214849125222,19.490538782710757,0,1,0.9980660857184598,TRUE,TRUE,supported_unique_top_model,TRUE,FALSE,FALSE,4
loo__published_main__te_iod__image_balanced_selected50__image_qc_pass__gvnigeusgwotli,te_iod,loo,published_main,image_balanced_selected50,image_qc_pass,gvnigeusgwotli,17,2,ltr_only,2,4,21.21104282973069,2.8757109367238964e-4,32.54437616306402,13.053837380353265,0.0014635084322074101,0.0014606781323492097,FALSE,TRUE,supported_unique_top_model,TRUE,FALSE,FALSE,4
loo__published_main__te_iod__image_balanced_selected50__image_qc_pass__gvnigeusgwotli,te_iod,loo,published_main,image_balanced_selected50,image_qc_pass,gvnigeusgwotli,17,3,evenness_only,2,4,24.87852664751191,5.321965354054825e-5,36.21185998084525,16.72132119813449,2.3388977535676814e-4,2.3343745257989947e-4,FALSE,TRUE,supported_unique_top_model,TRUE,FALSE,FALSE,4
loo__published_main__te_iod__image_balanced_selected50__image_qc_pass__gvnigeusgwotli,te_iod,loo,published_main,image_balanced_selected50,image_qc_pass,gvnigeusgwotli,17,4,additive_composition,1,5,20.842533319346607,2.979211908471502e-5,36.29707877389206,16.806539991181303,2.2413320994959713e-4,2.2369975553390817e-4,FALSE,TRUE,supported_unique_top_model,TRUE,FALSE,FALSE,4
loo__published_main__te_iod__image_balanced_selected50__image_qc_pass__gvnigeusgwotli,te_iod,loo,published_main,image_balanced_selected50,image_qc_pass,gvnigeusgwotli,17,5,proxy_null,3,3,33.714027482630236,7.639051832430965e-6,41.56018132878408,22.069642546073325,1.613013537627876e-5,1.6098941077111398e-5,FALSE,TRUE,supported_unique_top_model,TRUE,FALSE,FALSE,4
loo__published_main__te_iod__image_balanced_selected50__image_qc_pass__intermedius,te_iod,loo,published_main,image_balanced_selected50,image_qc_pass,intermedius,17,1,mediated_evenness,1,5,3.6972696239016862,0.157451971205136,19.15181507844714,0,1,0.9979725916630217,TRUE,TRUE,supported_unique_top_model,TRUE,FALSE,FALSE,4
loo__published_main__te_iod__image_balanced_selected50__image_qc_pass__intermedius,te_iod,loo,published_main,image_balanced_selected50,image_qc_pass,intermedius,17,2,ltr_only,2,4,21.16778805692261,2.93310629685406e-4,32.501121390255946,13.349306311808807,0.0012625104041921941,0.001259950780073213,FALSE,TRUE,supported_unique_top_model,TRUE,FALSE,FALSE,4
loo__published_main__te_iod__image_balanced_selected50__image_qc_pass__intermedius,te_iod,loo,published_main,image_balanced_selected50,image_qc_pass,intermedius,17,3,evenness_only,2,4,23.376148012243192,1.0649510796389983e-4,34.70948134557653,15.557666267129388,4.185002236757757e-4,4.176517528332681e-4,FALSE,TRUE,supported_unique_top_model,TRUE,FALSE,FALSE,4
loo__published_main__te_iod__image_balanced_selected50__image_qc_pass__intermedius,te_iod,loo,published_main,image_balanced_selected50,image_qc_pass,intermedius,17,4,additive_composition,1,5,19.678878388341506,5.3307197724672406e-5,35.133423842886955,15.981608764439816,3.3856164083992065e-4,3.378752381467007e-4,FALSE,TRUE,supported_unique_top_model,TRUE,FALSE,FALSE,4
loo__published_main__te_iod__image_balanced_selected50__image_qc_pass__intermedius,te_iod,loo,published_main,image_balanced_selected50,image_qc_pass,intermedius,17,5,proxy_null,3,3,33.974416071358704,6.804356490253127e-6,41.82056991751255,22.66875483906541,1.1954803192686883e-5,1.1930565925027094e-5,FALSE,TRUE,supported_unique_top_model,TRUE,FALSE,FALSE,4
loo__published_main__te_iod__image_balanced_selected50__image_qc_pass__kanawha,te_iod,loo,published_main,image_balanced_selected50,image_qc_pass,kanawha,17,1,mediated_evenness,1,5,5.636828603195502,0.05970053473444881,21.091374057740957,0,1,0.9872418847925886,TRUE,TRUE,supported_unique_top_model,TRUE,FALSE,FALSE,4
loo__published_main__te_iod__image_balanced_selected50__image_qc_pass__kanawha,te_iod,loo,published_main,image_balanced_selected50,image_qc_pass,kanawha,17,2,ltr_only,2,4,18.846432100722172,8.424633319551456e-4,30.179765434055504,9.088391376314547,0.01062871808304893,0.010493115673238294,FALSE,TRUE,supported_unique_top_model,TRUE,FALSE,FALSE,4
loo__published_main__te_iod__image_balanced_selected50__image_qc_pass__kanawha,te_iod,loo,published_main,image_balanced_selected50,image_qc_pass,kanawha,17,3,additive_composition,1,5,18.603360567834596,9.127074180159678e-5,34.05790602238005,12.966531964639096,0.001528809452169512,0.001509304725048554,FALSE,TRUE,supported_unique_top_model,TRUE,FALSE,FALSE,4
loo__published_main__te_iod__image_balanced_selected50__image_qc_pass__kanawha,te_iod,loo,published_main,image_balanced_selected50,image_qc_pass,kanawha,17,4,evenness_only,2,4,24.240189171030096,7.149024202424137e-5,35.57352250436343,14.482148446622475,7.165416208200271e-4,7.073999002706999e-4,FALSE,TRUE,supported_unique_top_model,TRUE,FALSE,FALSE,4
loo__published_main__te_iod__image_balanced_selected50__image_qc_pass__kanawha,te_iod,loo,published_main,image_balanced_selected50,image_qc_pass,kanawha,17,5,proxy_null,3,3,33.09590863308798,1.004953176642065e-5,40.94206247924183,19.85068842150087,4.891902339018529e-5,4.8294908853939247e-5,FALSE,TRUE,supported_unique_top_model,TRUE,FALSE,FALSE,4
loo__published_main__te_iod__image_balanced_selected50__image_qc_pass__marmoratus,te_iod,loo,published_main,image_balanced_selected50,image_qc_pass,marmoratus,17,1,mediated_evenness,1,5,4.229635483728525,0.12065527795534181,19.68418093827398,0,1,0.9931786482592704,TRUE,TRUE,supported_unique_top_model,TRUE,FALSE,FALSE,4
loo__published_main__te_iod__image_balanced_selected50__image_qc_pass__marmoratus,te_iod,loo,published_main,image_balanced_selected50,image_qc_pass,marmoratus,17,2,ltr_only,2,4,19.20911754541612,7.149665560296503e-4,30.542450878749456,10.858269940475477,0.004386888951345648,0.004356964438760999,FALSE,TRUE,supported_unique_top_model,TRUE,FALSE,FALSE,4
loo__published_main__te_iod__image_balanced_selected50__image_qc_pass__marmoratus,te_iod,loo,published_main,image_balanced_selected50,image_qc_pass,marmoratus,17,3,additive_composition,1,5,17.58097477474987,1.521737820280311e-4,33.03552022929532,13.351339291021343,0.0012612277275127275,0.0012526244495582022,FALSE,TRUE,supported_unique_top_model,TRUE,FALSE,FALSE,4
loo__published_main__te_iod__image_balanced_selected50__image_qc_pass__marmoratus,te_iod,loo,published_main,image_balanced_selected50,image_qc_pass,marmoratus,17,4,evenness_only,2,4,21.810610258478395,2.1858818781705924e-4,33.14394359181173,13.459762653537748,0.0011946747256388422,0.0011865254291195,FALSE,TRUE,supported_unique_top_model,TRUE,FALSE,FALSE,4
loo__published_main__te_iod__image_balanced_selected50__image_qc_pass__marmoratus,te_iod,loo,published_main,image_balanced_selected50,image_qc_pass,marmoratus,17,5,proxy_null,3,3,32.99870287275313,1.0491860937822395e-5,40.844856718906975,21.160675780632996,2.541075901605799e-5,2.5237423290810544e-5,FALSE,TRUE,supported_unique_top_model,TRUE,FALSE,FALSE,4
loo__published_main__te_iod__image_balanced_selected50__image_qc_pass__mavrokoilius,te_iod,loo,published_main,image_balanced_selected50,image_qc_pass,mavrokoilius,17,1,mediated_evenness,1,5,5.073588995252284,0.07911961184151861,20.528134449797736,0,1,0.9936074304249046,TRUE,TRUE,supported_unique_top_model,TRUE,FALSE,FALSE,4
loo__published_main__te_iod__image_balanced_selected50__image_qc_pass__mavrokoilius,te_iod,loo,published_main,image_balanced_selected50,image_qc_pass,mavrokoilius,17,2,ltr_only,2,4,19.73758380454944,5.6262549425945e-4,31.070917137882773,10.542782688085037,0.0051364590173934134,0.0051036238457550995,FALSE,TRUE,supported_unique_top_model,TRUE,FALSE,FALSE,4
loo__published_main__te_iod__image_balanced_selected50__image_qc_pass__mavrokoilius,te_iod,loo,published_main,image_balanced_selected50,image_qc_pass,mavrokoilius,17,3,additive_composition,1,5,19.39897613133765,6.131487621008347e-5,34.8535215858831,14.325387136085364,7.749643202617335e-4,7.700103069262439e-4,FALSE,TRUE,supported_unique_top_model,TRUE,FALSE,FALSE,4
loo__published_main__te_iod__image_balanced_selected50__image_qc_pass__mavrokoilius,te_iod,loo,published_main,image_balanced_selected50,image_qc_pass,mavrokoilius,17,4,evenness_only,2,4,24.472565126589934,6.421197582240357e-5,35.80589845992327,15.277764010125534,4.813663164422649e-4,4.7828914877330033e-4,FALSE,TRUE,supported_unique_top_model,TRUE,FALSE,FALSE,4
loo__published_main__te_iod__image_balanced_selected50__image_qc_pass__mavrokoilius,te_iod,loo,published_main,image_balanced_selected50,image_qc_pass,mavrokoilius,17,5,proxy_null,3,3,32.89036121560995,1.1007645734584237e-5,40.7365150617638,20.20838061196606,4.090777946709958e-5,4.064627364069349e-5,FALSE,TRUE,supported_unique_top_model,TRUE,FALSE,FALSE,4
loo__published_main__te_iod__image_balanced_selected50__image_qc_pass__monticola,te_iod,loo,published_main,image_balanced_selected50,image_qc_pass,monticola,17,1,mediated_evenness,1,5,4.167461773576138,0.12446498012421026,19.62200722812159,0,1,0.9972445859547654,TRUE,TRUE,supported_unique_top_model,TRUE,FALSE,FALSE,4
loo__published_main__te_iod__image_balanced_selected50__image_qc_pass__monticola,te_iod,loo,published_main,image_balanced_selected50,image_qc_pass,monticola,17,2,ltr_only,2,4,20.696141689087337,3.6375751325090633e-4,32.02947502242067,12.40746779429908,0.0020218670805848163,0.002016295999633375,FALSE,TRUE,supported_unique_top_model,TRUE,FALSE,FALSE,4
loo__published_main__te_iod__image_balanced_selected50__image_qc_pass__monticola,te_iod,loo,published_main,image_balanced_selected50,image_qc_pass,monticola,17,3,additive_composition,1,5,20.020798173678045,4.4930258260356126e-5,35.4753436282235,15.85333640010191,3.609871484772994e-4,3.5999247941823586e-4,FALSE,TRUE,supported_unique_top_model,TRUE,FALSE,FALSE,4
loo__published_main__te_iod__image_balanced_selected50__image_qc_pass__monticola,te_iod,loo,published_main,image_balanced_selected50,image_qc_pass,monticola,17,4,evenness_only,2,4,24.18825994725418,7.322556586963902e-5,35.52159328058752,15.899586052465928,3.5273516399917683e-4,3.5176323257404536e-4,FALSE,TRUE,supported_unique_top_model,TRUE,FALSE,FALSE,4
loo__published_main__te_iod__image_balanced_selected50__image_qc_pass__monticola,te_iod,loo,published_main,image_balanced_selected50,image_qc_pass,monticola,17,5,proxy_null,3,3,32.7830212998412,1.1543446030159998e-5,40.62917514599505,21.00716791787346,2.743793648449406e-5,2.736233360893243e-5,FALSE,TRUE,supported_unique_top_model,TRUE,FALSE,FALSE,4
loo__published_main__te_iod__image_balanced_selected50__image_qc_pass__ocoee,te_iod,loo,published_main,image_balanced_selected50,image_qc_pass,ocoee,17,1,mediated_evenness,1,5,4.923303288241469,0.08529395929893213,20.377848742786924,0,1,0.9953992983226777,TRUE,TRUE,supported_unique_top_model,TRUE,FALSE,FALSE,4
loo__published_main__te_iod__image_balanced_selected50__image_qc_pass__ocoee,te_iod,loo,published_main,image_balanced_selected50,image_qc_pass,ocoee,17,2,ltr_only,2,4,20.298801514717763,4.3593604784353257e-4,31.632134848051095,11.254286105264171,0.0035988423573667305,0.0035822851572967747,FALSE,TRUE,supported_unique_top_model,TRUE,FALSE,FALSE,4
loo__published_main__te_iod__image_balanced_selected50__image_qc_pass__ocoee,te_iod,loo,published_main,image_balanced_selected50,image_qc_pass,ocoee,17,3,additive_composition,1,5,19.774396667905584,5.0821130560319006e-5,35.22894212245104,14.851093379664114,5.958350506658059e-4,5.930937913488003e-4,FALSE,TRUE,supported_unique_top_model,TRUE,FALSE,FALSE,4
loo__published_main__te_iod__image_balanced_selected50__image_qc_pass__ocoee,te_iod,loo,published_main,image_balanced_selected50,image_qc_pass,ocoee,17,4,evenness_only,2,4,24.697699956147055,5.7863733103791226e-5,36.03103328948039,15.653184546693467,3.9898279059448624e-4,3.9714718980057547e-4,FALSE,TRUE,supported_unique_top_model,TRUE,FALSE,FALSE,4
loo__published_main__te_iod__image_balanced_selected50__image_qc_pass__ocoee,te_iod,loo,published_main,image_balanced_selected50,image_qc_pass,ocoee,17,5,proxy_null,3,3,33.47658500603692,8.488356842417666e-6,41.32273885219077,20.944890109403843,2.830576525792003e-5,2.8175538876220024e-5,FALSE,TRUE,supported_unique_top_model,TRUE,FALSE,FALSE,4
loo__published_main__te_iod__image_balanced_selected50__image_qc_pass__perlapsus,te_iod,loo,published_main,image_balanced_selected50,image_qc_pass,perlapsus,17,1,mediated_evenness,1,5,2.6105405837123046,0.2710992492224916,18.065086038257757,0,1,0.9986856311863183,TRUE,TRUE,supported_unique_top_model,TRUE,FALSE,FALSE,4
loo__published_main__te_iod__image_balanced_selected50__image_qc_pass__perlapsus,te_iod,loo,published_main,image_balanced_selected50,image_qc_pass,perlapsus,17,2,ltr_only,2,4,21.299527777499303,2.761744087659279e-4,32.632861110832636,14.567775072574879,6.865115308726761e-4,6.856092015262642e-4,FALSE,TRUE,supported_unique_top_model,TRUE,FALSE,FALSE,4
loo__published_main__te_iod__image_balanced_selected50__image_qc_pass__perlapsus,te_iod,loo,published_main,image_balanced_selected50,image_qc_pass,perlapsus,17,3,evenness_only,2,4,22.31635620870851,1.7335378251182032e-4,33.64968954204184,15.584603503784084,4.1290139278844844e-4,4.123586880746416e-4,FALSE,TRUE,supported_unique_top_model,TRUE,FALSE,FALSE,4
loo__published_main__te_iod__image_balanced_selected50__image_qc_pass__perlapsus,te_iod,loo,published_main,image_balanced_selected50,image_qc_pass,perlapsus,17,4,additive_composition,1,5,19.705815624996205,5.259403685109465e-5,35.16036107954166,17.0952750412839,1.9400288640371733e-4,1.9374789506006404e-4,FALSE,TRUE,supported_unique_top_model,TRUE,FALSE,FALSE,4
loo__published_main__te_iod__image_balanced_selected50__image_qc_pass__perlapsus,te_iod,loo,published_main,image_balanced_selected50,image_qc_pass,perlapsus,17,5,proxy_null,3,3,31.606735692146458,1.9408082536309657e-5,39.452889538300305,21.387803500042548,2.2682842641741743e-5,2.265302902076779e-5,FALSE,TRUE,supported_unique_top_model,TRUE,FALSE,FALSE,4
loo__published_main__te_iod__image_balanced_selected50__image_qc_pass__tilleyi,te_iod,loo,published_main,image_balanced_selected50,image_qc_pass,tilleyi,17,1,mediated_evenness,1,5,5.228309841153527,0.07322964742274007,20.682855295698978,0,1,0.9940878754130603,TRUE,TRUE,supported_unique_top_model,TRUE,FALSE,FALSE,4
loo__published_main__te_iod__image_balanced_selected50__image_qc_pass__tilleyi,te_iod,loo,published_main,image_balanced_selected50,image_qc_pass,tilleyi,17,2,ltr_only,2,4,20.10025863816908,4.771464037321982e-4,31.433591971502416,10.750736675803438,0.0046292133047502165,0.004601844818953015,FALSE,TRUE,supported_unique_top_model,TRUE,FALSE,FALSE,4
loo__published_main__te_iod__image_balanced_selected50__image_qc_pass__tilleyi,te_iod,loo,published_main,image_balanced_selected50,image_qc_pass,tilleyi,17,3,additive_composition,1,5,19.447457861881404,5.9846420778941756e-5,34.90200331642686,14.219148020727879,8.172430550357523e-4,8.124114122765697e-4,FALSE,TRUE,supported_unique_top_model,TRUE,FALSE,FALSE,4
loo__published_main__te_iod__image_balanced_selected50__image_qc_pass__tilleyi,te_iod,loo,published_main,image_balanced_selected50,image_qc_pass,tilleyi,17,4,evenness_only,2,4,24.67576770303493,5.8453706701655506e-5,36.009101036368264,15.326245740669286,4.6983787464380315e-4,4.6706013459324604e-4,FALSE,TRUE,supported_unique_top_model,TRUE,FALSE,FALSE,4
loo__published_main__te_iod__image_balanced_selected50__image_qc_pass__tilleyi,te_iod,loo,published_main,image_balanced_selected50,image_qc_pass,tilleyi,17,5,proxy_null,3,3,33.60030007722829,8.034769047426948e-6,41.44645392338214,20.76359862768316,3.0991446409044315e-5,3.080822111674458e-5,FALSE,TRUE,supported_unique_top_model,TRUE,FALSE,FALSE,4
loo__published_main__te_iod__image_balanced_selected50__image_qc_pass__valtos,te_iod,loo,published_main,image_balanced_selected50,image_qc_pass,valtos,17,1,mediated_evenness,1,5,3.0723205601337717,0.2152058471984999,18.526866014679225,0,1,0.9920552776744782,TRUE,TRUE,supported_unique_top_model,TRUE,FALSE,FALSE,4
loo__published_main__te_iod__image_balanced_selected50__image_qc_pass__valtos,te_iod,loo,published_main,image_balanced_selected50,image_qc_pass,valtos,17,2,ltr_only,2,4,18.019431406574753,0.0012233533887634485,29.35276473990809,10.825898725228864,0.004458471152594751,0.004423049837291037,FALSE,TRUE,supported_unique_top_model,TRUE,FALSE,FALSE,4
loo__published_main__te_iod__image_balanced_selected50__image_qc_pass__valtos,te_iod,loo,published_main,image_balanced_selected50,image_qc_pass,valtos,17,3,proxy_null,3,3,23.17552620277435,7.397718531714226e-4,31.021680048928197,12.494814034248972,0.0019354662661201243,0.0019200895240653855,FALSE,TRUE,supported_unique_top_model,TRUE,FALSE,FALSE,4
loo__published_main__te_iod__image_balanced_selected50__image_qc_pass__valtos,te_iod,loo,published_main,image_balanced_selected50,image_qc_pass,valtos,17,4,evenness_only,2,4,20.980940924095428,3.194363806158229e-4,32.314274257428764,13.787408242749539,0.0010141503391163085,0.0010060931962756958,FALSE,TRUE,supported_unique_top_model,TRUE,FALSE,FALSE,4
loo__published_main__te_iod__image_balanced_selected50__image_qc_pass__valtos,te_iod,loo,published_main,image_balanced_selected50,image_qc_pass,valtos,17,5,additive_composition,1,5,17.908620363961656,1.2917917265375944e-4,33.36316581850711,14.836299803827888,6.002586562370331e-4,5.954897678897391e-4,FALSE,TRUE,supported_unique_top_model,TRUE,FALSE,FALSE,4
loo__published_main__te_iod__image_balanced_selected50__image_qc_pass__welteri,te_iod,loo,published_main,image_balanced_selected50,image_qc_pass,welteri,17,1,mediated_evenness,1,5,2.8665493692350568,0.2385265427194998,18.32109482378051,0,1,0.9991562328481001,TRUE,TRUE,supported_unique_top_model,TRUE,FALSE,FALSE,4
loo__published_main__te_iod__image_balanced_selected50__image_qc_pass__welteri,te_iod,loo,published_main,image_balanced_selected50,image_qc_pass,welteri,17,2,ltr_only,2,4,22.381095743524032,1.682790432172565e-4,33.714429076857364,15.393334253076855,4.543389163961996e-4,4.5395556014271463e-4,FALSE,TRUE,supported_unique_top_model,TRUE,FALSE,FALSE,4
loo__published_main__te_iod__image_balanced_selected50__image_qc_pass__welteri,te_iod,loo,published_main,image_balanced_selected50,image_qc_pass,welteri,17,3,evenness_only,2,4,23.580147186788473,9.694136722293578e-5,34.91348052012181,16.5923856963413,2.4946477174048046e-4,2.4925428156052963e-4,FALSE,TRUE,supported_unique_top_model,TRUE,FALSE,FALSE,4
loo__published_main__te_iod__image_balanced_selected50__image_qc_pass__welteri,te_iod,loo,published_main,image_balanced_selected50,image_qc_pass,welteri,17,4,additive_composition,1,5,20.713597817553417,3.1776011481410293e-5,36.168143272098874,17.847048448318365,1.3321792668930188e-4,1.3310552177871725e-4,FALSE,TRUE,supported_unique_top_model,TRUE,FALSE,FALSE,4
loo__published_main__te_iod__image_balanced_selected50__image_qc_pass__welteri,te_iod,loo,published_main,image_balanced_selected50,image_qc_pass,welteri,17,5,proxy_null,3,3,34.087365727535975,6.471051323120314e-6,41.93351957368982,23.612424749909312,7.458081301987937e-6,7.451788417969121e-6,FALSE,TRUE,supported_unique_top_model,TRUE,FALSE,FALSE,4
loo__published_main__iod_morphology__image_balanced_selected50__image_qc_pass__amphileucus,iod_morphology,loo,published_main,image_balanced_selected50,image_qc_pass,amphileucus,17,1,iod_nucleus_cell_chain,1,5,0.5851686219101712,0.7463323183926414,16.039714076455624,0,1,0.9885873994661465,TRUE,TRUE,supported_unique_top_model,TRUE,FALSE,FALSE,4
loo__published_main__iod_morphology__image_balanced_selected50__image_qc_pass__amphileucus,iod_morphology,loo,published_main,image_balanced_selected50,image_qc_pass,amphileucus,17,2,iod_to_nucleus,2,4,13.810685362437802,0.007924438118831922,25.144018695771138,9.104304619315513,0.01054448494620486,0.010424144951678593,FALSE,TRUE,supported_unique_top_model,TRUE,FALSE,FALSE,4
loo__published_main__iod_morphology__image_balanced_selected50__image_qc_pass__amphileucus,iod_morphology,loo,published_main,image_balanced_selected50,image_qc_pass,amphileucus,17,3,iod_to_cell,2,4,18.565532728224493,9.564356587580258e-4,29.898866061557825,13.859151985102201,9.784156359746816e-4,9.672493691652263e-4,FALSE,TRUE,supported_unique_top_model,TRUE,FALSE,FALSE,4
loo__published_main__iod_morphology__image_balanced_selected50__image_qc_pass__amphileucus,iod_morphology,loo,published_main,image_balanced_selected50,image_qc_pass,amphileucus,17,4,morphology_null,3,3,29.693036487709776,4.495756855205091e-5,37.53919033386362,21.499476257408,2.1451024988848818e-5,2.1206213009609378e-5,FALSE,TRUE,supported_unique_top_model,TRUE,FALSE,FALSE,4
loo__published_main__iod_morphology__image_balanced_selected50__image_qc_pass__anicetus,iod_morphology,loo,published_main,image_balanced_selected50,image_qc_pass,anicetus,17,1,iod_nucleus_cell_chain,1,5,0.41696093374063015,0.8118168918723025,15.871506388286083,0,1,0.9573474034784114,TRUE,TRUE,supported_unique_top_model,TRUE,FALSE,FALSE,4
loo__published_main__iod_morphology__image_balanced_selected50__image_qc_pass__anicetus,iod_morphology,loo,published_main,image_balanced_selected50,image_qc_pass,anicetus,17,2,iod_to_nucleus,2,4,10.861078126752798,0.02817047901029679,22.19441146008613,6.322905071800047,0.04236416090304322,0.04055721944107006,FALSE,TRUE,supported_unique_top_model,TRUE,FALSE,FALSE,4
loo__published_main__iod_morphology__image_balanced_selected50__image_qc_pass__anicetus,iod_morphology,loo,published_main,image_balanced_selected50,image_qc_pass,anicetus,17,3,iod_to_cell,2,4,16.931669946294402,0.0019929367477569127,28.265003279627734,12.393496891341652,0.002036040180088967,0.0019491977797858897,FALSE,TRUE,supported_unique_top_model,TRUE,FALSE,FALSE,4
loo__published_main__iod_morphology__image_balanced_selected50__image_qc_pass__anicetus,iod_morphology,loo,published_main,image_balanced_selected50,image_qc_pass,anicetus,17,4,morphology_null,3,3,25.59952786646084,2.6431454536102184e-4,33.445681712614686,17.574175324328603,1.5269201149092833e-4,1.46179300732736e-4,FALSE,TRUE,supported_unique_top_model,TRUE,FALSE,FALSE,4
loo__published_main__iod_morphology__image_balanced_selected50__image_qc_pass__apalachicolae,iod_morphology,loo,published_main,image_balanced_selected50,image_qc_pass,apalachicolae,17,1,iod_nucleus_cell_chain,1,5,0.7495470933372129,0.6874449353615948,16.204092547882667,0,1,0.9764036892995595,TRUE,TRUE,supported_unique_top_model,TRUE,FALSE,FALSE,4
loo__published_main__iod_morphology__image_balanced_selected50__image_qc_pass__apalachicolae,iod_morphology,loo,published_main,image_balanced_selected50,image_qc_pass,apalachicolae,17,2,iod_to_nucleus,2,4,12.460099139488229,0.014238529020198065,23.793432472821564,7.589339924938898,0.022490327244058306,0.021959638494652923,FALSE,TRUE,supported_unique_top_model,TRUE,FALSE,FALSE,4
loo__published_main__iod_morphology__image_balanced_selected50__image_qc_pass__apalachicolae,iod_morphology,loo,published_main,image_balanced_selected50,image_qc_pass,apalachicolae,17,3,iod_to_cell,2,4,17.715995836007608,0.0014021972324415044,29.049329169340943,12.845236621458277,0.0016243974844934576,0.001586067696748336,FALSE,TRUE,supported_unique_top_model,TRUE,FALSE,FALSE,4
loo__published_main__iod_morphology__image_balanced_selected50__image_qc_pass__apalachicolae,iod_morphology,loo,published_main,image_balanced_selected50,image_qc_pass,apalachicolae,17,4,morphology_null,3,3,28.093120126110975,9.024330079221432e-5,35.93927397226482,19.735181424382155,5.1827445547365505e-5,5.0604509039419705e-5,FALSE,TRUE,supported_unique_top_model,TRUE,FALSE,FALSE,4
loo__published_main__iod_morphology__image_balanced_selected50__image_qc_pass__auriculatus,iod_morphology,loo,published_main,image_balanced_selected50,image_qc_pass,auriculatus,17,1,iod_nucleus_cell_chain,1,5,0.3155361181881715,0.8540478476293026,15.770081572733625,0,1,0.9558206740354216,TRUE,TRUE,supported_unique_top_model,TRUE,FALSE,FALSE,4
loo__published_main__iod_morphology__image_balanced_selected50__image_qc_pass__auriculatus,iod_morphology,loo,published_main,image_balanced_selected50,image_qc_pass,auriculatus,17,2,iod_to_nucleus,2,4,10.630394568194745,0.031047459666622923,21.96372790152808,6.193646328794456,0.04519254386919617,0.043195967742430445,FALSE,TRUE,supported_unique_top_model,TRUE,FALSE,FALSE,4
loo__published_main__iod_morphology__image_balanced_selected50__image_qc_pass__auriculatus,iod_morphology,loo,published_main,image_balanced_selected50,image_qc_pass,auriculatus,17,3,iod_to_cell,2,4,18.30068313685954,0.0010777990741903665,29.634016470192876,13.86393489745925,9.760785934380793e-4,9.329560990915312e-4,FALSE,TRUE,supported_unique_top_model,TRUE,FALSE,FALSE,4
loo__published_main__iod_morphology__image_balanced_selected50__image_qc_pass__auriculatus,iod_morphology,loo,published_main,image_balanced_selected50,image_qc_pass,auriculatus,17,4,morphology_null,3,3,27.624512319884797,1.105606899189926e-4,35.47066616603864,19.700584593305017,5.2731777440636405e-5,5.040212305639493e-5,FALSE,TRUE,supported_unique_top_model,TRUE,FALSE,FALSE,4
loo__published_main__iod_morphology__image_balanced_selected50__image_qc_pass__bairdi,iod_morphology,loo,published_main,image_balanced_selected50,image_qc_pass,bairdi,17,1,iod_nucleus_cell_chain,1,5,0.10582770324882416,0.948461717399136,15.560373157794277,0,1,0.9716597026210558,TRUE,TRUE,supported_unique_top_model,TRUE,FALSE,FALSE,4
loo__published_main__iod_morphology__image_balanced_selected50__image_qc_pass__bairdi,iod_morphology,loo,published_main,image_balanced_selected50,image_qc_pass,bairdi,17,2,iod_to_nucleus,2,4,11.362657187698435,0.022776824374570848,22.695990521031767,7.13561736323749,0.028217619769877297,0.027417924034272997,FALSE,TRUE,supported_unique_top_model,TRUE,FALSE,FALSE,4
loo__published_main__iod_morphology__image_balanced_selected50__image_qc_pass__bairdi,iod_morphology,loo,published_main,image_balanced_selected50,image_qc_pass,bairdi,17,3,iod_to_cell,2,4,18.375991393468357,0.0010418205555943194,29.70932472680169,14.148951569007412,8.464361525106435e-4,8.224479002362026e-4,FALSE,TRUE,supported_unique_top_model,TRUE,FALSE,FALSE,4
loo__published_main__iod_morphology__image_balanced_selected50__image_qc_pass__bairdi,iod_morphology,loo,published_main,image_balanced_selected50,image_qc_pass,bairdi,17,4,morphology_null,3,3,26.078892451012692,2.1523267384060407e-4,33.92504629716654,18.36467313937226,1.0283995946875397e-4,9.992544443497091e-5,FALSE,TRUE,supported_unique_top_model,TRUE,FALSE,FALSE,4
loo__published_main__iod_morphology__image_balanced_selected50__image_qc_pass__campi,iod_morphology,loo,published_main,image_balanced_selected50,image_qc_pass,campi,17,1,iod_nucleus_cell_chain,1,5,0.4698024635491521,0.7906489367648257,15.924347918094606,0,1,0.9374062788668555,TRUE,TRUE,supported_unique_top_model,TRUE,FALSE,FALSE,4
loo__published_main__iod_morphology__image_balanced_selected50__image_qc_pass__campi,iod_morphology,loo,published_main,image_balanced_selected50,image_qc_pass,campi,17,2,iod_to_nucleus,2,4,10.101718538816058,0.038748664842687464,21.435051872149394,5.510703954054788,0.06358663469484271,0.05960651061495859,FALSE,TRUE,supported_unique_top_model,TRUE,FALSE,FALSE,4
loo__published_main__iod_morphology__image_balanced_selected50__image_qc_pass__campi,iod_morphology,loo,published_main,image_balanced_selected50,image_qc_pass,campi,17,3,iod_to_cell,2,4,16.27109158039103,0.002676158642567983,27.604424913724365,11.68007699562976,0.002908730643883204,0.0027266623691085466,FALSE,TRUE,supported_unique_top_model,TRUE,FALSE,FALSE,4
loo__published_main__iod_morphology__image_balanced_selected50__image_qc_pass__campi,iod_morphology,loo,published_main,image_balanced_selected50,image_qc_pass,campi,17,4,morphology_null,3,3,24.454362842333772,4.307074772036401e-4,32.30051668848762,16.376168770393015,2.779458117053717e-4,2.6054814907736014e-4,FALSE,TRUE,supported_unique_top_model,TRUE,FALSE,FALSE,4
loo__published_main__iod_morphology__image_balanced_selected50__image_qc_pass__fuscus,iod_morphology,loo,published_main,image_balanced_selected50,image_qc_pass,fuscus,17,1,iod_nucleus_cell_chain,1,5,0.7457134798979184,0.6887638981275911,16.200258934443372,0,1,0.9640117800666774,TRUE,TRUE,supported_unique_top_model,TRUE,FALSE,FALSE,4
loo__published_main__iod_morphology__image_balanced_selected50__image_qc_pass__fuscus,iod_morphology,loo,published_main,image_balanced_selected50,image_qc_pass,fuscus,17,2,iod_to_nucleus,2,4,11.536366063320061,0.02115349019557844,22.869699396653395,6.669440462210023,0.03562455145871981,0.03434248726579744,FALSE,TRUE,supported_unique_top_model,TRUE,FALSE,FALSE,4
loo__published_main__iod_morphology__image_balanced_selected50__image_qc_pass__fuscus,iod_morphology,loo,published_main,image_balanced_selected50,image_qc_pass,fuscus,17,3,iod_to_cell,2,4,17.690458917838324,0.001418376402640531,29.023792251171656,12.823533316728284,0.0016421208713916918,0.0015830238643149484,FALSE,TRUE,supported_unique_top_model,TRUE,FALSE,FALSE,4
loo__published_main__iod_morphology__image_balanced_selected50__image_qc_pass__fuscus,iod_morphology,loo,published_main,image_balanced_selected50,image_qc_pass,fuscus,17,4,morphology_null,3,3,27.634818995575568,1.1006859988704765e-4,35.48097284172941,19.28071390728604,6.504983082876624e-5,6.270880321027517e-5,FALSE,TRUE,supported_unique_top_model,TRUE,FALSE,FALSE,4
loo__published_main__iod_morphology__image_balanced_selected50__image_qc_pass__gvnigeusgwotli,iod_morphology,loo,published_main,image_balanced_selected50,image_qc_pass,gvnigeusgwotli,17,1,iod_nucleus_cell_chain,1,5,0.4351439439414608,0.804469703566257,15.889689398486913,0,1,0.943985321942451,TRUE,TRUE,supported_unique_top_model,TRUE,FALSE,FALSE,3
loo__published_main__iod_morphology__image_balanced_selected50__image_qc_pass__gvnigeusgwotli,iod_morphology,loo,published_main,image_balanced_selected50,image_qc_pass,gvnigeusgwotli,17,2,iod_to_nucleus,2,4,10.27964886775143,0.03597150125070914,21.612982201084762,5.7232928025978484,0.05717455047901661,0.05397193644084941,FALSE,TRUE,supported_unique_top_model,TRUE,FALSE,FALSE,3
loo__published_main__iod_morphology__image_balanced_selected50__image_qc_pass__gvnigeusgwotli,iod_morphology,loo,published_main,image_balanced_selected50,image_qc_pass,gvnigeusgwotli,17,3,iod_to_cell,2,4,17.009472439804647,0.0019247753948170576,28.342805773137982,12.453116374651069,0.0019762420596708347,0.0018655434969345854,FALSE,TRUE,supported_unique_top_model,TRUE,FALSE,FALSE,3
loo__published_main__iod_morphology__image_balanced_selected50__image_qc_pass__gvnigeusgwotli,iod_morphology,loo,published_main,image_balanced_selected50,image_qc_pass,gvnigeusgwotli,17,4,morphology_null,3,3,25.20473049015205,3.12897499444742e-4,33.0508843363059,17.161194937818983,1.8771279133910824e-4,1.7719811976496422e-4,FALSE,TRUE,supported_unique_top_model,TRUE,FALSE,FALSE,3
loo__published_main__iod_morphology__image_balanced_selected50__image_qc_pass__intermedius,iod_morphology,loo,published_main,image_balanced_selected50,image_qc_pass,intermedius,17,1,iod_nucleus_cell_chain,1,5,0.2168962176502807,0.8972254516918173,15.671441672195733,0,1,0.9617227659990044,TRUE,TRUE,supported_unique_top_model,TRUE,FALSE,FALSE,4
loo__published_main__iod_morphology__image_balanced_selected50__image_qc_pass__intermedius,iod_morphology,loo,published_main,image_balanced_selected50,image_qc_pass,intermedius,17,2,iod_to_nucleus,2,4,10.867340819037551,0.028096080162014148,22.200674152370887,6.529232480175153,0.03821159634916553,0.03674896213415693,FALSE,TRUE,supported_unique_top_model,TRUE,FALSE,FALSE,4
loo__published_main__iod_morphology__image_balanced_selected50__image_qc_pass__intermedius,iod_morphology,loo,published_main,image_balanced_selected50,image_qc_pass,intermedius,17,3,iod_to_cell,2,4,17.404586085589532,0.0016125624375895597,28.737919418922864,13.06647774672713,0.0014542879590523545,0.0013986218385388773,FALSE,TRUE,supported_unique_top_model,TRUE,FALSE,FALSE,4
loo__published_main__iod_morphology__image_balanced_selected50__image_qc_pass__intermedius,iod_morphology,loo,published_main,image_balanced_selected50,image_qc_pass,intermedius,17,4,morphology_null,3,3,25.64857337168195,2.588243155913217e-4,33.4947272178358,17.82328554564007,1.3481018946767036e-4,1.296500282996978e-4,FALSE,TRUE,supported_unique_top_model,TRUE,FALSE,FALSE,4
loo__published_main__iod_morphology__image_balanced_selected50__image_qc_pass__kanawha,iod_morphology,loo,published_main,image_balanced_selected50,image_qc_pass,kanawha,17,1,iod_nucleus_cell_chain,1,5,0.4593448632225888,0.7947939092270779,15.913890317768042,0,1,0.9596414570760512,TRUE,TRUE,supported_unique_top_model,TRUE,FALSE,FALSE,4
loo__published_main__iod_morphology__image_balanced_selected50__image_qc_pass__kanawha,iod_morphology,loo,published_main,image_balanced_selected50,image_qc_pass,kanawha,17,2,iod_to_nucleus,2,4,11.04849073028495,0.026024416864549482,22.381824063618282,6.467933745850241,0.039400890046326194,0.037810727534149755,FALSE,TRUE,supported_unique_top_model,TRUE,FALSE,FALSE,4
loo__published_main__iod_morphology__image_balanced_selected50__image_qc_pass__kanawha,iod_morphology,loo,published_main,image_balanced_selected50,image_qc_pass,kanawha,17,3,iod_to_cell,2,4,16.565152392571303,0.0023474231587252703,27.898485725904635,11.984595408136594,0.0024979179750464404,0.0023971056452300253,FALSE,TRUE,supported_unique_top_model,TRUE,FALSE,FALSE,4
loo__published_main__iod_morphology__image_balanced_selected50__image_qc_pass__kanawha,iod_morphology,loo,published_main,image_balanced_selected50,image_qc_pass,kanawha,17,4,morphology_null,3,3,25.58565496339626,2.658882234214399e-4,33.431808809550105,17.517918491782062,1.5704797188330816e-4,1.5070974456893657e-4,FALSE,TRUE,supported_unique_top_model,TRUE,FALSE,FALSE,4
loo__published_main__iod_morphology__image_balanced_selected50__image_qc_pass__marmoratus,iod_morphology,loo,published_main,image_balanced_selected50,image_qc_pass,marmoratus,17,1,iod_nucleus_cell_chain,1,5,0.644279642748881,0.7245968691164771,16.098825097294334,0,1,0.9662876907264438,TRUE,TRUE,supported_unique_top_model,TRUE,FALSE,FALSE,4
loo__published_main__iod_morphology__image_balanced_selected50__image_qc_pass__marmoratus,iod_morphology,loo,published_main,image_balanced_selected50,image_qc_pass,marmoratus,17,2,iod_to_nucleus,2,4,11.678383789418575,0.019910215961024824,23.01171712275191,6.912892025457577,0.03154166171979335,0.030478319464893787,FALSE,TRUE,supported_unique_top_model,TRUE,FALSE,FALSE,4
loo__published_main__iod_morphology__image_balanced_selected50__image_qc_pass__marmoratus,iod_morphology,loo,published_main,image_balanced_selected50,image_qc_pass,marmoratus,17,3,iod_to_cell,2,4,16.256138453490202,0.002694035482312618,27.589471786823538,11.490646689529203,0.0031977004247712134,0.003089898559087144,FALSE,TRUE,supported_unique_top_model,TRUE,FALSE,FALSE,4
loo__published_main__iod_morphology__image_balanced_selected50__image_qc_pass__marmoratus,iod_morphology,loo,published_main,image_balanced_selected50,image_qc_pass,marmoratus,17,4,morphology_null,3,3,25.874211468839086,2.3498041039515805e-4,33.72036531499293,17.6215402176986,1.491183743291191e-4,1.4409124957536593e-4,FALSE,TRUE,supported_unique_top_model,TRUE,FALSE,FALSE,4
loo__published_main__iod_morphology__image_balanced_selected50__image_qc_pass__mavrokoilius,iod_morphology,loo,published_main,image_balanced_selected50,image_qc_pass,mavrokoilius,17,1,iod_nucleus_cell_chain,1,5,0.37962637178872705,0.8271136360055008,15.834171826334181,0,1,0.9536305706462164,TRUE,TRUE,supported_unique_top_model,TRUE,FALSE,FALSE,4
loo__published_main__iod_morphology__image_balanced_selected50__image_qc_pass__mavrokoilius,iod_morphology,loo,published_main,image_balanced_selected50,image_qc_pass,mavrokoilius,17,2,iod_to_nucleus,2,4,10.825062326216752,0.028602044065765164,22.158395659550088,6.324223833215907,0.04233623600021899,0.04037312889590172,FALSE,TRUE,supported_unique_top_model,TRUE,FALSE,FALSE,4
loo__published_main__iod_morphology__image_balanced_selected50__image_qc_pass__mavrokoilius,iod_morphology,loo,published_main,image_balanced_selected50,image_qc_pass,mavrokoilius,17,3,iod_to_cell,2,4,14.790816765227847,0.00515533361238929,26.12415009856118,10.289978272227,0.00582853768423546,0.005558271717850438,FALSE,TRUE,supported_unique_top_model,TRUE,FALSE,FALSE,4
loo__published_main__iod_morphology__image_balanced_selected50__image_qc_pass__mavrokoilius,iod_morphology,loo,published_main,image_balanced_selected50,image_qc_pass,mavrokoilius,17,4,morphology_null,3,3,23.359512196559255,6.845907871216861e-4,31.2056660427131,15.37149421637892,4.5932749380576027e-4,4.3802874003148355e-4,FALSE,TRUE,supported_unique_top_model,TRUE,FALSE,FALSE,4
loo__published_main__iod_morphology__image_balanced_selected50__image_qc_pass__monticola,iod_morphology,loo,published_main,image_balanced_selected50,image_qc_pass,monticola,17,1,iod_nucleus_cell_chain,1,5,0.7630686662155087,0.68281294256532,16.217614120760963,0,1,0.9565395883725032,TRUE,TRUE,supported_unique_top_model,TRUE,FALSE,FALSE,4
loo__published_main__iod_morphology__image_balanced_selected50__image_qc_pass__monticola,iod_morphology,loo,published_main,image_balanced_selected50,image_qc_pass,monticola,17,2,iod_to_nucleus,2,4,11.211219229135137,0.024290003668717808,22.54455256246847,6.326938441707508,0.042278811827197525,0.04044135726206604,FALSE,TRUE,supported_unique_top_model,TRUE,FALSE,FALSE,4
loo__published_main__iod_morphology__image_balanced_selected50__image_qc_pass__monticola,iod_morphology,loo,published_main,image_balanced_selected50,image_qc_pass,monticola,17,3,iod_to_cell,2,4,16.477678079052104,0.002440816152590286,27.81101141238544,11.593397291624477,0.003037566292651966,0.002905552411227502,FALSE,TRUE,supported_unique_top_model,TRUE,FALSE,FALSE,4
loo__published_main__iod_morphology__image_balanced_selected50__image_qc_pass__monticola,iod_morphology,loo,published_main,image_balanced_selected50,image_qc_pass,monticola,17,4,morphology_null,3,3,26.44997507734112,1.835167237940194e-4,34.29612892349496,18.078514802734,1.186589196966035e-4,1.1350195420331503e-4,FALSE,TRUE,supported_unique_top_model,TRUE,FALSE,FALSE,4
loo__published_main__iod_morphology__image_balanced_selected50__image_qc_pass__ocoee,iod_morphology,loo,published_main,image_balanced_selected50,image_qc_pass,ocoee,17,1,iod_nucleus_cell_chain,1,5,0.028071236726089948,0.9860624217080403,15.482616691271543,0,1,0.979740977990043,TRUE,TRUE,supported_unique_top_model,TRUE,FALSE,FALSE,4
loo__published_main__iod_morphology__image_balanced_selected50__image_qc_pass__ocoee,iod_morphology,loo,published_main,image_balanced_selected50,image_qc_pass,ocoee,17,2,iod_to_nucleus,2,4,11.98854209862824,0.01743667282865713,23.321875431961573,7.839258740690029,0.019848449805387594,0.01944633962391672,FALSE,TRUE,supported_unique_top_model,TRUE,FALSE,FALSE,4
loo__published_main__iod_morphology__image_balanced_selected50__image_qc_pass__ocoee,iod_morphology,loo,published_main,image_balanced_selected50,image_qc_pass,ocoee,17,3,iod_to_cell,2,4,18.458293531569627,0.0010038571041319777,29.79162686490296,14.309010173631416,7.813361532640044e-4,7.655070469378539e-4,FALSE,TRUE,supported_unique_top_model,TRUE,FALSE,FALSE,4
loo__published_main__iod_morphology__image_balanced_selected50__image_qc_pass__ocoee,iod_morphology,loo,published_main,image_balanced_selected50,image_qc_pass,ocoee,17,4,morphology_null,3,3,27.518807301372195,1.1573470872616731e-4,35.364961147526046,19.8823444562545,4.8150827782313044e-5,4.717533910247352e-5,FALSE,TRUE,supported_unique_top_model,TRUE,FALSE,FALSE,4
loo__published_main__iod_morphology__image_balanced_selected50__image_qc_pass__perlapsus,iod_morphology,loo,published_main,image_balanced_selected50,image_qc_pass,perlapsus,17,1,iod_nucleus_cell_chain,1,5,0.7834679006218023,0.675883908746181,16.238013355167254,0,1,0.9391689305412911,TRUE,TRUE,supported_unique_top_model,TRUE,FALSE,FALSE,4
loo__published_main__iod_morphology__image_balanced_selected50__image_qc_pass__perlapsus,iod_morphology,loo,published_main,image_balanced_selected50,image_qc_pass,perlapsus,17,2,iod_to_nucleus,2,4,10.638680322610675,0.03093938338380464,21.97201365594401,5.734000300776756,0.056869270207614744,0.05340985168154925,FALSE,TRUE,supported_unique_top_model,TRUE,FALSE,FALSE,4
loo__published_main__iod_morphology__image_balanced_selected50__image_qc_pass__perlapsus,iod_morphology,loo,published_main,image_balanced_selected50,image_qc_pass,perlapsus,17,3,iod_to_cell,2,4,14.857239526886971,0.005006657591343444,26.190572860220307,9.952559505053053,0.00689968339974522,0.006479968279612218,FALSE,TRUE,supported_unique_top_model,TRUE,FALSE,FALSE,4
loo__published_main__iod_morphology__image_balanced_selected50__image_qc_pass__perlapsus,iod_morphology,loo,published_main,image_balanced_selected50,image_qc_pass,perlapsus,17,4,morphology_null,3,3,22.202944311892225,0.0011124840844931594,30.04909815804607,13.811084802878817,0.0010022153277632509,9.412494975475019e-4,FALSE,TRUE,supported_unique_top_model,TRUE,FALSE,FALSE,4
loo__published_main__iod_morphology__image_balanced_selected50__image_qc_pass__tilleyi,iod_morphology,loo,published_main,image_balanced_selected50,image_qc_pass,tilleyi,17,1,iod_nucleus_cell_chain,1,5,0.612495720163793,0.7362041212262417,16.067041174709246,0,1,0.9529485170377483,TRUE,TRUE,supported_unique_top_model,TRUE,FALSE,FALSE,4
loo__published_main__iod_morphology__image_balanced_selected50__image_qc_pass__tilleyi,iod_morphology,loo,published_main,image_balanced_selected50,image_qc_pass,tilleyi,17,2,iod_to_nucleus,2,4,10.8559327051467,0.028231747420378484,22.189266038480035,6.122224863770789,0.046835564853909786,0.04463188207215862,FALSE,TRUE,supported_unique_top_model,TRUE,FALSE,FALSE,4
loo__published_main__iod_morphology__image_balanced_selected50__image_qc_pass__tilleyi,iod_morphology,loo,published_main,image_balanced_selected50,image_qc_pass,tilleyi,17,3,iod_to_cell,2,4,16.7808209486531,0.002131943086172261,28.114154281986437,12.047113107277191,0.0024210436931197004,0.0023071299970420117,FALSE,TRUE,supported_unique_top_model,TRUE,FALSE,FALSE,4
loo__published_main__iod_morphology__image_balanced_selected50__image_qc_pass__tilleyi,iod_morphology,loo,published_main,image_balanced_selected50,image_qc_pass,tilleyi,17,4,morphology_null,3,3,26.31013072744964,1.9488731951844418e-4,34.156284573603486,18.08924339889424,1.1802410207922461e-4,1.1247089305110892e-4,FALSE,TRUE,supported_unique_top_model,TRUE,FALSE,FALSE,4
loo__published_main__iod_morphology__image_balanced_selected50__image_qc_pass__valtos,iod_morphology,loo,published_main,image_balanced_selected50,image_qc_pass,valtos,17,1,iod_nucleus_cell_chain,1,5,0.8967330013667829,0.6386705679330722,16.351278455912237,0,1,0.9223680335017587,TRUE,TRUE,supported_unique_top_model,TRUE,FALSE,FALSE,4
loo__published_main__iod_morphology__image_balanced_selected50__image_qc_pass__valtos,iod_morphology,loo,published_main,image_balanced_selected50,image_qc_pass,valtos,17,2,iod_to_nucleus,2,4,10.351131720490681,0.03491057997240277,21.684465053824013,5.3331865979117765,0.0694885492515678,0.0640940165240587,FALSE,TRUE,supported_unique_top_model,TRUE,FALSE,FALSE,4
loo__published_main__iod_morphology__image_balanced_selected50__image_qc_pass__valtos,iod_morphology,loo,published_main,image_balanced_selected50,image_qc_pass,valtos,17,3,iod_to_cell,2,4,13.794123061518281,0.00798196387150707,25.127456394851613,8.776177938939377,0.012424450050978364,0.011459915560861738,FALSE,TRUE,supported_unique_top_model,TRUE,FALSE,FALSE,4
loo__published_main__iod_morphology__image_balanced_selected50__image_qc_pass__valtos,iod_morphology,loo,published_main,image_balanced_selected50,image_qc_pass,valtos,17,4,morphology_null,3,3,20.69616832823333,0.002079977440011982,28.542322174387177,12.19104371847494,0.0022529341194008775,0.0020780344133208037,FALSE,TRUE,supported_unique_top_model,TRUE,FALSE,FALSE,4
loo__published_main__iod_morphology__image_balanced_selected50__image_qc_pass__welteri,iod_morphology,loo,published_main,image_balanced_selected50,image_qc_pass,welteri,17,1,iod_nucleus_cell_chain,1,5,1.2716718785323584,0.52949267954075,16.726217333077813,0,1,0.9249516524434855,TRUE,TRUE,supported_unique_top_model,TRUE,FALSE,FALSE,5
loo__published_main__iod_morphology__image_balanced_selected50__image_qc_pass__welteri,iod_morphology,loo,published_main,image_balanced_selected50,image_qc_pass,welteri,17,2,iod_to_nucleus,2,4,10.419104461245118,0.03392973732647708,21.75243779457845,5.026220461500639,0.08101586893256978,0.07493576184332526,FALSE,TRUE,supported_unique_top_model,TRUE,FALSE,FALSE,5
loo__published_main__iod_morphology__image_balanced_selected50__image_qc_pass__welteri,iod_morphology,loo,published_main,image_balanced_selected50,image_qc_pass,welteri,17,3,iod_to_cell,2,4,23.426654815475658,1.04046092246457e-4,34.75998814880899,18.03377081573118,1.2134347372082898e-4,1.1223684653131343e-4,FALSE,TRUE,supported_unique_top_model,TRUE,FALSE,FALSE,5
loo__published_main__iod_morphology__image_balanced_selected50__image_qc_pass__welteri,iod_morphology,loo,published_main,image_balanced_selected50,image_qc_pass,welteri,17,4,morphology_null,3,3,38.46118797948287,9.126541886672612e-7,46.30734182563672,29.581124492558907,3.771728576297631e-7,3.4886665792148087e-7,FALSE,TRUE,supported_unique_top_model,TRUE,FALSE,FALSE,5
loo__published_main__integrated__image_balanced_selected50__image_qc_pass__amphileucus,integrated,loo,published_main,image_balanced_selected50,image_qc_pass,amphileucus,17,1,te_evenness_chain,6,9,8.094143495401061,0.7777307738594905,51.80842920968677,0,1,0.9978020954407671,TRUE,TRUE,supported_unique_top_model,TRUE,FALSE,FALSE,15
loo__published_main__integrated__image_balanced_selected50__image_qc_pass__amphileucus,integrated,loo,published_main,image_balanced_selected50,image_qc_pass,amphileucus,17,2,iod_morphology_only,8,7,38.15159878602856,0.0014397976044320249,64.596043230473,12.78761402078623,0.0016718792089285219,0.0016682045779927313,FALSE,TRUE,supported_unique_top_model,TRUE,FALSE,FALSE,15
loo__published_main__integrated__image_balanced_selected50__image_qc_pass__amphileucus,integrated,loo,published_main,image_balanced_selected50,image_qc_pass,amphileucus,17,3,te_additive_chain,6,9,24.595640250722393,0.01685961322070828,68.3099259650081,16.501496755321334,2.6106311037690306e-4,2.6048931857635814e-4,FALSE,TRUE,supported_unique_top_model,TRUE,FALSE,FALSE,15
loo__published_main__integrated__image_balanced_selected50__image_qc_pass__amphileucus,integrated,loo,published_main,image_balanced_selected50,image_qc_pass,amphileucus,17,4,te_cell_bypass,6,9,24.99773783581644,0.014833597918121444,68.71202355010215,16.903594340415374,2.1351634513691202e-4,2.1304705658846485e-4,FALSE,TRUE,supported_unique_top_model,TRUE,FALSE,FALSE,15
loo__published_main__integrated__image_balanced_selected50__image_qc_pass__amphileucus,integrated,loo,published_main,image_balanced_selected50,image_qc_pass,amphileucus,17,5,te_nucleus_bypass,6,9,27.664226054506788,0.006192661448242487,71.37851176879249,19.57008255910572,5.628731947410333e-5,5.61636053180042e-5,FALSE,TRUE,supported_unique_top_model,TRUE,FALSE,FALSE,15
loo__published_main__integrated__image_balanced_selected50__image_qc_pass__amphileucus,integrated,loo,published_main,image_balanced_selected50,image_qc_pass,amphileucus,17,6,integrated_null,10,5,92.16761195392968,3.089806188683042e-11,107.62215740847513,55.81372819878836,7.589320862923123e-13,7.572640259997023e-13,FALSE,TRUE,supported_unique_top_model,TRUE,FALSE,FALSE,15
loo__published_main__integrated__image_balanced_selected50__image_qc_pass__anicetus,integrated,loo,published_main,image_balanced_selected50,image_qc_pass,anicetus,17,1,te_evenness_chain,6,9,7.121860224724002,0.8494564957025402,50.83614593900971,0,1,0.9925596037888195,TRUE,TRUE,supported_unique_top_model,TRUE,FALSE,FALSE,15
loo__published_main__integrated__image_balanced_selected50__image_qc_pass__anicetus,integrated,loo,published_main,image_balanced_selected50,image_qc_pass,anicetus,17,2,iod_morphology_only,8,7,34.35723339330263,0.004861595840376154,60.80167783774707,9.96553189873736,0.006855075519203354,0.006804071041282917,FALSE,TRUE,supported_unique_top_model,TRUE,FALSE,FALSE,15
loo__published_main__integrated__image_balanced_selected50__image_qc_pass__anicetus,integrated,loo,published_main,image_balanced_selected50,image_qc_pass,anicetus,17,3,te_additive_chain,6,9,22.352456811885958,0.033754312377546114,66.06674252617167,15.230596587161955,4.928536452660613e-4,4.891866188711572e-4,FALSE,TRUE,supported_unique_top_model,TRUE,FALSE,FALSE,15
loo__published_main__integrated__image_balanced_selected50__image_qc_pass__anicetus,integrated,loo,published_main,image_balanced_selected50,image_qc_pass,anicetus,17,4,te_nucleus_bypass,6,9,26.08843042914916,0.010428833802527904,69.80271614343486,18.966570204425153,7.611348542098831e-5,7.554717093244225e-5,FALSE,TRUE,supported_unique_top_model,TRUE,FALSE,FALSE,15
loo__published_main__integrated__image_balanced_selected50__image_qc_pass__anicetus,integrated,loo,published_main,image_balanced_selected50,image_qc_pass,anicetus,17,5,te_cell_bypass,6,9,26.196013363654895,0.01006875154442577,69.9102990779406,19.074153138930896,7.21273991821419e-5,7.159074275454478e-5,FALSE,TRUE,supported_unique_top_model,TRUE,FALSE,FALSE,15
loo__published_main__integrated__image_balanced_selected50__image_qc_pass__anicetus,integrated,loo,published_main,image_balanced_selected50,image_qc_pass,anicetus,17,6,integrated_null,10,5,77.71410165207791,9.5599175242711e-9,93.16864710662337,42.33250116761366,6.421170013133482e-10,6.373393964096418e-10,FALSE,TRUE,supported_unique_top_model,TRUE,FALSE,FALSE,15
loo__published_main__integrated__image_balanced_selected50__image_qc_pass__apalachicolae,integrated,loo,published_main,image_balanced_selected50,image_qc_pass,apalachicolae,17,1,te_evenness_chain,6,9,8.238305035317763,0.7662413518312345,51.95259074960347,0,1,0.9912706661054816,TRUE,TRUE,supported_unique_top_model,TRUE,FALSE,FALSE,14
loo__published_main__integrated__image_balanced_selected50__image_qc_pass__apalachicolae,integrated,loo,published_main,image_balanced_selected50,image_qc_pass,apalachicolae,17,2,iod_morphology_only,8,7,35.180775165831065,0.003753976458606534,61.62521961027551,9.672628860672035,0.007936249818605875,0.007866971644068955,FALSE,TRUE,supported_unique_top_model,TRUE,FALSE,FALSE,14
loo__published_main__integrated__image_balanced_selected50__image_qc_pass__apalachicolae,integrated,loo,published_main,image_balanced_selected50,image_qc_pass,apalachicolae,17,3,te_additive_chain,6,9,22.8684551856893,0.028863702498428956,66.58274089997501,14.630150150371534,6.654313538504528e-4,6.596225813788109e-4,FALSE,TRUE,supported_unique_top_model,TRUE,FALSE,FALSE,14
loo__published_main__integrated__image_balanced_selected50__image_qc_pass__apalachicolae,integrated,loo,published_main,image_balanced_selected50,image_qc_pass,apalachicolae,17,4,te_nucleus_bypass,6,9,26.347796791798284,0.00958067692208353,70.062082506084,18.109491756480523,1.16835233282807e-4,1.1581533952083744e-4,FALSE,TRUE,supported_unique_top_model,TRUE,FALSE,FALSE,14
loo__published_main__integrated__image_balanced_selected50__image_qc_pass__apalachicolae,integrated,loo,published_main,image_balanced_selected50,image_qc_pass,apalachicolae,17,5,te_cell_bypass,6,9,26.921716767220364,0.007930202275996168,70.63600248150607,18.683411731902595,8.768972151644416e-5,8.69242486582098e-5,FALSE,TRUE,supported_unique_top_model,TRUE,FALSE,FALSE,14
loo__published_main__integrated__image_balanced_selected50__image_qc_pass__apalachicolae,integrated,loo,published_main,image_balanced_selected50,image_qc_pass,apalachicolae,17,6,integrated_null,10,5,82.95633419417231,1.2293293050191778e-9,98.41087964871777,46.458288899114294,8.160386829083562e-11,8.089152087744063e-11,FALSE,TRUE,supported_unique_top_model,TRUE,FALSE,FALSE,14
loo__published_main__integrated__image_balanced_selected50__image_qc_pass__auriculatus,integrated,loo,published_main,image_balanced_selected50,image_qc_pass,auriculatus,17,1,te_evenness_chain,6,9,7.677806162776457,0.8097748392719082,51.392091877062164,0,1,0.9890689302914413,TRUE,TRUE,supported_unique_top_model,TRUE,FALSE,FALSE,15
loo__published_main__integrated__image_balanced_selected50__image_qc_pass__auriculatus,integrated,loo,published_main,image_balanced_selected50,image_qc_pass,auriculatus,17,2,iod_morphology_only,8,7,34.27273121088647,0.004991370740040635,60.71717565533091,9.325083778268748,0.009442430260249787,0.009339214396856792,FALSE,TRUE,supported_unique_top_model,TRUE,FALSE,FALSE,15
loo__published_main__integrated__image_balanced_selected50__image_qc_pass__auriculatus,integrated,loo,published_main,image_balanced_selected50,image_qc_pass,auriculatus,17,3,te_additive_chain,6,9,20.864375340973154,0.052402085574140944,64.57866105525886,13.186569178196699,0.001369534210760237,0.0013545637368341608,TRUE,TRUE,supported_unique_top_model,TRUE,FALSE,FALSE,15
loo__published_main__integrated__image_balanced_selected50__image_qc_pass__auriculatus,integrated,loo,published_main,image_balanced_selected50,image_qc_pass,auriculatus,17,4,te_cell_bypass,6,9,25.517243571843395,0.012553293458027137,69.2315292861291,17.83943740906694,1.3372585597826864e-4,1.322640893247335e-4,FALSE,TRUE,supported_unique_top_model,TRUE,FALSE,FALSE,15
loo__published_main__integrated__image_balanced_selected50__image_qc_pass__auriculatus,integrated,loo,published_main,image_balanced_selected50,image_qc_pass,auriculatus,17,5,te_nucleus_bypass,6,9,25.978409177753825,0.010809641168626372,69.69269489203953,18.300603014977362,1.0618778150804867e-4,1.0502703546618699e-4,FALSE,TRUE,supported_unique_top_model,TRUE,FALSE,FALSE,15
loo__published_main__integrated__image_balanced_selected50__image_qc_pass__auriculatus,integrated,loo,published_main,image_balanced_selected50,image_qc_pass,auriculatus,17,6,integrated_null,10,5,78.95876956082088,5.8935819557959235e-9,94.41331501536634,43.02122313830417,4.550510210209924e-10,4.500768265892611e-10,FALSE,TRUE,supported_unique_top_model,TRUE,FALSE,FALSE,15
loo__published_main__integrated__image_balanced_selected50__image_qc_pass__bairdi,integrated,loo,published_main,image_balanced_selected50,image_qc_pass,bairdi,17,1,te_evenness_chain,6,9,8.612398163202847,0.7356315449946116,52.326683877488556,0,1,0.987970324702305,TRUE,TRUE,supported_unique_top_model,TRUE,FALSE,FALSE,15
loo__published_main__integrated__image_balanced_selected50__image_qc_pass__bairdi,integrated,loo,published_main,image_balanced_selected50,image_qc_pass,bairdi,17,2,iod_morphology_only,8,7,34.81273378046392,0.004215483582403312,61.257178224908365,8.93049434741981,0.011501852453068033,0.011363488902735627,FALSE,TRUE,supported_unique_top_model,TRUE,FALSE,FALSE,15
loo__published_main__integrated__image_balanced_selected50__image_qc_pass__bairdi,integrated,loo,published_main,image_balanced_selected50,image_qc_pass,bairdi,17,3,te_additive_chain,6,9,24.26399590707382,0.018722565999104934,67.97828162135953,15.651597743870973,3.992994697138253e-4,3.9449602674662617e-4,FALSE,TRUE,supported_unique_top_model,TRUE,FALSE,FALSE,15
loo__published_main__integrated__image_balanced_selected50__image_qc_pass__bairdi,integrated,loo,published_main,image_balanced_selected50,image_qc_pass,bairdi,17,4,te_cell_bypass,6,9,26.036154133778837,0.010608165107151235,69.75043984806454,17.42375597057599,1.6461881229267846e-4,1.6263850143290534e-4,FALSE,TRUE,supported_unique_top_model,TRUE,FALSE,FALSE,15
loo__published_main__integrated__image_balanced_selected50__image_qc_pass__bairdi,integrated,loo,published_main,image_balanced_selected50,image_qc_pass,bairdi,17,5,te_nucleus_bypass,6,9,26.835598002880715,0.008159373686083105,70.54988371716642,18.223199839677868,1.1037797786950431e-4,1.0905016663571801e-4,FALSE,TRUE,supported_unique_top_model,TRUE,FALSE,FALSE,15
loo__published_main__integrated__image_balanced_selected50__image_qc_pass__bairdi,integrated,loo,published_main,image_balanced_selected50,image_qc_pass,bairdi,17,6,integrated_null,10,5,77.23303876172712,1.1518579423608344e-8,92.68758421627257,40.36090033878401,1.7208453756559063e-9,1.7001441645492258e-9,FALSE,TRUE,supported_unique_top_model,TRUE,FALSE,FALSE,15
loo__published_main__integrated__image_balanced_selected50__image_qc_pass__campi,integrated,loo,published_main,image_balanced_selected50,image_qc_pass,campi,17,1,te_evenness_chain,6,9,11.883989802399828,0.45504104952022995,55.59827551668553,0,1,0.9940188820449267,TRUE,TRUE,supported_unique_top_model,TRUE,FALSE,FALSE,18
loo__published_main__integrated__image_balanced_selected50__image_qc_pass__campi,integrated,loo,published_main,image_balanced_selected50,image_qc_pass,campi,17,2,iod_morphology_only,8,7,39.76694539888713,8.419553161299609e-4,66.21138984333157,10.613114326646041,0.004958970286515381,0.0049293101002960285,FALSE,TRUE,supported_unique_top_model,TRUE,FALSE,FALSE,18
loo__published_main__integrated__image_balanced_selected50__image_qc_pass__campi,integrated,loo,published_main,image_balanced_selected50,image_qc_pass,campi,17,3,te_additive_chain,6,9,26.631019534717854,0.008729232031636891,70.34530524900356,14.747029732318026,6.27658162980918e-4,6.239040654726645e-4,FALSE,TRUE,supported_unique_top_model,TRUE,FALSE,FALSE,18
loo__published_main__integrated__image_balanced_selected50__image_qc_pass__campi,integrated,loo,published_main,image_balanced_selected50,image_qc_pass,campi,17,4,te_nucleus_bypass,6,9,27.740227327105202,0.0060368566121812295,71.45451304139091,15.856237524705378,3.60463893726865e-4,3.583079166599396e-4,FALSE,TRUE,supported_unique_top_model,TRUE,FALSE,FALSE,18
loo__published_main__integrated__image_balanced_selected50__image_qc_pass__campi,integrated,loo,published_main,image_balanced_selected50,image_qc_pass,campi,17,5,te_cell_bypass,6,9,31.017630521539303,0.001957856301430305,74.73191623582501,19.13364071913948,7.001364827452794e-5,6.959488838573298e-5,FALSE,TRUE,supported_unique_top_model,TRUE,FALSE,FALSE,18
loo__published_main__integrated__image_balanced_selected50__image_qc_pass__campi,integrated,loo,published_main,image_balanced_selected50,image_qc_pass,campi,17,6,integrated_null,10,5,81.6099962231942,2.088891060125775e-9,97.06454167773965,41.46626616105412,9.90181277944912e-10,9.842588869246183e-10,FALSE,TRUE,supported_unique_top_model,TRUE,FALSE,FALSE,18
loo__published_main__integrated__image_balanced_selected50__image_qc_pass__fuscus,integrated,loo,published_main,image_balanced_selected50,image_qc_pass,fuscus,17,1,te_evenness_chain,6,9,8.158487420117712,0.7726256879291651,51.87277313440342,0,1,0.9880917509696177,TRUE,TRUE,supported_unique_top_model,TRUE,FALSE,FALSE,14
loo__published_main__integrated__image_balanced_selected50__image_qc_pass__fuscus,integrated,loo,published_main,image_balanced_selected50,image_qc_pass,fuscus,17,2,iod_morphology_only,8,7,34.42556687661716,0.004759001989411038,60.870011321061604,8.997238186658187,0.011124347622436909,0.010991876120648388,FALSE,TRUE,supported_unique_top_model,TRUE,FALSE,FALSE,14
loo__published_main__integrated__image_balanced_selected50__image_qc_pass__fuscus,integrated,loo,published_main,image_balanced_selected50,image_qc_pass,fuscus,17,3,te_additive_chain,6,9,22.520443859425857,0.03208435194002912,66.23472957371156,14.361956439308145,7.609231280041733e-4,7.518618659029221e-4,FALSE,TRUE,supported_unique_top_model,TRUE,FALSE,FALSE,14
loo__published_main__integrated__image_balanced_selected50__image_qc_pass__fuscus,integrated,loo,published_main,image_balanced_selected50,image_qc_pass,fuscus,17,4,te_nucleus_bypass,6,9,26.779547749885147,0.008311890785833831,70.49383346417085,18.62106032976743,9.046657026072468e-5,8.938927181313539e-5,FALSE,TRUE,supported_unique_top_model,TRUE,FALSE,FALSE,14
loo__published_main__integrated__image_balanced_selected50__image_qc_pass__fuscus,integrated,loo,published_main,image_balanced_selected50,image_qc_pass,fuscus,17,5,te_cell_bypass,6,9,27.12733205339044,0.007407500199776318,70.84161776767615,18.968844633272738,7.602697726600637e-5,7.512162908769555e-5,FALSE,TRUE,supported_unique_top_model,TRUE,FALSE,FALSE,14
loo__published_main__integrated__image_balanced_selected50__image_qc_pass__fuscus,integrated,loo,published_main,image_balanced_selected50,image_qc_pass,fuscus,17,6,integrated_null,10,5,81.73159716544869,1.991408371537773e-9,97.18614261999414,45.31336948559073,1.4465279780555914e-10,1.42930236266349e-10,FALSE,TRUE,supported_unique_top_model,TRUE,FALSE,FALSE,14
loo__published_main__integrated__image_balanced_selected50__image_qc_pass__gvnigeusgwotli,integrated,loo,published_main,image_balanced_selected50,image_qc_pass,gvnigeusgwotli,17,1,te_evenness_chain,6,9,8.674325181748301,0.7304668339973823,52.38861089603401,0,1,0.9952033595779137,TRUE,TRUE,supported_unique_top_model,TRUE,FALSE,FALSE,13
loo__published_main__integrated__image_balanced_selected50__image_qc_pass__gvnigeusgwotli,integrated,loo,published_main,image_balanced_selected50,image_qc_pass,gvnigeusgwotli,17,2,iod_morphology_only,8,7,36.90401398294589,0.0021632924762053918,63.348458427390334,10.959847531356324,0.004169647556041847,0.004149647256028684,FALSE,TRUE,supported_unique_top_model,TRUE,FALSE,FALSE,13
loo__published_main__integrated__image_balanced_selected50__image_qc_pass__gvnigeusgwotli,integrated,loo,published_main,image_balanced_selected50,image_qc_pass,gvnigeusgwotli,17,3,te_additive_chain,6,9,23.762689094733968,0.021906191823453547,67.47697480901968,15.08836391298567,5.291799803355358e-4,5.266416942512996e-4,FALSE,TRUE,supported_unique_top_model,TRUE,FALSE,FALSE,13
loo__published_main__integrated__image_balanced_selected50__image_qc_pass__gvnigeusgwotli,integrated,loo,published_main,image_balanced_selected50,image_qc_pass,gvnigeusgwotli,17,4,te_nucleus_bypass,6,9,27.872178710157918,0.00577518827894552,71.58646442444362,19.19785352840961,6.780146441534426e-5,6.747624517045298e-5,FALSE,TRUE,supported_unique_top_model,TRUE,FALSE,FALSE,13
loo__published_main__integrated__image_balanced_selected50__image_qc_pass__gvnigeusgwotli,integrated,loo,published_main,image_balanced_selected50,image_qc_pass,gvnigeusgwotli,17,5,te_cell_bypass,6,9,28.35987255679896,0.00489887845209247,72.07415827108467,19.68554737505066,5.3129741256259816e-5,5.2874896991735055e-5,FALSE,TRUE,supported_unique_top_model,TRUE,FALSE,FALSE,13
loo__published_main__integrated__image_balanced_selected50__image_qc_pass__gvnigeusgwotli,integrated,loo,published_main,image_balanced_selected50,image_qc_pass,gvnigeusgwotli,17,6,integrated_null,10,5,80.59046340148956,3.116109592582461e-9,96.04500885603501,43.656397960001,3.3123302673026816e-10,3.2964422100512375e-10,FALSE,TRUE,supported_unique_top_model,TRUE,FALSE,FALSE,13
loo__published_main__integrated__image_balanced_selected50__image_qc_pass__intermedius,integrated,loo,published_main,image_balanced_selected50,image_qc_pass,intermedius,17,1,te_evenness_chain,6,9,10.27132577745686,0.592170645347233,53.98561149174257,0,1,0.997186927229805,TRUE,TRUE,supported_unique_top_model,TRUE,FALSE,FALSE,17
loo__published_main__integrated__image_balanced_selected50__image_qc_pass__intermedius,integrated,loo,published_main,image_balanced_selected50,image_qc_pass,intermedius,17,2,iod_morphology_only,8,7,39.990640569573415,7.810434910953123e-4,66.43508501401786,12.44947352227529,0.0019798449188869224,0.0019742754710563924,FALSE,TRUE,supported_unique_top_model,TRUE,FALSE,FALSE,17
loo__published_main__integrated__image_balanced_selected50__image_qc_pass__intermedius,integrated,loo,published_main,image_balanced_selected50,image_qc_pass,intermedius,17,3,te_additive_chain,6,9,25.49920515803967,0.012626609367001329,69.21349087232538,15.227879380582813,4.935236929111996e-4,4.92135374849225e-4,FALSE,TRUE,supported_unique_top_model,TRUE,FALSE,FALSE,17
loo__published_main__integrated__image_balanced_selected50__image_qc_pass__intermedius,integrated,loo,published_main,image_balanced_selected50,image_qc_pass,intermedius,17,4,te_nucleus_bypass,6,9,26.670584784169293,0.00861615913398217,70.384870498455,16.399259006712434,2.7475534705088885e-4,2.739824402656345e-4,FALSE,TRUE,supported_unique_top_model,TRUE,FALSE,FALSE,17
loo__published_main__integrated__image_balanced_selected50__image_qc_pass__intermedius,integrated,loo,published_main,image_balanced_selected50,image_qc_pass,intermedius,17,5,te_cell_bypass,6,9,29.324598427876623,0.0035252502353874116,73.03888414216233,19.053272650419764,7.288437145911831e-5,7.267934241839388e-5,FALSE,TRUE,supported_unique_top_model,TRUE,FALSE,FALSE,17
loo__published_main__integrated__image_balanced_selected50__image_qc_pass__intermedius,integrated,loo,published_main,image_balanced_selected50,image_qc_pass,intermedius,17,6,integrated_null,10,5,83.88138569730273,8.529168482596106e-10,99.33593115184819,45.35031966010562,1.4200486049815863e-10,1.4160539049185592e-10,FALSE,TRUE,supported_unique_top_model,TRUE,FALSE,FALSE,17
loo__published_main__integrated__image_balanced_selected50__image_qc_pass__kanawha,integrated,loo,published_main,image_balanced_selected50,image_qc_pass,kanawha,17,1,te_evenness_chain,6,9,13.579984704644305,0.328329412582236,57.29427041893001,0,1,0.9905851188027789,TRUE,TRUE,supported_unique_top_model,TRUE,FALSE,FALSE,17
loo__published_main__integrated__image_balanced_selected50__image_qc_pass__kanawha,integrated,loo,published_main,image_balanced_selected50,image_qc_pass,kanawha,17,2,iod_morphology_only,8,7,40.81765973064598,5.90740965105585e-4,67.26210417509043,9.967833756160417,0.006847190354470268,0.006782724870748172,FALSE,TRUE,supported_unique_top_model,TRUE,FALSE,FALSE,17
loo__published_main__integrated__image_balanced_selected50__image_qc_pass__kanawha,integrated,loo,published_main,image_balanced_selected50,image_qc_pass,kanawha,17,3,te_additive_chain,6,9,25.98756279001495,0.010777464357484945,69.70184850430066,12.407578085370645,0.0020217555867156,0.002002720998056854,FALSE,TRUE,supported_unique_top_model,TRUE,FALSE,FALSE,17
loo__published_main__integrated__image_balanced_selected50__image_qc_pass__kanawha,integrated,loo,published_main,image_balanced_selected50,image_qc_pass,kanawha,17,4,te_nucleus_bypass,6,9,28.62116278999917,0.004483208313496467,72.33544850428487,15.041178085354858,5.418133206612516e-4,5.36712212616154e-4,FALSE,TRUE,supported_unique_top_model,TRUE,FALSE,FALSE,17
loo__published_main__integrated__image_balanced_selected50__image_qc_pass__kanawha,integrated,loo,published_main,image_balanced_selected50,image_qc_pass,kanawha,17,5,te_cell_bypass,6,9,32.13286378975578,0.0013199296211570122,75.84714950404148,18.55287908511147,9.360380322544496e-5,9.272253453846933e-5,FALSE,TRUE,supported_unique_top_model,TRUE,FALSE,FALSE,17
loo__published_main__integrated__image_balanced_selected50__image_qc_pass__kanawha,integrated,loo,published_main,image_balanced_selected50,image_qc_pass,kanawha,17,6,integrated_null,10,5,84.35244659409693,7.07764957752488e-10,99.80699204864239,42.512721629712374,5.867860664841419e-10,5.812615453800089e-10,FALSE,TRUE,supported_unique_top_model,TRUE,FALSE,FALSE,17
loo__published_main__integrated__image_balanced_selected50__image_qc_pass__marmoratus,integrated,loo,published_main,image_balanced_selected50,image_qc_pass,marmoratus,17,1,te_evenness_chain,6,9,9.579506556839496,0.6527966391365547,53.293792271125206,0,1,0.9952846606976493,TRUE,TRUE,supported_unique_top_model,TRUE,FALSE,FALSE,15
loo__published_main__integrated__image_balanced_selected50__image_qc_pass__marmoratus,integrated,loo,published_main,image_balanced_selected50,image_qc_pass,marmoratus,17,2,iod_morphology_only,8,7,38.61736207214792,0.0012347391340231662,65.06180651659236,11.76801424546715,0.0027836086354643425,0.002770482976263175,FALSE,TRUE,supported_unique_top_model,TRUE,FALSE,FALSE,15
loo__published_main__integrated__image_balanced_selected50__image_qc_pass__marmoratus,integrated,loo,published_main,image_balanced_selected50,image_qc_pass,marmoratus,17,3,te_additive_chain,6,9,23.16614101287552,0.026348117773563606,66.88042672716122,13.586634456036016,0.0011212431789785155,0.0011159561369491855,FALSE,TRUE,supported_unique_top_model,TRUE,FALSE,FALSE,15
loo__published_main__integrated__image_balanced_selected50__image_qc_pass__marmoratus,integrated,loo,published_main,image_balanced_selected50,image_qc_pass,marmoratus,17,4,te_nucleus_bypass,6,9,24.146021337324658,0.01943038478757919,67.86030705161036,14.566514780485157,6.869442697286266e-4,6.837050944150506e-4,FALSE,TRUE,supported_unique_top_model,TRUE,FALSE,FALSE,15
loo__published_main__integrated__image_balanced_selected50__image_qc_pass__marmoratus,integrated,loo,published_main,image_balanced_selected50,image_qc_pass,marmoratus,17,5,te_cell_bypass,6,9,27.24491888958851,0.0071234695312552,70.95920460387421,17.665412332749007,1.4588292137096968e-4,1.4519503389828742e-4,FALSE,TRUE,supported_unique_top_model,TRUE,FALSE,FALSE,15
loo__published_main__integrated__image_balanced_selected50__image_qc_pass__marmoratus,integrated,loo,published_main,image_balanced_selected50,image_qc_pass,marmoratus,17,6,integrated_null,10,5,84.87583275101908,5.750926401759671e-10,100.33037820556453,47.03658593443932,6.11132162918397e-11,6.082504674116574e-11,FALSE,TRUE,supported_unique_top_model,TRUE,FALSE,FALSE,15
loo__published_main__integrated__image_balanced_selected50__image_qc_pass__mavrokoilius,integrated,loo,published_main,image_balanced_selected50,image_qc_pass,mavrokoilius,17,1,te_evenness_chain,6,9,13.164643241415057,0.35718820364060977,56.878928955700765,0,1,0.9911781523511413,TRUE,TRUE,supported_unique_top_model,TRUE,FALSE,FALSE,15
loo__published_main__integrated__image_balanced_selected50__image_qc_pass__mavrokoilius,integrated,loo,published_main,image_balanced_selected50,image_qc_pass,mavrokoilius,17,2,iod_morphology_only,8,7,40.475477423172656,6.63298527766143e-4,66.91992186761709,10.040992911916327,0.006601248666448404,0.006543013456420764,FALSE,TRUE,supported_unique_top_model,TRUE,FALSE,FALSE,15
loo__published_main__integrated__image_balanced_selected50__image_qc_pass__mavrokoilius,integrated,loo,published_main,image_balanced_selected50,image_qc_pass,mavrokoilius,17,3,te_additive_chain,6,9,26.680168723787716,0.008588979015477727,70.39445443807342,13.51552548237266,0.001161825572916274,0.0011515761247174584,FALSE,TRUE,supported_unique_top_model,TRUE,FALSE,FALSE,15
loo__published_main__integrated__image_balanced_selected50__image_qc_pass__mavrokoilius,integrated,loo,published_main,image_balanced_selected50,image_qc_pass,mavrokoilius,17,4,te_nucleus_bypass,6,9,26.8547527135635,0.008107863816738226,70.56903842784921,13.690109472148443,0.0010647079571391726,0.0010553152657507632,FALSE,TRUE,supported_unique_top_model,TRUE,FALSE,FALSE,15
loo__published_main__integrated__image_balanced_selected50__image_qc_pass__mavrokoilius,integrated,loo,published_main,image_balanced_selected50,image_qc_pass,mavrokoilius,17,5,te_cell_bypass,6,9,32.22633109111175,0.0012767271359374055,75.94061680539747,19.061687849696703,7.257834746881688e-5,7.193807234484106e-5,FALSE,TRUE,supported_unique_top_model,TRUE,FALSE,FALSE,15
loo__published_main__integrated__image_balanced_selected50__image_qc_pass__mavrokoilius,integrated,loo,published_main,image_balanced_selected50,image_qc_pass,mavrokoilius,17,6,integrated_null,10,5,79.74550141788296,4.336360159840069e-9,95.20004687242842,38.32111791672765,4.771720246583926e-9,4.729624857545588e-9,FALSE,TRUE,supported_unique_top_model,TRUE,FALSE,FALSE,15
loo__published_main__integrated__image_balanced_selected50__image_qc_pass__monticola,integrated,loo,published_main,image_balanced_selected50,image_qc_pass,monticola,17,1,te_evenness_chain,6,9,7.27893364825892,0.838643371984884,50.99321936254463,0,1,0.9946548529869635,TRUE,TRUE,supported_unique_top_model,TRUE,FALSE,FALSE,15
loo__published_main__integrated__image_balanced_selected50__image_qc_pass__monticola,integrated,loo,published_main,image_balanced_selected50,image_qc_pass,monticola,17,2,iod_morphology_only,8,7,35.26885730097885,0.0036508906748018433,61.713301745423294,10.720082382878665,0.004700712474482579,0.004675586475240455,FALSE,TRUE,supported_unique_top_model,TRUE,FALSE,FALSE,15
loo__published_main__integrated__image_balanced_selected50__image_qc_pass__monticola,integrated,loo,published_main,image_balanced_selected50,image_qc_pass,monticola,17,3,te_additive_chain,6,9,22.328086659369273,0.0340030901795787,66.04237237365498,15.049153011110356,5.396571618170045e-4,5.367726149504545e-4,FALSE,TRUE,supported_unique_top_model,TRUE,FALSE,FALSE,15
loo__published_main__integrated__image_balanced_selected50__image_qc_pass__monticola,integrated,loo,published_main,image_balanced_selected50,image_qc_pass,monticola,17,4,te_nucleus_bypass,6,9,26.321081321923817,0.00966492739024949,70.03536703620952,19.042147673664893,7.329091958962244e-5,7.289916884969527e-5,FALSE,TRUE,supported_unique_top_model,TRUE,FALSE,FALSE,15
loo__published_main__integrated__image_balanced_selected50__image_qc_pass__monticola,integrated,loo,published_main,image_balanced_selected50,image_qc_pass,monticola,17,5,te_cell_bypass,6,9,26.714261255575142,0.008492949848537545,70.42854696986085,19.435327607316218,6.021049991545814e-5,5.9888665941681594e-5,FALSE,TRUE,supported_unique_top_model,TRUE,FALSE,FALSE,15
loo__published_main__integrated__image_balanced_selected50__image_qc_pass__monticola,integrated,loo,published_main,image_balanced_selected50,image_qc_pass,monticola,17,6,integrated_null,10,5,81.83409311300773,1.9127558426035307e-9,97.28863856755318,46.29541920500855,8.852734730923355e-11,8.805415562319156e-11,FALSE,TRUE,supported_unique_top_model,TRUE,FALSE,FALSE,15
loo__published_main__integrated__image_balanced_selected50__image_qc_pass__ocoee,integrated,loo,published_main,image_balanced_selected50,image_qc_pass,ocoee,17,1,te_evenness_chain,6,9,8.823335000626784,0.7179413340176859,52.53762071491249,0,1,0.9920644655583594,TRUE,TRUE,supported_unique_top_model,TRUE,FALSE,FALSE,14
loo__published_main__integrated__image_balanced_selected50__image_qc_pass__ocoee,integrated,loo,published_main,image_balanced_selected50,image_qc_pass,ocoee,17,2,iod_morphology_only,8,7,36.072315573190885,0.0028273064175118323,62.51676001763533,9.979139302722835,0.006808593930974201,0.00675456409933581,FALSE,TRUE,supported_unique_top_model,TRUE,FALSE,FALSE,14
loo__published_main__integrated__image_balanced_selected50__image_qc_pass__ocoee,integrated,loo,published_main,image_balanced_selected50,image_qc_pass,ocoee,17,3,te_additive_chain,6,9,22.635593752957497,0.030983843834434754,66.3498794672432,13.812258752330706,0.001001627225313422,9.936787779692624e-4,FALSE,TRUE,supported_unique_top_model,TRUE,FALSE,FALSE,14
loo__published_main__integrated__image_balanced_selected50__image_qc_pass__ocoee,integrated,loo,published_main,image_balanced_selected50,image_qc_pass,ocoee,17,4,te_nucleus_bypass,6,9,27.259983191116817,0.007087839069420121,70.97426890540252,18.436648190490033,9.920480620052582e-5,9.841756304414526e-5,FALSE,TRUE,supported_unique_top_model,TRUE,FALSE,FALSE,14
loo__published_main__integrated__image_balanced_selected50__image_qc_pass__ocoee,integrated,loo,published_main,image_balanced_selected50,image_qc_pass,ocoee,17,5,te_cell_bypass,6,9,27.463983746715407,0.0066217171107841866,71.17826946100112,18.64064874608863,8.958484678004759e-5,8.887394314297542e-5,FALSE,TRUE,supported_unique_top_model,TRUE,FALSE,FALSE,14
loo__published_main__integrated__image_balanced_selected50__image_qc_pass__ocoee,integrated,loo,published_main,image_balanced_selected50,image_qc_pass,ocoee,17,6,integrated_null,10,5,84.20318454530381,7.508843546943922e-10,99.65772999984927,47.120109284936774,5.861358369913646e-11,5.814845358694398e-11,FALSE,TRUE,supported_unique_top_model,TRUE,FALSE,FALSE,14
loo__published_main__integrated__image_balanced_selected50__image_qc_pass__perlapsus,integrated,loo,published_main,image_balanced_selected50,image_qc_pass,perlapsus,17,1,te_evenness_chain,6,9,11.577842029844138,0.480150723421344,55.29212774412984,0,1,0.9968430978805334,TRUE,TRUE,supported_unique_top_model,TRUE,FALSE,FALSE,18
loo__published_main__integrated__image_balanced_selected50__image_qc_pass__perlapsus,integrated,loo,published_main,image_balanced_selected50,image_qc_pass,perlapsus,17,2,iod_morphology_only,8,7,40.99298387380585,5.566051733247868e-4,67.43742831825028,12.14530057412044,0.00230505604784738,0.002297779211524441,FALSE,TRUE,supported_unique_top_model,TRUE,FALSE,FALSE,18
loo__published_main__integrated__image_balanced_selected50__image_qc_pass__perlapsus,integrated,loo,published_main,image_balanced_selected50,image_qc_pass,perlapsus,17,3,te_nucleus_bypass,6,9,26.241509120355254,0.009920040863504953,69.95579483464095,14.663667090511112,6.543726645947056e-4,6.523068741429255e-4,FALSE,TRUE,supported_unique_top_model,TRUE,FALSE,FALSE,18
loo__published_main__integrated__image_balanced_selected50__image_qc_pass__perlapsus,integrated,loo,published_main,image_balanced_selected50,image_qc_pass,perlapsus,17,4,te_additive_chain,6,9,28.976542116402538,0.003971708902666515,72.69082783068825,17.398700086558406,1.666941197492651e-4,1.6616788272932602e-4,FALSE,TRUE,supported_unique_top_model,TRUE,FALSE,FALSE,18
loo__published_main__integrated__image_balanced_selected50__image_qc_pass__perlapsus,integrated,loo,published_main,image_balanced_selected50,image_qc_pass,perlapsus,17,5,te_cell_bypass,6,9,31.793153713859105,0.0014891850316719468,75.5074394281448,20.215311684014964,4.0766257450139246e-5,4.063756236559218e-5,FALSE,TRUE,supported_unique_top_model,TRUE,FALSE,FALSE,18
loo__published_main__integrated__image_balanced_selected50__image_qc_pass__perlapsus,integrated,loo,published_main,image_balanced_selected50,image_qc_pass,perlapsus,17,6,integrated_null,10,5,76.55821457112619,1.495229662307196e-8,92.01276002567164,36.720632281541796,1.0622237661148823e-8,1.0588704296562864e-8,FALSE,TRUE,supported_unique_top_model,TRUE,FALSE,FALSE,18
loo__published_main__integrated__image_balanced_selected50__image_qc_pass__tilleyi,integrated,loo,published_main,image_balanced_selected50,image_qc_pass,tilleyi,17,1,te_evenness_chain,6,9,8.585199075581889,0.737891895527125,52.2994847898676,0,1,0.9915546972096849,TRUE,TRUE,supported_unique_top_model,TRUE,FALSE,FALSE,15
loo__published_main__integrated__image_balanced_selected50__image_qc_pass__tilleyi,integrated,loo,published_main,image_balanced_selected50,image_qc_pass,tilleyi,17,2,iod_morphology_only,8,7,35.84886369616559,0.0030365430184915443,62.29330814061003,9.993823350742431,0.006758788132277862,0.006701708120005187,FALSE,TRUE,supported_unique_top_model,TRUE,FALSE,FALSE,15
loo__published_main__integrated__image_balanced_selected50__image_qc_pass__tilleyi,integrated,loo,published_main,image_balanced_selected50,image_qc_pass,tilleyi,17,3,te_additive_chain,6,9,21.497836636964223,0.04354872806420507,65.21212235124993,12.912637561382333,0.001570566682166961,0.0015573027709836803,FALSE,TRUE,supported_unique_top_model,TRUE,FALSE,FALSE,15
loo__published_main__integrated__image_balanced_selected50__image_qc_pass__tilleyi,integrated,loo,published_main,image_balanced_selected50,image_qc_pass,tilleyi,17,4,te_cell_bypass,6,9,26.934804984926526,0.007895912586504239,70.64909069921224,18.34960590934464,1.0361764183306226e-4,1.0274255947336363e-4,FALSE,TRUE,supported_unique_top_model,TRUE,FALSE,FALSE,15
loo__published_main__integrated__image_balanced_selected50__image_qc_pass__tilleyi,integrated,loo,published_main,image_balanced_selected50,image_qc_pass,tilleyi,17,5,te_nucleus_bypass,6,9,27.348388354606104,0.006882132951881781,71.06267406889181,18.76318927902421,8.426072985496436e-5,8.354912247800623e-5,FALSE,TRUE,supported_unique_top_model,TRUE,FALSE,FALSE,15
loo__published_main__integrated__image_balanced_selected50__image_qc_pass__tilleyi,integrated,loo,published_main,image_balanced_selected50,image_qc_pass,tilleyi,17,6,integrated_null,10,5,81.3267719466804,2.3346745647856437e-9,96.78131740122585,44.48183261135825,2.1922636151950615e-10,2.1737492851685483e-10,FALSE,TRUE,supported_unique_top_model,TRUE,FALSE,FALSE,15
loo__published_main__integrated__image_balanced_selected50__image_qc_pass__valtos,integrated,loo,published_main,image_balanced_selected50,image_qc_pass,valtos,17,1,te_evenness_chain,6,9,6.830725044355734,0.8685941497229936,50.54501075864144,0,1,0.6953545885755743,TRUE,TRUE,supported_competitive_model_set,FALSE,FALSE,FALSE,15
loo__published_main__integrated__image_balanced_selected50__image_qc_pass__valtos,integrated,loo,published_main,image_balanced_selected50,image_qc_pass,valtos,17,2,iod_morphology_only,8,7,25.758757240145584,0.05751860256509833,52.20320168459003,1.6581909259485883,0.43644388748482255,0.303483259818333,TRUE,TRUE,supported_competitive_model_set,FALSE,FALSE,FALSE,15
loo__published_main__integrated__image_balanced_selected50__image_qc_pass__valtos,integrated,loo,published_main,image_balanced_selected50,image_qc_pass,valtos,17,3,te_additive_chain,6,9,20.2184920268296,0.06306407540677783,63.93277774111531,13.38776698247387,0.0012384638583700786,8.611715267026444e-4,TRUE,TRUE,supported_competitive_model_set,FALSE,FALSE,FALSE,15
loo__published_main__integrated__image_balanced_selected50__image_qc_pass__valtos,integrated,loo,published_main,image_balanced_selected50,image_qc_pass,valtos,17,4,te_cell_bypass,6,9,23.59936718457048,0.023047629088316368,67.31365289885619,16.76864214021475,2.2842078764706816e-4,1.5883344281643572e-4,FALSE,TRUE,supported_competitive_model_set,FALSE,FALSE,FALSE,15
loo__published_main__integrated__image_balanced_selected50__image_qc_pass__valtos,integrated,loo,published_main,image_balanced_selected50,image_qc_pass,valtos,17,5,te_nucleus_bypass,6,9,23.977596308406945,0.020484215291665997,67.69188202269265,17.146871264051214,1.890619853184104e-4,1.3146511901636454e-4,FALSE,TRUE,supported_competitive_model_set,FALSE,FALSE,FALSE,15
loo__published_main__integrated__image_balanced_selected50__image_qc_pass__valtos,integrated,loo,published_main,image_balanced_selected50,image_qc_pass,valtos,17,6,integrated_null,10,5,57.25778985814002,1.875731561784555e-5,72.71233531268547,22.16732455404403,1.5361252708581702e-5,1.0681517557181257e-5,FALSE,TRUE,supported_competitive_model_set,FALSE,FALSE,FALSE,15
loo__published_main__integrated__image_balanced_selected50__image_qc_pass__welteri,integrated,loo,published_main,image_balanced_selected50,image_qc_pass,welteri,17,1,te_evenness_chain,6,9,14.65319633555352,0.2609521137444515,58.367482049839225,0,1,0.9991312651087736,TRUE,TRUE,supported_unique_top_model,TRUE,FALSE,FALSE,18
loo__published_main__integrated__image_balanced_selected50__image_qc_pass__welteri,integrated,loo,published_main,image_balanced_selected50,image_qc_pass,welteri,17,2,iod_morphology_only,8,7,46.55541578546407,7.985863066273247e-5,72.9998602299085,14.632378180069281,6.646904661979024e-4,6.641130263980508e-4,FALSE,TRUE,supported_unique_top_model,TRUE,FALSE,FALSE,18
loo__published_main__integrated__image_balanced_selected50__image_qc_pass__welteri,integrated,loo,published_main,image_balanced_selected50,image_qc_pass,welteri,17,3,te_nucleus_bypass,6,9,32.87189562610929,0.0010135834847909697,76.586181340395,18.218699290555776,1.1062663829739215e-4,1.1053053307680412e-4,FALSE,TRUE,supported_unique_top_model,TRUE,FALSE,FALSE,18
loo__published_main__integrated__image_balanced_selected50__image_qc_pass__welteri,integrated,loo,published_main,image_balanced_selected50,image_qc_pass,welteri,17,4,te_additive_chain,6,9,33.69888791049309,7.523464845661243e-4,77.4131736247788,19.045691574939582,7.316116668976078e-5,7.309760903157456e-5,FALSE,TRUE,supported_unique_top_model,TRUE,FALSE,FALSE,18
loo__published_main__integrated__image_balanced_selected50__image_qc_pass__welteri,integrated,loo,published_main,image_balanced_selected50,image_qc_pass,welteri,17,5,te_cell_bypass,6,9,36.19403230290397,3.015242165722576e-4,79.90831801718969,21.54083596735046,2.1011976281611657e-5,2.09937224446822e-5,FALSE,TRUE,supported_unique_top_model,TRUE,FALSE,FALSE,18
loo__published_main__integrated__image_balanced_selected50__image_qc_pass__welteri,integrated,loo,published_main,image_balanced_selected50,image_qc_pass,welteri,17,6,integrated_null,10,5,100.75316057571095,9.232614672782802e-13,116.2077060302564,57.84022398041718,2.755211526300624e-13,2.752817977915017e-13,FALSE,TRUE,supported_unique_top_model,TRUE,FALSE,FALSE,18
loo__published_main__terminal_internal_iod__image_balanced_selected50__image_qc_pass__amphileucus,terminal_internal_iod,loo,published_main,image_balanced_selected50,image_qc_pass,amphileucus,15,1,proxy_null,6,4,29.522954140086352,0.0032927854608286733,41.522954140086355,0,1,0.6463538102569366,FALSE,TRUE,blocked_no_globally_supported_model,FALSE,FALSE,FALSE,9
loo__published_main__terminal_internal_iod__image_balanced_selected50__image_qc_pass__amphileucus,terminal_internal_iod,loo,published_main,image_balanced_selected50,image_qc_pass,amphileucus,15,2,terminal_internal_only,5,5,26.568261633103425,0.003046587786020405,43.23492829977009,1.7119741596837343,0.424863609731486,0.2746122129894621,FALSE,TRUE,blocked_no_globally_supported_model,FALSE,FALSE,FALSE,9
loo__published_main__terminal_internal_iod__image_balanced_selected50__image_qc_pass__amphileucus,terminal_internal_iod,loo,published_main,image_balanced_selected50,image_qc_pass,amphileucus,15,3,ltr_terminal_internal_chain,4,6,24.552651921991448,0.0018502748698765448,47.05265192199145,5.529697781905092,0.06298561632543251,0.04071099310332481,FALSE,TRUE,blocked_no_globally_supported_model,FALSE,FALSE,FALSE,9
loo__published_main__terminal_internal_iod__image_balanced_selected50__image_qc_pass__amphileucus,terminal_internal_iod,loo,published_main,image_balanced_selected50,image_qc_pass,amphileucus,15,4,terminal_internal_evenness_additive,4,6,25.451575602312197,0.0013029051746553666,47.9515756023122,6.428621462225841,0.04018302118680176,0.025972448851724526,FALSE,TRUE,blocked_no_globally_supported_model,FALSE,FALSE,FALSE,9
loo__published_main__terminal_internal_iod__image_balanced_selected50__image_qc_pass__amphileucus,terminal_internal_iod,loo,published_main,image_balanced_selected50,image_qc_pass,amphileucus,15,5,te_terminal_internal_state,3,7,19.43824950425902,0.003484093693942536,49.43824950425902,7.915295364172664,0.01910800958014386,0.01235053479855203,FALSE,TRUE,blocked_no_globally_supported_model,FALSE,FALSE,FALSE,9
loo__published_main__terminal_internal_iod__image_balanced_selected50__image_qc_pass__anicetus,terminal_internal_iod,loo,published_main,image_balanced_selected50,image_qc_pass,anicetus,15,1,proxy_null,6,4,24.658495252313834,0.016526686963716952,36.658495252313834,0,1,0.7183290955768696,FALSE,TRUE,blocked_no_globally_supported_model,FALSE,FALSE,FALSE,9
loo__published_main__terminal_internal_iod__image_balanced_selected50__image_qc_pass__anicetus,terminal_internal_iod,loo,published_main,image_balanced_selected50,image_qc_pass,anicetus,15,2,terminal_internal_only,5,5,22.311088810848112,0.013595903876570281,38.977755477514776,2.319260225200942,0.3136021569185551,0.22526955375026123,FALSE,TRUE,blocked_no_globally_supported_model,FALSE,FALSE,FALSE,9
loo__published_main__terminal_internal_iod__image_balanced_selected50__image_qc_pass__anicetus,terminal_internal_iod,loo,published_main,image_balanced_selected50,image_qc_pass,anicetus,15,3,ltr_terminal_internal_chain,4,6,20.28024568292086,0.009326224692762675,42.780245682920864,6.12175043060703,0.04684667634437763,0.033651330649239114,FALSE,TRUE,blocked_no_globally_supported_model,FALSE,FALSE,FALSE,9
loo__published_main__terminal_internal_iod__image_balanced_selected50__image_qc_pass__anicetus,terminal_internal_iod,loo,published_main,image_balanced_selected50,image_qc_pass,anicetus,15,4,terminal_internal_evenness_additive,4,6,21.191911523324883,0.006654732916100636,43.69191152332488,7.033416271011049,0.029697033048943503,0.021332242891363994,FALSE,TRUE,blocked_no_globally_supported_model,FALSE,FALSE,FALSE,9
loo__published_main__terminal_internal_iod__image_balanced_selected50__image_qc_pass__anicetus,terminal_internal_iod,loo,published_main,image_balanced_selected50,image_qc_pass,anicetus,15,5,te_terminal_internal_state,3,7,19.114170390596453,0.003975099551950967,49.114170390596456,12.455675138282622,0.0019737153082007137,0.0014177771322660413,FALSE,TRUE,blocked_no_globally_supported_model,FALSE,FALSE,FALSE,9
loo__published_main__terminal_internal_iod__image_balanced_selected50__image_qc_pass__apalachicolae,terminal_internal_iod,loo,published_main,image_balanced_selected50,image_qc_pass,apalachicolae,15,1,proxy_null,6,4,24.89557769995374,0.015325523733070612,36.89557769995374,0,1,0.7055267614437363,FALSE,TRUE,blocked_no_globally_supported_model,FALSE,FALSE,FALSE,9
loo__published_main__terminal_internal_iod__image_balanced_selected50__image_qc_pass__apalachicolae,terminal_internal_iod,loo,published_main,image_balanced_selected50,image_qc_pass,apalachicolae,15,2,terminal_internal_only,5,5,22.477854125463832,0.01284694486986171,39.1445207921305,2.2489430921767593,0.3248240765644269,0.22917207877745235,FALSE,TRUE,blocked_no_globally_supported_model,FALSE,FALSE,FALSE,9
loo__published_main__terminal_internal_iod__image_balanced_selected50__image_qc_pass__apalachicolae,terminal_internal_iod,loo,published_main,image_balanced_selected50,image_qc_pass,apalachicolae,15,3,ltr_terminal_internal_chain,4,6,20.171810418713857,0.00970521638671562,42.67181041871386,5.77623271876012,0.055680996880030656,0.03928443340272681,FALSE,TRUE,blocked_no_globally_supported_model,FALSE,FALSE,FALSE,9
loo__published_main__terminal_internal_iod__image_balanced_selected50__image_qc_pass__apalachicolae,terminal_internal_iod,loo,published_main,image_balanced_selected50,image_qc_pass,apalachicolae,15,4,terminal_internal_evenness_additive,4,6,21.133972304699448,0.006799931527412206,43.63397230469945,6.738394604745707,0.034417252905757124,0.024282292980388843,FALSE,TRUE,blocked_no_globally_supported_model,FALSE,FALSE,FALSE,9
loo__published_main__terminal_internal_iod__image_balanced_selected50__image_qc_pass__apalachicolae,terminal_internal_iod,loo,published_main,image_balanced_selected50,image_qc_pass,apalachicolae,15,5,te_terminal_internal_state,3,7,18.91210553233254,0.004314677147770785,48.91210553233254,12.016527832378799,0.002458352383609765,0.001734433395695687,FALSE,TRUE,blocked_no_globally_supported_model,FALSE,FALSE,FALSE,9
loo__published_main__terminal_internal_iod__image_balanced_selected50__image_qc_pass__auriculatus,terminal_internal_iod,loo,published_main,image_balanced_selected50,image_qc_pass,auriculatus,15,1,proxy_null,6,4,21.855688932747874,0.03916938566259598,33.855688932747874,0,1,0.7640038482407775,FALSE,TRUE,blocked_no_globally_supported_model,FALSE,FALSE,FALSE,9
loo__published_main__terminal_internal_iod__image_balanced_selected50__image_qc_pass__auriculatus,terminal_internal_iod,loo,published_main,image_balanced_selected50,image_qc_pass,auriculatus,15,2,terminal_internal_only,5,5,19.886676492997864,0.030342942429677056,36.553343159664536,2.6976542269166615,0.2595444984419928,0.19829299559940497,FALSE,TRUE,blocked_no_globally_supported_model,FALSE,FALSE,FALSE,9
loo__published_main__terminal_internal_iod__image_balanced_selected50__image_qc_pass__auriculatus,terminal_internal_iod,loo,published_main,image_balanced_selected50,image_qc_pass,auriculatus,15,3,terminal_internal_evenness_additive,4,6,18.391841004719964,0.018473185838574713,40.891841004719964,7.03615207197209,0.02965643823432895,0.022657632936142244,FALSE,TRUE,blocked_no_globally_supported_model,FALSE,FALSE,FALSE,9
loo__published_main__terminal_internal_iod__image_balanced_selected50__image_qc_pass__auriculatus,terminal_internal_iod,loo,published_main,image_balanced_selected50,image_qc_pass,auriculatus,15,4,ltr_terminal_internal_chain,4,6,19.27314398651984,0.013465184615259473,41.77314398651984,7.917455053771967,0.0190873870319467,0.01458283714526839,FALSE,TRUE,blocked_no_globally_supported_model,FALSE,FALSE,FALSE,9
loo__published_main__terminal_internal_iod__image_balanced_selected50__image_qc_pass__auriculatus,terminal_internal_iod,loo,published_main,image_balanced_selected50,image_qc_pass,auriculatus,15,5,te_terminal_internal_state,3,7,18.674247527489666,0.004750655092930933,48.67424752748967,14.818558594741795,6.056069998499691e-4,4.6268607840692827e-4,FALSE,TRUE,blocked_no_globally_supported_model,FALSE,FALSE,FALSE,9
loo__published_main__terminal_internal_iod__image_balanced_selected50__image_qc_pass__bairdi,terminal_internal_iod,loo,published_main,image_balanced_selected50,image_qc_pass,bairdi,15,1,proxy_null,6,4,27.679220735496724,0.006161621638508197,39.67922073549673,0,1,0.4806814596089103,FALSE,TRUE,blocked_no_globally_supported_model,FALSE,FALSE,FALSE,9
loo__published_main__terminal_internal_iod__image_balanced_selected50__image_qc_pass__bairdi,terminal_internal_iod,loo,published_main,image_balanced_selected50,image_qc_pass,bairdi,15,2,ltr_terminal_internal_chain,4,6,18.367314438574514,0.018635105150200615,40.86731443857451,1.188093703077783,0.5520885375033991,0.2653787240404825,FALSE,TRUE,blocked_no_globally_supported_model,FALSE,FALSE,FALSE,9
loo__published_main__terminal_internal_iod__image_balanced_selected50__image_qc_pass__bairdi,terminal_internal_iod,loo,published_main,image_balanced_selected50,image_qc_pass,bairdi,15,3,terminal_internal_only,5,5,24.856876405092247,0.005623495419397884,41.523543071758915,1.8443223362621879,0.39765870443422424,0.19114716647363114,FALSE,TRUE,blocked_no_globally_supported_model,FALSE,FALSE,FALSE,9
loo__published_main__terminal_internal_iod__image_balanced_selected50__image_qc_pass__bairdi,terminal_internal_iod,loo,published_main,image_balanced_selected50,image_qc_pass,bairdi,15,4,te_terminal_internal_state,3,7,14.45474609067346,0.024949002382753216,44.45474609067346,4.7755253551767325,0.09183491852524302,0.044143342679779166,FALSE,TRUE,blocked_no_globally_supported_model,FALSE,FALSE,FALSE,9
loo__published_main__terminal_internal_iod__image_balanced_selected50__image_qc_pass__bairdi,terminal_internal_iod,loo,published_main,image_balanced_selected50,image_qc_pass,bairdi,15,5,terminal_internal_evenness_additive,4,6,23.678012349081033,0.0025945597143651744,46.17801234908103,6.498791613584302,0.038797642023410496,0.018649307197196954,FALSE,TRUE,blocked_no_globally_supported_model,FALSE,FALSE,FALSE,9
loo__published_main__terminal_internal_iod__image_balanced_selected50__image_qc_pass__campi,terminal_internal_iod,loo,published_main,image_balanced_selected50,image_qc_pass,campi,15,1,proxy_null,6,4,26.664731972107056,0.008632797833955652,38.664731972107056,0,1,0.5630831508830683,FALSE,TRUE,blocked_no_globally_supported_model,FALSE,FALSE,FALSE,9
loo__published_main__terminal_internal_iod__image_balanced_selected50__image_qc_pass__campi,terminal_internal_iod,loo,published_main,image_balanced_selected50,image_qc_pass,campi,15,2,terminal_internal_only,5,5,23.03515206245224,0.010617567300932995,39.70181872911891,1.0370867570118563,0.5953871703962322,0.33525248390206475,FALSE,TRUE,blocked_no_globally_supported_model,FALSE,FALSE,FALSE,9
loo__published_main__terminal_internal_iod__image_balanced_selected50__image_qc_pass__campi,terminal_internal_iod,loo,published_main,image_balanced_selected50,image_qc_pass,campi,15,3,ltr_terminal_internal_chain,4,6,20.496419226683166,0.008612541504838811,42.996419226683166,4.33168725457611,0.11465316924383537,0.06455926779654851,FALSE,TRUE,blocked_no_globally_supported_model,FALSE,FALSE,FALSE,9
loo__published_main__terminal_internal_iod__image_balanced_selected50__image_qc_pass__campi,terminal_internal_iod,loo,published_main,image_balanced_selected50,image_qc_pass,campi,15,4,terminal_internal_evenness_additive,4,6,21.754794137119603,0.005390947088811826,44.2547941371196,5.590062165012547,0.06111297475864541,0.03441168638693548,FALSE,TRUE,blocked_no_globally_supported_model,FALSE,FALSE,FALSE,9
loo__published_main__terminal_internal_iod__image_balanced_selected50__image_qc_pass__campi,terminal_internal_iod,loo,published_main,image_balanced_selected50,image_qc_pass,campi,15,5,te_terminal_internal_state,3,7,19.34996972812617,0.0036116567752780826,49.34996972812617,10.685237756019113,0.004783327341901456,0.002693411031383004,FALSE,TRUE,blocked_no_globally_supported_model,FALSE,FALSE,FALSE,9
loo__published_main__terminal_internal_iod__image_balanced_selected50__image_qc_pass__fuscus,terminal_internal_iod,loo,published_main,image_balanced_selected50,image_qc_pass,fuscus,15,1,proxy_null,6,4,21.75500475591113,0.04035913537092617,33.75500475591113,0,1,0.8328515427133936,FALSE,TRUE,blocked_no_globally_supported_model,FALSE,FALSE,FALSE,9
loo__published_main__terminal_internal_iod__image_balanced_selected50__image_qc_pass__fuscus,terminal_internal_iod,loo,published_main,image_balanced_selected50,image_qc_pass,fuscus,15,2,terminal_internal_only,5,5,20.643982948745357,0.023717523544063424,37.310649615412025,3.5556448595008945,0.16900576879661255,0.1407567152697219,FALSE,TRUE,blocked_no_globally_supported_model,FALSE,FALSE,FALSE,9
loo__published_main__terminal_internal_iod__image_balanced_selected50__image_qc_pass__fuscus,terminal_internal_iod,loo,published_main,image_balanced_selected50,image_qc_pass,fuscus,15,3,ltr_terminal_internal_chain,4,6,19.037170603482373,0.0146621179469123,41.53717060348237,7.7821658475712425,0.020423217270454822,0.01700950801086912,FALSE,TRUE,blocked_no_globally_supported_model,FALSE,FALSE,FALSE,9
loo__published_main__terminal_internal_iod__image_balanced_selected50__image_qc_pass__fuscus,terminal_internal_iod,loo,published_main,image_balanced_selected50,image_qc_pass,fuscus,15,4,terminal_internal_evenness_additive,4,6,20.34783533648008,0.009097206627756593,42.84783533648008,9.09283058056895,0.01060515272032181,0.008832517803831163,FALSE,TRUE,blocked_no_globally_supported_model,FALSE,FALSE,FALSE,9
loo__published_main__terminal_internal_iod__image_balanced_selected50__image_qc_pass__fuscus,terminal_internal_iod,loo,published_main,image_balanced_selected50,image_qc_pass,fuscus,15,5,te_terminal_internal_state,3,7,18.401421828327194,0.0053035503699062625,48.401421828327194,14.646417072416064,6.60041044521808e-4,5.497162021841475e-4,FALSE,TRUE,blocked_no_globally_supported_model,FALSE,FALSE,FALSE,9
loo__published_main__terminal_internal_iod__image_balanced_selected50__image_qc_pass__gvnigeusgwotli,terminal_internal_iod,loo,published_main,image_balanced_selected50,image_qc_pass,gvnigeusgwotli,15,1,proxy_null,6,4,26.83456725798442,0.008162154298804958,38.83456725798442,0,1,0.6643982130502556,FALSE,TRUE,blocked_no_globally_supported_model,FALSE,FALSE,FALSE,9
loo__published_main__terminal_internal_iod__image_balanced_selected50__image_qc_pass__gvnigeusgwotli,terminal_internal_iod,loo,published_main,image_balanced_selected50,image_qc_pass,gvnigeusgwotli,15,2,terminal_internal_only,5,5,24.15725861178448,0.007193742215736987,40.82392527845115,1.9893580204667316,0.36984214103540275,0.2457224576146022,FALSE,TRUE,blocked_no_globally_supported_model,FALSE,FALSE,FALSE,9
loo__published_main__terminal_internal_iod__image_balanced_selected50__image_qc_pass__gvnigeusgwotli,terminal_internal_iod,loo,published_main,image_balanced_selected50,image_qc_pass,gvnigeusgwotli,15,3,ltr_terminal_internal_chain,4,6,21.05157512112199,0.0070116796146934,43.551575121121985,4.717007863137567,0.09456158803086072,0.0628265501108983,FALSE,TRUE,blocked_no_globally_supported_model,FALSE,FALSE,FALSE,9
loo__published_main__terminal_internal_iod__image_balanced_selected50__image_qc_pass__gvnigeusgwotli,terminal_internal_iod,loo,published_main,image_balanced_selected50,image_qc_pass,gvnigeusgwotli,15,4,terminal_internal_evenness_additive,4,6,22.883287166611957,0.0035173686328613396,45.38328716661196,6.54871990862754,0.037841081500995494,0.02514154692915049,FALSE,TRUE,blocked_no_globally_supported_model,FALSE,FALSE,FALSE,9
loo__published_main__terminal_internal_iod__image_balanced_selected50__image_qc_pass__gvnigeusgwotli,terminal_internal_iod,loo,published_main,image_balanced_selected50,image_qc_pass,gvnigeusgwotli,15,5,te_terminal_internal_state,3,7,20.53683420492491,0.0022211904846721753,50.536834204924915,11.702266946940497,0.002876636718089439,0.0019112322950933752,FALSE,TRUE,blocked_no_globally_supported_model,FALSE,FALSE,FALSE,9
loo__published_main__terminal_internal_iod__image_balanced_selected50__image_qc_pass__intermedius,terminal_internal_iod,loo,published_main,image_balanced_selected50,image_qc_pass,intermedius,15,1,proxy_null,6,4,26.546007527169383,0.008976962138388722,38.54600752716938,0,1,0.6987450229696008,FALSE,TRUE,blocked_no_globally_supported_model,FALSE,FALSE,FALSE,9
loo__published_main__terminal_internal_iod__image_balanced_selected50__image_qc_pass__intermedius,terminal_internal_iod,loo,published_main,image_balanced_selected50,image_qc_pass,intermedius,15,2,terminal_internal_only,5,5,24.22025834736863,0.007036735870257216,40.8869250140353,2.3409174868659193,0.3102245951220473,0.21676789184429004,FALSE,TRUE,blocked_no_globally_supported_model,FALSE,FALSE,FALSE,9
loo__published_main__terminal_internal_iod__image_balanced_selected50__image_qc_pass__intermedius,terminal_internal_iod,loo,published_main,image_balanced_selected50,image_qc_pass,intermedius,15,3,terminal_internal_evenness_additive,4,6,21.693009925904164,0.005517462374170723,44.193009925904164,5.647002398734784,0.05939761533068973,0.04150378808858231,FALSE,TRUE,blocked_no_globally_supported_model,FALSE,FALSE,FALSE,9
loo__published_main__terminal_internal_iod__image_balanced_selected50__image_qc_pass__intermedius,terminal_internal_iod,loo,published_main,image_balanced_selected50,image_qc_pass,intermedius,15,4,ltr_terminal_internal_chain,4,6,21.7214550589933,0.005458863902504274,44.2214550589933,5.67544753182392,0.05855880793063987,0.0409176755925674,FALSE,TRUE,blocked_no_globally_supported_model,FALSE,FALSE,FALSE,9
loo__published_main__terminal_internal_iod__image_balanced_selected50__image_qc_pass__intermedius,terminal_internal_iod,loo,published_main,image_balanced_selected50,image_qc_pass,intermedius,15,5,te_terminal_internal_state,3,7,20.193717026421954,0.0025578363158402784,50.19371702642195,11.64770949925257,0.0029561877896185375,0.0020656215049594585,FALSE,TRUE,blocked_no_globally_supported_model,FALSE,FALSE,FALSE,9
loo__published_main__terminal_internal_iod__image_balanced_selected50__image_qc_pass__marmoratus,terminal_internal_iod,loo,published_main,image_balanced_selected50,image_qc_pass,marmoratus,15,1,terminal_internal_only,5,5,21.85825823552618,0.015843194888619072,38.52492490219285,0,1,0.4426696300465406,FALSE,TRUE,blocked_no_globally_supported_model,FALSE,FALSE,FALSE,9
loo__published_main__terminal_internal_iod__image_balanced_selected50__image_qc_pass__marmoratus,terminal_internal_iod,loo,published_main,image_balanced_selected50,image_qc_pass,marmoratus,15,2,proxy_null,6,4,26.79109916271011,0.00828023890698315,38.79109916271011,0.26617426051726056,0.8753888159319037,0.387508043295455,FALSE,TRUE,blocked_no_globally_supported_model,FALSE,FALSE,FALSE,9
loo__published_main__terminal_internal_iod__image_balanced_selected50__image_qc_pass__marmoratus,terminal_internal_iod,loo,published_main,image_balanced_selected50,image_qc_pass,marmoratus,15,3,terminal_internal_evenness_additive,4,6,19.055879450132334,0.014563643541189553,41.55587945013234,3.030954547939487,0.2197033011539167,0.09725597904180801,FALSE,TRUE,blocked_no_globally_supported_model,FALSE,FALSE,FALSE,9
loo__published_main__terminal_internal_iod__image_balanced_selected50__image_qc_pass__marmoratus,terminal_internal_iod,loo,published_main,image_balanced_selected50,image_qc_pass,marmoratus,15,4,ltr_terminal_internal_chain,4,6,19.70245704275957,0.011522321575019312,42.20245704275957,3.6775321405667185,0.15901351660458019,0.07039045456774895,FALSE,TRUE,blocked_no_globally_supported_model,FALSE,FALSE,FALSE,9
loo__published_main__terminal_internal_iod__image_balanced_selected50__image_qc_pass__marmoratus,terminal_internal_iod,loo,published_main,image_balanced_selected50,image_qc_pass,marmoratus,15,5,te_terminal_internal_state,3,7,19.155694019136924,0.003908612642519516,49.155694019136924,10.630769116944073,0.004915388137692237,0.0021758930484473767,FALSE,TRUE,blocked_no_globally_supported_model,FALSE,FALSE,FALSE,9
loo__published_main__terminal_internal_iod__image_balanced_selected50__image_qc_pass__mavrokoilius,terminal_internal_iod,loo,published_main,image_balanced_selected50,image_qc_pass,mavrokoilius,15,1,proxy_null,6,4,26.01150070157346,0.010693744787268256,38.01150070157346,0,1,0.7581740080013906,FALSE,TRUE,blocked_no_globally_supported_model,FALSE,FALSE,FALSE,8
loo__published_main__terminal_internal_iod__image_balanced_selected50__image_qc_pass__mavrokoilius,terminal_internal_iod,loo,published_main,image_balanced_selected50,image_qc_pass,mavrokoilius,15,2,terminal_internal_only,5,5,24.308475378287234,0.006822376923346529,40.9751420449539,2.963641343380438,0.22722361195194726,0.17227503658616053,FALSE,TRUE,blocked_no_globally_supported_model,FALSE,FALSE,FALSE,8
loo__published_main__terminal_internal_iod__image_balanced_selected50__image_qc_pass__mavrokoilius,terminal_internal_iod,loo,published_main,image_balanced_selected50,image_qc_pass,mavrokoilius,15,3,ltr_terminal_internal_chain,4,6,21.247873845544905,0.006517322452277319,43.7478738455449,5.736373143971441,0.05680183928587589,0.043065678153223375,FALSE,TRUE,blocked_no_globally_supported_model,FALSE,FALSE,FALSE,8
loo__published_main__terminal_internal_iod__image_balanced_selected50__image_qc_pass__mavrokoilius,terminal_internal_iod,loo,published_main,image_balanced_selected50,image_qc_pass,mavrokoilius,15,4,terminal_internal_evenness_additive,4,6,22.346486580799706,0.004312863680089207,44.846486580799706,6.834985879226245,0.03279454987936068,0.024863975322636407,FALSE,TRUE,blocked_no_globally_supported_model,FALSE,FALSE,FALSE,8
loo__published_main__terminal_internal_iod__image_balanced_selected50__image_qc_pass__mavrokoilius,terminal_internal_iod,loo,published_main,image_balanced_selected50,image_qc_pass,mavrokoilius,15,5,te_terminal_internal_state,3,7,20.306867562101843,0.0024416539297976714,50.30686756210184,12.295366860528382,0.0021384298584211535,0.0016213019365890122,FALSE,TRUE,blocked_no_globally_supported_model,FALSE,FALSE,FALSE,8
loo__published_main__terminal_internal_iod__image_balanced_selected50__image_qc_pass__monticola,terminal_internal_iod,loo,published_main,image_balanced_selected50,image_qc_pass,monticola,15,1,proxy_null,6,4,26.210907562094107,0.010019836734492804,38.21090756209411,0,1,0.6654264117863071,FALSE,TRUE,blocked_no_globally_supported_model,FALSE,FALSE,FALSE,9
loo__published_main__terminal_internal_iod__image_balanced_selected50__image_qc_pass__monticola,terminal_internal_iod,loo,published_main,image_balanced_selected50,image_qc_pass,monticola,15,2,terminal_internal_only,5,5,23.488622211954894,0.009079818203987178,40.15528887862156,1.9443813165274548,0.37825350565613675,0.2516998730143547,FALSE,TRUE,blocked_no_globally_supported_model,FALSE,FALSE,FALSE,9
loo__published_main__terminal_internal_iod__image_balanced_selected50__image_qc_pass__monticola,terminal_internal_iod,loo,published_main,image_balanced_selected50,image_qc_pass,monticola,15,3,ltr_terminal_internal_chain,4,6,20.684851377547695,0.008033420294282556,43.184851377547695,4.9739438154535875,0.08316140610324892,0.05533779606238883,FALSE,TRUE,blocked_no_globally_supported_model,FALSE,FALSE,FALSE,9
loo__published_main__terminal_internal_iod__image_balanced_selected50__image_qc_pass__monticola,terminal_internal_iod,loo,published_main,image_balanced_selected50,image_qc_pass,monticola,15,4,terminal_internal_evenness_additive,4,6,22.246515008252338,0.004479095765455687,44.74651500825234,6.535607446158231,0.03808999144546343,0.02534608633252586,FALSE,TRUE,blocked_no_globally_supported_model,FALSE,FALSE,FALSE,9
loo__published_main__terminal_internal_iod__image_balanced_selected50__image_qc_pass__monticola,terminal_internal_iod,loo,published_main,image_balanced_selected50,image_qc_pass,monticola,15,5,te_terminal_internal_state,3,7,19.64411328207628,0.0032034435916373782,49.644113282076276,11.433205719982169,0.003290871485766554,0.0021898328044235114,FALSE,TRUE,blocked_no_globally_supported_model,FALSE,FALSE,FALSE,9
loo__published_main__terminal_internal_iod__image_balanced_selected50__image_qc_pass__ocoee,terminal_internal_iod,loo,published_main,image_balanced_selected50,image_qc_pass,ocoee,15,1,proxy_null,6,4,26.864953917665744,0.008080557348533857,38.864953917665744,0,1,0.6842571138746093,FALSE,TRUE,blocked_no_globally_supported_model,FALSE,FALSE,FALSE,9
loo__published_main__terminal_internal_iod__image_balanced_selected50__image_qc_pass__ocoee,terminal_internal_iod,loo,published_main,image_balanced_selected50,image_qc_pass,ocoee,15,2,terminal_internal_only,5,5,24.406979002816655,0.006590400741308677,41.07364566948333,2.2086917518175824,0.33142760613375777,0.22678169723145583,FALSE,TRUE,blocked_no_globally_supported_model,FALSE,FALSE,FALSE,9
loo__published_main__terminal_internal_iod__image_balanced_selected50__image_qc_pass__ocoee,terminal_internal_iod,loo,published_main,image_balanced_selected50,image_qc_pass,ocoee,15,3,ltr_terminal_internal_chain,4,6,21.131875054788065,0.006805244060462345,43.63187505478807,4.766921137122324,0.09223085342412628,0.06310961757418476,FALSE,TRUE,blocked_no_globally_supported_model,FALSE,FALSE,FALSE,9
loo__published_main__terminal_internal_iod__image_balanced_selected50__image_qc_pass__ocoee,terminal_internal_iod,loo,published_main,image_balanced_selected50,image_qc_pass,ocoee,15,4,terminal_internal_evenness_additive,4,6,23.109584250388234,0.0032263652556565603,45.60958425038824,6.744630332722494,0.034310111704982584,0.023476938011966833,FALSE,TRUE,blocked_no_globally_supported_model,FALSE,FALSE,FALSE,9
loo__published_main__terminal_internal_iod__image_balanced_selected50__image_qc_pass__ocoee,terminal_internal_iod,loo,published_main,image_balanced_selected50,image_qc_pass,ocoee,15,5,te_terminal_internal_state,3,7,20.191935348915607,0.002559708233941027,50.19193534891561,11.326981431249862,0.00347038161479517,0.002374633307783249,FALSE,TRUE,blocked_no_globally_supported_model,FALSE,FALSE,FALSE,9
loo__published_main__terminal_internal_iod__image_balanced_selected50__image_qc_pass__perlapsus,terminal_internal_iod,loo,published_main,image_balanced_selected50,image_qc_pass,perlapsus,15,1,proxy_null,6,4,23.283726657222015,0.02541151989707302,35.28372665722202,0,1,0.8117272738000316,FALSE,TRUE,blocked_no_globally_supported_model,FALSE,FALSE,FALSE,9
loo__published_main__terminal_internal_iod__image_balanced_selected50__image_qc_pass__perlapsus,terminal_internal_iod,loo,published_main,image_balanced_selected50,image_qc_pass,perlapsus,15,2,terminal_internal_only,5,5,22.043485660039195,0.01488459487645899,38.71015232670587,3.426425669483848,0.18028563319220287,0.14634276553641934,FALSE,TRUE,blocked_no_globally_supported_model,FALSE,FALSE,FALSE,9
loo__published_main__terminal_internal_iod__image_balanced_selected50__image_qc_pass__perlapsus,terminal_internal_iod,loo,published_main,image_balanced_selected50,image_qc_pass,perlapsus,15,3,terminal_internal_evenness_additive,4,6,20.057178761824616,0.010121875815844672,42.557178761824616,7.2734521046025975,0.026338433616409217,0.021379624915610962,FALSE,TRUE,blocked_no_globally_supported_model,FALSE,FALSE,FALSE,9
loo__published_main__terminal_internal_iod__image_balanced_selected50__image_qc_pass__perlapsus,terminal_internal_iod,loo,published_main,image_balanced_selected50,image_qc_pass,perlapsus,15,4,ltr_terminal_internal_chain,4,6,20.231318657936374,0.009495441098383295,42.73131865793637,7.4475920007143515,0.02414215007549222,0.01959684166445053,FALSE,TRUE,blocked_no_globally_supported_model,FALSE,FALSE,FALSE,9
loo__published_main__terminal_internal_iod__image_balanced_selected50__image_qc_pass__perlapsus,terminal_internal_iod,loo,published_main,image_balanced_selected50,image_qc_pass,perlapsus,15,5,te_terminal_internal_state,3,7,18.77729960331907,0.00455674748633339,48.777299603319065,13.493572946097046,0.0011746483261844908,9.534940834875071e-4,FALSE,TRUE,blocked_no_globally_supported_model,FALSE,FALSE,FALSE,9
loo__published_main__terminal_internal_iod__image_balanced_selected50__image_qc_pass__tilleyi,terminal_internal_iod,loo,published_main,image_balanced_selected50,image_qc_pass,tilleyi,15,1,proxy_null,6,4,26.311644783694675,0.009694853850020335,38.311644783694675,0,1,0.6644060120399982,FALSE,TRUE,blocked_no_globally_supported_model,FALSE,FALSE,FALSE,9
loo__published_main__terminal_internal_iod__image_balanced_selected50__image_qc_pass__tilleyi,terminal_internal_iod,loo,published_main,image_balanced_selected50,image_qc_pass,tilleyi,15,2,terminal_internal_only,5,5,23.479667288704004,0.009108020375596326,40.14633395537067,1.834689171675997,0.3995786804580907,0.2654824775793648,FALSE,TRUE,blocked_no_globally_supported_model,FALSE,FALSE,FALSE,9
loo__published_main__terminal_internal_iod__image_balanced_selected50__image_qc_pass__tilleyi,terminal_internal_iod,loo,published_main,image_balanced_selected50,image_qc_pass,tilleyi,15,3,ltr_terminal_internal_chain,4,6,21.505829131957057,0.005918458824150874,44.00582913195706,5.694184348262382,0.05801276687456919,0.03854403108653862,FALSE,TRUE,blocked_no_globally_supported_model,FALSE,FALSE,FALSE,9
loo__published_main__terminal_internal_iod__image_balanced_selected50__image_qc_pass__tilleyi,terminal_internal_iod,loo,published_main,image_balanced_selected50,image_qc_pass,tilleyi,15,4,terminal_internal_evenness_additive,4,6,22.01363542119778,0.004890670213528292,44.513635421197776,6.201990637503101,0.04500438638447998,0.029901184882019538,FALSE,TRUE,blocked_no_globally_supported_model,FALSE,FALSE,FALSE,9
loo__published_main__terminal_internal_iod__image_balanced_selected50__image_qc_pass__tilleyi,terminal_internal_iod,loo,published_main,image_balanced_selected50,image_qc_pass,tilleyi,15,5,te_terminal_internal_state,3,7,20.288227144610385,0.0024604327090151923,50.28822714461039,11.976582360915714,0.002507946017771009,0.0016662944120788305,FALSE,TRUE,blocked_no_globally_supported_model,FALSE,FALSE,FALSE,9
loo__published_main__terminal_internal_iod__image_balanced_selected50__image_qc_pass__welteri,terminal_internal_iod,loo,published_main,image_balanced_selected50,image_qc_pass,welteri,15,1,proxy_null,6,4,27.392597270321872,0.00678140777098446,39.39259727032187,0,1,0.6476719527675886,FALSE,TRUE,blocked_no_globally_supported_model,FALSE,FALSE,FALSE,9
loo__published_main__terminal_internal_iod__image_balanced_selected50__image_qc_pass__welteri,terminal_internal_iod,loo,published_main,image_balanced_selected50,image_qc_pass,welteri,15,2,terminal_internal_only,5,5,24.60782036870444,0.0061405747127930566,41.27448703537111,1.8818897650492374,0.3902589122652011,0.2527597517917578,FALSE,TRUE,blocked_no_globally_supported_model,FALSE,FALSE,FALSE,9
loo__published_main__terminal_internal_iod__image_balanced_selected50__image_qc_pass__welteri,terminal_internal_iod,loo,published_main,image_balanced_selected50,image_qc_pass,welteri,15,3,ltr_terminal_internal_chain,4,6,22.065697086441443,0.004795606377229089,44.565697086441446,5.173099816119574,0.07527931312170626,0.04875629973253824,FALSE,TRUE,blocked_no_globally_supported_model,FALSE,FALSE,FALSE,9
loo__published_main__terminal_internal_iod__image_balanced_selected50__image_qc_pass__welteri,terminal_internal_iod,loo,published_main,image_balanced_selected50,image_qc_pass,welteri,15,4,terminal_internal_evenness_additive,4,6,22.06990238523371,0.004788005898609615,44.56990238523371,5.177305114911839,0.07512119341284054,0.04865389003192615,FALSE,TRUE,blocked_no_globally_supported_model,FALSE,FALSE,FALSE,9
loo__published_main__terminal_internal_iod__image_balanced_selected50__image_qc_pass__welteri,terminal_internal_iod,loo,published_main,image_balanced_selected50,image_qc_pass,welteri,15,5,te_terminal_internal_state,3,7,20.800904244915557,0.0019919750252139767,50.80090424491556,11.408306974593685,0.0033320968539201244,0.0021581056761891854,FALSE,TRUE,blocked_no_globally_supported_model,FALSE,FALSE,FALSE,9
