fit_id,family,phase,tree_id,morphology_estimator,iod_subset,omitted_species,n_species,candidate_model,independence_claim,component_p,fitted_phylogenetic_parameter,component_fit_pass
data__focal__te_iod__image_balanced_selected50__all_selected__none,te_iod,data,focal,image_balanced_selected50,all_selected,NA,18,proxy_null,iod ~ ltr,0.01813537665106654,9.999999999999994e-8,FALSE
data__focal__te_iod__image_balanced_selected50__all_selected__none,te_iod,data,focal,image_balanced_selected50,all_selected,NA,18,proxy_null,iod ~ even,0.05881443630942476,9.999999999999994e-8,TRUE
data__focal__te_iod__image_balanced_selected50__all_selected__none,te_iod,data,focal,image_balanced_selected50,all_selected,NA,18,proxy_null,even ~ ltr,1.1365392563594323e-5,1,FALSE
data__focal__te_iod__image_balanced_selected50__all_selected__none,te_iod,data,focal,image_balanced_selected50,all_selected,NA,18,ltr_only,even ~ ltr,1.1365392563594323e-5,1,FALSE
data__focal__te_iod__image_balanced_selected50__all_selected__none,te_iod,data,focal,image_balanced_selected50,all_selected,NA,18,ltr_only,iod ~ ltr + even,0.560057327456211,9.999999999999994e-8,TRUE
data__focal__te_iod__image_balanced_selected50__all_selected__none,te_iod,data,focal,image_balanced_selected50,all_selected,NA,18,evenness_only,even ~ ltr,1.1365392563594323e-5,1,FALSE
data__focal__te_iod__image_balanced_selected50__all_selected__none,te_iod,data,focal,image_balanced_selected50,all_selected,NA,18,evenness_only,iod ~ even + ltr,0.13619693243939107,9.999999999999994e-8,TRUE
data__focal__te_iod__image_balanced_selected50__all_selected__none,te_iod,data,focal,image_balanced_selected50,all_selected,NA,18,additive_composition,even ~ ltr,1.1365392563594323e-5,1,FALSE
data__focal__te_iod__image_balanced_selected50__all_selected__none,te_iod,data,focal,image_balanced_selected50,all_selected,NA,18,mediated_evenness,iod ~ even + ltr,0.13619693243939107,9.999999999999994e-8,TRUE
data__focal__terminal_internal_iod__image_balanced_selected50__all_selected__none,terminal_internal_iod,data,focal,image_balanced_selected50,all_selected,NA,16,proxy_null,iod ~ ti,0.47630159210439593,9.999999999999994e-8,TRUE
data__focal__terminal_internal_iod__image_balanced_selected50__all_selected__none,terminal_internal_iod,data,focal,image_balanced_selected50,all_selected,NA,16,proxy_null,iod ~ ltr,0.10747244523594263,9.999999999999994e-8,TRUE
data__focal__terminal_internal_iod__image_balanced_selected50__all_selected__none,terminal_internal_iod,data,focal,image_balanced_selected50,all_selected,NA,16,proxy_null,iod ~ even,0.48719136436489907,9.999999999999994e-8,TRUE
data__focal__terminal_internal_iod__image_balanced_selected50__all_selected__none,terminal_internal_iod,data,focal,image_balanced_selected50,all_selected,NA,16,proxy_null,ti ~ ltr,0.42326690033890846,9.999999999999994e-8,TRUE
data__focal__terminal_internal_iod__image_balanced_selected50__all_selected__none,terminal_internal_iod,data,focal,image_balanced_selected50,all_selected,NA,16,proxy_null,ti ~ even,0.3315584472458871,9.999999999999994e-8,TRUE
data__focal__terminal_internal_iod__image_balanced_selected50__all_selected__none,terminal_internal_iod,data,focal,image_balanced_selected50,all_selected,NA,16,proxy_null,ltr ~ even,2.6983832650644704e-4,1,FALSE
data__focal__terminal_internal_iod__image_balanced_selected50__all_selected__none,terminal_internal_iod,data,focal,image_balanced_selected50,all_selected,NA,16,terminal_internal_only,ltr ~ even,2.6983832650644704e-4,1,FALSE
data__focal__terminal_internal_iod__image_balanced_selected50__all_selected__none,terminal_internal_iod,data,focal,image_balanced_selected50,all_selected,NA,16,terminal_internal_only,ti ~ even,0.3315584472458871,9.999999999999994e-8,TRUE
data__focal__terminal_internal_iod__image_balanced_selected50__all_selected__none,terminal_internal_iod,data,focal,image_balanced_selected50,all_selected,NA,16,terminal_internal_only,iod ~ ti + even,0.6059104799923369,9.999999999999994e-8,TRUE
data__focal__terminal_internal_iod__image_balanced_selected50__all_selected__none,terminal_internal_iod,data,focal,image_balanced_selected50,all_selected,NA,16,terminal_internal_only,ti ~ ltr,0.42326690033890846,9.999999999999994e-8,TRUE
data__focal__terminal_internal_iod__image_balanced_selected50__all_selected__none,terminal_internal_iod,data,focal,image_balanced_selected50,all_selected,NA,16,terminal_internal_only,iod ~ ti + ltr,0.14768921027545817,9.999999999999994e-8,TRUE
data__focal__terminal_internal_iod__image_balanced_selected50__all_selected__none,terminal_internal_iod,data,focal,image_balanced_selected50,all_selected,NA,16,ltr_terminal_internal_chain,ltr ~ even,2.6983832650644704e-4,1,FALSE
data__focal__terminal_internal_iod__image_balanced_selected50__all_selected__none,terminal_internal_iod,data,focal,image_balanced_selected50,all_selected,NA,16,ltr_terminal_internal_chain,ti ~ ltr + even,0.5353280401973814,9.999999999999994e-8,TRUE
data__focal__terminal_internal_iod__image_balanced_selected50__all_selected__none,terminal_internal_iod,data,focal,image_balanced_selected50,all_selected,NA,16,ltr_terminal_internal_chain,iod ~ ti + even,0.6059104799923369,9.999999999999994e-8,TRUE
data__focal__terminal_internal_iod__image_balanced_selected50__all_selected__none,terminal_internal_iod,data,focal,image_balanced_selected50,all_selected,NA,16,ltr_terminal_internal_chain,iod ~ ti + ltr,0.14768921027545817,9.999999999999994e-8,TRUE
data__focal__terminal_internal_iod__image_balanced_selected50__all_selected__none,terminal_internal_iod,data,focal,image_balanced_selected50,all_selected,NA,16,terminal_internal_evenness_additive,ltr ~ even,2.6983832650644704e-4,1,FALSE
data__focal__terminal_internal_iod__image_balanced_selected50__all_selected__none,terminal_internal_iod,data,focal,image_balanced_selected50,all_selected,NA,16,terminal_internal_evenness_additive,ti ~ ltr,0.42326690033890846,9.999999999999994e-8,TRUE
data__focal__terminal_internal_iod__image_balanced_selected50__all_selected__none,terminal_internal_iod,data,focal,image_balanced_selected50,all_selected,NA,16,terminal_internal_evenness_additive,iod ~ even + ti + ltr,0.1863342539726789,9.999999999999994e-8,TRUE
data__focal__terminal_internal_iod__image_balanced_selected50__all_selected__none,terminal_internal_iod,data,focal,image_balanced_selected50,all_selected,NA,16,terminal_internal_evenness_additive,ti ~ even,0.3315584472458871,9.999999999999994e-8,TRUE
data__focal__terminal_internal_iod__image_balanced_selected50__all_selected__none,terminal_internal_iod,data,focal,image_balanced_selected50,all_selected,NA,16,te_terminal_internal_state,ltr ~ even,2.6983832650644704e-4,1,FALSE
data__focal__terminal_internal_iod__image_balanced_selected50__all_selected__none,terminal_internal_iod,data,focal,image_balanced_selected50,all_selected,NA,16,te_terminal_internal_state,iod ~ ti + even,0.6059104799923369,9.999999999999994e-8,TRUE
data__focal__terminal_internal_iod__image_balanced_selected50__all_selected__none,terminal_internal_iod,data,focal,image_balanced_selected50,all_selected,NA,16,te_terminal_internal_state,iod ~ ti + ltr,0.14768921027545817,9.999999999999994e-8,TRUE
data__focal__iod_morphology__composite_selected50__all_selected__none,iod_morphology,data,focal,composite_selected50,all_selected,NA,18,morphology_null,ns ~ iod,0.0014739186282707163,1,FALSE
data__focal__iod_morphology__composite_selected50__all_selected__none,iod_morphology,data,focal,composite_selected50,all_selected,NA,18,morphology_null,cs ~ ns,0.007362343565668249,9.999999999999994e-8,FALSE
data__focal__iod_morphology__composite_selected50__all_selected__none,iod_morphology,data,focal,composite_selected50,all_selected,NA,18,morphology_null,cs ~ iod,0.034130221637135014,9.999999999999994e-8,FALSE
data__focal__iod_morphology__composite_selected50__all_selected__none,iod_morphology,data,focal,composite_selected50,all_selected,NA,18,iod_to_nucleus,cs ~ iod,0.034130221637135014,9.999999999999994e-8,FALSE
data__focal__iod_morphology__composite_selected50__all_selected__none,iod_morphology,data,focal,composite_selected50,all_selected,NA,18,iod_to_nucleus,cs ~ iod + ns,0.09396046396949398,9.999999999999994e-8,TRUE
data__focal__iod_morphology__composite_selected50__all_selected__none,iod_morphology,data,focal,composite_selected50,all_selected,NA,18,iod_to_cell,ns ~ iod,0.0014739186282707163,1,FALSE
data__focal__iod_morphology__composite_selected50__all_selected__none,iod_morphology,data,focal,composite_selected50,all_selected,NA,18,iod_to_cell,cs ~ iod + ns,0.09396046396949398,9.999999999999994e-8,TRUE
data__focal__iod_morphology__composite_selected50__all_selected__none,iod_morphology,data,focal,composite_selected50,all_selected,NA,18,iod_nucleus_cell_chain,cs ~ ns + iod,0.5914252365434403,9.999999999999994e-8,TRUE
data__focal__integrated__composite_selected50__all_selected__none,integrated,data,focal,composite_selected50,all_selected,NA,18,integrated_null,ns ~ iod,0.0014739186282707163,1,FALSE
data__focal__integrated__composite_selected50__all_selected__none,integrated,data,focal,composite_selected50,all_selected,NA,18,integrated_null,cs ~ ns,0.007362343565668249,9.999999999999994e-8,FALSE
data__focal__integrated__composite_selected50__all_selected__none,integrated,data,focal,composite_selected50,all_selected,NA,18,integrated_null,ns ~ even,0.023202359562176433,9.999999999999994e-8,FALSE
data__focal__integrated__composite_selected50__all_selected__none,integrated,data,focal,composite_selected50,all_selected,NA,18,integrated_null,ns ~ ltr,0.015049985906201796,9.999999999999994e-8,FALSE
data__focal__integrated__composite_selected50__all_selected__none,integrated,data,focal,composite_selected50,all_selected,NA,18,integrated_null,cs ~ iod,0.034130221637135014,9.999999999999994e-8,FALSE
data__focal__integrated__composite_selected50__all_selected__none,integrated,data,focal,composite_selected50,all_selected,NA,18,integrated_null,iod ~ even,0.05881443630942476,9.999999999999994e-8,TRUE
data__focal__integrated__composite_selected50__all_selected__none,integrated,data,focal,composite_selected50,all_selected,NA,18,integrated_null,iod ~ ltr,0.01813537665106654,9.999999999999994e-8,FALSE
data__focal__integrated__composite_selected50__all_selected__none,integrated,data,focal,composite_selected50,all_selected,NA,18,integrated_null,cs ~ even,0.20045707704596544,9.999999999999994e-8,TRUE
data__focal__integrated__composite_selected50__all_selected__none,integrated,data,focal,composite_selected50,all_selected,NA,18,integrated_null,cs ~ ltr,0.09177246810245877,9.999999999999994e-8,TRUE
data__focal__integrated__composite_selected50__all_selected__none,integrated,data,focal,composite_selected50,all_selected,NA,18,integrated_null,even ~ ltr,1.1365392563594323e-5,1,FALSE
data__focal__integrated__composite_selected50__all_selected__none,integrated,data,focal,composite_selected50,all_selected,NA,18,iod_morphology_only,even ~ ltr,1.1365392563594323e-5,1,FALSE
data__focal__integrated__composite_selected50__all_selected__none,integrated,data,focal,composite_selected50,all_selected,NA,18,iod_morphology_only,iod ~ ltr,0.01813537665106654,9.999999999999994e-8,FALSE
data__focal__integrated__composite_selected50__all_selected__none,integrated,data,focal,composite_selected50,all_selected,NA,18,iod_morphology_only,ns ~ iod + ltr,0.9831068279453061,1,TRUE
data__focal__integrated__composite_selected50__all_selected__none,integrated,data,focal,composite_selected50,all_selected,NA,18,iod_morphology_only,cs ~ ns + ltr,0.6976096385331962,9.999999999999994e-8,TRUE
data__focal__integrated__composite_selected50__all_selected__none,integrated,data,focal,composite_selected50,all_selected,NA,18,iod_morphology_only,iod ~ even,0.05881443630942476,9.999999999999994e-8,TRUE
data__focal__integrated__composite_selected50__all_selected__none,integrated,data,focal,composite_selected50,all_selected,NA,18,iod_morphology_only,ns ~ iod + even,0.6179112474292163,0.9514091424224814,TRUE
data__focal__integrated__composite_selected50__all_selected__none,integrated,data,focal,composite_selected50,all_selected,NA,18,iod_morphology_only,cs ~ ns + even,0.9692398083665965,9.999999999999994e-8,TRUE
data__focal__integrated__composite_selected50__all_selected__none,integrated,data,focal,composite_selected50,all_selected,NA,18,iod_morphology_only,cs ~ ns + iod,0.5914252365434403,9.999999999999994e-8,TRUE
data__focal__integrated__composite_selected50__all_selected__none,integrated,data,focal,composite_selected50,all_selected,NA,18,te_evenness_chain,iod ~ even + ltr,0.13619693243939107,9.999999999999994e-8,TRUE
data__focal__integrated__composite_selected50__all_selected__none,integrated,data,focal,composite_selected50,all_selected,NA,18,te_evenness_chain,ns ~ iod + ltr,0.9831068279453061,1,TRUE
data__focal__integrated__composite_selected50__all_selected__none,integrated,data,focal,composite_selected50,all_selected,NA,18,te_evenness_chain,cs ~ ns + ltr,0.6976096385331962,9.999999999999994e-8,TRUE
data__focal__integrated__composite_selected50__all_selected__none,integrated,data,focal,composite_selected50,all_selected,NA,18,te_evenness_chain,ns ~ ltr + iod + even,0.49866409241049214,0.9795039513905273,TRUE
data__focal__integrated__composite_selected50__all_selected__none,integrated,data,focal,composite_selected50,all_selected,NA,18,te_evenness_chain,cs ~ ltr + ns + even,0.7945927590936144,9.999999999999994e-8,TRUE
data__focal__integrated__composite_selected50__all_selected__none,integrated,data,focal,composite_selected50,all_selected,NA,18,te_evenness_chain,cs ~ even + ns + iod,0.5971035208493938,9.999999999999994e-8,TRUE
data__focal__integrated__composite_selected50__all_selected__none,integrated,data,focal,composite_selected50,all_selected,NA,18,te_additive_chain,even ~ ltr,1.1365392563594323e-5,1,FALSE
data__focal__integrated__composite_selected50__all_selected__none,integrated,data,focal,composite_selected50,all_selected,NA,18,te_additive_chain,ns ~ iod + even,0.6179112474292163,0.9514091424224814,TRUE
data__focal__integrated__composite_selected50__all_selected__none,integrated,data,focal,composite_selected50,all_selected,NA,18,te_additive_chain,cs ~ ns + even,0.9692398083665965,9.999999999999994e-8,TRUE
data__focal__integrated__composite_selected50__all_selected__none,integrated,data,focal,composite_selected50,all_selected,NA,18,te_additive_chain,ns ~ iod + ltr,0.9831068279453061,1,TRUE
data__focal__integrated__composite_selected50__all_selected__none,integrated,data,focal,composite_selected50,all_selected,NA,18,te_additive_chain,cs ~ ns + ltr,0.6976096385331962,9.999999999999994e-8,TRUE
data__focal__integrated__composite_selected50__all_selected__none,integrated,data,focal,composite_selected50,all_selected,NA,18,te_additive_chain,cs ~ even + ltr + ns + iod,0.673769676468464,9.999999999999994e-8,TRUE
data__focal__integrated__composite_selected50__all_selected__none,integrated,data,focal,composite_selected50,all_selected,NA,18,te_nucleus_bypass,even ~ ltr,1.1365392563594323e-5,1,FALSE
data__focal__integrated__composite_selected50__all_selected__none,integrated,data,focal,composite_selected50,all_selected,NA,18,te_nucleus_bypass,iod ~ even + ltr,0.13619693243939107,9.999999999999994e-8,TRUE
data__focal__integrated__composite_selected50__all_selected__none,integrated,data,focal,composite_selected50,all_selected,NA,18,te_nucleus_bypass,ns ~ even + iod + ltr,0.5964615261286135,0.9795039513907519,TRUE
data__focal__integrated__composite_selected50__all_selected__none,integrated,data,focal,composite_selected50,all_selected,NA,18,te_nucleus_bypass,cs ~ ns + ltr,0.6976096385331962,9.999999999999994e-8,TRUE
data__focal__integrated__composite_selected50__all_selected__none,integrated,data,focal,composite_selected50,all_selected,NA,18,te_nucleus_bypass,cs ~ ns + even,0.9692398083665965,9.999999999999994e-8,TRUE
data__focal__integrated__composite_selected50__all_selected__none,integrated,data,focal,composite_selected50,all_selected,NA,18,te_nucleus_bypass,cs ~ even + ns + iod,0.5971035208493938,9.999999999999994e-8,TRUE
data__focal__integrated__composite_selected50__all_selected__none,integrated,data,focal,composite_selected50,all_selected,NA,18,te_cell_bypass,even ~ ltr,1.1365392563594323e-5,1,FALSE
data__focal__integrated__composite_selected50__all_selected__none,integrated,data,focal,composite_selected50,all_selected,NA,18,te_cell_bypass,iod ~ even + ltr,0.13619693243939107,9.999999999999994e-8,TRUE
data__focal__integrated__composite_selected50__all_selected__none,integrated,data,focal,composite_selected50,all_selected,NA,18,te_cell_bypass,ns ~ iod + ltr,0.9831068279453061,1,TRUE
data__focal__integrated__composite_selected50__all_selected__none,integrated,data,focal,composite_selected50,all_selected,NA,18,te_cell_bypass,cs ~ even + ns + ltr,0.6491493538275961,9.999999999999994e-8,TRUE
data__focal__integrated__composite_selected50__all_selected__none,integrated,data,focal,composite_selected50,all_selected,NA,18,te_cell_bypass,ns ~ iod + even,0.6179112474292163,0.9514091424224814,TRUE
data__focal__integrated__composite_selected50__all_selected__none,integrated,data,focal,composite_selected50,all_selected,NA,18,te_cell_bypass,cs ~ even + ns + iod,0.5971035208493938,9.999999999999994e-8,TRUE
data__focal__iod_morphology__eligible_candidate_pool__all_selected__none,iod_morphology,data,focal,eligible_candidate_pool,all_selected,NA,18,morphology_null,ns ~ iod,0.001404200571212602,0.8247233792793346,FALSE
data__focal__iod_morphology__eligible_candidate_pool__all_selected__none,iod_morphology,data,focal,eligible_candidate_pool,all_selected,NA,18,morphology_null,cs ~ ns,0.05976721306566452,9.999999999999994e-8,TRUE
data__focal__iod_morphology__eligible_candidate_pool__all_selected__none,iod_morphology,data,focal,eligible_candidate_pool,all_selected,NA,18,morphology_null,cs ~ iod,0.21810725279996107,9.999999999999994e-8,TRUE
data__focal__iod_morphology__eligible_candidate_pool__all_selected__none,iod_morphology,data,focal,eligible_candidate_pool,all_selected,NA,18,iod_to_nucleus,cs ~ iod,0.21810725279996107,9.999999999999994e-8,TRUE
data__focal__iod_morphology__eligible_candidate_pool__all_selected__none,iod_morphology,data,focal,eligible_candidate_pool,all_selected,NA,18,iod_to_nucleus,cs ~ iod + ns,0.16734012784857877,9.999999999999994e-8,TRUE
data__focal__iod_morphology__eligible_candidate_pool__all_selected__none,iod_morphology,data,focal,eligible_candidate_pool,all_selected,NA,18,iod_to_cell,ns ~ iod,0.001404200571212602,0.8247233792793346,FALSE
data__focal__iod_morphology__eligible_candidate_pool__all_selected__none,iod_morphology,data,focal,eligible_candidate_pool,all_selected,NA,18,iod_to_cell,cs ~ iod + ns,0.16734012784857877,9.999999999999994e-8,TRUE
data__focal__iod_morphology__eligible_candidate_pool__all_selected__none,iod_morphology,data,focal,eligible_candidate_pool,all_selected,NA,18,iod_nucleus_cell_chain,cs ~ ns + iod,0.9159585571872211,9.999999999999994e-8,TRUE
data__focal__integrated__eligible_candidate_pool__all_selected__none,integrated,data,focal,eligible_candidate_pool,all_selected,NA,18,integrated_null,ns ~ iod,0.001404200571212602,0.8247233792793346,FALSE
data__focal__integrated__eligible_candidate_pool__all_selected__none,integrated,data,focal,eligible_candidate_pool,all_selected,NA,18,integrated_null,cs ~ ns,0.05976721306566452,9.999999999999994e-8,TRUE
data__focal__integrated__eligible_candidate_pool__all_selected__none,integrated,data,focal,eligible_candidate_pool,all_selected,NA,18,integrated_null,ns ~ even,0.024069049682041346,0.36866755670869805,FALSE
data__focal__integrated__eligible_candidate_pool__all_selected__none,integrated,data,focal,eligible_candidate_pool,all_selected,NA,18,integrated_null,ns ~ ltr,0.005746216822966341,9.999999999999994e-8,FALSE
data__focal__integrated__eligible_candidate_pool__all_selected__none,integrated,data,focal,eligible_candidate_pool,all_selected,NA,18,integrated_null,cs ~ iod,0.21810725279996107,9.999999999999994e-8,TRUE
data__focal__integrated__eligible_candidate_pool__all_selected__none,integrated,data,focal,eligible_candidate_pool,all_selected,NA,18,integrated_null,iod ~ even,0.05881443630942476,9.999999999999994e-8,TRUE
data__focal__integrated__eligible_candidate_pool__all_selected__none,integrated,data,focal,eligible_candidate_pool,all_selected,NA,18,integrated_null,iod ~ ltr,0.01813537665106654,9.999999999999994e-8,FALSE
data__focal__integrated__eligible_candidate_pool__all_selected__none,integrated,data,focal,eligible_candidate_pool,all_selected,NA,18,integrated_null,cs ~ even,0.38960905275904545,0.3602364393886963,TRUE
data__focal__integrated__eligible_candidate_pool__all_selected__none,integrated,data,focal,eligible_candidate_pool,all_selected,NA,18,integrated_null,cs ~ ltr,0.19320201134607745,9.999999999999994e-8,TRUE
data__focal__integrated__eligible_candidate_pool__all_selected__none,integrated,data,focal,eligible_candidate_pool,all_selected,NA,18,integrated_null,even ~ ltr,1.1365392563594323e-5,1,FALSE
data__focal__integrated__eligible_candidate_pool__all_selected__none,integrated,data,focal,eligible_candidate_pool,all_selected,NA,18,iod_morphology_only,even ~ ltr,1.1365392563594323e-5,1,FALSE
data__focal__integrated__eligible_candidate_pool__all_selected__none,integrated,data,focal,eligible_candidate_pool,all_selected,NA,18,iod_morphology_only,iod ~ ltr,0.01813537665106654,9.999999999999994e-8,FALSE
data__focal__integrated__eligible_candidate_pool__all_selected__none,integrated,data,focal,eligible_candidate_pool,all_selected,NA,18,iod_morphology_only,ns ~ iod + ltr,0.11732307146043956,9.999999999999994e-8,TRUE
data__focal__integrated__eligible_candidate_pool__all_selected__none,integrated,data,focal,eligible_candidate_pool,all_selected,NA,18,iod_morphology_only,cs ~ ns + ltr,0.8268484126900524,9.999999999999994e-8,TRUE
data__focal__integrated__eligible_candidate_pool__all_selected__none,integrated,data,focal,eligible_candidate_pool,all_selected,NA,18,iod_morphology_only,iod ~ even,0.05881443630942476,9.999999999999994e-8,TRUE
data__focal__integrated__eligible_candidate_pool__all_selected__none,integrated,data,focal,eligible_candidate_pool,all_selected,NA,18,iod_morphology_only,ns ~ iod + even,0.20470294002135558,0.5611647690169643,TRUE
data__focal__integrated__eligible_candidate_pool__all_selected__none,integrated,data,focal,eligible_candidate_pool,all_selected,NA,18,iod_morphology_only,cs ~ ns + even,0.8893851006479669,9.999999999999994e-8,TRUE
data__focal__integrated__eligible_candidate_pool__all_selected__none,integrated,data,focal,eligible_candidate_pool,all_selected,NA,18,iod_morphology_only,cs ~ ns + iod,0.9159585571872211,9.999999999999994e-8,TRUE
data__focal__integrated__eligible_candidate_pool__all_selected__none,integrated,data,focal,eligible_candidate_pool,all_selected,NA,18,te_evenness_chain,iod ~ even + ltr,0.13619693243939107,9.999999999999994e-8,TRUE
data__focal__integrated__eligible_candidate_pool__all_selected__none,integrated,data,focal,eligible_candidate_pool,all_selected,NA,18,te_evenness_chain,ns ~ iod + ltr,0.11732307146043956,9.999999999999994e-8,TRUE
data__focal__integrated__eligible_candidate_pool__all_selected__none,integrated,data,focal,eligible_candidate_pool,all_selected,NA,18,te_evenness_chain,cs ~ ns + ltr,0.8268484126900524,9.999999999999994e-8,TRUE
data__focal__integrated__eligible_candidate_pool__all_selected__none,integrated,data,focal,eligible_candidate_pool,all_selected,NA,18,te_evenness_chain,ns ~ ltr + iod + even,0.4638327156564166,9.999999999999994e-8,TRUE
data__focal__integrated__eligible_candidate_pool__all_selected__none,integrated,data,focal,eligible_candidate_pool,all_selected,NA,18,te_evenness_chain,cs ~ ltr + ns + even,0.7915126790932873,9.999999999999994e-8,TRUE
data__focal__integrated__eligible_candidate_pool__all_selected__none,integrated,data,focal,eligible_candidate_pool,all_selected,NA,18,te_evenness_chain,cs ~ even + ns + iod,0.9294056741234864,9.999999999999994e-8,TRUE
data__focal__integrated__eligible_candidate_pool__all_selected__none,integrated,data,focal,eligible_candidate_pool,all_selected,NA,18,te_additive_chain,even ~ ltr,1.1365392563594323e-5,1,FALSE
data__focal__integrated__eligible_candidate_pool__all_selected__none,integrated,data,focal,eligible_candidate_pool,all_selected,NA,18,te_additive_chain,ns ~ iod + even,0.20470294002135558,0.5611647690169643,TRUE
data__focal__integrated__eligible_candidate_pool__all_selected__none,integrated,data,focal,eligible_candidate_pool,all_selected,NA,18,te_additive_chain,cs ~ ns + even,0.8893851006479669,9.999999999999994e-8,TRUE
data__focal__integrated__eligible_candidate_pool__all_selected__none,integrated,data,focal,eligible_candidate_pool,all_selected,NA,18,te_additive_chain,ns ~ iod + ltr,0.11732307146043956,9.999999999999994e-8,TRUE
data__focal__integrated__eligible_candidate_pool__all_selected__none,integrated,data,focal,eligible_candidate_pool,all_selected,NA,18,te_additive_chain,cs ~ ns + ltr,0.8268484126900524,9.999999999999994e-8,TRUE
data__focal__integrated__eligible_candidate_pool__all_selected__none,integrated,data,focal,eligible_candidate_pool,all_selected,NA,18,te_additive_chain,cs ~ even + ltr + ns + iod,0.8915658573077274,9.999999999999994e-8,TRUE
data__focal__integrated__eligible_candidate_pool__all_selected__none,integrated,data,focal,eligible_candidate_pool,all_selected,NA,18,te_nucleus_bypass,even ~ ltr,1.1365392563594323e-5,1,FALSE
data__focal__integrated__eligible_candidate_pool__all_selected__none,integrated,data,focal,eligible_candidate_pool,all_selected,NA,18,te_nucleus_bypass,iod ~ even + ltr,0.13619693243939107,9.999999999999994e-8,TRUE
data__focal__integrated__eligible_candidate_pool__all_selected__none,integrated,data,focal,eligible_candidate_pool,all_selected,NA,18,te_nucleus_bypass,ns ~ even + iod + ltr,0.34508918630011454,9.999999999999994e-8,TRUE
data__focal__integrated__eligible_candidate_pool__all_selected__none,integrated,data,focal,eligible_candidate_pool,all_selected,NA,18,te_nucleus_bypass,cs ~ ns + ltr,0.8268484126900524,9.999999999999994e-8,TRUE
data__focal__integrated__eligible_candidate_pool__all_selected__none,integrated,data,focal,eligible_candidate_pool,all_selected,NA,18,te_nucleus_bypass,cs ~ ns + even,0.8893851006479669,9.999999999999994e-8,TRUE
data__focal__integrated__eligible_candidate_pool__all_selected__none,integrated,data,focal,eligible_candidate_pool,all_selected,NA,18,te_nucleus_bypass,cs ~ even + ns + iod,0.9294056741234864,9.999999999999994e-8,TRUE
data__focal__integrated__eligible_candidate_pool__all_selected__none,integrated,data,focal,eligible_candidate_pool,all_selected,NA,18,te_cell_bypass,even ~ ltr,1.1365392563594323e-5,1,FALSE
data__focal__integrated__eligible_candidate_pool__all_selected__none,integrated,data,focal,eligible_candidate_pool,all_selected,NA,18,te_cell_bypass,iod ~ even + ltr,0.13619693243939107,9.999999999999994e-8,TRUE
data__focal__integrated__eligible_candidate_pool__all_selected__none,integrated,data,focal,eligible_candidate_pool,all_selected,NA,18,te_cell_bypass,ns ~ iod + ltr,0.11732307146043956,9.999999999999994e-8,TRUE
data__focal__integrated__eligible_candidate_pool__all_selected__none,integrated,data,focal,eligible_candidate_pool,all_selected,NA,18,te_cell_bypass,cs ~ even + ns + ltr,0.7561663212689761,9.999999999999994e-8,TRUE
data__focal__integrated__eligible_candidate_pool__all_selected__none,integrated,data,focal,eligible_candidate_pool,all_selected,NA,18,te_cell_bypass,ns ~ iod + even,0.20470294002135558,0.5611647690169643,TRUE
data__focal__integrated__eligible_candidate_pool__all_selected__none,integrated,data,focal,eligible_candidate_pool,all_selected,NA,18,te_cell_bypass,cs ~ even + ns + iod,0.9294056741234864,9.999999999999994e-8,TRUE
data__focal__iod_morphology__image_balanced_selected50__all_selected__none,iod_morphology,data,focal,image_balanced_selected50,all_selected,NA,18,morphology_null,ns ~ iod,0.004681671212979436,1,FALSE
data__focal__iod_morphology__image_balanced_selected50__all_selected__none,iod_morphology,data,focal,image_balanced_selected50,all_selected,NA,18,morphology_null,cs ~ ns,0.005576286470632638,9.999999999999994e-8,FALSE
data__focal__iod_morphology__image_balanced_selected50__all_selected__none,iod_morphology,data,focal,image_balanced_selected50,all_selected,NA,18,morphology_null,cs ~ iod,0.021788310215880926,9.999999999999994e-8,FALSE
data__focal__iod_morphology__image_balanced_selected50__all_selected__none,iod_morphology,data,focal,image_balanced_selected50,all_selected,NA,18,iod_to_nucleus,cs ~ iod,0.021788310215880926,9.999999999999994e-8,FALSE
data__focal__iod_morphology__image_balanced_selected50__all_selected__none,iod_morphology,data,focal,image_balanced_selected50,all_selected,NA,18,iod_to_nucleus,cs ~ iod + ns,0.0793056934265732,9.999999999999994e-8,TRUE
data__focal__iod_morphology__image_balanced_selected50__all_selected__none,iod_morphology,data,focal,image_balanced_selected50,all_selected,NA,18,iod_to_cell,ns ~ iod,0.004681671212979436,1,FALSE
data__focal__iod_morphology__image_balanced_selected50__all_selected__none,iod_morphology,data,focal,image_balanced_selected50,all_selected,NA,18,iod_to_cell,cs ~ iod + ns,0.0793056934265732,9.999999999999994e-8,TRUE
data__focal__iod_morphology__image_balanced_selected50__all_selected__none,iod_morphology,data,focal,image_balanced_selected50,all_selected,NA,18,iod_nucleus_cell_chain,cs ~ ns + iod,0.36560499998079954,9.999999999999994e-8,TRUE
data__focal__integrated__image_balanced_selected50__all_selected__none,integrated,data,focal,image_balanced_selected50,all_selected,NA,18,integrated_null,ns ~ iod,0.004681671212979436,1,FALSE
data__focal__integrated__image_balanced_selected50__all_selected__none,integrated,data,focal,image_balanced_selected50,all_selected,NA,18,integrated_null,cs ~ ns,0.005576286470632638,9.999999999999994e-8,FALSE
data__focal__integrated__image_balanced_selected50__all_selected__none,integrated,data,focal,image_balanced_selected50,all_selected,NA,18,integrated_null,ns ~ even,0.0502745237030184,0.5265953980346352,TRUE
data__focal__integrated__image_balanced_selected50__all_selected__none,integrated,data,focal,image_balanced_selected50,all_selected,NA,18,integrated_null,ns ~ ltr,0.007885166700017241,9.999999999999994e-8,FALSE
data__focal__integrated__image_balanced_selected50__all_selected__none,integrated,data,focal,image_balanced_selected50,all_selected,NA,18,integrated_null,cs ~ iod,0.021788310215880926,9.999999999999994e-8,FALSE
data__focal__integrated__image_balanced_selected50__all_selected__none,integrated,data,focal,image_balanced_selected50,all_selected,NA,18,integrated_null,iod ~ even,0.05881443630942476,9.999999999999994e-8,TRUE
data__focal__integrated__image_balanced_selected50__all_selected__none,integrated,data,focal,image_balanced_selected50,all_selected,NA,18,integrated_null,iod ~ ltr,0.01813537665106654,9.999999999999994e-8,FALSE
data__focal__integrated__image_balanced_selected50__all_selected__none,integrated,data,focal,image_balanced_selected50,all_selected,NA,18,integrated_null,cs ~ even,0.23380553893407466,9.999999999999994e-8,TRUE
data__focal__integrated__image_balanced_selected50__all_selected__none,integrated,data,focal,image_balanced_selected50,all_selected,NA,18,integrated_null,cs ~ ltr,0.0647827288893578,9.999999999999994e-8,TRUE
data__focal__integrated__image_balanced_selected50__all_selected__none,integrated,data,focal,image_balanced_selected50,all_selected,NA,18,integrated_null,even ~ ltr,1.1365392563594323e-5,1,FALSE
data__focal__integrated__image_balanced_selected50__all_selected__none,integrated,data,focal,image_balanced_selected50,all_selected,NA,18,iod_morphology_only,even ~ ltr,1.1365392563594323e-5,1,FALSE
data__focal__integrated__image_balanced_selected50__all_selected__none,integrated,data,focal,image_balanced_selected50,all_selected,NA,18,iod_morphology_only,iod ~ ltr,0.01813537665106654,9.999999999999994e-8,FALSE
data__focal__integrated__image_balanced_selected50__all_selected__none,integrated,data,focal,image_balanced_selected50,all_selected,NA,18,iod_morphology_only,ns ~ iod + ltr,0.7756926878398792,1,TRUE
data__focal__integrated__image_balanced_selected50__all_selected__none,integrated,data,focal,image_balanced_selected50,all_selected,NA,18,iod_morphology_only,cs ~ ns + ltr,0.6825279064255172,9.999999999999994e-8,TRUE
data__focal__integrated__image_balanced_selected50__all_selected__none,integrated,data,focal,image_balanced_selected50,all_selected,NA,18,iod_morphology_only,iod ~ even,0.05881443630942476,9.999999999999994e-8,TRUE
data__focal__integrated__image_balanced_selected50__all_selected__none,integrated,data,focal,image_balanced_selected50,all_selected,NA,18,iod_morphology_only,ns ~ iod + even,0.5197644280732276,1,TRUE
data__focal__integrated__image_balanced_selected50__all_selected__none,integrated,data,focal,image_balanced_selected50,all_selected,NA,18,iod_morphology_only,cs ~ ns + even,0.8906715600006775,9.999999999999994e-8,TRUE
data__focal__integrated__image_balanced_selected50__all_selected__none,integrated,data,focal,image_balanced_selected50,all_selected,NA,18,iod_morphology_only,cs ~ ns + iod,0.36560499998079954,9.999999999999994e-8,TRUE
data__focal__integrated__image_balanced_selected50__all_selected__none,integrated,data,focal,image_balanced_selected50,all_selected,NA,18,te_evenness_chain,iod ~ even + ltr,0.13619693243939107,9.999999999999994e-8,TRUE
data__focal__integrated__image_balanced_selected50__all_selected__none,integrated,data,focal,image_balanced_selected50,all_selected,NA,18,te_evenness_chain,ns ~ iod + ltr,0.7756926878398792,1,TRUE
data__focal__integrated__image_balanced_selected50__all_selected__none,integrated,data,focal,image_balanced_selected50,all_selected,NA,18,te_evenness_chain,cs ~ ns + ltr,0.6825279064255172,9.999999999999994e-8,TRUE
data__focal__integrated__image_balanced_selected50__all_selected__none,integrated,data,focal,image_balanced_selected50,all_selected,NA,18,te_evenness_chain,ns ~ ltr + iod + even,0.476448469645148,1,TRUE
data__focal__integrated__image_balanced_selected50__all_selected__none,integrated,data,focal,image_balanced_selected50,all_selected,NA,18,te_evenness_chain,cs ~ ltr + ns + even,0.7032981476219126,9.999999999999994e-8,TRUE
data__focal__integrated__image_balanced_selected50__all_selected__none,integrated,data,focal,image_balanced_selected50,all_selected,NA,18,te_evenness_chain,cs ~ even + ns + iod,0.35809624829684816,9.999999999999994e-8,TRUE
data__focal__integrated__image_balanced_selected50__all_selected__none,integrated,data,focal,image_balanced_selected50,all_selected,NA,18,te_additive_chain,even ~ ltr,1.1365392563594323e-5,1,FALSE
data__focal__integrated__image_balanced_selected50__all_selected__none,integrated,data,focal,image_balanced_selected50,all_selected,NA,18,te_additive_chain,ns ~ iod + even,0.5197644280732276,1,TRUE
data__focal__integrated__image_balanced_selected50__all_selected__none,integrated,data,focal,image_balanced_selected50,all_selected,NA,18,te_additive_chain,cs ~ ns + even,0.8906715600006775,9.999999999999994e-8,TRUE
data__focal__integrated__image_balanced_selected50__all_selected__none,integrated,data,focal,image_balanced_selected50,all_selected,NA,18,te_additive_chain,ns ~ iod + ltr,0.7756926878398792,1,TRUE
data__focal__integrated__image_balanced_selected50__all_selected__none,integrated,data,focal,image_balanced_selected50,all_selected,NA,18,te_additive_chain,cs ~ ns + ltr,0.6825279064255172,9.999999999999994e-8,TRUE
data__focal__integrated__image_balanced_selected50__all_selected__none,integrated,data,focal,image_balanced_selected50,all_selected,NA,18,te_additive_chain,cs ~ even + ltr + ns + iod,0.4230557224955498,9.999999999999994e-8,TRUE
data__focal__integrated__image_balanced_selected50__all_selected__none,integrated,data,focal,image_balanced_selected50,all_selected,NA,18,te_nucleus_bypass,even ~ ltr,1.1365392563594323e-5,1,FALSE
data__focal__integrated__image_balanced_selected50__all_selected__none,integrated,data,focal,image_balanced_selected50,all_selected,NA,18,te_nucleus_bypass,iod ~ even + ltr,0.13619693243939107,9.999999999999994e-8,TRUE
data__focal__integrated__image_balanced_selected50__all_selected__none,integrated,data,focal,image_balanced_selected50,all_selected,NA,18,te_nucleus_bypass,ns ~ even + iod + ltr,0.6573655834211606,1,TRUE
data__focal__integrated__image_balanced_selected50__all_selected__none,integrated,data,focal,image_balanced_selected50,all_selected,NA,18,te_nucleus_bypass,cs ~ ns + ltr,0.6825279064255172,9.999999999999994e-8,TRUE
data__focal__integrated__image_balanced_selected50__all_selected__none,integrated,data,focal,image_balanced_selected50,all_selected,NA,18,te_nucleus_bypass,cs ~ ns + even,0.8906715600006775,9.999999999999994e-8,TRUE
data__focal__integrated__image_balanced_selected50__all_selected__none,integrated,data,focal,image_balanced_selected50,all_selected,NA,18,te_nucleus_bypass,cs ~ even + ns + iod,0.35809624829684816,9.999999999999994e-8,TRUE
data__focal__integrated__image_balanced_selected50__all_selected__none,integrated,data,focal,image_balanced_selected50,all_selected,NA,18,te_cell_bypass,even ~ ltr,1.1365392563594323e-5,1,FALSE
data__focal__integrated__image_balanced_selected50__all_selected__none,integrated,data,focal,image_balanced_selected50,all_selected,NA,18,te_cell_bypass,iod ~ even + ltr,0.13619693243939107,9.999999999999994e-8,TRUE
data__focal__integrated__image_balanced_selected50__all_selected__none,integrated,data,focal,image_balanced_selected50,all_selected,NA,18,te_cell_bypass,ns ~ iod + ltr,0.7756926878398792,1,TRUE
data__focal__integrated__image_balanced_selected50__all_selected__none,integrated,data,focal,image_balanced_selected50,all_selected,NA,18,te_cell_bypass,cs ~ even + ns + ltr,0.5945786870904959,9.999999999999994e-8,TRUE
data__focal__integrated__image_balanced_selected50__all_selected__none,integrated,data,focal,image_balanced_selected50,all_selected,NA,18,te_cell_bypass,ns ~ iod + even,0.5197644280732276,1,TRUE
data__focal__integrated__image_balanced_selected50__all_selected__none,integrated,data,focal,image_balanced_selected50,all_selected,NA,18,te_cell_bypass,cs ~ even + ns + iod,0.35809624829684816,9.999999999999994e-8,TRUE
data__focal__iod_morphology__literal_largest100_eligible__all_selected__none,iod_morphology,data,focal,literal_largest100_eligible,all_selected,NA,18,morphology_null,ns ~ iod,3.403732222450715e-4,1,FALSE
data__focal__iod_morphology__literal_largest100_eligible__all_selected__none,iod_morphology,data,focal,literal_largest100_eligible,all_selected,NA,18,morphology_null,cs ~ ns,8.806604486908379e-4,9.999999999999994e-8,FALSE
data__focal__iod_morphology__literal_largest100_eligible__all_selected__none,iod_morphology,data,focal,literal_largest100_eligible,all_selected,NA,18,morphology_null,cs ~ iod,0.06074275943399453,9.999999999999994e-8,TRUE
data__focal__iod_morphology__literal_largest100_eligible__all_selected__none,iod_morphology,data,focal,literal_largest100_eligible,all_selected,NA,18,iod_to_nucleus,cs ~ iod,0.06074275943399453,9.999999999999994e-8,TRUE
data__focal__iod_morphology__literal_largest100_eligible__all_selected__none,iod_morphology,data,focal,literal_largest100_eligible,all_selected,NA,18,iod_to_nucleus,cs ~ iod + ns,0.006902749301070912,9.999999999999994e-8,FALSE
data__focal__iod_morphology__literal_largest100_eligible__all_selected__none,iod_morphology,data,focal,literal_largest100_eligible,all_selected,NA,18,iod_to_cell,ns ~ iod,3.403732222450715e-4,1,FALSE
data__focal__iod_morphology__literal_largest100_eligible__all_selected__none,iod_morphology,data,focal,literal_largest100_eligible,all_selected,NA,18,iod_to_cell,cs ~ iod + ns,0.006902749301070912,9.999999999999994e-8,FALSE
data__focal__iod_morphology__literal_largest100_eligible__all_selected__none,iod_morphology,data,focal,literal_largest100_eligible,all_selected,NA,18,iod_nucleus_cell_chain,cs ~ ns + iod,0.6202339483978669,9.999999999999994e-8,TRUE
data__focal__integrated__literal_largest100_eligible__all_selected__none,integrated,data,focal,literal_largest100_eligible,all_selected,NA,18,integrated_null,ns ~ iod,3.403732222450715e-4,1,FALSE
data__focal__integrated__literal_largest100_eligible__all_selected__none,integrated,data,focal,literal_largest100_eligible,all_selected,NA,18,integrated_null,cs ~ ns,8.806604486908379e-4,9.999999999999994e-8,FALSE
data__focal__integrated__literal_largest100_eligible__all_selected__none,integrated,data,focal,literal_largest100_eligible,all_selected,NA,18,integrated_null,ns ~ even,0.020366887887752046,9.999999999999994e-8,FALSE
data__focal__integrated__literal_largest100_eligible__all_selected__none,integrated,data,focal,literal_largest100_eligible,all_selected,NA,18,integrated_null,ns ~ ltr,0.025676876334701084,9.999999999999994e-8,FALSE
data__focal__integrated__literal_largest100_eligible__all_selected__none,integrated,data,focal,literal_largest100_eligible,all_selected,NA,18,integrated_null,cs ~ iod,0.06074275943399453,9.999999999999994e-8,TRUE
data__focal__integrated__literal_largest100_eligible__all_selected__none,integrated,data,focal,literal_largest100_eligible,all_selected,NA,18,integrated_null,iod ~ even,0.05881443630942476,9.999999999999994e-8,TRUE
data__focal__integrated__literal_largest100_eligible__all_selected__none,integrated,data,focal,literal_largest100_eligible,all_selected,NA,18,integrated_null,iod ~ ltr,0.01813537665106654,9.999999999999994e-8,FALSE
data__focal__integrated__literal_largest100_eligible__all_selected__none,integrated,data,focal,literal_largest100_eligible,all_selected,NA,18,integrated_null,cs ~ even,0.19058270078809625,9.999999999999994e-8,TRUE
data__focal__integrated__literal_largest100_eligible__all_selected__none,integrated,data,focal,literal_largest100_eligible,all_selected,NA,18,integrated_null,cs ~ ltr,0.12779950964454964,9.999999999999994e-8,TRUE
data__focal__integrated__literal_largest100_eligible__all_selected__none,integrated,data,focal,literal_largest100_eligible,all_selected,NA,18,integrated_null,even ~ ltr,1.1365392563594323e-5,1,FALSE
data__focal__integrated__literal_largest100_eligible__all_selected__none,integrated,data,focal,literal_largest100_eligible,all_selected,NA,18,iod_morphology_only,even ~ ltr,1.1365392563594323e-5,1,FALSE
data__focal__integrated__literal_largest100_eligible__all_selected__none,integrated,data,focal,literal_largest100_eligible,all_selected,NA,18,iod_morphology_only,iod ~ ltr,0.01813537665106654,9.999999999999994e-8,FALSE
data__focal__integrated__literal_largest100_eligible__all_selected__none,integrated,data,focal,literal_largest100_eligible,all_selected,NA,18,iod_morphology_only,ns ~ iod + ltr,0.6674935429485624,1,TRUE
data__focal__integrated__literal_largest100_eligible__all_selected__none,integrated,data,focal,literal_largest100_eligible,all_selected,NA,18,iod_morphology_only,cs ~ ns + ltr,0.9938502535756222,9.999999999999994e-8,TRUE
data__focal__integrated__literal_largest100_eligible__all_selected__none,integrated,data,focal,literal_largest100_eligible,all_selected,NA,18,iod_morphology_only,iod ~ even,0.05881443630942476,9.999999999999994e-8,TRUE
data__focal__integrated__literal_largest100_eligible__all_selected__none,integrated,data,focal,literal_largest100_eligible,all_selected,NA,18,iod_morphology_only,ns ~ iod + even,0.7978136316531628,1,TRUE
data__focal__integrated__literal_largest100_eligible__all_selected__none,integrated,data,focal,literal_largest100_eligible,all_selected,NA,18,iod_morphology_only,cs ~ ns + even,0.683260913802807,9.999999999999994e-8,TRUE
data__focal__integrated__literal_largest100_eligible__all_selected__none,integrated,data,focal,literal_largest100_eligible,all_selected,NA,18,iod_morphology_only,cs ~ ns + iod,0.6202339483978669,9.999999999999994e-8,TRUE
data__focal__integrated__literal_largest100_eligible__all_selected__none,integrated,data,focal,literal_largest100_eligible,all_selected,NA,18,te_evenness_chain,iod ~ even + ltr,0.13619693243939107,9.999999999999994e-8,TRUE
data__focal__integrated__literal_largest100_eligible__all_selected__none,integrated,data,focal,literal_largest100_eligible,all_selected,NA,18,te_evenness_chain,ns ~ iod + ltr,0.6674935429485624,1,TRUE
data__focal__integrated__literal_largest100_eligible__all_selected__none,integrated,data,focal,literal_largest100_eligible,all_selected,NA,18,te_evenness_chain,cs ~ ns + ltr,0.9938502535756222,9.999999999999994e-8,TRUE
data__focal__integrated__literal_largest100_eligible__all_selected__none,integrated,data,focal,literal_largest100_eligible,all_selected,NA,18,te_evenness_chain,ns ~ ltr + iod + even,0.2689991915088663,1,TRUE
data__focal__integrated__literal_largest100_eligible__all_selected__none,integrated,data,focal,literal_largest100_eligible,all_selected,NA,18,te_evenness_chain,cs ~ ltr + ns + even,0.6499738333971501,9.999999999999994e-8,TRUE
data__focal__integrated__literal_largest100_eligible__all_selected__none,integrated,data,focal,literal_largest100_eligible,all_selected,NA,18,te_evenness_chain,cs ~ even + ns + iod,0.660094957839942,9.999999999999994e-8,TRUE
data__focal__integrated__literal_largest100_eligible__all_selected__none,integrated,data,focal,literal_largest100_eligible,all_selected,NA,18,te_additive_chain,even ~ ltr,1.1365392563594323e-5,1,FALSE
data__focal__integrated__literal_largest100_eligible__all_selected__none,integrated,data,focal,literal_largest100_eligible,all_selected,NA,18,te_additive_chain,ns ~ iod + even,0.7978136316531628,1,TRUE
data__focal__integrated__literal_largest100_eligible__all_selected__none,integrated,data,focal,literal_largest100_eligible,all_selected,NA,18,te_additive_chain,cs ~ ns + even,0.683260913802807,9.999999999999994e-8,TRUE
data__focal__integrated__literal_largest100_eligible__all_selected__none,integrated,data,focal,literal_largest100_eligible,all_selected,NA,18,te_additive_chain,ns ~ iod + ltr,0.6674935429485624,1,TRUE
data__focal__integrated__literal_largest100_eligible__all_selected__none,integrated,data,focal,literal_largest100_eligible,all_selected,NA,18,te_additive_chain,cs ~ ns + ltr,0.9938502535756222,9.999999999999994e-8,TRUE
data__focal__integrated__literal_largest100_eligible__all_selected__none,integrated,data,focal,literal_largest100_eligible,all_selected,NA,18,te_additive_chain,cs ~ even + ltr + ns + iod,0.6137924898582279,9.999999999999994e-8,TRUE
data__focal__integrated__literal_largest100_eligible__all_selected__none,integrated,data,focal,literal_largest100_eligible,all_selected,NA,18,te_nucleus_bypass,even ~ ltr,1.1365392563594323e-5,1,FALSE
data__focal__integrated__literal_largest100_eligible__all_selected__none,integrated,data,focal,literal_largest100_eligible,all_selected,NA,18,te_nucleus_bypass,iod ~ even + ltr,0.13619693243939107,9.999999999999994e-8,TRUE
data__focal__integrated__literal_largest100_eligible__all_selected__none,integrated,data,focal,literal_largest100_eligible,all_selected,NA,18,te_nucleus_bypass,ns ~ even + iod + ltr,0.24833754666206742,1,TRUE
data__focal__integrated__literal_largest100_eligible__all_selected__none,integrated,data,focal,literal_largest100_eligible,all_selected,NA,18,te_nucleus_bypass,cs ~ ns + ltr,0.9938502535756222,9.999999999999994e-8,TRUE
data__focal__integrated__literal_largest100_eligible__all_selected__none,integrated,data,focal,literal_largest100_eligible,all_selected,NA,18,te_nucleus_bypass,cs ~ ns + even,0.683260913802807,9.999999999999994e-8,TRUE
data__focal__integrated__literal_largest100_eligible__all_selected__none,integrated,data,focal,literal_largest100_eligible,all_selected,NA,18,te_nucleus_bypass,cs ~ even + ns + iod,0.660094957839942,9.999999999999994e-8,TRUE
data__focal__integrated__literal_largest100_eligible__all_selected__none,integrated,data,focal,literal_largest100_eligible,all_selected,NA,18,te_cell_bypass,even ~ ltr,1.1365392563594323e-5,1,FALSE
data__focal__integrated__literal_largest100_eligible__all_selected__none,integrated,data,focal,literal_largest100_eligible,all_selected,NA,18,te_cell_bypass,iod ~ even + ltr,0.13619693243939107,9.999999999999994e-8,TRUE
data__focal__integrated__literal_largest100_eligible__all_selected__none,integrated,data,focal,literal_largest100_eligible,all_selected,NA,18,te_cell_bypass,ns ~ iod + ltr,0.6674935429485624,1,TRUE
data__focal__integrated__literal_largest100_eligible__all_selected__none,integrated,data,focal,literal_largest100_eligible,all_selected,NA,18,te_cell_bypass,cs ~ even + ns + ltr,0.8213779490573007,9.999999999999994e-8,TRUE
data__focal__integrated__literal_largest100_eligible__all_selected__none,integrated,data,focal,literal_largest100_eligible,all_selected,NA,18,te_cell_bypass,ns ~ iod + even,0.7978136316531628,1,TRUE
data__focal__integrated__literal_largest100_eligible__all_selected__none,integrated,data,focal,literal_largest100_eligible,all_selected,NA,18,te_cell_bypass,cs ~ even + ns + iod,0.660094957839942,9.999999999999994e-8,TRUE
data__focal__iod_morphology__literal_largest50_eligible__all_selected__none,iod_morphology,data,focal,literal_largest50_eligible,all_selected,NA,18,morphology_null,ns ~ iod,0.0016458149121467455,1,FALSE
data__focal__iod_morphology__literal_largest50_eligible__all_selected__none,iod_morphology,data,focal,literal_largest50_eligible,all_selected,NA,18,morphology_null,cs ~ ns,8.233925187095791e-4,9.999999999999994e-8,FALSE
data__focal__iod_morphology__literal_largest50_eligible__all_selected__none,iod_morphology,data,focal,literal_largest50_eligible,all_selected,NA,18,morphology_null,cs ~ iod,0.07336192233282482,9.999999999999994e-8,TRUE
data__focal__iod_morphology__literal_largest50_eligible__all_selected__none,iod_morphology,data,focal,literal_largest50_eligible,all_selected,NA,18,iod_to_nucleus,cs ~ iod,0.07336192233282482,9.999999999999994e-8,TRUE
data__focal__iod_morphology__literal_largest50_eligible__all_selected__none,iod_morphology,data,focal,literal_largest50_eligible,all_selected,NA,18,iod_to_nucleus,cs ~ iod + ns,0.005960647698281397,9.999999999999994e-8,FALSE
data__focal__iod_morphology__literal_largest50_eligible__all_selected__none,iod_morphology,data,focal,literal_largest50_eligible,all_selected,NA,18,iod_to_cell,ns ~ iod,0.0016458149121467455,1,FALSE
data__focal__iod_morphology__literal_largest50_eligible__all_selected__none,iod_morphology,data,focal,literal_largest50_eligible,all_selected,NA,18,iod_to_cell,cs ~ iod + ns,0.005960647698281397,9.999999999999994e-8,FALSE
data__focal__iod_morphology__literal_largest50_eligible__all_selected__none,iod_morphology,data,focal,literal_largest50_eligible,all_selected,NA,18,iod_nucleus_cell_chain,cs ~ ns + iod,0.7493045443568269,9.999999999999994e-8,TRUE
data__focal__integrated__literal_largest50_eligible__all_selected__none,integrated,data,focal,literal_largest50_eligible,all_selected,NA,18,integrated_null,ns ~ iod,0.0016458149121467455,1,FALSE
data__focal__integrated__literal_largest50_eligible__all_selected__none,integrated,data,focal,literal_largest50_eligible,all_selected,NA,18,integrated_null,cs ~ ns,8.233925187095791e-4,9.999999999999994e-8,FALSE
data__focal__integrated__literal_largest50_eligible__all_selected__none,integrated,data,focal,literal_largest50_eligible,all_selected,NA,18,integrated_null,ns ~ even,0.026163014130589645,9.999999999999994e-8,FALSE
data__focal__integrated__literal_largest50_eligible__all_selected__none,integrated,data,focal,literal_largest50_eligible,all_selected,NA,18,integrated_null,ns ~ ltr,0.05275921393097194,9.999999999999994e-8,TRUE
data__focal__integrated__literal_largest50_eligible__all_selected__none,integrated,data,focal,literal_largest50_eligible,all_selected,NA,18,integrated_null,cs ~ iod,0.07336192233282482,9.999999999999994e-8,TRUE
data__focal__integrated__literal_largest50_eligible__all_selected__none,integrated,data,focal,literal_largest50_eligible,all_selected,NA,18,integrated_null,iod ~ even,0.05881443630942476,9.999999999999994e-8,TRUE
data__focal__integrated__literal_largest50_eligible__all_selected__none,integrated,data,focal,literal_largest50_eligible,all_selected,NA,18,integrated_null,iod ~ ltr,0.01813537665106654,9.999999999999994e-8,FALSE
data__focal__integrated__literal_largest50_eligible__all_selected__none,integrated,data,focal,literal_largest50_eligible,all_selected,NA,18,integrated_null,cs ~ even,0.2251317864859423,9.999999999999994e-8,TRUE
data__focal__integrated__literal_largest50_eligible__all_selected__none,integrated,data,focal,literal_largest50_eligible,all_selected,NA,18,integrated_null,cs ~ ltr,0.15319785595158575,9.999999999999994e-8,TRUE
data__focal__integrated__literal_largest50_eligible__all_selected__none,integrated,data,focal,literal_largest50_eligible,all_selected,NA,18,integrated_null,even ~ ltr,1.1365392563594323e-5,1,FALSE
data__focal__integrated__literal_largest50_eligible__all_selected__none,integrated,data,focal,literal_largest50_eligible,all_selected,NA,18,iod_morphology_only,even ~ ltr,1.1365392563594323e-5,1,FALSE
data__focal__integrated__literal_largest50_eligible__all_selected__none,integrated,data,focal,literal_largest50_eligible,all_selected,NA,18,iod_morphology_only,iod ~ ltr,0.01813537665106654,9.999999999999994e-8,FALSE
data__focal__integrated__literal_largest50_eligible__all_selected__none,integrated,data,focal,literal_largest50_eligible,all_selected,NA,18,iod_morphology_only,ns ~ iod + ltr,0.5695273384682228,1,TRUE
data__focal__integrated__literal_largest50_eligible__all_selected__none,integrated,data,focal,literal_largest50_eligible,all_selected,NA,18,iod_morphology_only,cs ~ ns + ltr,0.9066099694814727,9.999999999999994e-8,TRUE
data__focal__integrated__literal_largest50_eligible__all_selected__none,integrated,data,focal,literal_largest50_eligible,all_selected,NA,18,iod_morphology_only,iod ~ even,0.05881443630942476,9.999999999999994e-8,TRUE
data__focal__integrated__literal_largest50_eligible__all_selected__none,integrated,data,focal,literal_largest50_eligible,all_selected,NA,18,iod_morphology_only,ns ~ iod + even,0.19289198515295364,9.999999999999994e-8,TRUE
data__focal__integrated__literal_largest50_eligible__all_selected__none,integrated,data,focal,literal_largest50_eligible,all_selected,NA,18,iod_morphology_only,cs ~ ns + even,0.6371122454710523,9.999999999999994e-8,TRUE
data__focal__integrated__literal_largest50_eligible__all_selected__none,integrated,data,focal,literal_largest50_eligible,all_selected,NA,18,iod_morphology_only,cs ~ ns + iod,0.7493045443568269,9.999999999999994e-8,TRUE
data__focal__integrated__literal_largest50_eligible__all_selected__none,integrated,data,focal,literal_largest50_eligible,all_selected,NA,18,te_evenness_chain,iod ~ even + ltr,0.13619693243939107,9.999999999999994e-8,TRUE
data__focal__integrated__literal_largest50_eligible__all_selected__none,integrated,data,focal,literal_largest50_eligible,all_selected,NA,18,te_evenness_chain,ns ~ iod + ltr,0.5695273384682228,1,TRUE
data__focal__integrated__literal_largest50_eligible__all_selected__none,integrated,data,focal,literal_largest50_eligible,all_selected,NA,18,te_evenness_chain,cs ~ ns + ltr,0.9066099694814727,9.999999999999994e-8,TRUE
data__focal__integrated__literal_largest50_eligible__all_selected__none,integrated,data,focal,literal_largest50_eligible,all_selected,NA,18,te_evenness_chain,ns ~ ltr + iod + even,0.3019252161996657,1,TRUE
data__focal__integrated__literal_largest50_eligible__all_selected__none,integrated,data,focal,literal_largest50_eligible,all_selected,NA,18,te_evenness_chain,cs ~ ltr + ns + even,0.5385077484210057,9.999999999999994e-8,TRUE
data__focal__integrated__literal_largest50_eligible__all_selected__none,integrated,data,focal,literal_largest50_eligible,all_selected,NA,18,te_evenness_chain,cs ~ even + ns + iod,0.8123221860810241,9.999999999999994e-8,TRUE
data__focal__integrated__literal_largest50_eligible__all_selected__none,integrated,data,focal,literal_largest50_eligible,all_selected,NA,18,te_additive_chain,even ~ ltr,1.1365392563594323e-5,1,FALSE
data__focal__integrated__literal_largest50_eligible__all_selected__none,integrated,data,focal,literal_largest50_eligible,all_selected,NA,18,te_additive_chain,ns ~ iod + even,0.19289198515295364,9.999999999999994e-8,TRUE
data__focal__integrated__literal_largest50_eligible__all_selected__none,integrated,data,focal,literal_largest50_eligible,all_selected,NA,18,te_additive_chain,cs ~ ns + even,0.6371122454710523,9.999999999999994e-8,TRUE
data__focal__integrated__literal_largest50_eligible__all_selected__none,integrated,data,focal,literal_largest50_eligible,all_selected,NA,18,te_additive_chain,ns ~ iod + ltr,0.5695273384682228,1,TRUE
data__focal__integrated__literal_largest50_eligible__all_selected__none,integrated,data,focal,literal_largest50_eligible,all_selected,NA,18,te_additive_chain,cs ~ ns + ltr,0.9066099694814727,9.999999999999994e-8,TRUE
data__focal__integrated__literal_largest50_eligible__all_selected__none,integrated,data,focal,literal_largest50_eligible,all_selected,NA,18,te_additive_chain,cs ~ even + ltr + ns + iod,0.6964843913184042,9.999999999999994e-8,TRUE
data__focal__integrated__literal_largest50_eligible__all_selected__none,integrated,data,focal,literal_largest50_eligible,all_selected,NA,18,te_nucleus_bypass,even ~ ltr,1.1365392563594323e-5,1,FALSE
data__focal__integrated__literal_largest50_eligible__all_selected__none,integrated,data,focal,literal_largest50_eligible,all_selected,NA,18,te_nucleus_bypass,iod ~ even + ltr,0.13619693243939107,9.999999999999994e-8,TRUE
data__focal__integrated__literal_largest50_eligible__all_selected__none,integrated,data,focal,literal_largest50_eligible,all_selected,NA,18,te_nucleus_bypass,ns ~ even + iod + ltr,0.2439262677705334,1,TRUE
data__focal__integrated__literal_largest50_eligible__all_selected__none,integrated,data,focal,literal_largest50_eligible,all_selected,NA,18,te_nucleus_bypass,cs ~ ns + ltr,0.9066099694814727,9.999999999999994e-8,TRUE
data__focal__integrated__literal_largest50_eligible__all_selected__none,integrated,data,focal,literal_largest50_eligible,all_selected,NA,18,te_nucleus_bypass,cs ~ ns + even,0.6371122454710523,9.999999999999994e-8,TRUE
data__focal__integrated__literal_largest50_eligible__all_selected__none,integrated,data,focal,literal_largest50_eligible,all_selected,NA,18,te_nucleus_bypass,cs ~ even + ns + iod,0.8123221860810241,9.999999999999994e-8,TRUE
data__focal__integrated__literal_largest50_eligible__all_selected__none,integrated,data,focal,literal_largest50_eligible,all_selected,NA,18,te_cell_bypass,even ~ ltr,1.1365392563594323e-5,1,FALSE
data__focal__integrated__literal_largest50_eligible__all_selected__none,integrated,data,focal,literal_largest50_eligible,all_selected,NA,18,te_cell_bypass,iod ~ even + ltr,0.13619693243939107,9.999999999999994e-8,TRUE
data__focal__integrated__literal_largest50_eligible__all_selected__none,integrated,data,focal,literal_largest50_eligible,all_selected,NA,18,te_cell_bypass,ns ~ iod + ltr,0.5695273384682228,1,TRUE
data__focal__integrated__literal_largest50_eligible__all_selected__none,integrated,data,focal,literal_largest50_eligible,all_selected,NA,18,te_cell_bypass,cs ~ even + ns + ltr,0.6680415645001252,9.999999999999994e-8,TRUE
data__focal__integrated__literal_largest50_eligible__all_selected__none,integrated,data,focal,literal_largest50_eligible,all_selected,NA,18,te_cell_bypass,ns ~ iod + even,0.19289198515295364,9.999999999999994e-8,TRUE
data__focal__integrated__literal_largest50_eligible__all_selected__none,integrated,data,focal,literal_largest50_eligible,all_selected,NA,18,te_cell_bypass,cs ~ even + ns + iod,0.8123221860810241,9.999999999999994e-8,TRUE
data__focal__iod_morphology__manual_keep_pool__all_selected__none,iod_morphology,data,focal,manual_keep_pool,all_selected,NA,18,morphology_null,ns ~ iod,0.0015571575696228508,9.999999999999994e-8,FALSE
data__focal__iod_morphology__manual_keep_pool__all_selected__none,iod_morphology,data,focal,manual_keep_pool,all_selected,NA,18,morphology_null,cs ~ ns,0.010451912092744271,9.999999999999994e-8,FALSE
data__focal__iod_morphology__manual_keep_pool__all_selected__none,iod_morphology,data,focal,manual_keep_pool,all_selected,NA,18,morphology_null,cs ~ iod,0.3575089830488276,9.999999999999994e-8,TRUE
data__focal__iod_morphology__manual_keep_pool__all_selected__none,iod_morphology,data,focal,manual_keep_pool,all_selected,NA,18,iod_to_nucleus,cs ~ iod,0.3575089830488276,9.999999999999994e-8,TRUE
data__focal__iod_morphology__manual_keep_pool__all_selected__none,iod_morphology,data,focal,manual_keep_pool,all_selected,NA,18,iod_to_nucleus,cs ~ iod + ns,0.00975168509227043,9.999999999999994e-8,FALSE
data__focal__iod_morphology__manual_keep_pool__all_selected__none,iod_morphology,data,focal,manual_keep_pool,all_selected,NA,18,iod_to_cell,ns ~ iod,0.0015571575696228508,9.999999999999994e-8,FALSE
data__focal__iod_morphology__manual_keep_pool__all_selected__none,iod_morphology,data,focal,manual_keep_pool,all_selected,NA,18,iod_to_cell,cs ~ iod + ns,0.00975168509227043,9.999999999999994e-8,FALSE
data__focal__iod_morphology__manual_keep_pool__all_selected__none,iod_morphology,data,focal,manual_keep_pool,all_selected,NA,18,iod_nucleus_cell_chain,cs ~ ns + iod,0.2476547959642192,9.999999999999994e-8,TRUE
data__focal__integrated__manual_keep_pool__all_selected__none,integrated,data,focal,manual_keep_pool,all_selected,NA,18,integrated_null,ns ~ iod,0.0015571575696228508,9.999999999999994e-8,FALSE
data__focal__integrated__manual_keep_pool__all_selected__none,integrated,data,focal,manual_keep_pool,all_selected,NA,18,integrated_null,cs ~ ns,0.010451912092744271,9.999999999999994e-8,FALSE
data__focal__integrated__manual_keep_pool__all_selected__none,integrated,data,focal,manual_keep_pool,all_selected,NA,18,integrated_null,ns ~ even,0.09431554556721342,9.999999999999994e-8,TRUE
data__focal__integrated__manual_keep_pool__all_selected__none,integrated,data,focal,manual_keep_pool,all_selected,NA,18,integrated_null,ns ~ ltr,0.02167670029933164,9.999999999999994e-8,FALSE
data__focal__integrated__manual_keep_pool__all_selected__none,integrated,data,focal,manual_keep_pool,all_selected,NA,18,integrated_null,cs ~ iod,0.3575089830488276,9.999999999999994e-8,TRUE
data__focal__integrated__manual_keep_pool__all_selected__none,integrated,data,focal,manual_keep_pool,all_selected,NA,18,integrated_null,iod ~ even,0.05881443630942476,9.999999999999994e-8,TRUE
data__focal__integrated__manual_keep_pool__all_selected__none,integrated,data,focal,manual_keep_pool,all_selected,NA,18,integrated_null,iod ~ ltr,0.01813537665106654,9.999999999999994e-8,FALSE
data__focal__integrated__manual_keep_pool__all_selected__none,integrated,data,focal,manual_keep_pool,all_selected,NA,18,integrated_null,cs ~ even,0.4400643110993312,9.999999999999994e-8,TRUE
data__focal__integrated__manual_keep_pool__all_selected__none,integrated,data,focal,manual_keep_pool,all_selected,NA,18,integrated_null,cs ~ ltr,0.06638772759959953,9.999999999999994e-8,TRUE
data__focal__integrated__manual_keep_pool__all_selected__none,integrated,data,focal,manual_keep_pool,all_selected,NA,18,integrated_null,even ~ ltr,1.1365392563594323e-5,1,FALSE
data__focal__integrated__manual_keep_pool__all_selected__none,integrated,data,focal,manual_keep_pool,all_selected,NA,18,iod_morphology_only,even ~ ltr,1.1365392563594323e-5,1,FALSE
data__focal__integrated__manual_keep_pool__all_selected__none,integrated,data,focal,manual_keep_pool,all_selected,NA,18,iod_morphology_only,iod ~ ltr,0.01813537665106654,9.999999999999994e-8,FALSE
data__focal__integrated__manual_keep_pool__all_selected__none,integrated,data,focal,manual_keep_pool,all_selected,NA,18,iod_morphology_only,ns ~ iod + ltr,0.31216522660785395,9.999999999999994e-8,TRUE
data__focal__integrated__manual_keep_pool__all_selected__none,integrated,data,focal,manual_keep_pool,all_selected,NA,18,iod_morphology_only,cs ~ ns + ltr,0.47538473513106416,9.999999999999994e-8,TRUE
data__focal__integrated__manual_keep_pool__all_selected__none,integrated,data,focal,manual_keep_pool,all_selected,NA,18,iod_morphology_only,iod ~ even,0.05881443630942476,9.999999999999994e-8,TRUE
data__focal__integrated__manual_keep_pool__all_selected__none,integrated,data,focal,manual_keep_pool,all_selected,NA,18,iod_morphology_only,ns ~ iod + even,0.5779615242485951,9.999999999999994e-8,TRUE
data__focal__integrated__manual_keep_pool__all_selected__none,integrated,data,focal,manual_keep_pool,all_selected,NA,18,iod_morphology_only,cs ~ ns + even,0.8195381930429175,9.999999999999994e-8,TRUE
data__focal__integrated__manual_keep_pool__all_selected__none,integrated,data,focal,manual_keep_pool,all_selected,NA,18,iod_morphology_only,cs ~ ns + iod,0.2476547959642192,9.999999999999994e-8,TRUE
data__focal__integrated__manual_keep_pool__all_selected__none,integrated,data,focal,manual_keep_pool,all_selected,NA,18,te_evenness_chain,iod ~ even + ltr,0.13619693243939107,9.999999999999994e-8,TRUE
data__focal__integrated__manual_keep_pool__all_selected__none,integrated,data,focal,manual_keep_pool,all_selected,NA,18,te_evenness_chain,ns ~ iod + ltr,0.31216522660785395,9.999999999999994e-8,TRUE
data__focal__integrated__manual_keep_pool__all_selected__none,integrated,data,focal,manual_keep_pool,all_selected,NA,18,te_evenness_chain,cs ~ ns + ltr,0.47538473513106416,9.999999999999994e-8,TRUE
data__focal__integrated__manual_keep_pool__all_selected__none,integrated,data,focal,manual_keep_pool,all_selected,NA,18,te_evenness_chain,ns ~ ltr + iod + even,0.9808993827074933,9.999999999999994e-8,TRUE
data__focal__integrated__manual_keep_pool__all_selected__none,integrated,data,focal,manual_keep_pool,all_selected,NA,18,te_evenness_chain,cs ~ ltr + ns + even,0.45572053758997155,9.999999999999994e-8,TRUE
data__focal__integrated__manual_keep_pool__all_selected__none,integrated,data,focal,manual_keep_pool,all_selected,NA,18,te_evenness_chain,cs ~ even + ns + iod,0.27311850935948756,9.999999999999994e-8,TRUE
data__focal__integrated__manual_keep_pool__all_selected__none,integrated,data,focal,manual_keep_pool,all_selected,NA,18,te_additive_chain,even ~ ltr,1.1365392563594323e-5,1,FALSE
data__focal__integrated__manual_keep_pool__all_selected__none,integrated,data,focal,manual_keep_pool,all_selected,NA,18,te_additive_chain,ns ~ iod + even,0.5779615242485951,9.999999999999994e-8,TRUE
data__focal__integrated__manual_keep_pool__all_selected__none,integrated,data,focal,manual_keep_pool,all_selected,NA,18,te_additive_chain,cs ~ ns + even,0.8195381930429175,9.999999999999994e-8,TRUE
data__focal__integrated__manual_keep_pool__all_selected__none,integrated,data,focal,manual_keep_pool,all_selected,NA,18,te_additive_chain,ns ~ iod + ltr,0.31216522660785395,9.999999999999994e-8,TRUE
data__focal__integrated__manual_keep_pool__all_selected__none,integrated,data,focal,manual_keep_pool,all_selected,NA,18,te_additive_chain,cs ~ ns + ltr,0.47538473513106416,9.999999999999994e-8,TRUE
data__focal__integrated__manual_keep_pool__all_selected__none,integrated,data,focal,manual_keep_pool,all_selected,NA,18,te_additive_chain,cs ~ even + ltr + ns + iod,0.18844478326194214,9.999999999999994e-8,TRUE
data__focal__integrated__manual_keep_pool__all_selected__none,integrated,data,focal,manual_keep_pool,all_selected,NA,18,te_nucleus_bypass,even ~ ltr,1.1365392563594323e-5,1,FALSE
data__focal__integrated__manual_keep_pool__all_selected__none,integrated,data,focal,manual_keep_pool,all_selected,NA,18,te_nucleus_bypass,iod ~ even + ltr,0.13619693243939107,9.999999999999994e-8,TRUE
data__focal__integrated__manual_keep_pool__all_selected__none,integrated,data,focal,manual_keep_pool,all_selected,NA,18,te_nucleus_bypass,ns ~ even + iod + ltr,0.4153586035334258,9.999999999999994e-8,TRUE
data__focal__integrated__manual_keep_pool__all_selected__none,integrated,data,focal,manual_keep_pool,all_selected,NA,18,te_nucleus_bypass,cs ~ ns + ltr,0.47538473513106416,9.999999999999994e-8,TRUE
data__focal__integrated__manual_keep_pool__all_selected__none,integrated,data,focal,manual_keep_pool,all_selected,NA,18,te_nucleus_bypass,cs ~ ns + even,0.8195381930429175,9.999999999999994e-8,TRUE
data__focal__integrated__manual_keep_pool__all_selected__none,integrated,data,focal,manual_keep_pool,all_selected,NA,18,te_nucleus_bypass,cs ~ even + ns + iod,0.27311850935948756,9.999999999999994e-8,TRUE
data__focal__integrated__manual_keep_pool__all_selected__none,integrated,data,focal,manual_keep_pool,all_selected,NA,18,te_cell_bypass,even ~ ltr,1.1365392563594323e-5,1,FALSE
data__focal__integrated__manual_keep_pool__all_selected__none,integrated,data,focal,manual_keep_pool,all_selected,NA,18,te_cell_bypass,iod ~ even + ltr,0.13619693243939107,9.999999999999994e-8,TRUE
data__focal__integrated__manual_keep_pool__all_selected__none,integrated,data,focal,manual_keep_pool,all_selected,NA,18,te_cell_bypass,ns ~ iod + ltr,0.31216522660785395,9.999999999999994e-8,TRUE
data__focal__integrated__manual_keep_pool__all_selected__none,integrated,data,focal,manual_keep_pool,all_selected,NA,18,te_cell_bypass,cs ~ even + ns + ltr,0.3216152621084179,9.999999999999994e-8,TRUE
data__focal__integrated__manual_keep_pool__all_selected__none,integrated,data,focal,manual_keep_pool,all_selected,NA,18,te_cell_bypass,ns ~ iod + even,0.5779615242485951,9.999999999999994e-8,TRUE
data__focal__integrated__manual_keep_pool__all_selected__none,integrated,data,focal,manual_keep_pool,all_selected,NA,18,te_cell_bypass,cs ~ even + ns + iod,0.27311850935948756,9.999999999999994e-8,TRUE
data__focal__te_iod__image_balanced_selected50__high_qc__none,te_iod,data,focal,image_balanced_selected50,high_qc,NA,18,proxy_null,iod ~ ltr,0.018922709178379002,9.999999999999994e-8,FALSE
data__focal__te_iod__image_balanced_selected50__high_qc__none,te_iod,data,focal,image_balanced_selected50,high_qc,NA,18,proxy_null,iod ~ even,0.05617295519586951,9.999999999999994e-8,TRUE
data__focal__te_iod__image_balanced_selected50__high_qc__none,te_iod,data,focal,image_balanced_selected50,high_qc,NA,18,proxy_null,even ~ ltr,1.1365392563594323e-5,1,FALSE
data__focal__te_iod__image_balanced_selected50__high_qc__none,te_iod,data,focal,image_balanced_selected50,high_qc,NA,18,ltr_only,even ~ ltr,1.1365392563594323e-5,1,FALSE
data__focal__te_iod__image_balanced_selected50__high_qc__none,te_iod,data,focal,image_balanced_selected50,high_qc,NA,18,ltr_only,iod ~ ltr + even,0.535583499188913,9.999999999999994e-8,TRUE
data__focal__te_iod__image_balanced_selected50__high_qc__none,te_iod,data,focal,image_balanced_selected50,high_qc,NA,18,evenness_only,even ~ ltr,1.1365392563594323e-5,1,FALSE
data__focal__te_iod__image_balanced_selected50__high_qc__none,te_iod,data,focal,image_balanced_selected50,high_qc,NA,18,evenness_only,iod ~ even + ltr,0.14504099014244315,9.999999999999994e-8,TRUE
data__focal__te_iod__image_balanced_selected50__high_qc__none,te_iod,data,focal,image_balanced_selected50,high_qc,NA,18,additive_composition,even ~ ltr,1.1365392563594323e-5,1,FALSE
data__focal__te_iod__image_balanced_selected50__high_qc__none,te_iod,data,focal,image_balanced_selected50,high_qc,NA,18,mediated_evenness,iod ~ even + ltr,0.14504099014244315,9.999999999999994e-8,TRUE
data__focal__terminal_internal_iod__image_balanced_selected50__high_qc__none,terminal_internal_iod,data,focal,image_balanced_selected50,high_qc,NA,16,proxy_null,iod ~ ti,0.4835188655846999,9.999999999999994e-8,TRUE
data__focal__terminal_internal_iod__image_balanced_selected50__high_qc__none,terminal_internal_iod,data,focal,image_balanced_selected50,high_qc,NA,16,proxy_null,iod ~ ltr,0.10718562535902086,9.999999999999994e-8,TRUE
data__focal__terminal_internal_iod__image_balanced_selected50__high_qc__none,terminal_internal_iod,data,focal,image_balanced_selected50,high_qc,NA,16,proxy_null,iod ~ even,0.44846789661004394,9.999999999999994e-8,TRUE
data__focal__terminal_internal_iod__image_balanced_selected50__high_qc__none,terminal_internal_iod,data,focal,image_balanced_selected50,high_qc,NA,16,proxy_null,ti ~ ltr,0.42326690033890846,9.999999999999994e-8,TRUE
data__focal__terminal_internal_iod__image_balanced_selected50__high_qc__none,terminal_internal_iod,data,focal,image_balanced_selected50,high_qc,NA,16,proxy_null,ti ~ even,0.3315584472458871,9.999999999999994e-8,TRUE
data__focal__terminal_internal_iod__image_balanced_selected50__high_qc__none,terminal_internal_iod,data,focal,image_balanced_selected50,high_qc,NA,16,proxy_null,ltr ~ even,2.6983832650644704e-4,1,FALSE
data__focal__terminal_internal_iod__image_balanced_selected50__high_qc__none,terminal_internal_iod,data,focal,image_balanced_selected50,high_qc,NA,16,terminal_internal_only,ltr ~ even,2.6983832650644704e-4,1,FALSE
data__focal__terminal_internal_iod__image_balanced_selected50__high_qc__none,terminal_internal_iod,data,focal,image_balanced_selected50,high_qc,NA,16,terminal_internal_only,ti ~ even,0.3315584472458871,9.999999999999994e-8,TRUE
data__focal__terminal_internal_iod__image_balanced_selected50__high_qc__none,terminal_internal_iod,data,focal,image_balanced_selected50,high_qc,NA,16,terminal_internal_only,iod ~ ti + even,0.5605456617753138,9.999999999999994e-8,TRUE
data__focal__terminal_internal_iod__image_balanced_selected50__high_qc__none,terminal_internal_iod,data,focal,image_balanced_selected50,high_qc,NA,16,terminal_internal_only,ti ~ ltr,0.42326690033890846,9.999999999999994e-8,TRUE
data__focal__terminal_internal_iod__image_balanced_selected50__high_qc__none,terminal_internal_iod,data,focal,image_balanced_selected50,high_qc,NA,16,terminal_internal_only,iod ~ ti + ltr,0.14682155460359797,9.999999999999994e-8,TRUE
data__focal__terminal_internal_iod__image_balanced_selected50__high_qc__none,terminal_internal_iod,data,focal,image_balanced_selected50,high_qc,NA,16,ltr_terminal_internal_chain,ltr ~ even,2.6983832650644704e-4,1,FALSE
data__focal__terminal_internal_iod__image_balanced_selected50__high_qc__none,terminal_internal_iod,data,focal,image_balanced_selected50,high_qc,NA,16,ltr_terminal_internal_chain,ti ~ ltr + even,0.5353280401973814,9.999999999999994e-8,TRUE
data__focal__terminal_internal_iod__image_balanced_selected50__high_qc__none,terminal_internal_iod,data,focal,image_balanced_selected50,high_qc,NA,16,ltr_terminal_internal_chain,iod ~ ti + even,0.5605456617753138,9.999999999999994e-8,TRUE
data__focal__terminal_internal_iod__image_balanced_selected50__high_qc__none,terminal_internal_iod,data,focal,image_balanced_selected50,high_qc,NA,16,ltr_terminal_internal_chain,iod ~ ti + ltr,0.14682155460359797,9.999999999999994e-8,TRUE
data__focal__terminal_internal_iod__image_balanced_selected50__high_qc__none,terminal_internal_iod,data,focal,image_balanced_selected50,high_qc,NA,16,terminal_internal_evenness_additive,ltr ~ even,2.6983832650644704e-4,1,FALSE
data__focal__terminal_internal_iod__image_balanced_selected50__high_qc__none,terminal_internal_iod,data,focal,image_balanced_selected50,high_qc,NA,16,terminal_internal_evenness_additive,ti ~ ltr,0.42326690033890846,9.999999999999994e-8,TRUE
data__focal__terminal_internal_iod__image_balanced_selected50__high_qc__none,terminal_internal_iod,data,focal,image_balanced_selected50,high_qc,NA,16,terminal_internal_evenness_additive,iod ~ even + ti + ltr,0.19829266271951984,9.999999999999994e-8,TRUE
data__focal__terminal_internal_iod__image_balanced_selected50__high_qc__none,terminal_internal_iod,data,focal,image_balanced_selected50,high_qc,NA,16,terminal_internal_evenness_additive,ti ~ even,0.3315584472458871,9.999999999999994e-8,TRUE
data__focal__terminal_internal_iod__image_balanced_selected50__high_qc__none,terminal_internal_iod,data,focal,image_balanced_selected50,high_qc,NA,16,te_terminal_internal_state,ltr ~ even,2.6983832650644704e-4,1,FALSE
data__focal__terminal_internal_iod__image_balanced_selected50__high_qc__none,terminal_internal_iod,data,focal,image_balanced_selected50,high_qc,NA,16,te_terminal_internal_state,iod ~ ti + even,0.5605456617753138,9.999999999999994e-8,TRUE
data__focal__terminal_internal_iod__image_balanced_selected50__high_qc__none,terminal_internal_iod,data,focal,image_balanced_selected50,high_qc,NA,16,te_terminal_internal_state,iod ~ ti + ltr,0.14682155460359797,9.999999999999994e-8,TRUE
data__focal__iod_morphology__composite_selected50__high_qc__none,iod_morphology,data,focal,composite_selected50,high_qc,NA,18,morphology_null,ns ~ iod,8.055922219519244e-4,0.9811482592195013,FALSE
data__focal__iod_morphology__composite_selected50__high_qc__none,iod_morphology,data,focal,composite_selected50,high_qc,NA,18,morphology_null,cs ~ ns,0.007362343565668249,9.999999999999994e-8,FALSE
data__focal__iod_morphology__composite_selected50__high_qc__none,iod_morphology,data,focal,composite_selected50,high_qc,NA,18,morphology_null,cs ~ iod,0.05147749141371597,9.999999999999994e-8,TRUE
data__focal__iod_morphology__composite_selected50__high_qc__none,iod_morphology,data,focal,composite_selected50,high_qc,NA,18,iod_to_nucleus,cs ~ iod,0.05147749141371597,9.999999999999994e-8,TRUE
data__focal__iod_morphology__composite_selected50__high_qc__none,iod_morphology,data,focal,composite_selected50,high_qc,NA,18,iod_to_nucleus,cs ~ iod + ns,0.07396694226969729,9.999999999999994e-8,TRUE
data__focal__iod_morphology__composite_selected50__high_qc__none,iod_morphology,data,focal,composite_selected50,high_qc,NA,18,iod_to_cell,ns ~ iod,8.055922219519244e-4,0.9811482592195013,FALSE
data__focal__iod_morphology__composite_selected50__high_qc__none,iod_morphology,data,focal,composite_selected50,high_qc,NA,18,iod_to_cell,cs ~ iod + ns,0.07396694226969729,9.999999999999994e-8,TRUE
data__focal__iod_morphology__composite_selected50__high_qc__none,iod_morphology,data,focal,composite_selected50,high_qc,NA,18,iod_nucleus_cell_chain,cs ~ ns + iod,0.8732709157639797,9.999999999999994e-8,TRUE
data__focal__integrated__composite_selected50__high_qc__none,integrated,data,focal,composite_selected50,high_qc,NA,18,integrated_null,ns ~ iod,8.055922219519244e-4,0.9811482592195013,FALSE
data__focal__integrated__composite_selected50__high_qc__none,integrated,data,focal,composite_selected50,high_qc,NA,18,integrated_null,cs ~ ns,0.007362343565668249,9.999999999999994e-8,FALSE
data__focal__integrated__composite_selected50__high_qc__none,integrated,data,focal,composite_selected50,high_qc,NA,18,integrated_null,ns ~ even,0.023202359562176433,9.999999999999994e-8,FALSE
data__focal__integrated__composite_selected50__high_qc__none,integrated,data,focal,composite_selected50,high_qc,NA,18,integrated_null,ns ~ ltr,0.015049985906201796,9.999999999999994e-8,FALSE
data__focal__integrated__composite_selected50__high_qc__none,integrated,data,focal,composite_selected50,high_qc,NA,18,integrated_null,cs ~ iod,0.05147749141371597,9.999999999999994e-8,TRUE
data__focal__integrated__composite_selected50__high_qc__none,integrated,data,focal,composite_selected50,high_qc,NA,18,integrated_null,iod ~ even,0.05617295519586951,9.999999999999994e-8,TRUE
data__focal__integrated__composite_selected50__high_qc__none,integrated,data,focal,composite_selected50,high_qc,NA,18,integrated_null,iod ~ ltr,0.018922709178379002,9.999999999999994e-8,FALSE
data__focal__integrated__composite_selected50__high_qc__none,integrated,data,focal,composite_selected50,high_qc,NA,18,integrated_null,cs ~ even,0.20045707704596544,9.999999999999994e-8,TRUE
data__focal__integrated__composite_selected50__high_qc__none,integrated,data,focal,composite_selected50,high_qc,NA,18,integrated_null,cs ~ ltr,0.09177246810245877,9.999999999999994e-8,TRUE
data__focal__integrated__composite_selected50__high_qc__none,integrated,data,focal,composite_selected50,high_qc,NA,18,integrated_null,even ~ ltr,1.1365392563594323e-5,1,FALSE
data__focal__integrated__composite_selected50__high_qc__none,integrated,data,focal,composite_selected50,high_qc,NA,18,iod_morphology_only,even ~ ltr,1.1365392563594323e-5,1,FALSE
data__focal__integrated__composite_selected50__high_qc__none,integrated,data,focal,composite_selected50,high_qc,NA,18,iod_morphology_only,iod ~ ltr,0.018922709178379002,9.999999999999994e-8,FALSE
data__focal__integrated__composite_selected50__high_qc__none,integrated,data,focal,composite_selected50,high_qc,NA,18,iod_morphology_only,ns ~ iod + ltr,0.9872646696550964,0.9797931932799463,TRUE
data__focal__integrated__composite_selected50__high_qc__none,integrated,data,focal,composite_selected50,high_qc,NA,18,iod_morphology_only,cs ~ ns + ltr,0.6976096385331962,9.999999999999994e-8,TRUE
data__focal__integrated__composite_selected50__high_qc__none,integrated,data,focal,composite_selected50,high_qc,NA,18,iod_morphology_only,iod ~ even,0.05617295519586951,9.999999999999994e-8,TRUE
data__focal__integrated__composite_selected50__high_qc__none,integrated,data,focal,composite_selected50,high_qc,NA,18,iod_morphology_only,ns ~ iod + even,0.20239387856487256,9.999999999999994e-8,TRUE
data__focal__integrated__composite_selected50__high_qc__none,integrated,data,focal,composite_selected50,high_qc,NA,18,iod_morphology_only,cs ~ ns + even,0.9692398083665965,9.999999999999994e-8,TRUE
data__focal__integrated__composite_selected50__high_qc__none,integrated,data,focal,composite_selected50,high_qc,NA,18,iod_morphology_only,cs ~ ns + iod,0.8732709157639797,9.999999999999994e-8,TRUE
data__focal__integrated__composite_selected50__high_qc__none,integrated,data,focal,composite_selected50,high_qc,NA,18,te_evenness_chain,iod ~ even + ltr,0.14504099014244315,9.999999999999994e-8,TRUE
data__focal__integrated__composite_selected50__high_qc__none,integrated,data,focal,composite_selected50,high_qc,NA,18,te_evenness_chain,ns ~ iod + ltr,0.9872646696550964,0.9797931932799463,TRUE
data__focal__integrated__composite_selected50__high_qc__none,integrated,data,focal,composite_selected50,high_qc,NA,18,te_evenness_chain,cs ~ ns + ltr,0.6976096385331962,9.999999999999994e-8,TRUE
data__focal__integrated__composite_selected50__high_qc__none,integrated,data,focal,composite_selected50,high_qc,NA,18,te_evenness_chain,ns ~ ltr + iod + even,0.5244538884679479,0.9484370079192095,TRUE
data__focal__integrated__composite_selected50__high_qc__none,integrated,data,focal,composite_selected50,high_qc,NA,18,te_evenness_chain,cs ~ ltr + ns + even,0.7945927590936144,9.999999999999994e-8,TRUE
data__focal__integrated__composite_selected50__high_qc__none,integrated,data,focal,composite_selected50,high_qc,NA,18,te_evenness_chain,cs ~ even + ns + iod,0.8731507676680654,9.999999999999994e-8,TRUE
data__focal__integrated__composite_selected50__high_qc__none,integrated,data,focal,composite_selected50,high_qc,NA,18,te_additive_chain,even ~ ltr,1.1365392563594323e-5,1,FALSE
data__focal__integrated__composite_selected50__high_qc__none,integrated,data,focal,composite_selected50,high_qc,NA,18,te_additive_chain,ns ~ iod + even,0.20239387856487256,9.999999999999994e-8,TRUE
data__focal__integrated__composite_selected50__high_qc__none,integrated,data,focal,composite_selected50,high_qc,NA,18,te_additive_chain,cs ~ ns + even,0.9692398083665965,9.999999999999994e-8,TRUE
data__focal__integrated__composite_selected50__high_qc__none,integrated,data,focal,composite_selected50,high_qc,NA,18,te_additive_chain,ns ~ iod + ltr,0.9872646696550964,0.9797931932799463,TRUE
data__focal__integrated__composite_selected50__high_qc__none,integrated,data,focal,composite_selected50,high_qc,NA,18,te_additive_chain,cs ~ ns + ltr,0.6976096385331962,9.999999999999994e-8,TRUE
data__focal__integrated__composite_selected50__high_qc__none,integrated,data,focal,composite_selected50,high_qc,NA,18,te_additive_chain,cs ~ even + ltr + ns + iod,0.9491677673669268,9.999999999999994e-8,TRUE
data__focal__integrated__composite_selected50__high_qc__none,integrated,data,focal,composite_selected50,high_qc,NA,18,te_nucleus_bypass,even ~ ltr,1.1365392563594323e-5,1,FALSE
data__focal__integrated__composite_selected50__high_qc__none,integrated,data,focal,composite_selected50,high_qc,NA,18,te_nucleus_bypass,iod ~ even + ltr,0.14504099014244315,9.999999999999994e-8,TRUE
data__focal__integrated__composite_selected50__high_qc__none,integrated,data,focal,composite_selected50,high_qc,NA,18,te_nucleus_bypass,ns ~ even + iod + ltr,0.628888713235412,0.9484370079198777,TRUE
data__focal__integrated__composite_selected50__high_qc__none,integrated,data,focal,composite_selected50,high_qc,NA,18,te_nucleus_bypass,cs ~ ns + ltr,0.6976096385331962,9.999999999999994e-8,TRUE
data__focal__integrated__composite_selected50__high_qc__none,integrated,data,focal,composite_selected50,high_qc,NA,18,te_nucleus_bypass,cs ~ ns + even,0.9692398083665965,9.999999999999994e-8,TRUE
data__focal__integrated__composite_selected50__high_qc__none,integrated,data,focal,composite_selected50,high_qc,NA,18,te_nucleus_bypass,cs ~ even + ns + iod,0.8731507676680654,9.999999999999994e-8,TRUE
data__focal__integrated__composite_selected50__high_qc__none,integrated,data,focal,composite_selected50,high_qc,NA,18,te_cell_bypass,even ~ ltr,1.1365392563594323e-5,1,FALSE
data__focal__integrated__composite_selected50__high_qc__none,integrated,data,focal,composite_selected50,high_qc,NA,18,te_cell_bypass,iod ~ even + ltr,0.14504099014244315,9.999999999999994e-8,TRUE
data__focal__integrated__composite_selected50__high_qc__none,integrated,data,focal,composite_selected50,high_qc,NA,18,te_cell_bypass,ns ~ iod + ltr,0.9872646696550964,0.9797931932799463,TRUE
data__focal__integrated__composite_selected50__high_qc__none,integrated,data,focal,composite_selected50,high_qc,NA,18,te_cell_bypass,cs ~ even + ns + ltr,0.6491493538275961,9.999999999999994e-8,TRUE
data__focal__integrated__composite_selected50__high_qc__none,integrated,data,focal,composite_selected50,high_qc,NA,18,te_cell_bypass,ns ~ iod + even,0.20239387856487256,9.999999999999994e-8,TRUE
data__focal__integrated__composite_selected50__high_qc__none,integrated,data,focal,composite_selected50,high_qc,NA,18,te_cell_bypass,cs ~ even + ns + iod,0.8731507676680654,9.999999999999994e-8,TRUE
data__focal__iod_morphology__eligible_candidate_pool__high_qc__none,iod_morphology,data,focal,eligible_candidate_pool,high_qc,NA,18,morphology_null,ns ~ iod,7.561603621461639e-4,0.806016328818726,FALSE
data__focal__iod_morphology__eligible_candidate_pool__high_qc__none,iod_morphology,data,focal,eligible_candidate_pool,high_qc,NA,18,morphology_null,cs ~ ns,0.05976721306566452,9.999999999999994e-8,TRUE
data__focal__iod_morphology__eligible_candidate_pool__high_qc__none,iod_morphology,data,focal,eligible_candidate_pool,high_qc,NA,18,morphology_null,cs ~ iod,0.2718419342227571,9.999999999999994e-8,TRUE
data__focal__iod_morphology__eligible_candidate_pool__high_qc__none,iod_morphology,data,focal,eligible_candidate_pool,high_qc,NA,18,iod_to_nucleus,cs ~ iod,0.2718419342227571,9.999999999999994e-8,TRUE
data__focal__iod_morphology__eligible_candidate_pool__high_qc__none,iod_morphology,data,focal,eligible_candidate_pool,high_qc,NA,18,iod_to_nucleus,cs ~ iod + ns,0.1260722499726688,9.999999999999994e-8,TRUE
data__focal__iod_morphology__eligible_candidate_pool__high_qc__none,iod_morphology,data,focal,eligible_candidate_pool,high_qc,NA,18,iod_to_cell,ns ~ iod,7.561603621461639e-4,0.806016328818726,FALSE
data__focal__iod_morphology__eligible_candidate_pool__high_qc__none,iod_morphology,data,focal,eligible_candidate_pool,high_qc,NA,18,iod_to_cell,cs ~ iod + ns,0.1260722499726688,9.999999999999994e-8,TRUE
data__focal__iod_morphology__eligible_candidate_pool__high_qc__none,iod_morphology,data,focal,eligible_candidate_pool,high_qc,NA,18,iod_nucleus_cell_chain,cs ~ ns + iod,0.6937080857447863,9.999999999999994e-8,TRUE
data__focal__integrated__eligible_candidate_pool__high_qc__none,integrated,data,focal,eligible_candidate_pool,high_qc,NA,18,integrated_null,ns ~ iod,7.561603621461639e-4,0.806016328818726,FALSE
data__focal__integrated__eligible_candidate_pool__high_qc__none,integrated,data,focal,eligible_candidate_pool,high_qc,NA,18,integrated_null,cs ~ ns,0.05976721306566452,9.999999999999994e-8,TRUE
data__focal__integrated__eligible_candidate_pool__high_qc__none,integrated,data,focal,eligible_candidate_pool,high_qc,NA,18,integrated_null,ns ~ even,0.024069049682041346,0.36866755670869805,FALSE
data__focal__integrated__eligible_candidate_pool__high_qc__none,integrated,data,focal,eligible_candidate_pool,high_qc,NA,18,integrated_null,ns ~ ltr,0.005746216822966341,9.999999999999994e-8,FALSE
data__focal__integrated__eligible_candidate_pool__high_qc__none,integrated,data,focal,eligible_candidate_pool,high_qc,NA,18,integrated_null,cs ~ iod,0.2718419342227571,9.999999999999994e-8,TRUE
data__focal__integrated__eligible_candidate_pool__high_qc__none,integrated,data,focal,eligible_candidate_pool,high_qc,NA,18,integrated_null,iod ~ even,0.05617295519586951,9.999999999999994e-8,TRUE
data__focal__integrated__eligible_candidate_pool__high_qc__none,integrated,data,focal,eligible_candidate_pool,high_qc,NA,18,integrated_null,iod ~ ltr,0.018922709178379002,9.999999999999994e-8,FALSE
data__focal__integrated__eligible_candidate_pool__high_qc__none,integrated,data,focal,eligible_candidate_pool,high_qc,NA,18,integrated_null,cs ~ even,0.38960905275904545,0.3602364393886963,TRUE
data__focal__integrated__eligible_candidate_pool__high_qc__none,integrated,data,focal,eligible_candidate_pool,high_qc,NA,18,integrated_null,cs ~ ltr,0.19320201134607745,9.999999999999994e-8,TRUE
data__focal__integrated__eligible_candidate_pool__high_qc__none,integrated,data,focal,eligible_candidate_pool,high_qc,NA,18,integrated_null,even ~ ltr,1.1365392563594323e-5,1,FALSE
data__focal__integrated__eligible_candidate_pool__high_qc__none,integrated,data,focal,eligible_candidate_pool,high_qc,NA,18,iod_morphology_only,even ~ ltr,1.1365392563594323e-5,1,FALSE
data__focal__integrated__eligible_candidate_pool__high_qc__none,integrated,data,focal,eligible_candidate_pool,high_qc,NA,18,iod_morphology_only,iod ~ ltr,0.018922709178379002,9.999999999999994e-8,FALSE
data__focal__integrated__eligible_candidate_pool__high_qc__none,integrated,data,focal,eligible_candidate_pool,high_qc,NA,18,iod_morphology_only,ns ~ iod + ltr,0.12455628156771258,9.999999999999994e-8,TRUE
data__focal__integrated__eligible_candidate_pool__high_qc__none,integrated,data,focal,eligible_candidate_pool,high_qc,NA,18,iod_morphology_only,cs ~ ns + ltr,0.8268484126900524,9.999999999999994e-8,TRUE
data__focal__integrated__eligible_candidate_pool__high_qc__none,integrated,data,focal,eligible_candidate_pool,high_qc,NA,18,iod_morphology_only,iod ~ even,0.05617295519586951,9.999999999999994e-8,TRUE
data__focal__integrated__eligible_candidate_pool__high_qc__none,integrated,data,focal,eligible_candidate_pool,high_qc,NA,18,iod_morphology_only,ns ~ iod + even,0.2054783639408211,0.5140960126870062,TRUE
data__focal__integrated__eligible_candidate_pool__high_qc__none,integrated,data,focal,eligible_candidate_pool,high_qc,NA,18,iod_morphology_only,cs ~ ns + even,0.8893851006479669,9.999999999999994e-8,TRUE
data__focal__integrated__eligible_candidate_pool__high_qc__none,integrated,data,focal,eligible_candidate_pool,high_qc,NA,18,iod_morphology_only,cs ~ ns + iod,0.6937080857447863,9.999999999999994e-8,TRUE
data__focal__integrated__eligible_candidate_pool__high_qc__none,integrated,data,focal,eligible_candidate_pool,high_qc,NA,18,te_evenness_chain,iod ~ even + ltr,0.14504099014244315,9.999999999999994e-8,TRUE
data__focal__integrated__eligible_candidate_pool__high_qc__none,integrated,data,focal,eligible_candidate_pool,high_qc,NA,18,te_evenness_chain,ns ~ iod + ltr,0.12455628156771258,9.999999999999994e-8,TRUE
data__focal__integrated__eligible_candidate_pool__high_qc__none,integrated,data,focal,eligible_candidate_pool,high_qc,NA,18,te_evenness_chain,cs ~ ns + ltr,0.8268484126900524,9.999999999999994e-8,TRUE
data__focal__integrated__eligible_candidate_pool__high_qc__none,integrated,data,focal,eligible_candidate_pool,high_qc,NA,18,te_evenness_chain,ns ~ ltr + iod + even,0.48173662979194964,9.999999999999994e-8,TRUE
data__focal__integrated__eligible_candidate_pool__high_qc__none,integrated,data,focal,eligible_candidate_pool,high_qc,NA,18,te_evenness_chain,cs ~ ltr + ns + even,0.7915126790932873,9.999999999999994e-8,TRUE
data__focal__integrated__eligible_candidate_pool__high_qc__none,integrated,data,focal,eligible_candidate_pool,high_qc,NA,18,te_evenness_chain,cs ~ even + ns + iod,0.7114326049318774,9.999999999999994e-8,TRUE
data__focal__integrated__eligible_candidate_pool__high_qc__none,integrated,data,focal,eligible_candidate_pool,high_qc,NA,18,te_additive_chain,even ~ ltr,1.1365392563594323e-5,1,FALSE
data__focal__integrated__eligible_candidate_pool__high_qc__none,integrated,data,focal,eligible_candidate_pool,high_qc,NA,18,te_additive_chain,ns ~ iod + even,0.2054783639408211,0.5140960126870062,TRUE
data__focal__integrated__eligible_candidate_pool__high_qc__none,integrated,data,focal,eligible_candidate_pool,high_qc,NA,18,te_additive_chain,cs ~ ns + even,0.8893851006479669,9.999999999999994e-8,TRUE
data__focal__integrated__eligible_candidate_pool__high_qc__none,integrated,data,focal,eligible_candidate_pool,high_qc,NA,18,te_additive_chain,ns ~ iod + ltr,0.12455628156771258,9.999999999999994e-8,TRUE
data__focal__integrated__eligible_candidate_pool__high_qc__none,integrated,data,focal,eligible_candidate_pool,high_qc,NA,18,te_additive_chain,cs ~ ns + ltr,0.8268484126900524,9.999999999999994e-8,TRUE
data__focal__integrated__eligible_candidate_pool__high_qc__none,integrated,data,focal,eligible_candidate_pool,high_qc,NA,18,te_additive_chain,cs ~ even + ltr + ns + iod,0.6875265516100733,9.999999999999994e-8,TRUE
data__focal__integrated__eligible_candidate_pool__high_qc__none,integrated,data,focal,eligible_candidate_pool,high_qc,NA,18,te_nucleus_bypass,even ~ ltr,1.1365392563594323e-5,1,FALSE
data__focal__integrated__eligible_candidate_pool__high_qc__none,integrated,data,focal,eligible_candidate_pool,high_qc,NA,18,te_nucleus_bypass,iod ~ even + ltr,0.14504099014244315,9.999999999999994e-8,TRUE
data__focal__integrated__eligible_candidate_pool__high_qc__none,integrated,data,focal,eligible_candidate_pool,high_qc,NA,18,te_nucleus_bypass,ns ~ even + iod + ltr,0.35107096586349484,9.999999999999994e-8,TRUE
data__focal__integrated__eligible_candidate_pool__high_qc__none,integrated,data,focal,eligible_candidate_pool,high_qc,NA,18,te_nucleus_bypass,cs ~ ns + ltr,0.8268484126900524,9.999999999999994e-8,TRUE
data__focal__integrated__eligible_candidate_pool__high_qc__none,integrated,data,focal,eligible_candidate_pool,high_qc,NA,18,te_nucleus_bypass,cs ~ ns + even,0.8893851006479669,9.999999999999994e-8,TRUE
data__focal__integrated__eligible_candidate_pool__high_qc__none,integrated,data,focal,eligible_candidate_pool,high_qc,NA,18,te_nucleus_bypass,cs ~ even + ns + iod,0.7114326049318774,9.999999999999994e-8,TRUE
data__focal__integrated__eligible_candidate_pool__high_qc__none,integrated,data,focal,eligible_candidate_pool,high_qc,NA,18,te_cell_bypass,even ~ ltr,1.1365392563594323e-5,1,FALSE
data__focal__integrated__eligible_candidate_pool__high_qc__none,integrated,data,focal,eligible_candidate_pool,high_qc,NA,18,te_cell_bypass,iod ~ even + ltr,0.14504099014244315,9.999999999999994e-8,TRUE
data__focal__integrated__eligible_candidate_pool__high_qc__none,integrated,data,focal,eligible_candidate_pool,high_qc,NA,18,te_cell_bypass,ns ~ iod + ltr,0.12455628156771258,9.999999999999994e-8,TRUE
data__focal__integrated__eligible_candidate_pool__high_qc__none,integrated,data,focal,eligible_candidate_pool,high_qc,NA,18,te_cell_bypass,cs ~ even + ns + ltr,0.7561663212689761,9.999999999999994e-8,TRUE
data__focal__integrated__eligible_candidate_pool__high_qc__none,integrated,data,focal,eligible_candidate_pool,high_qc,NA,18,te_cell_bypass,ns ~ iod + even,0.2054783639408211,0.5140960126870062,TRUE
data__focal__integrated__eligible_candidate_pool__high_qc__none,integrated,data,focal,eligible_candidate_pool,high_qc,NA,18,te_cell_bypass,cs ~ even + ns + iod,0.7114326049318774,9.999999999999994e-8,TRUE
data__focal__iod_morphology__image_balanced_selected50__high_qc__none,iod_morphology,data,focal,image_balanced_selected50,high_qc,NA,18,morphology_null,ns ~ iod,0.0027860523791182214,1,FALSE
data__focal__iod_morphology__image_balanced_selected50__high_qc__none,iod_morphology,data,focal,image_balanced_selected50,high_qc,NA,18,morphology_null,cs ~ ns,0.005576286470632638,9.999999999999994e-8,FALSE
data__focal__iod_morphology__image_balanced_selected50__high_qc__none,iod_morphology,data,focal,image_balanced_selected50,high_qc,NA,18,morphology_null,cs ~ iod,0.03225368302404886,9.999999999999994e-8,FALSE
data__focal__iod_morphology__image_balanced_selected50__high_qc__none,iod_morphology,data,focal,image_balanced_selected50,high_qc,NA,18,iod_to_nucleus,cs ~ iod,0.03225368302404886,9.999999999999994e-8,FALSE
data__focal__iod_morphology__image_balanced_selected50__high_qc__none,iod_morphology,data,focal,image_balanced_selected50,high_qc,NA,18,iod_to_nucleus,cs ~ iod + ns,0.07115640226149605,9.999999999999994e-8,TRUE
data__focal__iod_morphology__image_balanced_selected50__high_qc__none,iod_morphology,data,focal,image_balanced_selected50,high_qc,NA,18,iod_to_cell,ns ~ iod,0.0027860523791182214,1,FALSE
data__focal__iod_morphology__image_balanced_selected50__high_qc__none,iod_morphology,data,focal,image_balanced_selected50,high_qc,NA,18,iod_to_cell,cs ~ iod + ns,0.07115640226149605,9.999999999999994e-8,TRUE
data__focal__iod_morphology__image_balanced_selected50__high_qc__none,iod_morphology,data,focal,image_balanced_selected50,high_qc,NA,18,iod_nucleus_cell_chain,cs ~ ns + iod,0.547184309330438,9.999999999999994e-8,TRUE
data__focal__integrated__image_balanced_selected50__high_qc__none,integrated,data,focal,image_balanced_selected50,high_qc,NA,18,integrated_null,ns ~ iod,0.0027860523791182214,1,FALSE
data__focal__integrated__image_balanced_selected50__high_qc__none,integrated,data,focal,image_balanced_selected50,high_qc,NA,18,integrated_null,cs ~ ns,0.005576286470632638,9.999999999999994e-8,FALSE
data__focal__integrated__image_balanced_selected50__high_qc__none,integrated,data,focal,image_balanced_selected50,high_qc,NA,18,integrated_null,ns ~ even,0.0502745237030184,0.5265953980346352,TRUE
data__focal__integrated__image_balanced_selected50__high_qc__none,integrated,data,focal,image_balanced_selected50,high_qc,NA,18,integrated_null,ns ~ ltr,0.007885166700017241,9.999999999999994e-8,FALSE
data__focal__integrated__image_balanced_selected50__high_qc__none,integrated,data,focal,image_balanced_selected50,high_qc,NA,18,integrated_null,cs ~ iod,0.03225368302404886,9.999999999999994e-8,FALSE
data__focal__integrated__image_balanced_selected50__high_qc__none,integrated,data,focal,image_balanced_selected50,high_qc,NA,18,integrated_null,iod ~ even,0.05617295519586951,9.999999999999994e-8,TRUE
data__focal__integrated__image_balanced_selected50__high_qc__none,integrated,data,focal,image_balanced_selected50,high_qc,NA,18,integrated_null,iod ~ ltr,0.018922709178379002,9.999999999999994e-8,FALSE
data__focal__integrated__image_balanced_selected50__high_qc__none,integrated,data,focal,image_balanced_selected50,high_qc,NA,18,integrated_null,cs ~ even,0.23380553893407466,9.999999999999994e-8,TRUE
data__focal__integrated__image_balanced_selected50__high_qc__none,integrated,data,focal,image_balanced_selected50,high_qc,NA,18,integrated_null,cs ~ ltr,0.0647827288893578,9.999999999999994e-8,TRUE
data__focal__integrated__image_balanced_selected50__high_qc__none,integrated,data,focal,image_balanced_selected50,high_qc,NA,18,integrated_null,even ~ ltr,1.1365392563594323e-5,1,FALSE
data__focal__integrated__image_balanced_selected50__high_qc__none,integrated,data,focal,image_balanced_selected50,high_qc,NA,18,iod_morphology_only,even ~ ltr,1.1365392563594323e-5,1,FALSE
data__focal__integrated__image_balanced_selected50__high_qc__none,integrated,data,focal,image_balanced_selected50,high_qc,NA,18,iod_morphology_only,iod ~ ltr,0.018922709178379002,9.999999999999994e-8,FALSE
data__focal__integrated__image_balanced_selected50__high_qc__none,integrated,data,focal,image_balanced_selected50,high_qc,NA,18,iod_morphology_only,ns ~ iod + ltr,0.8008814363047014,1,TRUE
data__focal__integrated__image_balanced_selected50__high_qc__none,integrated,data,focal,image_balanced_selected50,high_qc,NA,18,iod_morphology_only,cs ~ ns + ltr,0.6825279064255172,9.999999999999994e-8,TRUE
data__focal__integrated__image_balanced_selected50__high_qc__none,integrated,data,focal,image_balanced_selected50,high_qc,NA,18,iod_morphology_only,iod ~ even,0.05617295519586951,9.999999999999994e-8,TRUE
data__focal__integrated__image_balanced_selected50__high_qc__none,integrated,data,focal,image_balanced_selected50,high_qc,NA,18,iod_morphology_only,ns ~ iod + even,0.5585365586809239,1,TRUE
data__focal__integrated__image_balanced_selected50__high_qc__none,integrated,data,focal,image_balanced_selected50,high_qc,NA,18,iod_morphology_only,cs ~ ns + even,0.8906715600006775,9.999999999999994e-8,TRUE
data__focal__integrated__image_balanced_selected50__high_qc__none,integrated,data,focal,image_balanced_selected50,high_qc,NA,18,iod_morphology_only,cs ~ ns + iod,0.547184309330438,9.999999999999994e-8,TRUE
data__focal__integrated__image_balanced_selected50__high_qc__none,integrated,data,focal,image_balanced_selected50,high_qc,NA,18,te_evenness_chain,iod ~ even + ltr,0.14504099014244315,9.999999999999994e-8,TRUE
data__focal__integrated__image_balanced_selected50__high_qc__none,integrated,data,focal,image_balanced_selected50,high_qc,NA,18,te_evenness_chain,ns ~ iod + ltr,0.8008814363047014,1,TRUE
data__focal__integrated__image_balanced_selected50__high_qc__none,integrated,data,focal,image_balanced_selected50,high_qc,NA,18,te_evenness_chain,cs ~ ns + ltr,0.6825279064255172,9.999999999999994e-8,TRUE
data__focal__integrated__image_balanced_selected50__high_qc__none,integrated,data,focal,image_balanced_selected50,high_qc,NA,18,te_evenness_chain,ns ~ ltr + iod + even,0.5115141307593951,1,TRUE
data__focal__integrated__image_balanced_selected50__high_qc__none,integrated,data,focal,image_balanced_selected50,high_qc,NA,18,te_evenness_chain,cs ~ ltr + ns + even,0.7032981476219126,9.999999999999994e-8,TRUE
data__focal__integrated__image_balanced_selected50__high_qc__none,integrated,data,focal,image_balanced_selected50,high_qc,NA,18,te_evenness_chain,cs ~ even + ns + iod,0.537294093074814,9.999999999999994e-8,TRUE
data__focal__integrated__image_balanced_selected50__high_qc__none,integrated,data,focal,image_balanced_selected50,high_qc,NA,18,te_additive_chain,even ~ ltr,1.1365392563594323e-5,1,FALSE
data__focal__integrated__image_balanced_selected50__high_qc__none,integrated,data,focal,image_balanced_selected50,high_qc,NA,18,te_additive_chain,ns ~ iod + even,0.5585365586809239,1,TRUE
data__focal__integrated__image_balanced_selected50__high_qc__none,integrated,data,focal,image_balanced_selected50,high_qc,NA,18,te_additive_chain,cs ~ ns + even,0.8906715600006775,9.999999999999994e-8,TRUE
data__focal__integrated__image_balanced_selected50__high_qc__none,integrated,data,focal,image_balanced_selected50,high_qc,NA,18,te_additive_chain,ns ~ iod + ltr,0.8008814363047014,1,TRUE
data__focal__integrated__image_balanced_selected50__high_qc__none,integrated,data,focal,image_balanced_selected50,high_qc,NA,18,te_additive_chain,cs ~ ns + ltr,0.6825279064255172,9.999999999999994e-8,TRUE
data__focal__integrated__image_balanced_selected50__high_qc__none,integrated,data,focal,image_balanced_selected50,high_qc,NA,18,te_additive_chain,cs ~ even + ltr + ns + iod,0.6071317012094131,9.999999999999994e-8,TRUE
data__focal__integrated__image_balanced_selected50__high_qc__none,integrated,data,focal,image_balanced_selected50,high_qc,NA,18,te_nucleus_bypass,even ~ ltr,1.1365392563594323e-5,1,FALSE
data__focal__integrated__image_balanced_selected50__high_qc__none,integrated,data,focal,image_balanced_selected50,high_qc,NA,18,te_nucleus_bypass,iod ~ even + ltr,0.14504099014244315,9.999999999999994e-8,TRUE
data__focal__integrated__image_balanced_selected50__high_qc__none,integrated,data,focal,image_balanced_selected50,high_qc,NA,18,te_nucleus_bypass,ns ~ even + iod + ltr,0.6787731992772709,1,TRUE
data__focal__integrated__image_balanced_selected50__high_qc__none,integrated,data,focal,image_balanced_selected50,high_qc,NA,18,te_nucleus_bypass,cs ~ ns + ltr,0.6825279064255172,9.999999999999994e-8,TRUE
data__focal__integrated__image_balanced_selected50__high_qc__none,integrated,data,focal,image_balanced_selected50,high_qc,NA,18,te_nucleus_bypass,cs ~ ns + even,0.8906715600006775,9.999999999999994e-8,TRUE
data__focal__integrated__image_balanced_selected50__high_qc__none,integrated,data,focal,image_balanced_selected50,high_qc,NA,18,te_nucleus_bypass,cs ~ even + ns + iod,0.537294093074814,9.999999999999994e-8,TRUE
data__focal__integrated__image_balanced_selected50__high_qc__none,integrated,data,focal,image_balanced_selected50,high_qc,NA,18,te_cell_bypass,even ~ ltr,1.1365392563594323e-5,1,FALSE
data__focal__integrated__image_balanced_selected50__high_qc__none,integrated,data,focal,image_balanced_selected50,high_qc,NA,18,te_cell_bypass,iod ~ even + ltr,0.14504099014244315,9.999999999999994e-8,TRUE
data__focal__integrated__image_balanced_selected50__high_qc__none,integrated,data,focal,image_balanced_selected50,high_qc,NA,18,te_cell_bypass,ns ~ iod + ltr,0.8008814363047014,1,TRUE
data__focal__integrated__image_balanced_selected50__high_qc__none,integrated,data,focal,image_balanced_selected50,high_qc,NA,18,te_cell_bypass,cs ~ even + ns + ltr,0.5945786870904959,9.999999999999994e-8,TRUE
data__focal__integrated__image_balanced_selected50__high_qc__none,integrated,data,focal,image_balanced_selected50,high_qc,NA,18,te_cell_bypass,ns ~ iod + even,0.5585365586809239,1,TRUE
data__focal__integrated__image_balanced_selected50__high_qc__none,integrated,data,focal,image_balanced_selected50,high_qc,NA,18,te_cell_bypass,cs ~ even + ns + iod,0.537294093074814,9.999999999999994e-8,TRUE
data__focal__iod_morphology__literal_largest100_eligible__high_qc__none,iod_morphology,data,focal,literal_largest100_eligible,high_qc,NA,18,morphology_null,ns ~ iod,2.1362502791022315e-4,1,FALSE
data__focal__iod_morphology__literal_largest100_eligible__high_qc__none,iod_morphology,data,focal,literal_largest100_eligible,high_qc,NA,18,morphology_null,cs ~ ns,8.806604486908379e-4,9.999999999999994e-8,FALSE
data__focal__iod_morphology__literal_largest100_eligible__high_qc__none,iod_morphology,data,focal,literal_largest100_eligible,high_qc,NA,18,morphology_null,cs ~ iod,0.07102694207827476,9.999999999999994e-8,TRUE
data__focal__iod_morphology__literal_largest100_eligible__high_qc__none,iod_morphology,data,focal,literal_largest100_eligible,high_qc,NA,18,iod_to_nucleus,cs ~ iod,0.07102694207827476,9.999999999999994e-8,TRUE
data__focal__iod_morphology__literal_largest100_eligible__high_qc__none,iod_morphology,data,focal,literal_largest100_eligible,high_qc,NA,18,iod_to_nucleus,cs ~ iod + ns,0.004848898847521539,9.999999999999994e-8,FALSE
data__focal__iod_morphology__literal_largest100_eligible__high_qc__none,iod_morphology,data,focal,literal_largest100_eligible,high_qc,NA,18,iod_to_cell,ns ~ iod,2.1362502791022315e-4,1,FALSE
data__focal__iod_morphology__literal_largest100_eligible__high_qc__none,iod_morphology,data,focal,literal_largest100_eligible,high_qc,NA,18,iod_to_cell,cs ~ iod + ns,0.004848898847521539,9.999999999999994e-8,FALSE
data__focal__iod_morphology__literal_largest100_eligible__high_qc__none,iod_morphology,data,focal,literal_largest100_eligible,high_qc,NA,18,iod_nucleus_cell_chain,cs ~ ns + iod,0.4238553121421207,9.999999999999994e-8,TRUE
data__focal__integrated__literal_largest100_eligible__high_qc__none,integrated,data,focal,literal_largest100_eligible,high_qc,NA,18,integrated_null,ns ~ iod,2.1362502791022315e-4,1,FALSE
data__focal__integrated__literal_largest100_eligible__high_qc__none,integrated,data,focal,literal_largest100_eligible,high_qc,NA,18,integrated_null,cs ~ ns,8.806604486908379e-4,9.999999999999994e-8,FALSE
data__focal__integrated__literal_largest100_eligible__high_qc__none,integrated,data,focal,literal_largest100_eligible,high_qc,NA,18,integrated_null,ns ~ even,0.020366887887752046,9.999999999999994e-8,FALSE
data__focal__integrated__literal_largest100_eligible__high_qc__none,integrated,data,focal,literal_largest100_eligible,high_qc,NA,18,integrated_null,ns ~ ltr,0.025676876334701084,9.999999999999994e-8,FALSE
data__focal__integrated__literal_largest100_eligible__high_qc__none,integrated,data,focal,literal_largest100_eligible,high_qc,NA,18,integrated_null,cs ~ iod,0.07102694207827476,9.999999999999994e-8,TRUE
data__focal__integrated__literal_largest100_eligible__high_qc__none,integrated,data,focal,literal_largest100_eligible,high_qc,NA,18,integrated_null,iod ~ even,0.05617295519586951,9.999999999999994e-8,TRUE
data__focal__integrated__literal_largest100_eligible__high_qc__none,integrated,data,focal,literal_largest100_eligible,high_qc,NA,18,integrated_null,iod ~ ltr,0.018922709178379002,9.999999999999994e-8,FALSE
data__focal__integrated__literal_largest100_eligible__high_qc__none,integrated,data,focal,literal_largest100_eligible,high_qc,NA,18,integrated_null,cs ~ even,0.19058270078809625,9.999999999999994e-8,TRUE
data__focal__integrated__literal_largest100_eligible__high_qc__none,integrated,data,focal,literal_largest100_eligible,high_qc,NA,18,integrated_null,cs ~ ltr,0.12779950964454964,9.999999999999994e-8,TRUE
data__focal__integrated__literal_largest100_eligible__high_qc__none,integrated,data,focal,literal_largest100_eligible,high_qc,NA,18,integrated_null,even ~ ltr,1.1365392563594323e-5,1,FALSE
data__focal__integrated__literal_largest100_eligible__high_qc__none,integrated,data,focal,literal_largest100_eligible,high_qc,NA,18,iod_morphology_only,even ~ ltr,1.1365392563594323e-5,1,FALSE
data__focal__integrated__literal_largest100_eligible__high_qc__none,integrated,data,focal,literal_largest100_eligible,high_qc,NA,18,iod_morphology_only,iod ~ ltr,0.018922709178379002,9.999999999999994e-8,FALSE
data__focal__integrated__literal_largest100_eligible__high_qc__none,integrated,data,focal,literal_largest100_eligible,high_qc,NA,18,iod_morphology_only,ns ~ iod + ltr,0.6323585406659749,1,TRUE
data__focal__integrated__literal_largest100_eligible__high_qc__none,integrated,data,focal,literal_largest100_eligible,high_qc,NA,18,iod_morphology_only,cs ~ ns + ltr,0.9938502535756222,9.999999999999994e-8,TRUE
data__focal__integrated__literal_largest100_eligible__high_qc__none,integrated,data,focal,literal_largest100_eligible,high_qc,NA,18,iod_morphology_only,iod ~ even,0.05617295519586951,9.999999999999994e-8,TRUE
data__focal__integrated__literal_largest100_eligible__high_qc__none,integrated,data,focal,literal_largest100_eligible,high_qc,NA,18,iod_morphology_only,ns ~ iod + even,0.18519612432864296,9.999999999999994e-8,TRUE
data__focal__integrated__literal_largest100_eligible__high_qc__none,integrated,data,focal,literal_largest100_eligible,high_qc,NA,18,iod_morphology_only,cs ~ ns + even,0.683260913802807,9.999999999999994e-8,TRUE
data__focal__integrated__literal_largest100_eligible__high_qc__none,integrated,data,focal,literal_largest100_eligible,high_qc,NA,18,iod_morphology_only,cs ~ ns + iod,0.4238553121421207,9.999999999999994e-8,TRUE
data__focal__integrated__literal_largest100_eligible__high_qc__none,integrated,data,focal,literal_largest100_eligible,high_qc,NA,18,te_evenness_chain,iod ~ even + ltr,0.14504099014244315,9.999999999999994e-8,TRUE
data__focal__integrated__literal_largest100_eligible__high_qc__none,integrated,data,focal,literal_largest100_eligible,high_qc,NA,18,te_evenness_chain,ns ~ iod + ltr,0.6323585406659749,1,TRUE
data__focal__integrated__literal_largest100_eligible__high_qc__none,integrated,data,focal,literal_largest100_eligible,high_qc,NA,18,te_evenness_chain,cs ~ ns + ltr,0.9938502535756222,9.999999999999994e-8,TRUE
data__focal__integrated__literal_largest100_eligible__high_qc__none,integrated,data,focal,literal_largest100_eligible,high_qc,NA,18,te_evenness_chain,ns ~ ltr + iod + even,0.2987092653373029,1,TRUE
data__focal__integrated__literal_largest100_eligible__high_qc__none,integrated,data,focal,literal_largest100_eligible,high_qc,NA,18,te_evenness_chain,cs ~ ltr + ns + even,0.6499738333971501,9.999999999999994e-8,TRUE
data__focal__integrated__literal_largest100_eligible__high_qc__none,integrated,data,focal,literal_largest100_eligible,high_qc,NA,18,te_evenness_chain,cs ~ even + ns + iod,0.45903353529865965,9.999999999999994e-8,TRUE
data__focal__integrated__literal_largest100_eligible__high_qc__none,integrated,data,focal,literal_largest100_eligible,high_qc,NA,18,te_additive_chain,even ~ ltr,1.1365392563594323e-5,1,FALSE
data__focal__integrated__literal_largest100_eligible__high_qc__none,integrated,data,focal,literal_largest100_eligible,high_qc,NA,18,te_additive_chain,ns ~ iod + even,0.18519612432864296,9.999999999999994e-8,TRUE
data__focal__integrated__literal_largest100_eligible__high_qc__none,integrated,data,focal,literal_largest100_eligible,high_qc,NA,18,te_additive_chain,cs ~ ns + even,0.683260913802807,9.999999999999994e-8,TRUE
data__focal__integrated__literal_largest100_eligible__high_qc__none,integrated,data,focal,literal_largest100_eligible,high_qc,NA,18,te_additive_chain,ns ~ iod + ltr,0.6323585406659749,1,TRUE
data__focal__integrated__literal_largest100_eligible__high_qc__none,integrated,data,focal,literal_largest100_eligible,high_qc,NA,18,te_additive_chain,cs ~ ns + ltr,0.9938502535756222,9.999999999999994e-8,TRUE
data__focal__integrated__literal_largest100_eligible__high_qc__none,integrated,data,focal,literal_largest100_eligible,high_qc,NA,18,te_additive_chain,cs ~ even + ltr + ns + iod,0.4224220438700079,9.999999999999994e-8,TRUE
data__focal__integrated__literal_largest100_eligible__high_qc__none,integrated,data,focal,literal_largest100_eligible,high_qc,NA,18,te_nucleus_bypass,even ~ ltr,1.1365392563594323e-5,1,FALSE
data__focal__integrated__literal_largest100_eligible__high_qc__none,integrated,data,focal,literal_largest100_eligible,high_qc,NA,18,te_nucleus_bypass,iod ~ even + ltr,0.14504099014244315,9.999999999999994e-8,TRUE
data__focal__integrated__literal_largest100_eligible__high_qc__none,integrated,data,focal,literal_largest100_eligible,high_qc,NA,18,te_nucleus_bypass,ns ~ even + iod + ltr,0.2611049372840553,1,TRUE
data__focal__integrated__literal_largest100_eligible__high_qc__none,integrated,data,focal,literal_largest100_eligible,high_qc,NA,18,te_nucleus_bypass,cs ~ ns + ltr,0.9938502535756222,9.999999999999994e-8,TRUE
data__focal__integrated__literal_largest100_eligible__high_qc__none,integrated,data,focal,literal_largest100_eligible,high_qc,NA,18,te_nucleus_bypass,cs ~ ns + even,0.683260913802807,9.999999999999994e-8,TRUE
data__focal__integrated__literal_largest100_eligible__high_qc__none,integrated,data,focal,literal_largest100_eligible,high_qc,NA,18,te_nucleus_bypass,cs ~ even + ns + iod,0.45903353529865965,9.999999999999994e-8,TRUE
data__focal__integrated__literal_largest100_eligible__high_qc__none,integrated,data,focal,literal_largest100_eligible,high_qc,NA,18,te_cell_bypass,even ~ ltr,1.1365392563594323e-5,1,FALSE
data__focal__integrated__literal_largest100_eligible__high_qc__none,integrated,data,focal,literal_largest100_eligible,high_qc,NA,18,te_cell_bypass,iod ~ even + ltr,0.14504099014244315,9.999999999999994e-8,TRUE
data__focal__integrated__literal_largest100_eligible__high_qc__none,integrated,data,focal,literal_largest100_eligible,high_qc,NA,18,te_cell_bypass,ns ~ iod + ltr,0.6323585406659749,1,TRUE
data__focal__integrated__literal_largest100_eligible__high_qc__none,integrated,data,focal,literal_largest100_eligible,high_qc,NA,18,te_cell_bypass,cs ~ even + ns + ltr,0.8213779490573007,9.999999999999994e-8,TRUE
data__focal__integrated__literal_largest100_eligible__high_qc__none,integrated,data,focal,literal_largest100_eligible,high_qc,NA,18,te_cell_bypass,ns ~ iod + even,0.18519612432864296,9.999999999999994e-8,TRUE
data__focal__integrated__literal_largest100_eligible__high_qc__none,integrated,data,focal,literal_largest100_eligible,high_qc,NA,18,te_cell_bypass,cs ~ even + ns + iod,0.45903353529865965,9.999999999999994e-8,TRUE
data__focal__iod_morphology__literal_largest50_eligible__high_qc__none,iod_morphology,data,focal,literal_largest50_eligible,high_qc,NA,18,morphology_null,ns ~ iod,0.0017518628658934258,1,FALSE
data__focal__iod_morphology__literal_largest50_eligible__high_qc__none,iod_morphology,data,focal,literal_largest50_eligible,high_qc,NA,18,morphology_null,cs ~ ns,8.233925187095791e-4,9.999999999999994e-8,FALSE
data__focal__iod_morphology__literal_largest50_eligible__high_qc__none,iod_morphology,data,focal,literal_largest50_eligible,high_qc,NA,18,morphology_null,cs ~ iod,0.09500568831457053,9.999999999999994e-8,TRUE
data__focal__iod_morphology__literal_largest50_eligible__high_qc__none,iod_morphology,data,focal,literal_largest50_eligible,high_qc,NA,18,iod_to_nucleus,cs ~ iod,0.09500568831457053,9.999999999999994e-8,TRUE
data__focal__iod_morphology__literal_largest50_eligible__high_qc__none,iod_morphology,data,focal,literal_largest50_eligible,high_qc,NA,18,iod_to_nucleus,cs ~ iod + ns,0.004100357691074007,9.999999999999994e-8,FALSE
data__focal__iod_morphology__literal_largest50_eligible__high_qc__none,iod_morphology,data,focal,literal_largest50_eligible,high_qc,NA,18,iod_to_cell,ns ~ iod,0.0017518628658934258,1,FALSE
data__focal__iod_morphology__literal_largest50_eligible__high_qc__none,iod_morphology,data,focal,literal_largest50_eligible,high_qc,NA,18,iod_to_cell,cs ~ iod + ns,0.004100357691074007,9.999999999999994e-8,FALSE
data__focal__iod_morphology__literal_largest50_eligible__high_qc__none,iod_morphology,data,focal,literal_largest50_eligible,high_qc,NA,18,iod_nucleus_cell_chain,cs ~ ns + iod,0.5347225176826649,9.999999999999994e-8,TRUE
data__focal__integrated__literal_largest50_eligible__high_qc__none,integrated,data,focal,literal_largest50_eligible,high_qc,NA,18,integrated_null,ns ~ iod,0.0017518628658934258,1,FALSE
data__focal__integrated__literal_largest50_eligible__high_qc__none,integrated,data,focal,literal_largest50_eligible,high_qc,NA,18,integrated_null,cs ~ ns,8.233925187095791e-4,9.999999999999994e-8,FALSE
data__focal__integrated__literal_largest50_eligible__high_qc__none,integrated,data,focal,literal_largest50_eligible,high_qc,NA,18,integrated_null,ns ~ even,0.026163014130589645,9.999999999999994e-8,FALSE
data__focal__integrated__literal_largest50_eligible__high_qc__none,integrated,data,focal,literal_largest50_eligible,high_qc,NA,18,integrated_null,ns ~ ltr,0.05275921393097194,9.999999999999994e-8,TRUE
data__focal__integrated__literal_largest50_eligible__high_qc__none,integrated,data,focal,literal_largest50_eligible,high_qc,NA,18,integrated_null,cs ~ iod,0.09500568831457053,9.999999999999994e-8,TRUE
data__focal__integrated__literal_largest50_eligible__high_qc__none,integrated,data,focal,literal_largest50_eligible,high_qc,NA,18,integrated_null,iod ~ even,0.05617295519586951,9.999999999999994e-8,TRUE
data__focal__integrated__literal_largest50_eligible__high_qc__none,integrated,data,focal,literal_largest50_eligible,high_qc,NA,18,integrated_null,iod ~ ltr,0.018922709178379002,9.999999999999994e-8,FALSE
data__focal__integrated__literal_largest50_eligible__high_qc__none,integrated,data,focal,literal_largest50_eligible,high_qc,NA,18,integrated_null,cs ~ even,0.2251317864859423,9.999999999999994e-8,TRUE
data__focal__integrated__literal_largest50_eligible__high_qc__none,integrated,data,focal,literal_largest50_eligible,high_qc,NA,18,integrated_null,cs ~ ltr,0.15319785595158575,9.999999999999994e-8,TRUE
data__focal__integrated__literal_largest50_eligible__high_qc__none,integrated,data,focal,literal_largest50_eligible,high_qc,NA,18,integrated_null,even ~ ltr,1.1365392563594323e-5,1,FALSE
data__focal__integrated__literal_largest50_eligible__high_qc__none,integrated,data,focal,literal_largest50_eligible,high_qc,NA,18,iod_morphology_only,even ~ ltr,1.1365392563594323e-5,1,FALSE
data__focal__integrated__literal_largest50_eligible__high_qc__none,integrated,data,focal,literal_largest50_eligible,high_qc,NA,18,iod_morphology_only,iod ~ ltr,0.018922709178379002,9.999999999999994e-8,FALSE
data__focal__integrated__literal_largest50_eligible__high_qc__none,integrated,data,focal,literal_largest50_eligible,high_qc,NA,18,iod_morphology_only,ns ~ iod + ltr,0.56457283299018,1,TRUE
data__focal__integrated__literal_largest50_eligible__high_qc__none,integrated,data,focal,literal_largest50_eligible,high_qc,NA,18,iod_morphology_only,cs ~ ns + ltr,0.9066099694814727,9.999999999999994e-8,TRUE
data__focal__integrated__literal_largest50_eligible__high_qc__none,integrated,data,focal,literal_largest50_eligible,high_qc,NA,18,iod_morphology_only,iod ~ even,0.05617295519586951,9.999999999999994e-8,TRUE
data__focal__integrated__literal_largest50_eligible__high_qc__none,integrated,data,focal,literal_largest50_eligible,high_qc,NA,18,iod_morphology_only,ns ~ iod + even,0.20535059246247286,9.999999999999994e-8,TRUE
data__focal__integrated__literal_largest50_eligible__high_qc__none,integrated,data,focal,literal_largest50_eligible,high_qc,NA,18,iod_morphology_only,cs ~ ns + even,0.6371122454710523,9.999999999999994e-8,TRUE
data__focal__integrated__literal_largest50_eligible__high_qc__none,integrated,data,focal,literal_largest50_eligible,high_qc,NA,18,iod_morphology_only,cs ~ ns + iod,0.5347225176826649,9.999999999999994e-8,TRUE
data__focal__integrated__literal_largest50_eligible__high_qc__none,integrated,data,focal,literal_largest50_eligible,high_qc,NA,18,te_evenness_chain,iod ~ even + ltr,0.14504099014244315,9.999999999999994e-8,TRUE
data__focal__integrated__literal_largest50_eligible__high_qc__none,integrated,data,focal,literal_largest50_eligible,high_qc,NA,18,te_evenness_chain,ns ~ iod + ltr,0.56457283299018,1,TRUE
data__focal__integrated__literal_largest50_eligible__high_qc__none,integrated,data,focal,literal_largest50_eligible,high_qc,NA,18,te_evenness_chain,cs ~ ns + ltr,0.9066099694814727,9.999999999999994e-8,TRUE
data__focal__integrated__literal_largest50_eligible__high_qc__none,integrated,data,focal,literal_largest50_eligible,high_qc,NA,18,te_evenness_chain,ns ~ ltr + iod + even,0.33684231467183934,1,TRUE
data__focal__integrated__literal_largest50_eligible__high_qc__none,integrated,data,focal,literal_largest50_eligible,high_qc,NA,18,te_evenness_chain,cs ~ ltr + ns + even,0.5385077484210057,9.999999999999994e-8,TRUE
data__focal__integrated__literal_largest50_eligible__high_qc__none,integrated,data,focal,literal_largest50_eligible,high_qc,NA,18,te_evenness_chain,cs ~ even + ns + iod,0.5925532118400062,9.999999999999994e-8,TRUE
data__focal__integrated__literal_largest50_eligible__high_qc__none,integrated,data,focal,literal_largest50_eligible,high_qc,NA,18,te_additive_chain,even ~ ltr,1.1365392563594323e-5,1,FALSE
data__focal__integrated__literal_largest50_eligible__high_qc__none,integrated,data,focal,literal_largest50_eligible,high_qc,NA,18,te_additive_chain,ns ~ iod + even,0.20535059246247286,9.999999999999994e-8,TRUE
data__focal__integrated__literal_largest50_eligible__high_qc__none,integrated,data,focal,literal_largest50_eligible,high_qc,NA,18,te_additive_chain,cs ~ ns + even,0.6371122454710523,9.999999999999994e-8,TRUE
data__focal__integrated__literal_largest50_eligible__high_qc__none,integrated,data,focal,literal_largest50_eligible,high_qc,NA,18,te_additive_chain,ns ~ iod + ltr,0.56457283299018,1,TRUE
data__focal__integrated__literal_largest50_eligible__high_qc__none,integrated,data,focal,literal_largest50_eligible,high_qc,NA,18,te_additive_chain,cs ~ ns + ltr,0.9066099694814727,9.999999999999994e-8,TRUE
data__focal__integrated__literal_largest50_eligible__high_qc__none,integrated,data,focal,literal_largest50_eligible,high_qc,NA,18,te_additive_chain,cs ~ even + ltr + ns + iod,0.48860490599942075,9.999999999999994e-8,TRUE
data__focal__integrated__literal_largest50_eligible__high_qc__none,integrated,data,focal,literal_largest50_eligible,high_qc,NA,18,te_nucleus_bypass,even ~ ltr,1.1365392563594323e-5,1,FALSE
data__focal__integrated__literal_largest50_eligible__high_qc__none,integrated,data,focal,literal_largest50_eligible,high_qc,NA,18,te_nucleus_bypass,iod ~ even + ltr,0.14504099014244315,9.999999999999994e-8,TRUE
data__focal__integrated__literal_largest50_eligible__high_qc__none,integrated,data,focal,literal_largest50_eligible,high_qc,NA,18,te_nucleus_bypass,ns ~ even + iod + ltr,0.26767185815816474,1,TRUE
data__focal__integrated__literal_largest50_eligible__high_qc__none,integrated,data,focal,literal_largest50_eligible,high_qc,NA,18,te_nucleus_bypass,cs ~ ns + ltr,0.9066099694814727,9.999999999999994e-8,TRUE
data__focal__integrated__literal_largest50_eligible__high_qc__none,integrated,data,focal,literal_largest50_eligible,high_qc,NA,18,te_nucleus_bypass,cs ~ ns + even,0.6371122454710523,9.999999999999994e-8,TRUE
data__focal__integrated__literal_largest50_eligible__high_qc__none,integrated,data,focal,literal_largest50_eligible,high_qc,NA,18,te_nucleus_bypass,cs ~ even + ns + iod,0.5925532118400062,9.999999999999994e-8,TRUE
data__focal__integrated__literal_largest50_eligible__high_qc__none,integrated,data,focal,literal_largest50_eligible,high_qc,NA,18,te_cell_bypass,even ~ ltr,1.1365392563594323e-5,1,FALSE
data__focal__integrated__literal_largest50_eligible__high_qc__none,integrated,data,focal,literal_largest50_eligible,high_qc,NA,18,te_cell_bypass,iod ~ even + ltr,0.14504099014244315,9.999999999999994e-8,TRUE
data__focal__integrated__literal_largest50_eligible__high_qc__none,integrated,data,focal,literal_largest50_eligible,high_qc,NA,18,te_cell_bypass,ns ~ iod + ltr,0.56457283299018,1,TRUE
data__focal__integrated__literal_largest50_eligible__high_qc__none,integrated,data,focal,literal_largest50_eligible,high_qc,NA,18,te_cell_bypass,cs ~ even + ns + ltr,0.6680415645001252,9.999999999999994e-8,TRUE
data__focal__integrated__literal_largest50_eligible__high_qc__none,integrated,data,focal,literal_largest50_eligible,high_qc,NA,18,te_cell_bypass,ns ~ iod + even,0.20535059246247286,9.999999999999994e-8,TRUE
data__focal__integrated__literal_largest50_eligible__high_qc__none,integrated,data,focal,literal_largest50_eligible,high_qc,NA,18,te_cell_bypass,cs ~ even + ns + iod,0.5925532118400062,9.999999999999994e-8,TRUE
data__focal__iod_morphology__manual_keep_pool__high_qc__none,iod_morphology,data,focal,manual_keep_pool,high_qc,NA,18,morphology_null,ns ~ iod,0.0015803322620757654,9.999999999999994e-8,FALSE
data__focal__iod_morphology__manual_keep_pool__high_qc__none,iod_morphology,data,focal,manual_keep_pool,high_qc,NA,18,morphology_null,cs ~ ns,0.010451912092744271,9.999999999999994e-8,FALSE
data__focal__iod_morphology__manual_keep_pool__high_qc__none,iod_morphology,data,focal,manual_keep_pool,high_qc,NA,18,morphology_null,cs ~ iod,0.3919949346450784,9.999999999999994e-8,TRUE
data__focal__iod_morphology__manual_keep_pool__high_qc__none,iod_morphology,data,focal,manual_keep_pool,high_qc,NA,18,iod_to_nucleus,cs ~ iod,0.3919949346450784,9.999999999999994e-8,TRUE
data__focal__iod_morphology__manual_keep_pool__high_qc__none,iod_morphology,data,focal,manual_keep_pool,high_qc,NA,18,iod_to_nucleus,cs ~ iod + ns,0.007957242966731658,9.999999999999994e-8,FALSE
data__focal__iod_morphology__manual_keep_pool__high_qc__none,iod_morphology,data,focal,manual_keep_pool,high_qc,NA,18,iod_to_cell,ns ~ iod,0.0015803322620757654,9.999999999999994e-8,FALSE
data__focal__iod_morphology__manual_keep_pool__high_qc__none,iod_morphology,data,focal,manual_keep_pool,high_qc,NA,18,iod_to_cell,cs ~ iod + ns,0.007957242966731658,9.999999999999994e-8,FALSE
data__focal__iod_morphology__manual_keep_pool__high_qc__none,iod_morphology,data,focal,manual_keep_pool,high_qc,NA,18,iod_nucleus_cell_chain,cs ~ ns + iod,0.20696711866606693,9.999999999999994e-8,TRUE
data__focal__integrated__manual_keep_pool__high_qc__none,integrated,data,focal,manual_keep_pool,high_qc,NA,18,integrated_null,ns ~ iod,0.0015803322620757654,9.999999999999994e-8,FALSE
data__focal__integrated__manual_keep_pool__high_qc__none,integrated,data,focal,manual_keep_pool,high_qc,NA,18,integrated_null,cs ~ ns,0.010451912092744271,9.999999999999994e-8,FALSE
data__focal__integrated__manual_keep_pool__high_qc__none,integrated,data,focal,manual_keep_pool,high_qc,NA,18,integrated_null,ns ~ even,0.09431554556721342,9.999999999999994e-8,TRUE
data__focal__integrated__manual_keep_pool__high_qc__none,integrated,data,focal,manual_keep_pool,high_qc,NA,18,integrated_null,ns ~ ltr,0.02167670029933164,9.999999999999994e-8,FALSE
data__focal__integrated__manual_keep_pool__high_qc__none,integrated,data,focal,manual_keep_pool,high_qc,NA,18,integrated_null,cs ~ iod,0.3919949346450784,9.999999999999994e-8,TRUE
data__focal__integrated__manual_keep_pool__high_qc__none,integrated,data,focal,manual_keep_pool,high_qc,NA,18,integrated_null,iod ~ even,0.05617295519586951,9.999999999999994e-8,TRUE
data__focal__integrated__manual_keep_pool__high_qc__none,integrated,data,focal,manual_keep_pool,high_qc,NA,18,integrated_null,iod ~ ltr,0.018922709178379002,9.999999999999994e-8,FALSE
data__focal__integrated__manual_keep_pool__high_qc__none,integrated,data,focal,manual_keep_pool,high_qc,NA,18,integrated_null,cs ~ even,0.4400643110993312,9.999999999999994e-8,TRUE
data__focal__integrated__manual_keep_pool__high_qc__none,integrated,data,focal,manual_keep_pool,high_qc,NA,18,integrated_null,cs ~ ltr,0.06638772759959953,9.999999999999994e-8,TRUE
data__focal__integrated__manual_keep_pool__high_qc__none,integrated,data,focal,manual_keep_pool,high_qc,NA,18,integrated_null,even ~ ltr,1.1365392563594323e-5,1,FALSE
data__focal__integrated__manual_keep_pool__high_qc__none,integrated,data,focal,manual_keep_pool,high_qc,NA,18,iod_morphology_only,even ~ ltr,1.1365392563594323e-5,1,FALSE
data__focal__integrated__manual_keep_pool__high_qc__none,integrated,data,focal,manual_keep_pool,high_qc,NA,18,iod_morphology_only,iod ~ ltr,0.018922709178379002,9.999999999999994e-8,FALSE
data__focal__integrated__manual_keep_pool__high_qc__none,integrated,data,focal,manual_keep_pool,high_qc,NA,18,iod_morphology_only,ns ~ iod + ltr,0.306014845713241,9.999999999999994e-8,TRUE
data__focal__integrated__manual_keep_pool__high_qc__none,integrated,data,focal,manual_keep_pool,high_qc,NA,18,iod_morphology_only,cs ~ ns + ltr,0.47538473513106416,9.999999999999994e-8,TRUE
data__focal__integrated__manual_keep_pool__high_qc__none,integrated,data,focal,manual_keep_pool,high_qc,NA,18,iod_morphology_only,iod ~ even,0.05617295519586951,9.999999999999994e-8,TRUE
data__focal__integrated__manual_keep_pool__high_qc__none,integrated,data,focal,manual_keep_pool,high_qc,NA,18,iod_morphology_only,ns ~ iod + even,0.588243559028916,9.999999999999994e-8,TRUE
data__focal__integrated__manual_keep_pool__high_qc__none,integrated,data,focal,manual_keep_pool,high_qc,NA,18,iod_morphology_only,cs ~ ns + even,0.8195381930429175,9.999999999999994e-8,TRUE
data__focal__integrated__manual_keep_pool__high_qc__none,integrated,data,focal,manual_keep_pool,high_qc,NA,18,iod_morphology_only,cs ~ ns + iod,0.20696711866606693,9.999999999999994e-8,TRUE
data__focal__integrated__manual_keep_pool__high_qc__none,integrated,data,focal,manual_keep_pool,high_qc,NA,18,te_evenness_chain,iod ~ even + ltr,0.14504099014244315,9.999999999999994e-8,TRUE
data__focal__integrated__manual_keep_pool__high_qc__none,integrated,data,focal,manual_keep_pool,high_qc,NA,18,te_evenness_chain,ns ~ iod + ltr,0.306014845713241,9.999999999999994e-8,TRUE
data__focal__integrated__manual_keep_pool__high_qc__none,integrated,data,focal,manual_keep_pool,high_qc,NA,18,te_evenness_chain,cs ~ ns + ltr,0.47538473513106416,9.999999999999994e-8,TRUE
data__focal__integrated__manual_keep_pool__high_qc__none,integrated,data,focal,manual_keep_pool,high_qc,NA,18,te_evenness_chain,ns ~ ltr + iod + even,0.9998739088315489,9.999999999999994e-8,TRUE
data__focal__integrated__manual_keep_pool__high_qc__none,integrated,data,focal,manual_keep_pool,high_qc,NA,18,te_evenness_chain,cs ~ ltr + ns + even,0.45572053758997155,9.999999999999994e-8,TRUE
data__focal__integrated__manual_keep_pool__high_qc__none,integrated,data,focal,manual_keep_pool,high_qc,NA,18,te_evenness_chain,cs ~ even + ns + iod,0.22917680822610406,9.999999999999994e-8,TRUE
data__focal__integrated__manual_keep_pool__high_qc__none,integrated,data,focal,manual_keep_pool,high_qc,NA,18,te_additive_chain,even ~ ltr,1.1365392563594323e-5,1,FALSE
data__focal__integrated__manual_keep_pool__high_qc__none,integrated,data,focal,manual_keep_pool,high_qc,NA,18,te_additive_chain,ns ~ iod + even,0.588243559028916,9.999999999999994e-8,TRUE
data__focal__integrated__manual_keep_pool__high_qc__none,integrated,data,focal,manual_keep_pool,high_qc,NA,18,te_additive_chain,cs ~ ns + even,0.8195381930429175,9.999999999999994e-8,TRUE
data__focal__integrated__manual_keep_pool__high_qc__none,integrated,data,focal,manual_keep_pool,high_qc,NA,18,te_additive_chain,ns ~ iod + ltr,0.306014845713241,9.999999999999994e-8,TRUE
data__focal__integrated__manual_keep_pool__high_qc__none,integrated,data,focal,manual_keep_pool,high_qc,NA,18,te_additive_chain,cs ~ ns + ltr,0.47538473513106416,9.999999999999994e-8,TRUE
data__focal__integrated__manual_keep_pool__high_qc__none,integrated,data,focal,manual_keep_pool,high_qc,NA,18,te_additive_chain,cs ~ even + ltr + ns + iod,0.15747640129220075,9.999999999999994e-8,TRUE
data__focal__integrated__manual_keep_pool__high_qc__none,integrated,data,focal,manual_keep_pool,high_qc,NA,18,te_nucleus_bypass,even ~ ltr,1.1365392563594323e-5,1,FALSE
data__focal__integrated__manual_keep_pool__high_qc__none,integrated,data,focal,manual_keep_pool,high_qc,NA,18,te_nucleus_bypass,iod ~ even + ltr,0.14504099014244315,9.999999999999994e-8,TRUE
data__focal__integrated__manual_keep_pool__high_qc__none,integrated,data,focal,manual_keep_pool,high_qc,NA,18,te_nucleus_bypass,ns ~ even + iod + ltr,0.40189675413421877,9.999999999999994e-8,TRUE
data__focal__integrated__manual_keep_pool__high_qc__none,integrated,data,focal,manual_keep_pool,high_qc,NA,18,te_nucleus_bypass,cs ~ ns + ltr,0.47538473513106416,9.999999999999994e-8,TRUE
data__focal__integrated__manual_keep_pool__high_qc__none,integrated,data,focal,manual_keep_pool,high_qc,NA,18,te_nucleus_bypass,cs ~ ns + even,0.8195381930429175,9.999999999999994e-8,TRUE
data__focal__integrated__manual_keep_pool__high_qc__none,integrated,data,focal,manual_keep_pool,high_qc,NA,18,te_nucleus_bypass,cs ~ even + ns + iod,0.22917680822610406,9.999999999999994e-8,TRUE
data__focal__integrated__manual_keep_pool__high_qc__none,integrated,data,focal,manual_keep_pool,high_qc,NA,18,te_cell_bypass,even ~ ltr,1.1365392563594323e-5,1,FALSE
data__focal__integrated__manual_keep_pool__high_qc__none,integrated,data,focal,manual_keep_pool,high_qc,NA,18,te_cell_bypass,iod ~ even + ltr,0.14504099014244315,9.999999999999994e-8,TRUE
data__focal__integrated__manual_keep_pool__high_qc__none,integrated,data,focal,manual_keep_pool,high_qc,NA,18,te_cell_bypass,ns ~ iod + ltr,0.306014845713241,9.999999999999994e-8,TRUE
data__focal__integrated__manual_keep_pool__high_qc__none,integrated,data,focal,manual_keep_pool,high_qc,NA,18,te_cell_bypass,cs ~ even + ns + ltr,0.3216152621084179,9.999999999999994e-8,TRUE
data__focal__integrated__manual_keep_pool__high_qc__none,integrated,data,focal,manual_keep_pool,high_qc,NA,18,te_cell_bypass,ns ~ iod + even,0.588243559028916,9.999999999999994e-8,TRUE
data__focal__integrated__manual_keep_pool__high_qc__none,integrated,data,focal,manual_keep_pool,high_qc,NA,18,te_cell_bypass,cs ~ even + ns + iod,0.22917680822610406,9.999999999999994e-8,TRUE
data__focal__te_iod__image_balanced_selected50__image_qc_pass__none,te_iod,data,focal,image_balanced_selected50,image_qc_pass,NA,18,proxy_null,iod ~ ltr,0.018061608218193543,9.999999999999994e-8,FALSE
data__focal__te_iod__image_balanced_selected50__image_qc_pass__none,te_iod,data,focal,image_balanced_selected50,image_qc_pass,NA,18,proxy_null,iod ~ even,0.07393299735160395,9.999999999999994e-8,TRUE
data__focal__te_iod__image_balanced_selected50__image_qc_pass__none,te_iod,data,focal,image_balanced_selected50,image_qc_pass,NA,18,proxy_null,even ~ ltr,1.1365392563594323e-5,1,FALSE
data__focal__te_iod__image_balanced_selected50__image_qc_pass__none,te_iod,data,focal,image_balanced_selected50,image_qc_pass,NA,18,ltr_only,even ~ ltr,1.1365392563594323e-5,1,FALSE
data__focal__te_iod__image_balanced_selected50__image_qc_pass__none,te_iod,data,focal,image_balanced_selected50,image_qc_pass,NA,18,ltr_only,iod ~ ltr + even,0.6544650342388542,9.999999999999994e-8,TRUE
data__focal__te_iod__image_balanced_selected50__image_qc_pass__none,te_iod,data,focal,image_balanced_selected50,image_qc_pass,NA,18,evenness_only,even ~ ltr,1.1365392563594323e-5,1,FALSE
data__focal__te_iod__image_balanced_selected50__image_qc_pass__none,te_iod,data,focal,image_balanced_selected50,image_qc_pass,NA,18,evenness_only,iod ~ even + ltr,0.11825127562019459,9.999999999999994e-8,TRUE
data__focal__te_iod__image_balanced_selected50__image_qc_pass__none,te_iod,data,focal,image_balanced_selected50,image_qc_pass,NA,18,additive_composition,even ~ ltr,1.1365392563594323e-5,1,FALSE
data__focal__te_iod__image_balanced_selected50__image_qc_pass__none,te_iod,data,focal,image_balanced_selected50,image_qc_pass,NA,18,mediated_evenness,iod ~ even + ltr,0.11825127562019459,9.999999999999994e-8,TRUE
data__focal__terminal_internal_iod__image_balanced_selected50__image_qc_pass__none,terminal_internal_iod,data,focal,image_balanced_selected50,image_qc_pass,NA,16,proxy_null,iod ~ ti,0.4366513921466114,9.999999999999994e-8,TRUE
data__focal__terminal_internal_iod__image_balanced_selected50__image_qc_pass__none,terminal_internal_iod,data,focal,image_balanced_selected50,image_qc_pass,NA,16,proxy_null,iod ~ ltr,0.09016936664685973,9.999999999999994e-8,TRUE
data__focal__terminal_internal_iod__image_balanced_selected50__image_qc_pass__none,terminal_internal_iod,data,focal,image_balanced_selected50,image_qc_pass,NA,16,proxy_null,iod ~ even,0.4924689009831118,9.999999999999994e-8,TRUE
data__focal__terminal_internal_iod__image_balanced_selected50__image_qc_pass__none,terminal_internal_iod,data,focal,image_balanced_selected50,image_qc_pass,NA,16,proxy_null,ti ~ ltr,0.42326690033890846,9.999999999999994e-8,TRUE
data__focal__terminal_internal_iod__image_balanced_selected50__image_qc_pass__none,terminal_internal_iod,data,focal,image_balanced_selected50,image_qc_pass,NA,16,proxy_null,ti ~ even,0.3315584472458871,9.999999999999994e-8,TRUE
data__focal__terminal_internal_iod__image_balanced_selected50__image_qc_pass__none,terminal_internal_iod,data,focal,image_balanced_selected50,image_qc_pass,NA,16,proxy_null,ltr ~ even,2.6983832650644704e-4,1,FALSE
data__focal__terminal_internal_iod__image_balanced_selected50__image_qc_pass__none,terminal_internal_iod,data,focal,image_balanced_selected50,image_qc_pass,NA,16,terminal_internal_only,ltr ~ even,2.6983832650644704e-4,1,FALSE
data__focal__terminal_internal_iod__image_balanced_selected50__image_qc_pass__none,terminal_internal_iod,data,focal,image_balanced_selected50,image_qc_pass,NA,16,terminal_internal_only,ti ~ even,0.3315584472458871,9.999999999999994e-8,TRUE
data__focal__terminal_internal_iod__image_balanced_selected50__image_qc_pass__none,terminal_internal_iod,data,focal,image_balanced_selected50,image_qc_pass,NA,16,terminal_internal_only,iod ~ ti + even,0.6225314332319966,9.999999999999994e-8,TRUE
data__focal__terminal_internal_iod__image_balanced_selected50__image_qc_pass__none,terminal_internal_iod,data,focal,image_balanced_selected50,image_qc_pass,NA,16,terminal_internal_only,ti ~ ltr,0.42326690033890846,9.999999999999994e-8,TRUE
data__focal__terminal_internal_iod__image_balanced_selected50__image_qc_pass__none,terminal_internal_iod,data,focal,image_balanced_selected50,image_qc_pass,NA,16,terminal_internal_only,iod ~ ti + ltr,0.12811795327019435,9.999999999999994e-8,TRUE
data__focal__terminal_internal_iod__image_balanced_selected50__image_qc_pass__none,terminal_internal_iod,data,focal,image_balanced_selected50,image_qc_pass,NA,16,ltr_terminal_internal_chain,ltr ~ even,2.6983832650644704e-4,1,FALSE
data__focal__terminal_internal_iod__image_balanced_selected50__image_qc_pass__none,terminal_internal_iod,data,focal,image_balanced_selected50,image_qc_pass,NA,16,ltr_terminal_internal_chain,ti ~ ltr + even,0.5353280401973814,9.999999999999994e-8,TRUE
data__focal__terminal_internal_iod__image_balanced_selected50__image_qc_pass__none,terminal_internal_iod,data,focal,image_balanced_selected50,image_qc_pass,NA,16,ltr_terminal_internal_chain,iod ~ ti + even,0.6225314332319966,9.999999999999994e-8,TRUE
data__focal__terminal_internal_iod__image_balanced_selected50__image_qc_pass__none,terminal_internal_iod,data,focal,image_balanced_selected50,image_qc_pass,NA,16,ltr_terminal_internal_chain,iod ~ ti + ltr,0.12811795327019435,9.999999999999994e-8,TRUE
data__focal__terminal_internal_iod__image_balanced_selected50__image_qc_pass__none,terminal_internal_iod,data,focal,image_balanced_selected50,image_qc_pass,NA,16,terminal_internal_evenness_additive,ltr ~ even,2.6983832650644704e-4,1,FALSE
data__focal__terminal_internal_iod__image_balanced_selected50__image_qc_pass__none,terminal_internal_iod,data,focal,image_balanced_selected50,image_qc_pass,NA,16,terminal_internal_evenness_additive,ti ~ ltr,0.42326690033890846,9.999999999999994e-8,TRUE
data__focal__terminal_internal_iod__image_balanced_selected50__image_qc_pass__none,terminal_internal_iod,data,focal,image_balanced_selected50,image_qc_pass,NA,16,terminal_internal_evenness_additive,iod ~ even + ti + ltr,0.15610473557379714,9.999999999999994e-8,TRUE
data__focal__terminal_internal_iod__image_balanced_selected50__image_qc_pass__none,terminal_internal_iod,data,focal,image_balanced_selected50,image_qc_pass,NA,16,terminal_internal_evenness_additive,ti ~ even,0.3315584472458871,9.999999999999994e-8,TRUE
data__focal__terminal_internal_iod__image_balanced_selected50__image_qc_pass__none,terminal_internal_iod,data,focal,image_balanced_selected50,image_qc_pass,NA,16,te_terminal_internal_state,ltr ~ even,2.6983832650644704e-4,1,FALSE
data__focal__terminal_internal_iod__image_balanced_selected50__image_qc_pass__none,terminal_internal_iod,data,focal,image_balanced_selected50,image_qc_pass,NA,16,te_terminal_internal_state,iod ~ ti + even,0.6225314332319966,9.999999999999994e-8,TRUE
data__focal__terminal_internal_iod__image_balanced_selected50__image_qc_pass__none,terminal_internal_iod,data,focal,image_balanced_selected50,image_qc_pass,NA,16,te_terminal_internal_state,iod ~ ti + ltr,0.12811795327019435,9.999999999999994e-8,TRUE
data__focal__iod_morphology__composite_selected50__image_qc_pass__none,iod_morphology,data,focal,composite_selected50,image_qc_pass,NA,18,morphology_null,ns ~ iod,0.0017552829012877705,0.9740570242307347,FALSE
data__focal__iod_morphology__composite_selected50__image_qc_pass__none,iod_morphology,data,focal,composite_selected50,image_qc_pass,NA,18,morphology_null,cs ~ ns,0.007362343565668249,9.999999999999994e-8,FALSE
data__focal__iod_morphology__composite_selected50__image_qc_pass__none,iod_morphology,data,focal,composite_selected50,image_qc_pass,NA,18,morphology_null,cs ~ iod,0.09828843471599225,9.999999999999994e-8,TRUE
data__focal__iod_morphology__composite_selected50__image_qc_pass__none,iod_morphology,data,focal,composite_selected50,image_qc_pass,NA,18,iod_to_nucleus,cs ~ iod,0.09828843471599225,9.999999999999994e-8,TRUE
data__focal__iod_morphology__composite_selected50__image_qc_pass__none,iod_morphology,data,focal,composite_selected50,image_qc_pass,NA,18,iod_to_nucleus,cs ~ iod + ns,0.040853468771426614,9.999999999999994e-8,FALSE
data__focal__iod_morphology__composite_selected50__image_qc_pass__none,iod_morphology,data,focal,composite_selected50,image_qc_pass,NA,18,iod_to_cell,ns ~ iod,0.0017552829012877705,0.9740570242307347,FALSE
data__focal__iod_morphology__composite_selected50__image_qc_pass__none,iod_morphology,data,focal,composite_selected50,image_qc_pass,NA,18,iod_to_cell,cs ~ iod + ns,0.040853468771426614,9.999999999999994e-8,FALSE
data__focal__iod_morphology__composite_selected50__image_qc_pass__none,iod_morphology,data,focal,composite_selected50,image_qc_pass,NA,18,iod_nucleus_cell_chain,cs ~ ns + iod,0.8789324654441408,9.999999999999994e-8,TRUE
data__focal__integrated__composite_selected50__image_qc_pass__none,integrated,data,focal,composite_selected50,image_qc_pass,NA,18,integrated_null,ns ~ iod,0.0017552829012877705,0.9740570242307347,FALSE
data__focal__integrated__composite_selected50__image_qc_pass__none,integrated,data,focal,composite_selected50,image_qc_pass,NA,18,integrated_null,cs ~ ns,0.007362343565668249,9.999999999999994e-8,FALSE
data__focal__integrated__composite_selected50__image_qc_pass__none,integrated,data,focal,composite_selected50,image_qc_pass,NA,18,integrated_null,ns ~ even,0.023202359562176433,9.999999999999994e-8,FALSE
data__focal__integrated__composite_selected50__image_qc_pass__none,integrated,data,focal,composite_selected50,image_qc_pass,NA,18,integrated_null,ns ~ ltr,0.015049985906201796,9.999999999999994e-8,FALSE
data__focal__integrated__composite_selected50__image_qc_pass__none,integrated,data,focal,composite_selected50,image_qc_pass,NA,18,integrated_null,cs ~ iod,0.09828843471599225,9.999999999999994e-8,TRUE
data__focal__integrated__composite_selected50__image_qc_pass__none,integrated,data,focal,composite_selected50,image_qc_pass,NA,18,integrated_null,iod ~ even,0.07393299735160395,9.999999999999994e-8,TRUE
data__focal__integrated__composite_selected50__image_qc_pass__none,integrated,data,focal,composite_selected50,image_qc_pass,NA,18,integrated_null,iod ~ ltr,0.018061608218193543,9.999999999999994e-8,FALSE
data__focal__integrated__composite_selected50__image_qc_pass__none,integrated,data,focal,composite_selected50,image_qc_pass,NA,18,integrated_null,cs ~ even,0.20045707704596544,9.999999999999994e-8,TRUE
data__focal__integrated__composite_selected50__image_qc_pass__none,integrated,data,focal,composite_selected50,image_qc_pass,NA,18,integrated_null,cs ~ ltr,0.09177246810245877,9.999999999999994e-8,TRUE
data__focal__integrated__composite_selected50__image_qc_pass__none,integrated,data,focal,composite_selected50,image_qc_pass,NA,18,integrated_null,even ~ ltr,1.1365392563594323e-5,1,FALSE
data__focal__integrated__composite_selected50__image_qc_pass__none,integrated,data,focal,composite_selected50,image_qc_pass,NA,18,iod_morphology_only,even ~ ltr,1.1365392563594323e-5,1,FALSE
data__focal__integrated__composite_selected50__image_qc_pass__none,integrated,data,focal,composite_selected50,image_qc_pass,NA,18,iod_morphology_only,iod ~ ltr,0.018061608218193543,9.999999999999994e-8,FALSE
data__focal__integrated__composite_selected50__image_qc_pass__none,integrated,data,focal,composite_selected50,image_qc_pass,NA,18,iod_morphology_only,ns ~ iod + ltr,0.914757205685419,0.9637511727910998,TRUE
data__focal__integrated__composite_selected50__image_qc_pass__none,integrated,data,focal,composite_selected50,image_qc_pass,NA,18,iod_morphology_only,cs ~ ns + ltr,0.6976096385331962,9.999999999999994e-8,TRUE
data__focal__integrated__composite_selected50__image_qc_pass__none,integrated,data,focal,composite_selected50,image_qc_pass,NA,18,iod_morphology_only,iod ~ even,0.07393299735160395,9.999999999999994e-8,TRUE
data__focal__integrated__composite_selected50__image_qc_pass__none,integrated,data,focal,composite_selected50,image_qc_pass,NA,18,iod_morphology_only,ns ~ iod + even,0.15978351528191717,9.999999999999994e-8,TRUE
data__focal__integrated__composite_selected50__image_qc_pass__none,integrated,data,focal,composite_selected50,image_qc_pass,NA,18,iod_morphology_only,cs ~ ns + even,0.9692398083665965,9.999999999999994e-8,TRUE
data__focal__integrated__composite_selected50__image_qc_pass__none,integrated,data,focal,composite_selected50,image_qc_pass,NA,18,iod_morphology_only,cs ~ ns + iod,0.8789324654441408,9.999999999999994e-8,TRUE
data__focal__integrated__composite_selected50__image_qc_pass__none,integrated,data,focal,composite_selected50,image_qc_pass,NA,18,te_evenness_chain,iod ~ even + ltr,0.11825127562019459,9.999999999999994e-8,TRUE
data__focal__integrated__composite_selected50__image_qc_pass__none,integrated,data,focal,composite_selected50,image_qc_pass,NA,18,te_evenness_chain,ns ~ iod + ltr,0.914757205685419,0.9637511727910998,TRUE
data__focal__integrated__composite_selected50__image_qc_pass__none,integrated,data,focal,composite_selected50,image_qc_pass,NA,18,te_evenness_chain,cs ~ ns + ltr,0.6976096385331962,9.999999999999994e-8,TRUE
data__focal__integrated__composite_selected50__image_qc_pass__none,integrated,data,focal,composite_selected50,image_qc_pass,NA,18,te_evenness_chain,ns ~ ltr + iod + even,0.3667930779809977,9.999999999999994e-8,TRUE
data__focal__integrated__composite_selected50__image_qc_pass__none,integrated,data,focal,composite_selected50,image_qc_pass,NA,18,te_evenness_chain,cs ~ ltr + ns + even,0.7945927590936144,9.999999999999994e-8,TRUE
data__focal__integrated__composite_selected50__image_qc_pass__none,integrated,data,focal,composite_selected50,image_qc_pass,NA,18,te_evenness_chain,cs ~ even + ns + iod,0.8855030311764893,9.999999999999994e-8,TRUE
data__focal__integrated__composite_selected50__image_qc_pass__none,integrated,data,focal,composite_selected50,image_qc_pass,NA,18,te_additive_chain,even ~ ltr,1.1365392563594323e-5,1,FALSE
data__focal__integrated__composite_selected50__image_qc_pass__none,integrated,data,focal,composite_selected50,image_qc_pass,NA,18,te_additive_chain,ns ~ iod + even,0.15978351528191717,9.999999999999994e-8,TRUE
data__focal__integrated__composite_selected50__image_qc_pass__none,integrated,data,focal,composite_selected50,image_qc_pass,NA,18,te_additive_chain,cs ~ ns + even,0.9692398083665965,9.999999999999994e-8,TRUE
data__focal__integrated__composite_selected50__image_qc_pass__none,integrated,data,focal,composite_selected50,image_qc_pass,NA,18,te_additive_chain,ns ~ iod + ltr,0.914757205685419,0.9637511727910998,TRUE
data__focal__integrated__composite_selected50__image_qc_pass__none,integrated,data,focal,composite_selected50,image_qc_pass,NA,18,te_additive_chain,cs ~ ns + ltr,0.6976096385331962,9.999999999999994e-8,TRUE
data__focal__integrated__composite_selected50__image_qc_pass__none,integrated,data,focal,composite_selected50,image_qc_pass,NA,18,te_additive_chain,cs ~ even + ltr + ns + iod,0.7962509506516914,9.999999999999994e-8,TRUE
data__focal__integrated__composite_selected50__image_qc_pass__none,integrated,data,focal,composite_selected50,image_qc_pass,NA,18,te_nucleus_bypass,even ~ ltr,1.1365392563594323e-5,1,FALSE
data__focal__integrated__composite_selected50__image_qc_pass__none,integrated,data,focal,composite_selected50,image_qc_pass,NA,18,te_nucleus_bypass,iod ~ even + ltr,0.11825127562019459,9.999999999999994e-8,TRUE
data__focal__integrated__composite_selected50__image_qc_pass__none,integrated,data,focal,composite_selected50,image_qc_pass,NA,18,te_nucleus_bypass,ns ~ even + iod + ltr,0.622826524658622,9.999999999999994e-8,TRUE
data__focal__integrated__composite_selected50__image_qc_pass__none,integrated,data,focal,composite_selected50,image_qc_pass,NA,18,te_nucleus_bypass,cs ~ ns + ltr,0.6976096385331962,9.999999999999994e-8,TRUE
data__focal__integrated__composite_selected50__image_qc_pass__none,integrated,data,focal,composite_selected50,image_qc_pass,NA,18,te_nucleus_bypass,cs ~ ns + even,0.9692398083665965,9.999999999999994e-8,TRUE
data__focal__integrated__composite_selected50__image_qc_pass__none,integrated,data,focal,composite_selected50,image_qc_pass,NA,18,te_nucleus_bypass,cs ~ even + ns + iod,0.8855030311764893,9.999999999999994e-8,TRUE
data__focal__integrated__composite_selected50__image_qc_pass__none,integrated,data,focal,composite_selected50,image_qc_pass,NA,18,te_cell_bypass,even ~ ltr,1.1365392563594323e-5,1,FALSE
data__focal__integrated__composite_selected50__image_qc_pass__none,integrated,data,focal,composite_selected50,image_qc_pass,NA,18,te_cell_bypass,iod ~ even + ltr,0.11825127562019459,9.999999999999994e-8,TRUE
data__focal__integrated__composite_selected50__image_qc_pass__none,integrated,data,focal,composite_selected50,image_qc_pass,NA,18,te_cell_bypass,ns ~ iod + ltr,0.914757205685419,0.9637511727910998,TRUE
data__focal__integrated__composite_selected50__image_qc_pass__none,integrated,data,focal,composite_selected50,image_qc_pass,NA,18,te_cell_bypass,cs ~ even + ns + ltr,0.6491493538275961,9.999999999999994e-8,TRUE
data__focal__integrated__composite_selected50__image_qc_pass__none,integrated,data,focal,composite_selected50,image_qc_pass,NA,18,te_cell_bypass,ns ~ iod + even,0.15978351528191717,9.999999999999994e-8,TRUE
data__focal__integrated__composite_selected50__image_qc_pass__none,integrated,data,focal,composite_selected50,image_qc_pass,NA,18,te_cell_bypass,cs ~ even + ns + iod,0.8855030311764893,9.999999999999994e-8,TRUE
data__focal__iod_morphology__eligible_candidate_pool__image_qc_pass__none,iod_morphology,data,focal,eligible_candidate_pool,image_qc_pass,NA,18,morphology_null,ns ~ iod,0.0015602083073295533,0.8188883357888149,FALSE
data__focal__iod_morphology__eligible_candidate_pool__image_qc_pass__none,iod_morphology,data,focal,eligible_candidate_pool,image_qc_pass,NA,18,morphology_null,cs ~ ns,0.05976721306566452,9.999999999999994e-8,TRUE
data__focal__iod_morphology__eligible_candidate_pool__image_qc_pass__none,iod_morphology,data,focal,eligible_candidate_pool,image_qc_pass,NA,18,morphology_null,cs ~ iod,0.40218852846784847,9.999999999999994e-8,TRUE
data__focal__iod_morphology__eligible_candidate_pool__image_qc_pass__none,iod_morphology,data,focal,eligible_candidate_pool,image_qc_pass,NA,18,iod_to_nucleus,cs ~ iod,0.40218852846784847,9.999999999999994e-8,TRUE
data__focal__iod_morphology__eligible_candidate_pool__image_qc_pass__none,iod_morphology,data,focal,eligible_candidate_pool,image_qc_pass,NA,18,iod_to_nucleus,cs ~ iod + ns,0.07689506058797456,9.999999999999994e-8,TRUE
data__focal__iod_morphology__eligible_candidate_pool__image_qc_pass__none,iod_morphology,data,focal,eligible_candidate_pool,image_qc_pass,NA,18,iod_to_cell,ns ~ iod,0.0015602083073295533,0.8188883357888149,FALSE
data__focal__iod_morphology__eligible_candidate_pool__image_qc_pass__none,iod_morphology,data,focal,eligible_candidate_pool,image_qc_pass,NA,18,iod_to_cell,cs ~ iod + ns,0.07689506058797456,9.999999999999994e-8,TRUE
data__focal__iod_morphology__eligible_candidate_pool__image_qc_pass__none,iod_morphology,data,focal,eligible_candidate_pool,image_qc_pass,NA,18,iod_nucleus_cell_chain,cs ~ ns + iod,0.4927571772691304,9.999999999999994e-8,TRUE
data__focal__integrated__eligible_candidate_pool__image_qc_pass__none,integrated,data,focal,eligible_candidate_pool,image_qc_pass,NA,18,integrated_null,ns ~ iod,0.0015602083073295533,0.8188883357888149,FALSE
data__focal__integrated__eligible_candidate_pool__image_qc_pass__none,integrated,data,focal,eligible_candidate_pool,image_qc_pass,NA,18,integrated_null,cs ~ ns,0.05976721306566452,9.999999999999994e-8,TRUE
data__focal__integrated__eligible_candidate_pool__image_qc_pass__none,integrated,data,focal,eligible_candidate_pool,image_qc_pass,NA,18,integrated_null,ns ~ even,0.024069049682041346,0.36866755670869805,FALSE
data__focal__integrated__eligible_candidate_pool__image_qc_pass__none,integrated,data,focal,eligible_candidate_pool,image_qc_pass,NA,18,integrated_null,ns ~ ltr,0.005746216822966341,9.999999999999994e-8,FALSE
data__focal__integrated__eligible_candidate_pool__image_qc_pass__none,integrated,data,focal,eligible_candidate_pool,image_qc_pass,NA,18,integrated_null,cs ~ iod,0.40218852846784847,9.999999999999994e-8,TRUE
data__focal__integrated__eligible_candidate_pool__image_qc_pass__none,integrated,data,focal,eligible_candidate_pool,image_qc_pass,NA,18,integrated_null,iod ~ even,0.07393299735160395,9.999999999999994e-8,TRUE
data__focal__integrated__eligible_candidate_pool__image_qc_pass__none,integrated,data,focal,eligible_candidate_pool,image_qc_pass,NA,18,integrated_null,iod ~ ltr,0.018061608218193543,9.999999999999994e-8,FALSE
data__focal__integrated__eligible_candidate_pool__image_qc_pass__none,integrated,data,focal,eligible_candidate_pool,image_qc_pass,NA,18,integrated_null,cs ~ even,0.38960905275904545,0.3602364393886963,TRUE
data__focal__integrated__eligible_candidate_pool__image_qc_pass__none,integrated,data,focal,eligible_candidate_pool,image_qc_pass,NA,18,integrated_null,cs ~ ltr,0.19320201134607745,9.999999999999994e-8,TRUE
data__focal__integrated__eligible_candidate_pool__image_qc_pass__none,integrated,data,focal,eligible_candidate_pool,image_qc_pass,NA,18,integrated_null,even ~ ltr,1.1365392563594323e-5,1,FALSE
data__focal__integrated__eligible_candidate_pool__image_qc_pass__none,integrated,data,focal,eligible_candidate_pool,image_qc_pass,NA,18,iod_morphology_only,even ~ ltr,1.1365392563594323e-5,1,FALSE
data__focal__integrated__eligible_candidate_pool__image_qc_pass__none,integrated,data,focal,eligible_candidate_pool,image_qc_pass,NA,18,iod_morphology_only,iod ~ ltr,0.018061608218193543,9.999999999999994e-8,FALSE
data__focal__integrated__eligible_candidate_pool__image_qc_pass__none,integrated,data,focal,eligible_candidate_pool,image_qc_pass,NA,18,iod_morphology_only,ns ~ iod + ltr,0.11724081051381771,9.999999999999994e-8,TRUE
data__focal__integrated__eligible_candidate_pool__image_qc_pass__none,integrated,data,focal,eligible_candidate_pool,image_qc_pass,NA,18,iod_morphology_only,cs ~ ns + ltr,0.8268484126900524,9.999999999999994e-8,TRUE
data__focal__integrated__eligible_candidate_pool__image_qc_pass__none,integrated,data,focal,eligible_candidate_pool,image_qc_pass,NA,18,iod_morphology_only,iod ~ even,0.07393299735160395,9.999999999999994e-8,TRUE
data__focal__integrated__eligible_candidate_pool__image_qc_pass__none,integrated,data,focal,eligible_candidate_pool,image_qc_pass,NA,18,iod_morphology_only,ns ~ iod + even,0.15914186462347404,0.46952747361455877,TRUE
data__focal__integrated__eligible_candidate_pool__image_qc_pass__none,integrated,data,focal,eligible_candidate_pool,image_qc_pass,NA,18,iod_morphology_only,cs ~ ns + even,0.8893851006479669,9.999999999999994e-8,TRUE
data__focal__integrated__eligible_candidate_pool__image_qc_pass__none,integrated,data,focal,eligible_candidate_pool,image_qc_pass,NA,18,iod_morphology_only,cs ~ ns + iod,0.4927571772691304,9.999999999999994e-8,TRUE
data__focal__integrated__eligible_candidate_pool__image_qc_pass__none,integrated,data,focal,eligible_candidate_pool,image_qc_pass,NA,18,te_evenness_chain,iod ~ even + ltr,0.11825127562019459,9.999999999999994e-8,TRUE
data__focal__integrated__eligible_candidate_pool__image_qc_pass__none,integrated,data,focal,eligible_candidate_pool,image_qc_pass,NA,18,te_evenness_chain,ns ~ iod + ltr,0.11724081051381771,9.999999999999994e-8,TRUE
data__focal__integrated__eligible_candidate_pool__image_qc_pass__none,integrated,data,focal,eligible_candidate_pool,image_qc_pass,NA,18,te_evenness_chain,cs ~ ns + ltr,0.8268484126900524,9.999999999999994e-8,TRUE
data__focal__integrated__eligible_candidate_pool__image_qc_pass__none,integrated,data,focal,eligible_candidate_pool,image_qc_pass,NA,18,te_evenness_chain,ns ~ ltr + iod + even,0.41150955627273444,9.999999999999994e-8,TRUE
data__focal__integrated__eligible_candidate_pool__image_qc_pass__none,integrated,data,focal,eligible_candidate_pool,image_qc_pass,NA,18,te_evenness_chain,cs ~ ltr + ns + even,0.7915126790932873,9.999999999999994e-8,TRUE
data__focal__integrated__eligible_candidate_pool__image_qc_pass__none,integrated,data,focal,eligible_candidate_pool,image_qc_pass,NA,18,te_evenness_chain,cs ~ even + ns + iod,0.5126270297339295,9.999999999999994e-8,TRUE
data__focal__integrated__eligible_candidate_pool__image_qc_pass__none,integrated,data,focal,eligible_candidate_pool,image_qc_pass,NA,18,te_additive_chain,even ~ ltr,1.1365392563594323e-5,1,FALSE
data__focal__integrated__eligible_candidate_pool__image_qc_pass__none,integrated,data,focal,eligible_candidate_pool,image_qc_pass,NA,18,te_additive_chain,ns ~ iod + even,0.15914186462347404,0.46952747361455877,TRUE
data__focal__integrated__eligible_candidate_pool__image_qc_pass__none,integrated,data,focal,eligible_candidate_pool,image_qc_pass,NA,18,te_additive_chain,cs ~ ns + even,0.8893851006479669,9.999999999999994e-8,TRUE
data__focal__integrated__eligible_candidate_pool__image_qc_pass__none,integrated,data,focal,eligible_candidate_pool,image_qc_pass,NA,18,te_additive_chain,ns ~ iod + ltr,0.11724081051381771,9.999999999999994e-8,TRUE
data__focal__integrated__eligible_candidate_pool__image_qc_pass__none,integrated,data,focal,eligible_candidate_pool,image_qc_pass,NA,18,te_additive_chain,cs ~ ns + ltr,0.8268484126900524,9.999999999999994e-8,TRUE
data__focal__integrated__eligible_candidate_pool__image_qc_pass__none,integrated,data,focal,eligible_candidate_pool,image_qc_pass,NA,18,te_additive_chain,cs ~ even + ltr + ns + iod,0.48323207119677847,9.999999999999994e-8,TRUE
data__focal__integrated__eligible_candidate_pool__image_qc_pass__none,integrated,data,focal,eligible_candidate_pool,image_qc_pass,NA,18,te_nucleus_bypass,even ~ ltr,1.1365392563594323e-5,1,FALSE
data__focal__integrated__eligible_candidate_pool__image_qc_pass__none,integrated,data,focal,eligible_candidate_pool,image_qc_pass,NA,18,te_nucleus_bypass,iod ~ even + ltr,0.11825127562019459,9.999999999999994e-8,TRUE
data__focal__integrated__eligible_candidate_pool__image_qc_pass__none,integrated,data,focal,eligible_candidate_pool,image_qc_pass,NA,18,te_nucleus_bypass,ns ~ even + iod + ltr,0.3751023847145596,9.999999999999994e-8,TRUE
data__focal__integrated__eligible_candidate_pool__image_qc_pass__none,integrated,data,focal,eligible_candidate_pool,image_qc_pass,NA,18,te_nucleus_bypass,cs ~ ns + ltr,0.8268484126900524,9.999999999999994e-8,TRUE
data__focal__integrated__eligible_candidate_pool__image_qc_pass__none,integrated,data,focal,eligible_candidate_pool,image_qc_pass,NA,18,te_nucleus_bypass,cs ~ ns + even,0.8893851006479669,9.999999999999994e-8,TRUE
data__focal__integrated__eligible_candidate_pool__image_qc_pass__none,integrated,data,focal,eligible_candidate_pool,image_qc_pass,NA,18,te_nucleus_bypass,cs ~ even + ns + iod,0.5126270297339295,9.999999999999994e-8,TRUE
data__focal__integrated__eligible_candidate_pool__image_qc_pass__none,integrated,data,focal,eligible_candidate_pool,image_qc_pass,NA,18,te_cell_bypass,even ~ ltr,1.1365392563594323e-5,1,FALSE
data__focal__integrated__eligible_candidate_pool__image_qc_pass__none,integrated,data,focal,eligible_candidate_pool,image_qc_pass,NA,18,te_cell_bypass,iod ~ even + ltr,0.11825127562019459,9.999999999999994e-8,TRUE
data__focal__integrated__eligible_candidate_pool__image_qc_pass__none,integrated,data,focal,eligible_candidate_pool,image_qc_pass,NA,18,te_cell_bypass,ns ~ iod + ltr,0.11724081051381771,9.999999999999994e-8,TRUE
data__focal__integrated__eligible_candidate_pool__image_qc_pass__none,integrated,data,focal,eligible_candidate_pool,image_qc_pass,NA,18,te_cell_bypass,cs ~ even + ns + ltr,0.7561663212689761,9.999999999999994e-8,TRUE
data__focal__integrated__eligible_candidate_pool__image_qc_pass__none,integrated,data,focal,eligible_candidate_pool,image_qc_pass,NA,18,te_cell_bypass,ns ~ iod + even,0.15914186462347404,0.46952747361455877,TRUE
data__focal__integrated__eligible_candidate_pool__image_qc_pass__none,integrated,data,focal,eligible_candidate_pool,image_qc_pass,NA,18,te_cell_bypass,cs ~ even + ns + iod,0.5126270297339295,9.999999999999994e-8,TRUE
data__focal__iod_morphology__image_balanced_selected50__image_qc_pass__none,iod_morphology,data,focal,image_balanced_selected50,image_qc_pass,NA,18,morphology_null,ns ~ iod,0.004736582374010098,1,FALSE
data__focal__iod_morphology__image_balanced_selected50__image_qc_pass__none,iod_morphology,data,focal,image_balanced_selected50,image_qc_pass,NA,18,morphology_null,cs ~ ns,0.005576286470632638,9.999999999999994e-8,FALSE
data__focal__iod_morphology__image_balanced_selected50__image_qc_pass__none,iod_morphology,data,focal,image_balanced_selected50,image_qc_pass,NA,18,morphology_null,cs ~ iod,0.0625023631572121,9.999999999999994e-8,TRUE
data__focal__iod_morphology__image_balanced_selected50__image_qc_pass__none,iod_morphology,data,focal,image_balanced_selected50,image_qc_pass,NA,18,iod_to_nucleus,cs ~ iod,0.0625023631572121,9.999999999999994e-8,TRUE
data__focal__iod_morphology__image_balanced_selected50__image_qc_pass__none,iod_morphology,data,focal,image_balanced_selected50,image_qc_pass,NA,18,iod_to_nucleus,cs ~ iod + ns,0.04495021030045704,9.999999999999994e-8,FALSE
data__focal__iod_morphology__image_balanced_selected50__image_qc_pass__none,iod_morphology,data,focal,image_balanced_selected50,image_qc_pass,NA,18,iod_to_cell,ns ~ iod,0.004736582374010098,1,FALSE
data__focal__iod_morphology__image_balanced_selected50__image_qc_pass__none,iod_morphology,data,focal,image_balanced_selected50,image_qc_pass,NA,18,iod_to_cell,cs ~ iod + ns,0.04495021030045704,9.999999999999994e-8,FALSE
data__focal__iod_morphology__image_balanced_selected50__image_qc_pass__none,iod_morphology,data,focal,image_balanced_selected50,image_qc_pass,NA,18,iod_nucleus_cell_chain,cs ~ ns + iod,0.7723446133564739,9.999999999999994e-8,TRUE
data__focal__integrated__image_balanced_selected50__image_qc_pass__none,integrated,data,focal,image_balanced_selected50,image_qc_pass,NA,18,integrated_null,ns ~ iod,0.004736582374010098,1,FALSE
data__focal__integrated__image_balanced_selected50__image_qc_pass__none,integrated,data,focal,image_balanced_selected50,image_qc_pass,NA,18,integrated_null,cs ~ ns,0.005576286470632638,9.999999999999994e-8,FALSE
data__focal__integrated__image_balanced_selected50__image_qc_pass__none,integrated,data,focal,image_balanced_selected50,image_qc_pass,NA,18,integrated_null,ns ~ even,0.0502745237030184,0.5265953980346352,TRUE
data__focal__integrated__image_balanced_selected50__image_qc_pass__none,integrated,data,focal,image_balanced_selected50,image_qc_pass,NA,18,integrated_null,ns ~ ltr,0.007885166700017241,9.999999999999994e-8,FALSE
data__focal__integrated__image_balanced_selected50__image_qc_pass__none,integrated,data,focal,image_balanced_selected50,image_qc_pass,NA,18,integrated_null,cs ~ iod,0.0625023631572121,9.999999999999994e-8,TRUE
data__focal__integrated__image_balanced_selected50__image_qc_pass__none,integrated,data,focal,image_balanced_selected50,image_qc_pass,NA,18,integrated_null,iod ~ even,0.07393299735160395,9.999999999999994e-8,TRUE
data__focal__integrated__image_balanced_selected50__image_qc_pass__none,integrated,data,focal,image_balanced_selected50,image_qc_pass,NA,18,integrated_null,iod ~ ltr,0.018061608218193543,9.999999999999994e-8,FALSE
data__focal__integrated__image_balanced_selected50__image_qc_pass__none,integrated,data,focal,image_balanced_selected50,image_qc_pass,NA,18,integrated_null,cs ~ even,0.23380553893407466,9.999999999999994e-8,TRUE
data__focal__integrated__image_balanced_selected50__image_qc_pass__none,integrated,data,focal,image_balanced_selected50,image_qc_pass,NA,18,integrated_null,cs ~ ltr,0.0647827288893578,9.999999999999994e-8,TRUE
data__focal__integrated__image_balanced_selected50__image_qc_pass__none,integrated,data,focal,image_balanced_selected50,image_qc_pass,NA,18,integrated_null,even ~ ltr,1.1365392563594323e-5,1,FALSE
data__focal__integrated__image_balanced_selected50__image_qc_pass__none,integrated,data,focal,image_balanced_selected50,image_qc_pass,NA,18,iod_morphology_only,even ~ ltr,1.1365392563594323e-5,1,FALSE
data__focal__integrated__image_balanced_selected50__image_qc_pass__none,integrated,data,focal,image_balanced_selected50,image_qc_pass,NA,18,iod_morphology_only,iod ~ ltr,0.018061608218193543,9.999999999999994e-8,FALSE
data__focal__integrated__image_balanced_selected50__image_qc_pass__none,integrated,data,focal,image_balanced_selected50,image_qc_pass,NA,18,iod_morphology_only,ns ~ iod + ltr,0.7670097271268045,1,TRUE
data__focal__integrated__image_balanced_selected50__image_qc_pass__none,integrated,data,focal,image_balanced_selected50,image_qc_pass,NA,18,iod_morphology_only,cs ~ ns + ltr,0.6825279064255172,9.999999999999994e-8,TRUE
data__focal__integrated__image_balanced_selected50__image_qc_pass__none,integrated,data,focal,image_balanced_selected50,image_qc_pass,NA,18,iod_morphology_only,iod ~ even,0.07393299735160395,9.999999999999994e-8,TRUE
data__focal__integrated__image_balanced_selected50__image_qc_pass__none,integrated,data,focal,image_balanced_selected50,image_qc_pass,NA,18,iod_morphology_only,ns ~ iod + even,0.5010010861663813,1,TRUE
data__focal__integrated__image_balanced_selected50__image_qc_pass__none,integrated,data,focal,image_balanced_selected50,image_qc_pass,NA,18,iod_morphology_only,cs ~ ns + even,0.8906715600006775,9.999999999999994e-8,TRUE
data__focal__integrated__image_balanced_selected50__image_qc_pass__none,integrated,data,focal,image_balanced_selected50,image_qc_pass,NA,18,iod_morphology_only,cs ~ ns + iod,0.7723446133564739,9.999999999999994e-8,TRUE
data__focal__integrated__image_balanced_selected50__image_qc_pass__none,integrated,data,focal,image_balanced_selected50,image_qc_pass,NA,18,te_evenness_chain,iod ~ even + ltr,0.11825127562019459,9.999999999999994e-8,TRUE
data__focal__integrated__image_balanced_selected50__image_qc_pass__none,integrated,data,focal,image_balanced_selected50,image_qc_pass,NA,18,te_evenness_chain,ns ~ iod + ltr,0.7670097271268045,1,TRUE
data__focal__integrated__image_balanced_selected50__image_qc_pass__none,integrated,data,focal,image_balanced_selected50,image_qc_pass,NA,18,te_evenness_chain,cs ~ ns + ltr,0.6825279064255172,9.999999999999994e-8,TRUE
data__focal__integrated__image_balanced_selected50__image_qc_pass__none,integrated,data,focal,image_balanced_selected50,image_qc_pass,NA,18,te_evenness_chain,ns ~ ltr + iod + even,0.4548640900832678,1,TRUE
data__focal__integrated__image_balanced_selected50__image_qc_pass__none,integrated,data,focal,image_balanced_selected50,image_qc_pass,NA,18,te_evenness_chain,cs ~ ltr + ns + even,0.7032981476219126,9.999999999999994e-8,TRUE
data__focal__integrated__image_balanced_selected50__image_qc_pass__none,integrated,data,focal,image_balanced_selected50,image_qc_pass,NA,18,te_evenness_chain,cs ~ even + ns + iod,0.7613986215824204,9.999999999999994e-8,TRUE
data__focal__integrated__image_balanced_selected50__image_qc_pass__none,integrated,data,focal,image_balanced_selected50,image_qc_pass,NA,18,te_additive_chain,even ~ ltr,1.1365392563594323e-5,1,FALSE
data__focal__integrated__image_balanced_selected50__image_qc_pass__none,integrated,data,focal,image_balanced_selected50,image_qc_pass,NA,18,te_additive_chain,ns ~ iod + even,0.5010010861663813,1,TRUE
data__focal__integrated__image_balanced_selected50__image_qc_pass__none,integrated,data,focal,image_balanced_selected50,image_qc_pass,NA,18,te_additive_chain,cs ~ ns + even,0.8906715600006775,9.999999999999994e-8,TRUE
data__focal__integrated__image_balanced_selected50__image_qc_pass__none,integrated,data,focal,image_balanced_selected50,image_qc_pass,NA,18,te_additive_chain,ns ~ iod + ltr,0.7670097271268045,1,TRUE
data__focal__integrated__image_balanced_selected50__image_qc_pass__none,integrated,data,focal,image_balanced_selected50,image_qc_pass,NA,18,te_additive_chain,cs ~ ns + ltr,0.6825279064255172,9.999999999999994e-8,TRUE
data__focal__integrated__image_balanced_selected50__image_qc_pass__none,integrated,data,focal,image_balanced_selected50,image_qc_pass,NA,18,te_additive_chain,cs ~ even + ltr + ns + iod,0.8514599931367701,9.999999999999994e-8,TRUE
data__focal__integrated__image_balanced_selected50__image_qc_pass__none,integrated,data,focal,image_balanced_selected50,image_qc_pass,NA,18,te_nucleus_bypass,even ~ ltr,1.1365392563594323e-5,1,FALSE
data__focal__integrated__image_balanced_selected50__image_qc_pass__none,integrated,data,focal,image_balanced_selected50,image_qc_pass,NA,18,te_nucleus_bypass,iod ~ even + ltr,0.11825127562019459,9.999999999999994e-8,TRUE
data__focal__integrated__image_balanced_selected50__image_qc_pass__none,integrated,data,focal,image_balanced_selected50,image_qc_pass,NA,18,te_nucleus_bypass,ns ~ even + iod + ltr,0.6401131272666651,1,TRUE
data__focal__integrated__image_balanced_selected50__image_qc_pass__none,integrated,data,focal,image_balanced_selected50,image_qc_pass,NA,18,te_nucleus_bypass,cs ~ ns + ltr,0.6825279064255172,9.999999999999994e-8,TRUE
data__focal__integrated__image_balanced_selected50__image_qc_pass__none,integrated,data,focal,image_balanced_selected50,image_qc_pass,NA,18,te_nucleus_bypass,cs ~ ns + even,0.8906715600006775,9.999999999999994e-8,TRUE
data__focal__integrated__image_balanced_selected50__image_qc_pass__none,integrated,data,focal,image_balanced_selected50,image_qc_pass,NA,18,te_nucleus_bypass,cs ~ even + ns + iod,0.7613986215824204,9.999999999999994e-8,TRUE
data__focal__integrated__image_balanced_selected50__image_qc_pass__none,integrated,data,focal,image_balanced_selected50,image_qc_pass,NA,18,te_cell_bypass,even ~ ltr,1.1365392563594323e-5,1,FALSE
data__focal__integrated__image_balanced_selected50__image_qc_pass__none,integrated,data,focal,image_balanced_selected50,image_qc_pass,NA,18,te_cell_bypass,iod ~ even + ltr,0.11825127562019459,9.999999999999994e-8,TRUE
data__focal__integrated__image_balanced_selected50__image_qc_pass__none,integrated,data,focal,image_balanced_selected50,image_qc_pass,NA,18,te_cell_bypass,ns ~ iod + ltr,0.7670097271268045,1,TRUE
data__focal__integrated__image_balanced_selected50__image_qc_pass__none,integrated,data,focal,image_balanced_selected50,image_qc_pass,NA,18,te_cell_bypass,cs ~ even + ns + ltr,0.5945786870904959,9.999999999999994e-8,TRUE
data__focal__integrated__image_balanced_selected50__image_qc_pass__none,integrated,data,focal,image_balanced_selected50,image_qc_pass,NA,18,te_cell_bypass,ns ~ iod + even,0.5010010861663813,1,TRUE
data__focal__integrated__image_balanced_selected50__image_qc_pass__none,integrated,data,focal,image_balanced_selected50,image_qc_pass,NA,18,te_cell_bypass,cs ~ even + ns + iod,0.7613986215824204,9.999999999999994e-8,TRUE
data__focal__iod_morphology__literal_largest100_eligible__image_qc_pass__none,iod_morphology,data,focal,literal_largest100_eligible,image_qc_pass,NA,18,morphology_null,ns ~ iod,5.586652765974318e-4,1,FALSE
data__focal__iod_morphology__literal_largest100_eligible__image_qc_pass__none,iod_morphology,data,focal,literal_largest100_eligible,image_qc_pass,NA,18,morphology_null,cs ~ ns,8.806604486908379e-4,9.999999999999994e-8,FALSE
data__focal__iod_morphology__literal_largest100_eligible__image_qc_pass__none,iod_morphology,data,focal,literal_largest100_eligible,image_qc_pass,NA,18,morphology_null,cs ~ iod,0.14939527592767146,9.999999999999994e-8,TRUE
data__focal__iod_morphology__literal_largest100_eligible__image_qc_pass__none,iod_morphology,data,focal,literal_largest100_eligible,image_qc_pass,NA,18,iod_to_nucleus,cs ~ iod,0.14939527592767146,9.999999999999994e-8,TRUE
data__focal__iod_morphology__literal_largest100_eligible__image_qc_pass__none,iod_morphology,data,focal,literal_largest100_eligible,image_qc_pass,NA,18,iod_to_nucleus,cs ~ iod + ns,0.0018259906137196654,9.999999999999994e-8,FALSE
data__focal__iod_morphology__literal_largest100_eligible__image_qc_pass__none,iod_morphology,data,focal,literal_largest100_eligible,image_qc_pass,NA,18,iod_to_cell,ns ~ iod,5.586652765974318e-4,1,FALSE
data__focal__iod_morphology__literal_largest100_eligible__image_qc_pass__none,iod_morphology,data,focal,literal_largest100_eligible,image_qc_pass,NA,18,iod_to_cell,cs ~ iod + ns,0.0018259906137196654,9.999999999999994e-8,FALSE
data__focal__iod_morphology__literal_largest100_eligible__image_qc_pass__none,iod_morphology,data,focal,literal_largest100_eligible,image_qc_pass,NA,18,iod_nucleus_cell_chain,cs ~ ns + iod,0.25204941788150986,9.999999999999994e-8,TRUE
data__focal__integrated__literal_largest100_eligible__image_qc_pass__none,integrated,data,focal,literal_largest100_eligible,image_qc_pass,NA,18,integrated_null,ns ~ iod,5.586652765974318e-4,1,FALSE
data__focal__integrated__literal_largest100_eligible__image_qc_pass__none,integrated,data,focal,literal_largest100_eligible,image_qc_pass,NA,18,integrated_null,cs ~ ns,8.806604486908379e-4,9.999999999999994e-8,FALSE
data__focal__integrated__literal_largest100_eligible__image_qc_pass__none,integrated,data,focal,literal_largest100_eligible,image_qc_pass,NA,18,integrated_null,ns ~ even,0.020366887887752046,9.999999999999994e-8,FALSE
data__focal__integrated__literal_largest100_eligible__image_qc_pass__none,integrated,data,focal,literal_largest100_eligible,image_qc_pass,NA,18,integrated_null,ns ~ ltr,0.025676876334701084,9.999999999999994e-8,FALSE
data__focal__integrated__literal_largest100_eligible__image_qc_pass__none,integrated,data,focal,literal_largest100_eligible,image_qc_pass,NA,18,integrated_null,cs ~ iod,0.14939527592767146,9.999999999999994e-8,TRUE
data__focal__integrated__literal_largest100_eligible__image_qc_pass__none,integrated,data,focal,literal_largest100_eligible,image_qc_pass,NA,18,integrated_null,iod ~ even,0.07393299735160395,9.999999999999994e-8,TRUE
data__focal__integrated__literal_largest100_eligible__image_qc_pass__none,integrated,data,focal,literal_largest100_eligible,image_qc_pass,NA,18,integrated_null,iod ~ ltr,0.018061608218193543,9.999999999999994e-8,FALSE
data__focal__integrated__literal_largest100_eligible__image_qc_pass__none,integrated,data,focal,literal_largest100_eligible,image_qc_pass,NA,18,integrated_null,cs ~ even,0.19058270078809625,9.999999999999994e-8,TRUE
data__focal__integrated__literal_largest100_eligible__image_qc_pass__none,integrated,data,focal,literal_largest100_eligible,image_qc_pass,NA,18,integrated_null,cs ~ ltr,0.12779950964454964,9.999999999999994e-8,TRUE
data__focal__integrated__literal_largest100_eligible__image_qc_pass__none,integrated,data,focal,literal_largest100_eligible,image_qc_pass,NA,18,integrated_null,even ~ ltr,1.1365392563594323e-5,1,FALSE
data__focal__integrated__literal_largest100_eligible__image_qc_pass__none,integrated,data,focal,literal_largest100_eligible,image_qc_pass,NA,18,iod_morphology_only,even ~ ltr,1.1365392563594323e-5,1,FALSE
data__focal__integrated__literal_largest100_eligible__image_qc_pass__none,integrated,data,focal,literal_largest100_eligible,image_qc_pass,NA,18,iod_morphology_only,iod ~ ltr,0.018061608218193543,9.999999999999994e-8,FALSE
data__focal__integrated__literal_largest100_eligible__image_qc_pass__none,integrated,data,focal,literal_largest100_eligible,image_qc_pass,NA,18,iod_morphology_only,ns ~ iod + ltr,0.7041064125114397,1,TRUE
data__focal__integrated__literal_largest100_eligible__image_qc_pass__none,integrated,data,focal,literal_largest100_eligible,image_qc_pass,NA,18,iod_morphology_only,cs ~ ns + ltr,0.9938502535756222,9.999999999999994e-8,TRUE
data__focal__integrated__literal_largest100_eligible__image_qc_pass__none,integrated,data,focal,literal_largest100_eligible,image_qc_pass,NA,18,iod_morphology_only,iod ~ even,0.07393299735160395,9.999999999999994e-8,TRUE
data__focal__integrated__literal_largest100_eligible__image_qc_pass__none,integrated,data,focal,literal_largest100_eligible,image_qc_pass,NA,18,iod_morphology_only,ns ~ iod + even,0.14244943586977718,9.999999999999994e-8,TRUE
data__focal__integrated__literal_largest100_eligible__image_qc_pass__none,integrated,data,focal,literal_largest100_eligible,image_qc_pass,NA,18,iod_morphology_only,cs ~ ns + even,0.683260913802807,9.999999999999994e-8,TRUE
data__focal__integrated__literal_largest100_eligible__image_qc_pass__none,integrated,data,focal,literal_largest100_eligible,image_qc_pass,NA,18,iod_morphology_only,cs ~ ns + iod,0.25204941788150986,9.999999999999994e-8,TRUE
data__focal__integrated__literal_largest100_eligible__image_qc_pass__none,integrated,data,focal,literal_largest100_eligible,image_qc_pass,NA,18,te_evenness_chain,iod ~ even + ltr,0.11825127562019459,9.999999999999994e-8,TRUE
data__focal__integrated__literal_largest100_eligible__image_qc_pass__none,integrated,data,focal,literal_largest100_eligible,image_qc_pass,NA,18,te_evenness_chain,ns ~ iod + ltr,0.7041064125114397,1,TRUE
data__focal__integrated__literal_largest100_eligible__image_qc_pass__none,integrated,data,focal,literal_largest100_eligible,image_qc_pass,NA,18,te_evenness_chain,cs ~ ns + ltr,0.9938502535756222,9.999999999999994e-8,TRUE
data__focal__integrated__literal_largest100_eligible__image_qc_pass__none,integrated,data,focal,literal_largest100_eligible,image_qc_pass,NA,18,te_evenness_chain,ns ~ ltr + iod + even,0.2571222720226277,1,TRUE
data__focal__integrated__literal_largest100_eligible__image_qc_pass__none,integrated,data,focal,literal_largest100_eligible,image_qc_pass,NA,18,te_evenness_chain,cs ~ ltr + ns + even,0.6499738333971501,9.999999999999994e-8,TRUE
data__focal__integrated__literal_largest100_eligible__image_qc_pass__none,integrated,data,focal,literal_largest100_eligible,image_qc_pass,NA,18,te_evenness_chain,cs ~ even + ns + iod,0.2802381118384446,9.999999999999994e-8,TRUE
data__focal__integrated__literal_largest100_eligible__image_qc_pass__none,integrated,data,focal,literal_largest100_eligible,image_qc_pass,NA,18,te_additive_chain,even ~ ltr,1.1365392563594323e-5,1,FALSE
data__focal__integrated__literal_largest100_eligible__image_qc_pass__none,integrated,data,focal,literal_largest100_eligible,image_qc_pass,NA,18,te_additive_chain,ns ~ iod + even,0.14244943586977718,9.999999999999994e-8,TRUE
data__focal__integrated__literal_largest100_eligible__image_qc_pass__none,integrated,data,focal,literal_largest100_eligible,image_qc_pass,NA,18,te_additive_chain,cs ~ ns + even,0.683260913802807,9.999999999999994e-8,TRUE
data__focal__integrated__literal_largest100_eligible__image_qc_pass__none,integrated,data,focal,literal_largest100_eligible,image_qc_pass,NA,18,te_additive_chain,ns ~ iod + ltr,0.7041064125114397,1,TRUE
data__focal__integrated__literal_largest100_eligible__image_qc_pass__none,integrated,data,focal,literal_largest100_eligible,image_qc_pass,NA,18,te_additive_chain,cs ~ ns + ltr,0.9938502535756222,9.999999999999994e-8,TRUE
data__focal__integrated__literal_largest100_eligible__image_qc_pass__none,integrated,data,focal,literal_largest100_eligible,image_qc_pass,NA,18,te_additive_chain,cs ~ even + ltr + ns + iod,0.2430470325434717,9.999999999999994e-8,TRUE
data__focal__integrated__literal_largest100_eligible__image_qc_pass__none,integrated,data,focal,literal_largest100_eligible,image_qc_pass,NA,18,te_nucleus_bypass,even ~ ltr,1.1365392563594323e-5,1,FALSE
data__focal__integrated__literal_largest100_eligible__image_qc_pass__none,integrated,data,focal,literal_largest100_eligible,image_qc_pass,NA,18,te_nucleus_bypass,iod ~ even + ltr,0.11825127562019459,9.999999999999994e-8,TRUE
data__focal__integrated__literal_largest100_eligible__image_qc_pass__none,integrated,data,focal,literal_largest100_eligible,image_qc_pass,NA,18,te_nucleus_bypass,ns ~ even + iod + ltr,0.2492372434517087,1,TRUE
data__focal__integrated__literal_largest100_eligible__image_qc_pass__none,integrated,data,focal,literal_largest100_eligible,image_qc_pass,NA,18,te_nucleus_bypass,cs ~ ns + ltr,0.9938502535756222,9.999999999999994e-8,TRUE
data__focal__integrated__literal_largest100_eligible__image_qc_pass__none,integrated,data,focal,literal_largest100_eligible,image_qc_pass,NA,18,te_nucleus_bypass,cs ~ ns + even,0.683260913802807,9.999999999999994e-8,TRUE
data__focal__integrated__literal_largest100_eligible__image_qc_pass__none,integrated,data,focal,literal_largest100_eligible,image_qc_pass,NA,18,te_nucleus_bypass,cs ~ even + ns + iod,0.2802381118384446,9.999999999999994e-8,TRUE
data__focal__integrated__literal_largest100_eligible__image_qc_pass__none,integrated,data,focal,literal_largest100_eligible,image_qc_pass,NA,18,te_cell_bypass,even ~ ltr,1.1365392563594323e-5,1,FALSE
data__focal__integrated__literal_largest100_eligible__image_qc_pass__none,integrated,data,focal,literal_largest100_eligible,image_qc_pass,NA,18,te_cell_bypass,iod ~ even + ltr,0.11825127562019459,9.999999999999994e-8,TRUE
data__focal__integrated__literal_largest100_eligible__image_qc_pass__none,integrated,data,focal,literal_largest100_eligible,image_qc_pass,NA,18,te_cell_bypass,ns ~ iod + ltr,0.7041064125114397,1,TRUE
data__focal__integrated__literal_largest100_eligible__image_qc_pass__none,integrated,data,focal,literal_largest100_eligible,image_qc_pass,NA,18,te_cell_bypass,cs ~ even + ns + ltr,0.8213779490573007,9.999999999999994e-8,TRUE
data__focal__integrated__literal_largest100_eligible__image_qc_pass__none,integrated,data,focal,literal_largest100_eligible,image_qc_pass,NA,18,te_cell_bypass,ns ~ iod + even,0.14244943586977718,9.999999999999994e-8,TRUE
data__focal__integrated__literal_largest100_eligible__image_qc_pass__none,integrated,data,focal,literal_largest100_eligible,image_qc_pass,NA,18,te_cell_bypass,cs ~ even + ns + iod,0.2802381118384446,9.999999999999994e-8,TRUE
data__focal__iod_morphology__literal_largest50_eligible__image_qc_pass__none,iod_morphology,data,focal,literal_largest50_eligible,image_qc_pass,NA,18,morphology_null,ns ~ iod,0.004731092054802914,1,FALSE
data__focal__iod_morphology__literal_largest50_eligible__image_qc_pass__none,iod_morphology,data,focal,literal_largest50_eligible,image_qc_pass,NA,18,morphology_null,cs ~ ns,8.233925187095791e-4,9.999999999999994e-8,FALSE
data__focal__iod_morphology__literal_largest50_eligible__image_qc_pass__none,iod_morphology,data,focal,literal_largest50_eligible,image_qc_pass,NA,18,morphology_null,cs ~ iod,0.1905992646150746,9.999999999999994e-8,TRUE
data__focal__iod_morphology__literal_largest50_eligible__image_qc_pass__none,iod_morphology,data,focal,literal_largest50_eligible,image_qc_pass,NA,18,iod_to_nucleus,cs ~ iod,0.1905992646150746,9.999999999999994e-8,TRUE
data__focal__iod_morphology__literal_largest50_eligible__image_qc_pass__none,iod_morphology,data,focal,literal_largest50_eligible,image_qc_pass,NA,18,iod_to_nucleus,cs ~ iod + ns,0.0019000579376787679,9.999999999999994e-8,FALSE
data__focal__iod_morphology__literal_largest50_eligible__image_qc_pass__none,iod_morphology,data,focal,literal_largest50_eligible,image_qc_pass,NA,18,iod_to_cell,ns ~ iod,0.004731092054802914,1,FALSE
data__focal__iod_morphology__literal_largest50_eligible__image_qc_pass__none,iod_morphology,data,focal,literal_largest50_eligible,image_qc_pass,NA,18,iod_to_cell,cs ~ iod + ns,0.0019000579376787679,9.999999999999994e-8,FALSE
data__focal__iod_morphology__literal_largest50_eligible__image_qc_pass__none,iod_morphology,data,focal,literal_largest50_eligible,image_qc_pass,NA,18,iod_nucleus_cell_chain,cs ~ ns + iod,0.3768323381118044,9.999999999999994e-8,TRUE
data__focal__integrated__literal_largest50_eligible__image_qc_pass__none,integrated,data,focal,literal_largest50_eligible,image_qc_pass,NA,18,integrated_null,ns ~ iod,0.004731092054802914,1,FALSE
data__focal__integrated__literal_largest50_eligible__image_qc_pass__none,integrated,data,focal,literal_largest50_eligible,image_qc_pass,NA,18,integrated_null,cs ~ ns,8.233925187095791e-4,9.999999999999994e-8,FALSE
data__focal__integrated__literal_largest50_eligible__image_qc_pass__none,integrated,data,focal,literal_largest50_eligible,image_qc_pass,NA,18,integrated_null,ns ~ even,0.026163014130589645,9.999999999999994e-8,FALSE
data__focal__integrated__literal_largest50_eligible__image_qc_pass__none,integrated,data,focal,literal_largest50_eligible,image_qc_pass,NA,18,integrated_null,ns ~ ltr,0.05275921393097194,9.999999999999994e-8,TRUE
data__focal__integrated__literal_largest50_eligible__image_qc_pass__none,integrated,data,focal,literal_largest50_eligible,image_qc_pass,NA,18,integrated_null,cs ~ iod,0.1905992646150746,9.999999999999994e-8,TRUE
data__focal__integrated__literal_largest50_eligible__image_qc_pass__none,integrated,data,focal,literal_largest50_eligible,image_qc_pass,NA,18,integrated_null,iod ~ even,0.07393299735160395,9.999999999999994e-8,TRUE
data__focal__integrated__literal_largest50_eligible__image_qc_pass__none,integrated,data,focal,literal_largest50_eligible,image_qc_pass,NA,18,integrated_null,iod ~ ltr,0.018061608218193543,9.999999999999994e-8,FALSE
data__focal__integrated__literal_largest50_eligible__image_qc_pass__none,integrated,data,focal,literal_largest50_eligible,image_qc_pass,NA,18,integrated_null,cs ~ even,0.2251317864859423,9.999999999999994e-8,TRUE
data__focal__integrated__literal_largest50_eligible__image_qc_pass__none,integrated,data,focal,literal_largest50_eligible,image_qc_pass,NA,18,integrated_null,cs ~ ltr,0.15319785595158575,9.999999999999994e-8,TRUE
data__focal__integrated__literal_largest50_eligible__image_qc_pass__none,integrated,data,focal,literal_largest50_eligible,image_qc_pass,NA,18,integrated_null,even ~ ltr,1.1365392563594323e-5,1,FALSE
data__focal__integrated__literal_largest50_eligible__image_qc_pass__none,integrated,data,focal,literal_largest50_eligible,image_qc_pass,NA,18,iod_morphology_only,even ~ ltr,1.1365392563594323e-5,1,FALSE
data__focal__integrated__literal_largest50_eligible__image_qc_pass__none,integrated,data,focal,literal_largest50_eligible,image_qc_pass,NA,18,iod_morphology_only,iod ~ ltr,0.018061608218193543,9.999999999999994e-8,FALSE
data__focal__integrated__literal_largest50_eligible__image_qc_pass__none,integrated,data,focal,literal_largest50_eligible,image_qc_pass,NA,18,iod_morphology_only,ns ~ iod + ltr,0.6419007684295945,1,TRUE
data__focal__integrated__literal_largest50_eligible__image_qc_pass__none,integrated,data,focal,literal_largest50_eligible,image_qc_pass,NA,18,iod_morphology_only,cs ~ ns + ltr,0.9066099694814727,9.999999999999994e-8,TRUE
data__focal__integrated__literal_largest50_eligible__image_qc_pass__none,integrated,data,focal,literal_largest50_eligible,image_qc_pass,NA,18,iod_morphology_only,iod ~ even,0.07393299735160395,9.999999999999994e-8,TRUE
data__focal__integrated__literal_largest50_eligible__image_qc_pass__none,integrated,data,focal,literal_largest50_eligible,image_qc_pass,NA,18,iod_morphology_only,ns ~ iod + even,0.1572097670414221,9.999999999999994e-8,TRUE
data__focal__integrated__literal_largest50_eligible__image_qc_pass__none,integrated,data,focal,literal_largest50_eligible,image_qc_pass,NA,18,iod_morphology_only,cs ~ ns + even,0.6371122454710523,9.999999999999994e-8,TRUE
data__focal__integrated__literal_largest50_eligible__image_qc_pass__none,integrated,data,focal,literal_largest50_eligible,image_qc_pass,NA,18,iod_morphology_only,cs ~ ns + iod,0.3768323381118044,9.999999999999994e-8,TRUE
data__focal__integrated__literal_largest50_eligible__image_qc_pass__none,integrated,data,focal,literal_largest50_eligible,image_qc_pass,NA,18,te_evenness_chain,iod ~ even + ltr,0.11825127562019459,9.999999999999994e-8,TRUE
data__focal__integrated__literal_largest50_eligible__image_qc_pass__none,integrated,data,focal,literal_largest50_eligible,image_qc_pass,NA,18,te_evenness_chain,ns ~ iod + ltr,0.6419007684295945,1,TRUE
data__focal__integrated__literal_largest50_eligible__image_qc_pass__none,integrated,data,focal,literal_largest50_eligible,image_qc_pass,NA,18,te_evenness_chain,cs ~ ns + ltr,0.9066099694814727,9.999999999999994e-8,TRUE
data__focal__integrated__literal_largest50_eligible__image_qc_pass__none,integrated,data,focal,literal_largest50_eligible,image_qc_pass,NA,18,te_evenness_chain,ns ~ ltr + iod + even,0.30038993291789073,1,TRUE
data__focal__integrated__literal_largest50_eligible__image_qc_pass__none,integrated,data,focal,literal_largest50_eligible,image_qc_pass,NA,18,te_evenness_chain,cs ~ ltr + ns + even,0.5385077484210057,9.999999999999994e-8,TRUE
data__focal__integrated__literal_largest50_eligible__image_qc_pass__none,integrated,data,focal,literal_largest50_eligible,image_qc_pass,NA,18,te_evenness_chain,cs ~ even + ns + iod,0.42661310587040535,9.999999999999994e-8,TRUE
data__focal__integrated__literal_largest50_eligible__image_qc_pass__none,integrated,data,focal,literal_largest50_eligible,image_qc_pass,NA,18,te_additive_chain,even ~ ltr,1.1365392563594323e-5,1,FALSE
data__focal__integrated__literal_largest50_eligible__image_qc_pass__none,integrated,data,focal,literal_largest50_eligible,image_qc_pass,NA,18,te_additive_chain,ns ~ iod + even,0.1572097670414221,9.999999999999994e-8,TRUE
data__focal__integrated__literal_largest50_eligible__image_qc_pass__none,integrated,data,focal,literal_largest50_eligible,image_qc_pass,NA,18,te_additive_chain,cs ~ ns + even,0.6371122454710523,9.999999999999994e-8,TRUE
data__focal__integrated__literal_largest50_eligible__image_qc_pass__none,integrated,data,focal,literal_largest50_eligible,image_qc_pass,NA,18,te_additive_chain,ns ~ iod + ltr,0.6419007684295945,1,TRUE
data__focal__integrated__literal_largest50_eligible__image_qc_pass__none,integrated,data,focal,literal_largest50_eligible,image_qc_pass,NA,18,te_additive_chain,cs ~ ns + ltr,0.9066099694814727,9.999999999999994e-8,TRUE
data__focal__integrated__literal_largest50_eligible__image_qc_pass__none,integrated,data,focal,literal_largest50_eligible,image_qc_pass,NA,18,te_additive_chain,cs ~ even + ltr + ns + iod,0.3238193522265299,9.999999999999994e-8,TRUE
data__focal__integrated__literal_largest50_eligible__image_qc_pass__none,integrated,data,focal,literal_largest50_eligible,image_qc_pass,NA,18,te_nucleus_bypass,even ~ ltr,1.1365392563594323e-5,1,FALSE
data__focal__integrated__literal_largest50_eligible__image_qc_pass__none,integrated,data,focal,literal_largest50_eligible,image_qc_pass,NA,18,te_nucleus_bypass,iod ~ even + ltr,0.11825127562019459,9.999999999999994e-8,TRUE
data__focal__integrated__literal_largest50_eligible__image_qc_pass__none,integrated,data,focal,literal_largest50_eligible,image_qc_pass,NA,18,te_nucleus_bypass,ns ~ even + iod + ltr,0.26529601346789156,1,TRUE
data__focal__integrated__literal_largest50_eligible__image_qc_pass__none,integrated,data,focal,literal_largest50_eligible,image_qc_pass,NA,18,te_nucleus_bypass,cs ~ ns + ltr,0.9066099694814727,9.999999999999994e-8,TRUE
data__focal__integrated__literal_largest50_eligible__image_qc_pass__none,integrated,data,focal,literal_largest50_eligible,image_qc_pass,NA,18,te_nucleus_bypass,cs ~ ns + even,0.6371122454710523,9.999999999999994e-8,TRUE
data__focal__integrated__literal_largest50_eligible__image_qc_pass__none,integrated,data,focal,literal_largest50_eligible,image_qc_pass,NA,18,te_nucleus_bypass,cs ~ even + ns + iod,0.42661310587040535,9.999999999999994e-8,TRUE
data__focal__integrated__literal_largest50_eligible__image_qc_pass__none,integrated,data,focal,literal_largest50_eligible,image_qc_pass,NA,18,te_cell_bypass,even ~ ltr,1.1365392563594323e-5,1,FALSE
data__focal__integrated__literal_largest50_eligible__image_qc_pass__none,integrated,data,focal,literal_largest50_eligible,image_qc_pass,NA,18,te_cell_bypass,iod ~ even + ltr,0.11825127562019459,9.999999999999994e-8,TRUE
data__focal__integrated__literal_largest50_eligible__image_qc_pass__none,integrated,data,focal,literal_largest50_eligible,image_qc_pass,NA,18,te_cell_bypass,ns ~ iod + ltr,0.6419007684295945,1,TRUE
data__focal__integrated__literal_largest50_eligible__image_qc_pass__none,integrated,data,focal,literal_largest50_eligible,image_qc_pass,NA,18,te_cell_bypass,cs ~ even + ns + ltr,0.6680415645001252,9.999999999999994e-8,TRUE
data__focal__integrated__literal_largest50_eligible__image_qc_pass__none,integrated,data,focal,literal_largest50_eligible,image_qc_pass,NA,18,te_cell_bypass,ns ~ iod + even,0.1572097670414221,9.999999999999994e-8,TRUE
data__focal__integrated__literal_largest50_eligible__image_qc_pass__none,integrated,data,focal,literal_largest50_eligible,image_qc_pass,NA,18,te_cell_bypass,cs ~ even + ns + iod,0.42661310587040535,9.999999999999994e-8,TRUE
data__focal__iod_morphology__manual_keep_pool__image_qc_pass__none,iod_morphology,data,focal,manual_keep_pool,image_qc_pass,NA,18,morphology_null,ns ~ iod,0.0036796612282172726,9.999999999999994e-8,FALSE
data__focal__iod_morphology__manual_keep_pool__image_qc_pass__none,iod_morphology,data,focal,manual_keep_pool,image_qc_pass,NA,18,morphology_null,cs ~ ns,0.010451912092744271,9.999999999999994e-8,FALSE
data__focal__iod_morphology__manual_keep_pool__image_qc_pass__none,iod_morphology,data,focal,manual_keep_pool,image_qc_pass,NA,18,morphology_null,cs ~ iod,0.4794131651446111,9.999999999999994e-8,TRUE
data__focal__iod_morphology__manual_keep_pool__image_qc_pass__none,iod_morphology,data,focal,manual_keep_pool,image_qc_pass,NA,18,iod_to_nucleus,cs ~ iod,0.4794131651446111,9.999999999999994e-8,TRUE
data__focal__iod_morphology__manual_keep_pool__image_qc_pass__none,iod_morphology,data,focal,manual_keep_pool,image_qc_pass,NA,18,iod_to_nucleus,cs ~ iod + ns,0.006856789030887271,9.999999999999994e-8,FALSE
data__focal__iod_morphology__manual_keep_pool__image_qc_pass__none,iod_morphology,data,focal,manual_keep_pool,image_qc_pass,NA,18,iod_to_cell,ns ~ iod,0.0036796612282172726,9.999999999999994e-8,FALSE
data__focal__iod_morphology__manual_keep_pool__image_qc_pass__none,iod_morphology,data,focal,manual_keep_pool,image_qc_pass,NA,18,iod_to_cell,cs ~ iod + ns,0.006856789030887271,9.999999999999994e-8,FALSE
data__focal__iod_morphology__manual_keep_pool__image_qc_pass__none,iod_morphology,data,focal,manual_keep_pool,image_qc_pass,NA,18,iod_nucleus_cell_chain,cs ~ ns + iod,0.2001447275392623,9.999999999999994e-8,TRUE
data__focal__integrated__manual_keep_pool__image_qc_pass__none,integrated,data,focal,manual_keep_pool,image_qc_pass,NA,18,integrated_null,ns ~ iod,0.0036796612282172726,9.999999999999994e-8,FALSE
data__focal__integrated__manual_keep_pool__image_qc_pass__none,integrated,data,focal,manual_keep_pool,image_qc_pass,NA,18,integrated_null,cs ~ ns,0.010451912092744271,9.999999999999994e-8,FALSE
data__focal__integrated__manual_keep_pool__image_qc_pass__none,integrated,data,focal,manual_keep_pool,image_qc_pass,NA,18,integrated_null,ns ~ even,0.09431554556721342,9.999999999999994e-8,TRUE
data__focal__integrated__manual_keep_pool__image_qc_pass__none,integrated,data,focal,manual_keep_pool,image_qc_pass,NA,18,integrated_null,ns ~ ltr,0.02167670029933164,9.999999999999994e-8,FALSE
data__focal__integrated__manual_keep_pool__image_qc_pass__none,integrated,data,focal,manual_keep_pool,image_qc_pass,NA,18,integrated_null,cs ~ iod,0.4794131651446111,9.999999999999994e-8,TRUE
data__focal__integrated__manual_keep_pool__image_qc_pass__none,integrated,data,focal,manual_keep_pool,image_qc_pass,NA,18,integrated_null,iod ~ even,0.07393299735160395,9.999999999999994e-8,TRUE
data__focal__integrated__manual_keep_pool__image_qc_pass__none,integrated,data,focal,manual_keep_pool,image_qc_pass,NA,18,integrated_null,iod ~ ltr,0.018061608218193543,9.999999999999994e-8,FALSE
data__focal__integrated__manual_keep_pool__image_qc_pass__none,integrated,data,focal,manual_keep_pool,image_qc_pass,NA,18,integrated_null,cs ~ even,0.4400643110993312,9.999999999999994e-8,TRUE
data__focal__integrated__manual_keep_pool__image_qc_pass__none,integrated,data,focal,manual_keep_pool,image_qc_pass,NA,18,integrated_null,cs ~ ltr,0.06638772759959953,9.999999999999994e-8,TRUE
data__focal__integrated__manual_keep_pool__image_qc_pass__none,integrated,data,focal,manual_keep_pool,image_qc_pass,NA,18,integrated_null,even ~ ltr,1.1365392563594323e-5,1,FALSE
data__focal__integrated__manual_keep_pool__image_qc_pass__none,integrated,data,focal,manual_keep_pool,image_qc_pass,NA,18,iod_morphology_only,even ~ ltr,1.1365392563594323e-5,1,FALSE
data__focal__integrated__manual_keep_pool__image_qc_pass__none,integrated,data,focal,manual_keep_pool,image_qc_pass,NA,18,iod_morphology_only,iod ~ ltr,0.018061608218193543,9.999999999999994e-8,FALSE
data__focal__integrated__manual_keep_pool__image_qc_pass__none,integrated,data,focal,manual_keep_pool,image_qc_pass,NA,18,iod_morphology_only,ns ~ iod + ltr,0.2697663994231249,9.999999999999994e-8,TRUE
data__focal__integrated__manual_keep_pool__image_qc_pass__none,integrated,data,focal,manual_keep_pool,image_qc_pass,NA,18,iod_morphology_only,cs ~ ns + ltr,0.47538473513106416,9.999999999999994e-8,TRUE
data__focal__integrated__manual_keep_pool__image_qc_pass__none,integrated,data,focal,manual_keep_pool,image_qc_pass,NA,18,iod_morphology_only,iod ~ even,0.07393299735160395,9.999999999999994e-8,TRUE
data__focal__integrated__manual_keep_pool__image_qc_pass__none,integrated,data,focal,manual_keep_pool,image_qc_pass,NA,18,iod_morphology_only,ns ~ iod + even,0.477639176042164,9.999999999999994e-8,TRUE
data__focal__integrated__manual_keep_pool__image_qc_pass__none,integrated,data,focal,manual_keep_pool,image_qc_pass,NA,18,iod_morphology_only,cs ~ ns + even,0.8195381930429175,9.999999999999994e-8,TRUE
data__focal__integrated__manual_keep_pool__image_qc_pass__none,integrated,data,focal,manual_keep_pool,image_qc_pass,NA,18,iod_morphology_only,cs ~ ns + iod,0.2001447275392623,9.999999999999994e-8,TRUE
data__focal__integrated__manual_keep_pool__image_qc_pass__none,integrated,data,focal,manual_keep_pool,image_qc_pass,NA,18,te_evenness_chain,iod ~ even + ltr,0.11825127562019459,9.999999999999994e-8,TRUE
data__focal__integrated__manual_keep_pool__image_qc_pass__none,integrated,data,focal,manual_keep_pool,image_qc_pass,NA,18,te_evenness_chain,ns ~ iod + ltr,0.2697663994231249,9.999999999999994e-8,TRUE
data__focal__integrated__manual_keep_pool__image_qc_pass__none,integrated,data,focal,manual_keep_pool,image_qc_pass,NA,18,te_evenness_chain,cs ~ ns + ltr,0.47538473513106416,9.999999999999994e-8,TRUE
data__focal__integrated__manual_keep_pool__image_qc_pass__none,integrated,data,focal,manual_keep_pool,image_qc_pass,NA,18,te_evenness_chain,ns ~ ltr + iod + even,0.8916283031009753,9.999999999999994e-8,TRUE
data__focal__integrated__manual_keep_pool__image_qc_pass__none,integrated,data,focal,manual_keep_pool,image_qc_pass,NA,18,te_evenness_chain,cs ~ ltr + ns + even,0.45572053758997155,9.999999999999994e-8,TRUE
data__focal__integrated__manual_keep_pool__image_qc_pass__none,integrated,data,focal,manual_keep_pool,image_qc_pass,NA,18,te_evenness_chain,cs ~ even + ns + iod,0.2228829002204117,9.999999999999994e-8,TRUE
data__focal__integrated__manual_keep_pool__image_qc_pass__none,integrated,data,focal,manual_keep_pool,image_qc_pass,NA,18,te_additive_chain,even ~ ltr,1.1365392563594323e-5,1,FALSE
data__focal__integrated__manual_keep_pool__image_qc_pass__none,integrated,data,focal,manual_keep_pool,image_qc_pass,NA,18,te_additive_chain,ns ~ iod + even,0.477639176042164,9.999999999999994e-8,TRUE
data__focal__integrated__manual_keep_pool__image_qc_pass__none,integrated,data,focal,manual_keep_pool,image_qc_pass,NA,18,te_additive_chain,cs ~ ns + even,0.8195381930429175,9.999999999999994e-8,TRUE
data__focal__integrated__manual_keep_pool__image_qc_pass__none,integrated,data,focal,manual_keep_pool,image_qc_pass,NA,18,te_additive_chain,ns ~ iod + ltr,0.2697663994231249,9.999999999999994e-8,TRUE
data__focal__integrated__manual_keep_pool__image_qc_pass__none,integrated,data,focal,manual_keep_pool,image_qc_pass,NA,18,te_additive_chain,cs ~ ns + ltr,0.47538473513106416,9.999999999999994e-8,TRUE
data__focal__integrated__manual_keep_pool__image_qc_pass__none,integrated,data,focal,manual_keep_pool,image_qc_pass,NA,18,te_additive_chain,cs ~ even + ltr + ns + iod,0.13292458394576054,9.999999999999994e-8,TRUE
data__focal__integrated__manual_keep_pool__image_qc_pass__none,integrated,data,focal,manual_keep_pool,image_qc_pass,NA,18,te_nucleus_bypass,even ~ ltr,1.1365392563594323e-5,1,FALSE
data__focal__integrated__manual_keep_pool__image_qc_pass__none,integrated,data,focal,manual_keep_pool,image_qc_pass,NA,18,te_nucleus_bypass,iod ~ even + ltr,0.11825127562019459,9.999999999999994e-8,TRUE
data__focal__integrated__manual_keep_pool__image_qc_pass__none,integrated,data,focal,manual_keep_pool,image_qc_pass,NA,18,te_nucleus_bypass,ns ~ even + iod + ltr,0.40856622790575303,9.999999999999994e-8,TRUE
data__focal__integrated__manual_keep_pool__image_qc_pass__none,integrated,data,focal,manual_keep_pool,image_qc_pass,NA,18,te_nucleus_bypass,cs ~ ns + ltr,0.47538473513106416,9.999999999999994e-8,TRUE
data__focal__integrated__manual_keep_pool__image_qc_pass__none,integrated,data,focal,manual_keep_pool,image_qc_pass,NA,18,te_nucleus_bypass,cs ~ ns + even,0.8195381930429175,9.999999999999994e-8,TRUE
data__focal__integrated__manual_keep_pool__image_qc_pass__none,integrated,data,focal,manual_keep_pool,image_qc_pass,NA,18,te_nucleus_bypass,cs ~ even + ns + iod,0.2228829002204117,9.999999999999994e-8,TRUE
data__focal__integrated__manual_keep_pool__image_qc_pass__none,integrated,data,focal,manual_keep_pool,image_qc_pass,NA,18,te_cell_bypass,even ~ ltr,1.1365392563594323e-5,1,FALSE
data__focal__integrated__manual_keep_pool__image_qc_pass__none,integrated,data,focal,manual_keep_pool,image_qc_pass,NA,18,te_cell_bypass,iod ~ even + ltr,0.11825127562019459,9.999999999999994e-8,TRUE
data__focal__integrated__manual_keep_pool__image_qc_pass__none,integrated,data,focal,manual_keep_pool,image_qc_pass,NA,18,te_cell_bypass,ns ~ iod + ltr,0.2697663994231249,9.999999999999994e-8,TRUE
data__focal__integrated__manual_keep_pool__image_qc_pass__none,integrated,data,focal,manual_keep_pool,image_qc_pass,NA,18,te_cell_bypass,cs ~ even + ns + ltr,0.3216152621084179,9.999999999999994e-8,TRUE
data__focal__integrated__manual_keep_pool__image_qc_pass__none,integrated,data,focal,manual_keep_pool,image_qc_pass,NA,18,te_cell_bypass,ns ~ iod + even,0.477639176042164,9.999999999999994e-8,TRUE
data__focal__integrated__manual_keep_pool__image_qc_pass__none,integrated,data,focal,manual_keep_pool,image_qc_pass,NA,18,te_cell_bypass,cs ~ even + ns + iod,0.2228829002204117,9.999999999999994e-8,TRUE
data__published_main__te_iod__image_balanced_selected50__all_selected__none,te_iod,data,published_main,image_balanced_selected50,all_selected,NA,18,proxy_null,iod ~ ltr,0.018135377833494542,9.999999999999994e-8,FALSE
data__published_main__te_iod__image_balanced_selected50__all_selected__none,te_iod,data,published_main,image_balanced_selected50,all_selected,NA,18,proxy_null,iod ~ even,0.05881443917603168,9.999999999999994e-8,TRUE
data__published_main__te_iod__image_balanced_selected50__all_selected__none,te_iod,data,published_main,image_balanced_selected50,all_selected,NA,18,proxy_null,even ~ ltr,2.9273921061385574e-5,1,FALSE
data__published_main__te_iod__image_balanced_selected50__all_selected__none,te_iod,data,published_main,image_balanced_selected50,all_selected,NA,18,ltr_only,even ~ ltr,2.9273921061385574e-5,1,FALSE
data__published_main__te_iod__image_balanced_selected50__all_selected__none,te_iod,data,published_main,image_balanced_selected50,all_selected,NA,18,ltr_only,iod ~ ltr + even,0.5600573249746201,9.999999999999994e-8,TRUE
data__published_main__te_iod__image_balanced_selected50__all_selected__none,te_iod,data,published_main,image_balanced_selected50,all_selected,NA,18,evenness_only,even ~ ltr,2.9273921061385574e-5,1,FALSE
data__published_main__te_iod__image_balanced_selected50__all_selected__none,te_iod,data,published_main,image_balanced_selected50,all_selected,NA,18,evenness_only,iod ~ even + ltr,0.1361969347972223,9.999999999999994e-8,TRUE
data__published_main__te_iod__image_balanced_selected50__all_selected__none,te_iod,data,published_main,image_balanced_selected50,all_selected,NA,18,additive_composition,even ~ ltr,2.9273921061385574e-5,1,FALSE
data__published_main__te_iod__image_balanced_selected50__all_selected__none,te_iod,data,published_main,image_balanced_selected50,all_selected,NA,18,mediated_evenness,iod ~ even + ltr,0.1361969347972223,9.999999999999994e-8,TRUE
data__published_main__terminal_internal_iod__image_balanced_selected50__all_selected__none,terminal_internal_iod,data,published_main,image_balanced_selected50,all_selected,NA,16,proxy_null,iod ~ ti,0.4763015954131822,9.999999999999994e-8,TRUE
data__published_main__terminal_internal_iod__image_balanced_selected50__all_selected__none,terminal_internal_iod,data,published_main,image_balanced_selected50,all_selected,NA,16,proxy_null,iod ~ ltr,0.10747244899480708,9.999999999999994e-8,TRUE
data__published_main__terminal_internal_iod__image_balanced_selected50__all_selected__none,terminal_internal_iod,data,published_main,image_balanced_selected50,all_selected,NA,16,proxy_null,iod ~ even,0.4871913735405877,9.999999999999994e-8,TRUE
data__published_main__terminal_internal_iod__image_balanced_selected50__all_selected__none,terminal_internal_iod,data,published_main,image_balanced_selected50,all_selected,NA,16,proxy_null,ti ~ ltr,0.4232669013972783,9.999999999999994e-8,TRUE
data__published_main__terminal_internal_iod__image_balanced_selected50__all_selected__none,terminal_internal_iod,data,published_main,image_balanced_selected50,all_selected,NA,16,proxy_null,ti ~ even,0.3315584488519414,9.999999999999994e-8,TRUE
data__published_main__terminal_internal_iod__image_balanced_selected50__all_selected__none,terminal_internal_iod,data,published_main,image_balanced_selected50,all_selected,NA,16,proxy_null,ltr ~ even,4.3644707532167665e-4,1,FALSE
data__published_main__terminal_internal_iod__image_balanced_selected50__all_selected__none,terminal_internal_iod,data,published_main,image_balanced_selected50,all_selected,NA,16,terminal_internal_only,ltr ~ even,4.3644707532167665e-4,1,FALSE
data__published_main__terminal_internal_iod__image_balanced_selected50__all_selected__none,terminal_internal_iod,data,published_main,image_balanced_selected50,all_selected,NA,16,terminal_internal_only,ti ~ even,0.3315584488519414,9.999999999999994e-8,TRUE
data__published_main__terminal_internal_iod__image_balanced_selected50__all_selected__none,terminal_internal_iod,data,published_main,image_balanced_selected50,all_selected,NA,16,terminal_internal_only,iod ~ ti + even,0.6059104890534145,9.999999999999994e-8,TRUE
data__published_main__terminal_internal_iod__image_balanced_selected50__all_selected__none,terminal_internal_iod,data,published_main,image_balanced_selected50,all_selected,NA,16,terminal_internal_only,ti ~ ltr,0.4232669013972783,9.999999999999994e-8,TRUE
data__published_main__terminal_internal_iod__image_balanced_selected50__all_selected__none,terminal_internal_iod,data,published_main,image_balanced_selected50,all_selected,NA,16,terminal_internal_only,iod ~ ti + ltr,0.1476892147288735,9.999999999999994e-8,TRUE
data__published_main__terminal_internal_iod__image_balanced_selected50__all_selected__none,terminal_internal_iod,data,published_main,image_balanced_selected50,all_selected,NA,16,ltr_terminal_internal_chain,ltr ~ even,4.3644707532167665e-4,1,FALSE
data__published_main__terminal_internal_iod__image_balanced_selected50__all_selected__none,terminal_internal_iod,data,published_main,image_balanced_selected50,all_selected,NA,16,ltr_terminal_internal_chain,ti ~ ltr + even,0.53532804036305,9.999999999999994e-8,TRUE
data__published_main__terminal_internal_iod__image_balanced_selected50__all_selected__none,terminal_internal_iod,data,published_main,image_balanced_selected50,all_selected,NA,16,ltr_terminal_internal_chain,iod ~ ti + even,0.6059104890534145,9.999999999999994e-8,TRUE
data__published_main__terminal_internal_iod__image_balanced_selected50__all_selected__none,terminal_internal_iod,data,published_main,image_balanced_selected50,all_selected,NA,16,ltr_terminal_internal_chain,iod ~ ti + ltr,0.1476892147288735,9.999999999999994e-8,TRUE
data__published_main__terminal_internal_iod__image_balanced_selected50__all_selected__none,terminal_internal_iod,data,published_main,image_balanced_selected50,all_selected,NA,16,terminal_internal_evenness_additive,ltr ~ even,4.3644707532167665e-4,1,FALSE
data__published_main__terminal_internal_iod__image_balanced_selected50__all_selected__none,terminal_internal_iod,data,published_main,image_balanced_selected50,all_selected,NA,16,terminal_internal_evenness_additive,ti ~ ltr,0.4232669013972783,9.999999999999994e-8,TRUE
data__published_main__terminal_internal_iod__image_balanced_selected50__all_selected__none,terminal_internal_iod,data,published_main,image_balanced_selected50,all_selected,NA,16,terminal_internal_evenness_additive,iod ~ even + ti + ltr,0.1863342579841305,9.999999999999994e-8,TRUE
data__published_main__terminal_internal_iod__image_balanced_selected50__all_selected__none,terminal_internal_iod,data,published_main,image_balanced_selected50,all_selected,NA,16,terminal_internal_evenness_additive,ti ~ even,0.3315584488519414,9.999999999999994e-8,TRUE
data__published_main__terminal_internal_iod__image_balanced_selected50__all_selected__none,terminal_internal_iod,data,published_main,image_balanced_selected50,all_selected,NA,16,te_terminal_internal_state,ltr ~ even,4.3644707532167665e-4,1,FALSE
data__published_main__terminal_internal_iod__image_balanced_selected50__all_selected__none,terminal_internal_iod,data,published_main,image_balanced_selected50,all_selected,NA,16,te_terminal_internal_state,iod ~ ti + even,0.6059104890534145,9.999999999999994e-8,TRUE
data__published_main__terminal_internal_iod__image_balanced_selected50__all_selected__none,terminal_internal_iod,data,published_main,image_balanced_selected50,all_selected,NA,16,te_terminal_internal_state,iod ~ ti + ltr,0.1476892147288735,9.999999999999994e-8,TRUE
data__published_main__iod_morphology__composite_selected50__all_selected__none,iod_morphology,data,published_main,composite_selected50,all_selected,NA,18,morphology_null,ns ~ iod,0.001479094788399226,0.9024695022427486,FALSE
data__published_main__iod_morphology__composite_selected50__all_selected__none,iod_morphology,data,published_main,composite_selected50,all_selected,NA,18,morphology_null,cs ~ ns,0.007362344105153009,9.999999999999994e-8,FALSE
data__published_main__iod_morphology__composite_selected50__all_selected__none,iod_morphology,data,published_main,composite_selected50,all_selected,NA,18,morphology_null,cs ~ iod,0.0341302227502707,9.999999999999994e-8,FALSE
data__published_main__iod_morphology__composite_selected50__all_selected__none,iod_morphology,data,published_main,composite_selected50,all_selected,NA,18,iod_to_nucleus,cs ~ iod,0.0341302227502707,9.999999999999994e-8,FALSE
data__published_main__iod_morphology__composite_selected50__all_selected__none,iod_morphology,data,published_main,composite_selected50,all_selected,NA,18,iod_to_nucleus,cs ~ iod + ns,0.0939604677903096,9.999999999999994e-8,TRUE
data__published_main__iod_morphology__composite_selected50__all_selected__none,iod_morphology,data,published_main,composite_selected50,all_selected,NA,18,iod_to_cell,ns ~ iod,0.001479094788399226,0.9024695022427486,FALSE
data__published_main__iod_morphology__composite_selected50__all_selected__none,iod_morphology,data,published_main,composite_selected50,all_selected,NA,18,iod_to_cell,cs ~ iod + ns,0.0939604677903096,9.999999999999994e-8,TRUE
data__published_main__iod_morphology__composite_selected50__all_selected__none,iod_morphology,data,published_main,composite_selected50,all_selected,NA,18,iod_nucleus_cell_chain,cs ~ ns + iod,0.5914252330214491,9.999999999999994e-8,TRUE
data__published_main__integrated__composite_selected50__all_selected__none,integrated,data,published_main,composite_selected50,all_selected,NA,18,integrated_null,ns ~ iod,0.001479094788399226,0.9024695022427486,FALSE
data__published_main__integrated__composite_selected50__all_selected__none,integrated,data,published_main,composite_selected50,all_selected,NA,18,integrated_null,cs ~ ns,0.007362344105153009,9.999999999999994e-8,FALSE
data__published_main__integrated__composite_selected50__all_selected__none,integrated,data,published_main,composite_selected50,all_selected,NA,18,integrated_null,ns ~ even,0.023202360873694473,9.999999999999994e-8,FALSE
data__published_main__integrated__composite_selected50__all_selected__none,integrated,data,published_main,composite_selected50,all_selected,NA,18,integrated_null,ns ~ ltr,0.015049987027794713,9.999999999999994e-8,FALSE
data__published_main__integrated__composite_selected50__all_selected__none,integrated,data,published_main,composite_selected50,all_selected,NA,18,integrated_null,cs ~ iod,0.0341302227502707,9.999999999999994e-8,FALSE
data__published_main__integrated__composite_selected50__all_selected__none,integrated,data,published_main,composite_selected50,all_selected,NA,18,integrated_null,iod ~ even,0.05881443917603168,9.999999999999994e-8,TRUE
data__published_main__integrated__composite_selected50__all_selected__none,integrated,data,published_main,composite_selected50,all_selected,NA,18,integrated_null,iod ~ ltr,0.018135377833494542,9.999999999999994e-8,FALSE
data__published_main__integrated__composite_selected50__all_selected__none,integrated,data,published_main,composite_selected50,all_selected,NA,18,integrated_null,cs ~ even,0.200457086121082,9.999999999999994e-8,TRUE
data__published_main__integrated__composite_selected50__all_selected__none,integrated,data,published_main,composite_selected50,all_selected,NA,18,integrated_null,cs ~ ltr,0.09177247463443403,9.999999999999994e-8,TRUE
data__published_main__integrated__composite_selected50__all_selected__none,integrated,data,published_main,composite_selected50,all_selected,NA,18,integrated_null,even ~ ltr,2.9273921061385574e-5,1,FALSE
data__published_main__integrated__composite_selected50__all_selected__none,integrated,data,published_main,composite_selected50,all_selected,NA,18,iod_morphology_only,even ~ ltr,2.9273921061385574e-5,1,FALSE
data__published_main__integrated__composite_selected50__all_selected__none,integrated,data,published_main,composite_selected50,all_selected,NA,18,iod_morphology_only,iod ~ ltr,0.018135377833494542,9.999999999999994e-8,FALSE
data__published_main__integrated__composite_selected50__all_selected__none,integrated,data,published_main,composite_selected50,all_selected,NA,18,iod_morphology_only,ns ~ iod + ltr,0.9507866915868838,0.896035948710726,TRUE
data__published_main__integrated__composite_selected50__all_selected__none,integrated,data,published_main,composite_selected50,all_selected,NA,18,iod_morphology_only,cs ~ ns + ltr,0.6976096492594579,9.999999999999994e-8,TRUE
data__published_main__integrated__composite_selected50__all_selected__none,integrated,data,published_main,composite_selected50,all_selected,NA,18,iod_morphology_only,iod ~ even,0.05881443917603168,9.999999999999994e-8,TRUE
data__published_main__integrated__composite_selected50__all_selected__none,integrated,data,published_main,composite_selected50,all_selected,NA,18,iod_morphology_only,ns ~ iod + even,0.5105333358951916,0.7987461365116735,TRUE
data__published_main__integrated__composite_selected50__all_selected__none,integrated,data,published_main,composite_selected50,all_selected,NA,18,iod_morphology_only,cs ~ ns + even,0.9692398034848458,9.999999999999994e-8,TRUE
data__published_main__integrated__composite_selected50__all_selected__none,integrated,data,published_main,composite_selected50,all_selected,NA,18,iod_morphology_only,cs ~ ns + iod,0.5914252330214491,9.999999999999994e-8,TRUE
data__published_main__integrated__composite_selected50__all_selected__none,integrated,data,published_main,composite_selected50,all_selected,NA,18,te_evenness_chain,iod ~ even + ltr,0.1361969347972223,9.999999999999994e-8,TRUE
data__published_main__integrated__composite_selected50__all_selected__none,integrated,data,published_main,composite_selected50,all_selected,NA,18,te_evenness_chain,ns ~ iod + ltr,0.9507866915868838,0.896035948710726,TRUE
data__published_main__integrated__composite_selected50__all_selected__none,integrated,data,published_main,composite_selected50,all_selected,NA,18,te_evenness_chain,cs ~ ns + ltr,0.6976096492594579,9.999999999999994e-8,TRUE
data__published_main__integrated__composite_selected50__all_selected__none,integrated,data,published_main,composite_selected50,all_selected,NA,18,te_evenness_chain,ns ~ ltr + iod + even,0.4866271513823438,0.8674168442340192,TRUE
data__published_main__integrated__composite_selected50__all_selected__none,integrated,data,published_main,composite_selected50,all_selected,NA,18,te_evenness_chain,cs ~ ltr + ns + even,0.7945927621892599,9.999999999999994e-8,TRUE
data__published_main__integrated__composite_selected50__all_selected__none,integrated,data,published_main,composite_selected50,all_selected,NA,18,te_evenness_chain,cs ~ even + ns + iod,0.59710351696751,9.999999999999994e-8,TRUE
data__published_main__integrated__composite_selected50__all_selected__none,integrated,data,published_main,composite_selected50,all_selected,NA,18,te_additive_chain,even ~ ltr,2.9273921061385574e-5,1,FALSE
data__published_main__integrated__composite_selected50__all_selected__none,integrated,data,published_main,composite_selected50,all_selected,NA,18,te_additive_chain,ns ~ iod + even,0.5105333358951916,0.7987461365116735,TRUE
data__published_main__integrated__composite_selected50__all_selected__none,integrated,data,published_main,composite_selected50,all_selected,NA,18,te_additive_chain,cs ~ ns + even,0.9692398034848458,9.999999999999994e-8,TRUE
data__published_main__integrated__composite_selected50__all_selected__none,integrated,data,published_main,composite_selected50,all_selected,NA,18,te_additive_chain,ns ~ iod + ltr,0.9507866915868838,0.896035948710726,TRUE
data__published_main__integrated__composite_selected50__all_selected__none,integrated,data,published_main,composite_selected50,all_selected,NA,18,te_additive_chain,cs ~ ns + ltr,0.6976096492594579,9.999999999999994e-8,TRUE
data__published_main__integrated__composite_selected50__all_selected__none,integrated,data,published_main,composite_selected50,all_selected,NA,18,te_additive_chain,cs ~ even + ltr + ns + iod,0.6737696698164232,9.999999999999994e-8,TRUE
data__published_main__integrated__composite_selected50__all_selected__none,integrated,data,published_main,composite_selected50,all_selected,NA,18,te_nucleus_bypass,even ~ ltr,2.9273921061385574e-5,1,FALSE
data__published_main__integrated__composite_selected50__all_selected__none,integrated,data,published_main,composite_selected50,all_selected,NA,18,te_nucleus_bypass,iod ~ even + ltr,0.1361969347972223,9.999999999999994e-8,TRUE
data__published_main__integrated__composite_selected50__all_selected__none,integrated,data,published_main,composite_selected50,all_selected,NA,18,te_nucleus_bypass,ns ~ even + iod + ltr,0.6333597295727151,0.8674168442342851,TRUE
data__published_main__integrated__composite_selected50__all_selected__none,integrated,data,published_main,composite_selected50,all_selected,NA,18,te_nucleus_bypass,cs ~ ns + ltr,0.6976096492594579,9.999999999999994e-8,TRUE
data__published_main__integrated__composite_selected50__all_selected__none,integrated,data,published_main,composite_selected50,all_selected,NA,18,te_nucleus_bypass,cs ~ ns + even,0.9692398034848458,9.999999999999994e-8,TRUE
data__published_main__integrated__composite_selected50__all_selected__none,integrated,data,published_main,composite_selected50,all_selected,NA,18,te_nucleus_bypass,cs ~ even + ns + iod,0.59710351696751,9.999999999999994e-8,TRUE
data__published_main__integrated__composite_selected50__all_selected__none,integrated,data,published_main,composite_selected50,all_selected,NA,18,te_cell_bypass,even ~ ltr,2.9273921061385574e-5,1,FALSE
data__published_main__integrated__composite_selected50__all_selected__none,integrated,data,published_main,composite_selected50,all_selected,NA,18,te_cell_bypass,iod ~ even + ltr,0.1361969347972223,9.999999999999994e-8,TRUE
data__published_main__integrated__composite_selected50__all_selected__none,integrated,data,published_main,composite_selected50,all_selected,NA,18,te_cell_bypass,ns ~ iod + ltr,0.9507866915868838,0.896035948710726,TRUE
data__published_main__integrated__composite_selected50__all_selected__none,integrated,data,published_main,composite_selected50,all_selected,NA,18,te_cell_bypass,cs ~ even + ns + ltr,0.6491493641224444,9.999999999999994e-8,TRUE
data__published_main__integrated__composite_selected50__all_selected__none,integrated,data,published_main,composite_selected50,all_selected,NA,18,te_cell_bypass,ns ~ iod + even,0.5105333358951916,0.7987461365116735,TRUE
data__published_main__integrated__composite_selected50__all_selected__none,integrated,data,published_main,composite_selected50,all_selected,NA,18,te_cell_bypass,cs ~ even + ns + iod,0.59710351696751,9.999999999999994e-8,TRUE
data__published_main__iod_morphology__eligible_candidate_pool__all_selected__none,iod_morphology,data,published_main,eligible_candidate_pool,all_selected,NA,18,morphology_null,ns ~ iod,0.0013204572194906894,0.7632968373877327,FALSE
data__published_main__iod_morphology__eligible_candidate_pool__all_selected__none,iod_morphology,data,published_main,eligible_candidate_pool,all_selected,NA,18,morphology_null,cs ~ ns,0.05976721598532237,9.999999999999994e-8,TRUE
data__published_main__iod_morphology__eligible_candidate_pool__all_selected__none,iod_morphology,data,published_main,eligible_candidate_pool,all_selected,NA,18,morphology_null,cs ~ iod,0.35507068876051306,0.519281503120083,TRUE
data__published_main__iod_morphology__eligible_candidate_pool__all_selected__none,iod_morphology,data,published_main,eligible_candidate_pool,all_selected,NA,18,iod_to_nucleus,cs ~ iod,0.35507068876051306,0.519281503120083,TRUE
data__published_main__iod_morphology__eligible_candidate_pool__all_selected__none,iod_morphology,data,published_main,eligible_candidate_pool,all_selected,NA,18,iod_to_nucleus,cs ~ iod + ns,0.16734013250991603,9.999999999999994e-8,TRUE
data__published_main__iod_morphology__eligible_candidate_pool__all_selected__none,iod_morphology,data,published_main,eligible_candidate_pool,all_selected,NA,18,iod_to_cell,ns ~ iod,0.0013204572194906894,0.7632968373877327,FALSE
data__published_main__iod_morphology__eligible_candidate_pool__all_selected__none,iod_morphology,data,published_main,eligible_candidate_pool,all_selected,NA,18,iod_to_cell,cs ~ iod + ns,0.16734013250991603,9.999999999999994e-8,TRUE
data__published_main__iod_morphology__eligible_candidate_pool__all_selected__none,iod_morphology,data,published_main,eligible_candidate_pool,all_selected,NA,18,iod_nucleus_cell_chain,cs ~ ns + iod,0.9159585594825108,9.999999999999994e-8,TRUE
data__published_main__integrated__eligible_candidate_pool__all_selected__none,integrated,data,published_main,eligible_candidate_pool,all_selected,NA,18,integrated_null,ns ~ iod,0.0013204572194906894,0.7632968373877327,FALSE
data__published_main__integrated__eligible_candidate_pool__all_selected__none,integrated,data,published_main,eligible_candidate_pool,all_selected,NA,18,integrated_null,cs ~ ns,0.05976721598532237,9.999999999999994e-8,TRUE
data__published_main__integrated__eligible_candidate_pool__all_selected__none,integrated,data,published_main,eligible_candidate_pool,all_selected,NA,18,integrated_null,ns ~ even,0.026968381798836823,0.31021916443819486,FALSE
data__published_main__integrated__eligible_candidate_pool__all_selected__none,integrated,data,published_main,eligible_candidate_pool,all_selected,NA,18,integrated_null,ns ~ ltr,0.005746217334176811,9.999999999999994e-8,FALSE
data__published_main__integrated__eligible_candidate_pool__all_selected__none,integrated,data,published_main,eligible_candidate_pool,all_selected,NA,18,integrated_null,cs ~ iod,0.35507068876051306,0.519281503120083,TRUE
data__published_main__integrated__eligible_candidate_pool__all_selected__none,integrated,data,published_main,eligible_candidate_pool,all_selected,NA,18,integrated_null,iod ~ even,0.05881443917603168,9.999999999999994e-8,TRUE
data__published_main__integrated__eligible_candidate_pool__all_selected__none,integrated,data,published_main,eligible_candidate_pool,all_selected,NA,18,integrated_null,iod ~ ltr,0.018135377833494542,9.999999999999994e-8,FALSE
data__published_main__integrated__eligible_candidate_pool__all_selected__none,integrated,data,published_main,eligible_candidate_pool,all_selected,NA,18,integrated_null,cs ~ even,0.5166027066622928,0.5561318362627046,TRUE
data__published_main__integrated__eligible_candidate_pool__all_selected__none,integrated,data,published_main,eligible_candidate_pool,all_selected,NA,18,integrated_null,cs ~ ltr,0.19320202061810418,9.999999999999994e-8,TRUE
data__published_main__integrated__eligible_candidate_pool__all_selected__none,integrated,data,published_main,eligible_candidate_pool,all_selected,NA,18,integrated_null,even ~ ltr,2.9273921061385574e-5,1,FALSE
data__published_main__integrated__eligible_candidate_pool__all_selected__none,integrated,data,published_main,eligible_candidate_pool,all_selected,NA,18,iod_morphology_only,even ~ ltr,2.9273921061385574e-5,1,FALSE
data__published_main__integrated__eligible_candidate_pool__all_selected__none,integrated,data,published_main,eligible_candidate_pool,all_selected,NA,18,iod_morphology_only,iod ~ ltr,0.018135377833494542,9.999999999999994e-8,FALSE
data__published_main__integrated__eligible_candidate_pool__all_selected__none,integrated,data,published_main,eligible_candidate_pool,all_selected,NA,18,iod_morphology_only,ns ~ iod + ltr,0.11732307540705386,9.999999999999994e-8,TRUE
data__published_main__integrated__eligible_candidate_pool__all_selected__none,integrated,data,published_main,eligible_candidate_pool,all_selected,NA,18,iod_morphology_only,cs ~ ns + ltr,0.826848419054217,9.999999999999994e-8,TRUE
data__published_main__integrated__eligible_candidate_pool__all_selected__none,integrated,data,published_main,eligible_candidate_pool,all_selected,NA,18,iod_morphology_only,iod ~ even,0.05881443917603168,9.999999999999994e-8,TRUE
data__published_main__integrated__eligible_candidate_pool__all_selected__none,integrated,data,published_main,eligible_candidate_pool,all_selected,NA,18,iod_morphology_only,ns ~ iod + even,0.2220371836232519,0.5000726263032593,TRUE
data__published_main__integrated__eligible_candidate_pool__all_selected__none,integrated,data,published_main,eligible_candidate_pool,all_selected,NA,18,iod_morphology_only,cs ~ ns + even,0.8893850952615638,9.999999999999994e-8,TRUE
data__published_main__integrated__eligible_candidate_pool__all_selected__none,integrated,data,published_main,eligible_candidate_pool,all_selected,NA,18,iod_morphology_only,cs ~ ns + iod,0.9159585594825108,9.999999999999994e-8,TRUE
data__published_main__integrated__eligible_candidate_pool__all_selected__none,integrated,data,published_main,eligible_candidate_pool,all_selected,NA,18,te_evenness_chain,iod ~ even + ltr,0.1361969347972223,9.999999999999994e-8,TRUE
data__published_main__integrated__eligible_candidate_pool__all_selected__none,integrated,data,published_main,eligible_candidate_pool,all_selected,NA,18,te_evenness_chain,ns ~ iod + ltr,0.11732307540705386,9.999999999999994e-8,TRUE
data__published_main__integrated__eligible_candidate_pool__all_selected__none,integrated,data,published_main,eligible_candidate_pool,all_selected,NA,18,te_evenness_chain,cs ~ ns + ltr,0.826848419054217,9.999999999999994e-8,TRUE
data__published_main__integrated__eligible_candidate_pool__all_selected__none,integrated,data,published_main,eligible_candidate_pool,all_selected,NA,18,te_evenness_chain,ns ~ ltr + iod + even,0.46383271843921836,9.999999999999994e-8,TRUE
data__published_main__integrated__eligible_candidate_pool__all_selected__none,integrated,data,published_main,eligible_candidate_pool,all_selected,NA,18,te_evenness_chain,cs ~ ltr + ns + even,0.7915126777121541,9.999999999999994e-8,TRUE
data__published_main__integrated__eligible_candidate_pool__all_selected__none,integrated,data,published_main,eligible_candidate_pool,all_selected,NA,18,te_evenness_chain,cs ~ even + ns + iod,0.9294056768351073,9.999999999999994e-8,TRUE
data__published_main__integrated__eligible_candidate_pool__all_selected__none,integrated,data,published_main,eligible_candidate_pool,all_selected,NA,18,te_additive_chain,even ~ ltr,2.9273921061385574e-5,1,FALSE
data__published_main__integrated__eligible_candidate_pool__all_selected__none,integrated,data,published_main,eligible_candidate_pool,all_selected,NA,18,te_additive_chain,ns ~ iod + even,0.2220371836232519,0.5000726263032593,TRUE
data__published_main__integrated__eligible_candidate_pool__all_selected__none,integrated,data,published_main,eligible_candidate_pool,all_selected,NA,18,te_additive_chain,cs ~ ns + even,0.8893850952615638,9.999999999999994e-8,TRUE
data__published_main__integrated__eligible_candidate_pool__all_selected__none,integrated,data,published_main,eligible_candidate_pool,all_selected,NA,18,te_additive_chain,ns ~ iod + ltr,0.11732307540705386,9.999999999999994e-8,TRUE
data__published_main__integrated__eligible_candidate_pool__all_selected__none,integrated,data,published_main,eligible_candidate_pool,all_selected,NA,18,te_additive_chain,cs ~ ns + ltr,0.826848419054217,9.999999999999994e-8,TRUE
data__published_main__integrated__eligible_candidate_pool__all_selected__none,integrated,data,published_main,eligible_candidate_pool,all_selected,NA,18,te_additive_chain,cs ~ even + ltr + ns + iod,0.8915658612092168,9.999999999999994e-8,TRUE
data__published_main__integrated__eligible_candidate_pool__all_selected__none,integrated,data,published_main,eligible_candidate_pool,all_selected,NA,18,te_nucleus_bypass,even ~ ltr,2.9273921061385574e-5,1,FALSE
data__published_main__integrated__eligible_candidate_pool__all_selected__none,integrated,data,published_main,eligible_candidate_pool,all_selected,NA,18,te_nucleus_bypass,iod ~ even + ltr,0.1361969347972223,9.999999999999994e-8,TRUE
data__published_main__integrated__eligible_candidate_pool__all_selected__none,integrated,data,published_main,eligible_candidate_pool,all_selected,NA,18,te_nucleus_bypass,ns ~ even + iod + ltr,0.34508918886961604,9.999999999999994e-8,TRUE
data__published_main__integrated__eligible_candidate_pool__all_selected__none,integrated,data,published_main,eligible_candidate_pool,all_selected,NA,18,te_nucleus_bypass,cs ~ ns + ltr,0.826848419054217,9.999999999999994e-8,TRUE
data__published_main__integrated__eligible_candidate_pool__all_selected__none,integrated,data,published_main,eligible_candidate_pool,all_selected,NA,18,te_nucleus_bypass,cs ~ ns + even,0.8893850952615638,9.999999999999994e-8,TRUE
data__published_main__integrated__eligible_candidate_pool__all_selected__none,integrated,data,published_main,eligible_candidate_pool,all_selected,NA,18,te_nucleus_bypass,cs ~ even + ns + iod,0.9294056768351073,9.999999999999994e-8,TRUE
data__published_main__integrated__eligible_candidate_pool__all_selected__none,integrated,data,published_main,eligible_candidate_pool,all_selected,NA,18,te_cell_bypass,even ~ ltr,2.9273921061385574e-5,1,FALSE
data__published_main__integrated__eligible_candidate_pool__all_selected__none,integrated,data,published_main,eligible_candidate_pool,all_selected,NA,18,te_cell_bypass,iod ~ even + ltr,0.1361969347972223,9.999999999999994e-8,TRUE
data__published_main__integrated__eligible_candidate_pool__all_selected__none,integrated,data,published_main,eligible_candidate_pool,all_selected,NA,18,te_cell_bypass,ns ~ iod + ltr,0.11732307540705386,9.999999999999994e-8,TRUE
data__published_main__integrated__eligible_candidate_pool__all_selected__none,integrated,data,published_main,eligible_candidate_pool,all_selected,NA,18,te_cell_bypass,cs ~ even + ns + ltr,0.7561663263446233,9.999999999999994e-8,TRUE
data__published_main__integrated__eligible_candidate_pool__all_selected__none,integrated,data,published_main,eligible_candidate_pool,all_selected,NA,18,te_cell_bypass,ns ~ iod + even,0.2220371836232519,0.5000726263032593,TRUE
data__published_main__integrated__eligible_candidate_pool__all_selected__none,integrated,data,published_main,eligible_candidate_pool,all_selected,NA,18,te_cell_bypass,cs ~ even + ns + iod,0.9294056768351073,9.999999999999994e-8,TRUE
data__published_main__iod_morphology__image_balanced_selected50__all_selected__none,iod_morphology,data,published_main,image_balanced_selected50,all_selected,NA,18,morphology_null,ns ~ iod,0.003304628209013318,1,FALSE
data__published_main__iod_morphology__image_balanced_selected50__all_selected__none,iod_morphology,data,published_main,image_balanced_selected50,all_selected,NA,18,morphology_null,cs ~ ns,0.005576286886834683,9.999999999999994e-8,FALSE
data__published_main__iod_morphology__image_balanced_selected50__all_selected__none,iod_morphology,data,published_main,image_balanced_selected50,all_selected,NA,18,morphology_null,cs ~ iod,0.021788310914072403,9.999999999999994e-8,FALSE
data__published_main__iod_morphology__image_balanced_selected50__all_selected__none,iod_morphology,data,published_main,image_balanced_selected50,all_selected,NA,18,iod_to_nucleus,cs ~ iod,0.021788310914072403,9.999999999999994e-8,FALSE
data__published_main__iod_morphology__image_balanced_selected50__all_selected__none,iod_morphology,data,published_main,image_balanced_selected50,all_selected,NA,18,iod_to_nucleus,cs ~ iod + ns,0.07930569662365021,9.999999999999994e-8,TRUE
data__published_main__iod_morphology__image_balanced_selected50__all_selected__none,iod_morphology,data,published_main,image_balanced_selected50,all_selected,NA,18,iod_to_cell,ns ~ iod,0.003304628209013318,1,FALSE
data__published_main__iod_morphology__image_balanced_selected50__all_selected__none,iod_morphology,data,published_main,image_balanced_selected50,all_selected,NA,18,iod_to_cell,cs ~ iod + ns,0.07930569662365021,9.999999999999994e-8,TRUE
data__published_main__iod_morphology__image_balanced_selected50__all_selected__none,iod_morphology,data,published_main,image_balanced_selected50,all_selected,NA,18,iod_nucleus_cell_chain,cs ~ ns + iod,0.36560499760422016,9.999999999999994e-8,TRUE
data__published_main__integrated__image_balanced_selected50__all_selected__none,integrated,data,published_main,image_balanced_selected50,all_selected,NA,18,integrated_null,ns ~ iod,0.003304628209013318,1,FALSE
data__published_main__integrated__image_balanced_selected50__all_selected__none,integrated,data,published_main,image_balanced_selected50,all_selected,NA,18,integrated_null,cs ~ ns,0.005576286886834683,9.999999999999994e-8,FALSE
data__published_main__integrated__image_balanced_selected50__all_selected__none,integrated,data,published_main,image_balanced_selected50,all_selected,NA,18,integrated_null,ns ~ even,0.05711382329670309,0.4823093907601026,TRUE
data__published_main__integrated__image_balanced_selected50__all_selected__none,integrated,data,published_main,image_balanced_selected50,all_selected,NA,18,integrated_null,ns ~ ltr,0.007885167227170925,9.999999999999994e-8,FALSE
data__published_main__integrated__image_balanced_selected50__all_selected__none,integrated,data,published_main,image_balanced_selected50,all_selected,NA,18,integrated_null,cs ~ iod,0.021788310914072403,9.999999999999994e-8,FALSE
data__published_main__integrated__image_balanced_selected50__all_selected__none,integrated,data,published_main,image_balanced_selected50,all_selected,NA,18,integrated_null,iod ~ even,0.05881443917603168,9.999999999999994e-8,TRUE
data__published_main__integrated__image_balanced_selected50__all_selected__none,integrated,data,published_main,image_balanced_selected50,all_selected,NA,18,integrated_null,iod ~ ltr,0.018135377833494542,9.999999999999994e-8,FALSE
data__published_main__integrated__image_balanced_selected50__all_selected__none,integrated,data,published_main,image_balanced_selected50,all_selected,NA,18,integrated_null,cs ~ even,0.2386697093684627,0.24059683722817168,TRUE
data__published_main__integrated__image_balanced_selected50__all_selected__none,integrated,data,published_main,image_balanced_selected50,all_selected,NA,18,integrated_null,cs ~ ltr,0.06478273341311028,9.999999999999994e-8,TRUE
data__published_main__integrated__image_balanced_selected50__all_selected__none,integrated,data,published_main,image_balanced_selected50,all_selected,NA,18,integrated_null,even ~ ltr,2.9273921061385574e-5,1,FALSE
data__published_main__integrated__image_balanced_selected50__all_selected__none,integrated,data,published_main,image_balanced_selected50,all_selected,NA,18,iod_morphology_only,even ~ ltr,2.9273921061385574e-5,1,FALSE
data__published_main__integrated__image_balanced_selected50__all_selected__none,integrated,data,published_main,image_balanced_selected50,all_selected,NA,18,iod_morphology_only,iod ~ ltr,0.018135377833494542,9.999999999999994e-8,FALSE
data__published_main__integrated__image_balanced_selected50__all_selected__none,integrated,data,published_main,image_balanced_selected50,all_selected,NA,18,iod_morphology_only,ns ~ iod + ltr,0.845236563168016,1,TRUE
data__published_main__integrated__image_balanced_selected50__all_selected__none,integrated,data,published_main,image_balanced_selected50,all_selected,NA,18,iod_morphology_only,cs ~ ns + ltr,0.6825279162563116,9.999999999999994e-8,TRUE
data__published_main__integrated__image_balanced_selected50__all_selected__none,integrated,data,published_main,image_balanced_selected50,all_selected,NA,18,iod_morphology_only,iod ~ even,0.05881443917603168,9.999999999999994e-8,TRUE
data__published_main__integrated__image_balanced_selected50__all_selected__none,integrated,data,published_main,image_balanced_selected50,all_selected,NA,18,iod_morphology_only,ns ~ iod + even,0.5919479523964084,1,TRUE
data__published_main__integrated__image_balanced_selected50__all_selected__none,integrated,data,published_main,image_balanced_selected50,all_selected,NA,18,iod_morphology_only,cs ~ ns + even,0.8906715545296985,9.999999999999994e-8,TRUE
data__published_main__integrated__image_balanced_selected50__all_selected__none,integrated,data,published_main,image_balanced_selected50,all_selected,NA,18,iod_morphology_only,cs ~ ns + iod,0.36560499760422016,9.999999999999994e-8,TRUE
data__published_main__integrated__image_balanced_selected50__all_selected__none,integrated,data,published_main,image_balanced_selected50,all_selected,NA,18,te_evenness_chain,iod ~ even + ltr,0.1361969347972223,9.999999999999994e-8,TRUE
data__published_main__integrated__image_balanced_selected50__all_selected__none,integrated,data,published_main,image_balanced_selected50,all_selected,NA,18,te_evenness_chain,ns ~ iod + ltr,0.845236563168016,1,TRUE
data__published_main__integrated__image_balanced_selected50__all_selected__none,integrated,data,published_main,image_balanced_selected50,all_selected,NA,18,te_evenness_chain,cs ~ ns + ltr,0.6825279162563116,9.999999999999994e-8,TRUE
data__published_main__integrated__image_balanced_selected50__all_selected__none,integrated,data,published_main,image_balanced_selected50,all_selected,NA,18,te_evenness_chain,ns ~ ltr + iod + even,0.5263781503864582,1,TRUE
data__published_main__integrated__image_balanced_selected50__all_selected__none,integrated,data,published_main,image_balanced_selected50,all_selected,NA,18,te_evenness_chain,cs ~ ltr + ns + even,0.703298149884505,9.999999999999994e-8,TRUE
data__published_main__integrated__image_balanced_selected50__all_selected__none,integrated,data,published_main,image_balanced_selected50,all_selected,NA,18,te_evenness_chain,cs ~ even + ns + iod,0.3580962455277641,9.999999999999994e-8,TRUE
data__published_main__integrated__image_balanced_selected50__all_selected__none,integrated,data,published_main,image_balanced_selected50,all_selected,NA,18,te_additive_chain,even ~ ltr,2.9273921061385574e-5,1,FALSE
data__published_main__integrated__image_balanced_selected50__all_selected__none,integrated,data,published_main,image_balanced_selected50,all_selected,NA,18,te_additive_chain,ns ~ iod + even,0.5919479523964084,1,TRUE
data__published_main__integrated__image_balanced_selected50__all_selected__none,integrated,data,published_main,image_balanced_selected50,all_selected,NA,18,te_additive_chain,cs ~ ns + even,0.8906715545296985,9.999999999999994e-8,TRUE
data__published_main__integrated__image_balanced_selected50__all_selected__none,integrated,data,published_main,image_balanced_selected50,all_selected,NA,18,te_additive_chain,ns ~ iod + ltr,0.845236563168016,1,TRUE
data__published_main__integrated__image_balanced_selected50__all_selected__none,integrated,data,published_main,image_balanced_selected50,all_selected,NA,18,te_additive_chain,cs ~ ns + ltr,0.6825279162563116,9.999999999999994e-8,TRUE
data__published_main__integrated__image_balanced_selected50__all_selected__none,integrated,data,published_main,image_balanced_selected50,all_selected,NA,18,te_additive_chain,cs ~ even + ltr + ns + iod,0.4230557176510148,9.999999999999994e-8,TRUE
data__published_main__integrated__image_balanced_selected50__all_selected__none,integrated,data,published_main,image_balanced_selected50,all_selected,NA,18,te_nucleus_bypass,even ~ ltr,2.9273921061385574e-5,1,FALSE
data__published_main__integrated__image_balanced_selected50__all_selected__none,integrated,data,published_main,image_balanced_selected50,all_selected,NA,18,te_nucleus_bypass,iod ~ even + ltr,0.1361969347972223,9.999999999999994e-8,TRUE
data__published_main__integrated__image_balanced_selected50__all_selected__none,integrated,data,published_main,image_balanced_selected50,all_selected,NA,18,te_nucleus_bypass,ns ~ even + iod + ltr,0.6807171525072195,1,TRUE
data__published_main__integrated__image_balanced_selected50__all_selected__none,integrated,data,published_main,image_balanced_selected50,all_selected,NA,18,te_nucleus_bypass,cs ~ ns + ltr,0.6825279162563116,9.999999999999994e-8,TRUE
data__published_main__integrated__image_balanced_selected50__all_selected__none,integrated,data,published_main,image_balanced_selected50,all_selected,NA,18,te_nucleus_bypass,cs ~ ns + even,0.8906715545296985,9.999999999999994e-8,TRUE
data__published_main__integrated__image_balanced_selected50__all_selected__none,integrated,data,published_main,image_balanced_selected50,all_selected,NA,18,te_nucleus_bypass,cs ~ even + ns + iod,0.3580962455277641,9.999999999999994e-8,TRUE
data__published_main__integrated__image_balanced_selected50__all_selected__none,integrated,data,published_main,image_balanced_selected50,all_selected,NA,18,te_cell_bypass,even ~ ltr,2.9273921061385574e-5,1,FALSE
data__published_main__integrated__image_balanced_selected50__all_selected__none,integrated,data,published_main,image_balanced_selected50,all_selected,NA,18,te_cell_bypass,iod ~ even + ltr,0.1361969347972223,9.999999999999994e-8,TRUE
data__published_main__integrated__image_balanced_selected50__all_selected__none,integrated,data,published_main,image_balanced_selected50,all_selected,NA,18,te_cell_bypass,ns ~ iod + ltr,0.845236563168016,1,TRUE
data__published_main__integrated__image_balanced_selected50__all_selected__none,integrated,data,published_main,image_balanced_selected50,all_selected,NA,18,te_cell_bypass,cs ~ even + ns + ltr,0.5945786963935009,9.999999999999994e-8,TRUE
data__published_main__integrated__image_balanced_selected50__all_selected__none,integrated,data,published_main,image_balanced_selected50,all_selected,NA,18,te_cell_bypass,ns ~ iod + even,0.5919479523964084,1,TRUE
data__published_main__integrated__image_balanced_selected50__all_selected__none,integrated,data,published_main,image_balanced_selected50,all_selected,NA,18,te_cell_bypass,cs ~ even + ns + iod,0.3580962455277641,9.999999999999994e-8,TRUE
data__published_main__iod_morphology__literal_largest100_eligible__all_selected__none,iod_morphology,data,published_main,literal_largest100_eligible,all_selected,NA,18,morphology_null,ns ~ iod,1.2873906711103055e-4,1,FALSE
data__published_main__iod_morphology__literal_largest100_eligible__all_selected__none,iod_morphology,data,published_main,literal_largest100_eligible,all_selected,NA,18,morphology_null,cs ~ ns,8.806605307508362e-4,9.999999999999994e-8,FALSE
data__published_main__iod_morphology__literal_largest100_eligible__all_selected__none,iod_morphology,data,published_main,literal_largest100_eligible,all_selected,NA,18,morphology_null,cs ~ iod,0.060742761500633596,9.999999999999994e-8,TRUE
data__published_main__iod_morphology__literal_largest100_eligible__all_selected__none,iod_morphology,data,published_main,literal_largest100_eligible,all_selected,NA,18,iod_to_nucleus,cs ~ iod,0.060742761500633596,9.999999999999994e-8,TRUE
data__published_main__iod_morphology__literal_largest100_eligible__all_selected__none,iod_morphology,data,published_main,literal_largest100_eligible,all_selected,NA,18,iod_to_nucleus,cs ~ iod + ns,0.00690274973990925,9.999999999999994e-8,FALSE
data__published_main__iod_morphology__literal_largest100_eligible__all_selected__none,iod_morphology,data,published_main,literal_largest100_eligible,all_selected,NA,18,iod_to_cell,ns ~ iod,1.2873906711103055e-4,1,FALSE
data__published_main__iod_morphology__literal_largest100_eligible__all_selected__none,iod_morphology,data,published_main,literal_largest100_eligible,all_selected,NA,18,iod_to_cell,cs ~ iod + ns,0.00690274973990925,9.999999999999994e-8,FALSE
data__published_main__iod_morphology__literal_largest100_eligible__all_selected__none,iod_morphology,data,published_main,literal_largest100_eligible,all_selected,NA,18,iod_nucleus_cell_chain,cs ~ ns + iod,0.6202339523558069,9.999999999999994e-8,TRUE
data__published_main__integrated__literal_largest100_eligible__all_selected__none,integrated,data,published_main,literal_largest100_eligible,all_selected,NA,18,integrated_null,ns ~ iod,1.2873906711103055e-4,1,FALSE
data__published_main__integrated__literal_largest100_eligible__all_selected__none,integrated,data,published_main,literal_largest100_eligible,all_selected,NA,18,integrated_null,cs ~ ns,8.806605307508362e-4,9.999999999999994e-8,FALSE
data__published_main__integrated__literal_largest100_eligible__all_selected__none,integrated,data,published_main,literal_largest100_eligible,all_selected,NA,18,integrated_null,ns ~ even,0.020366889030242558,9.999999999999994e-8,FALSE
data__published_main__integrated__literal_largest100_eligible__all_selected__none,integrated,data,published_main,literal_largest100_eligible,all_selected,NA,18,integrated_null,ns ~ ltr,0.025676878455903947,9.999999999999994e-8,FALSE
data__published_main__integrated__literal_largest100_eligible__all_selected__none,integrated,data,published_main,literal_largest100_eligible,all_selected,NA,18,integrated_null,cs ~ iod,0.060742761500633596,9.999999999999994e-8,TRUE
data__published_main__integrated__literal_largest100_eligible__all_selected__none,integrated,data,published_main,literal_largest100_eligible,all_selected,NA,18,integrated_null,iod ~ even,0.05881443917603168,9.999999999999994e-8,TRUE
data__published_main__integrated__literal_largest100_eligible__all_selected__none,integrated,data,published_main,literal_largest100_eligible,all_selected,NA,18,integrated_null,iod ~ ltr,0.018135377833494542,9.999999999999994e-8,FALSE
data__published_main__integrated__literal_largest100_eligible__all_selected__none,integrated,data,published_main,literal_largest100_eligible,all_selected,NA,18,integrated_null,cs ~ even,0.19058270888493756,9.999999999999994e-8,TRUE
data__published_main__integrated__literal_largest100_eligible__all_selected__none,integrated,data,published_main,literal_largest100_eligible,all_selected,NA,18,integrated_null,cs ~ ltr,0.12779951917671847,9.999999999999994e-8,TRUE
data__published_main__integrated__literal_largest100_eligible__all_selected__none,integrated,data,published_main,literal_largest100_eligible,all_selected,NA,18,integrated_null,even ~ ltr,2.9273921061385574e-5,1,FALSE
data__published_main__integrated__literal_largest100_eligible__all_selected__none,integrated,data,published_main,literal_largest100_eligible,all_selected,NA,18,iod_morphology_only,even ~ ltr,2.9273921061385574e-5,1,FALSE
data__published_main__integrated__literal_largest100_eligible__all_selected__none,integrated,data,published_main,literal_largest100_eligible,all_selected,NA,18,iod_morphology_only,iod ~ ltr,0.018135377833494542,9.999999999999994e-8,FALSE
data__published_main__integrated__literal_largest100_eligible__all_selected__none,integrated,data,published_main,literal_largest100_eligible,all_selected,NA,18,iod_morphology_only,ns ~ iod + ltr,0.4946685646260628,1,TRUE
data__published_main__integrated__literal_largest100_eligible__all_selected__none,integrated,data,published_main,literal_largest100_eligible,all_selected,NA,18,iod_morphology_only,cs ~ ns + ltr,0.9938502429859739,9.999999999999994e-8,TRUE
data__published_main__integrated__literal_largest100_eligible__all_selected__none,integrated,data,published_main,literal_largest100_eligible,all_selected,NA,18,iod_morphology_only,iod ~ even,0.05881443917603168,9.999999999999994e-8,TRUE
data__published_main__integrated__literal_largest100_eligible__all_selected__none,integrated,data,published_main,literal_largest100_eligible,all_selected,NA,18,iod_morphology_only,ns ~ iod + even,0.9473585586739273,1,TRUE
data__published_main__integrated__literal_largest100_eligible__all_selected__none,integrated,data,published_main,literal_largest100_eligible,all_selected,NA,18,iod_morphology_only,cs ~ ns + even,0.6832609136413575,9.999999999999994e-8,TRUE
data__published_main__integrated__literal_largest100_eligible__all_selected__none,integrated,data,published_main,literal_largest100_eligible,all_selected,NA,18,iod_morphology_only,cs ~ ns + iod,0.6202339523558069,9.999999999999994e-8,TRUE
data__published_main__integrated__literal_largest100_eligible__all_selected__none,integrated,data,published_main,literal_largest100_eligible,all_selected,NA,18,te_evenness_chain,iod ~ even + ltr,0.1361969347972223,9.999999999999994e-8,TRUE
data__published_main__integrated__literal_largest100_eligible__all_selected__none,integrated,data,published_main,literal_largest100_eligible,all_selected,NA,18,te_evenness_chain,ns ~ iod + ltr,0.4946685646260628,1,TRUE
data__published_main__integrated__literal_largest100_eligible__all_selected__none,integrated,data,published_main,literal_largest100_eligible,all_selected,NA,18,te_evenness_chain,cs ~ ns + ltr,0.9938502429859739,9.999999999999994e-8,TRUE
data__published_main__integrated__literal_largest100_eligible__all_selected__none,integrated,data,published_main,literal_largest100_eligible,all_selected,NA,18,te_evenness_chain,ns ~ ltr + iod + even,0.2786262612248701,1,TRUE
data__published_main__integrated__literal_largest100_eligible__all_selected__none,integrated,data,published_main,literal_largest100_eligible,all_selected,NA,18,te_evenness_chain,cs ~ ltr + ns + even,0.6499738396405355,9.999999999999994e-8,TRUE
data__published_main__integrated__literal_largest100_eligible__all_selected__none,integrated,data,published_main,literal_largest100_eligible,all_selected,NA,18,te_evenness_chain,cs ~ even + ns + iod,0.6600949612228235,9.999999999999994e-8,TRUE
data__published_main__integrated__literal_largest100_eligible__all_selected__none,integrated,data,published_main,literal_largest100_eligible,all_selected,NA,18,te_additive_chain,even ~ ltr,2.9273921061385574e-5,1,FALSE
data__published_main__integrated__literal_largest100_eligible__all_selected__none,integrated,data,published_main,literal_largest100_eligible,all_selected,NA,18,te_additive_chain,ns ~ iod + even,0.9473585586739273,1,TRUE
data__published_main__integrated__literal_largest100_eligible__all_selected__none,integrated,data,published_main,literal_largest100_eligible,all_selected,NA,18,te_additive_chain,cs ~ ns + even,0.6832609136413575,9.999999999999994e-8,TRUE
data__published_main__integrated__literal_largest100_eligible__all_selected__none,integrated,data,published_main,literal_largest100_eligible,all_selected,NA,18,te_additive_chain,ns ~ iod + ltr,0.4946685646260628,1,TRUE
data__published_main__integrated__literal_largest100_eligible__all_selected__none,integrated,data,published_main,literal_largest100_eligible,all_selected,NA,18,te_additive_chain,cs ~ ns + ltr,0.9938502429859739,9.999999999999994e-8,TRUE
data__published_main__integrated__literal_largest100_eligible__all_selected__none,integrated,data,published_main,literal_largest100_eligible,all_selected,NA,18,te_additive_chain,cs ~ even + ltr + ns + iod,0.613792496731091,9.999999999999994e-8,TRUE
data__published_main__integrated__literal_largest100_eligible__all_selected__none,integrated,data,published_main,literal_largest100_eligible,all_selected,NA,18,te_nucleus_bypass,even ~ ltr,2.9273921061385574e-5,1,FALSE
data__published_main__integrated__literal_largest100_eligible__all_selected__none,integrated,data,published_main,literal_largest100_eligible,all_selected,NA,18,te_nucleus_bypass,iod ~ even + ltr,0.1361969347972223,9.999999999999994e-8,TRUE
data__published_main__integrated__literal_largest100_eligible__all_selected__none,integrated,data,published_main,literal_largest100_eligible,all_selected,NA,18,te_nucleus_bypass,ns ~ even + iod + ltr,0.20531131666979222,1,TRUE
data__published_main__integrated__literal_largest100_eligible__all_selected__none,integrated,data,published_main,literal_largest100_eligible,all_selected,NA,18,te_nucleus_bypass,cs ~ ns + ltr,0.9938502429859739,9.999999999999994e-8,TRUE
data__published_main__integrated__literal_largest100_eligible__all_selected__none,integrated,data,published_main,literal_largest100_eligible,all_selected,NA,18,te_nucleus_bypass,cs ~ ns + even,0.6832609136413575,9.999999999999994e-8,TRUE
data__published_main__integrated__literal_largest100_eligible__all_selected__none,integrated,data,published_main,literal_largest100_eligible,all_selected,NA,18,te_nucleus_bypass,cs ~ even + ns + iod,0.6600949612228235,9.999999999999994e-8,TRUE
data__published_main__integrated__literal_largest100_eligible__all_selected__none,integrated,data,published_main,literal_largest100_eligible,all_selected,NA,18,te_cell_bypass,even ~ ltr,2.9273921061385574e-5,1,FALSE
data__published_main__integrated__literal_largest100_eligible__all_selected__none,integrated,data,published_main,literal_largest100_eligible,all_selected,NA,18,te_cell_bypass,iod ~ even + ltr,0.1361969347972223,9.999999999999994e-8,TRUE
data__published_main__integrated__literal_largest100_eligible__all_selected__none,integrated,data,published_main,literal_largest100_eligible,all_selected,NA,18,te_cell_bypass,ns ~ iod + ltr,0.4946685646260628,1,TRUE
data__published_main__integrated__literal_largest100_eligible__all_selected__none,integrated,data,published_main,literal_largest100_eligible,all_selected,NA,18,te_cell_bypass,cs ~ even + ns + ltr,0.8213779625760101,9.999999999999994e-8,TRUE
data__published_main__integrated__literal_largest100_eligible__all_selected__none,integrated,data,published_main,literal_largest100_eligible,all_selected,NA,18,te_cell_bypass,ns ~ iod + even,0.9473585586739273,1,TRUE
data__published_main__integrated__literal_largest100_eligible__all_selected__none,integrated,data,published_main,literal_largest100_eligible,all_selected,NA,18,te_cell_bypass,cs ~ even + ns + iod,0.6600949612228235,9.999999999999994e-8,TRUE
data__published_main__iod_morphology__literal_largest50_eligible__all_selected__none,iod_morphology,data,published_main,literal_largest50_eligible,all_selected,NA,18,morphology_null,ns ~ iod,5.440789120733261e-4,1,FALSE
data__published_main__iod_morphology__literal_largest50_eligible__all_selected__none,iod_morphology,data,published_main,literal_largest50_eligible,all_selected,NA,18,morphology_null,cs ~ ns,8.233925890946726e-4,9.999999999999994e-8,FALSE
data__published_main__iod_morphology__literal_largest50_eligible__all_selected__none,iod_morphology,data,published_main,literal_largest50_eligible,all_selected,NA,18,morphology_null,cs ~ iod,0.0733619246599607,9.999999999999994e-8,TRUE
data__published_main__iod_morphology__literal_largest50_eligible__all_selected__none,iod_morphology,data,published_main,literal_largest50_eligible,all_selected,NA,18,iod_to_nucleus,cs ~ iod,0.0733619246599607,9.999999999999994e-8,TRUE
data__published_main__iod_morphology__literal_largest50_eligible__all_selected__none,iod_morphology,data,published_main,literal_largest50_eligible,all_selected,NA,18,iod_to_nucleus,cs ~ iod + ns,0.005960648032061838,9.999999999999994e-8,FALSE
data__published_main__iod_morphology__literal_largest50_eligible__all_selected__none,iod_morphology,data,published_main,literal_largest50_eligible,all_selected,NA,18,iod_to_cell,ns ~ iod,5.440789120733261e-4,1,FALSE
data__published_main__iod_morphology__literal_largest50_eligible__all_selected__none,iod_morphology,data,published_main,literal_largest50_eligible,all_selected,NA,18,iod_to_cell,cs ~ iod + ns,0.005960648032061838,9.999999999999994e-8,FALSE
data__published_main__iod_morphology__literal_largest50_eligible__all_selected__none,iod_morphology,data,published_main,literal_largest50_eligible,all_selected,NA,18,iod_nucleus_cell_chain,cs ~ ns + iod,0.74930454589056,9.999999999999994e-8,TRUE
data__published_main__integrated__literal_largest50_eligible__all_selected__none,integrated,data,published_main,literal_largest50_eligible,all_selected,NA,18,integrated_null,ns ~ iod,5.440789120733261e-4,1,FALSE
data__published_main__integrated__literal_largest50_eligible__all_selected__none,integrated,data,published_main,literal_largest50_eligible,all_selected,NA,18,integrated_null,cs ~ ns,8.233925890946726e-4,9.999999999999994e-8,FALSE
data__published_main__integrated__literal_largest50_eligible__all_selected__none,integrated,data,published_main,literal_largest50_eligible,all_selected,NA,18,integrated_null,ns ~ even,0.02616301545357618,9.999999999999994e-8,FALSE
data__published_main__integrated__literal_largest50_eligible__all_selected__none,integrated,data,published_main,literal_largest50_eligible,all_selected,NA,18,integrated_null,ns ~ ltr,0.05275921792732689,9.999999999999994e-8,TRUE
data__published_main__integrated__literal_largest50_eligible__all_selected__none,integrated,data,published_main,literal_largest50_eligible,all_selected,NA,18,integrated_null,cs ~ iod,0.0733619246599607,9.999999999999994e-8,TRUE
data__published_main__integrated__literal_largest50_eligible__all_selected__none,integrated,data,published_main,literal_largest50_eligible,all_selected,NA,18,integrated_null,iod ~ even,0.05881443917603168,9.999999999999994e-8,TRUE
data__published_main__integrated__literal_largest50_eligible__all_selected__none,integrated,data,published_main,literal_largest50_eligible,all_selected,NA,18,integrated_null,iod ~ ltr,0.018135377833494542,9.999999999999994e-8,FALSE
data__published_main__integrated__literal_largest50_eligible__all_selected__none,integrated,data,published_main,literal_largest50_eligible,all_selected,NA,18,integrated_null,cs ~ even,0.22513179558432508,9.999999999999994e-8,TRUE
data__published_main__integrated__literal_largest50_eligible__all_selected__none,integrated,data,published_main,literal_largest50_eligible,all_selected,NA,18,integrated_null,cs ~ ltr,0.1531978668438469,9.999999999999994e-8,TRUE
data__published_main__integrated__literal_largest50_eligible__all_selected__none,integrated,data,published_main,literal_largest50_eligible,all_selected,NA,18,integrated_null,even ~ ltr,2.9273921061385574e-5,1,FALSE
data__published_main__integrated__literal_largest50_eligible__all_selected__none,integrated,data,published_main,literal_largest50_eligible,all_selected,NA,18,iod_morphology_only,even ~ ltr,2.9273921061385574e-5,1,FALSE
data__published_main__integrated__literal_largest50_eligible__all_selected__none,integrated,data,published_main,literal_largest50_eligible,all_selected,NA,18,iod_morphology_only,iod ~ ltr,0.018135377833494542,9.999999999999994e-8,FALSE
data__published_main__integrated__literal_largest50_eligible__all_selected__none,integrated,data,published_main,literal_largest50_eligible,all_selected,NA,18,iod_morphology_only,ns ~ iod + ltr,0.4182525207115745,1,TRUE
data__published_main__integrated__literal_largest50_eligible__all_selected__none,integrated,data,published_main,literal_largest50_eligible,all_selected,NA,18,iod_morphology_only,cs ~ ns + ltr,0.90660998083852,9.999999999999994e-8,TRUE
data__published_main__integrated__literal_largest50_eligible__all_selected__none,integrated,data,published_main,literal_largest50_eligible,all_selected,NA,18,iod_morphology_only,iod ~ even,0.05881443917603168,9.999999999999994e-8,TRUE
data__published_main__integrated__literal_largest50_eligible__all_selected__none,integrated,data,published_main,literal_largest50_eligible,all_selected,NA,18,iod_morphology_only,ns ~ iod + even,0.19289198779359942,9.999999999999994e-8,TRUE
data__published_main__integrated__literal_largest50_eligible__all_selected__none,integrated,data,published_main,literal_largest50_eligible,all_selected,NA,18,iod_morphology_only,cs ~ ns + even,0.6371122434809238,9.999999999999994e-8,TRUE
data__published_main__integrated__literal_largest50_eligible__all_selected__none,integrated,data,published_main,literal_largest50_eligible,all_selected,NA,18,iod_morphology_only,cs ~ ns + iod,0.74930454589056,9.999999999999994e-8,TRUE
data__published_main__integrated__literal_largest50_eligible__all_selected__none,integrated,data,published_main,literal_largest50_eligible,all_selected,NA,18,te_evenness_chain,iod ~ even + ltr,0.1361969347972223,9.999999999999994e-8,TRUE
data__published_main__integrated__literal_largest50_eligible__all_selected__none,integrated,data,published_main,literal_largest50_eligible,all_selected,NA,18,te_evenness_chain,ns ~ iod + ltr,0.4182525207115745,1,TRUE
data__published_main__integrated__literal_largest50_eligible__all_selected__none,integrated,data,published_main,literal_largest50_eligible,all_selected,NA,18,te_evenness_chain,cs ~ ns + ltr,0.90660998083852,9.999999999999994e-8,TRUE
data__published_main__integrated__literal_largest50_eligible__all_selected__none,integrated,data,published_main,literal_largest50_eligible,all_selected,NA,18,te_evenness_chain,ns ~ ltr + iod + even,0.2992652089999228,1,TRUE
data__published_main__integrated__literal_largest50_eligible__all_selected__none,integrated,data,published_main,literal_largest50_eligible,all_selected,NA,18,te_evenness_chain,cs ~ ltr + ns + even,0.5385077539222065,9.999999999999994e-8,TRUE
data__published_main__integrated__literal_largest50_eligible__all_selected__none,integrated,data,published_main,literal_largest50_eligible,all_selected,NA,18,te_evenness_chain,cs ~ even + ns + iod,0.8123221870322563,9.999999999999994e-8,TRUE
data__published_main__integrated__literal_largest50_eligible__all_selected__none,integrated,data,published_main,literal_largest50_eligible,all_selected,NA,18,te_additive_chain,even ~ ltr,2.9273921061385574e-5,1,FALSE
data__published_main__integrated__literal_largest50_eligible__all_selected__none,integrated,data,published_main,literal_largest50_eligible,all_selected,NA,18,te_additive_chain,ns ~ iod + even,0.19289198779359942,9.999999999999994e-8,TRUE
data__published_main__integrated__literal_largest50_eligible__all_selected__none,integrated,data,published_main,literal_largest50_eligible,all_selected,NA,18,te_additive_chain,cs ~ ns + even,0.6371122434809238,9.999999999999994e-8,TRUE
data__published_main__integrated__literal_largest50_eligible__all_selected__none,integrated,data,published_main,literal_largest50_eligible,all_selected,NA,18,te_additive_chain,ns ~ iod + ltr,0.4182525207115745,1,TRUE
data__published_main__integrated__literal_largest50_eligible__all_selected__none,integrated,data,published_main,literal_largest50_eligible,all_selected,NA,18,te_additive_chain,cs ~ ns + ltr,0.90660998083852,9.999999999999994e-8,TRUE
data__published_main__integrated__literal_largest50_eligible__all_selected__none,integrated,data,published_main,literal_largest50_eligible,all_selected,NA,18,te_additive_chain,cs ~ even + ltr + ns + iod,0.6964843970994778,9.999999999999994e-8,TRUE
data__published_main__integrated__literal_largest50_eligible__all_selected__none,integrated,data,published_main,literal_largest50_eligible,all_selected,NA,18,te_nucleus_bypass,even ~ ltr,2.9273921061385574e-5,1,FALSE
data__published_main__integrated__literal_largest50_eligible__all_selected__none,integrated,data,published_main,literal_largest50_eligible,all_selected,NA,18,te_nucleus_bypass,iod ~ even + ltr,0.1361969347972223,9.999999999999994e-8,TRUE
data__published_main__integrated__literal_largest50_eligible__all_selected__none,integrated,data,published_main,literal_largest50_eligible,all_selected,NA,18,te_nucleus_bypass,ns ~ even + iod + ltr,0.1943798353928713,1,TRUE
data__published_main__integrated__literal_largest50_eligible__all_selected__none,integrated,data,published_main,literal_largest50_eligible,all_selected,NA,18,te_nucleus_bypass,cs ~ ns + ltr,0.90660998083852,9.999999999999994e-8,TRUE
data__published_main__integrated__literal_largest50_eligible__all_selected__none,integrated,data,published_main,literal_largest50_eligible,all_selected,NA,18,te_nucleus_bypass,cs ~ ns + even,0.6371122434809238,9.999999999999994e-8,TRUE
data__published_main__integrated__literal_largest50_eligible__all_selected__none,integrated,data,published_main,literal_largest50_eligible,all_selected,NA,18,te_nucleus_bypass,cs ~ even + ns + iod,0.8123221870322563,9.999999999999994e-8,TRUE
data__published_main__integrated__literal_largest50_eligible__all_selected__none,integrated,data,published_main,literal_largest50_eligible,all_selected,NA,18,te_cell_bypass,even ~ ltr,2.9273921061385574e-5,1,FALSE
data__published_main__integrated__literal_largest50_eligible__all_selected__none,integrated,data,published_main,literal_largest50_eligible,all_selected,NA,18,te_cell_bypass,iod ~ even + ltr,0.1361969347972223,9.999999999999994e-8,TRUE
data__published_main__integrated__literal_largest50_eligible__all_selected__none,integrated,data,published_main,literal_largest50_eligible,all_selected,NA,18,te_cell_bypass,ns ~ iod + ltr,0.4182525207115745,1,TRUE
data__published_main__integrated__literal_largest50_eligible__all_selected__none,integrated,data,published_main,literal_largest50_eligible,all_selected,NA,18,te_cell_bypass,cs ~ even + ns + ltr,0.668041577930462,9.999999999999994e-8,TRUE
data__published_main__integrated__literal_largest50_eligible__all_selected__none,integrated,data,published_main,literal_largest50_eligible,all_selected,NA,18,te_cell_bypass,ns ~ iod + even,0.19289198779359942,9.999999999999994e-8,TRUE
data__published_main__integrated__literal_largest50_eligible__all_selected__none,integrated,data,published_main,literal_largest50_eligible,all_selected,NA,18,te_cell_bypass,cs ~ even + ns + iod,0.8123221870322563,9.999999999999994e-8,TRUE
data__published_main__iod_morphology__manual_keep_pool__all_selected__none,iod_morphology,data,published_main,manual_keep_pool,all_selected,NA,18,morphology_null,ns ~ iod,0.0022109801795896565,0.46072597233926615,FALSE
data__published_main__iod_morphology__manual_keep_pool__all_selected__none,iod_morphology,data,published_main,manual_keep_pool,all_selected,NA,18,morphology_null,cs ~ ns,0.010451912683696706,9.999999999999994e-8,FALSE
data__published_main__iod_morphology__manual_keep_pool__all_selected__none,iod_morphology,data,published_main,manual_keep_pool,all_selected,NA,18,morphology_null,cs ~ iod,0.3575089914263575,9.999999999999994e-8,TRUE
data__published_main__iod_morphology__manual_keep_pool__all_selected__none,iod_morphology,data,published_main,manual_keep_pool,all_selected,NA,18,iod_to_nucleus,cs ~ iod,0.3575089914263575,9.999999999999994e-8,TRUE
data__published_main__iod_morphology__manual_keep_pool__all_selected__none,iod_morphology,data,published_main,manual_keep_pool,all_selected,NA,18,iod_to_nucleus,cs ~ iod + ns,0.009751685466197174,9.999999999999994e-8,FALSE
data__published_main__iod_morphology__manual_keep_pool__all_selected__none,iod_morphology,data,published_main,manual_keep_pool,all_selected,NA,18,iod_to_cell,ns ~ iod,0.0022109801795896565,0.46072597233926615,FALSE
data__published_main__iod_morphology__manual_keep_pool__all_selected__none,iod_morphology,data,published_main,manual_keep_pool,all_selected,NA,18,iod_to_cell,cs ~ iod + ns,0.009751685466197174,9.999999999999994e-8,FALSE
data__published_main__iod_morphology__manual_keep_pool__all_selected__none,iod_morphology,data,published_main,manual_keep_pool,all_selected,NA,18,iod_nucleus_cell_chain,cs ~ ns + iod,0.24765479629236284,9.999999999999994e-8,TRUE
data__published_main__integrated__manual_keep_pool__all_selected__none,integrated,data,published_main,manual_keep_pool,all_selected,NA,18,integrated_null,ns ~ iod,0.0022109801795896565,0.46072597233926615,FALSE
data__published_main__integrated__manual_keep_pool__all_selected__none,integrated,data,published_main,manual_keep_pool,all_selected,NA,18,integrated_null,cs ~ ns,0.010451912683696706,9.999999999999994e-8,FALSE
data__published_main__integrated__manual_keep_pool__all_selected__none,integrated,data,published_main,manual_keep_pool,all_selected,NA,18,integrated_null,ns ~ even,0.09431555287872277,1.815071442423642e-7,TRUE
data__published_main__integrated__manual_keep_pool__all_selected__none,integrated,data,published_main,manual_keep_pool,all_selected,NA,18,integrated_null,ns ~ ltr,0.021676701952825204,9.999999999999994e-8,FALSE
data__published_main__integrated__manual_keep_pool__all_selected__none,integrated,data,published_main,manual_keep_pool,all_selected,NA,18,integrated_null,cs ~ iod,0.3575089914263575,9.999999999999994e-8,TRUE
data__published_main__integrated__manual_keep_pool__all_selected__none,integrated,data,published_main,manual_keep_pool,all_selected,NA,18,integrated_null,iod ~ even,0.05881443917603168,9.999999999999994e-8,TRUE
data__published_main__integrated__manual_keep_pool__all_selected__none,integrated,data,published_main,manual_keep_pool,all_selected,NA,18,integrated_null,iod ~ ltr,0.018135377833494542,9.999999999999994e-8,FALSE
data__published_main__integrated__manual_keep_pool__all_selected__none,integrated,data,published_main,manual_keep_pool,all_selected,NA,18,integrated_null,cs ~ even,0.44006432768162596,9.999999999999994e-8,TRUE
data__published_main__integrated__manual_keep_pool__all_selected__none,integrated,data,published_main,manual_keep_pool,all_selected,NA,18,integrated_null,cs ~ ltr,0.0663877308074587,9.999999999999994e-8,TRUE
data__published_main__integrated__manual_keep_pool__all_selected__none,integrated,data,published_main,manual_keep_pool,all_selected,NA,18,integrated_null,even ~ ltr,2.9273921061385574e-5,1,FALSE
data__published_main__integrated__manual_keep_pool__all_selected__none,integrated,data,published_main,manual_keep_pool,all_selected,NA,18,iod_morphology_only,even ~ ltr,2.9273921061385574e-5,1,FALSE
data__published_main__integrated__manual_keep_pool__all_selected__none,integrated,data,published_main,manual_keep_pool,all_selected,NA,18,iod_morphology_only,iod ~ ltr,0.018135377833494542,9.999999999999994e-8,FALSE
data__published_main__integrated__manual_keep_pool__all_selected__none,integrated,data,published_main,manual_keep_pool,all_selected,NA,18,iod_morphology_only,ns ~ iod + ltr,0.31216523495885456,9.999999999999994e-8,TRUE
data__published_main__integrated__manual_keep_pool__all_selected__none,integrated,data,published_main,manual_keep_pool,all_selected,NA,18,iod_morphology_only,cs ~ ns + ltr,0.4753847363863054,9.999999999999994e-8,TRUE
data__published_main__integrated__manual_keep_pool__all_selected__none,integrated,data,published_main,manual_keep_pool,all_selected,NA,18,iod_morphology_only,iod ~ even,0.05881443917603168,9.999999999999994e-8,TRUE
data__published_main__integrated__manual_keep_pool__all_selected__none,integrated,data,published_main,manual_keep_pool,all_selected,NA,18,iod_morphology_only,ns ~ iod + even,0.5779615370515113,9.999999999999994e-8,TRUE
data__published_main__integrated__manual_keep_pool__all_selected__none,integrated,data,published_main,manual_keep_pool,all_selected,NA,18,iod_morphology_only,cs ~ ns + even,0.8195381874713535,9.999999999999994e-8,TRUE
data__published_main__integrated__manual_keep_pool__all_selected__none,integrated,data,published_main,manual_keep_pool,all_selected,NA,18,iod_morphology_only,cs ~ ns + iod,0.24765479629236284,9.999999999999994e-8,TRUE
data__published_main__integrated__manual_keep_pool__all_selected__none,integrated,data,published_main,manual_keep_pool,all_selected,NA,18,te_evenness_chain,iod ~ even + ltr,0.1361969347972223,9.999999999999994e-8,TRUE
data__published_main__integrated__manual_keep_pool__all_selected__none,integrated,data,published_main,manual_keep_pool,all_selected,NA,18,te_evenness_chain,ns ~ iod + ltr,0.31216523495885456,9.999999999999994e-8,TRUE
data__published_main__integrated__manual_keep_pool__all_selected__none,integrated,data,published_main,manual_keep_pool,all_selected,NA,18,te_evenness_chain,cs ~ ns + ltr,0.4753847363863054,9.999999999999994e-8,TRUE
data__published_main__integrated__manual_keep_pool__all_selected__none,integrated,data,published_main,manual_keep_pool,all_selected,NA,18,te_evenness_chain,ns ~ ltr + iod + even,0.9808993873556728,9.999999999999994e-8,TRUE
data__published_main__integrated__manual_keep_pool__all_selected__none,integrated,data,published_main,manual_keep_pool,all_selected,NA,18,te_evenness_chain,cs ~ ltr + ns + even,0.455720536780563,9.999999999999994e-8,TRUE
data__published_main__integrated__manual_keep_pool__all_selected__none,integrated,data,published_main,manual_keep_pool,all_selected,NA,18,te_evenness_chain,cs ~ even + ns + iod,0.2731185105556274,9.999999999999994e-8,TRUE
data__published_main__integrated__manual_keep_pool__all_selected__none,integrated,data,published_main,manual_keep_pool,all_selected,NA,18,te_additive_chain,even ~ ltr,2.9273921061385574e-5,1,FALSE
data__published_main__integrated__manual_keep_pool__all_selected__none,integrated,data,published_main,manual_keep_pool,all_selected,NA,18,te_additive_chain,ns ~ iod + even,0.5779615370515113,9.999999999999994e-8,TRUE
data__published_main__integrated__manual_keep_pool__all_selected__none,integrated,data,published_main,manual_keep_pool,all_selected,NA,18,te_additive_chain,cs ~ ns + even,0.8195381874713535,9.999999999999994e-8,TRUE
data__published_main__integrated__manual_keep_pool__all_selected__none,integrated,data,published_main,manual_keep_pool,all_selected,NA,18,te_additive_chain,ns ~ iod + ltr,0.31216523495885456,9.999999999999994e-8,TRUE
data__published_main__integrated__manual_keep_pool__all_selected__none,integrated,data,published_main,manual_keep_pool,all_selected,NA,18,te_additive_chain,cs ~ ns + ltr,0.4753847363863054,9.999999999999994e-8,TRUE
data__published_main__integrated__manual_keep_pool__all_selected__none,integrated,data,published_main,manual_keep_pool,all_selected,NA,18,te_additive_chain,cs ~ even + ltr + ns + iod,0.18844478497960176,9.999999999999994e-8,TRUE
data__published_main__integrated__manual_keep_pool__all_selected__none,integrated,data,published_main,manual_keep_pool,all_selected,NA,18,te_nucleus_bypass,even ~ ltr,2.9273921061385574e-5,1,FALSE
data__published_main__integrated__manual_keep_pool__all_selected__none,integrated,data,published_main,manual_keep_pool,all_selected,NA,18,te_nucleus_bypass,iod ~ even + ltr,0.1361969347972223,9.999999999999994e-8,TRUE
data__published_main__integrated__manual_keep_pool__all_selected__none,integrated,data,published_main,manual_keep_pool,all_selected,NA,18,te_nucleus_bypass,ns ~ even + iod + ltr,0.41535860834724503,9.999999999999994e-8,TRUE
data__published_main__integrated__manual_keep_pool__all_selected__none,integrated,data,published_main,manual_keep_pool,all_selected,NA,18,te_nucleus_bypass,cs ~ ns + ltr,0.4753847363863054,9.999999999999994e-8,TRUE
data__published_main__integrated__manual_keep_pool__all_selected__none,integrated,data,published_main,manual_keep_pool,all_selected,NA,18,te_nucleus_bypass,cs ~ ns + even,0.8195381874713535,9.999999999999994e-8,TRUE
data__published_main__integrated__manual_keep_pool__all_selected__none,integrated,data,published_main,manual_keep_pool,all_selected,NA,18,te_nucleus_bypass,cs ~ even + ns + iod,0.2731185105556274,9.999999999999994e-8,TRUE
data__published_main__integrated__manual_keep_pool__all_selected__none,integrated,data,published_main,manual_keep_pool,all_selected,NA,18,te_cell_bypass,even ~ ltr,2.9273921061385574e-5,1,FALSE
data__published_main__integrated__manual_keep_pool__all_selected__none,integrated,data,published_main,manual_keep_pool,all_selected,NA,18,te_cell_bypass,iod ~ even + ltr,0.1361969347972223,9.999999999999994e-8,TRUE
data__published_main__integrated__manual_keep_pool__all_selected__none,integrated,data,published_main,manual_keep_pool,all_selected,NA,18,te_cell_bypass,ns ~ iod + ltr,0.31216523495885456,9.999999999999994e-8,TRUE
data__published_main__integrated__manual_keep_pool__all_selected__none,integrated,data,published_main,manual_keep_pool,all_selected,NA,18,te_cell_bypass,cs ~ even + ns + ltr,0.32161526303088395,9.999999999999994e-8,TRUE
data__published_main__integrated__manual_keep_pool__all_selected__none,integrated,data,published_main,manual_keep_pool,all_selected,NA,18,te_cell_bypass,ns ~ iod + even,0.5779615370515113,9.999999999999994e-8,TRUE
data__published_main__integrated__manual_keep_pool__all_selected__none,integrated,data,published_main,manual_keep_pool,all_selected,NA,18,te_cell_bypass,cs ~ even + ns + iod,0.2731185105556274,9.999999999999994e-8,TRUE
data__published_main__te_iod__image_balanced_selected50__high_qc__none,te_iod,data,published_main,image_balanced_selected50,high_qc,NA,18,proxy_null,iod ~ ltr,0.018922710400902685,9.999999999999994e-8,FALSE
data__published_main__te_iod__image_balanced_selected50__high_qc__none,te_iod,data,published_main,image_balanced_selected50,high_qc,NA,18,proxy_null,iod ~ even,0.05617295791622785,9.999999999999994e-8,TRUE
data__published_main__te_iod__image_balanced_selected50__high_qc__none,te_iod,data,published_main,image_balanced_selected50,high_qc,NA,18,proxy_null,even ~ ltr,2.9273921061385574e-5,1,FALSE
data__published_main__te_iod__image_balanced_selected50__high_qc__none,te_iod,data,published_main,image_balanced_selected50,high_qc,NA,18,ltr_only,even ~ ltr,2.9273921061385574e-5,1,FALSE
data__published_main__te_iod__image_balanced_selected50__high_qc__none,te_iod,data,published_main,image_balanced_selected50,high_qc,NA,18,ltr_only,iod ~ ltr + even,0.5355834967437849,9.999999999999994e-8,TRUE
data__published_main__te_iod__image_balanced_selected50__high_qc__none,te_iod,data,published_main,image_balanced_selected50,high_qc,NA,18,evenness_only,even ~ ltr,2.9273921061385574e-5,1,FALSE
data__published_main__te_iod__image_balanced_selected50__high_qc__none,te_iod,data,published_main,image_balanced_selected50,high_qc,NA,18,evenness_only,iod ~ even + ltr,0.14504099256394254,9.999999999999994e-8,TRUE
data__published_main__te_iod__image_balanced_selected50__high_qc__none,te_iod,data,published_main,image_balanced_selected50,high_qc,NA,18,additive_composition,even ~ ltr,2.9273921061385574e-5,1,FALSE
data__published_main__te_iod__image_balanced_selected50__high_qc__none,te_iod,data,published_main,image_balanced_selected50,high_qc,NA,18,mediated_evenness,iod ~ even + ltr,0.14504099256394254,9.999999999999994e-8,TRUE
data__published_main__terminal_internal_iod__image_balanced_selected50__high_qc__none,terminal_internal_iod,data,published_main,image_balanced_selected50,high_qc,NA,16,proxy_null,iod ~ ti,0.48351886927498133,9.999999999999994e-8,TRUE
data__published_main__terminal_internal_iod__image_balanced_selected50__high_qc__none,terminal_internal_iod,data,published_main,image_balanced_selected50,high_qc,NA,16,proxy_null,iod ~ ltr,0.10718562913838892,9.999999999999994e-8,TRUE
data__published_main__terminal_internal_iod__image_balanced_selected50__high_qc__none,terminal_internal_iod,data,published_main,image_balanced_selected50,high_qc,NA,16,proxy_null,iod ~ even,0.44846790546940585,9.999999999999994e-8,TRUE
data__published_main__terminal_internal_iod__image_balanced_selected50__high_qc__none,terminal_internal_iod,data,published_main,image_balanced_selected50,high_qc,NA,16,proxy_null,ti ~ ltr,0.4232669013972783,9.999999999999994e-8,TRUE
data__published_main__terminal_internal_iod__image_balanced_selected50__high_qc__none,terminal_internal_iod,data,published_main,image_balanced_selected50,high_qc,NA,16,proxy_null,ti ~ even,0.3315584488519414,9.999999999999994e-8,TRUE
data__published_main__terminal_internal_iod__image_balanced_selected50__high_qc__none,terminal_internal_iod,data,published_main,image_balanced_selected50,high_qc,NA,16,proxy_null,ltr ~ even,4.3644707532167665e-4,1,FALSE
data__published_main__terminal_internal_iod__image_balanced_selected50__high_qc__none,terminal_internal_iod,data,published_main,image_balanced_selected50,high_qc,NA,16,terminal_internal_only,ltr ~ even,4.3644707532167665e-4,1,FALSE
data__published_main__terminal_internal_iod__image_balanced_selected50__high_qc__none,terminal_internal_iod,data,published_main,image_balanced_selected50,high_qc,NA,16,terminal_internal_only,ti ~ even,0.3315584488519414,9.999999999999994e-8,TRUE
data__published_main__terminal_internal_iod__image_balanced_selected50__high_qc__none,terminal_internal_iod,data,published_main,image_balanced_selected50,high_qc,NA,16,terminal_internal_only,iod ~ ti + even,0.5605456705417124,9.999999999999994e-8,TRUE
data__published_main__terminal_internal_iod__image_balanced_selected50__high_qc__none,terminal_internal_iod,data,published_main,image_balanced_selected50,high_qc,NA,16,terminal_internal_only,ti ~ ltr,0.4232669013972783,9.999999999999994e-8,TRUE
data__published_main__terminal_internal_iod__image_balanced_selected50__high_qc__none,terminal_internal_iod,data,published_main,image_balanced_selected50,high_qc,NA,16,terminal_internal_only,iod ~ ti + ltr,0.14682155904646488,9.999999999999994e-8,TRUE
data__published_main__terminal_internal_iod__image_balanced_selected50__high_qc__none,terminal_internal_iod,data,published_main,image_balanced_selected50,high_qc,NA,16,ltr_terminal_internal_chain,ltr ~ even,4.3644707532167665e-4,1,FALSE
data__published_main__terminal_internal_iod__image_balanced_selected50__high_qc__none,terminal_internal_iod,data,published_main,image_balanced_selected50,high_qc,NA,16,ltr_terminal_internal_chain,ti ~ ltr + even,0.53532804036305,9.999999999999994e-8,TRUE
data__published_main__terminal_internal_iod__image_balanced_selected50__high_qc__none,terminal_internal_iod,data,published_main,image_balanced_selected50,high_qc,NA,16,ltr_terminal_internal_chain,iod ~ ti + even,0.5605456705417124,9.999999999999994e-8,TRUE
data__published_main__terminal_internal_iod__image_balanced_selected50__high_qc__none,terminal_internal_iod,data,published_main,image_balanced_selected50,high_qc,NA,16,ltr_terminal_internal_chain,iod ~ ti + ltr,0.14682155904646488,9.999999999999994e-8,TRUE
data__published_main__terminal_internal_iod__image_balanced_selected50__high_qc__none,terminal_internal_iod,data,published_main,image_balanced_selected50,high_qc,NA,16,terminal_internal_evenness_additive,ltr ~ even,4.3644707532167665e-4,1,FALSE
data__published_main__terminal_internal_iod__image_balanced_selected50__high_qc__none,terminal_internal_iod,data,published_main,image_balanced_selected50,high_qc,NA,16,terminal_internal_evenness_additive,ti ~ ltr,0.4232669013972783,9.999999999999994e-8,TRUE
data__published_main__terminal_internal_iod__image_balanced_selected50__high_qc__none,terminal_internal_iod,data,published_main,image_balanced_selected50,high_qc,NA,16,terminal_internal_evenness_additive,iod ~ even + ti + ltr,0.19829266674639878,9.999999999999994e-8,TRUE
data__published_main__terminal_internal_iod__image_balanced_selected50__high_qc__none,terminal_internal_iod,data,published_main,image_balanced_selected50,high_qc,NA,16,terminal_internal_evenness_additive,ti ~ even,0.3315584488519414,9.999999999999994e-8,TRUE
data__published_main__terminal_internal_iod__image_balanced_selected50__high_qc__none,terminal_internal_iod,data,published_main,image_balanced_selected50,high_qc,NA,16,te_terminal_internal_state,ltr ~ even,4.3644707532167665e-4,1,FALSE
data__published_main__terminal_internal_iod__image_balanced_selected50__high_qc__none,terminal_internal_iod,data,published_main,image_balanced_selected50,high_qc,NA,16,te_terminal_internal_state,iod ~ ti + even,0.5605456705417124,9.999999999999994e-8,TRUE
data__published_main__terminal_internal_iod__image_balanced_selected50__high_qc__none,terminal_internal_iod,data,published_main,image_balanced_selected50,high_qc,NA,16,te_terminal_internal_state,iod ~ ti + ltr,0.14682155904646488,9.999999999999994e-8,TRUE
data__published_main__iod_morphology__composite_selected50__high_qc__none,iod_morphology,data,published_main,composite_selected50,high_qc,NA,18,morphology_null,ns ~ iod,7.396517341133098e-4,0.893290566151099,FALSE
data__published_main__iod_morphology__composite_selected50__high_qc__none,iod_morphology,data,published_main,composite_selected50,high_qc,NA,18,morphology_null,cs ~ ns,0.007362344105153009,9.999999999999994e-8,FALSE
data__published_main__iod_morphology__composite_selected50__high_qc__none,iod_morphology,data,published_main,composite_selected50,high_qc,NA,18,morphology_null,cs ~ iod,0.05147749306710611,9.999999999999994e-8,TRUE
data__published_main__iod_morphology__composite_selected50__high_qc__none,iod_morphology,data,published_main,composite_selected50,high_qc,NA,18,iod_to_nucleus,cs ~ iod,0.05147749306710611,9.999999999999994e-8,TRUE
data__published_main__iod_morphology__composite_selected50__high_qc__none,iod_morphology,data,published_main,composite_selected50,high_qc,NA,18,iod_to_nucleus,cs ~ iod + ns,0.07396694545591419,9.999999999999994e-8,TRUE
data__published_main__iod_morphology__composite_selected50__high_qc__none,iod_morphology,data,published_main,composite_selected50,high_qc,NA,18,iod_to_cell,ns ~ iod,7.396517341133098e-4,0.893290566151099,FALSE
data__published_main__iod_morphology__composite_selected50__high_qc__none,iod_morphology,data,published_main,composite_selected50,high_qc,NA,18,iod_to_cell,cs ~ iod + ns,0.07396694545591419,9.999999999999994e-8,TRUE
data__published_main__iod_morphology__composite_selected50__high_qc__none,iod_morphology,data,published_main,composite_selected50,high_qc,NA,18,iod_nucleus_cell_chain,cs ~ ns + iod,0.8732709105188948,9.999999999999994e-8,TRUE
data__published_main__integrated__composite_selected50__high_qc__none,integrated,data,published_main,composite_selected50,high_qc,NA,18,integrated_null,ns ~ iod,7.396517341133098e-4,0.893290566151099,FALSE
data__published_main__integrated__composite_selected50__high_qc__none,integrated,data,published_main,composite_selected50,high_qc,NA,18,integrated_null,cs ~ ns,0.007362344105153009,9.999999999999994e-8,FALSE
data__published_main__integrated__composite_selected50__high_qc__none,integrated,data,published_main,composite_selected50,high_qc,NA,18,integrated_null,ns ~ even,0.023202360873694473,9.999999999999994e-8,FALSE
data__published_main__integrated__composite_selected50__high_qc__none,integrated,data,published_main,composite_selected50,high_qc,NA,18,integrated_null,ns ~ ltr,0.015049987027794713,9.999999999999994e-8,FALSE
data__published_main__integrated__composite_selected50__high_qc__none,integrated,data,published_main,composite_selected50,high_qc,NA,18,integrated_null,cs ~ iod,0.05147749306710611,9.999999999999994e-8,TRUE
data__published_main__integrated__composite_selected50__high_qc__none,integrated,data,published_main,composite_selected50,high_qc,NA,18,integrated_null,iod ~ even,0.05617295791622785,9.999999999999994e-8,TRUE
data__published_main__integrated__composite_selected50__high_qc__none,integrated,data,published_main,composite_selected50,high_qc,NA,18,integrated_null,iod ~ ltr,0.018922710400902685,9.999999999999994e-8,FALSE
data__published_main__integrated__composite_selected50__high_qc__none,integrated,data,published_main,composite_selected50,high_qc,NA,18,integrated_null,cs ~ even,0.200457086121082,9.999999999999994e-8,TRUE
data__published_main__integrated__composite_selected50__high_qc__none,integrated,data,published_main,composite_selected50,high_qc,NA,18,integrated_null,cs ~ ltr,0.09177247463443403,9.999999999999994e-8,TRUE
data__published_main__integrated__composite_selected50__high_qc__none,integrated,data,published_main,composite_selected50,high_qc,NA,18,integrated_null,even ~ ltr,2.9273921061385574e-5,1,FALSE
data__published_main__integrated__composite_selected50__high_qc__none,integrated,data,published_main,composite_selected50,high_qc,NA,18,iod_morphology_only,even ~ ltr,2.9273921061385574e-5,1,FALSE
data__published_main__integrated__composite_selected50__high_qc__none,integrated,data,published_main,composite_selected50,high_qc,NA,18,iod_morphology_only,iod ~ ltr,0.018922710400902685,9.999999999999994e-8,FALSE
data__published_main__integrated__composite_selected50__high_qc__none,integrated,data,published_main,composite_selected50,high_qc,NA,18,iod_morphology_only,ns ~ iod + ltr,0.98415501911955094,0.8908685624434277,TRUE
data__published_main__integrated__composite_selected50__high_qc__none,integrated,data,published_main,composite_selected50,high_qc,NA,18,iod_morphology_only,cs ~ ns + ltr,0.6976096492594579,9.999999999999994e-8,TRUE
data__published_main__integrated__composite_selected50__high_qc__none,integrated,data,published_main,composite_selected50,high_qc,NA,18,iod_morphology_only,iod ~ even,0.05617295791622785,9.999999999999994e-8,TRUE
data__published_main__integrated__composite_selected50__high_qc__none,integrated,data,published_main,composite_selected50,high_qc,NA,18,iod_morphology_only,ns ~ iod + even,0.5186739096352356,0.7655392688895664,TRUE
data__published_main__integrated__composite_selected50__high_qc__none,integrated,data,published_main,composite_selected50,high_qc,NA,18,iod_morphology_only,cs ~ ns + even,0.9692398034848458,9.999999999999994e-8,TRUE
data__published_main__integrated__composite_selected50__high_qc__none,integrated,data,published_main,composite_selected50,high_qc,NA,18,iod_morphology_only,cs ~ ns + iod,0.8732709105188948,9.999999999999994e-8,TRUE
data__published_main__integrated__composite_selected50__high_qc__none,integrated,data,published_main,composite_selected50,high_qc,NA,18,te_evenness_chain,iod ~ even + ltr,0.14504099256394254,9.999999999999994e-8,TRUE
data__published_main__integrated__composite_selected50__high_qc__none,integrated,data,published_main,composite_selected50,high_qc,NA,18,te_evenness_chain,ns ~ iod + ltr,0.98415501911955094,0.8908685624434277,TRUE
data__published_main__integrated__composite_selected50__high_qc__none,integrated,data,published_main,composite_selected50,high_qc,NA,18,te_evenness_chain,cs ~ ns + ltr,0.6976096492594579,9.999999999999994e-8,TRUE
data__published_main__integrated__composite_selected50__high_qc__none,integrated,data,published_main,composite_selected50,high_qc,NA,18,te_evenness_chain,ns ~ ltr + iod + even,0.5143253116473008,0.8537920313273633,TRUE
data__published_main__integrated__composite_selected50__high_qc__none,integrated,data,published_main,composite_selected50,high_qc,NA,18,te_evenness_chain,cs ~ ltr + ns + even,0.7945927621892599,9.999999999999994e-8,TRUE
data__published_main__integrated__composite_selected50__high_qc__none,integrated,data,published_main,composite_selected50,high_qc,NA,18,te_evenness_chain,cs ~ even + ns + iod,0.8731507620740742,9.999999999999994e-8,TRUE
data__published_main__integrated__composite_selected50__high_qc__none,integrated,data,published_main,composite_selected50,high_qc,NA,18,te_additive_chain,even ~ ltr,2.9273921061385574e-5,1,FALSE
data__published_main__integrated__composite_selected50__high_qc__none,integrated,data,published_main,composite_selected50,high_qc,NA,18,te_additive_chain,ns ~ iod + even,0.5186739096352356,0.7655392688895664,TRUE
data__published_main__integrated__composite_selected50__high_qc__none,integrated,data,published_main,composite_selected50,high_qc,NA,18,te_additive_chain,cs ~ ns + even,0.9692398034848458,9.999999999999994e-8,TRUE
data__published_main__integrated__composite_selected50__high_qc__none,integrated,data,published_main,composite_selected50,high_qc,NA,18,te_additive_chain,ns ~ iod + ltr,0.98415501911955094,0.8908685624434277,TRUE
data__published_main__integrated__composite_selected50__high_qc__none,integrated,data,published_main,composite_selected50,high_qc,NA,18,te_additive_chain,cs ~ ns + ltr,0.6976096492594579,9.999999999999994e-8,TRUE
data__published_main__integrated__composite_selected50__high_qc__none,integrated,data,published_main,composite_selected50,high_qc,NA,18,te_additive_chain,cs ~ even + ltr + ns + iod,0.9491677590474762,9.999999999999994e-8,TRUE
data__published_main__integrated__composite_selected50__high_qc__none,integrated,data,published_main,composite_selected50,high_qc,NA,18,te_nucleus_bypass,even ~ ltr,2.9273921061385574e-5,1,FALSE
data__published_main__integrated__composite_selected50__high_qc__none,integrated,data,published_main,composite_selected50,high_qc,NA,18,te_nucleus_bypass,iod ~ even + ltr,0.14504099256394254,9.999999999999994e-8,TRUE
data__published_main__integrated__composite_selected50__high_qc__none,integrated,data,published_main,composite_selected50,high_qc,NA,18,te_nucleus_bypass,ns ~ even + iod + ltr,0.6493684514604243,0.8537920313260587,TRUE
data__published_main__integrated__composite_selected50__high_qc__none,integrated,data,published_main,composite_selected50,high_qc,NA,18,te_nucleus_bypass,cs ~ ns + ltr,0.6976096492594579,9.999999999999994e-8,TRUE
data__published_main__integrated__composite_selected50__high_qc__none,integrated,data,published_main,composite_selected50,high_qc,NA,18,te_nucleus_bypass,cs ~ ns + even,0.9692398034848458,9.999999999999994e-8,TRUE
data__published_main__integrated__composite_selected50__high_qc__none,integrated,data,published_main,composite_selected50,high_qc,NA,18,te_nucleus_bypass,cs ~ even + ns + iod,0.8731507620740742,9.999999999999994e-8,TRUE
data__published_main__integrated__composite_selected50__high_qc__none,integrated,data,published_main,composite_selected50,high_qc,NA,18,te_cell_bypass,even ~ ltr,2.9273921061385574e-5,1,FALSE
data__published_main__integrated__composite_selected50__high_qc__none,integrated,data,published_main,composite_selected50,high_qc,NA,18,te_cell_bypass,iod ~ even + ltr,0.14504099256394254,9.999999999999994e-8,TRUE
data__published_main__integrated__composite_selected50__high_qc__none,integrated,data,published_main,composite_selected50,high_qc,NA,18,te_cell_bypass,ns ~ iod + ltr,0.98415501911955094,0.8908685624434277,TRUE
data__published_main__integrated__composite_selected50__high_qc__none,integrated,data,published_main,composite_selected50,high_qc,NA,18,te_cell_bypass,cs ~ even + ns + ltr,0.6491493641224444,9.999999999999994e-8,TRUE
data__published_main__integrated__composite_selected50__high_qc__none,integrated,data,published_main,composite_selected50,high_qc,NA,18,te_cell_bypass,ns ~ iod + even,0.5186739096352356,0.7655392688895664,TRUE
data__published_main__integrated__composite_selected50__high_qc__none,integrated,data,published_main,composite_selected50,high_qc,NA,18,te_cell_bypass,cs ~ even + ns + iod,0.8731507620740742,9.999999999999994e-8,TRUE
data__published_main__iod_morphology__eligible_candidate_pool__high_qc__none,iod_morphology,data,published_main,eligible_candidate_pool,high_qc,NA,18,morphology_null,ns ~ iod,7.390112078164073e-4,0.7388182864860828,FALSE
data__published_main__iod_morphology__eligible_candidate_pool__high_qc__none,iod_morphology,data,published_main,eligible_candidate_pool,high_qc,NA,18,morphology_null,cs ~ ns,0.05976721598532237,9.999999999999994e-8,TRUE
data__published_main__iod_morphology__eligible_candidate_pool__high_qc__none,iod_morphology,data,published_main,eligible_candidate_pool,high_qc,NA,18,morphology_null,cs ~ iod,0.4816940583410635,0.5579094070032281,TRUE
data__published_main__iod_morphology__eligible_candidate_pool__high_qc__none,iod_morphology,data,published_main,eligible_candidate_pool,high_qc,NA,18,iod_to_nucleus,cs ~ iod,0.4816940583410635,0.5579094070032281,TRUE
data__published_main__iod_morphology__eligible_candidate_pool__high_qc__none,iod_morphology,data,published_main,eligible_candidate_pool,high_qc,NA,18,iod_to_nucleus,cs ~ iod + ns,0.1260722538825528,9.999999999999994e-8,TRUE
data__published_main__iod_morphology__eligible_candidate_pool__high_qc__none,iod_morphology,data,published_main,eligible_candidate_pool,high_qc,NA,18,iod_to_cell,ns ~ iod,7.390112078164073e-4,0.7388182864860828,FALSE
data__published_main__iod_morphology__eligible_candidate_pool__high_qc__none,iod_morphology,data,published_main,eligible_candidate_pool,high_qc,NA,18,iod_to_cell,cs ~ iod + ns,0.1260722538825528,9.999999999999994e-8,TRUE
data__published_main__iod_morphology__eligible_candidate_pool__high_qc__none,iod_morphology,data,published_main,eligible_candidate_pool,high_qc,NA,18,iod_nucleus_cell_chain,cs ~ ns + iod,0.6937080891267791,9.999999999999994e-8,TRUE
data__published_main__integrated__eligible_candidate_pool__high_qc__none,integrated,data,published_main,eligible_candidate_pool,high_qc,NA,18,integrated_null,ns ~ iod,7.390112078164073e-4,0.7388182864860828,FALSE
data__published_main__integrated__eligible_candidate_pool__high_qc__none,integrated,data,published_main,eligible_candidate_pool,high_qc,NA,18,integrated_null,cs ~ ns,0.05976721598532237,9.999999999999994e-8,TRUE
data__published_main__integrated__eligible_candidate_pool__high_qc__none,integrated,data,published_main,eligible_candidate_pool,high_qc,NA,18,integrated_null,ns ~ even,0.026968381798836823,0.31021916443819486,FALSE
data__published_main__integrated__eligible_candidate_pool__high_qc__none,integrated,data,published_main,eligible_candidate_pool,high_qc,NA,18,integrated_null,ns ~ ltr,0.005746217334176811,9.999999999999994e-8,FALSE
data__published_main__integrated__eligible_candidate_pool__high_qc__none,integrated,data,published_main,eligible_candidate_pool,high_qc,NA,18,integrated_null,cs ~ iod,0.4816940583410635,0.5579094070032281,TRUE
data__published_main__integrated__eligible_candidate_pool__high_qc__none,integrated,data,published_main,eligible_candidate_pool,high_qc,NA,18,integrated_null,iod ~ even,0.05617295791622785,9.999999999999994e-8,TRUE
data__published_main__integrated__eligible_candidate_pool__high_qc__none,integrated,data,published_main,eligible_candidate_pool,high_qc,NA,18,integrated_null,iod ~ ltr,0.018922710400902685,9.999999999999994e-8,FALSE
data__published_main__integrated__eligible_candidate_pool__high_qc__none,integrated,data,published_main,eligible_candidate_pool,high_qc,NA,18,integrated_null,cs ~ even,0.5166027066622928,0.5561318362627046,TRUE
data__published_main__integrated__eligible_candidate_pool__high_qc__none,integrated,data,published_main,eligible_candidate_pool,high_qc,NA,18,integrated_null,cs ~ ltr,0.19320202061810418,9.999999999999994e-8,TRUE
data__published_main__integrated__eligible_candidate_pool__high_qc__none,integrated,data,published_main,eligible_candidate_pool,high_qc,NA,18,integrated_null,even ~ ltr,2.9273921061385574e-5,1,FALSE
data__published_main__integrated__eligible_candidate_pool__high_qc__none,integrated,data,published_main,eligible_candidate_pool,high_qc,NA,18,iod_morphology_only,even ~ ltr,2.9273921061385574e-5,1,FALSE
data__published_main__integrated__eligible_candidate_pool__high_qc__none,integrated,data,published_main,eligible_candidate_pool,high_qc,NA,18,iod_morphology_only,iod ~ ltr,0.018922710400902685,9.999999999999994e-8,FALSE
data__published_main__integrated__eligible_candidate_pool__high_qc__none,integrated,data,published_main,eligible_candidate_pool,high_qc,NA,18,iod_morphology_only,ns ~ iod + ltr,0.12455628559326985,9.999999999999994e-8,TRUE
data__published_main__integrated__eligible_candidate_pool__high_qc__none,integrated,data,published_main,eligible_candidate_pool,high_qc,NA,18,iod_morphology_only,cs ~ ns + ltr,0.826848419054217,9.999999999999994e-8,TRUE
data__published_main__integrated__eligible_candidate_pool__high_qc__none,integrated,data,published_main,eligible_candidate_pool,high_qc,NA,18,iod_morphology_only,iod ~ even,0.05617295791622785,9.999999999999994e-8,TRUE
data__published_main__integrated__eligible_candidate_pool__high_qc__none,integrated,data,published_main,eligible_candidate_pool,high_qc,NA,18,iod_morphology_only,ns ~ iod + even,0.21917606402774684,0.4463692686437316,TRUE
data__published_main__integrated__eligible_candidate_pool__high_qc__none,integrated,data,published_main,eligible_candidate_pool,high_qc,NA,18,iod_morphology_only,cs ~ ns + even,0.8893850952615638,9.999999999999994e-8,TRUE
data__published_main__integrated__eligible_candidate_pool__high_qc__none,integrated,data,published_main,eligible_candidate_pool,high_qc,NA,18,iod_morphology_only,cs ~ ns + iod,0.6937080891267791,9.999999999999994e-8,TRUE
data__published_main__integrated__eligible_candidate_pool__high_qc__none,integrated,data,published_main,eligible_candidate_pool,high_qc,NA,18,te_evenness_chain,iod ~ even + ltr,0.14504099256394254,9.999999999999994e-8,TRUE
data__published_main__integrated__eligible_candidate_pool__high_qc__none,integrated,data,published_main,eligible_candidate_pool,high_qc,NA,18,te_evenness_chain,ns ~ iod + ltr,0.12455628559326985,9.999999999999994e-8,TRUE
data__published_main__integrated__eligible_candidate_pool__high_qc__none,integrated,data,published_main,eligible_candidate_pool,high_qc,NA,18,te_evenness_chain,cs ~ ns + ltr,0.826848419054217,9.999999999999994e-8,TRUE
data__published_main__integrated__eligible_candidate_pool__high_qc__none,integrated,data,published_main,eligible_candidate_pool,high_qc,NA,18,te_evenness_chain,ns ~ ltr + iod + even,0.48173663286643353,9.999999999999994e-8,TRUE
data__published_main__integrated__eligible_candidate_pool__high_qc__none,integrated,data,published_main,eligible_candidate_pool,high_qc,NA,18,te_evenness_chain,cs ~ ltr + ns + even,0.7915126777121541,9.999999999999994e-8,TRUE
data__published_main__integrated__eligible_candidate_pool__high_qc__none,integrated,data,published_main,eligible_candidate_pool,high_qc,NA,18,te_evenness_chain,cs ~ even + ns + iod,0.7114326086439033,9.999999999999994e-8,TRUE
data__published_main__integrated__eligible_candidate_pool__high_qc__none,integrated,data,published_main,eligible_candidate_pool,high_qc,NA,18,te_additive_chain,even ~ ltr,2.9273921061385574e-5,1,FALSE
data__published_main__integrated__eligible_candidate_pool__high_qc__none,integrated,data,published_main,eligible_candidate_pool,high_qc,NA,18,te_additive_chain,ns ~ iod + even,0.21917606402774684,0.4463692686437316,TRUE
data__published_main__integrated__eligible_candidate_pool__high_qc__none,integrated,data,published_main,eligible_candidate_pool,high_qc,NA,18,te_additive_chain,cs ~ ns + even,0.8893850952615638,9.999999999999994e-8,TRUE
data__published_main__integrated__eligible_candidate_pool__high_qc__none,integrated,data,published_main,eligible_candidate_pool,high_qc,NA,18,te_additive_chain,ns ~ iod + ltr,0.12455628559326985,9.999999999999994e-8,TRUE
data__published_main__integrated__eligible_candidate_pool__high_qc__none,integrated,data,published_main,eligible_candidate_pool,high_qc,NA,18,te_additive_chain,cs ~ ns + ltr,0.826848419054217,9.999999999999994e-8,TRUE
data__published_main__integrated__eligible_candidate_pool__high_qc__none,integrated,data,published_main,eligible_candidate_pool,high_qc,NA,18,te_additive_chain,cs ~ even + ltr + ns + iod,0.6875265562530087,9.999999999999994e-8,TRUE
data__published_main__integrated__eligible_candidate_pool__high_qc__none,integrated,data,published_main,eligible_candidate_pool,high_qc,NA,18,te_nucleus_bypass,even ~ ltr,2.9273921061385574e-5,1,FALSE
data__published_main__integrated__eligible_candidate_pool__high_qc__none,integrated,data,published_main,eligible_candidate_pool,high_qc,NA,18,te_nucleus_bypass,iod ~ even + ltr,0.14504099256394254,9.999999999999994e-8,TRUE
data__published_main__integrated__eligible_candidate_pool__high_qc__none,integrated,data,published_main,eligible_candidate_pool,high_qc,NA,18,te_nucleus_bypass,ns ~ even + iod + ltr,0.3510709682384078,9.999999999999994e-8,TRUE
data__published_main__integrated__eligible_candidate_pool__high_qc__none,integrated,data,published_main,eligible_candidate_pool,high_qc,NA,18,te_nucleus_bypass,cs ~ ns + ltr,0.826848419054217,9.999999999999994e-8,TRUE
data__published_main__integrated__eligible_candidate_pool__high_qc__none,integrated,data,published_main,eligible_candidate_pool,high_qc,NA,18,te_nucleus_bypass,cs ~ ns + even,0.8893850952615638,9.999999999999994e-8,TRUE
data__published_main__integrated__eligible_candidate_pool__high_qc__none,integrated,data,published_main,eligible_candidate_pool,high_qc,NA,18,te_nucleus_bypass,cs ~ even + ns + iod,0.7114326086439033,9.999999999999994e-8,TRUE
data__published_main__integrated__eligible_candidate_pool__high_qc__none,integrated,data,published_main,eligible_candidate_pool,high_qc,NA,18,te_cell_bypass,even ~ ltr,2.9273921061385574e-5,1,FALSE
data__published_main__integrated__eligible_candidate_pool__high_qc__none,integrated,data,published_main,eligible_candidate_pool,high_qc,NA,18,te_cell_bypass,iod ~ even + ltr,0.14504099256394254,9.999999999999994e-8,TRUE
data__published_main__integrated__eligible_candidate_pool__high_qc__none,integrated,data,published_main,eligible_candidate_pool,high_qc,NA,18,te_cell_bypass,ns ~ iod + ltr,0.12455628559326985,9.999999999999994e-8,TRUE
data__published_main__integrated__eligible_candidate_pool__high_qc__none,integrated,data,published_main,eligible_candidate_pool,high_qc,NA,18,te_cell_bypass,cs ~ even + ns + ltr,0.7561663263446233,9.999999999999994e-8,TRUE
data__published_main__integrated__eligible_candidate_pool__high_qc__none,integrated,data,published_main,eligible_candidate_pool,high_qc,NA,18,te_cell_bypass,ns ~ iod + even,0.21917606402774684,0.4463692686437316,TRUE
data__published_main__integrated__eligible_candidate_pool__high_qc__none,integrated,data,published_main,eligible_candidate_pool,high_qc,NA,18,te_cell_bypass,cs ~ even + ns + iod,0.7114326086439033,9.999999999999994e-8,TRUE
data__published_main__iod_morphology__image_balanced_selected50__high_qc__none,iod_morphology,data,published_main,image_balanced_selected50,high_qc,NA,18,morphology_null,ns ~ iod,0.0019472471745709847,1,FALSE
data__published_main__iod_morphology__image_balanced_selected50__high_qc__none,iod_morphology,data,published_main,image_balanced_selected50,high_qc,NA,18,morphology_null,cs ~ ns,0.005576286886834683,9.999999999999994e-8,FALSE
data__published_main__iod_morphology__image_balanced_selected50__high_qc__none,iod_morphology,data,published_main,image_balanced_selected50,high_qc,NA,18,morphology_null,cs ~ iod,0.032253684061914444,9.999999999999994e-8,FALSE
data__published_main__iod_morphology__image_balanced_selected50__high_qc__none,iod_morphology,data,published_main,image_balanced_selected50,high_qc,NA,18,iod_to_nucleus,cs ~ iod,0.032253684061914444,9.999999999999994e-8,FALSE
data__published_main__iod_morphology__image_balanced_selected50__high_qc__none,iod_morphology,data,published_main,image_balanced_selected50,high_qc,NA,18,iod_to_nucleus,cs ~ iod + ns,0.07115640518809246,9.999999999999994e-8,TRUE
data__published_main__iod_morphology__image_balanced_selected50__high_qc__none,iod_morphology,data,published_main,image_balanced_selected50,high_qc,NA,18,iod_to_cell,ns ~ iod,0.0019472471745709847,1,FALSE
data__published_main__iod_morphology__image_balanced_selected50__high_qc__none,iod_morphology,data,published_main,image_balanced_selected50,high_qc,NA,18,iod_to_cell,cs ~ iod + ns,0.07115640518809246,9.999999999999994e-8,TRUE
data__published_main__iod_morphology__image_balanced_selected50__high_qc__none,iod_morphology,data,published_main,image_balanced_selected50,high_qc,NA,18,iod_nucleus_cell_chain,cs ~ ns + iod,0.5471843055559504,9.999999999999994e-8,TRUE
data__published_main__integrated__image_balanced_selected50__high_qc__none,integrated,data,published_main,image_balanced_selected50,high_qc,NA,18,integrated_null,ns ~ iod,0.0019472471745709847,1,FALSE
data__published_main__integrated__image_balanced_selected50__high_qc__none,integrated,data,published_main,image_balanced_selected50,high_qc,NA,18,integrated_null,cs ~ ns,0.005576286886834683,9.999999999999994e-8,FALSE
data__published_main__integrated__image_balanced_selected50__high_qc__none,integrated,data,published_main,image_balanced_selected50,high_qc,NA,18,integrated_null,ns ~ even,0.05711382329670309,0.4823093907601026,TRUE
data__published_main__integrated__image_balanced_selected50__high_qc__none,integrated,data,published_main,image_balanced_selected50,high_qc,NA,18,integrated_null,ns ~ ltr,0.007885167227170925,9.999999999999994e-8,FALSE
data__published_main__integrated__image_balanced_selected50__high_qc__none,integrated,data,published_main,image_balanced_selected50,high_qc,NA,18,integrated_null,cs ~ iod,0.032253684061914444,9.999999999999994e-8,FALSE
data__published_main__integrated__image_balanced_selected50__high_qc__none,integrated,data,published_main,image_balanced_selected50,high_qc,NA,18,integrated_null,iod ~ even,0.05617295791622785,9.999999999999994e-8,TRUE
data__published_main__integrated__image_balanced_selected50__high_qc__none,integrated,data,published_main,image_balanced_selected50,high_qc,NA,18,integrated_null,iod ~ ltr,0.018922710400902685,9.999999999999994e-8,FALSE
data__published_main__integrated__image_balanced_selected50__high_qc__none,integrated,data,published_main,image_balanced_selected50,high_qc,NA,18,integrated_null,cs ~ even,0.2386697093684627,0.24059683722817168,TRUE
data__published_main__integrated__image_balanced_selected50__high_qc__none,integrated,data,published_main,image_balanced_selected50,high_qc,NA,18,integrated_null,cs ~ ltr,0.06478273341311028,9.999999999999994e-8,TRUE
data__published_main__integrated__image_balanced_selected50__high_qc__none,integrated,data,published_main,image_balanced_selected50,high_qc,NA,18,integrated_null,even ~ ltr,2.9273921061385574e-5,1,FALSE
data__published_main__integrated__image_balanced_selected50__high_qc__none,integrated,data,published_main,image_balanced_selected50,high_qc,NA,18,iod_morphology_only,even ~ ltr,2.9273921061385574e-5,1,FALSE
data__published_main__integrated__image_balanced_selected50__high_qc__none,integrated,data,published_main,image_balanced_selected50,high_qc,NA,18,iod_morphology_only,iod ~ ltr,0.018922710400902685,9.999999999999994e-8,FALSE
data__published_main__integrated__image_balanced_selected50__high_qc__none,integrated,data,published_main,image_balanced_selected50,high_qc,NA,18,iod_morphology_only,ns ~ iod + ltr,0.876972137473067,1,TRUE
data__published_main__integrated__image_balanced_selected50__high_qc__none,integrated,data,published_main,image_balanced_selected50,high_qc,NA,18,iod_morphology_only,cs ~ ns + ltr,0.6825279162563116,9.999999999999994e-8,TRUE
data__published_main__integrated__image_balanced_selected50__high_qc__none,integrated,data,published_main,image_balanced_selected50,high_qc,NA,18,iod_morphology_only,iod ~ even,0.05617295791622785,9.999999999999994e-8,TRUE
data__published_main__integrated__image_balanced_selected50__high_qc__none,integrated,data,published_main,image_balanced_selected50,high_qc,NA,18,iod_morphology_only,ns ~ iod + even,0.6385570892351624,1,TRUE
data__published_main__integrated__image_balanced_selected50__high_qc__none,integrated,data,published_main,image_balanced_selected50,high_qc,NA,18,iod_morphology_only,cs ~ ns + even,0.8906715545296985,9.999999999999994e-8,TRUE
data__published_main__integrated__image_balanced_selected50__high_qc__none,integrated,data,published_main,image_balanced_selected50,high_qc,NA,18,iod_morphology_only,cs ~ ns + iod,0.5471843055559504,9.999999999999994e-8,TRUE
data__published_main__integrated__image_balanced_selected50__high_qc__none,integrated,data,published_main,image_balanced_selected50,high_qc,NA,18,te_evenness_chain,iod ~ even + ltr,0.14504099256394254,9.999999999999994e-8,TRUE
data__published_main__integrated__image_balanced_selected50__high_qc__none,integrated,data,published_main,image_balanced_selected50,high_qc,NA,18,te_evenness_chain,ns ~ iod + ltr,0.876972137473067,1,TRUE
data__published_main__integrated__image_balanced_selected50__high_qc__none,integrated,data,published_main,image_balanced_selected50,high_qc,NA,18,te_evenness_chain,cs ~ ns + ltr,0.6825279162563116,9.999999999999994e-8,TRUE
data__published_main__integrated__image_balanced_selected50__high_qc__none,integrated,data,published_main,image_balanced_selected50,high_qc,NA,18,te_evenness_chain,ns ~ ltr + iod + even,0.5637726226740389,1,TRUE
data__published_main__integrated__image_balanced_selected50__high_qc__none,integrated,data,published_main,image_balanced_selected50,high_qc,NA,18,te_evenness_chain,cs ~ ltr + ns + even,0.703298149884505,9.999999999999994e-8,TRUE
data__published_main__integrated__image_balanced_selected50__high_qc__none,integrated,data,published_main,image_balanced_selected50,high_qc,NA,18,te_evenness_chain,cs ~ even + ns + iod,0.5372940887737823,9.999999999999994e-8,TRUE
data__published_main__integrated__image_balanced_selected50__high_qc__none,integrated,data,published_main,image_balanced_selected50,high_qc,NA,18,te_additive_chain,even ~ ltr,2.9273921061385574e-5,1,FALSE
data__published_main__integrated__image_balanced_selected50__high_qc__none,integrated,data,published_main,image_balanced_selected50,high_qc,NA,18,te_additive_chain,ns ~ iod + even,0.6385570892351624,1,TRUE
data__published_main__integrated__image_balanced_selected50__high_qc__none,integrated,data,published_main,image_balanced_selected50,high_qc,NA,18,te_additive_chain,cs ~ ns + even,0.8906715545296985,9.999999999999994e-8,TRUE
data__published_main__integrated__image_balanced_selected50__high_qc__none,integrated,data,published_main,image_balanced_selected50,high_qc,NA,18,te_additive_chain,ns ~ iod + ltr,0.876972137473067,1,TRUE
data__published_main__integrated__image_balanced_selected50__high_qc__none,integrated,data,published_main,image_balanced_selected50,high_qc,NA,18,te_additive_chain,cs ~ ns + ltr,0.6825279162563116,9.999999999999994e-8,TRUE
data__published_main__integrated__image_balanced_selected50__high_qc__none,integrated,data,published_main,image_balanced_selected50,high_qc,NA,18,te_additive_chain,cs ~ even + ltr + ns + iod,0.6071316946433025,9.999999999999994e-8,TRUE
data__published_main__integrated__image_balanced_selected50__high_qc__none,integrated,data,published_main,image_balanced_selected50,high_qc,NA,18,te_nucleus_bypass,even ~ ltr,2.9273921061385574e-5,1,FALSE
data__published_main__integrated__image_balanced_selected50__high_qc__none,integrated,data,published_main,image_balanced_selected50,high_qc,NA,18,te_nucleus_bypass,iod ~ even + ltr,0.14504099256394254,9.999999999999994e-8,TRUE
data__published_main__integrated__image_balanced_selected50__high_qc__none,integrated,data,published_main,image_balanced_selected50,high_qc,NA,18,te_nucleus_bypass,ns ~ even + iod + ltr,0.6984579675569419,1,TRUE
data__published_main__integrated__image_balanced_selected50__high_qc__none,integrated,data,published_main,image_balanced_selected50,high_qc,NA,18,te_nucleus_bypass,cs ~ ns + ltr,0.6825279162563116,9.999999999999994e-8,TRUE
data__published_main__integrated__image_balanced_selected50__high_qc__none,integrated,data,published_main,image_balanced_selected50,high_qc,NA,18,te_nucleus_bypass,cs ~ ns + even,0.8906715545296985,9.999999999999994e-8,TRUE
data__published_main__integrated__image_balanced_selected50__high_qc__none,integrated,data,published_main,image_balanced_selected50,high_qc,NA,18,te_nucleus_bypass,cs ~ even + ns + iod,0.5372940887737823,9.999999999999994e-8,TRUE
data__published_main__integrated__image_balanced_selected50__high_qc__none,integrated,data,published_main,image_balanced_selected50,high_qc,NA,18,te_cell_bypass,even ~ ltr,2.9273921061385574e-5,1,FALSE
data__published_main__integrated__image_balanced_selected50__high_qc__none,integrated,data,published_main,image_balanced_selected50,high_qc,NA,18,te_cell_bypass,iod ~ even + ltr,0.14504099256394254,9.999999999999994e-8,TRUE
data__published_main__integrated__image_balanced_selected50__high_qc__none,integrated,data,published_main,image_balanced_selected50,high_qc,NA,18,te_cell_bypass,ns ~ iod + ltr,0.876972137473067,1,TRUE
data__published_main__integrated__image_balanced_selected50__high_qc__none,integrated,data,published_main,image_balanced_selected50,high_qc,NA,18,te_cell_bypass,cs ~ even + ns + ltr,0.5945786963935009,9.999999999999994e-8,TRUE
data__published_main__integrated__image_balanced_selected50__high_qc__none,integrated,data,published_main,image_balanced_selected50,high_qc,NA,18,te_cell_bypass,ns ~ iod + even,0.6385570892351624,1,TRUE
data__published_main__integrated__image_balanced_selected50__high_qc__none,integrated,data,published_main,image_balanced_selected50,high_qc,NA,18,te_cell_bypass,cs ~ even + ns + iod,0.5372940887737823,9.999999999999994e-8,TRUE
data__published_main__iod_morphology__literal_largest100_eligible__high_qc__none,iod_morphology,data,published_main,literal_largest100_eligible,high_qc,NA,18,morphology_null,ns ~ iod,8.603410235618567e-5,1,FALSE
data__published_main__iod_morphology__literal_largest100_eligible__high_qc__none,iod_morphology,data,published_main,literal_largest100_eligible,high_qc,NA,18,morphology_null,cs ~ ns,8.806605307508362e-4,9.999999999999994e-8,FALSE
data__published_main__iod_morphology__literal_largest100_eligible__high_qc__none,iod_morphology,data,published_main,literal_largest100_eligible,high_qc,NA,18,morphology_null,cs ~ iod,0.07102694450384654,9.999999999999994e-8,TRUE
data__published_main__iod_morphology__literal_largest100_eligible__high_qc__none,iod_morphology,data,published_main,literal_largest100_eligible,high_qc,NA,18,iod_to_nucleus,cs ~ iod,0.07102694450384654,9.999999999999994e-8,TRUE
data__published_main__iod_morphology__literal_largest100_eligible__high_qc__none,iod_morphology,data,published_main,literal_largest100_eligible,high_qc,NA,18,iod_to_nucleus,cs ~ iod + ns,0.004848899171054069,9.999999999999994e-8,FALSE
data__published_main__iod_morphology__literal_largest100_eligible__high_qc__none,iod_morphology,data,published_main,literal_largest100_eligible,high_qc,NA,18,iod_to_cell,ns ~ iod,8.603410235618567e-5,1,FALSE
data__published_main__iod_morphology__literal_largest100_eligible__high_qc__none,iod_morphology,data,published_main,literal_largest100_eligible,high_qc,NA,18,iod_to_cell,cs ~ iod + ns,0.004848899171054069,9.999999999999994e-8,FALSE
data__published_main__iod_morphology__literal_largest100_eligible__high_qc__none,iod_morphology,data,published_main,literal_largest100_eligible,high_qc,NA,18,iod_nucleus_cell_chain,cs ~ ns + iod,0.4238553163689055,9.999999999999994e-8,TRUE
data__published_main__integrated__literal_largest100_eligible__high_qc__none,integrated,data,published_main,literal_largest100_eligible,high_qc,NA,18,integrated_null,ns ~ iod,8.603410235618567e-5,1,FALSE
data__published_main__integrated__literal_largest100_eligible__high_qc__none,integrated,data,published_main,literal_largest100_eligible,high_qc,NA,18,integrated_null,cs ~ ns,8.806605307508362e-4,9.999999999999994e-8,FALSE
data__published_main__integrated__literal_largest100_eligible__high_qc__none,integrated,data,published_main,literal_largest100_eligible,high_qc,NA,18,integrated_null,ns ~ even,0.020366889030242558,9.999999999999994e-8,FALSE
data__published_main__integrated__literal_largest100_eligible__high_qc__none,integrated,data,published_main,literal_largest100_eligible,high_qc,NA,18,integrated_null,ns ~ ltr,0.025676878455903947,9.999999999999994e-8,FALSE
data__published_main__integrated__literal_largest100_eligible__high_qc__none,integrated,data,published_main,literal_largest100_eligible,high_qc,NA,18,integrated_null,cs ~ iod,0.07102694450384654,9.999999999999994e-8,TRUE
data__published_main__integrated__literal_largest100_eligible__high_qc__none,integrated,data,published_main,literal_largest100_eligible,high_qc,NA,18,integrated_null,iod ~ even,0.05617295791622785,9.999999999999994e-8,TRUE
data__published_main__integrated__literal_largest100_eligible__high_qc__none,integrated,data,published_main,literal_largest100_eligible,high_qc,NA,18,integrated_null,iod ~ ltr,0.018922710400902685,9.999999999999994e-8,FALSE
data__published_main__integrated__literal_largest100_eligible__high_qc__none,integrated,data,published_main,literal_largest100_eligible,high_qc,NA,18,integrated_null,cs ~ even,0.19058270888493756,9.999999999999994e-8,TRUE
data__published_main__integrated__literal_largest100_eligible__high_qc__none,integrated,data,published_main,literal_largest100_eligible,high_qc,NA,18,integrated_null,cs ~ ltr,0.12779951917671847,9.999999999999994e-8,TRUE
data__published_main__integrated__literal_largest100_eligible__high_qc__none,integrated,data,published_main,literal_largest100_eligible,high_qc,NA,18,integrated_null,even ~ ltr,2.9273921061385574e-5,1,FALSE
data__published_main__integrated__literal_largest100_eligible__high_qc__none,integrated,data,published_main,literal_largest100_eligible,high_qc,NA,18,iod_morphology_only,even ~ ltr,2.9273921061385574e-5,1,FALSE
data__published_main__integrated__literal_largest100_eligible__high_qc__none,integrated,data,published_main,literal_largest100_eligible,high_qc,NA,18,iod_morphology_only,iod ~ ltr,0.018922710400902685,9.999999999999994e-8,FALSE
data__published_main__integrated__literal_largest100_eligible__high_qc__none,integrated,data,published_main,literal_largest100_eligible,high_qc,NA,18,iod_morphology_only,ns ~ iod + ltr,0.4507170317038177,1,TRUE
data__published_main__integrated__literal_largest100_eligible__high_qc__none,integrated,data,published_main,literal_largest100_eligible,high_qc,NA,18,iod_morphology_only,cs ~ ns + ltr,0.9938502429859739,9.999999999999994e-8,TRUE
data__published_main__integrated__literal_largest100_eligible__high_qc__none,integrated,data,published_main,literal_largest100_eligible,high_qc,NA,18,iod_morphology_only,iod ~ even,0.05617295791622785,9.999999999999994e-8,TRUE
data__published_main__integrated__literal_largest100_eligible__high_qc__none,integrated,data,published_main,literal_largest100_eligible,high_qc,NA,18,iod_morphology_only,ns ~ iod + even,0.9755541195209068,1,TRUE
data__published_main__integrated__literal_largest100_eligible__high_qc__none,integrated,data,published_main,literal_largest100_eligible,high_qc,NA,18,iod_morphology_only,cs ~ ns + even,0.6832609136413575,9.999999999999994e-8,TRUE
data__published_main__integrated__literal_largest100_eligible__high_qc__none,integrated,data,published_main,literal_largest100_eligible,high_qc,NA,18,iod_morphology_only,cs ~ ns + iod,0.4238553163689055,9.999999999999994e-8,TRUE
data__published_main__integrated__literal_largest100_eligible__high_qc__none,integrated,data,published_main,literal_largest100_eligible,high_qc,NA,18,te_evenness_chain,iod ~ even + ltr,0.14504099256394254,9.999999999999994e-8,TRUE
data__published_main__integrated__literal_largest100_eligible__high_qc__none,integrated,data,published_main,literal_largest100_eligible,high_qc,NA,18,te_evenness_chain,ns ~ iod + ltr,0.4507170317038177,1,TRUE
data__published_main__integrated__literal_largest100_eligible__high_qc__none,integrated,data,published_main,literal_largest100_eligible,high_qc,NA,18,te_evenness_chain,cs ~ ns + ltr,0.9938502429859739,9.999999999999994e-8,TRUE
data__published_main__integrated__literal_largest100_eligible__high_qc__none,integrated,data,published_main,literal_largest100_eligible,high_qc,NA,18,te_evenness_chain,ns ~ ltr + iod + even,0.3107254800318473,1,TRUE
data__published_main__integrated__literal_largest100_eligible__high_qc__none,integrated,data,published_main,literal_largest100_eligible,high_qc,NA,18,te_evenness_chain,cs ~ ltr + ns + even,0.6499738396405355,9.999999999999994e-8,TRUE
data__published_main__integrated__literal_largest100_eligible__high_qc__none,integrated,data,published_main,literal_largest100_eligible,high_qc,NA,18,te_evenness_chain,cs ~ even + ns + iod,0.4590335391913074,9.999999999999994e-8,TRUE
data__published_main__integrated__literal_largest100_eligible__high_qc__none,integrated,data,published_main,literal_largest100_eligible,high_qc,NA,18,te_additive_chain,even ~ ltr,2.9273921061385574e-5,1,FALSE
data__published_main__integrated__literal_largest100_eligible__high_qc__none,integrated,data,published_main,literal_largest100_eligible,high_qc,NA,18,te_additive_chain,ns ~ iod + even,0.9755541195209068,1,TRUE
data__published_main__integrated__literal_largest100_eligible__high_qc__none,integrated,data,published_main,literal_largest100_eligible,high_qc,NA,18,te_additive_chain,cs ~ ns + even,0.6832609136413575,9.999999999999994e-8,TRUE
data__published_main__integrated__literal_largest100_eligible__high_qc__none,integrated,data,published_main,literal_largest100_eligible,high_qc,NA,18,te_additive_chain,ns ~ iod + ltr,0.4507170317038177,1,TRUE
data__published_main__integrated__literal_largest100_eligible__high_qc__none,integrated,data,published_main,literal_largest100_eligible,high_qc,NA,18,te_additive_chain,cs ~ ns + ltr,0.9938502429859739,9.999999999999994e-8,TRUE
data__published_main__integrated__literal_largest100_eligible__high_qc__none,integrated,data,published_main,literal_largest100_eligible,high_qc,NA,18,te_additive_chain,cs ~ even + ltr + ns + iod,0.42242205046177217,9.999999999999994e-8,TRUE
data__published_main__integrated__literal_largest100_eligible__high_qc__none,integrated,data,published_main,literal_largest100_eligible,high_qc,NA,18,te_nucleus_bypass,even ~ ltr,2.9273921061385574e-5,1,FALSE
data__published_main__integrated__literal_largest100_eligible__high_qc__none,integrated,data,published_main,literal_largest100_eligible,high_qc,NA,18,te_nucleus_bypass,iod ~ even + ltr,0.14504099256394254,9.999999999999994e-8,TRUE
data__published_main__integrated__literal_largest100_eligible__high_qc__none,integrated,data,published_main,literal_largest100_eligible,high_qc,NA,18,te_nucleus_bypass,ns ~ even + iod + ltr,0.21215906206550805,1,TRUE
data__published_main__integrated__literal_largest100_eligible__high_qc__none,integrated,data,published_main,literal_largest100_eligible,high_qc,NA,18,te_nucleus_bypass,cs ~ ns + ltr,0.9938502429859739,9.999999999999994e-8,TRUE
data__published_main__integrated__literal_largest100_eligible__high_qc__none,integrated,data,published_main,literal_largest100_eligible,high_qc,NA,18,te_nucleus_bypass,cs ~ ns + even,0.6832609136413575,9.999999999999994e-8,TRUE
data__published_main__integrated__literal_largest100_eligible__high_qc__none,integrated,data,published_main,literal_largest100_eligible,high_qc,NA,18,te_nucleus_bypass,cs ~ even + ns + iod,0.4590335391913074,9.999999999999994e-8,TRUE
data__published_main__integrated__literal_largest100_eligible__high_qc__none,integrated,data,published_main,literal_largest100_eligible,high_qc,NA,18,te_cell_bypass,even ~ ltr,2.9273921061385574e-5,1,FALSE
data__published_main__integrated__literal_largest100_eligible__high_qc__none,integrated,data,published_main,literal_largest100_eligible,high_qc,NA,18,te_cell_bypass,iod ~ even + ltr,0.14504099256394254,9.999999999999994e-8,TRUE
data__published_main__integrated__literal_largest100_eligible__high_qc__none,integrated,data,published_main,literal_largest100_eligible,high_qc,NA,18,te_cell_bypass,ns ~ iod + ltr,0.4507170317038177,1,TRUE
data__published_main__integrated__literal_largest100_eligible__high_qc__none,integrated,data,published_main,literal_largest100_eligible,high_qc,NA,18,te_cell_bypass,cs ~ even + ns + ltr,0.8213779625760101,9.999999999999994e-8,TRUE
data__published_main__integrated__literal_largest100_eligible__high_qc__none,integrated,data,published_main,literal_largest100_eligible,high_qc,NA,18,te_cell_bypass,ns ~ iod + even,0.9755541195209068,1,TRUE
data__published_main__integrated__literal_largest100_eligible__high_qc__none,integrated,data,published_main,literal_largest100_eligible,high_qc,NA,18,te_cell_bypass,cs ~ even + ns + iod,0.4590335391913074,9.999999999999994e-8,TRUE
data__published_main__iod_morphology__literal_largest50_eligible__high_qc__none,iod_morphology,data,published_main,literal_largest50_eligible,high_qc,NA,18,morphology_null,ns ~ iod,5.915448095397039e-4,1,FALSE
data__published_main__iod_morphology__literal_largest50_eligible__high_qc__none,iod_morphology,data,published_main,literal_largest50_eligible,high_qc,NA,18,morphology_null,cs ~ ns,8.233925890946726e-4,9.999999999999994e-8,FALSE
data__published_main__iod_morphology__literal_largest50_eligible__high_qc__none,iod_morphology,data,published_main,literal_largest50_eligible,high_qc,NA,18,morphology_null,cs ~ iod,0.09500569131936333,9.999999999999994e-8,TRUE
data__published_main__iod_morphology__literal_largest50_eligible__high_qc__none,iod_morphology,data,published_main,literal_largest50_eligible,high_qc,NA,18,iod_to_nucleus,cs ~ iod,0.09500569131936333,9.999999999999994e-8,TRUE
data__published_main__iod_morphology__literal_largest50_eligible__high_qc__none,iod_morphology,data,published_main,literal_largest50_eligible,high_qc,NA,18,iod_to_nucleus,cs ~ iod + ns,0.0041003579260846575,9.999999999999994e-8,FALSE
data__published_main__iod_morphology__literal_largest50_eligible__high_qc__none,iod_morphology,data,published_main,literal_largest50_eligible,high_qc,NA,18,iod_to_cell,ns ~ iod,5.915448095397039e-4,1,FALSE
data__published_main__iod_morphology__literal_largest50_eligible__high_qc__none,iod_morphology,data,published_main,literal_largest50_eligible,high_qc,NA,18,iod_to_cell,cs ~ iod + ns,0.0041003579260846575,9.999999999999994e-8,FALSE
data__published_main__iod_morphology__literal_largest50_eligible__high_qc__none,iod_morphology,data,published_main,literal_largest50_eligible,high_qc,NA,18,iod_nucleus_cell_chain,cs ~ ns + iod,0.5347225193963661,9.999999999999994e-8,TRUE
data__published_main__integrated__literal_largest50_eligible__high_qc__none,integrated,data,published_main,literal_largest50_eligible,high_qc,NA,18,integrated_null,ns ~ iod,5.915448095397039e-4,1,FALSE
data__published_main__integrated__literal_largest50_eligible__high_qc__none,integrated,data,published_main,literal_largest50_eligible,high_qc,NA,18,integrated_null,cs ~ ns,8.233925890946726e-4,9.999999999999994e-8,FALSE
data__published_main__integrated__literal_largest50_eligible__high_qc__none,integrated,data,published_main,literal_largest50_eligible,high_qc,NA,18,integrated_null,ns ~ even,0.02616301545357618,9.999999999999994e-8,FALSE
data__published_main__integrated__literal_largest50_eligible__high_qc__none,integrated,data,published_main,literal_largest50_eligible,high_qc,NA,18,integrated_null,ns ~ ltr,0.05275921792732689,9.999999999999994e-8,TRUE
data__published_main__integrated__literal_largest50_eligible__high_qc__none,integrated,data,published_main,literal_largest50_eligible,high_qc,NA,18,integrated_null,cs ~ iod,0.09500569131936333,9.999999999999994e-8,TRUE
data__published_main__integrated__literal_largest50_eligible__high_qc__none,integrated,data,published_main,literal_largest50_eligible,high_qc,NA,18,integrated_null,iod ~ even,0.05617295791622785,9.999999999999994e-8,TRUE
data__published_main__integrated__literal_largest50_eligible__high_qc__none,integrated,data,published_main,literal_largest50_eligible,high_qc,NA,18,integrated_null,iod ~ ltr,0.018922710400902685,9.999999999999994e-8,FALSE
data__published_main__integrated__literal_largest50_eligible__high_qc__none,integrated,data,published_main,literal_largest50_eligible,high_qc,NA,18,integrated_null,cs ~ even,0.22513179558432508,9.999999999999994e-8,TRUE
data__published_main__integrated__literal_largest50_eligible__high_qc__none,integrated,data,published_main,literal_largest50_eligible,high_qc,NA,18,integrated_null,cs ~ ltr,0.1531978668438469,9.999999999999994e-8,TRUE
data__published_main__integrated__literal_largest50_eligible__high_qc__none,integrated,data,published_main,literal_largest50_eligible,high_qc,NA,18,integrated_null,even ~ ltr,2.9273921061385574e-5,1,FALSE
data__published_main__integrated__literal_largest50_eligible__high_qc__none,integrated,data,published_main,literal_largest50_eligible,high_qc,NA,18,iod_morphology_only,even ~ ltr,2.9273921061385574e-5,1,FALSE
data__published_main__integrated__literal_largest50_eligible__high_qc__none,integrated,data,published_main,literal_largest50_eligible,high_qc,NA,18,iod_morphology_only,iod ~ ltr,0.018922710400902685,9.999999999999994e-8,FALSE
data__published_main__integrated__literal_largest50_eligible__high_qc__none,integrated,data,published_main,literal_largest50_eligible,high_qc,NA,18,iod_morphology_only,ns ~ iod + ltr,0.4005507835111841,1,TRUE
data__published_main__integrated__literal_largest50_eligible__high_qc__none,integrated,data,published_main,literal_largest50_eligible,high_qc,NA,18,iod_morphology_only,cs ~ ns + ltr,0.90660998083852,9.999999999999994e-8,TRUE
data__published_main__integrated__literal_largest50_eligible__high_qc__none,integrated,data,published_main,literal_largest50_eligible,high_qc,NA,18,iod_morphology_only,iod ~ even,0.05617295791622785,9.999999999999994e-8,TRUE
data__published_main__integrated__literal_largest50_eligible__high_qc__none,integrated,data,published_main,literal_largest50_eligible,high_qc,NA,18,iod_morphology_only,ns ~ iod + even,0.20535059517786106,9.999999999999994e-8,TRUE
data__published_main__integrated__literal_largest50_eligible__high_qc__none,integrated,data,published_main,literal_largest50_eligible,high_qc,NA,18,iod_morphology_only,cs ~ ns + even,0.6371122434809238,9.999999999999994e-8,TRUE
data__published_main__integrated__literal_largest50_eligible__high_qc__none,integrated,data,published_main,literal_largest50_eligible,high_qc,NA,18,iod_morphology_only,cs ~ ns + iod,0.5347225193963661,9.999999999999994e-8,TRUE
data__published_main__integrated__literal_largest50_eligible__high_qc__none,integrated,data,published_main,literal_largest50_eligible,high_qc,NA,18,te_evenness_chain,iod ~ even + ltr,0.14504099256394254,9.999999999999994e-8,TRUE
data__published_main__integrated__literal_largest50_eligible__high_qc__none,integrated,data,published_main,literal_largest50_eligible,high_qc,NA,18,te_evenness_chain,ns ~ iod + ltr,0.4005507835111841,1,TRUE
data__published_main__integrated__literal_largest50_eligible__high_qc__none,integrated,data,published_main,literal_largest50_eligible,high_qc,NA,18,te_evenness_chain,cs ~ ns + ltr,0.90660998083852,9.999999999999994e-8,TRUE
data__published_main__integrated__literal_largest50_eligible__high_qc__none,integrated,data,published_main,literal_largest50_eligible,high_qc,NA,18,te_evenness_chain,ns ~ ltr + iod + even,0.33644082367448,1,TRUE
data__published_main__integrated__literal_largest50_eligible__high_qc__none,integrated,data,published_main,literal_largest50_eligible,high_qc,NA,18,te_evenness_chain,cs ~ ltr + ns + even,0.5385077539222065,9.999999999999994e-8,TRUE
data__published_main__integrated__literal_largest50_eligible__high_qc__none,integrated,data,published_main,literal_largest50_eligible,high_qc,NA,18,te_evenness_chain,cs ~ even + ns + iod,0.5925532131854497,9.999999999999994e-8,TRUE
data__published_main__integrated__literal_largest50_eligible__high_qc__none,integrated,data,published_main,literal_largest50_eligible,high_qc,NA,18,te_additive_chain,even ~ ltr,2.9273921061385574e-5,1,FALSE
data__published_main__integrated__literal_largest50_eligible__high_qc__none,integrated,data,published_main,literal_largest50_eligible,high_qc,NA,18,te_additive_chain,ns ~ iod + even,0.20535059517786106,9.999999999999994e-8,TRUE
data__published_main__integrated__literal_largest50_eligible__high_qc__none,integrated,data,published_main,literal_largest50_eligible,high_qc,NA,18,te_additive_chain,cs ~ ns + even,0.6371122434809238,9.999999999999994e-8,TRUE
data__published_main__integrated__literal_largest50_eligible__high_qc__none,integrated,data,published_main,literal_largest50_eligible,high_qc,NA,18,te_additive_chain,ns ~ iod + ltr,0.4005507835111841,1,TRUE
data__published_main__integrated__literal_largest50_eligible__high_qc__none,integrated,data,published_main,literal_largest50_eligible,high_qc,NA,18,te_additive_chain,cs ~ ns + ltr,0.90660998083852,9.999999999999994e-8,TRUE
data__published_main__integrated__literal_largest50_eligible__high_qc__none,integrated,data,published_main,literal_largest50_eligible,high_qc,NA,18,te_additive_chain,cs ~ even + ltr + ns + iod,0.4886049113894848,9.999999999999994e-8,TRUE
data__published_main__integrated__literal_largest50_eligible__high_qc__none,integrated,data,published_main,literal_largest50_eligible,high_qc,NA,18,te_nucleus_bypass,even ~ ltr,2.9273921061385574e-5,1,FALSE
data__published_main__integrated__literal_largest50_eligible__high_qc__none,integrated,data,published_main,literal_largest50_eligible,high_qc,NA,18,te_nucleus_bypass,iod ~ even + ltr,0.14504099256394254,9.999999999999994e-8,TRUE
data__published_main__integrated__literal_largest50_eligible__high_qc__none,integrated,data,published_main,literal_largest50_eligible,high_qc,NA,18,te_nucleus_bypass,ns ~ even + iod + ltr,0.21074509816452666,1,TRUE
data__published_main__integrated__literal_largest50_eligible__high_qc__none,integrated,data,published_main,literal_largest50_eligible,high_qc,NA,18,te_nucleus_bypass,cs ~ ns + ltr,0.90660998083852,9.999999999999994e-8,TRUE
data__published_main__integrated__literal_largest50_eligible__high_qc__none,integrated,data,published_main,literal_largest50_eligible,high_qc,NA,18,te_nucleus_bypass,cs ~ ns + even,0.6371122434809238,9.999999999999994e-8,TRUE
data__published_main__integrated__literal_largest50_eligible__high_qc__none,integrated,data,published_main,literal_largest50_eligible,high_qc,NA,18,te_nucleus_bypass,cs ~ even + ns + iod,0.5925532131854497,9.999999999999994e-8,TRUE
data__published_main__integrated__literal_largest50_eligible__high_qc__none,integrated,data,published_main,literal_largest50_eligible,high_qc,NA,18,te_cell_bypass,even ~ ltr,2.9273921061385574e-5,1,FALSE
data__published_main__integrated__literal_largest50_eligible__high_qc__none,integrated,data,published_main,literal_largest50_eligible,high_qc,NA,18,te_cell_bypass,iod ~ even + ltr,0.14504099256394254,9.999999999999994e-8,TRUE
data__published_main__integrated__literal_largest50_eligible__high_qc__none,integrated,data,published_main,literal_largest50_eligible,high_qc,NA,18,te_cell_bypass,ns ~ iod + ltr,0.4005507835111841,1,TRUE
data__published_main__integrated__literal_largest50_eligible__high_qc__none,integrated,data,published_main,literal_largest50_eligible,high_qc,NA,18,te_cell_bypass,cs ~ even + ns + ltr,0.668041577930462,9.999999999999994e-8,TRUE
data__published_main__integrated__literal_largest50_eligible__high_qc__none,integrated,data,published_main,literal_largest50_eligible,high_qc,NA,18,te_cell_bypass,ns ~ iod + even,0.20535059517786106,9.999999999999994e-8,TRUE
data__published_main__integrated__literal_largest50_eligible__high_qc__none,integrated,data,published_main,literal_largest50_eligible,high_qc,NA,18,te_cell_bypass,cs ~ even + ns + iod,0.5925532131854497,9.999999999999994e-8,TRUE
data__published_main__iod_morphology__manual_keep_pool__high_qc__none,iod_morphology,data,published_main,manual_keep_pool,high_qc,NA,18,morphology_null,ns ~ iod,0.0015803323058692343,9.999999999999994e-8,FALSE
data__published_main__iod_morphology__manual_keep_pool__high_qc__none,iod_morphology,data,published_main,manual_keep_pool,high_qc,NA,18,morphology_null,cs ~ ns,0.010451912683696706,9.999999999999994e-8,FALSE
data__published_main__iod_morphology__manual_keep_pool__high_qc__none,iod_morphology,data,published_main,manual_keep_pool,high_qc,NA,18,morphology_null,cs ~ iod,0.3919949439825623,9.999999999999994e-8,TRUE
data__published_main__iod_morphology__manual_keep_pool__high_qc__none,iod_morphology,data,published_main,manual_keep_pool,high_qc,NA,18,iod_to_nucleus,cs ~ iod,0.3919949439825623,9.999999999999994e-8,TRUE
data__published_main__iod_morphology__manual_keep_pool__high_qc__none,iod_morphology,data,published_main,manual_keep_pool,high_qc,NA,18,iod_to_nucleus,cs ~ iod + ns,0.00795724326551177,9.999999999999994e-8,FALSE
data__published_main__iod_morphology__manual_keep_pool__high_qc__none,iod_morphology,data,published_main,manual_keep_pool,high_qc,NA,18,iod_to_cell,ns ~ iod,0.0015803323058692343,9.999999999999994e-8,FALSE
data__published_main__iod_morphology__manual_keep_pool__high_qc__none,iod_morphology,data,published_main,manual_keep_pool,high_qc,NA,18,iod_to_cell,cs ~ iod + ns,0.00795724326551177,9.999999999999994e-8,FALSE
data__published_main__iod_morphology__manual_keep_pool__high_qc__none,iod_morphology,data,published_main,manual_keep_pool,high_qc,NA,18,iod_nucleus_cell_chain,cs ~ ns + iod,0.206967118692666,9.999999999999994e-8,TRUE
data__published_main__integrated__manual_keep_pool__high_qc__none,integrated,data,published_main,manual_keep_pool,high_qc,NA,18,integrated_null,ns ~ iod,0.0015803323058692343,9.999999999999994e-8,FALSE
data__published_main__integrated__manual_keep_pool__high_qc__none,integrated,data,published_main,manual_keep_pool,high_qc,NA,18,integrated_null,cs ~ ns,0.010451912683696706,9.999999999999994e-8,FALSE
data__published_main__integrated__manual_keep_pool__high_qc__none,integrated,data,published_main,manual_keep_pool,high_qc,NA,18,integrated_null,ns ~ even,0.09431555287872277,1.815071442423642e-7,TRUE
data__published_main__integrated__manual_keep_pool__high_qc__none,integrated,data,published_main,manual_keep_pool,high_qc,NA,18,integrated_null,ns ~ ltr,0.021676701952825204,9.999999999999994e-8,FALSE
data__published_main__integrated__manual_keep_pool__high_qc__none,integrated,data,published_main,manual_keep_pool,high_qc,NA,18,integrated_null,cs ~ iod,0.3919949439825623,9.999999999999994e-8,TRUE
data__published_main__integrated__manual_keep_pool__high_qc__none,integrated,data,published_main,manual_keep_pool,high_qc,NA,18,integrated_null,iod ~ even,0.05617295791622785,9.999999999999994e-8,TRUE
data__published_main__integrated__manual_keep_pool__high_qc__none,integrated,data,published_main,manual_keep_pool,high_qc,NA,18,integrated_null,iod ~ ltr,0.018922710400902685,9.999999999999994e-8,FALSE
data__published_main__integrated__manual_keep_pool__high_qc__none,integrated,data,published_main,manual_keep_pool,high_qc,NA,18,integrated_null,cs ~ even,0.44006432768162596,9.999999999999994e-8,TRUE
data__published_main__integrated__manual_keep_pool__high_qc__none,integrated,data,published_main,manual_keep_pool,high_qc,NA,18,integrated_null,cs ~ ltr,0.0663877308074587,9.999999999999994e-8,TRUE
data__published_main__integrated__manual_keep_pool__high_qc__none,integrated,data,published_main,manual_keep_pool,high_qc,NA,18,integrated_null,even ~ ltr,2.9273921061385574e-5,1,FALSE
data__published_main__integrated__manual_keep_pool__high_qc__none,integrated,data,published_main,manual_keep_pool,high_qc,NA,18,iod_morphology_only,even ~ ltr,2.9273921061385574e-5,1,FALSE
data__published_main__integrated__manual_keep_pool__high_qc__none,integrated,data,published_main,manual_keep_pool,high_qc,NA,18,iod_morphology_only,iod ~ ltr,0.018922710400902685,9.999999999999994e-8,FALSE
data__published_main__integrated__manual_keep_pool__high_qc__none,integrated,data,published_main,manual_keep_pool,high_qc,NA,18,iod_morphology_only,ns ~ iod + ltr,0.30601485391213284,9.999999999999994e-8,TRUE
data__published_main__integrated__manual_keep_pool__high_qc__none,integrated,data,published_main,manual_keep_pool,high_qc,NA,18,iod_morphology_only,cs ~ ns + ltr,0.4753847363863054,9.999999999999994e-8,TRUE
data__published_main__integrated__manual_keep_pool__high_qc__none,integrated,data,published_main,manual_keep_pool,high_qc,NA,18,iod_morphology_only,iod ~ even,0.05617295791622785,9.999999999999994e-8,TRUE
data__published_main__integrated__manual_keep_pool__high_qc__none,integrated,data,published_main,manual_keep_pool,high_qc,NA,18,iod_morphology_only,ns ~ iod + even,0.588243572026984,9.999999999999994e-8,TRUE
data__published_main__integrated__manual_keep_pool__high_qc__none,integrated,data,published_main,manual_keep_pool,high_qc,NA,18,iod_morphology_only,cs ~ ns + even,0.8195381874713535,9.999999999999994e-8,TRUE
data__published_main__integrated__manual_keep_pool__high_qc__none,integrated,data,published_main,manual_keep_pool,high_qc,NA,18,iod_morphology_only,cs ~ ns + iod,0.206967118692666,9.999999999999994e-8,TRUE
data__published_main__integrated__manual_keep_pool__high_qc__none,integrated,data,published_main,manual_keep_pool,high_qc,NA,18,te_evenness_chain,iod ~ even + ltr,0.14504099256394254,9.999999999999994e-8,TRUE
data__published_main__integrated__manual_keep_pool__high_qc__none,integrated,data,published_main,manual_keep_pool,high_qc,NA,18,te_evenness_chain,ns ~ iod + ltr,0.30601485391213284,9.999999999999994e-8,TRUE
data__published_main__integrated__manual_keep_pool__high_qc__none,integrated,data,published_main,manual_keep_pool,high_qc,NA,18,te_evenness_chain,cs ~ ns + ltr,0.4753847363863054,9.999999999999994e-8,TRUE
data__published_main__integrated__manual_keep_pool__high_qc__none,integrated,data,published_main,manual_keep_pool,high_qc,NA,18,te_evenness_chain,ns ~ ltr + iod + even,0.999873913527036,9.999999999999994e-8,TRUE
data__published_main__integrated__manual_keep_pool__high_qc__none,integrated,data,published_main,manual_keep_pool,high_qc,NA,18,te_evenness_chain,cs ~ ltr + ns + even,0.455720536780563,9.999999999999994e-8,TRUE
data__published_main__integrated__manual_keep_pool__high_qc__none,integrated,data,published_main,manual_keep_pool,high_qc,NA,18,te_evenness_chain,cs ~ even + ns + iod,0.22917680903610327,9.999999999999994e-8,TRUE
data__published_main__integrated__manual_keep_pool__high_qc__none,integrated,data,published_main,manual_keep_pool,high_qc,NA,18,te_additive_chain,even ~ ltr,2.9273921061385574e-5,1,FALSE
data__published_main__integrated__manual_keep_pool__high_qc__none,integrated,data,published_main,manual_keep_pool,high_qc,NA,18,te_additive_chain,ns ~ iod + even,0.588243572026984,9.999999999999994e-8,TRUE
data__published_main__integrated__manual_keep_pool__high_qc__none,integrated,data,published_main,manual_keep_pool,high_qc,NA,18,te_additive_chain,cs ~ ns + even,0.8195381874713535,9.999999999999994e-8,TRUE
data__published_main__integrated__manual_keep_pool__high_qc__none,integrated,data,published_main,manual_keep_pool,high_qc,NA,18,te_additive_chain,ns ~ iod + ltr,0.30601485391213284,9.999999999999994e-8,TRUE
data__published_main__integrated__manual_keep_pool__high_qc__none,integrated,data,published_main,manual_keep_pool,high_qc,NA,18,te_additive_chain,cs ~ ns + ltr,0.4753847363863054,9.999999999999994e-8,TRUE
data__published_main__integrated__manual_keep_pool__high_qc__none,integrated,data,published_main,manual_keep_pool,high_qc,NA,18,te_additive_chain,cs ~ even + ltr + ns + iod,0.15747640257564008,9.999999999999994e-8,TRUE
data__published_main__integrated__manual_keep_pool__high_qc__none,integrated,data,published_main,manual_keep_pool,high_qc,NA,18,te_nucleus_bypass,even ~ ltr,2.9273921061385574e-5,1,FALSE
data__published_main__integrated__manual_keep_pool__high_qc__none,integrated,data,published_main,manual_keep_pool,high_qc,NA,18,te_nucleus_bypass,iod ~ even + ltr,0.14504099256394254,9.999999999999994e-8,TRUE
data__published_main__integrated__manual_keep_pool__high_qc__none,integrated,data,published_main,manual_keep_pool,high_qc,NA,18,te_nucleus_bypass,ns ~ even + iod + ltr,0.4018967588417386,9.999999999999994e-8,TRUE
data__published_main__integrated__manual_keep_pool__high_qc__none,integrated,data,published_main,manual_keep_pool,high_qc,NA,18,te_nucleus_bypass,cs ~ ns + ltr,0.4753847363863054,9.999999999999994e-8,TRUE
data__published_main__integrated__manual_keep_pool__high_qc__none,integrated,data,published_main,manual_keep_pool,high_qc,NA,18,te_nucleus_bypass,cs ~ ns + even,0.8195381874713535,9.999999999999994e-8,TRUE
data__published_main__integrated__manual_keep_pool__high_qc__none,integrated,data,published_main,manual_keep_pool,high_qc,NA,18,te_nucleus_bypass,cs ~ even + ns + iod,0.22917680903610327,9.999999999999994e-8,TRUE
data__published_main__integrated__manual_keep_pool__high_qc__none,integrated,data,published_main,manual_keep_pool,high_qc,NA,18,te_cell_bypass,even ~ ltr,2.9273921061385574e-5,1,FALSE
data__published_main__integrated__manual_keep_pool__high_qc__none,integrated,data,published_main,manual_keep_pool,high_qc,NA,18,te_cell_bypass,iod ~ even + ltr,0.14504099256394254,9.999999999999994e-8,TRUE
data__published_main__integrated__manual_keep_pool__high_qc__none,integrated,data,published_main,manual_keep_pool,high_qc,NA,18,te_cell_bypass,ns ~ iod + ltr,0.30601485391213284,9.999999999999994e-8,TRUE
data__published_main__integrated__manual_keep_pool__high_qc__none,integrated,data,published_main,manual_keep_pool,high_qc,NA,18,te_cell_bypass,cs ~ even + ns + ltr,0.32161526303088395,9.999999999999994e-8,TRUE
data__published_main__integrated__manual_keep_pool__high_qc__none,integrated,data,published_main,manual_keep_pool,high_qc,NA,18,te_cell_bypass,ns ~ iod + even,0.588243572026984,9.999999999999994e-8,TRUE
data__published_main__integrated__manual_keep_pool__high_qc__none,integrated,data,published_main,manual_keep_pool,high_qc,NA,18,te_cell_bypass,cs ~ even + ns + iod,0.22917680903610327,9.999999999999994e-8,TRUE
data__published_main__te_iod__image_balanced_selected50__image_qc_pass__none,te_iod,data,published_main,image_balanced_selected50,image_qc_pass,NA,18,proxy_null,iod ~ ltr,0.018061609104563853,9.999999999999994e-8,FALSE
data__published_main__te_iod__image_balanced_selected50__image_qc_pass__none,te_iod,data,published_main,image_balanced_selected50,image_qc_pass,NA,18,proxy_null,iod ~ even,0.07393300057882314,9.999999999999994e-8,TRUE
data__published_main__te_iod__image_balanced_selected50__image_qc_pass__none,te_iod,data,published_main,image_balanced_selected50,image_qc_pass,NA,18,proxy_null,even ~ ltr,2.9273921061385574e-5,1,FALSE
data__published_main__te_iod__image_balanced_selected50__image_qc_pass__none,te_iod,data,published_main,image_balanced_selected50,image_qc_pass,NA,18,ltr_only,even ~ ltr,2.9273921061385574e-5,1,FALSE
data__published_main__te_iod__image_balanced_selected50__image_qc_pass__none,te_iod,data,published_main,image_balanced_selected50,image_qc_pass,NA,18,ltr_only,iod ~ ltr + even,0.6544650325991601,9.999999999999994e-8,TRUE
data__published_main__te_iod__image_balanced_selected50__image_qc_pass__none,te_iod,data,published_main,image_balanced_selected50,image_qc_pass,NA,18,evenness_only,even ~ ltr,2.9273921061385574e-5,1,FALSE
data__published_main__te_iod__image_balanced_selected50__image_qc_pass__none,te_iod,data,published_main,image_balanced_selected50,image_qc_pass,NA,18,evenness_only,iod ~ even + ltr,0.11825127649091044,9.999999999999994e-8,TRUE
data__published_main__te_iod__image_balanced_selected50__image_qc_pass__none,te_iod,data,published_main,image_balanced_selected50,image_qc_pass,NA,18,additive_composition,even ~ ltr,2.9273921061385574e-5,1,FALSE
data__published_main__te_iod__image_balanced_selected50__image_qc_pass__none,te_iod,data,published_main,image_balanced_selected50,image_qc_pass,NA,18,mediated_evenness,iod ~ even + ltr,0.11825127649091044,9.999999999999994e-8,TRUE
data__published_main__terminal_internal_iod__image_balanced_selected50__image_qc_pass__none,terminal_internal_iod,data,published_main,image_balanced_selected50,image_qc_pass,NA,16,proxy_null,iod ~ ti,0.43665139534966746,9.999999999999994e-8,TRUE
data__published_main__terminal_internal_iod__image_balanced_selected50__image_qc_pass__none,terminal_internal_iod,data,published_main,image_balanced_selected50,image_qc_pass,NA,16,proxy_null,iod ~ ltr,0.09016936878362322,9.999999999999994e-8,TRUE
data__published_main__terminal_internal_iod__image_balanced_selected50__image_qc_pass__none,terminal_internal_iod,data,published_main,image_balanced_selected50,image_qc_pass,NA,16,proxy_null,iod ~ even,0.492468909707768,9.999999999999994e-8,TRUE
data__published_main__terminal_internal_iod__image_balanced_selected50__image_qc_pass__none,terminal_internal_iod,data,published_main,image_balanced_selected50,image_qc_pass,NA,16,proxy_null,ti ~ ltr,0.4232669013972783,9.999999999999994e-8,TRUE
data__published_main__terminal_internal_iod__image_balanced_selected50__image_qc_pass__none,terminal_internal_iod,data,published_main,image_balanced_selected50,image_qc_pass,NA,16,proxy_null,ti ~ even,0.3315584488519414,9.999999999999994e-8,TRUE
data__published_main__terminal_internal_iod__image_balanced_selected50__image_qc_pass__none,terminal_internal_iod,data,published_main,image_balanced_selected50,image_qc_pass,NA,16,proxy_null,ltr ~ even,4.3644707532167665e-4,1,FALSE
data__published_main__terminal_internal_iod__image_balanced_selected50__image_qc_pass__none,terminal_internal_iod,data,published_main,image_balanced_selected50,image_qc_pass,NA,16,terminal_internal_only,ltr ~ even,4.3644707532167665e-4,1,FALSE
data__published_main__terminal_internal_iod__image_balanced_selected50__image_qc_pass__none,terminal_internal_iod,data,published_main,image_balanced_selected50,image_qc_pass,NA,16,terminal_internal_only,ti ~ even,0.3315584488519414,9.999999999999994e-8,TRUE
data__published_main__terminal_internal_iod__image_balanced_selected50__image_qc_pass__none,terminal_internal_iod,data,published_main,image_balanced_selected50,image_qc_pass,NA,16,terminal_internal_only,iod ~ ti + even,0.6225314418110437,9.999999999999994e-8,TRUE
data__published_main__terminal_internal_iod__image_balanced_selected50__image_qc_pass__none,terminal_internal_iod,data,published_main,image_balanced_selected50,image_qc_pass,NA,16,terminal_internal_only,ti ~ ltr,0.4232669013972783,9.999999999999994e-8,TRUE
data__published_main__terminal_internal_iod__image_balanced_selected50__image_qc_pass__none,terminal_internal_iod,data,published_main,image_balanced_selected50,image_qc_pass,NA,16,terminal_internal_only,iod ~ ti + ltr,0.12811795579559182,9.999999999999994e-8,TRUE
data__published_main__terminal_internal_iod__image_balanced_selected50__image_qc_pass__none,terminal_internal_iod,data,published_main,image_balanced_selected50,image_qc_pass,NA,16,ltr_terminal_internal_chain,ltr ~ even,4.3644707532167665e-4,1,FALSE
data__published_main__terminal_internal_iod__image_balanced_selected50__image_qc_pass__none,terminal_internal_iod,data,published_main,image_balanced_selected50,image_qc_pass,NA,16,ltr_terminal_internal_chain,ti ~ ltr + even,0.53532804036305,9.999999999999994e-8,TRUE
data__published_main__terminal_internal_iod__image_balanced_selected50__image_qc_pass__none,terminal_internal_iod,data,published_main,image_balanced_selected50,image_qc_pass,NA,16,ltr_terminal_internal_chain,iod ~ ti + even,0.6225314418110437,9.999999999999994e-8,TRUE
data__published_main__terminal_internal_iod__image_balanced_selected50__image_qc_pass__none,terminal_internal_iod,data,published_main,image_balanced_selected50,image_qc_pass,NA,16,ltr_terminal_internal_chain,iod ~ ti + ltr,0.12811795579559182,9.999999999999994e-8,TRUE
data__published_main__terminal_internal_iod__image_balanced_selected50__image_qc_pass__none,terminal_internal_iod,data,published_main,image_balanced_selected50,image_qc_pass,NA,16,terminal_internal_evenness_additive,ltr ~ even,4.3644707532167665e-4,1,FALSE
data__published_main__terminal_internal_iod__image_balanced_selected50__image_qc_pass__none,terminal_internal_iod,data,published_main,image_balanced_selected50,image_qc_pass,NA,16,terminal_internal_evenness_additive,ti ~ ltr,0.4232669013972783,9.999999999999994e-8,TRUE
data__published_main__terminal_internal_iod__image_balanced_selected50__image_qc_pass__none,terminal_internal_iod,data,published_main,image_balanced_selected50,image_qc_pass,NA,16,terminal_internal_evenness_additive,iod ~ even + ti + ltr,0.15610473745814887,9.999999999999994e-8,TRUE
data__published_main__terminal_internal_iod__image_balanced_selected50__image_qc_pass__none,terminal_internal_iod,data,published_main,image_balanced_selected50,image_qc_pass,NA,16,terminal_internal_evenness_additive,ti ~ even,0.3315584488519414,9.999999999999994e-8,TRUE
data__published_main__terminal_internal_iod__image_balanced_selected50__image_qc_pass__none,terminal_internal_iod,data,published_main,image_balanced_selected50,image_qc_pass,NA,16,te_terminal_internal_state,ltr ~ even,4.3644707532167665e-4,1,FALSE
data__published_main__terminal_internal_iod__image_balanced_selected50__image_qc_pass__none,terminal_internal_iod,data,published_main,image_balanced_selected50,image_qc_pass,NA,16,te_terminal_internal_state,iod ~ ti + even,0.6225314418110437,9.999999999999994e-8,TRUE
data__published_main__terminal_internal_iod__image_balanced_selected50__image_qc_pass__none,terminal_internal_iod,data,published_main,image_balanced_selected50,image_qc_pass,NA,16,te_terminal_internal_state,iod ~ ti + ltr,0.12811795579559182,9.999999999999994e-8,TRUE
data__published_main__iod_morphology__composite_selected50__image_qc_pass__none,iod_morphology,data,published_main,composite_selected50,image_qc_pass,NA,18,morphology_null,ns ~ iod,0.0013885083844354723,0.9005793239668495,FALSE
data__published_main__iod_morphology__composite_selected50__image_qc_pass__none,iod_morphology,data,published_main,composite_selected50,image_qc_pass,NA,18,morphology_null,cs ~ ns,0.007362344105153009,9.999999999999994e-8,FALSE
data__published_main__iod_morphology__composite_selected50__image_qc_pass__none,iod_morphology,data,published_main,composite_selected50,image_qc_pass,NA,18,morphology_null,cs ~ iod,0.09828843755739702,9.999999999999994e-8,TRUE
data__published_main__iod_morphology__composite_selected50__image_qc_pass__none,iod_morphology,data,published_main,composite_selected50,image_qc_pass,NA,18,iod_to_nucleus,cs ~ iod,0.09828843755739702,9.999999999999994e-8,TRUE
data__published_main__iod_morphology__composite_selected50__image_qc_pass__none,iod_morphology,data,published_main,composite_selected50,image_qc_pass,NA,18,iod_to_nucleus,cs ~ iod + ns,0.040853470723300214,9.999999999999994e-8,FALSE
data__published_main__iod_morphology__composite_selected50__image_qc_pass__none,iod_morphology,data,published_main,composite_selected50,image_qc_pass,NA,18,iod_to_cell,ns ~ iod,0.0013885083844354723,0.9005793239668495,FALSE
data__published_main__iod_morphology__composite_selected50__image_qc_pass__none,iod_morphology,data,published_main,composite_selected50,image_qc_pass,NA,18,iod_to_cell,cs ~ iod + ns,0.040853470723300214,9.999999999999994e-8,FALSE
data__published_main__iod_morphology__composite_selected50__image_qc_pass__none,iod_morphology,data,published_main,composite_selected50,image_qc_pass,NA,18,iod_nucleus_cell_chain,cs ~ ns + iod,0.8789324688333924,9.999999999999994e-8,TRUE
data__published_main__integrated__composite_selected50__image_qc_pass__none,integrated,data,published_main,composite_selected50,image_qc_pass,NA,18,integrated_null,ns ~ iod,0.0013885083844354723,0.9005793239668495,FALSE
data__published_main__integrated__composite_selected50__image_qc_pass__none,integrated,data,published_main,composite_selected50,image_qc_pass,NA,18,integrated_null,cs ~ ns,0.007362344105153009,9.999999999999994e-8,FALSE
data__published_main__integrated__composite_selected50__image_qc_pass__none,integrated,data,published_main,composite_selected50,image_qc_pass,NA,18,integrated_null,ns ~ even,0.023202360873694473,9.999999999999994e-8,FALSE
data__published_main__integrated__composite_selected50__image_qc_pass__none,integrated,data,published_main,composite_selected50,image_qc_pass,NA,18,integrated_null,ns ~ ltr,0.015049987027794713,9.999999999999994e-8,FALSE
data__published_main__integrated__composite_selected50__image_qc_pass__none,integrated,data,published_main,composite_selected50,image_qc_pass,NA,18,integrated_null,cs ~ iod,0.09828843755739702,9.999999999999994e-8,TRUE
data__published_main__integrated__composite_selected50__image_qc_pass__none,integrated,data,published_main,composite_selected50,image_qc_pass,NA,18,integrated_null,iod ~ even,0.07393300057882314,9.999999999999994e-8,TRUE
data__published_main__integrated__composite_selected50__image_qc_pass__none,integrated,data,published_main,composite_selected50,image_qc_pass,NA,18,integrated_null,iod ~ ltr,0.018061609104563853,9.999999999999994e-8,FALSE
data__published_main__integrated__composite_selected50__image_qc_pass__none,integrated,data,published_main,composite_selected50,image_qc_pass,NA,18,integrated_null,cs ~ even,0.200457086121082,9.999999999999994e-8,TRUE
data__published_main__integrated__composite_selected50__image_qc_pass__none,integrated,data,published_main,composite_selected50,image_qc_pass,NA,18,integrated_null,cs ~ ltr,0.09177247463443403,9.999999999999994e-8,TRUE
data__published_main__integrated__composite_selected50__image_qc_pass__none,integrated,data,published_main,composite_selected50,image_qc_pass,NA,18,integrated_null,even ~ ltr,2.9273921061385574e-5,1,FALSE
data__published_main__integrated__composite_selected50__image_qc_pass__none,integrated,data,published_main,composite_selected50,image_qc_pass,NA,18,iod_morphology_only,even ~ ltr,2.9273921061385574e-5,1,FALSE
data__published_main__integrated__composite_selected50__image_qc_pass__none,integrated,data,published_main,composite_selected50,image_qc_pass,NA,18,iod_morphology_only,iod ~ ltr,0.018061609104563853,9.999999999999994e-8,FALSE
data__published_main__integrated__composite_selected50__image_qc_pass__none,integrated,data,published_main,composite_selected50,image_qc_pass,NA,18,iod_morphology_only,ns ~ iod + ltr,0.9895180802779318,0.8989168699923162,TRUE
data__published_main__integrated__composite_selected50__image_qc_pass__none,integrated,data,published_main,composite_selected50,image_qc_pass,NA,18,iod_morphology_only,cs ~ ns + ltr,0.6976096492594579,9.999999999999994e-8,TRUE
data__published_main__integrated__composite_selected50__image_qc_pass__none,integrated,data,published_main,composite_selected50,image_qc_pass,NA,18,iod_morphology_only,iod ~ even,0.07393300057882314,9.999999999999994e-8,TRUE
data__published_main__integrated__composite_selected50__image_qc_pass__none,integrated,data,published_main,composite_selected50,image_qc_pass,NA,18,iod_morphology_only,ns ~ iod + even,0.15978351849976,9.999999999999994e-8,TRUE
data__published_main__integrated__composite_selected50__image_qc_pass__none,integrated,data,published_main,composite_selected50,image_qc_pass,NA,18,iod_morphology_only,cs ~ ns + even,0.9692398034848458,9.999999999999994e-8,TRUE
data__published_main__integrated__composite_selected50__image_qc_pass__none,integrated,data,published_main,composite_selected50,image_qc_pass,NA,18,iod_morphology_only,cs ~ ns + iod,0.8789324688333924,9.999999999999994e-8,TRUE
data__published_main__integrated__composite_selected50__image_qc_pass__none,integrated,data,published_main,composite_selected50,image_qc_pass,NA,18,te_evenness_chain,iod ~ even + ltr,0.11825127649091044,9.999999999999994e-8,TRUE
data__published_main__integrated__composite_selected50__image_qc_pass__none,integrated,data,published_main,composite_selected50,image_qc_pass,NA,18,te_evenness_chain,ns ~ iod + ltr,0.9895180802779318,0.8989168699923162,TRUE
data__published_main__integrated__composite_selected50__image_qc_pass__none,integrated,data,published_main,composite_selected50,image_qc_pass,NA,18,te_evenness_chain,cs ~ ns + ltr,0.6976096492594579,9.999999999999994e-8,TRUE
data__published_main__integrated__composite_selected50__image_qc_pass__none,integrated,data,published_main,composite_selected50,image_qc_pass,NA,18,te_evenness_chain,ns ~ ltr + iod + even,0.4392895971764138,0.8542644036499732,TRUE
data__published_main__integrated__composite_selected50__image_qc_pass__none,integrated,data,published_main,composite_selected50,image_qc_pass,NA,18,te_evenness_chain,cs ~ ltr + ns + even,0.7945927621892599,9.999999999999994e-8,TRUE
data__published_main__integrated__composite_selected50__image_qc_pass__none,integrated,data,published_main,composite_selected50,image_qc_pass,NA,18,te_evenness_chain,cs ~ even + ns + iod,0.8855030348990829,9.999999999999994e-8,TRUE
data__published_main__integrated__composite_selected50__image_qc_pass__none,integrated,data,published_main,composite_selected50,image_qc_pass,NA,18,te_additive_chain,even ~ ltr,2.9273921061385574e-5,1,FALSE
data__published_main__integrated__composite_selected50__image_qc_pass__none,integrated,data,published_main,composite_selected50,image_qc_pass,NA,18,te_additive_chain,ns ~ iod + even,0.15978351849976,9.999999999999994e-8,TRUE
data__published_main__integrated__composite_selected50__image_qc_pass__none,integrated,data,published_main,composite_selected50,image_qc_pass,NA,18,te_additive_chain,cs ~ ns + even,0.9692398034848458,9.999999999999994e-8,TRUE
data__published_main__integrated__composite_selected50__image_qc_pass__none,integrated,data,published_main,composite_selected50,image_qc_pass,NA,18,te_additive_chain,ns ~ iod + ltr,0.9895180802779318,0.8989168699923162,TRUE
data__published_main__integrated__composite_selected50__image_qc_pass__none,integrated,data,published_main,composite_selected50,image_qc_pass,NA,18,te_additive_chain,cs ~ ns + ltr,0.6976096492594579,9.999999999999994e-8,TRUE
data__published_main__integrated__composite_selected50__image_qc_pass__none,integrated,data,published_main,composite_selected50,image_qc_pass,NA,18,te_additive_chain,cs ~ even + ltr + ns + iod,0.7962509570377712,9.999999999999994e-8,TRUE
data__published_main__integrated__composite_selected50__image_qc_pass__none,integrated,data,published_main,composite_selected50,image_qc_pass,NA,18,te_nucleus_bypass,even ~ ltr,2.9273921061385574e-5,1,FALSE
data__published_main__integrated__composite_selected50__image_qc_pass__none,integrated,data,published_main,composite_selected50,image_qc_pass,NA,18,te_nucleus_bypass,iod ~ even + ltr,0.11825127649091044,9.999999999999994e-8,TRUE
data__published_main__integrated__composite_selected50__image_qc_pass__none,integrated,data,published_main,composite_selected50,image_qc_pass,NA,18,te_nucleus_bypass,ns ~ even + iod + ltr,0.5864452257830666,0.854264403649896,TRUE
data__published_main__integrated__composite_selected50__image_qc_pass__none,integrated,data,published_main,composite_selected50,image_qc_pass,NA,18,te_nucleus_bypass,cs ~ ns + ltr,0.6976096492594579,9.999999999999994e-8,TRUE
data__published_main__integrated__composite_selected50__image_qc_pass__none,integrated,data,published_main,composite_selected50,image_qc_pass,NA,18,te_nucleus_bypass,cs ~ ns + even,0.9692398034848458,9.999999999999994e-8,TRUE
data__published_main__integrated__composite_selected50__image_qc_pass__none,integrated,data,published_main,composite_selected50,image_qc_pass,NA,18,te_nucleus_bypass,cs ~ even + ns + iod,0.8855030348990829,9.999999999999994e-8,TRUE
data__published_main__integrated__composite_selected50__image_qc_pass__none,integrated,data,published_main,composite_selected50,image_qc_pass,NA,18,te_cell_bypass,even ~ ltr,2.9273921061385574e-5,1,FALSE
data__published_main__integrated__composite_selected50__image_qc_pass__none,integrated,data,published_main,composite_selected50,image_qc_pass,NA,18,te_cell_bypass,iod ~ even + ltr,0.11825127649091044,9.999999999999994e-8,TRUE
data__published_main__integrated__composite_selected50__image_qc_pass__none,integrated,data,published_main,composite_selected50,image_qc_pass,NA,18,te_cell_bypass,ns ~ iod + ltr,0.9895180802779318,0.8989168699923162,TRUE
data__published_main__integrated__composite_selected50__image_qc_pass__none,integrated,data,published_main,composite_selected50,image_qc_pass,NA,18,te_cell_bypass,cs ~ even + ns + ltr,0.6491493641224444,9.999999999999994e-8,TRUE
data__published_main__integrated__composite_selected50__image_qc_pass__none,integrated,data,published_main,composite_selected50,image_qc_pass,NA,18,te_cell_bypass,ns ~ iod + even,0.15978351849976,9.999999999999994e-8,TRUE
data__published_main__integrated__composite_selected50__image_qc_pass__none,integrated,data,published_main,composite_selected50,image_qc_pass,NA,18,te_cell_bypass,cs ~ even + ns + iod,0.8855030348990829,9.999999999999994e-8,TRUE
data__published_main__iod_morphology__eligible_candidate_pool__image_qc_pass__none,iod_morphology,data,published_main,eligible_candidate_pool,image_qc_pass,NA,18,morphology_null,ns ~ iod,0.0013922634613237294,0.7564380561724391,FALSE
data__published_main__iod_morphology__eligible_candidate_pool__image_qc_pass__none,iod_morphology,data,published_main,eligible_candidate_pool,image_qc_pass,NA,18,morphology_null,cs ~ ns,0.05976721598532237,9.999999999999994e-8,TRUE
data__published_main__iod_morphology__eligible_candidate_pool__image_qc_pass__none,iod_morphology,data,published_main,eligible_candidate_pool,image_qc_pass,NA,18,morphology_null,cs ~ iod,0.7008919098490614,0.7083992628439649,TRUE
data__published_main__iod_morphology__eligible_candidate_pool__image_qc_pass__none,iod_morphology,data,published_main,eligible_candidate_pool,image_qc_pass,NA,18,iod_to_nucleus,cs ~ iod,0.7008919098490614,0.7083992628439649,TRUE
data__published_main__iod_morphology__eligible_candidate_pool__image_qc_pass__none,iod_morphology,data,published_main,eligible_candidate_pool,image_qc_pass,NA,18,iod_to_nucleus,cs ~ iod + ns,0.07689506332789299,9.999999999999994e-8,TRUE
data__published_main__iod_morphology__eligible_candidate_pool__image_qc_pass__none,iod_morphology,data,published_main,eligible_candidate_pool,image_qc_pass,NA,18,iod_to_cell,ns ~ iod,0.0013922634613237294,0.7564380561724391,FALSE
data__published_main__iod_morphology__eligible_candidate_pool__image_qc_pass__none,iod_morphology,data,published_main,eligible_candidate_pool,image_qc_pass,NA,18,iod_to_cell,cs ~ iod + ns,0.07689506332789299,9.999999999999994e-8,TRUE
data__published_main__iod_morphology__eligible_candidate_pool__image_qc_pass__none,iod_morphology,data,published_main,eligible_candidate_pool,image_qc_pass,NA,18,iod_nucleus_cell_chain,cs ~ ns + iod,0.49275717949787523,9.999999999999994e-8,TRUE
data__published_main__integrated__eligible_candidate_pool__image_qc_pass__none,integrated,data,published_main,eligible_candidate_pool,image_qc_pass,NA,18,integrated_null,ns ~ iod,0.0013922634613237294,0.7564380561724391,FALSE
data__published_main__integrated__eligible_candidate_pool__image_qc_pass__none,integrated,data,published_main,eligible_candidate_pool,image_qc_pass,NA,18,integrated_null,cs ~ ns,0.05976721598532237,9.999999999999994e-8,TRUE
data__published_main__integrated__eligible_candidate_pool__image_qc_pass__none,integrated,data,published_main,eligible_candidate_pool,image_qc_pass,NA,18,integrated_null,ns ~ even,0.026968381798836823,0.31021916443819486,FALSE
data__published_main__integrated__eligible_candidate_pool__image_qc_pass__none,integrated,data,published_main,eligible_candidate_pool,image_qc_pass,NA,18,integrated_null,ns ~ ltr,0.005746217334176811,9.999999999999994e-8,FALSE
data__published_main__integrated__eligible_candidate_pool__image_qc_pass__none,integrated,data,published_main,eligible_candidate_pool,image_qc_pass,NA,18,integrated_null,cs ~ iod,0.7008919098490614,0.7083992628439649,TRUE
data__published_main__integrated__eligible_candidate_pool__image_qc_pass__none,integrated,data,published_main,eligible_candidate_pool,image_qc_pass,NA,18,integrated_null,iod ~ even,0.07393300057882314,9.999999999999994e-8,TRUE
data__published_main__integrated__eligible_candidate_pool__image_qc_pass__none,integrated,data,published_main,eligible_candidate_pool,image_qc_pass,NA,18,integrated_null,iod ~ ltr,0.018061609104563853,9.999999999999994e-8,FALSE
data__published_main__integrated__eligible_candidate_pool__image_qc_pass__none,integrated,data,published_main,eligible_candidate_pool,image_qc_pass,NA,18,integrated_null,cs ~ even,0.5166027066622928,0.5561318362627046,TRUE
data__published_main__integrated__eligible_candidate_pool__image_qc_pass__none,integrated,data,published_main,eligible_candidate_pool,image_qc_pass,NA,18,integrated_null,cs ~ ltr,0.19320202061810418,9.999999999999994e-8,TRUE
data__published_main__integrated__eligible_candidate_pool__image_qc_pass__none,integrated,data,published_main,eligible_candidate_pool,image_qc_pass,NA,18,integrated_null,even ~ ltr,2.9273921061385574e-5,1,FALSE
data__published_main__integrated__eligible_candidate_pool__image_qc_pass__none,integrated,data,published_main,eligible_candidate_pool,image_qc_pass,NA,18,iod_morphology_only,even ~ ltr,2.9273921061385574e-5,1,FALSE
data__published_main__integrated__eligible_candidate_pool__image_qc_pass__none,integrated,data,published_main,eligible_candidate_pool,image_qc_pass,NA,18,iod_morphology_only,iod ~ ltr,0.018061609104563853,9.999999999999994e-8,FALSE
data__published_main__integrated__eligible_candidate_pool__image_qc_pass__none,integrated,data,published_main,eligible_candidate_pool,image_qc_pass,NA,18,iod_morphology_only,ns ~ iod + ltr,0.11724081573411547,9.999999999999994e-8,TRUE
data__published_main__integrated__eligible_candidate_pool__image_qc_pass__none,integrated,data,published_main,eligible_candidate_pool,image_qc_pass,NA,18,iod_morphology_only,cs ~ ns + ltr,0.826848419054217,9.999999999999994e-8,TRUE
data__published_main__integrated__eligible_candidate_pool__image_qc_pass__none,integrated,data,published_main,eligible_candidate_pool,image_qc_pass,NA,18,iod_morphology_only,iod ~ even,0.07393300057882314,9.999999999999994e-8,TRUE
data__published_main__integrated__eligible_candidate_pool__image_qc_pass__none,integrated,data,published_main,eligible_candidate_pool,image_qc_pass,NA,18,iod_morphology_only,ns ~ iod + even,0.17901428754123067,0.43028398555963376,TRUE
data__published_main__integrated__eligible_candidate_pool__image_qc_pass__none,integrated,data,published_main,eligible_candidate_pool,image_qc_pass,NA,18,iod_morphology_only,cs ~ ns + even,0.8893850952615638,9.999999999999994e-8,TRUE
data__published_main__integrated__eligible_candidate_pool__image_qc_pass__none,integrated,data,published_main,eligible_candidate_pool,image_qc_pass,NA,18,iod_morphology_only,cs ~ ns + iod,0.49275717949787523,9.999999999999994e-8,TRUE
data__published_main__integrated__eligible_candidate_pool__image_qc_pass__none,integrated,data,published_main,eligible_candidate_pool,image_qc_pass,NA,18,te_evenness_chain,iod ~ even + ltr,0.11825127649091044,9.999999999999994e-8,TRUE
data__published_main__integrated__eligible_candidate_pool__image_qc_pass__none,integrated,data,published_main,eligible_candidate_pool,image_qc_pass,NA,18,te_evenness_chain,ns ~ iod + ltr,0.11724081573411547,9.999999999999994e-8,TRUE
data__published_main__integrated__eligible_candidate_pool__image_qc_pass__none,integrated,data,published_main,eligible_candidate_pool,image_qc_pass,NA,18,te_evenness_chain,cs ~ ns + ltr,0.826848419054217,9.999999999999994e-8,TRUE
data__published_main__integrated__eligible_candidate_pool__image_qc_pass__none,integrated,data,published_main,eligible_candidate_pool,image_qc_pass,NA,18,te_evenness_chain,ns ~ ltr + iod + even,0.41150955812729395,9.999999999999994e-8,TRUE
data__published_main__integrated__eligible_candidate_pool__image_qc_pass__none,integrated,data,published_main,eligible_candidate_pool,image_qc_pass,NA,18,te_evenness_chain,cs ~ ltr + ns + even,0.7915126777121541,9.999999999999994e-8,TRUE
data__published_main__integrated__eligible_candidate_pool__image_qc_pass__none,integrated,data,published_main,eligible_candidate_pool,image_qc_pass,NA,18,te_evenness_chain,cs ~ even + ns + iod,0.5126270321676272,9.999999999999994e-8,TRUE
data__published_main__integrated__eligible_candidate_pool__image_qc_pass__none,integrated,data,published_main,eligible_candidate_pool,image_qc_pass,NA,18,te_additive_chain,even ~ ltr,2.9273921061385574e-5,1,FALSE
data__published_main__integrated__eligible_candidate_pool__image_qc_pass__none,integrated,data,published_main,eligible_candidate_pool,image_qc_pass,NA,18,te_additive_chain,ns ~ iod + even,0.17901428754123067,0.43028398555963376,TRUE
data__published_main__integrated__eligible_candidate_pool__image_qc_pass__none,integrated,data,published_main,eligible_candidate_pool,image_qc_pass,NA,18,te_additive_chain,cs ~ ns + even,0.8893850952615638,9.999999999999994e-8,TRUE
data__published_main__integrated__eligible_candidate_pool__image_qc_pass__none,integrated,data,published_main,eligible_candidate_pool,image_qc_pass,NA,18,te_additive_chain,ns ~ iod + ltr,0.11724081573411547,9.999999999999994e-8,TRUE
data__published_main__integrated__eligible_candidate_pool__image_qc_pass__none,integrated,data,published_main,eligible_candidate_pool,image_qc_pass,NA,18,te_additive_chain,cs ~ ns + ltr,0.826848419054217,9.999999999999994e-8,TRUE
data__published_main__integrated__eligible_candidate_pool__image_qc_pass__none,integrated,data,published_main,eligible_candidate_pool,image_qc_pass,NA,18,te_additive_chain,cs ~ even + ltr + ns + iod,0.483232074367445,9.999999999999994e-8,TRUE
data__published_main__integrated__eligible_candidate_pool__image_qc_pass__none,integrated,data,published_main,eligible_candidate_pool,image_qc_pass,NA,18,te_nucleus_bypass,even ~ ltr,2.9273921061385574e-5,1,FALSE
data__published_main__integrated__eligible_candidate_pool__image_qc_pass__none,integrated,data,published_main,eligible_candidate_pool,image_qc_pass,NA,18,te_nucleus_bypass,iod ~ even + ltr,0.11825127649091044,9.999999999999994e-8,TRUE
data__published_main__integrated__eligible_candidate_pool__image_qc_pass__none,integrated,data,published_main,eligible_candidate_pool,image_qc_pass,NA,18,te_nucleus_bypass,ns ~ even + iod + ltr,0.37510238973765064,9.999999999999994e-8,TRUE
data__published_main__integrated__eligible_candidate_pool__image_qc_pass__none,integrated,data,published_main,eligible_candidate_pool,image_qc_pass,NA,18,te_nucleus_bypass,cs ~ ns + ltr,0.826848419054217,9.999999999999994e-8,TRUE
data__published_main__integrated__eligible_candidate_pool__image_qc_pass__none,integrated,data,published_main,eligible_candidate_pool,image_qc_pass,NA,18,te_nucleus_bypass,cs ~ ns + even,0.8893850952615638,9.999999999999994e-8,TRUE
data__published_main__integrated__eligible_candidate_pool__image_qc_pass__none,integrated,data,published_main,eligible_candidate_pool,image_qc_pass,NA,18,te_nucleus_bypass,cs ~ even + ns + iod,0.5126270321676272,9.999999999999994e-8,TRUE
data__published_main__integrated__eligible_candidate_pool__image_qc_pass__none,integrated,data,published_main,eligible_candidate_pool,image_qc_pass,NA,18,te_cell_bypass,even ~ ltr,2.9273921061385574e-5,1,FALSE
data__published_main__integrated__eligible_candidate_pool__image_qc_pass__none,integrated,data,published_main,eligible_candidate_pool,image_qc_pass,NA,18,te_cell_bypass,iod ~ even + ltr,0.11825127649091044,9.999999999999994e-8,TRUE
data__published_main__integrated__eligible_candidate_pool__image_qc_pass__none,integrated,data,published_main,eligible_candidate_pool,image_qc_pass,NA,18,te_cell_bypass,ns ~ iod + ltr,0.11724081573411547,9.999999999999994e-8,TRUE
data__published_main__integrated__eligible_candidate_pool__image_qc_pass__none,integrated,data,published_main,eligible_candidate_pool,image_qc_pass,NA,18,te_cell_bypass,cs ~ even + ns + ltr,0.7561663263446233,9.999999999999994e-8,TRUE
data__published_main__integrated__eligible_candidate_pool__image_qc_pass__none,integrated,data,published_main,eligible_candidate_pool,image_qc_pass,NA,18,te_cell_bypass,ns ~ iod + even,0.17901428754123067,0.43028398555963376,TRUE
data__published_main__integrated__eligible_candidate_pool__image_qc_pass__none,integrated,data,published_main,eligible_candidate_pool,image_qc_pass,NA,18,te_cell_bypass,cs ~ even + ns + iod,0.5126270321676272,9.999999999999994e-8,TRUE
data__published_main__iod_morphology__image_balanced_selected50__image_qc_pass__none,iod_morphology,data,published_main,image_balanced_selected50,image_qc_pass,NA,18,morphology_null,ns ~ iod,0.0029359122690805085,1,FALSE
data__published_main__iod_morphology__image_balanced_selected50__image_qc_pass__none,iod_morphology,data,published_main,image_balanced_selected50,image_qc_pass,NA,18,morphology_null,cs ~ ns,0.005576286886834683,9.999999999999994e-8,FALSE
data__published_main__iod_morphology__image_balanced_selected50__image_qc_pass__none,iod_morphology,data,published_main,image_balanced_selected50,image_qc_pass,NA,18,morphology_null,cs ~ iod,0.06250236488335209,9.999999999999994e-8,TRUE
data__published_main__iod_morphology__image_balanced_selected50__image_qc_pass__none,iod_morphology,data,published_main,image_balanced_selected50,image_qc_pass,NA,18,iod_to_nucleus,cs ~ iod,0.06250236488335209,9.999999999999994e-8,TRUE
data__published_main__iod_morphology__image_balanced_selected50__image_qc_pass__none,iod_morphology,data,published_main,image_balanced_selected50,image_qc_pass,NA,18,iod_to_nucleus,cs ~ iod + ns,0.04495021244908347,9.999999999999994e-8,FALSE
data__published_main__iod_morphology__image_balanced_selected50__image_qc_pass__none,iod_morphology,data,published_main,image_balanced_selected50,image_qc_pass,NA,18,iod_to_cell,ns ~ iod,0.0029359122690805085,1,FALSE
data__published_main__iod_morphology__image_balanced_selected50__image_qc_pass__none,iod_morphology,data,published_main,image_balanced_selected50,image_qc_pass,NA,18,iod_to_cell,cs ~ iod + ns,0.04495021244908347,9.999999999999994e-8,FALSE
data__published_main__iod_morphology__image_balanced_selected50__image_qc_pass__none,iod_morphology,data,published_main,image_balanced_selected50,image_qc_pass,NA,18,iod_nucleus_cell_chain,cs ~ ns + iod,0.7723446100453728,9.999999999999994e-8,TRUE
data__published_main__integrated__image_balanced_selected50__image_qc_pass__none,integrated,data,published_main,image_balanced_selected50,image_qc_pass,NA,18,integrated_null,ns ~ iod,0.0029359122690805085,1,FALSE
data__published_main__integrated__image_balanced_selected50__image_qc_pass__none,integrated,data,published_main,image_balanced_selected50,image_qc_pass,NA,18,integrated_null,cs ~ ns,0.005576286886834683,9.999999999999994e-8,FALSE
data__published_main__integrated__image_balanced_selected50__image_qc_pass__none,integrated,data,published_main,image_balanced_selected50,image_qc_pass,NA,18,integrated_null,ns ~ even,0.05711382329670309,0.4823093907601026,TRUE
data__published_main__integrated__image_balanced_selected50__image_qc_pass__none,integrated,data,published_main,image_balanced_selected50,image_qc_pass,NA,18,integrated_null,ns ~ ltr,0.007885167227170925,9.999999999999994e-8,FALSE
data__published_main__integrated__image_balanced_selected50__image_qc_pass__none,integrated,data,published_main,image_balanced_selected50,image_qc_pass,NA,18,integrated_null,cs ~ iod,0.06250236488335209,9.999999999999994e-8,TRUE
data__published_main__integrated__image_balanced_selected50__image_qc_pass__none,integrated,data,published_main,image_balanced_selected50,image_qc_pass,NA,18,integrated_null,iod ~ even,0.07393300057882314,9.999999999999994e-8,TRUE
data__published_main__integrated__image_balanced_selected50__image_qc_pass__none,integrated,data,published_main,image_balanced_selected50,image_qc_pass,NA,18,integrated_null,iod ~ ltr,0.018061609104563853,9.999999999999994e-8,FALSE
data__published_main__integrated__image_balanced_selected50__image_qc_pass__none,integrated,data,published_main,image_balanced_selected50,image_qc_pass,NA,18,integrated_null,cs ~ even,0.2386697093684627,0.24059683722817168,TRUE
data__published_main__integrated__image_balanced_selected50__image_qc_pass__none,integrated,data,published_main,image_balanced_selected50,image_qc_pass,NA,18,integrated_null,cs ~ ltr,0.06478273341311028,9.999999999999994e-8,TRUE
data__published_main__integrated__image_balanced_selected50__image_qc_pass__none,integrated,data,published_main,image_balanced_selected50,image_qc_pass,NA,18,integrated_null,even ~ ltr,2.9273921061385574e-5,1,FALSE
data__published_main__integrated__image_balanced_selected50__image_qc_pass__none,integrated,data,published_main,image_balanced_selected50,image_qc_pass,NA,18,iod_morphology_only,even ~ ltr,2.9273921061385574e-5,1,FALSE
data__published_main__integrated__image_balanced_selected50__image_qc_pass__none,integrated,data,published_main,image_balanced_selected50,image_qc_pass,NA,18,iod_morphology_only,iod ~ ltr,0.018061609104563853,9.999999999999994e-8,FALSE
data__published_main__integrated__image_balanced_selected50__image_qc_pass__none,integrated,data,published_main,image_balanced_selected50,image_qc_pass,NA,18,iod_morphology_only,ns ~ iod + ltr,0.8808257478649268,1,TRUE
data__published_main__integrated__image_balanced_selected50__image_qc_pass__none,integrated,data,published_main,image_balanced_selected50,image_qc_pass,NA,18,iod_morphology_only,cs ~ ns + ltr,0.6825279162563116,9.999999999999994e-8,TRUE
data__published_main__integrated__image_balanced_selected50__image_qc_pass__none,integrated,data,published_main,image_balanced_selected50,image_qc_pass,NA,18,iod_morphology_only,iod ~ even,0.07393300057882314,9.999999999999994e-8,TRUE
data__published_main__integrated__image_balanced_selected50__image_qc_pass__none,integrated,data,published_main,image_balanced_selected50,image_qc_pass,NA,18,iod_morphology_only,ns ~ iod + even,0.5962369241405858,1,TRUE
data__published_main__integrated__image_balanced_selected50__image_qc_pass__none,integrated,data,published_main,image_balanced_selected50,image_qc_pass,NA,18,iod_morphology_only,cs ~ ns + even,0.8906715545296985,9.999999999999994e-8,TRUE
data__published_main__integrated__image_balanced_selected50__image_qc_pass__none,integrated,data,published_main,image_balanced_selected50,image_qc_pass,NA,18,iod_morphology_only,cs ~ ns + iod,0.7723446100453728,9.999999999999994e-8,TRUE
data__published_main__integrated__image_balanced_selected50__image_qc_pass__none,integrated,data,published_main,image_balanced_selected50,image_qc_pass,NA,18,te_evenness_chain,iod ~ even + ltr,0.11825127649091044,9.999999999999994e-8,TRUE
data__published_main__integrated__image_balanced_selected50__image_qc_pass__none,integrated,data,published_main,image_balanced_selected50,image_qc_pass,NA,18,te_evenness_chain,ns ~ iod + ltr,0.8808257478649268,1,TRUE
data__published_main__integrated__image_balanced_selected50__image_qc_pass__none,integrated,data,published_main,image_balanced_selected50,image_qc_pass,NA,18,te_evenness_chain,cs ~ ns + ltr,0.6825279162563116,9.999999999999994e-8,TRUE
data__published_main__integrated__image_balanced_selected50__image_qc_pass__none,integrated,data,published_main,image_balanced_selected50,image_qc_pass,NA,18,te_evenness_chain,ns ~ ltr + iod + even,0.49320948968968936,1,TRUE
data__published_main__integrated__image_balanced_selected50__image_qc_pass__none,integrated,data,published_main,image_balanced_selected50,image_qc_pass,NA,18,te_evenness_chain,cs ~ ltr + ns + even,0.703298149884505,9.999999999999994e-8,TRUE
data__published_main__integrated__image_balanced_selected50__image_qc_pass__none,integrated,data,published_main,image_balanced_selected50,image_qc_pass,NA,18,te_evenness_chain,cs ~ even + ns + iod,0.7613986177684006,9.999999999999994e-8,TRUE
data__published_main__integrated__image_balanced_selected50__image_qc_pass__none,integrated,data,published_main,image_balanced_selected50,image_qc_pass,NA,18,te_additive_chain,even ~ ltr,2.9273921061385574e-5,1,FALSE
data__published_main__integrated__image_balanced_selected50__image_qc_pass__none,integrated,data,published_main,image_balanced_selected50,image_qc_pass,NA,18,te_additive_chain,ns ~ iod + even,0.5962369241405858,1,TRUE
data__published_main__integrated__image_balanced_selected50__image_qc_pass__none,integrated,data,published_main,image_balanced_selected50,image_qc_pass,NA,18,te_additive_chain,cs ~ ns + even,0.8906715545296985,9.999999999999994e-8,TRUE
data__published_main__integrated__image_balanced_selected50__image_qc_pass__none,integrated,data,published_main,image_balanced_selected50,image_qc_pass,NA,18,te_additive_chain,ns ~ iod + ltr,0.8808257478649268,1,TRUE
data__published_main__integrated__image_balanced_selected50__image_qc_pass__none,integrated,data,published_main,image_balanced_selected50,image_qc_pass,NA,18,te_additive_chain,cs ~ ns + ltr,0.6825279162563116,9.999999999999994e-8,TRUE
data__published_main__integrated__image_balanced_selected50__image_qc_pass__none,integrated,data,published_main,image_balanced_selected50,image_qc_pass,NA,18,te_additive_chain,cs ~ even + ltr + ns + iod,0.8514599867747108,9.999999999999994e-8,TRUE
data__published_main__integrated__image_balanced_selected50__image_qc_pass__none,integrated,data,published_main,image_balanced_selected50,image_qc_pass,NA,18,te_nucleus_bypass,even ~ ltr,2.9273921061385574e-5,1,FALSE
data__published_main__integrated__image_balanced_selected50__image_qc_pass__none,integrated,data,published_main,image_balanced_selected50,image_qc_pass,NA,18,te_nucleus_bypass,iod ~ even + ltr,0.11825127649091044,9.999999999999994e-8,TRUE
data__published_main__integrated__image_balanced_selected50__image_qc_pass__none,integrated,data,published_main,image_balanced_selected50,image_qc_pass,NA,18,te_nucleus_bypass,ns ~ even + iod + ltr,0.6322304851560828,1,TRUE
data__published_main__integrated__image_balanced_selected50__image_qc_pass__none,integrated,data,published_main,image_balanced_selected50,image_qc_pass,NA,18,te_nucleus_bypass,cs ~ ns + ltr,0.6825279162563116,9.999999999999994e-8,TRUE
data__published_main__integrated__image_balanced_selected50__image_qc_pass__none,integrated,data,published_main,image_balanced_selected50,image_qc_pass,NA,18,te_nucleus_bypass,cs ~ ns + even,0.8906715545296985,9.999999999999994e-8,TRUE
data__published_main__integrated__image_balanced_selected50__image_qc_pass__none,integrated,data,published_main,image_balanced_selected50,image_qc_pass,NA,18,te_nucleus_bypass,cs ~ even + ns + iod,0.7613986177684006,9.999999999999994e-8,TRUE
data__published_main__integrated__image_balanced_selected50__image_qc_pass__none,integrated,data,published_main,image_balanced_selected50,image_qc_pass,NA,18,te_cell_bypass,even ~ ltr,2.9273921061385574e-5,1,FALSE
data__published_main__integrated__image_balanced_selected50__image_qc_pass__none,integrated,data,published_main,image_balanced_selected50,image_qc_pass,NA,18,te_cell_bypass,iod ~ even + ltr,0.11825127649091044,9.999999999999994e-8,TRUE
data__published_main__integrated__image_balanced_selected50__image_qc_pass__none,integrated,data,published_main,image_balanced_selected50,image_qc_pass,NA,18,te_cell_bypass,ns ~ iod + ltr,0.8808257478649268,1,TRUE
data__published_main__integrated__image_balanced_selected50__image_qc_pass__none,integrated,data,published_main,image_balanced_selected50,image_qc_pass,NA,18,te_cell_bypass,cs ~ even + ns + ltr,0.5945786963935009,9.999999999999994e-8,TRUE
data__published_main__integrated__image_balanced_selected50__image_qc_pass__none,integrated,data,published_main,image_balanced_selected50,image_qc_pass,NA,18,te_cell_bypass,ns ~ iod + even,0.5962369241405858,1,TRUE
data__published_main__integrated__image_balanced_selected50__image_qc_pass__none,integrated,data,published_main,image_balanced_selected50,image_qc_pass,NA,18,te_cell_bypass,cs ~ even + ns + iod,0.7613986177684006,9.999999999999994e-8,TRUE
data__published_main__iod_morphology__literal_largest100_eligible__image_qc_pass__none,iod_morphology,data,published_main,literal_largest100_eligible,image_qc_pass,NA,18,morphology_null,ns ~ iod,2.4835440774793427e-4,1,FALSE
data__published_main__iod_morphology__literal_largest100_eligible__image_qc_pass__none,iod_morphology,data,published_main,literal_largest100_eligible,image_qc_pass,NA,18,morphology_null,cs ~ ns,8.806605307508362e-4,9.999999999999994e-8,FALSE
data__published_main__iod_morphology__literal_largest100_eligible__image_qc_pass__none,iod_morphology,data,published_main,literal_largest100_eligible,image_qc_pass,NA,18,morphology_null,cs ~ iod,0.14939528064416133,9.999999999999994e-8,TRUE
data__published_main__iod_morphology__literal_largest100_eligible__image_qc_pass__none,iod_morphology,data,published_main,literal_largest100_eligible,image_qc_pass,NA,18,iod_to_nucleus,cs ~ iod,0.14939528064416133,9.999999999999994e-8,TRUE
data__published_main__iod_morphology__literal_largest100_eligible__image_qc_pass__none,iod_morphology,data,published_main,literal_largest100_eligible,image_qc_pass,NA,18,iod_to_nucleus,cs ~ iod + ns,0.0018259907379208423,9.999999999999994e-8,FALSE
data__published_main__iod_morphology__literal_largest100_eligible__image_qc_pass__none,iod_morphology,data,published_main,literal_largest100_eligible,image_qc_pass,NA,18,iod_to_cell,ns ~ iod,2.4835440774793427e-4,1,FALSE
data__published_main__iod_morphology__literal_largest100_eligible__image_qc_pass__none,iod_morphology,data,published_main,literal_largest100_eligible,image_qc_pass,NA,18,iod_to_cell,cs ~ iod + ns,0.0018259907379208423,9.999999999999994e-8,FALSE
data__published_main__iod_morphology__literal_largest100_eligible__image_qc_pass__none,iod_morphology,data,published_main,literal_largest100_eligible,image_qc_pass,NA,18,iod_nucleus_cell_chain,cs ~ ns + iod,0.2520494194284839,9.999999999999994e-8,TRUE
data__published_main__integrated__literal_largest100_eligible__image_qc_pass__none,integrated,data,published_main,literal_largest100_eligible,image_qc_pass,NA,18,integrated_null,ns ~ iod,2.4835440774793427e-4,1,FALSE
data__published_main__integrated__literal_largest100_eligible__image_qc_pass__none,integrated,data,published_main,literal_largest100_eligible,image_qc_pass,NA,18,integrated_null,cs ~ ns,8.806605307508362e-4,9.999999999999994e-8,FALSE
data__published_main__integrated__literal_largest100_eligible__image_qc_pass__none,integrated,data,published_main,literal_largest100_eligible,image_qc_pass,NA,18,integrated_null,ns ~ even,0.020366889030242558,9.999999999999994e-8,FALSE
data__published_main__integrated__literal_largest100_eligible__image_qc_pass__none,integrated,data,published_main,literal_largest100_eligible,image_qc_pass,NA,18,integrated_null,ns ~ ltr,0.025676878455903947,9.999999999999994e-8,FALSE
data__published_main__integrated__literal_largest100_eligible__image_qc_pass__none,integrated,data,published_main,literal_largest100_eligible,image_qc_pass,NA,18,integrated_null,cs ~ iod,0.14939528064416133,9.999999999999994e-8,TRUE
data__published_main__integrated__literal_largest100_eligible__image_qc_pass__none,integrated,data,published_main,literal_largest100_eligible,image_qc_pass,NA,18,integrated_null,iod ~ even,0.07393300057882314,9.999999999999994e-8,TRUE
data__published_main__integrated__literal_largest100_eligible__image_qc_pass__none,integrated,data,published_main,literal_largest100_eligible,image_qc_pass,NA,18,integrated_null,iod ~ ltr,0.018061609104563853,9.999999999999994e-8,FALSE
data__published_main__integrated__literal_largest100_eligible__image_qc_pass__none,integrated,data,published_main,literal_largest100_eligible,image_qc_pass,NA,18,integrated_null,cs ~ even,0.19058270888493756,9.999999999999994e-8,TRUE
data__published_main__integrated__literal_largest100_eligible__image_qc_pass__none,integrated,data,published_main,literal_largest100_eligible,image_qc_pass,NA,18,integrated_null,cs ~ ltr,0.12779951917671847,9.999999999999994e-8,TRUE
data__published_main__integrated__literal_largest100_eligible__image_qc_pass__none,integrated,data,published_main,literal_largest100_eligible,image_qc_pass,NA,18,integrated_null,even ~ ltr,2.9273921061385574e-5,1,FALSE
data__published_main__integrated__literal_largest100_eligible__image_qc_pass__none,integrated,data,published_main,literal_largest100_eligible,image_qc_pass,NA,18,iod_morphology_only,even ~ ltr,2.9273921061385574e-5,1,FALSE
data__published_main__integrated__literal_largest100_eligible__image_qc_pass__none,integrated,data,published_main,literal_largest100_eligible,image_qc_pass,NA,18,iod_morphology_only,iod ~ ltr,0.018061609104563853,9.999999999999994e-8,FALSE
data__published_main__integrated__literal_largest100_eligible__image_qc_pass__none,integrated,data,published_main,literal_largest100_eligible,image_qc_pass,NA,18,iod_morphology_only,ns ~ iod + ltr,0.4831027827310692,1,TRUE
data__published_main__integrated__literal_largest100_eligible__image_qc_pass__none,integrated,data,published_main,literal_largest100_eligible,image_qc_pass,NA,18,iod_morphology_only,cs ~ ns + ltr,0.9938502429859739,9.999999999999994e-8,TRUE
data__published_main__integrated__literal_largest100_eligible__image_qc_pass__none,integrated,data,published_main,literal_largest100_eligible,image_qc_pass,NA,18,iod_morphology_only,iod ~ even,0.07393300057882314,9.999999999999994e-8,TRUE
data__published_main__integrated__literal_largest100_eligible__image_qc_pass__none,integrated,data,published_main,literal_largest100_eligible,image_qc_pass,NA,18,iod_morphology_only,ns ~ iod + even,0.9379257864125443,1,TRUE
data__published_main__integrated__literal_largest100_eligible__image_qc_pass__none,integrated,data,published_main,literal_largest100_eligible,image_qc_pass,NA,18,iod_morphology_only,cs ~ ns + even,0.6832609136413575,9.999999999999994e-8,TRUE
data__published_main__integrated__literal_largest100_eligible__image_qc_pass__none,integrated,data,published_main,literal_largest100_eligible,image_qc_pass,NA,18,iod_morphology_only,cs ~ ns + iod,0.2520494194284839,9.999999999999994e-8,TRUE
data__published_main__integrated__literal_largest100_eligible__image_qc_pass__none,integrated,data,published_main,literal_largest100_eligible,image_qc_pass,NA,18,te_evenness_chain,iod ~ even + ltr,0.11825127649091044,9.999999999999994e-8,TRUE
data__published_main__integrated__literal_largest100_eligible__image_qc_pass__none,integrated,data,published_main,literal_largest100_eligible,image_qc_pass,NA,18,te_evenness_chain,ns ~ iod + ltr,0.4831027827310692,1,TRUE
data__published_main__integrated__literal_largest100_eligible__image_qc_pass__none,integrated,data,published_main,literal_largest100_eligible,image_qc_pass,NA,18,te_evenness_chain,cs ~ ns + ltr,0.9938502429859739,9.999999999999994e-8,TRUE
data__published_main__integrated__literal_largest100_eligible__image_qc_pass__none,integrated,data,published_main,literal_largest100_eligible,image_qc_pass,NA,18,te_evenness_chain,ns ~ ltr + iod + even,0.25871698410827904,1,TRUE
data__published_main__integrated__literal_largest100_eligible__image_qc_pass__none,integrated,data,published_main,literal_largest100_eligible,image_qc_pass,NA,18,te_evenness_chain,cs ~ ltr + ns + even,0.6499738396405355,9.999999999999994e-8,TRUE
data__published_main__integrated__literal_largest100_eligible__image_qc_pass__none,integrated,data,published_main,literal_largest100_eligible,image_qc_pass,NA,18,te_evenness_chain,cs ~ even + ns + iod,0.28023811316917285,9.999999999999994e-8,TRUE
data__published_main__integrated__literal_largest100_eligible__image_qc_pass__none,integrated,data,published_main,literal_largest100_eligible,image_qc_pass,NA,18,te_additive_chain,even ~ ltr,2.9273921061385574e-5,1,FALSE
data__published_main__integrated__literal_largest100_eligible__image_qc_pass__none,integrated,data,published_main,literal_largest100_eligible,image_qc_pass,NA,18,te_additive_chain,ns ~ iod + even,0.9379257864125443,1,TRUE
data__published_main__integrated__literal_largest100_eligible__image_qc_pass__none,integrated,data,published_main,literal_largest100_eligible,image_qc_pass,NA,18,te_additive_chain,cs ~ ns + even,0.6832609136413575,9.999999999999994e-8,TRUE
data__published_main__integrated__literal_largest100_eligible__image_qc_pass__none,integrated,data,published_main,literal_largest100_eligible,image_qc_pass,NA,18,te_additive_chain,ns ~ iod + ltr,0.4831027827310692,1,TRUE
data__published_main__integrated__literal_largest100_eligible__image_qc_pass__none,integrated,data,published_main,literal_largest100_eligible,image_qc_pass,NA,18,te_additive_chain,cs ~ ns + ltr,0.9938502429859739,9.999999999999994e-8,TRUE
data__published_main__integrated__literal_largest100_eligible__image_qc_pass__none,integrated,data,published_main,literal_largest100_eligible,image_qc_pass,NA,18,te_additive_chain,cs ~ even + ltr + ns + iod,0.24304703585547496,9.999999999999994e-8,TRUE
data__published_main__integrated__literal_largest100_eligible__image_qc_pass__none,integrated,data,published_main,literal_largest100_eligible,image_qc_pass,NA,18,te_nucleus_bypass,even ~ ltr,2.9273921061385574e-5,1,FALSE
data__published_main__integrated__literal_largest100_eligible__image_qc_pass__none,integrated,data,published_main,literal_largest100_eligible,image_qc_pass,NA,18,te_nucleus_bypass,iod ~ even + ltr,0.11825127649091044,9.999999999999994e-8,TRUE
data__published_main__integrated__literal_largest100_eligible__image_qc_pass__none,integrated,data,published_main,literal_largest100_eligible,image_qc_pass,NA,18,te_nucleus_bypass,ns ~ even + iod + ltr,0.18864110225392902,1,TRUE
data__published_main__integrated__literal_largest100_eligible__image_qc_pass__none,integrated,data,published_main,literal_largest100_eligible,image_qc_pass,NA,18,te_nucleus_bypass,cs ~ ns + ltr,0.9938502429859739,9.999999999999994e-8,TRUE
data__published_main__integrated__literal_largest100_eligible__image_qc_pass__none,integrated,data,published_main,literal_largest100_eligible,image_qc_pass,NA,18,te_nucleus_bypass,cs ~ ns + even,0.6832609136413575,9.999999999999994e-8,TRUE
data__published_main__integrated__literal_largest100_eligible__image_qc_pass__none,integrated,data,published_main,literal_largest100_eligible,image_qc_pass,NA,18,te_nucleus_bypass,cs ~ even + ns + iod,0.28023811316917285,9.999999999999994e-8,TRUE
data__published_main__integrated__literal_largest100_eligible__image_qc_pass__none,integrated,data,published_main,literal_largest100_eligible,image_qc_pass,NA,18,te_cell_bypass,even ~ ltr,2.9273921061385574e-5,1,FALSE
data__published_main__integrated__literal_largest100_eligible__image_qc_pass__none,integrated,data,published_main,literal_largest100_eligible,image_qc_pass,NA,18,te_cell_bypass,iod ~ even + ltr,0.11825127649091044,9.999999999999994e-8,TRUE
data__published_main__integrated__literal_largest100_eligible__image_qc_pass__none,integrated,data,published_main,literal_largest100_eligible,image_qc_pass,NA,18,te_cell_bypass,ns ~ iod + ltr,0.4831027827310692,1,TRUE
data__published_main__integrated__literal_largest100_eligible__image_qc_pass__none,integrated,data,published_main,literal_largest100_eligible,image_qc_pass,NA,18,te_cell_bypass,cs ~ even + ns + ltr,0.8213779625760101,9.999999999999994e-8,TRUE
data__published_main__integrated__literal_largest100_eligible__image_qc_pass__none,integrated,data,published_main,literal_largest100_eligible,image_qc_pass,NA,18,te_cell_bypass,ns ~ iod + even,0.9379257864125443,1,TRUE
data__published_main__integrated__literal_largest100_eligible__image_qc_pass__none,integrated,data,published_main,literal_largest100_eligible,image_qc_pass,NA,18,te_cell_bypass,cs ~ even + ns + iod,0.28023811316917285,9.999999999999994e-8,TRUE
data__published_main__iod_morphology__literal_largest50_eligible__image_qc_pass__none,iod_morphology,data,published_main,literal_largest50_eligible,image_qc_pass,NA,18,morphology_null,ns ~ iod,0.0017953955605967934,1,FALSE
data__published_main__iod_morphology__literal_largest50_eligible__image_qc_pass__none,iod_morphology,data,published_main,literal_largest50_eligible,image_qc_pass,NA,18,morphology_null,cs ~ ns,8.233925890946726e-4,9.999999999999994e-8,FALSE
data__published_main__iod_morphology__literal_largest50_eligible__image_qc_pass__none,iod_morphology,data,published_main,literal_largest50_eligible,image_qc_pass,NA,18,morphology_null,cs ~ iod,0.19059927021603829,9.999999999999994e-8,TRUE
data__published_main__iod_morphology__literal_largest50_eligible__image_qc_pass__none,iod_morphology,data,published_main,literal_largest50_eligible,image_qc_pass,NA,18,iod_to_nucleus,cs ~ iod,0.19059927021603829,9.999999999999994e-8,TRUE
data__published_main__iod_morphology__literal_largest50_eligible__image_qc_pass__none,iod_morphology,data,published_main,literal_largest50_eligible,image_qc_pass,NA,18,iod_to_nucleus,cs ~ iod + ns,0.001900058047828541,9.999999999999994e-8,FALSE
data__published_main__iod_morphology__literal_largest50_eligible__image_qc_pass__none,iod_morphology,data,published_main,literal_largest50_eligible,image_qc_pass,NA,18,iod_to_cell,ns ~ iod,0.0017953955605967934,1,FALSE
data__published_main__iod_morphology__literal_largest50_eligible__image_qc_pass__none,iod_morphology,data,published_main,literal_largest50_eligible,image_qc_pass,NA,18,iod_to_cell,cs ~ iod + ns,0.001900058047828541,9.999999999999994e-8,FALSE
data__published_main__iod_morphology__literal_largest50_eligible__image_qc_pass__none,iod_morphology,data,published_main,literal_largest50_eligible,image_qc_pass,NA,18,iod_nucleus_cell_chain,cs ~ ns + iod,0.37683233772085833,9.999999999999994e-8,TRUE
data__published_main__integrated__literal_largest50_eligible__image_qc_pass__none,integrated,data,published_main,literal_largest50_eligible,image_qc_pass,NA,18,integrated_null,ns ~ iod,0.0017953955605967934,1,FALSE
data__published_main__integrated__literal_largest50_eligible__image_qc_pass__none,integrated,data,published_main,literal_largest50_eligible,image_qc_pass,NA,18,integrated_null,cs ~ ns,8.233925890946726e-4,9.999999999999994e-8,FALSE
data__published_main__integrated__literal_largest50_eligible__image_qc_pass__none,integrated,data,published_main,literal_largest50_eligible,image_qc_pass,NA,18,integrated_null,ns ~ even,0.02616301545357618,9.999999999999994e-8,FALSE
data__published_main__integrated__literal_largest50_eligible__image_qc_pass__none,integrated,data,published_main,literal_largest50_eligible,image_qc_pass,NA,18,integrated_null,ns ~ ltr,0.05275921792732689,9.999999999999994e-8,TRUE
data__published_main__integrated__literal_largest50_eligible__image_qc_pass__none,integrated,data,published_main,literal_largest50_eligible,image_qc_pass,NA,18,integrated_null,cs ~ iod,0.19059927021603829,9.999999999999994e-8,TRUE
data__published_main__integrated__literal_largest50_eligible__image_qc_pass__none,integrated,data,published_main,literal_largest50_eligible,image_qc_pass,NA,18,integrated_null,iod ~ even,0.07393300057882314,9.999999999999994e-8,TRUE
data__published_main__integrated__literal_largest50_eligible__image_qc_pass__none,integrated,data,published_main,literal_largest50_eligible,image_qc_pass,NA,18,integrated_null,iod ~ ltr,0.018061609104563853,9.999999999999994e-8,FALSE
data__published_main__integrated__literal_largest50_eligible__image_qc_pass__none,integrated,data,published_main,literal_largest50_eligible,image_qc_pass,NA,18,integrated_null,cs ~ even,0.22513179558432508,9.999999999999994e-8,TRUE
data__published_main__integrated__literal_largest50_eligible__image_qc_pass__none,integrated,data,published_main,literal_largest50_eligible,image_qc_pass,NA,18,integrated_null,cs ~ ltr,0.1531978668438469,9.999999999999994e-8,TRUE
data__published_main__integrated__literal_largest50_eligible__image_qc_pass__none,integrated,data,published_main,literal_largest50_eligible,image_qc_pass,NA,18,integrated_null,even ~ ltr,2.9273921061385574e-5,1,FALSE
data__published_main__integrated__literal_largest50_eligible__image_qc_pass__none,integrated,data,published_main,literal_largest50_eligible,image_qc_pass,NA,18,iod_morphology_only,even ~ ltr,2.9273921061385574e-5,1,FALSE
data__published_main__integrated__literal_largest50_eligible__image_qc_pass__none,integrated,data,published_main,literal_largest50_eligible,image_qc_pass,NA,18,iod_morphology_only,iod ~ ltr,0.018061609104563853,9.999999999999994e-8,FALSE
data__published_main__integrated__literal_largest50_eligible__image_qc_pass__none,integrated,data,published_main,literal_largest50_eligible,image_qc_pass,NA,18,iod_morphology_only,ns ~ iod + ltr,0.44152129955334485,1,TRUE
data__published_main__integrated__literal_largest50_eligible__image_qc_pass__none,integrated,data,published_main,literal_largest50_eligible,image_qc_pass,NA,18,iod_morphology_only,cs ~ ns + ltr,0.90660998083852,9.999999999999994e-8,TRUE
data__published_main__integrated__literal_largest50_eligible__image_qc_pass__none,integrated,data,published_main,literal_largest50_eligible,image_qc_pass,NA,18,iod_morphology_only,iod ~ even,0.07393300057882314,9.999999999999994e-8,TRUE
data__published_main__integrated__literal_largest50_eligible__image_qc_pass__none,integrated,data,published_main,literal_largest50_eligible,image_qc_pass,NA,18,iod_morphology_only,ns ~ iod + even,0.1572097698411166,9.999999999999994e-8,TRUE
data__published_main__integrated__literal_largest50_eligible__image_qc_pass__none,integrated,data,published_main,literal_largest50_eligible,image_qc_pass,NA,18,iod_morphology_only,cs ~ ns + even,0.6371122434809238,9.999999999999994e-8,TRUE
data__published_main__integrated__literal_largest50_eligible__image_qc_pass__none,integrated,data,published_main,literal_largest50_eligible,image_qc_pass,NA,18,iod_morphology_only,cs ~ ns + iod,0.37683233772085833,9.999999999999994e-8,TRUE
data__published_main__integrated__literal_largest50_eligible__image_qc_pass__none,integrated,data,published_main,literal_largest50_eligible,image_qc_pass,NA,18,te_evenness_chain,iod ~ even + ltr,0.11825127649091044,9.999999999999994e-8,TRUE
data__published_main__integrated__literal_largest50_eligible__image_qc_pass__none,integrated,data,published_main,literal_largest50_eligible,image_qc_pass,NA,18,te_evenness_chain,ns ~ iod + ltr,0.44152129955334485,1,TRUE
data__published_main__integrated__literal_largest50_eligible__image_qc_pass__none,integrated,data,published_main,literal_largest50_eligible,image_qc_pass,NA,18,te_evenness_chain,cs ~ ns + ltr,0.90660998083852,9.999999999999994e-8,TRUE
data__published_main__integrated__literal_largest50_eligible__image_qc_pass__none,integrated,data,published_main,literal_largest50_eligible,image_qc_pass,NA,18,te_evenness_chain,ns ~ ltr + iod + even,0.2919511396126145,1,TRUE
data__published_main__integrated__literal_largest50_eligible__image_qc_pass__none,integrated,data,published_main,literal_largest50_eligible,image_qc_pass,NA,18,te_evenness_chain,cs ~ ltr + ns + even,0.5385077539222065,9.999999999999994e-8,TRUE
data__published_main__integrated__literal_largest50_eligible__image_qc_pass__none,integrated,data,published_main,literal_largest50_eligible,image_qc_pass,NA,18,te_evenness_chain,cs ~ even + ns + iod,0.4266131051518567,9.999999999999994e-8,TRUE
data__published_main__integrated__literal_largest50_eligible__image_qc_pass__none,integrated,data,published_main,literal_largest50_eligible,image_qc_pass,NA,18,te_additive_chain,even ~ ltr,2.9273921061385574e-5,1,FALSE
data__published_main__integrated__literal_largest50_eligible__image_qc_pass__none,integrated,data,published_main,literal_largest50_eligible,image_qc_pass,NA,18,te_additive_chain,ns ~ iod + even,0.1572097698411166,9.999999999999994e-8,TRUE
data__published_main__integrated__literal_largest50_eligible__image_qc_pass__none,integrated,data,published_main,literal_largest50_eligible,image_qc_pass,NA,18,te_additive_chain,cs ~ ns + even,0.6371122434809238,9.999999999999994e-8,TRUE
data__published_main__integrated__literal_largest50_eligible__image_qc_pass__none,integrated,data,published_main,literal_largest50_eligible,image_qc_pass,NA,18,te_additive_chain,ns ~ iod + ltr,0.44152129955334485,1,TRUE
data__published_main__integrated__literal_largest50_eligible__image_qc_pass__none,integrated,data,published_main,literal_largest50_eligible,image_qc_pass,NA,18,te_additive_chain,cs ~ ns + ltr,0.90660998083852,9.999999999999994e-8,TRUE
data__published_main__integrated__literal_largest50_eligible__image_qc_pass__none,integrated,data,published_main,literal_largest50_eligible,image_qc_pass,NA,18,te_additive_chain,cs ~ even + ltr + ns + iod,0.3238193548205289,9.999999999999994e-8,TRUE
data__published_main__integrated__literal_largest50_eligible__image_qc_pass__none,integrated,data,published_main,literal_largest50_eligible,image_qc_pass,NA,18,te_nucleus_bypass,even ~ ltr,2.9273921061385574e-5,1,FALSE
data__published_main__integrated__literal_largest50_eligible__image_qc_pass__none,integrated,data,published_main,literal_largest50_eligible,image_qc_pass,NA,18,te_nucleus_bypass,iod ~ even + ltr,0.11825127649091044,9.999999999999994e-8,TRUE
data__published_main__integrated__literal_largest50_eligible__image_qc_pass__none,integrated,data,published_main,literal_largest50_eligible,image_qc_pass,NA,18,te_nucleus_bypass,ns ~ even + iod + ltr,0.1973282945384746,1,TRUE
data__published_main__integrated__literal_largest50_eligible__image_qc_pass__none,integrated,data,published_main,literal_largest50_eligible,image_qc_pass,NA,18,te_nucleus_bypass,cs ~ ns + ltr,0.90660998083852,9.999999999999994e-8,TRUE
data__published_main__integrated__literal_largest50_eligible__image_qc_pass__none,integrated,data,published_main,literal_largest50_eligible,image_qc_pass,NA,18,te_nucleus_bypass,cs ~ ns + even,0.6371122434809238,9.999999999999994e-8,TRUE
data__published_main__integrated__literal_largest50_eligible__image_qc_pass__none,integrated,data,published_main,literal_largest50_eligible,image_qc_pass,NA,18,te_nucleus_bypass,cs ~ even + ns + iod,0.4266131051518567,9.999999999999994e-8,TRUE
data__published_main__integrated__literal_largest50_eligible__image_qc_pass__none,integrated,data,published_main,literal_largest50_eligible,image_qc_pass,NA,18,te_cell_bypass,even ~ ltr,2.9273921061385574e-5,1,FALSE
data__published_main__integrated__literal_largest50_eligible__image_qc_pass__none,integrated,data,published_main,literal_largest50_eligible,image_qc_pass,NA,18,te_cell_bypass,iod ~ even + ltr,0.11825127649091044,9.999999999999994e-8,TRUE
data__published_main__integrated__literal_largest50_eligible__image_qc_pass__none,integrated,data,published_main,literal_largest50_eligible,image_qc_pass,NA,18,te_cell_bypass,ns ~ iod + ltr,0.44152129955334485,1,TRUE
data__published_main__integrated__literal_largest50_eligible__image_qc_pass__none,integrated,data,published_main,literal_largest50_eligible,image_qc_pass,NA,18,te_cell_bypass,cs ~ even + ns + ltr,0.668041577930462,9.999999999999994e-8,TRUE
data__published_main__integrated__literal_largest50_eligible__image_qc_pass__none,integrated,data,published_main,literal_largest50_eligible,image_qc_pass,NA,18,te_cell_bypass,ns ~ iod + even,0.1572097698411166,9.999999999999994e-8,TRUE
data__published_main__integrated__literal_largest50_eligible__image_qc_pass__none,integrated,data,published_main,literal_largest50_eligible,image_qc_pass,NA,18,te_cell_bypass,cs ~ even + ns + iod,0.4266131051518567,9.999999999999994e-8,TRUE
data__published_main__iod_morphology__manual_keep_pool__image_qc_pass__none,iod_morphology,data,published_main,manual_keep_pool,image_qc_pass,NA,18,morphology_null,ns ~ iod,0.00367966128050894,9.999999999999994e-8,FALSE
data__published_main__iod_morphology__manual_keep_pool__image_qc_pass__none,iod_morphology,data,published_main,manual_keep_pool,image_qc_pass,NA,18,morphology_null,cs ~ ns,0.010451912683696706,9.999999999999994e-8,FALSE
data__published_main__iod_morphology__manual_keep_pool__image_qc_pass__none,iod_morphology,data,published_main,manual_keep_pool,image_qc_pass,NA,18,morphology_null,cs ~ iod,0.47941317383284165,9.999999999999994e-8,TRUE
data__published_main__iod_morphology__manual_keep_pool__image_qc_pass__none,iod_morphology,data,published_main,manual_keep_pool,image_qc_pass,NA,18,iod_to_nucleus,cs ~ iod,0.47941317383284165,9.999999999999994e-8,TRUE
data__published_main__iod_morphology__manual_keep_pool__image_qc_pass__none,iod_morphology,data,published_main,manual_keep_pool,image_qc_pass,NA,18,iod_to_nucleus,cs ~ iod + ns,0.0068567893282245685,9.999999999999994e-8,FALSE
data__published_main__iod_morphology__manual_keep_pool__image_qc_pass__none,iod_morphology,data,published_main,manual_keep_pool,image_qc_pass,NA,18,iod_to_cell,ns ~ iod,0.00367966128050894,9.999999999999994e-8,FALSE
data__published_main__iod_morphology__manual_keep_pool__image_qc_pass__none,iod_morphology,data,published_main,manual_keep_pool,image_qc_pass,NA,18,iod_to_cell,cs ~ iod + ns,0.0068567893282245685,9.999999999999994e-8,FALSE
data__published_main__iod_morphology__manual_keep_pool__image_qc_pass__none,iod_morphology,data,published_main,manual_keep_pool,image_qc_pass,NA,18,iod_nucleus_cell_chain,cs ~ ns + iod,0.2001447278534208,9.999999999999994e-8,TRUE
data__published_main__integrated__manual_keep_pool__image_qc_pass__none,integrated,data,published_main,manual_keep_pool,image_qc_pass,NA,18,integrated_null,ns ~ iod,0.00367966128050894,9.999999999999994e-8,FALSE
data__published_main__integrated__manual_keep_pool__image_qc_pass__none,integrated,data,published_main,manual_keep_pool,image_qc_pass,NA,18,integrated_null,cs ~ ns,0.010451912683696706,9.999999999999994e-8,FALSE
data__published_main__integrated__manual_keep_pool__image_qc_pass__none,integrated,data,published_main,manual_keep_pool,image_qc_pass,NA,18,integrated_null,ns ~ even,0.09431555287872277,1.815071442423642e-7,TRUE
data__published_main__integrated__manual_keep_pool__image_qc_pass__none,integrated,data,published_main,manual_keep_pool,image_qc_pass,NA,18,integrated_null,ns ~ ltr,0.021676701952825204,9.999999999999994e-8,FALSE
data__published_main__integrated__manual_keep_pool__image_qc_pass__none,integrated,data,published_main,manual_keep_pool,image_qc_pass,NA,18,integrated_null,cs ~ iod,0.47941317383284165,9.999999999999994e-8,TRUE
data__published_main__integrated__manual_keep_pool__image_qc_pass__none,integrated,data,published_main,manual_keep_pool,image_qc_pass,NA,18,integrated_null,iod ~ even,0.07393300057882314,9.999999999999994e-8,TRUE
data__published_main__integrated__manual_keep_pool__image_qc_pass__none,integrated,data,published_main,manual_keep_pool,image_qc_pass,NA,18,integrated_null,iod ~ ltr,0.018061609104563853,9.999999999999994e-8,FALSE
data__published_main__integrated__manual_keep_pool__image_qc_pass__none,integrated,data,published_main,manual_keep_pool,image_qc_pass,NA,18,integrated_null,cs ~ even,0.44006432768162596,9.999999999999994e-8,TRUE
data__published_main__integrated__manual_keep_pool__image_qc_pass__none,integrated,data,published_main,manual_keep_pool,image_qc_pass,NA,18,integrated_null,cs ~ ltr,0.0663877308074587,9.999999999999994e-8,TRUE
data__published_main__integrated__manual_keep_pool__image_qc_pass__none,integrated,data,published_main,manual_keep_pool,image_qc_pass,NA,18,integrated_null,even ~ ltr,2.9273921061385574e-5,1,FALSE
data__published_main__integrated__manual_keep_pool__image_qc_pass__none,integrated,data,published_main,manual_keep_pool,image_qc_pass,NA,18,iod_morphology_only,even ~ ltr,2.9273921061385574e-5,1,FALSE
data__published_main__integrated__manual_keep_pool__image_qc_pass__none,integrated,data,published_main,manual_keep_pool,image_qc_pass,NA,18,iod_morphology_only,iod ~ ltr,0.018061609104563853,9.999999999999994e-8,FALSE
data__published_main__integrated__manual_keep_pool__image_qc_pass__none,integrated,data,published_main,manual_keep_pool,image_qc_pass,NA,18,iod_morphology_only,ns ~ iod + ltr,0.2697664094908753,9.999999999999994e-8,TRUE
data__published_main__integrated__manual_keep_pool__image_qc_pass__none,integrated,data,published_main,manual_keep_pool,image_qc_pass,NA,18,iod_morphology_only,cs ~ ns + ltr,0.4753847363863054,9.999999999999994e-8,TRUE
data__published_main__integrated__manual_keep_pool__image_qc_pass__none,integrated,data,published_main,manual_keep_pool,image_qc_pass,NA,18,iod_morphology_only,iod ~ even,0.07393300057882314,9.999999999999994e-8,TRUE
data__published_main__integrated__manual_keep_pool__image_qc_pass__none,integrated,data,published_main,manual_keep_pool,image_qc_pass,NA,18,iod_morphology_only,ns ~ iod + even,0.4776391890470636,9.999999999999994e-8,TRUE
data__published_main__integrated__manual_keep_pool__image_qc_pass__none,integrated,data,published_main,manual_keep_pool,image_qc_pass,NA,18,iod_morphology_only,cs ~ ns + even,0.8195381874713535,9.999999999999994e-8,TRUE
data__published_main__integrated__manual_keep_pool__image_qc_pass__none,integrated,data,published_main,manual_keep_pool,image_qc_pass,NA,18,iod_morphology_only,cs ~ ns + iod,0.2001447278534208,9.999999999999994e-8,TRUE
data__published_main__integrated__manual_keep_pool__image_qc_pass__none,integrated,data,published_main,manual_keep_pool,image_qc_pass,NA,18,te_evenness_chain,iod ~ even + ltr,0.11825127649091044,9.999999999999994e-8,TRUE
data__published_main__integrated__manual_keep_pool__image_qc_pass__none,integrated,data,published_main,manual_keep_pool,image_qc_pass,NA,18,te_evenness_chain,ns ~ iod + ltr,0.2697664094908753,9.999999999999994e-8,TRUE
data__published_main__integrated__manual_keep_pool__image_qc_pass__none,integrated,data,published_main,manual_keep_pool,image_qc_pass,NA,18,te_evenness_chain,cs ~ ns + ltr,0.4753847363863054,9.999999999999994e-8,TRUE
data__published_main__integrated__manual_keep_pool__image_qc_pass__none,integrated,data,published_main,manual_keep_pool,image_qc_pass,NA,18,te_evenness_chain,ns ~ ltr + iod + even,0.8916283065832596,9.999999999999994e-8,TRUE
data__published_main__integrated__manual_keep_pool__image_qc_pass__none,integrated,data,published_main,manual_keep_pool,image_qc_pass,NA,18,te_evenness_chain,cs ~ ltr + ns + even,0.455720536780563,9.999999999999994e-8,TRUE
data__published_main__integrated__manual_keep_pool__image_qc_pass__none,integrated,data,published_main,manual_keep_pool,image_qc_pass,NA,18,te_evenness_chain,cs ~ even + ns + iod,0.22288290123740984,9.999999999999994e-8,TRUE
data__published_main__integrated__manual_keep_pool__image_qc_pass__none,integrated,data,published_main,manual_keep_pool,image_qc_pass,NA,18,te_additive_chain,even ~ ltr,2.9273921061385574e-5,1,FALSE
data__published_main__integrated__manual_keep_pool__image_qc_pass__none,integrated,data,published_main,manual_keep_pool,image_qc_pass,NA,18,te_additive_chain,ns ~ iod + even,0.4776391890470636,9.999999999999994e-8,TRUE
data__published_main__integrated__manual_keep_pool__image_qc_pass__none,integrated,data,published_main,manual_keep_pool,image_qc_pass,NA,18,te_additive_chain,cs ~ ns + even,0.8195381874713535,9.999999999999994e-8,TRUE
data__published_main__integrated__manual_keep_pool__image_qc_pass__none,integrated,data,published_main,manual_keep_pool,image_qc_pass,NA,18,te_additive_chain,ns ~ iod + ltr,0.2697664094908753,9.999999999999994e-8,TRUE
data__published_main__integrated__manual_keep_pool__image_qc_pass__none,integrated,data,published_main,manual_keep_pool,image_qc_pass,NA,18,te_additive_chain,cs ~ ns + ltr,0.4753847363863054,9.999999999999994e-8,TRUE
data__published_main__integrated__manual_keep_pool__image_qc_pass__none,integrated,data,published_main,manual_keep_pool,image_qc_pass,NA,18,te_additive_chain,cs ~ even + ltr + ns + iod,0.13292458484740485,9.999999999999994e-8,TRUE
data__published_main__integrated__manual_keep_pool__image_qc_pass__none,integrated,data,published_main,manual_keep_pool,image_qc_pass,NA,18,te_nucleus_bypass,even ~ ltr,2.9273921061385574e-5,1,FALSE
data__published_main__integrated__manual_keep_pool__image_qc_pass__none,integrated,data,published_main,manual_keep_pool,image_qc_pass,NA,18,te_nucleus_bypass,iod ~ even + ltr,0.11825127649091044,9.999999999999994e-8,TRUE
data__published_main__integrated__manual_keep_pool__image_qc_pass__none,integrated,data,published_main,manual_keep_pool,image_qc_pass,NA,18,te_nucleus_bypass,ns ~ even + iod + ltr,0.4085662351559325,9.999999999999994e-8,TRUE
data__published_main__integrated__manual_keep_pool__image_qc_pass__none,integrated,data,published_main,manual_keep_pool,image_qc_pass,NA,18,te_nucleus_bypass,cs ~ ns + ltr,0.4753847363863054,9.999999999999994e-8,TRUE
data__published_main__integrated__manual_keep_pool__image_qc_pass__none,integrated,data,published_main,manual_keep_pool,image_qc_pass,NA,18,te_nucleus_bypass,cs ~ ns + even,0.8195381874713535,9.999999999999994e-8,TRUE
data__published_main__integrated__manual_keep_pool__image_qc_pass__none,integrated,data,published_main,manual_keep_pool,image_qc_pass,NA,18,te_nucleus_bypass,cs ~ even + ns + iod,0.22288290123740984,9.999999999999994e-8,TRUE
data__published_main__integrated__manual_keep_pool__image_qc_pass__none,integrated,data,published_main,manual_keep_pool,image_qc_pass,NA,18,te_cell_bypass,even ~ ltr,2.9273921061385574e-5,1,FALSE
data__published_main__integrated__manual_keep_pool__image_qc_pass__none,integrated,data,published_main,manual_keep_pool,image_qc_pass,NA,18,te_cell_bypass,iod ~ even + ltr,0.11825127649091044,9.999999999999994e-8,TRUE
data__published_main__integrated__manual_keep_pool__image_qc_pass__none,integrated,data,published_main,manual_keep_pool,image_qc_pass,NA,18,te_cell_bypass,ns ~ iod + ltr,0.2697664094908753,9.999999999999994e-8,TRUE
data__published_main__integrated__manual_keep_pool__image_qc_pass__none,integrated,data,published_main,manual_keep_pool,image_qc_pass,NA,18,te_cell_bypass,cs ~ even + ns + ltr,0.32161526303088395,9.999999999999994e-8,TRUE
data__published_main__integrated__manual_keep_pool__image_qc_pass__none,integrated,data,published_main,manual_keep_pool,image_qc_pass,NA,18,te_cell_bypass,ns ~ iod + even,0.4776391890470636,9.999999999999994e-8,TRUE
data__published_main__integrated__manual_keep_pool__image_qc_pass__none,integrated,data,published_main,manual_keep_pool,image_qc_pass,NA,18,te_cell_bypass,cs ~ even + ns + iod,0.22288290123740984,9.999999999999994e-8,TRUE
