id,decision,decision_source,species,rank,review_key,filename,tile_name
"amphileucus-0018","keep","implicit_default","D. amphileucus","18","Process_337_raw_green.ome.tiff::tile_y040960_x094208.tiff::95","Process_337_raw_green.ome.tiff","tile_y040960_x094208.tiff"
"amphileucus-0036","keep","implicit_default","D. amphileucus","36","Process_338_raw_green.ome.tiff::tile_y008192_x081920.tiff::10","Process_338_raw_green.ome.tiff","tile_y008192_x081920.tiff"
"amphileucus-0026","keep","implicit_default","D. amphileucus","26","Process_337_raw_green.ome.tiff::tile_y040960_x094208.tiff::75","Process_337_raw_green.ome.tiff","tile_y040960_x094208.tiff"
"amphileucus-0028","keep","implicit_default","D. amphileucus","28","Process_337_raw_green.ome.tiff::tile_y045056_x049152.tiff::100","Process_337_raw_green.ome.tiff","tile_y045056_x049152.tiff"
"amphileucus-0027","keep","implicit_default","D. amphileucus","27","Process_338_raw_green.ome.tiff::tile_y024576_x004096.tiff::116","Process_338_raw_green.ome.tiff","tile_y024576_x004096.tiff"
"amphileucus-0038","keep","implicit_default","D. amphileucus","38","Process_337_raw_green.ome.tiff::tile_y020480_x094208.tiff::86","Process_337_raw_green.ome.tiff","tile_y020480_x094208.tiff"
"amphileucus-0005","keep","implicit_default","D. amphileucus","5","Process_337_raw_green.ome.tiff::tile_y020480_x094208.tiff::102","Process_337_raw_green.ome.tiff","tile_y020480_x094208.tiff"
"amphileucus-0006","keep","implicit_default","D. amphileucus","6","Process_337_raw_green.ome.tiff::tile_y032768_x040960.tiff::15","Process_337_raw_green.ome.tiff","tile_y032768_x040960.tiff"
"amphileucus-0016","keep","implicit_default","D. amphileucus","16","Process_338_raw_green.ome.tiff::tile_y040960_x106496.tiff::37","Process_338_raw_green.ome.tiff","tile_y040960_x106496.tiff"
"amphileucus-0008","keep","implicit_default","D. amphileucus","8","Process_338_raw_green.ome.tiff::tile_y008192_x086016.tiff::1","Process_338_raw_green.ome.tiff","tile_y008192_x086016.tiff"
"amphileucus-0032","keep","implicit_default","D. amphileucus","32","Process_338_raw_green.ome.tiff::tile_y008192_x086016.tiff::113","Process_338_raw_green.ome.tiff","tile_y008192_x086016.tiff"
"amphileucus-0024","keep","explicit","D. amphileucus","24","Process_338_raw_green.ome.tiff::tile_y040960_x106496.tiff::175","Process_338_raw_green.ome.tiff","tile_y040960_x106496.tiff"
"amphileucus-0021","keep","implicit_default","D. amphileucus","21","Process_338_raw_green.ome.tiff::tile_y024576_x004096.tiff::109","Process_338_raw_green.ome.tiff","tile_y024576_x004096.tiff"
"amphileucus-0034","keep","implicit_default","D. amphileucus","34","Process_338_raw_green.ome.tiff::tile_y040960_x106496.tiff::2","Process_338_raw_green.ome.tiff","tile_y040960_x106496.tiff"
"amphileucus-0023","keep","implicit_default","D. amphileucus","23","Process_338_raw_green.ome.tiff::tile_y040960_x106496.tiff::218","Process_338_raw_green.ome.tiff","tile_y040960_x106496.tiff"
"amphileucus-0001","problem","explicit","D. amphileucus","1","Process_338_raw_green.ome.tiff::tile_y040960_x106496.tiff::84","Process_338_raw_green.ome.tiff","tile_y040960_x106496.tiff"
"amphileucus-0037","keep","implicit_default","D. amphileucus","37","Process_338_raw_green.ome.tiff::tile_y008192_x086016.tiff::83","Process_338_raw_green.ome.tiff","tile_y008192_x086016.tiff"
"amphileucus-0010","keep","implicit_default","D. amphileucus","10","Process_337_raw_green.ome.tiff::tile_y045056_x049152.tiff::37","Process_337_raw_green.ome.tiff","tile_y045056_x049152.tiff"
"amphileucus-0011","keep","implicit_default","D. amphileucus","11","Process_337_raw_green.ome.tiff::tile_y020480_x094208.tiff::8","Process_337_raw_green.ome.tiff","tile_y020480_x094208.tiff"
"amphileucus-0031","keep","implicit_default","D. amphileucus","31","Process_337_raw_green.ome.tiff::tile_y020480_x094208.tiff::49","Process_337_raw_green.ome.tiff","tile_y020480_x094208.tiff"
"amphileucus-0013","keep","implicit_default","D. amphileucus","13","Process_338_raw_green.ome.tiff::tile_y008192_x086016.tiff::22","Process_338_raw_green.ome.tiff","tile_y008192_x086016.tiff"
"amphileucus-0035","problem","explicit","D. amphileucus","35","Process_338_raw_green.ome.tiff::tile_y024576_x004096.tiff::23","Process_338_raw_green.ome.tiff","tile_y024576_x004096.tiff"
"amphileucus-0014","keep","implicit_default","D. amphileucus","14","Process_338_raw_green.ome.tiff::tile_y008192_x086016.tiff::100","Process_338_raw_green.ome.tiff","tile_y008192_x086016.tiff"
"amphileucus-0015","keep","implicit_default","D. amphileucus","15","Process_338_raw_green.ome.tiff::tile_y040960_x106496.tiff::54","Process_338_raw_green.ome.tiff","tile_y040960_x106496.tiff"
"amphileucus-0007","keep","implicit_default","D. amphileucus","7","Process_337_raw_green.ome.tiff::tile_y020480_x094208.tiff::31","Process_337_raw_green.ome.tiff","tile_y020480_x094208.tiff"
"amphileucus-0022","keep","implicit_default","D. amphileucus","22","Process_338_raw_green.ome.tiff::tile_y008192_x081920.tiff::98","Process_338_raw_green.ome.tiff","tile_y008192_x081920.tiff"
"amphileucus-0019","keep","implicit_default","D. amphileucus","19","Process_338_raw_green.ome.tiff::tile_y008192_x081920.tiff::68","Process_338_raw_green.ome.tiff","tile_y008192_x081920.tiff"
"amphileucus-0002","keep","implicit_default","D. amphileucus","2","Process_338_raw_green.ome.tiff::tile_y008192_x086016.tiff::116","Process_338_raw_green.ome.tiff","tile_y008192_x086016.tiff"
"amphileucus-0012","problem","explicit","D. amphileucus","12","Process_338_raw_green.ome.tiff::tile_y024576_x004096.tiff::38","Process_338_raw_green.ome.tiff","tile_y024576_x004096.tiff"
"amphileucus-0039","problem","explicit","D. amphileucus","39","Process_338_raw_green.ome.tiff::tile_y024576_x004096.tiff::90","Process_338_raw_green.ome.tiff","tile_y024576_x004096.tiff"
"amphileucus-0033","keep","implicit_default","D. amphileucus","33","Process_337_raw_green.ome.tiff::tile_y032768_x040960.tiff::108","Process_337_raw_green.ome.tiff","tile_y032768_x040960.tiff"
"amphileucus-0030","keep","implicit_default","D. amphileucus","30","Process_338_raw_green.ome.tiff::tile_y024576_x004096.tiff::113","Process_338_raw_green.ome.tiff","tile_y024576_x004096.tiff"
"amphileucus-0003","keep","implicit_default","D. amphileucus","3","Process_338_raw_green.ome.tiff::tile_y008192_x081920.tiff::62","Process_338_raw_green.ome.tiff","tile_y008192_x081920.tiff"
"amphileucus-0040","keep","implicit_default","D. amphileucus","40","Process_337_raw_green.ome.tiff::tile_y040960_x094208.tiff::69","Process_337_raw_green.ome.tiff","tile_y040960_x094208.tiff"
"amphileucus-0029","problem","explicit","D. amphileucus","29","Process_338_raw_green.ome.tiff::tile_y024576_x004096.tiff::105","Process_338_raw_green.ome.tiff","tile_y024576_x004096.tiff"
"amphileucus-0017","keep","implicit_default","D. amphileucus","17","Process_337_raw_green.ome.tiff::tile_y040960_x094208.tiff::23","Process_337_raw_green.ome.tiff","tile_y040960_x094208.tiff"
"amphileucus-0020","keep","implicit_default","D. amphileucus","20","Process_337_raw_green.ome.tiff::tile_y045056_x049152.tiff::86","Process_337_raw_green.ome.tiff","tile_y045056_x049152.tiff"
"amphileucus-0025","keep","implicit_default","D. amphileucus","25","Process_337_raw_green.ome.tiff::tile_y020480_x094208.tiff::53","Process_337_raw_green.ome.tiff","tile_y020480_x094208.tiff"
"amphileucus-0004","problem","explicit","D. amphileucus","4","Process_337_raw_green.ome.tiff::tile_y032768_x040960.tiff::116","Process_337_raw_green.ome.tiff","tile_y032768_x040960.tiff"
"amphileucus-0009","keep","implicit_default","D. amphileucus","9","Process_337_raw_green.ome.tiff::tile_y032768_x040960.tiff::32","Process_337_raw_green.ome.tiff","tile_y032768_x040960.tiff"
"anicetus-0066","keep","implicit_default","D. anicetus","26","Process_343_raw_green.ome.tiff::tile_y045056_x040960.tiff::1","Process_343_raw_green.ome.tiff","tile_y045056_x040960.tiff"
"anicetus-0057","keep","implicit_default","D. anicetus","17","Process_343_raw_green.ome.tiff::tile_y040960_x012288.tiff::117","Process_343_raw_green.ome.tiff","tile_y040960_x012288.tiff"
"anicetus-0047","keep","implicit_default","D. anicetus","7","Process_343_raw_green.ome.tiff::tile_y045056_x053248.tiff::23","Process_343_raw_green.ome.tiff","tile_y045056_x053248.tiff"
"anicetus-0074","keep","implicit_default","D. anicetus","34","Process_343_raw_green.ome.tiff::tile_y045056_x040960.tiff::60","Process_343_raw_green.ome.tiff","tile_y045056_x040960.tiff"
"anicetus-0075","keep","implicit_default","D. anicetus","35","Process_343_raw_green.ome.tiff::tile_y040960_x012288.tiff::62","Process_343_raw_green.ome.tiff","tile_y040960_x012288.tiff"
"anicetus-0043","keep","implicit_default","D. anicetus","3","Process_343_raw_green.ome.tiff::tile_y045056_x040960.tiff::79","Process_343_raw_green.ome.tiff","tile_y045056_x040960.tiff"
"anicetus-0067","problem","explicit","D. anicetus","27","Process_343_raw_green.ome.tiff::tile_y040960_x012288.tiff::8","Process_343_raw_green.ome.tiff","tile_y040960_x012288.tiff"
"anicetus-0062","keep","implicit_default","D. anicetus","22","Process_343_raw_green.ome.tiff::tile_y045056_x045056.tiff::62","Process_343_raw_green.ome.tiff","tile_y045056_x045056.tiff"
"anicetus-0053","keep","implicit_default","D. anicetus","13","Process_343_raw_green.ome.tiff::tile_y045056_x040960.tiff::35","Process_343_raw_green.ome.tiff","tile_y045056_x040960.tiff"
"anicetus-0071","keep","implicit_default","D. anicetus","31","Process_343_raw_green.ome.tiff::tile_y045056_x040960.tiff::76","Process_343_raw_green.ome.tiff","tile_y045056_x040960.tiff"
"anicetus-0055","keep","implicit_default","D. anicetus","15","Process_343_raw_green.ome.tiff::tile_y045056_x045056.tiff::67","Process_343_raw_green.ome.tiff","tile_y045056_x045056.tiff"
"anicetus-0079","keep","implicit_default","D. anicetus","39","Process_343_raw_green.ome.tiff::tile_y040960_x012288.tiff::11","Process_343_raw_green.ome.tiff","tile_y040960_x012288.tiff"
"anicetus-0041","problem","explicit","D. anicetus","1","Process_343_raw_green.ome.tiff::tile_y045056_x045056.tiff::54","Process_343_raw_green.ome.tiff","tile_y045056_x045056.tiff"
"anicetus-0044","keep","implicit_default","D. anicetus","4","Process_343_raw_green.ome.tiff::tile_y045056_x053248.tiff::22","Process_343_raw_green.ome.tiff","tile_y045056_x053248.tiff"
"anicetus-0058","keep","implicit_default","D. anicetus","18","Process_343_raw_green.ome.tiff::tile_y040960_x012288.tiff::103","Process_343_raw_green.ome.tiff","tile_y040960_x012288.tiff"
"anicetus-0046","keep","implicit_default","D. anicetus","6","Process_343_raw_green.ome.tiff::tile_y040960_x012288.tiff::114","Process_343_raw_green.ome.tiff","tile_y040960_x012288.tiff"
"anicetus-0056","keep","implicit_default","D. anicetus","16","Process_343_raw_green.ome.tiff::tile_y040960_x012288.tiff::133","Process_343_raw_green.ome.tiff","tile_y040960_x012288.tiff"
"anicetus-0070","keep","implicit_default","D. anicetus","30","Process_343_raw_green.ome.tiff::tile_y045056_x053248.tiff::27","Process_343_raw_green.ome.tiff","tile_y045056_x053248.tiff"
"anicetus-0045","keep","implicit_default","D. anicetus","5","Process_343_raw_green.ome.tiff::tile_y045056_x045056.tiff::32","Process_343_raw_green.ome.tiff","tile_y045056_x045056.tiff"
"anicetus-0073","keep","implicit_default","D. anicetus","33","Process_343_raw_green.ome.tiff::tile_y045056_x045056.tiff::55","Process_343_raw_green.ome.tiff","tile_y045056_x045056.tiff"
"anicetus-0061","keep","implicit_default","D. anicetus","21","Process_343_raw_green.ome.tiff::tile_y045056_x045056.tiff::24","Process_343_raw_green.ome.tiff","tile_y045056_x045056.tiff"
"anicetus-0068","keep","implicit_default","D. anicetus","28","Process_343_raw_green.ome.tiff::tile_y012288_x036864.tiff::4","Process_343_raw_green.ome.tiff","tile_y012288_x036864.tiff"
"anicetus-0060","keep","implicit_default","D. anicetus","20","Process_343_raw_green.ome.tiff::tile_y040960_x012288.tiff::27","Process_343_raw_green.ome.tiff","tile_y040960_x012288.tiff"
"anicetus-0042","keep","implicit_default","D. anicetus","2","Process_343_raw_green.ome.tiff::tile_y040960_x012288.tiff::116","Process_343_raw_green.ome.tiff","tile_y040960_x012288.tiff"
"anicetus-0051","keep","implicit_default","D. anicetus","11","Process_343_raw_green.ome.tiff::tile_y012288_x036864.tiff::32","Process_343_raw_green.ome.tiff","tile_y012288_x036864.tiff"
"anicetus-0080","keep","implicit_default","D. anicetus","40","Process_343_raw_green.ome.tiff::tile_y045056_x053248.tiff::13","Process_343_raw_green.ome.tiff","tile_y045056_x053248.tiff"
"anicetus-0077","keep","implicit_default","D. anicetus","37","Process_343_raw_green.ome.tiff::tile_y012288_x036864.tiff::26","Process_343_raw_green.ome.tiff","tile_y012288_x036864.tiff"
"anicetus-0078","keep","implicit_default","D. anicetus","38","Process_343_raw_green.ome.tiff::tile_y045056_x053248.tiff::26","Process_343_raw_green.ome.tiff","tile_y045056_x053248.tiff"
"anicetus-0059","keep","implicit_default","D. anicetus","19","Process_343_raw_green.ome.tiff::tile_y045056_x045056.tiff::68","Process_343_raw_green.ome.tiff","tile_y045056_x045056.tiff"
"anicetus-0063","keep","implicit_default","D. anicetus","23","Process_343_raw_green.ome.tiff::tile_y045056_x040960.tiff::20","Process_343_raw_green.ome.tiff","tile_y045056_x040960.tiff"
"anicetus-0064","problem","explicit","D. anicetus","24","Process_343_raw_green.ome.tiff::tile_y040960_x012288.tiff::105","Process_343_raw_green.ome.tiff","tile_y040960_x012288.tiff"
"anicetus-0054","keep","implicit_default","D. anicetus","14","Process_343_raw_green.ome.tiff::tile_y040960_x012288.tiff::92","Process_343_raw_green.ome.tiff","tile_y040960_x012288.tiff"
"anicetus-0069","keep","implicit_default","D. anicetus","29","Process_343_raw_green.ome.tiff::tile_y045056_x040960.tiff::69","Process_343_raw_green.ome.tiff","tile_y045056_x040960.tiff"
"anicetus-0052","problem","explicit","D. anicetus","12","Process_343_raw_green.ome.tiff::tile_y040960_x012288.tiff::49","Process_343_raw_green.ome.tiff","tile_y040960_x012288.tiff"
"anicetus-0049","keep","implicit_default","D. anicetus","9","Process_343_raw_green.ome.tiff::tile_y040960_x012288.tiff::86","Process_343_raw_green.ome.tiff","tile_y040960_x012288.tiff"
"anicetus-0076","keep","implicit_default","D. anicetus","36","Process_343_raw_green.ome.tiff::tile_y045056_x040960.tiff::28","Process_343_raw_green.ome.tiff","tile_y045056_x040960.tiff"
"anicetus-0065","keep","implicit_default","D. anicetus","25","Process_343_raw_green.ome.tiff::tile_y045056_x053248.tiff::35","Process_343_raw_green.ome.tiff","tile_y045056_x053248.tiff"
"anicetus-0072","keep","implicit_default","D. anicetus","32","Process_343_raw_green.ome.tiff::tile_y045056_x040960.tiff::58","Process_343_raw_green.ome.tiff","tile_y045056_x040960.tiff"
"anicetus-0048","keep","implicit_default","D. anicetus","8","Process_343_raw_green.ome.tiff::tile_y040960_x012288.tiff::6","Process_343_raw_green.ome.tiff","tile_y040960_x012288.tiff"
"anicetus-0050","keep","implicit_default","D. anicetus","10","Process_343_raw_green.ome.tiff::tile_y045056_x040960.tiff::83","Process_343_raw_green.ome.tiff","tile_y045056_x040960.tiff"
"apalachicolae-0097","keep","implicit_default","D. apalachicolae","17","Process_356_raw_green.ome.tiff::tile_y000000_x012288.tiff::1","Process_356_raw_green.ome.tiff","tile_y000000_x012288.tiff"
"apalachicolae-0109","keep","implicit_default","D. apalachicolae","29","Process_356_raw_green.ome.tiff::tile_y008192_x036864.tiff::9","Process_356_raw_green.ome.tiff","tile_y008192_x036864.tiff"
"apalachicolae-0119","keep","implicit_default","D. apalachicolae","39","Process_356_raw_green.ome.tiff::tile_y016384_x004096.tiff::14","Process_356_raw_green.ome.tiff","tile_y016384_x004096.tiff"
"apalachicolae-0101","keep","implicit_default","D. apalachicolae","21","Process_356_raw_green.ome.tiff::tile_y016384_x012288.tiff::12","Process_356_raw_green.ome.tiff","tile_y016384_x012288.tiff"
"apalachicolae-0111","keep","implicit_default","D. apalachicolae","31","Process_356_raw_green.ome.tiff::tile_y016384_x012288.tiff::2","Process_356_raw_green.ome.tiff","tile_y016384_x012288.tiff"
"apalachicolae-0093","keep","implicit_default","D. apalachicolae","13","Process_356_raw_green.ome.tiff::tile_y016384_x012288.tiff::41","Process_356_raw_green.ome.tiff","tile_y016384_x012288.tiff"
"apalachicolae-0115","keep","implicit_default","D. apalachicolae","35","Process_356_raw_green.ome.tiff::tile_y020480_x000000.tiff::13","Process_356_raw_green.ome.tiff","tile_y020480_x000000.tiff"
"apalachicolae-0113","keep","implicit_default","D. apalachicolae","33","Process_356_raw_green.ome.tiff::tile_y020480_x004096.tiff::23","Process_356_raw_green.ome.tiff","tile_y020480_x004096.tiff"
"apalachicolae-0103","problem","explicit","D. apalachicolae","23","Process_356_raw_green.ome.tiff::tile_y020480_x004096.tiff::40","Process_356_raw_green.ome.tiff","tile_y020480_x004096.tiff"
"apalachicolae-0107","keep","implicit_default","D. apalachicolae","27","Process_356_raw_green.ome.tiff::tile_y020480_x004096.tiff::7","Process_356_raw_green.ome.tiff","tile_y020480_x004096.tiff"
"apalachicolae-0083","keep","implicit_default","D. apalachicolae","3","Process_356_raw_green.ome.tiff::tile_y024576_x032768.tiff::38","Process_356_raw_green.ome.tiff","tile_y024576_x032768.tiff"
"apalachicolae-0087","keep","implicit_default","D. apalachicolae","7","Process_356_raw_green.ome.tiff::tile_y024576_x032768.tiff::43","Process_356_raw_green.ome.tiff","tile_y024576_x032768.tiff"
"apalachicolae-0091","keep","implicit_default","D. apalachicolae","11","Process_356_raw_green.ome.tiff::tile_y024576_x032768.tiff::5","Process_356_raw_green.ome.tiff","tile_y024576_x032768.tiff"
"apalachicolae-0095","keep","implicit_default","D. apalachicolae","15","Process_356_raw_green.ome.tiff::tile_y028672_x008192.tiff::26","Process_356_raw_green.ome.tiff","tile_y028672_x008192.tiff"
"apalachicolae-0085","keep","implicit_default","D. apalachicolae","5","Process_356_raw_green.ome.tiff::tile_y032768_x016384.tiff::1","Process_356_raw_green.ome.tiff","tile_y032768_x016384.tiff"
"apalachicolae-0099","keep","implicit_default","D. apalachicolae","19","Process_356_raw_green.ome.tiff::tile_y032768_x016384.tiff::20","Process_356_raw_green.ome.tiff","tile_y032768_x016384.tiff"
"apalachicolae-0089","keep","implicit_default","D. apalachicolae","9","Process_356_raw_green.ome.tiff::tile_y032768_x016384.tiff::24","Process_356_raw_green.ome.tiff","tile_y032768_x016384.tiff"
"apalachicolae-0105","problem","explicit","D. apalachicolae","25","Process_356_raw_green.ome.tiff::tile_y032768_x024576.tiff::19","Process_356_raw_green.ome.tiff","tile_y032768_x024576.tiff"
"apalachicolae-0117","keep","implicit_default","D. apalachicolae","37","Process_356_raw_green.ome.tiff::tile_y032768_x024576.tiff::39","Process_356_raw_green.ome.tiff","tile_y032768_x024576.tiff"
"apalachicolae-0081","keep","implicit_default","D. apalachicolae","1","Process_356_raw_green.ome.tiff::tile_y032768_x024576.tiff::8","Process_356_raw_green.ome.tiff","tile_y032768_x024576.tiff"
"apalachicolae-0102","problem","explicit","D. apalachicolae","22","Process_357_raw_green.ome.tiff::tile_y020480_x028672.tiff::47","Process_357_raw_green.ome.tiff","tile_y020480_x028672.tiff"
"apalachicolae-0114","keep","implicit_default","D. apalachicolae","34","Process_357_raw_green.ome.tiff::tile_y032768_x045056.tiff::113","Process_357_raw_green.ome.tiff","tile_y032768_x045056.tiff"
"apalachicolae-0110","keep","implicit_default","D. apalachicolae","30","Process_357_raw_green.ome.tiff::tile_y032768_x045056.tiff::123","Process_357_raw_green.ome.tiff","tile_y032768_x045056.tiff"
"apalachicolae-0082","keep","implicit_default","D. apalachicolae","2","Process_357_raw_green.ome.tiff::tile_y032768_x045056.tiff::133","Process_357_raw_green.ome.tiff","tile_y032768_x045056.tiff"
"apalachicolae-0090","keep","implicit_default","D. apalachicolae","10","Process_357_raw_green.ome.tiff::tile_y032768_x045056.tiff::137","Process_357_raw_green.ome.tiff","tile_y032768_x045056.tiff"
"apalachicolae-0104","keep","implicit_default","D. apalachicolae","24","Process_357_raw_green.ome.tiff::tile_y032768_x045056.tiff::140","Process_357_raw_green.ome.tiff","tile_y032768_x045056.tiff"
"apalachicolae-0108","keep","implicit_default","D. apalachicolae","28","Process_357_raw_green.ome.tiff::tile_y032768_x045056.tiff::146","Process_357_raw_green.ome.tiff","tile_y032768_x045056.tiff"
"apalachicolae-0096","keep","implicit_default","D. apalachicolae","16","Process_357_raw_green.ome.tiff::tile_y032768_x045056.tiff::164","Process_357_raw_green.ome.tiff","tile_y032768_x045056.tiff"
"apalachicolae-0106","keep","implicit_default","D. apalachicolae","26","Process_357_raw_green.ome.tiff::tile_y032768_x045056.tiff::192","Process_357_raw_green.ome.tiff","tile_y032768_x045056.tiff"
"apalachicolae-0100","keep","implicit_default","D. apalachicolae","20","Process_357_raw_green.ome.tiff::tile_y032768_x045056.tiff::6","Process_357_raw_green.ome.tiff","tile_y032768_x045056.tiff"
"apalachicolae-0118","keep","implicit_default","D. apalachicolae","38","Process_357_raw_green.ome.tiff::tile_y040960_x036864.tiff::11","Process_357_raw_green.ome.tiff","tile_y040960_x036864.tiff"
"apalachicolae-0094","keep","implicit_default","D. apalachicolae","14","Process_357_raw_green.ome.tiff::tile_y040960_x036864.tiff::55","Process_357_raw_green.ome.tiff","tile_y040960_x036864.tiff"
"apalachicolae-0120","problem","explicit","D. apalachicolae","40","Process_357_raw_green.ome.tiff::tile_y040960_x036864.tiff::61","Process_357_raw_green.ome.tiff","tile_y040960_x036864.tiff"
"apalachicolae-0098","keep","implicit_default","D. apalachicolae","18","Process_357_raw_green.ome.tiff::tile_y040960_x036864.tiff::78","Process_357_raw_green.ome.tiff","tile_y040960_x036864.tiff"
"apalachicolae-0112","keep","implicit_default","D. apalachicolae","32","Process_357_raw_green.ome.tiff::tile_y040960_x036864.tiff::81","Process_357_raw_green.ome.tiff","tile_y040960_x036864.tiff"
"apalachicolae-0086","keep","implicit_default","D. apalachicolae","6","Process_357_raw_green.ome.tiff::tile_y045056_x016384.tiff::40","Process_357_raw_green.ome.tiff","tile_y045056_x016384.tiff"
"apalachicolae-0088","keep","implicit_default","D. apalachicolae","8","Process_357_raw_green.ome.tiff::tile_y045056_x016384.tiff::41","Process_357_raw_green.ome.tiff","tile_y045056_x016384.tiff"
"apalachicolae-0116","keep","implicit_default","D. apalachicolae","36","Process_357_raw_green.ome.tiff::tile_y045056_x016384.tiff::43","Process_357_raw_green.ome.tiff","tile_y045056_x016384.tiff"
"apalachicolae-0092","keep","implicit_default","D. apalachicolae","12","Process_357_raw_green.ome.tiff::tile_y045056_x016384.tiff::50","Process_357_raw_green.ome.tiff","tile_y045056_x016384.tiff"
"apalachicolae-0084","keep","implicit_default","D. apalachicolae","4","Process_357_raw_green.ome.tiff::tile_y045056_x016384.tiff::59","Process_357_raw_green.ome.tiff","tile_y045056_x016384.tiff"
"auriculatus-0131","keep","implicit_default","D. auriculatus","11","Process_331_raw_green.ome.tiff::tile_y008192_x061440.tiff::124","Process_331_raw_green.ome.tiff","tile_y008192_x061440.tiff"
"auriculatus-0139","keep","implicit_default","D. auriculatus","19","Process_331_raw_green.ome.tiff::tile_y020480_x040960.tiff::107","Process_331_raw_green.ome.tiff","tile_y020480_x040960.tiff"
"auriculatus-0143","keep","implicit_default","D. auriculatus","23","Process_324_raw_green.ome.tiff::tile_y028672_x086016.tiff::524","Process_324_raw_green.ome.tiff","tile_y028672_x086016.tiff"
"auriculatus-0156","keep","implicit_default","D. auriculatus","36","Process_331_raw_green.ome.tiff::tile_y000000_x008192.tiff::258","Process_331_raw_green.ome.tiff","tile_y000000_x008192.tiff"
"auriculatus-0155","keep","implicit_default","D. auriculatus","35","Process_331_raw_green.ome.tiff::tile_y020480_x040960.tiff::213","Process_331_raw_green.ome.tiff","tile_y020480_x040960.tiff"
"auriculatus-0140","keep","implicit_default","D. auriculatus","20","Process_331_raw_green.ome.tiff::tile_y020480_x040960.tiff::29","Process_331_raw_green.ome.tiff","tile_y020480_x040960.tiff"
"auriculatus-0123","keep","implicit_default","D. auriculatus","3","Process_331_raw_green.ome.tiff::tile_y000000_x008192.tiff::256","Process_331_raw_green.ome.tiff","tile_y000000_x008192.tiff"
"auriculatus-0134","keep","implicit_default","D. auriculatus","14","Process_324_raw_green.ome.tiff::tile_y028672_x086016.tiff::1","Process_324_raw_green.ome.tiff","tile_y028672_x086016.tiff"
"auriculatus-0122","keep","implicit_default","D. auriculatus","2","Process_324_raw_green.ome.tiff::tile_y028672_x086016.tiff::289","Process_324_raw_green.ome.tiff","tile_y028672_x086016.tiff"
"auriculatus-0128","problem","explicit","D. auriculatus","8","Process_324_raw_green.ome.tiff::tile_y028672_x086016.tiff::157","Process_324_raw_green.ome.tiff","tile_y028672_x086016.tiff"
"auriculatus-0135","keep","implicit_default","D. auriculatus","15","Process_331_raw_green.ome.tiff::tile_y008192_x061440.tiff::23","Process_331_raw_green.ome.tiff","tile_y008192_x061440.tiff"
"auriculatus-0147","keep","implicit_default","D. auriculatus","27","Process_331_raw_green.ome.tiff::tile_y020480_x040960.tiff::7","Process_331_raw_green.ome.tiff","tile_y020480_x040960.tiff"
"auriculatus-0130","keep","implicit_default","D. auriculatus","10","Process_331_raw_green.ome.tiff::tile_y020480_x040960.tiff::128","Process_331_raw_green.ome.tiff","tile_y020480_x040960.tiff"
"auriculatus-0152","keep","implicit_default","D. auriculatus","32","Process_331_raw_green.ome.tiff::tile_y020480_x040960.tiff::37","Process_331_raw_green.ome.tiff","tile_y020480_x040960.tiff"
"auriculatus-0127","problem","explicit","D. auriculatus","7","Process_324_raw_green.ome.tiff::tile_y028672_x086016.tiff::184","Process_324_raw_green.ome.tiff","tile_y028672_x086016.tiff"
"auriculatus-0126","problem","explicit","D. auriculatus","6","Process_331_raw_green.ome.tiff::tile_y008192_x061440.tiff::30","Process_331_raw_green.ome.tiff","tile_y008192_x061440.tiff"
"auriculatus-0141","keep","implicit_default","D. auriculatus","21","Process_331_raw_green.ome.tiff::tile_y020480_x040960.tiff::147","Process_331_raw_green.ome.tiff","tile_y020480_x040960.tiff"
"auriculatus-0138","keep","implicit_default","D. auriculatus","18","Process_324_raw_green.ome.tiff::tile_y028672_x086016.tiff::79","Process_324_raw_green.ome.tiff","tile_y028672_x086016.tiff"
"auriculatus-0144","problem","explicit","D. auriculatus","24","Process_331_raw_green.ome.tiff::tile_y020480_x040960.tiff::131","Process_331_raw_green.ome.tiff","tile_y020480_x040960.tiff"
"auriculatus-0121","problem","explicit","D. auriculatus","1","Process_324_raw_green.ome.tiff::tile_y028672_x086016.tiff::347","Process_324_raw_green.ome.tiff","tile_y028672_x086016.tiff"
"auriculatus-0136","keep","implicit_default","D. auriculatus","16","Process_324_raw_green.ome.tiff::tile_y028672_x086016.tiff::133","Process_324_raw_green.ome.tiff","tile_y028672_x086016.tiff"
"auriculatus-0133","keep","implicit_default","D. auriculatus","13","Process_331_raw_green.ome.tiff::tile_y008192_x061440.tiff::69","Process_331_raw_green.ome.tiff","tile_y008192_x061440.tiff"
"auriculatus-0151","keep","implicit_default","D. auriculatus","31","Process_331_raw_green.ome.tiff::tile_y008192_x061440.tiff::31","Process_331_raw_green.ome.tiff","tile_y008192_x061440.tiff"
"auriculatus-0150","keep","implicit_default","D. auriculatus","30","Process_331_raw_green.ome.tiff::tile_y020480_x040960.tiff::61","Process_331_raw_green.ome.tiff","tile_y020480_x040960.tiff"
"auriculatus-0132","keep","implicit_default","D. auriculatus","12","Process_331_raw_green.ome.tiff::tile_y000000_x008192.tiff::142","Process_331_raw_green.ome.tiff","tile_y000000_x008192.tiff"
"auriculatus-0129","keep","implicit_default","D. auriculatus","9","Process_331_raw_green.ome.tiff::tile_y020480_x040960.tiff::119","Process_331_raw_green.ome.tiff","tile_y020480_x040960.tiff"
"auriculatus-0137","keep","implicit_default","D. auriculatus","17","Process_331_raw_green.ome.tiff::tile_y020480_x040960.tiff::84","Process_331_raw_green.ome.tiff","tile_y020480_x040960.tiff"
"auriculatus-0153","keep","implicit_default","D. auriculatus","33","Process_331_raw_green.ome.tiff::tile_y000000_x008192.tiff::141","Process_331_raw_green.ome.tiff","tile_y000000_x008192.tiff"
"auriculatus-0125","keep","implicit_default","D. auriculatus","5","Process_331_raw_green.ome.tiff::tile_y000000_x008192.tiff::32","Process_331_raw_green.ome.tiff","tile_y000000_x008192.tiff"
"auriculatus-0149","keep","implicit_default","D. auriculatus","29","Process_324_raw_green.ome.tiff::tile_y028672_x086016.tiff::561","Process_324_raw_green.ome.tiff","tile_y028672_x086016.tiff"
"auriculatus-0154","keep","implicit_default","D. auriculatus","34","Process_331_raw_green.ome.tiff::tile_y020480_x040960.tiff::86","Process_331_raw_green.ome.tiff","tile_y020480_x040960.tiff"
"auriculatus-0158","problem","explicit","D. auriculatus","38","Process_379_raw_green.ome.tiff::tile_y020480_x032768.tiff::47","Process_379_raw_green.ome.tiff","tile_y020480_x032768.tiff"
"auriculatus-0160","keep","implicit_default","D. auriculatus","40","Process_324_raw_green.ome.tiff::tile_y032768_x036864.tiff::139","Process_324_raw_green.ome.tiff","tile_y032768_x036864.tiff"
"auriculatus-0142","keep","implicit_default","D. auriculatus","22","Process_331_raw_green.ome.tiff::tile_y008192_x061440.tiff::160","Process_331_raw_green.ome.tiff","tile_y008192_x061440.tiff"
"auriculatus-0157","keep","implicit_default","D. auriculatus","37","Process_324_raw_green.ome.tiff::tile_y028672_x086016.tiff::467","Process_324_raw_green.ome.tiff","tile_y028672_x086016.tiff"
"auriculatus-0145","keep","implicit_default","D. auriculatus","25","Process_331_raw_green.ome.tiff::tile_y008192_x061440.tiff::29","Process_331_raw_green.ome.tiff","tile_y008192_x061440.tiff"
"auriculatus-0159","keep","implicit_default","D. auriculatus","39","Process_331_raw_green.ome.tiff::tile_y020480_x040960.tiff::206","Process_331_raw_green.ome.tiff","tile_y020480_x040960.tiff"
"auriculatus-0148","problem","explicit","D. auriculatus","28","Process_324_raw_green.ome.tiff::tile_y028672_x086016.tiff::86","Process_324_raw_green.ome.tiff","tile_y028672_x086016.tiff"
"auriculatus-0124","keep","implicit_default","D. auriculatus","4","Process_331_raw_green.ome.tiff::tile_y000000_x008192.tiff::162","Process_331_raw_green.ome.tiff","tile_y000000_x008192.tiff"
"auriculatus-0146","keep","implicit_default","D. auriculatus","26","Process_331_raw_green.ome.tiff::tile_y020480_x040960.tiff::162","Process_331_raw_green.ome.tiff","tile_y020480_x040960.tiff"
"bairdi-0173","keep","implicit_default","D. bairdi","13","Process_359_raw_green.ome.tiff::tile_y020480_x036864.tiff::122","Process_359_raw_green.ome.tiff","tile_y020480_x036864.tiff"
"bairdi-0190","keep","implicit_default","D. bairdi","30","Process_359_raw_green.ome.tiff::tile_y020480_x036864.tiff::131","Process_359_raw_green.ome.tiff","tile_y020480_x036864.tiff"
"bairdi-0186","keep","implicit_default","D. bairdi","26","Process_359_raw_green.ome.tiff::tile_y028672_x049152.tiff::3","Process_359_raw_green.ome.tiff","tile_y028672_x049152.tiff"
"bairdi-0172","keep","implicit_default","D. bairdi","12","Process_359_raw_green.ome.tiff::tile_y020480_x036864.tiff::133","Process_359_raw_green.ome.tiff","tile_y020480_x036864.tiff"
"bairdi-0197","keep","implicit_default","D. bairdi","37","Process_359_raw_green.ome.tiff::tile_y020480_x036864.tiff::84","Process_359_raw_green.ome.tiff","tile_y020480_x036864.tiff"
"bairdi-0176","keep","implicit_default","D. bairdi","16","Process_359_raw_green.ome.tiff::tile_y028672_x049152.tiff::149","Process_359_raw_green.ome.tiff","tile_y028672_x049152.tiff"
"bairdi-0177","keep","implicit_default","D. bairdi","17","Process_359_raw_green.ome.tiff::tile_y028672_x049152.tiff::48","Process_359_raw_green.ome.tiff","tile_y028672_x049152.tiff"
"bairdi-0182","keep","implicit_default","D. bairdi","22","Process_359_raw_green.ome.tiff::tile_y032768_x036864.tiff::87","Process_359_raw_green.ome.tiff","tile_y032768_x036864.tiff"
"bairdi-0164","keep","implicit_default","D. bairdi","4","Process_359_raw_green.ome.tiff::tile_y020480_x036864.tiff::43","Process_359_raw_green.ome.tiff","tile_y020480_x036864.tiff"
"bairdi-0188","problem","explicit","D. bairdi","28","Process_359_raw_green.ome.tiff::tile_y032768_x036864.tiff::79","Process_359_raw_green.ome.tiff","tile_y032768_x036864.tiff"
"bairdi-0198","keep","implicit_default","D. bairdi","38","Process_359_raw_green.ome.tiff::tile_y036864_x053248.tiff::86","Process_359_raw_green.ome.tiff","tile_y036864_x053248.tiff"
"bairdi-0193","keep","implicit_default","D. bairdi","33","Process_359_raw_green.ome.tiff::tile_y028672_x049152.tiff::75","Process_359_raw_green.ome.tiff","tile_y028672_x049152.tiff"
"bairdi-0195","keep","implicit_default","D. bairdi","35","Process_359_raw_green.ome.tiff::tile_y028672_x049152.tiff::123","Process_359_raw_green.ome.tiff","tile_y028672_x049152.tiff"
"bairdi-0191","keep","implicit_default","D. bairdi","31","Process_359_raw_green.ome.tiff::tile_y036864_x053248.tiff::20","Process_359_raw_green.ome.tiff","tile_y036864_x053248.tiff"
"bairdi-0180","keep","implicit_default","D. bairdi","20","Process_359_raw_green.ome.tiff::tile_y032768_x036864.tiff::155","Process_359_raw_green.ome.tiff","tile_y032768_x036864.tiff"
"bairdi-0199","keep","implicit_default","D. bairdi","39","Process_359_raw_green.ome.tiff::tile_y020480_x036864.tiff::136","Process_359_raw_green.ome.tiff","tile_y020480_x036864.tiff"
"bairdi-0167","keep","implicit_default","D. bairdi","7","Process_359_raw_green.ome.tiff::tile_y028672_x049152.tiff::64","Process_359_raw_green.ome.tiff","tile_y028672_x049152.tiff"
"bairdi-0165","keep","implicit_default","D. bairdi","5","Process_359_raw_green.ome.tiff::tile_y028672_x049152.tiff::65","Process_359_raw_green.ome.tiff","tile_y028672_x049152.tiff"
"bairdi-0183","keep","implicit_default","D. bairdi","23","Process_359_raw_green.ome.tiff::tile_y036864_x053248.tiff::91","Process_359_raw_green.ome.tiff","tile_y036864_x053248.tiff"
"bairdi-0181","keep","implicit_default","D. bairdi","21","Process_359_raw_green.ome.tiff::tile_y032768_x036864.tiff::22","Process_359_raw_green.ome.tiff","tile_y032768_x036864.tiff"
"bairdi-0163","keep","implicit_default","D. bairdi","3","Process_359_raw_green.ome.tiff::tile_y032768_x036864.tiff::157","Process_359_raw_green.ome.tiff","tile_y032768_x036864.tiff"
"bairdi-0161","problem","explicit","D. bairdi","1","Process_359_raw_green.ome.tiff::tile_y020480_x036864.tiff::112","Process_359_raw_green.ome.tiff","tile_y020480_x036864.tiff"
"bairdi-0187","keep","implicit_default","D. bairdi","27","Process_359_raw_green.ome.tiff::tile_y020480_x036864.tiff::134","Process_359_raw_green.ome.tiff","tile_y020480_x036864.tiff"
"bairdi-0179","keep","implicit_default","D. bairdi","19","Process_359_raw_green.ome.tiff::tile_y028672_x049152.tiff::51","Process_359_raw_green.ome.tiff","tile_y028672_x049152.tiff"
"bairdi-0175","keep","implicit_default","D. bairdi","15","Process_359_raw_green.ome.tiff::tile_y028672_x049152.tiff::162","Process_359_raw_green.ome.tiff","tile_y028672_x049152.tiff"
"bairdi-0166","keep","implicit_default","D. bairdi","6","Process_359_raw_green.ome.tiff::tile_y028672_x049152.tiff::44","Process_359_raw_green.ome.tiff","tile_y028672_x049152.tiff"
"bairdi-0184","keep","implicit_default","D. bairdi","24","Process_359_raw_green.ome.tiff::tile_y028672_x049152.tiff::89","Process_359_raw_green.ome.tiff","tile_y028672_x049152.tiff"
"bairdi-0200","keep","implicit_default","D. bairdi","40","Process_359_raw_green.ome.tiff::tile_y028672_x049152.tiff::77","Process_359_raw_green.ome.tiff","tile_y028672_x049152.tiff"
"bairdi-0170","keep","implicit_default","D. bairdi","10","Process_359_raw_green.ome.tiff::tile_y020480_x036864.tiff::117","Process_359_raw_green.ome.tiff","tile_y020480_x036864.tiff"
"bairdi-0168","keep","implicit_default","D. bairdi","8","Process_359_raw_green.ome.tiff::tile_y036864_x053248.tiff::19","Process_359_raw_green.ome.tiff","tile_y036864_x053248.tiff"
"bairdi-0189","keep","implicit_default","D. bairdi","29","Process_359_raw_green.ome.tiff::tile_y028672_x049152.tiff::81","Process_359_raw_green.ome.tiff","tile_y028672_x049152.tiff"
"bairdi-0171","problem","explicit","D. bairdi","11","Process_359_raw_green.ome.tiff::tile_y032768_x036864.tiff::154","Process_359_raw_green.ome.tiff","tile_y032768_x036864.tiff"
"bairdi-0196","keep","implicit_default","D. bairdi","36","Process_359_raw_green.ome.tiff::tile_y020480_x036864.tiff::39","Process_359_raw_green.ome.tiff","tile_y020480_x036864.tiff"
"bairdi-0174","keep","implicit_default","D. bairdi","14","Process_359_raw_green.ome.tiff::tile_y032768_x036864.tiff::151","Process_359_raw_green.ome.tiff","tile_y032768_x036864.tiff"
"bairdi-0185","keep","implicit_default","D. bairdi","25","Process_359_raw_green.ome.tiff::tile_y028672_x049152.tiff::106","Process_359_raw_green.ome.tiff","tile_y028672_x049152.tiff"
"bairdi-0192","keep","implicit_default","D. bairdi","32","Process_359_raw_green.ome.tiff::tile_y028672_x049152.tiff::12","Process_359_raw_green.ome.tiff","tile_y028672_x049152.tiff"
"bairdi-0178","keep","implicit_default","D. bairdi","18","Process_359_raw_green.ome.tiff::tile_y032768_x036864.tiff::66","Process_359_raw_green.ome.tiff","tile_y032768_x036864.tiff"
"bairdi-0169","keep","implicit_default","D. bairdi","9","Process_359_raw_green.ome.tiff::tile_y032768_x036864.tiff::84","Process_359_raw_green.ome.tiff","tile_y032768_x036864.tiff"
"bairdi-0162","keep","implicit_default","D. bairdi","2","Process_359_raw_green.ome.tiff::tile_y032768_x036864.tiff::60","Process_359_raw_green.ome.tiff","tile_y032768_x036864.tiff"
"bairdi-0194","keep","implicit_default","D. bairdi","34","Process_359_raw_green.ome.tiff::tile_y020480_x036864.tiff::68","Process_359_raw_green.ome.tiff","tile_y020480_x036864.tiff"
"brimleyorum-0232","keep","implicit_default","D. brimleyorum","32","Process_348_raw_green.ome.tiff::tile_y020480_x016384.tiff::31","Process_348_raw_green.ome.tiff","tile_y020480_x016384.tiff"
"brimleyorum-0239","keep","implicit_default","D. brimleyorum","39","Process_348_raw_green.ome.tiff::tile_y020480_x016384.tiff::51","Process_348_raw_green.ome.tiff","tile_y020480_x016384.tiff"
"brimleyorum-0229","keep","implicit_default","D. brimleyorum","29","Process_349_raw_green.ome.tiff::tile_y012288_x073728.tiff::100","Process_349_raw_green.ome.tiff","tile_y012288_x073728.tiff"
"brimleyorum-0202","keep","implicit_default","D. brimleyorum","2","Process_349_raw_green.ome.tiff::tile_y008192_x032768.tiff::36","Process_349_raw_green.ome.tiff","tile_y008192_x032768.tiff"
"brimleyorum-0238","keep","implicit_default","D. brimleyorum","38","Process_348_raw_green.ome.tiff::tile_y020480_x049152.tiff::184","Process_348_raw_green.ome.tiff","tile_y020480_x049152.tiff"
"brimleyorum-0233","keep","implicit_default","D. brimleyorum","33","Process_349_raw_green.ome.tiff::tile_y012288_x073728.tiff::339","Process_349_raw_green.ome.tiff","tile_y012288_x073728.tiff"
"brimleyorum-0205","keep","implicit_default","D. brimleyorum","5","Process_348_raw_green.ome.tiff::tile_y020480_x049152.tiff::160","Process_348_raw_green.ome.tiff","tile_y020480_x049152.tiff"
"brimleyorum-0218","keep","implicit_default","D. brimleyorum","18","Process_348_raw_green.ome.tiff::tile_y020480_x045056.tiff::22","Process_348_raw_green.ome.tiff","tile_y020480_x045056.tiff"
"brimleyorum-0213","keep","implicit_default","D. brimleyorum","13","Process_348_raw_green.ome.tiff::tile_y020480_x049152.tiff::162","Process_348_raw_green.ome.tiff","tile_y020480_x049152.tiff"
"brimleyorum-0217","keep","implicit_default","D. brimleyorum","17","Process_348_raw_green.ome.tiff::tile_y020480_x049152.tiff::85","Process_348_raw_green.ome.tiff","tile_y020480_x049152.tiff"
"brimleyorum-0216","keep","implicit_default","D. brimleyorum","16","Process_349_raw_green.ome.tiff::tile_y012288_x073728.tiff::362","Process_349_raw_green.ome.tiff","tile_y012288_x073728.tiff"
"brimleyorum-0234","keep","implicit_default","D. brimleyorum","34","Process_349_raw_green.ome.tiff::tile_y012288_x073728.tiff::35","Process_349_raw_green.ome.tiff","tile_y012288_x073728.tiff"
"brimleyorum-0214","keep","implicit_default","D. brimleyorum","14","Process_348_raw_green.ome.tiff::tile_y020480_x049152.tiff::117","Process_348_raw_green.ome.tiff","tile_y020480_x049152.tiff"
"brimleyorum-0221","keep","implicit_default","D. brimleyorum","21","Process_349_raw_green.ome.tiff::tile_y024576_x045056.tiff::24","Process_349_raw_green.ome.tiff","tile_y024576_x045056.tiff"
"brimleyorum-0211","keep","implicit_default","D. brimleyorum","11","Process_348_raw_green.ome.tiff::tile_y020480_x049152.tiff::10","Process_348_raw_green.ome.tiff","tile_y020480_x049152.tiff"
"brimleyorum-0212","keep","implicit_default","D. brimleyorum","12","Process_348_raw_green.ome.tiff::tile_y020480_x049152.tiff::165","Process_348_raw_green.ome.tiff","tile_y020480_x049152.tiff"
"brimleyorum-0226","keep","implicit_default","D. brimleyorum","26","Process_348_raw_green.ome.tiff::tile_y020480_x049152.tiff::138","Process_348_raw_green.ome.tiff","tile_y020480_x049152.tiff"
"brimleyorum-0215","keep","implicit_default","D. brimleyorum","15","Process_348_raw_green.ome.tiff::tile_y020480_x049152.tiff::186","Process_348_raw_green.ome.tiff","tile_y020480_x049152.tiff"
"brimleyorum-0203","keep","implicit_default","D. brimleyorum","3","Process_349_raw_green.ome.tiff::tile_y012288_x073728.tiff::167","Process_349_raw_green.ome.tiff","tile_y012288_x073728.tiff"
"brimleyorum-0206","keep","implicit_default","D. brimleyorum","6","Process_348_raw_green.ome.tiff::tile_y020480_x049152.tiff::164","Process_348_raw_green.ome.tiff","tile_y020480_x049152.tiff"
"brimleyorum-0209","keep","implicit_default","D. brimleyorum","9","Process_348_raw_green.ome.tiff::tile_y020480_x049152.tiff::51","Process_348_raw_green.ome.tiff","tile_y020480_x049152.tiff"
"brimleyorum-0220","problem","explicit","D. brimleyorum","20","Process_349_raw_green.ome.tiff::tile_y012288_x073728.tiff::351","Process_349_raw_green.ome.tiff","tile_y012288_x073728.tiff"
"brimleyorum-0201","keep","implicit_default","D. brimleyorum","1","Process_348_raw_green.ome.tiff::tile_y020480_x049152.tiff::125","Process_348_raw_green.ome.tiff","tile_y020480_x049152.tiff"
"brimleyorum-0237","keep","implicit_default","D. brimleyorum","37","Process_348_raw_green.ome.tiff::tile_y020480_x045056.tiff::43","Process_348_raw_green.ome.tiff","tile_y020480_x045056.tiff"
"brimleyorum-0204","keep","implicit_default","D. brimleyorum","4","Process_348_raw_green.ome.tiff::tile_y020480_x049152.tiff::136","Process_348_raw_green.ome.tiff","tile_y020480_x049152.tiff"
"brimleyorum-0210","keep","implicit_default","D. brimleyorum","10","Process_349_raw_green.ome.tiff::tile_y008192_x032768.tiff::18","Process_349_raw_green.ome.tiff","tile_y008192_x032768.tiff"
"brimleyorum-0236","keep","implicit_default","D. brimleyorum","36","Process_348_raw_green.ome.tiff::tile_y020480_x016384.tiff::34","Process_348_raw_green.ome.tiff","tile_y020480_x016384.tiff"
"brimleyorum-0225","keep","implicit_default","D. brimleyorum","25","Process_348_raw_green.ome.tiff::tile_y020480_x016384.tiff::43","Process_348_raw_green.ome.tiff","tile_y020480_x016384.tiff"
"brimleyorum-0224","keep","implicit_default","D. brimleyorum","24","Process_348_raw_green.ome.tiff::tile_y020480_x049152.tiff::96","Process_348_raw_green.ome.tiff","tile_y020480_x049152.tiff"
"brimleyorum-0208","keep","implicit_default","D. brimleyorum","8","Process_348_raw_green.ome.tiff::tile_y020480_x049152.tiff::46","Process_348_raw_green.ome.tiff","tile_y020480_x049152.tiff"
"brimleyorum-0235","keep","implicit_default","D. brimleyorum","35","Process_349_raw_green.ome.tiff::tile_y012288_x073728.tiff::276","Process_349_raw_green.ome.tiff","tile_y012288_x073728.tiff"
"brimleyorum-0222","keep","implicit_default","D. brimleyorum","22","Process_348_raw_green.ome.tiff::tile_y020480_x045056.tiff::10","Process_348_raw_green.ome.tiff","tile_y020480_x045056.tiff"
"brimleyorum-0219","keep","implicit_default","D. brimleyorum","19","Process_348_raw_green.ome.tiff::tile_y020480_x049152.tiff::54","Process_348_raw_green.ome.tiff","tile_y020480_x049152.tiff"
"brimleyorum-0228","keep","implicit_default","D. brimleyorum","28","Process_349_raw_green.ome.tiff::tile_y012288_x073728.tiff::151","Process_349_raw_green.ome.tiff","tile_y012288_x073728.tiff"
"brimleyorum-0230","keep","implicit_default","D. brimleyorum","30","Process_348_raw_green.ome.tiff::tile_y020480_x016384.tiff::154","Process_348_raw_green.ome.tiff","tile_y020480_x016384.tiff"
"brimleyorum-0227","problem","explicit","D. brimleyorum","27","Process_349_raw_green.ome.tiff::tile_y012288_x073728.tiff::104","Process_349_raw_green.ome.tiff","tile_y012288_x073728.tiff"
"brimleyorum-0231","keep","implicit_default","D. brimleyorum","31","Process_348_raw_green.ome.tiff::tile_y020480_x049152.tiff::61","Process_348_raw_green.ome.tiff","tile_y020480_x049152.tiff"
"brimleyorum-0240","keep","implicit_default","D. brimleyorum","40","Process_349_raw_green.ome.tiff::tile_y024576_x045056.tiff::17","Process_349_raw_green.ome.tiff","tile_y024576_x045056.tiff"
"brimleyorum-0207","keep","implicit_default","D. brimleyorum","7","Process_349_raw_green.ome.tiff::tile_y012288_x073728.tiff::212","Process_349_raw_green.ome.tiff","tile_y012288_x073728.tiff"
"brimleyorum-0223","keep","implicit_default","D. brimleyorum","23","Process_348_raw_green.ome.tiff::tile_y020480_x049152.tiff::157","Process_348_raw_green.ome.tiff","tile_y020480_x049152.tiff"
"campi-0280","keep","implicit_default","D. campi","40","Process_346_raw_green.ome.tiff::tile_y049152_x053248.tiff::12","Process_346_raw_green.ome.tiff","tile_y049152_x053248.tiff"
"campi-0277","problem","explicit","D. campi","37","Process_347_raw_green.ome.tiff::tile_y049152_x024576.tiff::56","Process_347_raw_green.ome.tiff","tile_y049152_x024576.tiff"
"campi-0269","keep","implicit_default","D. campi","29","Process_347_raw_green.ome.tiff::tile_y004096_x024576.tiff::16","Process_347_raw_green.ome.tiff","tile_y004096_x024576.tiff"
"campi-0243","keep","implicit_default","D. campi","3","Process_347_raw_green.ome.tiff::tile_y024576_x012288.tiff::22","Process_347_raw_green.ome.tiff","tile_y024576_x012288.tiff"
"campi-0259","keep","implicit_default","D. campi","19","Process_347_raw_green.ome.tiff::tile_y020480_x016384.tiff::8","Process_347_raw_green.ome.tiff","tile_y020480_x016384.tiff"
"campi-0266","keep","implicit_default","D. campi","26","Process_347_raw_green.ome.tiff::tile_y028672_x020480.tiff::8","Process_347_raw_green.ome.tiff","tile_y028672_x020480.tiff"
"campi-0278","keep","implicit_default","D. campi","38","Process_347_raw_green.ome.tiff::tile_y049152_x024576.tiff::1","Process_347_raw_green.ome.tiff","tile_y049152_x024576.tiff"
"campi-0274","keep","implicit_default","D. campi","34","Process_346_raw_green.ome.tiff::tile_y057344_x028672.tiff::36","Process_346_raw_green.ome.tiff","tile_y057344_x028672.tiff"
"campi-0254","keep","implicit_default","D. campi","14","Process_346_raw_green.ome.tiff::tile_y049152_x053248.tiff::23","Process_346_raw_green.ome.tiff","tile_y049152_x053248.tiff"
"campi-0257","keep","implicit_default","D. campi","17","Process_347_raw_green.ome.tiff::tile_y024576_x012288.tiff::2","Process_347_raw_green.ome.tiff","tile_y024576_x012288.tiff"
"campi-0264","keep","implicit_default","D. campi","24","Process_347_raw_green.ome.tiff::tile_y032768_x000000.tiff::6","Process_347_raw_green.ome.tiff","tile_y032768_x000000.tiff"
"campi-0241","keep","implicit_default","D. campi","1","Process_346_raw_green.ome.tiff::tile_y057344_x028672.tiff::3","Process_346_raw_green.ome.tiff","tile_y057344_x028672.tiff"
"campi-0272","keep","implicit_default","D. campi","32","Process_346_raw_green.ome.tiff::tile_y057344_x028672.tiff::33","Process_346_raw_green.ome.tiff","tile_y057344_x028672.tiff"
"campi-0255","keep","implicit_default","D. campi","15","Process_346_raw_green.ome.tiff::tile_y049152_x053248.tiff::8","Process_346_raw_green.ome.tiff","tile_y049152_x053248.tiff"
"campi-0276","keep","implicit_default","D. campi","36","Process_347_raw_green.ome.tiff::tile_y032768_x000000.tiff::20","Process_347_raw_green.ome.tiff","tile_y032768_x000000.tiff"
"campi-0247","keep","implicit_default","D. campi","7","Process_347_raw_green.ome.tiff::tile_y024576_x012288.tiff::28","Process_347_raw_green.ome.tiff","tile_y024576_x012288.tiff"
"campi-0242","keep","implicit_default","D. campi","2","Process_346_raw_green.ome.tiff::tile_y040960_x032768.tiff::10","Process_346_raw_green.ome.tiff","tile_y040960_x032768.tiff"
"campi-0273","keep","implicit_default","D. campi","33","Process_347_raw_green.ome.tiff::tile_y008192_x036864.tiff::4","Process_347_raw_green.ome.tiff","tile_y008192_x036864.tiff"
"campi-0261","keep","implicit_default","D. campi","21","Process_346_raw_green.ome.tiff::tile_y069632_x045056.tiff::3","Process_346_raw_green.ome.tiff","tile_y069632_x045056.tiff"
"campi-0244","keep","implicit_default","D. campi","4","Process_347_raw_green.ome.tiff::tile_y020480_x016384.tiff::2","Process_347_raw_green.ome.tiff","tile_y020480_x016384.tiff"
"campi-0275","keep","implicit_default","D. campi","35","Process_347_raw_green.ome.tiff::tile_y049152_x024576.tiff::12","Process_347_raw_green.ome.tiff","tile_y049152_x024576.tiff"
"campi-0246","keep","implicit_default","D. campi","6","Process_346_raw_green.ome.tiff::tile_y069632_x045056.tiff::2","Process_346_raw_green.ome.tiff","tile_y069632_x045056.tiff"
"campi-0245","keep","implicit_default","D. campi","5","Process_346_raw_green.ome.tiff::tile_y057344_x028672.tiff::45","Process_346_raw_green.ome.tiff","tile_y057344_x028672.tiff"
"campi-0270","keep","implicit_default","D. campi","30","Process_346_raw_green.ome.tiff::tile_y057344_x028672.tiff::35","Process_346_raw_green.ome.tiff","tile_y057344_x028672.tiff"
"campi-0249","keep","implicit_default","D. campi","9","Process_347_raw_green.ome.tiff::tile_y049152_x024576.tiff::37","Process_347_raw_green.ome.tiff","tile_y049152_x024576.tiff"
"campi-0271","keep","implicit_default","D. campi","31","Process_347_raw_green.ome.tiff::tile_y024576_x012288.tiff::27","Process_347_raw_green.ome.tiff","tile_y024576_x012288.tiff"
"campi-0256","keep","implicit_default","D. campi","16","Process_347_raw_green.ome.tiff::tile_y008192_x036864.tiff::1","Process_347_raw_green.ome.tiff","tile_y008192_x036864.tiff"
"campi-0279","keep","implicit_default","D. campi","39","Process_346_raw_green.ome.tiff::tile_y053248_x040960.tiff::6","Process_346_raw_green.ome.tiff","tile_y053248_x040960.tiff"
"campi-0248","keep","implicit_default","D. campi","8","Process_346_raw_green.ome.tiff::tile_y040960_x049152.tiff::2","Process_346_raw_green.ome.tiff","tile_y040960_x049152.tiff"
"campi-0260","keep","implicit_default","D. campi","20","Process_347_raw_green.ome.tiff::tile_y032768_x040960.tiff::3","Process_347_raw_green.ome.tiff","tile_y032768_x040960.tiff"
"campi-0253","problem","explicit","D. campi","13","Process_346_raw_green.ome.tiff::tile_y040960_x049152.tiff::3","Process_346_raw_green.ome.tiff","tile_y040960_x049152.tiff"
"campi-0268","keep","implicit_default","D. campi","28","Process_347_raw_green.ome.tiff::tile_y004096_x012288.tiff::11","Process_347_raw_green.ome.tiff","tile_y004096_x012288.tiff"
"campi-0262","keep","implicit_default","D. campi","22","Process_347_raw_green.ome.tiff::tile_y028672_x024576.tiff::12","Process_347_raw_green.ome.tiff","tile_y028672_x024576.tiff"
"campi-0263","keep","implicit_default","D. campi","23","Process_347_raw_green.ome.tiff::tile_y028672_x020480.tiff::20","Process_347_raw_green.ome.tiff","tile_y028672_x020480.tiff"
"campi-0250","keep","implicit_default","D. campi","10","Process_347_raw_green.ome.tiff::tile_y028672_x024576.tiff::4","Process_347_raw_green.ome.tiff","tile_y028672_x024576.tiff"
"campi-0265","keep","implicit_default","D. campi","25","Process_347_raw_green.ome.tiff::tile_y049152_x024576.tiff::43","Process_347_raw_green.ome.tiff","tile_y049152_x024576.tiff"
"campi-0258","keep","implicit_default","D. campi","18","Process_347_raw_green.ome.tiff::tile_y024576_x012288.tiff::11","Process_347_raw_green.ome.tiff","tile_y024576_x012288.tiff"
"campi-0267","keep","implicit_default","D. campi","27","Process_346_raw_green.ome.tiff::tile_y053248_x036864.tiff::16","Process_346_raw_green.ome.tiff","tile_y053248_x036864.tiff"
"campi-0251","keep","implicit_default","D. campi","11","Process_347_raw_green.ome.tiff::tile_y024576_x012288.tiff::7","Process_347_raw_green.ome.tiff","tile_y024576_x012288.tiff"
"campi-0252","keep","implicit_default","D. campi","12","Process_347_raw_green.ome.tiff::tile_y049152_x024576.tiff::35","Process_347_raw_green.ome.tiff","tile_y049152_x024576.tiff"
"folkertsi-0295","keep","implicit_default","D. folkertsi","15","Process_367_raw_green.ome.tiff::tile_y028672_x040960.tiff::49","Process_367_raw_green.ome.tiff","tile_y028672_x040960.tiff"
"folkertsi-0316","keep","implicit_default","D. folkertsi","36","Process_367_raw_green.ome.tiff::tile_y016384_x049152.tiff::22","Process_367_raw_green.ome.tiff","tile_y016384_x049152.tiff"
"folkertsi-0282","keep","implicit_default","D. folkertsi","2","Process_366_raw_green.ome.tiff::tile_y057344_x028672.tiff::32","Process_366_raw_green.ome.tiff","tile_y057344_x028672.tiff"
"folkertsi-0314","keep","implicit_default","D. folkertsi","34","Process_366_raw_green.ome.tiff::tile_y032768_x036864.tiff::28","Process_366_raw_green.ome.tiff","tile_y032768_x036864.tiff"
"folkertsi-0284","keep","implicit_default","D. folkertsi","4","Process_367_raw_green.ome.tiff::tile_y016384_x049152.tiff::79","Process_367_raw_green.ome.tiff","tile_y016384_x049152.tiff"
"folkertsi-0290","keep","implicit_default","D. folkertsi","10","Process_366_raw_green.ome.tiff::tile_y008192_x016384.tiff::25","Process_366_raw_green.ome.tiff","tile_y008192_x016384.tiff"
"folkertsi-0288","keep","implicit_default","D. folkertsi","8","Process_366_raw_green.ome.tiff::tile_y032768_x045056.tiff::76","Process_366_raw_green.ome.tiff","tile_y032768_x045056.tiff"
"folkertsi-0304","keep","implicit_default","D. folkertsi","24","Process_366_raw_green.ome.tiff::tile_y032768_x036864.tiff::4","Process_366_raw_green.ome.tiff","tile_y032768_x036864.tiff"
"folkertsi-0297","keep","implicit_default","D. folkertsi","17","Process_366_raw_green.ome.tiff::tile_y008192_x016384.tiff::46","Process_366_raw_green.ome.tiff","tile_y008192_x016384.tiff"
"folkertsi-0318","keep","implicit_default","D. folkertsi","38","Process_366_raw_green.ome.tiff::tile_y032768_x045056.tiff::14","Process_366_raw_green.ome.tiff","tile_y032768_x045056.tiff"
"folkertsi-0298","keep","implicit_default","D. folkertsi","18","Process_367_raw_green.ome.tiff::tile_y028672_x040960.tiff::95","Process_367_raw_green.ome.tiff","tile_y028672_x040960.tiff"
"folkertsi-0308","keep","implicit_default","D. folkertsi","28","Process_367_raw_green.ome.tiff::tile_y028672_x040960.tiff::78","Process_367_raw_green.ome.tiff","tile_y028672_x040960.tiff"
"folkertsi-0320","keep","implicit_default","D. folkertsi","40","Process_366_raw_green.ome.tiff::tile_y049152_x028672.tiff::44","Process_366_raw_green.ome.tiff","tile_y049152_x028672.tiff"
"folkertsi-0285","keep","implicit_default","D. folkertsi","5","Process_367_raw_green.ome.tiff::tile_y000000_x024576.tiff::33","Process_367_raw_green.ome.tiff","tile_y000000_x024576.tiff"
"folkertsi-0306","keep","implicit_default","D. folkertsi","26","Process_367_raw_green.ome.tiff::tile_y016384_x049152.tiff::57","Process_367_raw_green.ome.tiff","tile_y016384_x049152.tiff"
"folkertsi-0309","keep","implicit_default","D. folkertsi","29","Process_367_raw_green.ome.tiff::tile_y016384_x049152.tiff::28","Process_367_raw_green.ome.tiff","tile_y016384_x049152.tiff"
"folkertsi-0317","keep","implicit_default","D. folkertsi","37","Process_367_raw_green.ome.tiff::tile_y012288_x016384.tiff::44","Process_367_raw_green.ome.tiff","tile_y012288_x016384.tiff"
"folkertsi-0287","keep","implicit_default","D. folkertsi","7","Process_366_raw_green.ome.tiff::tile_y032768_x045056.tiff::109","Process_366_raw_green.ome.tiff","tile_y032768_x045056.tiff"
"folkertsi-0291","keep","implicit_default","D. folkertsi","11","Process_367_raw_green.ome.tiff::tile_y000000_x024576.tiff::70","Process_367_raw_green.ome.tiff","tile_y000000_x024576.tiff"
"folkertsi-0301","keep","implicit_default","D. folkertsi","21","Process_366_raw_green.ome.tiff::tile_y032768_x045056.tiff::44","Process_366_raw_green.ome.tiff","tile_y032768_x045056.tiff"
"folkertsi-0312","keep","implicit_default","D. folkertsi","32","Process_367_raw_green.ome.tiff::tile_y028672_x040960.tiff::44","Process_367_raw_green.ome.tiff","tile_y028672_x040960.tiff"
"folkertsi-0294","problem","explicit","D. folkertsi","14","Process_366_raw_green.ome.tiff::tile_y008192_x016384.tiff::38","Process_366_raw_green.ome.tiff","tile_y008192_x016384.tiff"
"folkertsi-0310","keep","implicit_default","D. folkertsi","30","Process_366_raw_green.ome.tiff::tile_y049152_x028672.tiff::132","Process_366_raw_green.ome.tiff","tile_y049152_x028672.tiff"
"folkertsi-0300","keep","implicit_default","D. folkertsi","20","Process_367_raw_green.ome.tiff::tile_y016384_x049152.tiff::69","Process_367_raw_green.ome.tiff","tile_y016384_x049152.tiff"
"folkertsi-0289","keep","implicit_default","D. folkertsi","9","Process_366_raw_green.ome.tiff::tile_y032768_x045056.tiff::48","Process_366_raw_green.ome.tiff","tile_y032768_x045056.tiff"
"folkertsi-0299","keep","implicit_default","D. folkertsi","19","Process_367_raw_green.ome.tiff::tile_y000000_x024576.tiff::95","Process_367_raw_green.ome.tiff","tile_y000000_x024576.tiff"
"folkertsi-0283","keep","implicit_default","D. folkertsi","3","Process_367_raw_green.ome.tiff::tile_y016384_x049152.tiff::12","Process_367_raw_green.ome.tiff","tile_y016384_x049152.tiff"
"folkertsi-0286","keep","implicit_default","D. folkertsi","6","Process_367_raw_green.ome.tiff::tile_y000000_x024576.tiff::72","Process_367_raw_green.ome.tiff","tile_y000000_x024576.tiff"
"folkertsi-0281","keep","implicit_default","D. folkertsi","1","Process_366_raw_green.ome.tiff::tile_y057344_x028672.tiff::60","Process_366_raw_green.ome.tiff","tile_y057344_x028672.tiff"
"folkertsi-0303","keep","implicit_default","D. folkertsi","23","Process_367_raw_green.ome.tiff::tile_y012288_x016384.tiff::61","Process_367_raw_green.ome.tiff","tile_y012288_x016384.tiff"
"folkertsi-0305","keep","implicit_default","D. folkertsi","25","Process_367_raw_green.ome.tiff::tile_y016384_x049152.tiff::41","Process_367_raw_green.ome.tiff","tile_y016384_x049152.tiff"
"folkertsi-0292","keep","implicit_default","D. folkertsi","12","Process_367_raw_green.ome.tiff::tile_y000000_x024576.tiff::104","Process_367_raw_green.ome.tiff","tile_y000000_x024576.tiff"
"folkertsi-0296","keep","implicit_default","D. folkertsi","16","Process_366_raw_green.ome.tiff::tile_y032768_x045056.tiff::28","Process_366_raw_green.ome.tiff","tile_y032768_x045056.tiff"
"folkertsi-0313","keep","implicit_default","D. folkertsi","33","Process_366_raw_green.ome.tiff::tile_y004096_x028672.tiff::2","Process_366_raw_green.ome.tiff","tile_y004096_x028672.tiff"
"folkertsi-0315","keep","implicit_default","D. folkertsi","35","Process_367_raw_green.ome.tiff::tile_y000000_x024576.tiff::51","Process_367_raw_green.ome.tiff","tile_y000000_x024576.tiff"
"folkertsi-0293","keep","implicit_default","D. folkertsi","13","Process_367_raw_green.ome.tiff::tile_y012288_x016384.tiff::47","Process_367_raw_green.ome.tiff","tile_y012288_x016384.tiff"
"folkertsi-0307","keep","implicit_default","D. folkertsi","27","Process_366_raw_green.ome.tiff::tile_y057344_x028672.tiff::75","Process_366_raw_green.ome.tiff","tile_y057344_x028672.tiff"
"folkertsi-0319","keep","implicit_default","D. folkertsi","39","Process_367_raw_green.ome.tiff::tile_y012288_x016384.tiff::9","Process_367_raw_green.ome.tiff","tile_y012288_x016384.tiff"
"folkertsi-0311","keep","implicit_default","D. folkertsi","31","Process_366_raw_green.ome.tiff::tile_y057344_x028672.tiff::7","Process_366_raw_green.ome.tiff","tile_y057344_x028672.tiff"
"folkertsi-0302","keep","implicit_default","D. folkertsi","22","Process_366_raw_green.ome.tiff::tile_y049152_x028672.tiff::65","Process_366_raw_green.ome.tiff","tile_y049152_x028672.tiff"
"fuscus-0330","keep","implicit_default","D. fuscus","10","Process_314_raw_green.ome.tiff::tile_y024576_x024576.tiff::22","Process_314_raw_green.ome.tiff","tile_y024576_x024576.tiff"
"fuscus-0329","keep","implicit_default","D. fuscus","9","Process_315_raw_green.ome.tiff::tile_y032768_x036864.tiff::49","Process_315_raw_green.ome.tiff","tile_y032768_x036864.tiff"
"fuscus-0349","keep","implicit_default","D. fuscus","29","Process_315_raw_green.ome.tiff::tile_y032768_x036864.tiff::93","Process_315_raw_green.ome.tiff","tile_y032768_x036864.tiff"
"fuscus-0345","keep","implicit_default","D. fuscus","25","Process_321_raw_green.ome.tiff::tile_y008192_x024576.tiff::27","Process_321_raw_green.ome.tiff","tile_y008192_x024576.tiff"
"fuscus-0344","problem","explicit","D. fuscus","24","Process_314_raw_green.ome.tiff::tile_y024576_x024576.tiff::73","Process_314_raw_green.ome.tiff","tile_y024576_x024576.tiff"
"fuscus-0327","keep","implicit_default","D. fuscus","7","Process_315_raw_green.ome.tiff::tile_y024576_x040960.tiff::17","Process_315_raw_green.ome.tiff","tile_y024576_x040960.tiff"
"fuscus-0331","keep","implicit_default","D. fuscus","11","Process_320_raw_green.ome.tiff::tile_y028672_x077824.tiff::24","Process_320_raw_green.ome.tiff","tile_y028672_x077824.tiff"
"fuscus-0352","keep","implicit_default","D. fuscus","32","Process_321_raw_green.ome.tiff::tile_y004096_x028672.tiff::34","Process_321_raw_green.ome.tiff","tile_y004096_x028672.tiff"
"fuscus-0350","keep","implicit_default","D. fuscus","30","Process_321_raw_green.ome.tiff::tile_y032768_x016384.tiff::12","Process_321_raw_green.ome.tiff","tile_y032768_x016384.tiff"
"fuscus-0323","keep","implicit_default","D. fuscus","3","Process_321_raw_green.ome.tiff::tile_y012288_x016384.tiff::108","Process_321_raw_green.ome.tiff","tile_y012288_x016384.tiff"
"fuscus-0346","keep","implicit_default","D. fuscus","26","Process_314_raw_green.ome.tiff::tile_y024576_x024576.tiff::45","Process_314_raw_green.ome.tiff","tile_y024576_x024576.tiff"
"fuscus-0338","keep","implicit_default","D. fuscus","18","Process_314_raw_green.ome.tiff::tile_y024576_x024576.tiff::82","Process_314_raw_green.ome.tiff","tile_y024576_x024576.tiff"
"fuscus-0336","keep","implicit_default","D. fuscus","16","Process_315_raw_green.ome.tiff::tile_y032768_x036864.tiff::56","Process_315_raw_green.ome.tiff","tile_y032768_x036864.tiff"
"fuscus-0321","keep","implicit_default","D. fuscus","1","Process_314_raw_green.ome.tiff::tile_y065536_x032768.tiff::4","Process_314_raw_green.ome.tiff","tile_y065536_x032768.tiff"
"fuscus-0356","problem","explicit","D. fuscus","36","Process_314_raw_green.ome.tiff::tile_y028672_x040960.tiff::72","Process_314_raw_green.ome.tiff","tile_y028672_x040960.tiff"
"fuscus-0335","keep","implicit_default","D. fuscus","15","Process_315_raw_green.ome.tiff::tile_y024576_x040960.tiff::60","Process_315_raw_green.ome.tiff","tile_y024576_x040960.tiff"
"fuscus-0359","keep","implicit_default","D. fuscus","39","Process_320_raw_green.ome.tiff::tile_y040960_x061440.tiff::10","Process_320_raw_green.ome.tiff","tile_y040960_x061440.tiff"
"fuscus-0358","keep","implicit_default","D. fuscus","38","Process_321_raw_green.ome.tiff::tile_y016384_x049152.tiff::114","Process_321_raw_green.ome.tiff","tile_y016384_x049152.tiff"
"fuscus-0354","keep","implicit_default","D. fuscus","34","Process_315_raw_green.ome.tiff::tile_y045056_x049152.tiff::115","Process_315_raw_green.ome.tiff","tile_y045056_x049152.tiff"
"fuscus-0333","keep","implicit_default","D. fuscus","13","Process_314_raw_green.ome.tiff::tile_y024576_x024576.tiff::62","Process_314_raw_green.ome.tiff","tile_y024576_x024576.tiff"
"fuscus-0357","keep","implicit_default","D. fuscus","37","Process_315_raw_green.ome.tiff::tile_y016384_x016384.tiff::9","Process_315_raw_green.ome.tiff","tile_y016384_x016384.tiff"
"fuscus-0325","keep","implicit_default","D. fuscus","5","Process_314_raw_green.ome.tiff::tile_y024576_x024576.tiff::53","Process_314_raw_green.ome.tiff","tile_y024576_x024576.tiff"
"fuscus-0324","keep","implicit_default","D. fuscus","4","Process_320_raw_green.ome.tiff::tile_y004096_x081920.tiff::41","Process_320_raw_green.ome.tiff","tile_y004096_x081920.tiff"
"fuscus-0348","keep","implicit_default","D. fuscus","28","Process_321_raw_green.ome.tiff::tile_y012288_x016384.tiff::45","Process_321_raw_green.ome.tiff","tile_y012288_x016384.tiff"
"fuscus-0342","keep","implicit_default","D. fuscus","22","Process_321_raw_green.ome.tiff::tile_y004096_x028672.tiff::65","Process_321_raw_green.ome.tiff","tile_y004096_x028672.tiff"
"fuscus-0355","keep","implicit_default","D. fuscus","35","Process_315_raw_green.ome.tiff::tile_y016384_x024576.tiff::2","Process_315_raw_green.ome.tiff","tile_y016384_x024576.tiff"
"fuscus-0343","keep","implicit_default","D. fuscus","23","Process_321_raw_green.ome.tiff::tile_y016384_x049152.tiff::94","Process_321_raw_green.ome.tiff","tile_y016384_x049152.tiff"
"fuscus-0347","keep","implicit_default","D. fuscus","27","Process_314_raw_green.ome.tiff::tile_y024576_x024576.tiff::20","Process_314_raw_green.ome.tiff","tile_y024576_x024576.tiff"
"fuscus-0353","keep","implicit_default","D. fuscus","33","Process_314_raw_green.ome.tiff::tile_y024576_x024576.tiff::38","Process_314_raw_green.ome.tiff","tile_y024576_x024576.tiff"
"fuscus-0328","keep","implicit_default","D. fuscus","8","Process_314_raw_green.ome.tiff::tile_y057344_x032768.tiff::42","Process_314_raw_green.ome.tiff","tile_y057344_x032768.tiff"
"fuscus-0340","keep","implicit_default","D. fuscus","20","Process_314_raw_green.ome.tiff::tile_y057344_x032768.tiff::69","Process_314_raw_green.ome.tiff","tile_y057344_x032768.tiff"
"fuscus-0326","keep","implicit_default","D. fuscus","6","Process_314_raw_green.ome.tiff::tile_y057344_x032768.tiff::24","Process_314_raw_green.ome.tiff","tile_y057344_x032768.tiff"
"fuscus-0351","keep","implicit_default","D. fuscus","31","Process_321_raw_green.ome.tiff::tile_y028672_x053248.tiff::19","Process_321_raw_green.ome.tiff","tile_y028672_x053248.tiff"
"fuscus-0332","keep","implicit_default","D. fuscus","12","Process_314_raw_green.ome.tiff::tile_y057344_x032768.tiff::97","Process_314_raw_green.ome.tiff","tile_y057344_x032768.tiff"
"fuscus-0341","keep","implicit_default","D. fuscus","21","Process_314_raw_green.ome.tiff::tile_y065536_x032768.tiff::44","Process_314_raw_green.ome.tiff","tile_y065536_x032768.tiff"
"fuscus-0339","keep","implicit_default","D. fuscus","19","Process_315_raw_green.ome.tiff::tile_y045056_x049152.tiff::127","Process_315_raw_green.ome.tiff","tile_y045056_x049152.tiff"
"fuscus-0360","keep","implicit_default","D. fuscus","40","Process_321_raw_green.ome.tiff::tile_y012288_x016384.tiff::55","Process_321_raw_green.ome.tiff","tile_y012288_x016384.tiff"
"fuscus-0322","keep","implicit_default","D. fuscus","2","Process_320_raw_green.ome.tiff::tile_y028672_x077824.tiff::52","Process_320_raw_green.ome.tiff","tile_y028672_x077824.tiff"
"fuscus-0337","keep","implicit_default","D. fuscus","17","Process_320_raw_green.ome.tiff::tile_y028672_x077824.tiff::41","Process_320_raw_green.ome.tiff","tile_y028672_x077824.tiff"
"fuscus-0334","keep","implicit_default","D. fuscus","14","Process_321_raw_green.ome.tiff::tile_y032768_x016384.tiff::8","Process_321_raw_green.ome.tiff","tile_y032768_x016384.tiff"
"gvnigeusgwotli-0398","keep","implicit_default","D. gvnigeusgwotli","38","Process_345_raw_green.ome.tiff::tile_y045056_x069632.tiff::11","Process_345_raw_green.ome.tiff","tile_y045056_x069632.tiff"
"gvnigeusgwotli-0377","keep","implicit_default","D. gvnigeusgwotli","17","Process_345_raw_green.ome.tiff::tile_y061440_x028672.tiff::94","Process_345_raw_green.ome.tiff","tile_y061440_x028672.tiff"
"gvnigeusgwotli-0369","keep","implicit_default","D. gvnigeusgwotli","9","Process_345_raw_green.ome.tiff::tile_y053248_x032768.tiff::52","Process_345_raw_green.ome.tiff","tile_y053248_x032768.tiff"
"gvnigeusgwotli-0382","keep","implicit_default","D. gvnigeusgwotli","22","Process_345_raw_green.ome.tiff::tile_y053248_x032768.tiff::55","Process_345_raw_green.ome.tiff","tile_y053248_x032768.tiff"
"gvnigeusgwotli-0361","keep","implicit_default","D. gvnigeusgwotli","1","Process_345_raw_green.ome.tiff::tile_y061440_x028672.tiff::158","Process_345_raw_green.ome.tiff","tile_y061440_x028672.tiff"
"gvnigeusgwotli-0376","keep","implicit_default","D. gvnigeusgwotli","16","Process_345_raw_green.ome.tiff::tile_y049152_x065536.tiff::26","Process_345_raw_green.ome.tiff","tile_y049152_x065536.tiff"
"gvnigeusgwotli-0385","keep","implicit_default","D. gvnigeusgwotli","25","Process_345_raw_green.ome.tiff::tile_y008192_x077824.tiff::22","Process_345_raw_green.ome.tiff","tile_y008192_x077824.tiff"
"gvnigeusgwotli-0389","keep","implicit_default","D. gvnigeusgwotli","29","Process_345_raw_green.ome.tiff::tile_y061440_x028672.tiff::92","Process_345_raw_green.ome.tiff","tile_y061440_x028672.tiff"
"gvnigeusgwotli-0365","keep","implicit_default","D. gvnigeusgwotli","5","Process_345_raw_green.ome.tiff::tile_y008192_x077824.tiff::31","Process_345_raw_green.ome.tiff","tile_y008192_x077824.tiff"
"gvnigeusgwotli-0375","keep","implicit_default","D. gvnigeusgwotli","15","Process_345_raw_green.ome.tiff::tile_y045056_x069632.tiff::2","Process_345_raw_green.ome.tiff","tile_y045056_x069632.tiff"
"gvnigeusgwotli-0391","keep","implicit_default","D. gvnigeusgwotli","31","Process_345_raw_green.ome.tiff::tile_y061440_x028672.tiff::57","Process_345_raw_green.ome.tiff","tile_y061440_x028672.tiff"
"gvnigeusgwotli-0395","keep","implicit_default","D. gvnigeusgwotli","35","Process_345_raw_green.ome.tiff::tile_y049152_x065536.tiff::17","Process_345_raw_green.ome.tiff","tile_y049152_x065536.tiff"
"gvnigeusgwotli-0363","keep","implicit_default","D. gvnigeusgwotli","3","Process_345_raw_green.ome.tiff::tile_y045056_x069632.tiff::27","Process_345_raw_green.ome.tiff","tile_y045056_x069632.tiff"
"gvnigeusgwotli-0399","keep","implicit_default","D. gvnigeusgwotli","39","Process_345_raw_green.ome.tiff::tile_y061440_x028672.tiff::96","Process_345_raw_green.ome.tiff","tile_y061440_x028672.tiff"
"gvnigeusgwotli-0390","problem","explicit","D. gvnigeusgwotli","30","Process_345_raw_green.ome.tiff::tile_y053248_x032768.tiff::36","Process_345_raw_green.ome.tiff","tile_y053248_x032768.tiff"
"gvnigeusgwotli-0386","keep","implicit_default","D. gvnigeusgwotli","26","Process_345_raw_green.ome.tiff::tile_y061440_x028672.tiff::83","Process_345_raw_green.ome.tiff","tile_y061440_x028672.tiff"
"gvnigeusgwotli-0362","keep","implicit_default","D. gvnigeusgwotli","2","Process_345_raw_green.ome.tiff::tile_y049152_x065536.tiff::23","Process_345_raw_green.ome.tiff","tile_y049152_x065536.tiff"
"gvnigeusgwotli-0383","keep","implicit_default","D. gvnigeusgwotli","23","Process_345_raw_green.ome.tiff::tile_y053248_x032768.tiff::68","Process_345_raw_green.ome.tiff","tile_y053248_x032768.tiff"
"gvnigeusgwotli-0393","problem","explicit","D. gvnigeusgwotli","33","Process_345_raw_green.ome.tiff::tile_y061440_x028672.tiff::143","Process_345_raw_green.ome.tiff","tile_y061440_x028672.tiff"
"gvnigeusgwotli-0366","problem","explicit","D. gvnigeusgwotli","6","Process_345_raw_green.ome.tiff::tile_y061440_x028672.tiff::48","Process_345_raw_green.ome.tiff","tile_y061440_x028672.tiff"
"gvnigeusgwotli-0373","keep","implicit_default","D. gvnigeusgwotli","13","Process_345_raw_green.ome.tiff::tile_y061440_x028672.tiff::49","Process_345_raw_green.ome.tiff","tile_y061440_x028672.tiff"
"gvnigeusgwotli-0387","keep","implicit_default","D. gvnigeusgwotli","27","Process_345_raw_green.ome.tiff::tile_y061440_x028672.tiff::84","Process_345_raw_green.ome.tiff","tile_y061440_x028672.tiff"
"gvnigeusgwotli-0396","keep","implicit_default","D. gvnigeusgwotli","36","Process_345_raw_green.ome.tiff::tile_y008192_x077824.tiff::55","Process_345_raw_green.ome.tiff","tile_y008192_x077824.tiff"
"gvnigeusgwotli-0371","keep","implicit_default","D. gvnigeusgwotli","11","Process_345_raw_green.ome.tiff::tile_y008192_x077824.tiff::54","Process_345_raw_green.ome.tiff","tile_y008192_x077824.tiff"
"gvnigeusgwotli-0397","keep","implicit_default","D. gvnigeusgwotli","37","Process_345_raw_green.ome.tiff::tile_y061440_x028672.tiff::120","Process_345_raw_green.ome.tiff","tile_y061440_x028672.tiff"
"gvnigeusgwotli-0388","keep","implicit_default","D. gvnigeusgwotli","28","Process_345_raw_green.ome.tiff::tile_y008192_x077824.tiff::57","Process_345_raw_green.ome.tiff","tile_y008192_x077824.tiff"
"gvnigeusgwotli-0394","keep","implicit_default","D. gvnigeusgwotli","34","Process_345_raw_green.ome.tiff::tile_y045056_x069632.tiff::3","Process_345_raw_green.ome.tiff","tile_y045056_x069632.tiff"
"gvnigeusgwotli-0378","keep","implicit_default","D. gvnigeusgwotli","18","Process_345_raw_green.ome.tiff::tile_y008192_x077824.tiff::64","Process_345_raw_green.ome.tiff","tile_y008192_x077824.tiff"
"gvnigeusgwotli-0372","keep","implicit_default","D. gvnigeusgwotli","12","Process_345_raw_green.ome.tiff::tile_y061440_x028672.tiff::175","Process_345_raw_green.ome.tiff","tile_y061440_x028672.tiff"
"gvnigeusgwotli-0400","keep","implicit_default","D. gvnigeusgwotli","40","Process_345_raw_green.ome.tiff::tile_y008192_x077824.tiff::46","Process_345_raw_green.ome.tiff","tile_y008192_x077824.tiff"
"gvnigeusgwotli-0367","keep","implicit_default","D. gvnigeusgwotli","7","Process_345_raw_green.ome.tiff::tile_y049152_x065536.tiff::4","Process_345_raw_green.ome.tiff","tile_y049152_x065536.tiff"
"gvnigeusgwotli-0364","keep","implicit_default","D. gvnigeusgwotli","4","Process_345_raw_green.ome.tiff::tile_y061440_x028672.tiff::24","Process_345_raw_green.ome.tiff","tile_y061440_x028672.tiff"
"gvnigeusgwotli-0381","keep","implicit_default","D. gvnigeusgwotli","21","Process_345_raw_green.ome.tiff::tile_y008192_x077824.tiff::41","Process_345_raw_green.ome.tiff","tile_y008192_x077824.tiff"
"gvnigeusgwotli-0374","keep","implicit_default","D. gvnigeusgwotli","14","Process_345_raw_green.ome.tiff::tile_y049152_x065536.tiff::6","Process_345_raw_green.ome.tiff","tile_y049152_x065536.tiff"
"gvnigeusgwotli-0379","keep","implicit_default","D. gvnigeusgwotli","19","Process_345_raw_green.ome.tiff::tile_y008192_x077824.tiff::63","Process_345_raw_green.ome.tiff","tile_y008192_x077824.tiff"
"gvnigeusgwotli-0384","keep","implicit_default","D. gvnigeusgwotli","24","Process_345_raw_green.ome.tiff::tile_y061440_x028672.tiff::70","Process_345_raw_green.ome.tiff","tile_y061440_x028672.tiff"
"gvnigeusgwotli-0392","keep","implicit_default","D. gvnigeusgwotli","32","Process_345_raw_green.ome.tiff::tile_y061440_x028672.tiff::50","Process_345_raw_green.ome.tiff","tile_y061440_x028672.tiff"
"gvnigeusgwotli-0368","keep","implicit_default","D. gvnigeusgwotli","8","Process_345_raw_green.ome.tiff::tile_y008192_x077824.tiff::53","Process_345_raw_green.ome.tiff","tile_y008192_x077824.tiff"
"gvnigeusgwotli-0370","keep","implicit_default","D. gvnigeusgwotli","10","Process_345_raw_green.ome.tiff::tile_y053248_x032768.tiff::41","Process_345_raw_green.ome.tiff","tile_y053248_x032768.tiff"
"gvnigeusgwotli-0380","keep","implicit_default","D. gvnigeusgwotli","20","Process_345_raw_green.ome.tiff::tile_y045056_x069632.tiff::10","Process_345_raw_green.ome.tiff","tile_y045056_x069632.tiff"
"intermedius-0430","problem","explicit","D. intermedius","30","Process_336_raw_green.ome.tiff::tile_y040960_x073728.tiff::104","Process_336_raw_green.ome.tiff","tile_y040960_x073728.tiff"
"intermedius-0422","keep","implicit_default","D. intermedius","22","Process_336_raw_green.ome.tiff::tile_y040960_x077824.tiff::93","Process_336_raw_green.ome.tiff","tile_y040960_x077824.tiff"
"intermedius-0405","keep","implicit_default","D. intermedius","5","Process_335_raw_green.ome.tiff::tile_y045056_x049152.tiff::395","Process_335_raw_green.ome.tiff","tile_y045056_x049152.tiff"
"intermedius-0401","keep","implicit_default","D. intermedius","1","Process_336_raw_green.ome.tiff::tile_y040960_x073728.tiff::83","Process_336_raw_green.ome.tiff","tile_y040960_x073728.tiff"
"intermedius-0403","keep","implicit_default","D. intermedius","3","Process_336_raw_green.ome.tiff::tile_y040960_x077824.tiff::26","Process_336_raw_green.ome.tiff","tile_y040960_x077824.tiff"
"intermedius-0424","keep","implicit_default","D. intermedius","24","Process_336_raw_green.ome.tiff::tile_y040960_x077824.tiff::5","Process_336_raw_green.ome.tiff","tile_y040960_x077824.tiff"
"intermedius-0417","keep","implicit_default","D. intermedius","17","Process_336_raw_green.ome.tiff::tile_y040960_x073728.tiff::134","Process_336_raw_green.ome.tiff","tile_y040960_x073728.tiff"
"intermedius-0416","keep","implicit_default","D. intermedius","16","Process_336_raw_green.ome.tiff::tile_y040960_x073728.tiff::141","Process_336_raw_green.ome.tiff","tile_y040960_x073728.tiff"
"intermedius-0431","keep","implicit_default","D. intermedius","31","Process_336_raw_green.ome.tiff::tile_y040960_x077824.tiff::136","Process_336_raw_green.ome.tiff","tile_y040960_x077824.tiff"
"intermedius-0432","keep","implicit_default","D. intermedius","32","Process_335_raw_green.ome.tiff::tile_y045056_x049152.tiff::372","Process_335_raw_green.ome.tiff","tile_y045056_x049152.tiff"
"intermedius-0418","keep","implicit_default","D. intermedius","18","Process_335_raw_green.ome.tiff::tile_y045056_x049152.tiff::124","Process_335_raw_green.ome.tiff","tile_y045056_x049152.tiff"
"intermedius-0435","keep","implicit_default","D. intermedius","35","Process_335_raw_green.ome.tiff::tile_y016384_x032768.tiff::35","Process_335_raw_green.ome.tiff","tile_y016384_x032768.tiff"
"intermedius-0434","keep","implicit_default","D. intermedius","34","Process_335_raw_green.ome.tiff::tile_y045056_x049152.tiff::61","Process_335_raw_green.ome.tiff","tile_y045056_x049152.tiff"
"intermedius-0404","keep","implicit_default","D. intermedius","4","Process_335_raw_green.ome.tiff::tile_y016384_x032768.tiff::36","Process_335_raw_green.ome.tiff","tile_y016384_x032768.tiff"
"intermedius-0436","keep","implicit_default","D. intermedius","36","Process_335_raw_green.ome.tiff::tile_y045056_x049152.tiff::14","Process_335_raw_green.ome.tiff","tile_y045056_x049152.tiff"
"intermedius-0425","keep","implicit_default","D. intermedius","25","Process_336_raw_green.ome.tiff::tile_y040960_x077824.tiff::132","Process_336_raw_green.ome.tiff","tile_y040960_x077824.tiff"
"intermedius-0414","keep","implicit_default","D. intermedius","14","Process_336_raw_green.ome.tiff::tile_y008192_x040960.tiff::104","Process_336_raw_green.ome.tiff","tile_y008192_x040960.tiff"
"intermedius-0427","keep","implicit_default","D. intermedius","27","Process_336_raw_green.ome.tiff::tile_y040960_x077824.tiff::179","Process_336_raw_green.ome.tiff","tile_y040960_x077824.tiff"
"intermedius-0409","keep","implicit_default","D. intermedius","9","Process_335_raw_green.ome.tiff::tile_y045056_x049152.tiff::113","Process_335_raw_green.ome.tiff","tile_y045056_x049152.tiff"
"intermedius-0428","problem","explicit","D. intermedius","28","Process_336_raw_green.ome.tiff::tile_y040960_x073728.tiff::135","Process_336_raw_green.ome.tiff","tile_y040960_x073728.tiff"
"intermedius-0437","keep","implicit_default","D. intermedius","37","Process_335_raw_green.ome.tiff::tile_y045056_x049152.tiff::30","Process_335_raw_green.ome.tiff","tile_y045056_x049152.tiff"
"intermedius-0426","keep","implicit_default","D. intermedius","26","Process_335_raw_green.ome.tiff::tile_y000000_x069632.tiff::18","Process_335_raw_green.ome.tiff","tile_y000000_x069632.tiff"
"intermedius-0415","keep","implicit_default","D. intermedius","15","Process_335_raw_green.ome.tiff::tile_y045056_x049152.tiff::423","Process_335_raw_green.ome.tiff","tile_y045056_x049152.tiff"
"intermedius-0438","keep","implicit_default","D. intermedius","38","Process_335_raw_green.ome.tiff::tile_y000000_x069632.tiff::21","Process_335_raw_green.ome.tiff","tile_y000000_x069632.tiff"
"intermedius-0411","keep","implicit_default","D. intermedius","11","Process_335_raw_green.ome.tiff::tile_y045056_x049152.tiff::12","Process_335_raw_green.ome.tiff","tile_y045056_x049152.tiff"
"intermedius-0413","keep","implicit_default","D. intermedius","13","Process_336_raw_green.ome.tiff::tile_y040960_x077824.tiff::39","Process_336_raw_green.ome.tiff","tile_y040960_x077824.tiff"
"intermedius-0402","problem","explicit","D. intermedius","2","Process_335_raw_green.ome.tiff::tile_y045056_x049152.tiff::443","Process_335_raw_green.ome.tiff","tile_y045056_x049152.tiff"
"intermedius-0439","keep","implicit_default","D. intermedius","39","Process_336_raw_green.ome.tiff::tile_y040960_x077824.tiff::180","Process_336_raw_green.ome.tiff","tile_y040960_x077824.tiff"
"intermedius-0421","keep","implicit_default","D. intermedius","21","Process_336_raw_green.ome.tiff::tile_y040960_x077824.tiff::135","Process_336_raw_green.ome.tiff","tile_y040960_x077824.tiff"
"intermedius-0420","keep","implicit_default","D. intermedius","20","Process_335_raw_green.ome.tiff::tile_y016384_x032768.tiff::61","Process_335_raw_green.ome.tiff","tile_y016384_x032768.tiff"
"intermedius-0408","keep","implicit_default","D. intermedius","8","Process_335_raw_green.ome.tiff::tile_y000000_x069632.tiff::1","Process_335_raw_green.ome.tiff","tile_y000000_x069632.tiff"
"intermedius-0419","keep","implicit_default","D. intermedius","19","Process_336_raw_green.ome.tiff::tile_y040960_x077824.tiff::185","Process_336_raw_green.ome.tiff","tile_y040960_x077824.tiff"
"intermedius-0440","keep","implicit_default","D. intermedius","40","Process_335_raw_green.ome.tiff::tile_y045056_x049152.tiff::405","Process_335_raw_green.ome.tiff","tile_y045056_x049152.tiff"
"intermedius-0407","keep","implicit_default","D. intermedius","7","Process_335_raw_green.ome.tiff::tile_y045056_x049152.tiff::48","Process_335_raw_green.ome.tiff","tile_y045056_x049152.tiff"
"intermedius-0433","keep","implicit_default","D. intermedius","33","Process_336_raw_green.ome.tiff::tile_y040960_x077824.tiff::48","Process_336_raw_green.ome.tiff","tile_y040960_x077824.tiff"
"intermedius-0412","keep","implicit_default","D. intermedius","12","Process_335_raw_green.ome.tiff::tile_y045056_x049152.tiff::308","Process_335_raw_green.ome.tiff","tile_y045056_x049152.tiff"
"intermedius-0429","keep","implicit_default","D. intermedius","29","Process_335_raw_green.ome.tiff::tile_y016384_x032768.tiff::47","Process_335_raw_green.ome.tiff","tile_y016384_x032768.tiff"
"intermedius-0406","keep","implicit_default","D. intermedius","6","Process_335_raw_green.ome.tiff::tile_y032768_x016384.tiff::41","Process_335_raw_green.ome.tiff","tile_y032768_x016384.tiff"
"intermedius-0410","keep","implicit_default","D. intermedius","10","Process_336_raw_green.ome.tiff::tile_y040960_x073728.tiff::3","Process_336_raw_green.ome.tiff","tile_y040960_x073728.tiff"
"intermedius-0423","keep","implicit_default","D. intermedius","23","Process_336_raw_green.ome.tiff::tile_y040960_x077824.tiff::108","Process_336_raw_green.ome.tiff","tile_y040960_x077824.tiff"
"kanawha-0456","problem","explicit","D. kanawha","16","Process_339_raw_green.ome.tiff::tile_y028672_x020480.tiff::38","Process_339_raw_green.ome.tiff","tile_y028672_x020480.tiff"
"kanawha-0471","keep","implicit_default","D. kanawha","31","Process_341_raw_green.ome.tiff::tile_y045056_x081920.tiff::128","Process_341_raw_green.ome.tiff","tile_y045056_x081920.tiff"
"kanawha-0457","keep","implicit_default","D. kanawha","17","Process_341_raw_green.ome.tiff::tile_y045056_x020480.tiff::228","Process_341_raw_green.ome.tiff","tile_y045056_x020480.tiff"
"kanawha-0450","keep","implicit_default","D. kanawha","10","Process_341_raw_green.ome.tiff::tile_y028672_x057344.tiff::13","Process_341_raw_green.ome.tiff","tile_y028672_x057344.tiff"
"kanawha-0462","keep","implicit_default","D. kanawha","22","Process_341_raw_green.ome.tiff::tile_y045056_x020480.tiff::139","Process_341_raw_green.ome.tiff","tile_y045056_x020480.tiff"
"kanawha-0455","keep","implicit_default","D. kanawha","15","Process_341_raw_green.ome.tiff::tile_y045056_x020480.tiff::183","Process_341_raw_green.ome.tiff","tile_y045056_x020480.tiff"
"kanawha-0448","problem","explicit","D. kanawha","8","Process_339_raw_green.ome.tiff::tile_y036864_x028672.tiff::94","Process_339_raw_green.ome.tiff","tile_y036864_x028672.tiff"
"kanawha-0475","keep","implicit_default","D. kanawha","35","Process_341_raw_green.ome.tiff::tile_y045056_x081920.tiff::116","Process_341_raw_green.ome.tiff","tile_y045056_x081920.tiff"
"kanawha-0444","keep","implicit_default","D. kanawha","4","Process_341_raw_green.ome.tiff::tile_y045056_x020480.tiff::28","Process_341_raw_green.ome.tiff","tile_y045056_x020480.tiff"
"kanawha-0458","problem","explicit","D. kanawha","18","Process_339_raw_green.ome.tiff::tile_y028672_x020480.tiff::65","Process_339_raw_green.ome.tiff","tile_y028672_x020480.tiff"
"kanawha-0443","problem","explicit","D. kanawha","3","Process_339_raw_green.ome.tiff::tile_y028672_x020480.tiff::55","Process_339_raw_green.ome.tiff","tile_y028672_x020480.tiff"
"kanawha-0447","problem","explicit","D. kanawha","7","Process_339_raw_green.ome.tiff::tile_y036864_x028672.tiff::147","Process_339_raw_green.ome.tiff","tile_y036864_x028672.tiff"
"kanawha-0476","keep","implicit_default","D. kanawha","36","Process_339_raw_green.ome.tiff::tile_y028672_x020480.tiff::29","Process_339_raw_green.ome.tiff","tile_y028672_x020480.tiff"
"kanawha-0453","keep","implicit_default","D. kanawha","13","Process_341_raw_green.ome.tiff::tile_y028672_x057344.tiff::8","Process_341_raw_green.ome.tiff","tile_y028672_x057344.tiff"
"kanawha-0463","keep","implicit_default","D. kanawha","23","Process_341_raw_green.ome.tiff::tile_y045056_x020480.tiff::180","Process_341_raw_green.ome.tiff","tile_y045056_x020480.tiff"
"kanawha-0465","keep","implicit_default","D. kanawha","25","Process_341_raw_green.ome.tiff::tile_y036864_x008192.tiff::82","Process_341_raw_green.ome.tiff","tile_y036864_x008192.tiff"
"kanawha-0478","keep","implicit_default","D. kanawha","38","Process_341_raw_green.ome.tiff::tile_y045056_x020480.tiff::125","Process_341_raw_green.ome.tiff","tile_y045056_x020480.tiff"
"kanawha-0470","keep","implicit_default","D. kanawha","30","Process_341_raw_green.ome.tiff::tile_y045056_x020480.tiff::172","Process_341_raw_green.ome.tiff","tile_y045056_x020480.tiff"
"kanawha-0467","keep","implicit_default","D. kanawha","27","Process_341_raw_green.ome.tiff::tile_y045056_x020480.tiff::106","Process_341_raw_green.ome.tiff","tile_y045056_x020480.tiff"
"kanawha-0472","keep","implicit_default","D. kanawha","32","Process_339_raw_green.ome.tiff::tile_y036864_x028672.tiff::19","Process_339_raw_green.ome.tiff","tile_y036864_x028672.tiff"
"kanawha-0460","keep","implicit_default","D. kanawha","20","Process_341_raw_green.ome.tiff::tile_y036864_x008192.tiff::10","Process_341_raw_green.ome.tiff","tile_y036864_x008192.tiff"
"kanawha-0473","keep","implicit_default","D. kanawha","33","Process_341_raw_green.ome.tiff::tile_y045056_x020480.tiff::132","Process_341_raw_green.ome.tiff","tile_y045056_x020480.tiff"
"kanawha-0464","keep","implicit_default","D. kanawha","24","Process_341_raw_green.ome.tiff::tile_y036864_x008192.tiff::79","Process_341_raw_green.ome.tiff","tile_y036864_x008192.tiff"
"kanawha-0479","keep","implicit_default","D. kanawha","39","Process_341_raw_green.ome.tiff::tile_y036864_x008192.tiff::59","Process_341_raw_green.ome.tiff","tile_y036864_x008192.tiff"
"kanawha-0480","problem","explicit","D. kanawha","40","Process_339_raw_green.ome.tiff::tile_y036864_x028672.tiff::124","Process_339_raw_green.ome.tiff","tile_y036864_x028672.tiff"
"kanawha-0469","keep","implicit_default","D. kanawha","29","Process_341_raw_green.ome.tiff::tile_y045056_x020480.tiff::142","Process_341_raw_green.ome.tiff","tile_y045056_x020480.tiff"
"kanawha-0459","keep","implicit_default","D. kanawha","19","Process_341_raw_green.ome.tiff::tile_y045056_x081920.tiff::80","Process_341_raw_green.ome.tiff","tile_y045056_x081920.tiff"
"kanawha-0449","keep","implicit_default","D. kanawha","9","Process_341_raw_green.ome.tiff::tile_y036864_x008192.tiff::4","Process_341_raw_green.ome.tiff","tile_y036864_x008192.tiff"
"kanawha-0468","keep","implicit_default","D. kanawha","28","Process_341_raw_green.ome.tiff::tile_y045056_x020480.tiff::121","Process_341_raw_green.ome.tiff","tile_y045056_x020480.tiff"
"kanawha-0451","keep","implicit_default","D. kanawha","11","Process_341_raw_green.ome.tiff::tile_y045056_x020480.tiff::94","Process_341_raw_green.ome.tiff","tile_y045056_x020480.tiff"
"kanawha-0441","problem","explicit","D. kanawha","1","Process_341_raw_green.ome.tiff::tile_y045056_x020480.tiff::145","Process_341_raw_green.ome.tiff","tile_y045056_x020480.tiff"
"kanawha-0466","keep","implicit_default","D. kanawha","26","Process_341_raw_green.ome.tiff::tile_y036864_x008192.tiff::98","Process_341_raw_green.ome.tiff","tile_y036864_x008192.tiff"
"kanawha-0445","keep","implicit_default","D. kanawha","5","Process_341_raw_green.ome.tiff::tile_y028672_x057344.tiff::29","Process_341_raw_green.ome.tiff","tile_y028672_x057344.tiff"
"kanawha-0461","keep","implicit_default","D. kanawha","21","Process_341_raw_green.ome.tiff::tile_y045056_x020480.tiff::39","Process_341_raw_green.ome.tiff","tile_y045056_x020480.tiff"
"kanawha-0477","keep","implicit_default","D. kanawha","37","Process_341_raw_green.ome.tiff::tile_y045056_x081920.tiff::14","Process_341_raw_green.ome.tiff","tile_y045056_x081920.tiff"
"kanawha-0442","keep","implicit_default","D. kanawha","2","Process_341_raw_green.ome.tiff::tile_y045056_x020480.tiff::3","Process_341_raw_green.ome.tiff","tile_y045056_x020480.tiff"
"kanawha-0452","keep","implicit_default","D. kanawha","12","Process_339_raw_green.ome.tiff::tile_y036864_x028672.tiff::63","Process_339_raw_green.ome.tiff","tile_y036864_x028672.tiff"
"kanawha-0446","keep","implicit_default","D. kanawha","6","Process_341_raw_green.ome.tiff::tile_y028672_x057344.tiff::20","Process_341_raw_green.ome.tiff","tile_y028672_x057344.tiff"
"kanawha-0474","keep","implicit_default","D. kanawha","34","Process_341_raw_green.ome.tiff::tile_y045056_x081920.tiff::44","Process_341_raw_green.ome.tiff","tile_y045056_x081920.tiff"
"kanawha-0454","problem","explicit","D. kanawha","14","Process_339_raw_green.ome.tiff::tile_y036864_x028672.tiff::108","Process_339_raw_green.ome.tiff","tile_y036864_x028672.tiff"
"marmoratus-0483","keep","implicit_default","D. marmoratus","3","Process_334_raw_green.ome.tiff::tile_y028672_x036864.tiff::198","Process_334_raw_green.ome.tiff","tile_y028672_x036864.tiff"
"marmoratus-0502","keep","implicit_default","D. marmoratus","22","Process_334_raw_green.ome.tiff::tile_y028672_x036864.tiff::214","Process_334_raw_green.ome.tiff","tile_y028672_x036864.tiff"
"marmoratus-0494","keep","implicit_default","D. marmoratus","14","Process_334_raw_green.ome.tiff::tile_y028672_x036864.tiff::22","Process_334_raw_green.ome.tiff","tile_y028672_x036864.tiff"
"marmoratus-0508","keep","implicit_default","D. marmoratus","28","Process_333_raw_green.ome.tiff::tile_y024576_x057344.tiff::6","Process_333_raw_green.ome.tiff","tile_y024576_x057344.tiff"
"marmoratus-0519","keep","implicit_default","D. marmoratus","39","Process_334_raw_green.ome.tiff::tile_y008192_x016384.tiff::103","Process_334_raw_green.ome.tiff","tile_y008192_x016384.tiff"
"marmoratus-0489","keep","implicit_default","D. marmoratus","9","Process_334_raw_green.ome.tiff::tile_y028672_x036864.tiff::320","Process_334_raw_green.ome.tiff","tile_y028672_x036864.tiff"
"marmoratus-0498","keep","implicit_default","D. marmoratus","18","Process_334_raw_green.ome.tiff::tile_y028672_x036864.tiff::206","Process_334_raw_green.ome.tiff","tile_y028672_x036864.tiff"
"marmoratus-0509","keep","implicit_default","D. marmoratus","29","Process_334_raw_green.ome.tiff::tile_y028672_x036864.tiff::212","Process_334_raw_green.ome.tiff","tile_y028672_x036864.tiff"
"marmoratus-0518","keep","implicit_default","D. marmoratus","38","Process_334_raw_green.ome.tiff::tile_y028672_x036864.tiff::241","Process_334_raw_green.ome.tiff","tile_y028672_x036864.tiff"
"marmoratus-0510","keep","implicit_default","D. marmoratus","30","Process_333_raw_green.ome.tiff::tile_y053248_x036864.tiff::151","Process_333_raw_green.ome.tiff","tile_y053248_x036864.tiff"
"marmoratus-0499","keep","implicit_default","D. marmoratus","19","Process_334_raw_green.ome.tiff::tile_y028672_x036864.tiff::263","Process_334_raw_green.ome.tiff","tile_y028672_x036864.tiff"
"marmoratus-0505","problem","explicit","D. marmoratus","25","Process_334_raw_green.ome.tiff::tile_y028672_x036864.tiff::280","Process_334_raw_green.ome.tiff","tile_y028672_x036864.tiff"
"marmoratus-0482","keep","implicit_default","D. marmoratus","2","Process_334_raw_green.ome.tiff::tile_y028672_x036864.tiff::191","Process_334_raw_green.ome.tiff","tile_y028672_x036864.tiff"
"marmoratus-0504","keep","implicit_default","D. marmoratus","24","Process_334_raw_green.ome.tiff::tile_y028672_x036864.tiff::205","Process_334_raw_green.ome.tiff","tile_y028672_x036864.tiff"
"marmoratus-0516","keep","implicit_default","D. marmoratus","36","Process_334_raw_green.ome.tiff::tile_y028672_x036864.tiff::4","Process_334_raw_green.ome.tiff","tile_y028672_x036864.tiff"
"marmoratus-0495","keep","implicit_default","D. marmoratus","15","Process_334_raw_green.ome.tiff::tile_y028672_x036864.tiff::46","Process_334_raw_green.ome.tiff","tile_y028672_x036864.tiff"
"marmoratus-0488","keep","implicit_default","D. marmoratus","8","Process_334_raw_green.ome.tiff::tile_y000000_x036864.tiff::17","Process_334_raw_green.ome.tiff","tile_y000000_x036864.tiff"
"marmoratus-0493","keep","implicit_default","D. marmoratus","13","Process_333_raw_green.ome.tiff::tile_y024576_x057344.tiff::26","Process_333_raw_green.ome.tiff","tile_y024576_x057344.tiff"
"marmoratus-0506","keep","implicit_default","D. marmoratus","26","Process_334_raw_green.ome.tiff::tile_y000000_x036864.tiff::11","Process_334_raw_green.ome.tiff","tile_y000000_x036864.tiff"
"marmoratus-0503","keep","implicit_default","D. marmoratus","23","Process_334_raw_green.ome.tiff::tile_y028672_x036864.tiff::51","Process_334_raw_green.ome.tiff","tile_y028672_x036864.tiff"
"marmoratus-0497","keep","implicit_default","D. marmoratus","17","Process_334_raw_green.ome.tiff::tile_y028672_x036864.tiff::243","Process_334_raw_green.ome.tiff","tile_y028672_x036864.tiff"
"marmoratus-0513","keep","implicit_default","D. marmoratus","33","Process_334_raw_green.ome.tiff::tile_y028672_x036864.tiff::230","Process_334_raw_green.ome.tiff","tile_y028672_x036864.tiff"
"marmoratus-0514","keep","implicit_default","D. marmoratus","34","Process_333_raw_green.ome.tiff::tile_y053248_x036864.tiff::6","Process_333_raw_green.ome.tiff","tile_y053248_x036864.tiff"
"marmoratus-0501","keep","implicit_default","D. marmoratus","21","Process_334_raw_green.ome.tiff::tile_y028672_x036864.tiff::119","Process_334_raw_green.ome.tiff","tile_y028672_x036864.tiff"
"marmoratus-0511","keep","implicit_default","D. marmoratus","31","Process_333_raw_green.ome.tiff::tile_y032768_x061440.tiff::20","Process_333_raw_green.ome.tiff","tile_y032768_x061440.tiff"
"marmoratus-0496","keep","implicit_default","D. marmoratus","16","Process_334_raw_green.ome.tiff::tile_y028672_x036864.tiff::3","Process_334_raw_green.ome.tiff","tile_y028672_x036864.tiff"
"marmoratus-0492","keep","implicit_default","D. marmoratus","12","Process_333_raw_green.ome.tiff::tile_y053248_x036864.tiff::123","Process_333_raw_green.ome.tiff","tile_y053248_x036864.tiff"
"marmoratus-0512","keep","implicit_default","D. marmoratus","32","Process_333_raw_green.ome.tiff::tile_y053248_x036864.tiff::199","Process_333_raw_green.ome.tiff","tile_y053248_x036864.tiff"
"marmoratus-0481","keep","implicit_default","D. marmoratus","1","Process_334_raw_green.ome.tiff::tile_y028672_x036864.tiff::67","Process_334_raw_green.ome.tiff","tile_y028672_x036864.tiff"
"marmoratus-0507","keep","implicit_default","D. marmoratus","27","Process_334_raw_green.ome.tiff::tile_y000000_x036864.tiff::9","Process_334_raw_green.ome.tiff","tile_y000000_x036864.tiff"
"marmoratus-0520","keep","implicit_default","D. marmoratus","40","Process_333_raw_green.ome.tiff::tile_y012288_x016384.tiff::17","Process_333_raw_green.ome.tiff","tile_y012288_x016384.tiff"
"marmoratus-0487","problem","explicit","D. marmoratus","7","Process_333_raw_green.ome.tiff::tile_y053248_x036864.tiff::47","Process_333_raw_green.ome.tiff","tile_y053248_x036864.tiff"
"marmoratus-0517","keep","implicit_default","D. marmoratus","37","Process_333_raw_green.ome.tiff::tile_y024576_x057344.tiff::39","Process_333_raw_green.ome.tiff","tile_y024576_x057344.tiff"
"marmoratus-0485","keep","implicit_default","D. marmoratus","5","Process_334_raw_green.ome.tiff::tile_y028672_x036864.tiff::180","Process_334_raw_green.ome.tiff","tile_y028672_x036864.tiff"
"marmoratus-0491","keep","implicit_default","D. marmoratus","11","Process_334_raw_green.ome.tiff::tile_y028672_x036864.tiff::79","Process_334_raw_green.ome.tiff","tile_y028672_x036864.tiff"
"marmoratus-0486","keep","implicit_default","D. marmoratus","6","Process_334_raw_green.ome.tiff::tile_y028672_x036864.tiff::12","Process_334_raw_green.ome.tiff","tile_y028672_x036864.tiff"
"marmoratus-0484","keep","implicit_default","D. marmoratus","4","Process_334_raw_green.ome.tiff::tile_y028672_x036864.tiff::139","Process_334_raw_green.ome.tiff","tile_y028672_x036864.tiff"
"marmoratus-0515","keep","implicit_default","D. marmoratus","35","Process_334_raw_green.ome.tiff::tile_y028672_x036864.tiff::24","Process_334_raw_green.ome.tiff","tile_y028672_x036864.tiff"
"marmoratus-0490","keep","implicit_default","D. marmoratus","10","Process_334_raw_green.ome.tiff::tile_y028672_x036864.tiff::194","Process_334_raw_green.ome.tiff","tile_y028672_x036864.tiff"
"marmoratus-0500","keep","implicit_default","D. marmoratus","20","Process_334_raw_green.ome.tiff::tile_y028672_x036864.tiff::228","Process_334_raw_green.ome.tiff","tile_y028672_x036864.tiff"
"mavrokoilius-0528","keep","implicit_default","D. mavrokoilius","8","Process_340_raw_green.ome.tiff::tile_y012288_x008192.tiff::27","Process_340_raw_green.ome.tiff","tile_y012288_x008192.tiff"
"mavrokoilius-0539","keep","implicit_default","D. mavrokoilius","19","Process_340_raw_green.ome.tiff::tile_y012288_x008192.tiff::85","Process_340_raw_green.ome.tiff","tile_y012288_x008192.tiff"
"mavrokoilius-0523","keep","implicit_default","D. mavrokoilius","3","Process_340_raw_green.ome.tiff::tile_y012288_x008192.tiff::84","Process_340_raw_green.ome.tiff","tile_y012288_x008192.tiff"
"mavrokoilius-0558","problem","explicit","D. mavrokoilius","38","Process_340_raw_green.ome.tiff::tile_y028672_x020480.tiff::22","Process_340_raw_green.ome.tiff","tile_y028672_x020480.tiff"
"mavrokoilius-0555","keep","implicit_default","D. mavrokoilius","35","Process_317_raw_green.ome.tiff::tile_y061440_x114688.tiff::22","Process_317_raw_green.ome.tiff","tile_y061440_x114688.tiff"
"mavrokoilius-0549","keep","implicit_default","D. mavrokoilius","29","Process_317_raw_green.ome.tiff::tile_y053248_x106496.tiff::14","Process_317_raw_green.ome.tiff","tile_y053248_x106496.tiff"
"mavrokoilius-0536","problem","explicit","D. mavrokoilius","16","Process_340_raw_green.ome.tiff::tile_y028672_x020480.tiff::30","Process_340_raw_green.ome.tiff","tile_y028672_x020480.tiff"
"mavrokoilius-0547","keep","implicit_default","D. mavrokoilius","27","Process_340_raw_green.ome.tiff::tile_y036864_x040960.tiff::53","Process_340_raw_green.ome.tiff","tile_y036864_x040960.tiff"
"mavrokoilius-0543","problem","explicit","D. mavrokoilius","23","Process_340_raw_green.ome.tiff::tile_y004096_x098304.tiff::75","Process_340_raw_green.ome.tiff","tile_y004096_x098304.tiff"
"mavrokoilius-0535","keep","implicit_default","D. mavrokoilius","15","Process_317_raw_green.ome.tiff::tile_y081920_x036864.tiff::11","Process_317_raw_green.ome.tiff","tile_y081920_x036864.tiff"
"mavrokoilius-0534","keep","implicit_default","D. mavrokoilius","14","Process_317_raw_green.ome.tiff::tile_y061440_x114688.tiff::55","Process_317_raw_green.ome.tiff","tile_y061440_x114688.tiff"
"mavrokoilius-0546","problem","explicit","D. mavrokoilius","26","Process_317_raw_green.ome.tiff::tile_y053248_x114688.tiff::12","Process_317_raw_green.ome.tiff","tile_y053248_x114688.tiff"
"mavrokoilius-0550","keep","implicit_default","D. mavrokoilius","30","Process_317_raw_green.ome.tiff::tile_y053248_x114688.tiff::58","Process_317_raw_green.ome.tiff","tile_y053248_x114688.tiff"
"mavrokoilius-0531","keep","implicit_default","D. mavrokoilius","11","Process_340_raw_green.ome.tiff::tile_y036864_x040960.tiff::24","Process_340_raw_green.ome.tiff","tile_y036864_x040960.tiff"
"mavrokoilius-0526","problem","explicit","D. mavrokoilius","6","Process_340_raw_green.ome.tiff::tile_y004096_x098304.tiff::3","Process_340_raw_green.ome.tiff","tile_y004096_x098304.tiff"
"mavrokoilius-0557","keep","implicit_default","D. mavrokoilius","37","Process_340_raw_green.ome.tiff::tile_y036864_x040960.tiff::107","Process_340_raw_green.ome.tiff","tile_y036864_x040960.tiff"
"mavrokoilius-0521","problem","explicit","D. mavrokoilius","1","Process_340_raw_green.ome.tiff::tile_y004096_x098304.tiff::71","Process_340_raw_green.ome.tiff","tile_y004096_x098304.tiff"
"mavrokoilius-0554","keep","implicit_default","D. mavrokoilius","34","Process_317_raw_green.ome.tiff::tile_y081920_x036864.tiff::28","Process_317_raw_green.ome.tiff","tile_y081920_x036864.tiff"
"mavrokoilius-0532","keep","implicit_default","D. mavrokoilius","12","Process_340_raw_green.ome.tiff::tile_y036864_x040960.tiff::7","Process_340_raw_green.ome.tiff","tile_y036864_x040960.tiff"
"mavrokoilius-0545","keep","implicit_default","D. mavrokoilius","25","Process_340_raw_green.ome.tiff::tile_y036864_x040960.tiff::20","Process_340_raw_green.ome.tiff","tile_y036864_x040960.tiff"
"mavrokoilius-0530","keep","implicit_default","D. mavrokoilius","10","Process_317_raw_green.ome.tiff::tile_y053248_x106496.tiff::21","Process_317_raw_green.ome.tiff","tile_y053248_x106496.tiff"
"mavrokoilius-0540","keep","implicit_default","D. mavrokoilius","20","Process_340_raw_green.ome.tiff::tile_y036864_x040960.tiff::52","Process_340_raw_green.ome.tiff","tile_y036864_x040960.tiff"
"mavrokoilius-0551","problem","explicit","D. mavrokoilius","31","Process_340_raw_green.ome.tiff::tile_y036864_x016384.tiff::20","Process_340_raw_green.ome.tiff","tile_y036864_x016384.tiff"
"mavrokoilius-0548","keep","implicit_default","D. mavrokoilius","28","Process_340_raw_green.ome.tiff::tile_y036864_x040960.tiff::78","Process_340_raw_green.ome.tiff","tile_y036864_x040960.tiff"
"mavrokoilius-0529","keep","implicit_default","D. mavrokoilius","9","Process_340_raw_green.ome.tiff::tile_y028672_x098304.tiff::86","Process_340_raw_green.ome.tiff","tile_y028672_x098304.tiff"
"mavrokoilius-0525","keep","implicit_default","D. mavrokoilius","5","Process_340_raw_green.ome.tiff::tile_y036864_x040960.tiff::17","Process_340_raw_green.ome.tiff","tile_y036864_x040960.tiff"
"mavrokoilius-0553","keep","implicit_default","D. mavrokoilius","33","Process_317_raw_green.ome.tiff::tile_y061440_x114688.tiff::44","Process_317_raw_green.ome.tiff","tile_y061440_x114688.tiff"
"mavrokoilius-0537","keep","implicit_default","D. mavrokoilius","17","Process_340_raw_green.ome.tiff::tile_y028672_x020480.tiff::3","Process_340_raw_green.ome.tiff","tile_y028672_x020480.tiff"
"mavrokoilius-0541","keep","implicit_default","D. mavrokoilius","21","Process_340_raw_green.ome.tiff::tile_y028672_x098304.tiff::69","Process_340_raw_green.ome.tiff","tile_y028672_x098304.tiff"
"mavrokoilius-0542","problem","explicit","D. mavrokoilius","22","Process_317_raw_green.ome.tiff::tile_y061440_x114688.tiff::51","Process_317_raw_green.ome.tiff","tile_y061440_x114688.tiff"
"mavrokoilius-0560","keep","implicit_default","D. mavrokoilius","40","Process_317_raw_green.ome.tiff::tile_y081920_x036864.tiff::19","Process_317_raw_green.ome.tiff","tile_y081920_x036864.tiff"
"mavrokoilius-0559","keep","implicit_default","D. mavrokoilius","39","Process_340_raw_green.ome.tiff::tile_y028672_x020480.tiff::39","Process_340_raw_green.ome.tiff","tile_y028672_x020480.tiff"
"mavrokoilius-0524","keep","implicit_default","D. mavrokoilius","4","Process_340_raw_green.ome.tiff::tile_y012288_x008192.tiff::87","Process_340_raw_green.ome.tiff","tile_y012288_x008192.tiff"
"mavrokoilius-0522","keep","implicit_default","D. mavrokoilius","2","Process_340_raw_green.ome.tiff::tile_y036864_x040960.tiff::8","Process_340_raw_green.ome.tiff","tile_y036864_x040960.tiff"
"mavrokoilius-0527","keep","implicit_default","D. mavrokoilius","7","Process_340_raw_green.ome.tiff::tile_y036864_x040960.tiff::26","Process_340_raw_green.ome.tiff","tile_y036864_x040960.tiff"
"mavrokoilius-0556","keep","implicit_default","D. mavrokoilius","36","Process_317_raw_green.ome.tiff::tile_y081920_x036864.tiff::7","Process_317_raw_green.ome.tiff","tile_y081920_x036864.tiff"
"mavrokoilius-0533","keep","implicit_default","D. mavrokoilius","13","Process_317_raw_green.ome.tiff::tile_y053248_x106496.tiff::47","Process_317_raw_green.ome.tiff","tile_y053248_x106496.tiff"
"mavrokoilius-0538","keep","implicit_default","D. mavrokoilius","18","Process_340_raw_green.ome.tiff::tile_y036864_x040960.tiff::49","Process_340_raw_green.ome.tiff","tile_y036864_x040960.tiff"
"mavrokoilius-0552","keep","implicit_default","D. mavrokoilius","32","Process_317_raw_green.ome.tiff::tile_y061440_x114688.tiff::62","Process_317_raw_green.ome.tiff","tile_y061440_x114688.tiff"
"mavrokoilius-0544","keep","implicit_default","D. mavrokoilius","24","Process_340_raw_green.ome.tiff::tile_y004096_x098304.tiff::77","Process_340_raw_green.ome.tiff","tile_y004096_x098304.tiff"
"monticola-0594","keep","implicit_default","D. monticola","34","Process_313_raw_green.ome.tiff::tile_y032768_x053248.tiff::157","Process_313_raw_green.ome.tiff","tile_y032768_x053248.tiff"
"monticola-0581","problem","explicit","D. monticola","21","Process_312_raw_green.ome.tiff::tile_y040960_x028672.tiff::96","Process_312_raw_green.ome.tiff","tile_y040960_x028672.tiff"
"monticola-0596","problem","explicit","D. monticola","36","Process_313_raw_green.ome.tiff::tile_y032768_x053248.tiff::44","Process_313_raw_green.ome.tiff","tile_y032768_x053248.tiff"
"monticola-0592","keep","implicit_default","D. monticola","32","Process_313_raw_green.ome.tiff::tile_y032768_x053248.tiff::70","Process_313_raw_green.ome.tiff","tile_y032768_x053248.tiff"
"monticola-0570","problem","explicit","D. monticola","10","Process_312_raw_green.ome.tiff::tile_y040960_x028672.tiff::205","Process_312_raw_green.ome.tiff","tile_y040960_x028672.tiff"
"monticola-0584","problem","explicit","D. monticola","24","Process_368_raw_green.ome.tiff::tile_y020480_x040960.tiff::4","Process_368_raw_green.ome.tiff","tile_y020480_x040960.tiff"
"monticola-0561","problem","explicit","D. monticola","1","Process_368_raw_green.ome.tiff::tile_y020480_x040960.tiff::79","Process_368_raw_green.ome.tiff","tile_y020480_x040960.tiff"
"monticola-0579","problem","explicit","D. monticola","19","Process_368_raw_green.ome.tiff::tile_y020480_x040960.tiff::53","Process_368_raw_green.ome.tiff","tile_y020480_x040960.tiff"
"monticola-0571","problem","explicit","D. monticola","11","Process_368_raw_green.ome.tiff::tile_y020480_x040960.tiff::1","Process_368_raw_green.ome.tiff","tile_y020480_x040960.tiff"
"monticola-0568","problem","explicit","D. monticola","8","Process_368_raw_green.ome.tiff::tile_y020480_x040960.tiff::75","Process_368_raw_green.ome.tiff","tile_y020480_x040960.tiff"
"monticola-0574","problem","explicit","D. monticola","14","Process_312_raw_green.ome.tiff::tile_y040960_x028672.tiff::186","Process_312_raw_green.ome.tiff","tile_y040960_x028672.tiff"
"monticola-0562","keep","implicit_default","D. monticola","2","Process_312_raw_green.ome.tiff::tile_y008192_x004096.tiff::46","Process_312_raw_green.ome.tiff","tile_y008192_x004096.tiff"
"monticola-0588","keep","implicit_default","D. monticola","28","Process_312_raw_green.ome.tiff::tile_y008192_x004096.tiff::59","Process_312_raw_green.ome.tiff","tile_y008192_x004096.tiff"
"monticola-0598","keep","implicit_default","D. monticola","38","Process_312_raw_green.ome.tiff::tile_y040960_x028672.tiff::58","Process_312_raw_green.ome.tiff","tile_y040960_x028672.tiff"
"monticola-0600","problem","explicit","D. monticola","40","Process_368_raw_green.ome.tiff::tile_y020480_x040960.tiff::58","Process_368_raw_green.ome.tiff","tile_y020480_x040960.tiff"
"monticola-0578","keep","implicit_default","D. monticola","18","Process_312_raw_green.ome.tiff::tile_y008192_x004096.tiff::1","Process_312_raw_green.ome.tiff","tile_y008192_x004096.tiff"
"monticola-0564","keep","implicit_default","D. monticola","4","Process_313_raw_green.ome.tiff::tile_y012288_x049152.tiff::3","Process_313_raw_green.ome.tiff","tile_y012288_x049152.tiff"
"monticola-0573","keep","implicit_default","D. monticola","13","Process_313_raw_green.ome.tiff::tile_y012288_x049152.tiff::13","Process_313_raw_green.ome.tiff","tile_y012288_x049152.tiff"
"monticola-0586","keep","implicit_default","D. monticola","26","Process_313_raw_green.ome.tiff::tile_y012288_x049152.tiff::83","Process_313_raw_green.ome.tiff","tile_y012288_x049152.tiff"
"monticola-0599","keep","implicit_default","D. monticola","39","Process_313_raw_green.ome.tiff::tile_y032768_x053248.tiff::205","Process_313_raw_green.ome.tiff","tile_y032768_x053248.tiff"
"monticola-0569","keep","implicit_default","D. monticola","9","Process_313_raw_green.ome.tiff::tile_y032768_x053248.tiff::24","Process_313_raw_green.ome.tiff","tile_y032768_x053248.tiff"
"monticola-0565","keep","implicit_default","D. monticola","5","Process_312_raw_green.ome.tiff::tile_y040960_x028672.tiff::238","Process_312_raw_green.ome.tiff","tile_y040960_x028672.tiff"
"monticola-0566","keep","implicit_default","D. monticola","6","Process_313_raw_green.ome.tiff::tile_y012288_x049152.tiff::5","Process_313_raw_green.ome.tiff","tile_y012288_x049152.tiff"
"monticola-0585","keep","implicit_default","D. monticola","25","Process_313_raw_green.ome.tiff::tile_y032768_x053248.tiff::178","Process_313_raw_green.ome.tiff","tile_y032768_x053248.tiff"
"monticola-0597","keep","implicit_default","D. monticola","37","Process_312_raw_green.ome.tiff::tile_y008192_x004096.tiff::110","Process_312_raw_green.ome.tiff","tile_y008192_x004096.tiff"
"monticola-0580","problem","explicit","D. monticola","20","Process_368_raw_green.ome.tiff::tile_y020480_x040960.tiff::37","Process_368_raw_green.ome.tiff","tile_y020480_x040960.tiff"
"monticola-0575","keep","implicit_default","D. monticola","15","Process_313_raw_green.ome.tiff::tile_y012288_x049152.tiff::47","Process_313_raw_green.ome.tiff","tile_y012288_x049152.tiff"
"monticola-0589","keep","implicit_default","D. monticola","29","Process_313_raw_green.ome.tiff::tile_y012288_x049152.tiff::60","Process_313_raw_green.ome.tiff","tile_y012288_x049152.tiff"
"monticola-0572","problem","explicit","D. monticola","12","Process_368_raw_green.ome.tiff::tile_y020480_x040960.tiff::69","Process_368_raw_green.ome.tiff","tile_y020480_x040960.tiff"
"monticola-0567","problem","explicit","D. monticola","7","Process_312_raw_green.ome.tiff::tile_y040960_x028672.tiff::48","Process_312_raw_green.ome.tiff","tile_y040960_x028672.tiff"
"monticola-0595","keep","implicit_default","D. monticola","35","Process_313_raw_green.ome.tiff::tile_y012288_x049152.tiff::199","Process_313_raw_green.ome.tiff","tile_y012288_x049152.tiff"
"monticola-0590","keep","implicit_default","D. monticola","30","Process_313_raw_green.ome.tiff::tile_y012288_x049152.tiff::9","Process_313_raw_green.ome.tiff","tile_y012288_x049152.tiff"
"monticola-0591","keep","implicit_default","D. monticola","31","Process_313_raw_green.ome.tiff::tile_y032768_x053248.tiff::109","Process_313_raw_green.ome.tiff","tile_y032768_x053248.tiff"
"monticola-0587","keep","implicit_default","D. monticola","27","Process_313_raw_green.ome.tiff::tile_y032768_x053248.tiff::126","Process_313_raw_green.ome.tiff","tile_y032768_x053248.tiff"
"monticola-0593","keep","implicit_default","D. monticola","33","Process_312_raw_green.ome.tiff::tile_y040960_x028672.tiff::69","Process_312_raw_green.ome.tiff","tile_y040960_x028672.tiff"
"monticola-0582","problem","explicit","D. monticola","22","Process_312_raw_green.ome.tiff::tile_y040960_x028672.tiff::200","Process_312_raw_green.ome.tiff","tile_y040960_x028672.tiff"
"monticola-0577","keep","implicit_default","D. monticola","17","Process_312_raw_green.ome.tiff::tile_y008192_x004096.tiff::43","Process_312_raw_green.ome.tiff","tile_y008192_x004096.tiff"
"monticola-0563","keep","implicit_default","D. monticola","3","Process_312_raw_green.ome.tiff::tile_y008192_x004096.tiff::73","Process_312_raw_green.ome.tiff","tile_y008192_x004096.tiff"
"monticola-0583","keep","implicit_default","D. monticola","23","Process_313_raw_green.ome.tiff::tile_y012288_x049152.tiff::167","Process_313_raw_green.ome.tiff","tile_y012288_x049152.tiff"
"monticola-0576","problem","explicit","D. monticola","16","Process_312_raw_green.ome.tiff::tile_y040960_x028672.tiff::224","Process_312_raw_green.ome.tiff","tile_y040960_x028672.tiff"
"ocoee-0659","problem","explicit","D. ocoee","19","Process_364_raw_green.ome.tiff::tile_y040960_x032768.tiff::187","Process_364_raw_green.ome.tiff","tile_y040960_x032768.tiff"
"ocoee-0649","problem","explicit","D. ocoee","9","Process_365_raw_green.ome.tiff::tile_y016384_x045056.tiff::43","Process_365_raw_green.ome.tiff","tile_y016384_x045056.tiff"
"ocoee-0654","problem","explicit","D. ocoee","14","Process_365_raw_green.ome.tiff::tile_y016384_x045056.tiff::50","Process_365_raw_green.ome.tiff","tile_y016384_x045056.tiff"
"ocoee-0642","keep","implicit_default","D. ocoee","2","Process_353_raw_green.ome.tiff::tile_y024576_x036864.tiff::49","Process_353_raw_green.ome.tiff","tile_y024576_x036864.tiff"
"ocoee-0670","keep","implicit_default","D. ocoee","30","Process_353_raw_green.ome.tiff::tile_y020480_x008192.tiff::20","Process_353_raw_green.ome.tiff","tile_y020480_x008192.tiff"
"ocoee-0676","keep","implicit_default","D. ocoee","36","Process_353_raw_green.ome.tiff::tile_y020480_x008192.tiff::24","Process_353_raw_green.ome.tiff","tile_y020480_x008192.tiff"
"ocoee-0675","keep","implicit_default","D. ocoee","35","Process_365_raw_green.ome.tiff::tile_y040960_x053248.tiff::152","Process_365_raw_green.ome.tiff","tile_y040960_x053248.tiff"
"ocoee-0657","keep","implicit_default","D. ocoee","17","Process_365_raw_green.ome.tiff::tile_y040960_x024576.tiff::110","Process_365_raw_green.ome.tiff","tile_y040960_x024576.tiff"
"ocoee-0653","keep","implicit_default","D. ocoee","13","Process_365_raw_green.ome.tiff::tile_y040960_x053248.tiff::34","Process_365_raw_green.ome.tiff","tile_y040960_x053248.tiff"
"ocoee-0647","keep","implicit_default","D. ocoee","7","Process_365_raw_green.ome.tiff::tile_y040960_x053248.tiff::98","Process_365_raw_green.ome.tiff","tile_y040960_x053248.tiff"
"ocoee-0667","problem","explicit","D. ocoee","27","Process_353_raw_green.ome.tiff::tile_y024576_x036864.tiff::10","Process_353_raw_green.ome.tiff","tile_y024576_x036864.tiff"
"ocoee-0650","problem","explicit","D. ocoee","10","Process_364_raw_green.ome.tiff::tile_y040960_x032768.tiff::184","Process_364_raw_green.ome.tiff","tile_y040960_x032768.tiff"
"ocoee-0672","keep","implicit_default","D. ocoee","32","Process_364_raw_green.ome.tiff::tile_y040960_x032768.tiff::58","Process_364_raw_green.ome.tiff","tile_y040960_x032768.tiff"
"ocoee-0664","keep","implicit_default","D. ocoee","24","Process_364_raw_green.ome.tiff::tile_y020480_x028672.tiff::80","Process_364_raw_green.ome.tiff","tile_y020480_x028672.tiff"
"ocoee-0678","keep","implicit_default","D. ocoee","38","Process_364_raw_green.ome.tiff::tile_y040960_x032768.tiff::96","Process_364_raw_green.ome.tiff","tile_y040960_x032768.tiff"
"ocoee-0651","keep","implicit_default","D. ocoee","11","Process_364_raw_green.ome.tiff::tile_y040960_x032768.tiff::179","Process_364_raw_green.ome.tiff","tile_y040960_x032768.tiff"
"ocoee-0658","keep","implicit_default","D. ocoee","18","Process_364_raw_green.ome.tiff::tile_y000000_x020480.tiff::36","Process_364_raw_green.ome.tiff","tile_y000000_x020480.tiff"
"ocoee-0643","problem","explicit","D. ocoee","3","Process_353_raw_green.ome.tiff::tile_y024576_x020480.tiff::40","Process_353_raw_green.ome.tiff","tile_y024576_x020480.tiff"
"ocoee-0669","keep","implicit_default","D. ocoee","29","Process_365_raw_green.ome.tiff::tile_y040960_x024576.tiff::164","Process_365_raw_green.ome.tiff","tile_y040960_x024576.tiff"
"ocoee-0648","keep","implicit_default","D. ocoee","8","Process_364_raw_green.ome.tiff::tile_y000000_x020480.tiff::3","Process_364_raw_green.ome.tiff","tile_y000000_x020480.tiff"
"ocoee-0663","keep","implicit_default","D. ocoee","23","Process_364_raw_green.ome.tiff::tile_y016384_x045056.tiff::90","Process_364_raw_green.ome.tiff","tile_y016384_x045056.tiff"
"ocoee-0666","keep","implicit_default","D. ocoee","26","Process_353_raw_green.ome.tiff::tile_y004096_x024576.tiff::59","Process_353_raw_green.ome.tiff","tile_y004096_x024576.tiff"
"ocoee-0645","keep","implicit_default","D. ocoee","5","Process_364_raw_green.ome.tiff::tile_y040960_x032768.tiff::149","Process_364_raw_green.ome.tiff","tile_y040960_x032768.tiff"
"ocoee-0660","keep","implicit_default","D. ocoee","20","Process_365_raw_green.ome.tiff::tile_y061440_x036864.tiff::101","Process_365_raw_green.ome.tiff","tile_y061440_x036864.tiff"
"ocoee-0671","keep","implicit_default","D. ocoee","31","Process_353_raw_green.ome.tiff::tile_y024576_x036864.tiff::5","Process_353_raw_green.ome.tiff","tile_y024576_x036864.tiff"
"ocoee-0661","keep","implicit_default","D. ocoee","21","Process_364_raw_green.ome.tiff::tile_y040960_x032768.tiff::31","Process_364_raw_green.ome.tiff","tile_y040960_x032768.tiff"
"ocoee-0655","keep","implicit_default","D. ocoee","15","Process_365_raw_green.ome.tiff::tile_y061440_x036864.tiff::79","Process_365_raw_green.ome.tiff","tile_y061440_x036864.tiff"
"ocoee-0652","keep","implicit_default","D. ocoee","12","Process_364_raw_green.ome.tiff::tile_y000000_x020480.tiff::23","Process_364_raw_green.ome.tiff","tile_y000000_x020480.tiff"
"ocoee-0677","keep","implicit_default","D. ocoee","37","Process_365_raw_green.ome.tiff::tile_y061440_x036864.tiff::115","Process_365_raw_green.ome.tiff","tile_y061440_x036864.tiff"
"ocoee-0665","keep","implicit_default","D. ocoee","25","Process_353_raw_green.ome.tiff::tile_y024576_x036864.tiff::103","Process_353_raw_green.ome.tiff","tile_y024576_x036864.tiff"
"ocoee-0668","keep","implicit_default","D. ocoee","28","Process_353_raw_green.ome.tiff::tile_y024576_x020480.tiff::108","Process_353_raw_green.ome.tiff","tile_y024576_x020480.tiff"
"ocoee-0662","keep","implicit_default","D. ocoee","22","Process_365_raw_green.ome.tiff::tile_y036864_x024576.tiff::40","Process_365_raw_green.ome.tiff","tile_y036864_x024576.tiff"
"ocoee-0641","keep","implicit_default","D. ocoee","1","Process_365_raw_green.ome.tiff::tile_y061440_x036864.tiff::77","Process_365_raw_green.ome.tiff","tile_y061440_x036864.tiff"
"ocoee-0680","keep","implicit_default","D. ocoee","40","Process_365_raw_green.ome.tiff::tile_y040960_x024576.tiff::43","Process_365_raw_green.ome.tiff","tile_y040960_x024576.tiff"
"ocoee-0673","keep","implicit_default","D. ocoee","33","Process_353_raw_green.ome.tiff::tile_y024576_x020480.tiff::34","Process_353_raw_green.ome.tiff","tile_y024576_x020480.tiff"
"ocoee-0644","keep","implicit_default","D. ocoee","4","Process_353_raw_green.ome.tiff::tile_y012288_x008192.tiff::1","Process_353_raw_green.ome.tiff","tile_y012288_x008192.tiff"
"ocoee-0656","keep","implicit_default","D. ocoee","16","Process_364_raw_green.ome.tiff::tile_y000000_x020480.tiff::21","Process_364_raw_green.ome.tiff","tile_y000000_x020480.tiff"
"ocoee-0679","keep","implicit_default","D. ocoee","39","Process_364_raw_green.ome.tiff::tile_y040960_x032768.tiff::27","Process_364_raw_green.ome.tiff","tile_y040960_x032768.tiff"
"ocoee-0646","problem","explicit","D. ocoee","6","Process_364_raw_green.ome.tiff::tile_y040960_x032768.tiff::155","Process_364_raw_green.ome.tiff","tile_y040960_x032768.tiff"
"ocoee-0674","keep","implicit_default","D. ocoee","34","Process_364_raw_green.ome.tiff::tile_y040960_x032768.tiff::4","Process_364_raw_green.ome.tiff","tile_y040960_x032768.tiff"
"perlapsus-0687","keep","implicit_default","D. perlapsus","7","Process_354_raw_green.ome.tiff::tile_y016384_x032768.tiff::20","Process_354_raw_green.ome.tiff","tile_y016384_x032768.tiff"
"perlapsus-0694","problem","explicit","D. perlapsus","14","Process_358_raw_green.ome.tiff::tile_y032768_x008192.tiff::15","Process_358_raw_green.ome.tiff","tile_y032768_x008192.tiff"
"perlapsus-0709","problem","explicit","D. perlapsus","29","Process_355_raw_green.ome.tiff::tile_y040960_x008192.tiff::103","Process_355_raw_green.ome.tiff","tile_y040960_x008192.tiff"
"perlapsus-0697","keep","implicit_default","D. perlapsus","17","Process_358_raw_green.ome.tiff::tile_y045056_x045056.tiff::11","Process_358_raw_green.ome.tiff","tile_y045056_x045056.tiff"
"perlapsus-0706","keep","implicit_default","D. perlapsus","26","Process_355_raw_green.ome.tiff::tile_y040960_x016384.tiff::1","Process_355_raw_green.ome.tiff","tile_y040960_x016384.tiff"
"perlapsus-0719","keep","implicit_default","D. perlapsus","39","Process_354_raw_green.ome.tiff::tile_y028672_x024576.tiff::10","Process_354_raw_green.ome.tiff","tile_y028672_x024576.tiff"
"perlapsus-0681","keep","implicit_default","D. perlapsus","1","Process_358_raw_green.ome.tiff::tile_y028672_x045056.tiff::1","Process_358_raw_green.ome.tiff","tile_y028672_x045056.tiff"
"perlapsus-0684","keep","implicit_default","D. perlapsus","4","Process_358_raw_green.ome.tiff::tile_y024576_x016384.tiff::5","Process_358_raw_green.ome.tiff","tile_y024576_x016384.tiff"
"perlapsus-0692","keep","implicit_default","D. perlapsus","12","Process_354_raw_green.ome.tiff::tile_y016384_x032768.tiff::12","Process_354_raw_green.ome.tiff","tile_y016384_x032768.tiff"
"perlapsus-0686","keep","implicit_default","D. perlapsus","6","Process_354_raw_green.ome.tiff::tile_y016384_x008192.tiff::1","Process_354_raw_green.ome.tiff","tile_y016384_x008192.tiff"
"perlapsus-0708","keep","implicit_default","D. perlapsus","28","Process_355_raw_green.ome.tiff::tile_y020480_x032768.tiff::64","Process_355_raw_green.ome.tiff","tile_y020480_x032768.tiff"
"perlapsus-0688","keep","implicit_default","D. perlapsus","8","Process_354_raw_green.ome.tiff::tile_y020480_x040960.tiff::22","Process_354_raw_green.ome.tiff","tile_y020480_x040960.tiff"
"perlapsus-0713","keep","implicit_default","D. perlapsus","33","Process_355_raw_green.ome.tiff::tile_y040960_x016384.tiff::61","Process_355_raw_green.ome.tiff","tile_y040960_x016384.tiff"
"perlapsus-0712","problem","explicit","D. perlapsus","32","Process_355_raw_green.ome.tiff::tile_y040960_x016384.tiff::4","Process_355_raw_green.ome.tiff","tile_y040960_x016384.tiff"
"perlapsus-0691","problem","explicit","D. perlapsus","11","Process_354_raw_green.ome.tiff::tile_y045056_x032768.tiff::15","Process_354_raw_green.ome.tiff","tile_y045056_x032768.tiff"
"perlapsus-0714","keep","implicit_default","D. perlapsus","34","Process_358_raw_green.ome.tiff::tile_y032768_x008192.tiff::22","Process_358_raw_green.ome.tiff","tile_y032768_x008192.tiff"
"perlapsus-0716","keep","implicit_default","D. perlapsus","36","Process_354_raw_green.ome.tiff::tile_y016384_x032768.tiff::4","Process_354_raw_green.ome.tiff","tile_y016384_x032768.tiff"
"perlapsus-0689","keep","implicit_default","D. perlapsus","9","Process_354_raw_green.ome.tiff::tile_y045056_x032768.tiff::9","Process_354_raw_green.ome.tiff","tile_y045056_x032768.tiff"
"perlapsus-0695","keep","implicit_default","D. perlapsus","15","Process_355_raw_green.ome.tiff::tile_y020480_x032768.tiff::22","Process_355_raw_green.ome.tiff","tile_y020480_x032768.tiff"
"perlapsus-0718","keep","implicit_default","D. perlapsus","38","Process_354_raw_green.ome.tiff::tile_y020480_x040960.tiff::9","Process_354_raw_green.ome.tiff","tile_y020480_x040960.tiff"
"perlapsus-0720","problem","explicit","D. perlapsus","40","Process_358_raw_green.ome.tiff::tile_y028672_x040960.tiff::7","Process_358_raw_green.ome.tiff","tile_y028672_x040960.tiff"
"perlapsus-0710","keep","implicit_default","D. perlapsus","30","Process_358_raw_green.ome.tiff::tile_y024576_x016384.tiff::11","Process_358_raw_green.ome.tiff","tile_y024576_x016384.tiff"
"perlapsus-0703","keep","implicit_default","D. perlapsus","23","Process_358_raw_green.ome.tiff::tile_y032768_x008192.tiff::12","Process_358_raw_green.ome.tiff","tile_y032768_x008192.tiff"
"perlapsus-0682","keep","implicit_default","D. perlapsus","2","Process_358_raw_green.ome.tiff::tile_y032768_x008192.tiff::18","Process_358_raw_green.ome.tiff","tile_y032768_x008192.tiff"
"perlapsus-0698","keep","implicit_default","D. perlapsus","18","Process_354_raw_green.ome.tiff::tile_y028672_x024576.tiff::23","Process_354_raw_green.ome.tiff","tile_y028672_x024576.tiff"
"perlapsus-0701","keep","implicit_default","D. perlapsus","21","Process_355_raw_green.ome.tiff::tile_y040960_x008192.tiff::4","Process_355_raw_green.ome.tiff","tile_y040960_x008192.tiff"
"perlapsus-0707","keep","implicit_default","D. perlapsus","27","Process_358_raw_green.ome.tiff::tile_y032768_x008192.tiff::7","Process_358_raw_green.ome.tiff","tile_y032768_x008192.tiff"
"perlapsus-0700","problem","explicit","D. perlapsus","20","Process_354_raw_green.ome.tiff::tile_y028672_x024576.tiff::18","Process_354_raw_green.ome.tiff","tile_y028672_x024576.tiff"
"perlapsus-0693","keep","implicit_default","D. perlapsus","13","Process_354_raw_green.ome.tiff::tile_y016384_x032768.tiff::8","Process_354_raw_green.ome.tiff","tile_y016384_x032768.tiff"
"perlapsus-0696","problem","explicit","D. perlapsus","16","Process_355_raw_green.ome.tiff::tile_y040960_x016384.tiff::65","Process_355_raw_green.ome.tiff","tile_y040960_x016384.tiff"
"perlapsus-0685","keep","implicit_default","D. perlapsus","5","Process_355_raw_green.ome.tiff::tile_y040960_x008192.tiff::40","Process_355_raw_green.ome.tiff","tile_y040960_x008192.tiff"
"perlapsus-0699","keep","implicit_default","D. perlapsus","19","Process_354_raw_green.ome.tiff::tile_y020480_x016384.tiff::2","Process_354_raw_green.ome.tiff","tile_y020480_x016384.tiff"
"perlapsus-0690","problem","explicit","D. perlapsus","10","Process_354_raw_green.ome.tiff::tile_y036864_x036864.tiff::9","Process_354_raw_green.ome.tiff","tile_y036864_x036864.tiff"
"perlapsus-0711","problem","explicit","D. perlapsus","31","Process_358_raw_green.ome.tiff::tile_y024576_x032768.tiff::26","Process_358_raw_green.ome.tiff","tile_y024576_x032768.tiff"
"perlapsus-0683","keep","implicit_default","D. perlapsus","3","Process_354_raw_green.ome.tiff::tile_y028672_x004096.tiff::16","Process_354_raw_green.ome.tiff","tile_y028672_x004096.tiff"
"perlapsus-0717","problem","explicit","D. perlapsus","37","Process_355_raw_green.ome.tiff::tile_y040960_x008192.tiff::44","Process_355_raw_green.ome.tiff","tile_y040960_x008192.tiff"
"perlapsus-0704","keep","implicit_default","D. perlapsus","24","Process_355_raw_green.ome.tiff::tile_y040960_x016384.tiff::36","Process_355_raw_green.ome.tiff","tile_y040960_x016384.tiff"
"perlapsus-0705","keep","implicit_default","D. perlapsus","25","Process_354_raw_green.ome.tiff::tile_y036864_x036864.tiff::10","Process_354_raw_green.ome.tiff","tile_y036864_x036864.tiff"
"perlapsus-0702","keep","implicit_default","D. perlapsus","22","Process_354_raw_green.ome.tiff::tile_y016384_x008192.tiff::22","Process_354_raw_green.ome.tiff","tile_y016384_x008192.tiff"
"perlapsus-0715","keep","implicit_default","D. perlapsus","35","Process_354_raw_green.ome.tiff::tile_y036864_x036864.tiff::2","Process_354_raw_green.ome.tiff","tile_y036864_x036864.tiff"
"tilleyi-0741","keep","implicit_default","D. tilleyi","21","Process_350_raw_green.ome.tiff::tile_y008192_x032768.tiff::50","Process_350_raw_green.ome.tiff","tile_y008192_x032768.tiff"
"tilleyi-0744","keep","implicit_default","D. tilleyi","24","Process_350_raw_green.ome.tiff::tile_y020480_x032768.tiff::53","Process_350_raw_green.ome.tiff","tile_y020480_x032768.tiff"
"tilleyi-0739","keep","implicit_default","D. tilleyi","19","Process_350_raw_green.ome.tiff::tile_y024576_x045056.tiff::13","Process_350_raw_green.ome.tiff","tile_y024576_x045056.tiff"
"tilleyi-0724","keep","implicit_default","D. tilleyi","4","Process_350_raw_green.ome.tiff::tile_y008192_x032768.tiff::140","Process_350_raw_green.ome.tiff","tile_y008192_x032768.tiff"
"tilleyi-0722","keep","implicit_default","D. tilleyi","2","Process_350_raw_green.ome.tiff::tile_y053248_x040960.tiff::20","Process_350_raw_green.ome.tiff","tile_y053248_x040960.tiff"
"tilleyi-0747","keep","implicit_default","D. tilleyi","27","Process_351_raw_green.ome.tiff::tile_y040960_x004096.tiff::45","Process_351_raw_green.ome.tiff","tile_y040960_x004096.tiff"
"tilleyi-0733","keep","implicit_default","D. tilleyi","13","Process_351_raw_green.ome.tiff::tile_y045056_x049152.tiff::13","Process_351_raw_green.ome.tiff","tile_y045056_x049152.tiff"
"tilleyi-0756","problem","explicit","D. tilleyi","36","Process_350_raw_green.ome.tiff::tile_y040960_x040960.tiff::63","Process_350_raw_green.ome.tiff","tile_y040960_x040960.tiff"
"tilleyi-0749","keep","implicit_default","D. tilleyi","29","Process_351_raw_green.ome.tiff::tile_y040960_x004096.tiff::37","Process_351_raw_green.ome.tiff","tile_y040960_x004096.tiff"
"tilleyi-0752","keep","implicit_default","D. tilleyi","32","Process_350_raw_green.ome.tiff::tile_y020480_x032768.tiff::104","Process_350_raw_green.ome.tiff","tile_y020480_x032768.tiff"
"tilleyi-0735","keep","implicit_default","D. tilleyi","15","Process_351_raw_green.ome.tiff::tile_y028672_x077824.tiff::23","Process_351_raw_green.ome.tiff","tile_y028672_x077824.tiff"
"tilleyi-0736","keep","implicit_default","D. tilleyi","16","Process_350_raw_green.ome.tiff::tile_y008192_x032768.tiff::26","Process_350_raw_green.ome.tiff","tile_y008192_x032768.tiff"
"tilleyi-0723","keep","implicit_default","D. tilleyi","3","Process_351_raw_green.ome.tiff::tile_y028672_x077824.tiff::75","Process_351_raw_green.ome.tiff","tile_y028672_x077824.tiff"
"tilleyi-0748","keep","implicit_default","D. tilleyi","28","Process_350_raw_green.ome.tiff::tile_y020480_x032768.tiff::98","Process_350_raw_green.ome.tiff","tile_y020480_x032768.tiff"
"tilleyi-0738","keep","implicit_default","D. tilleyi","18","Process_351_raw_green.ome.tiff::tile_y040960_x004096.tiff::4","Process_351_raw_green.ome.tiff","tile_y040960_x004096.tiff"
"tilleyi-0746","keep","implicit_default","D. tilleyi","26","Process_351_raw_green.ome.tiff::tile_y028672_x077824.tiff::56","Process_351_raw_green.ome.tiff","tile_y028672_x077824.tiff"
"tilleyi-0754","keep","implicit_default","D. tilleyi","34","Process_351_raw_green.ome.tiff::tile_y028672_x077824.tiff::18","Process_351_raw_green.ome.tiff","tile_y028672_x077824.tiff"
"tilleyi-0725","keep","implicit_default","D. tilleyi","5","Process_351_raw_green.ome.tiff::tile_y045056_x049152.tiff::54","Process_351_raw_green.ome.tiff","tile_y045056_x049152.tiff"
"tilleyi-0757","keep","implicit_default","D. tilleyi","37","Process_350_raw_green.ome.tiff::tile_y053248_x040960.tiff::46","Process_350_raw_green.ome.tiff","tile_y053248_x040960.tiff"
"tilleyi-0732","keep","implicit_default","D. tilleyi","12","Process_351_raw_green.ome.tiff::tile_y045056_x049152.tiff::10","Process_351_raw_green.ome.tiff","tile_y045056_x049152.tiff"
"tilleyi-0731","keep","implicit_default","D. tilleyi","11","Process_350_raw_green.ome.tiff::tile_y008192_x032768.tiff::81","Process_350_raw_green.ome.tiff","tile_y008192_x032768.tiff"
"tilleyi-0760","keep","implicit_default","D. tilleyi","40","Process_350_raw_green.ome.tiff::tile_y008192_x032768.tiff::128","Process_350_raw_green.ome.tiff","tile_y008192_x032768.tiff"
"tilleyi-0743","keep","implicit_default","D. tilleyi","23","Process_350_raw_green.ome.tiff::tile_y053248_x040960.tiff::55","Process_350_raw_green.ome.tiff","tile_y053248_x040960.tiff"
"tilleyi-0726","keep","implicit_default","D. tilleyi","6","Process_351_raw_green.ome.tiff::tile_y028672_x077824.tiff::35","Process_351_raw_green.ome.tiff","tile_y028672_x077824.tiff"
"tilleyi-0750","keep","implicit_default","D. tilleyi","30","Process_351_raw_green.ome.tiff::tile_y028672_x077824.tiff::11","Process_351_raw_green.ome.tiff","tile_y028672_x077824.tiff"
"tilleyi-0737","keep","implicit_default","D. tilleyi","17","Process_350_raw_green.ome.tiff::tile_y008192_x032768.tiff::122","Process_350_raw_green.ome.tiff","tile_y008192_x032768.tiff"
"tilleyi-0755","keep","implicit_default","D. tilleyi","35","Process_351_raw_green.ome.tiff::tile_y040960_x004096.tiff::54","Process_351_raw_green.ome.tiff","tile_y040960_x004096.tiff"
"tilleyi-0758","keep","implicit_default","D. tilleyi","38","Process_351_raw_green.ome.tiff::tile_y045056_x049152.tiff::35","Process_351_raw_green.ome.tiff","tile_y045056_x049152.tiff"
"tilleyi-0721","keep","implicit_default","D. tilleyi","1","Process_350_raw_green.ome.tiff::tile_y008192_x032768.tiff::48","Process_350_raw_green.ome.tiff","tile_y008192_x032768.tiff"
"tilleyi-0742","keep","implicit_default","D. tilleyi","22","Process_351_raw_green.ome.tiff::tile_y073728_x053248.tiff::202","Process_351_raw_green.ome.tiff","tile_y073728_x053248.tiff"
"tilleyi-0751","keep","implicit_default","D. tilleyi","31","Process_350_raw_green.ome.tiff::tile_y008192_x032768.tiff::127","Process_350_raw_green.ome.tiff","tile_y008192_x032768.tiff"
"tilleyi-0729","problem","explicit","D. tilleyi","9","Process_350_raw_green.ome.tiff::tile_y053248_x040960.tiff::36","Process_350_raw_green.ome.tiff","tile_y053248_x040960.tiff"
"tilleyi-0753","keep","implicit_default","D. tilleyi","33","Process_351_raw_green.ome.tiff::tile_y028672_x077824.tiff::14","Process_351_raw_green.ome.tiff","tile_y028672_x077824.tiff"
"tilleyi-0727","keep","implicit_default","D. tilleyi","7","Process_350_raw_green.ome.tiff::tile_y024576_x045056.tiff::35","Process_350_raw_green.ome.tiff","tile_y024576_x045056.tiff"
"tilleyi-0745","keep","implicit_default","D. tilleyi","25","Process_350_raw_green.ome.tiff::tile_y020480_x032768.tiff::141","Process_350_raw_green.ome.tiff","tile_y020480_x032768.tiff"
"tilleyi-0728","keep","implicit_default","D. tilleyi","8","Process_350_raw_green.ome.tiff::tile_y024576_x045056.tiff::60","Process_350_raw_green.ome.tiff","tile_y024576_x045056.tiff"
"tilleyi-0759","keep","implicit_default","D. tilleyi","39","Process_351_raw_green.ome.tiff::tile_y073728_x053248.tiff::42","Process_351_raw_green.ome.tiff","tile_y073728_x053248.tiff"
"tilleyi-0734","keep","implicit_default","D. tilleyi","14","Process_350_raw_green.ome.tiff::tile_y008192_x032768.tiff::88","Process_350_raw_green.ome.tiff","tile_y008192_x032768.tiff"
"tilleyi-0730","keep","implicit_default","D. tilleyi","10","Process_350_raw_green.ome.tiff::tile_y008192_x032768.tiff::113","Process_350_raw_green.ome.tiff","tile_y008192_x032768.tiff"
"tilleyi-0740","keep","implicit_default","D. tilleyi","20","Process_350_raw_green.ome.tiff::tile_y008192_x032768.tiff::62","Process_350_raw_green.ome.tiff","tile_y008192_x032768.tiff"
"valtos-0768","keep","implicit_default","D. valtos","8","Process_362_raw_green.ome.tiff::tile_y040960_x053248.tiff::1","Process_362_raw_green.ome.tiff","tile_y040960_x053248.tiff"
"valtos-0761","keep","implicit_default","D. valtos","1","Process_363_raw_green.ome.tiff::tile_y040960_x061440.tiff::147","Process_363_raw_green.ome.tiff","tile_y040960_x061440.tiff"
"valtos-0800","keep","implicit_default","D. valtos","40","Process_363_raw_green.ome.tiff::tile_y040960_x061440.tiff::136","Process_363_raw_green.ome.tiff","tile_y040960_x061440.tiff"
"valtos-0773","keep","implicit_default","D. valtos","13","Process_362_raw_green.ome.tiff::tile_y053248_x032768.tiff::63","Process_362_raw_green.ome.tiff","tile_y053248_x032768.tiff"
"valtos-0763","keep","implicit_default","D. valtos","3","Process_362_raw_green.ome.tiff::tile_y049152_x004096.tiff::63","Process_362_raw_green.ome.tiff","tile_y049152_x004096.tiff"
"valtos-0781","keep","implicit_default","D. valtos","21","Process_363_raw_green.ome.tiff::tile_y040960_x065536.tiff::136","Process_363_raw_green.ome.tiff","tile_y040960_x065536.tiff"
"valtos-0796","keep","implicit_default","D. valtos","36","Process_362_raw_green.ome.tiff::tile_y049152_x004096.tiff::25","Process_362_raw_green.ome.tiff","tile_y049152_x004096.tiff"
"valtos-0779","keep","implicit_default","D. valtos","19","Process_363_raw_green.ome.tiff::tile_y040960_x061440.tiff::339","Process_363_raw_green.ome.tiff","tile_y040960_x061440.tiff"
"valtos-0784","keep","implicit_default","D. valtos","24","Process_362_raw_green.ome.tiff::tile_y049152_x004096.tiff::17","Process_362_raw_green.ome.tiff","tile_y049152_x004096.tiff"
"valtos-0798","problem","explicit","D. valtos","38","Process_362_raw_green.ome.tiff::tile_y053248_x032768.tiff::53","Process_362_raw_green.ome.tiff","tile_y053248_x032768.tiff"
"valtos-0780","keep","implicit_default","D. valtos","20","Process_363_raw_green.ome.tiff::tile_y040960_x065536.tiff::96","Process_363_raw_green.ome.tiff","tile_y040960_x065536.tiff"
"valtos-0797","problem","explicit","D. valtos","37","Process_362_raw_green.ome.tiff::tile_y053248_x032768.tiff::31","Process_362_raw_green.ome.tiff","tile_y053248_x032768.tiff"
"valtos-0792","keep","implicit_default","D. valtos","32","Process_362_raw_green.ome.tiff::tile_y028672_x045056.tiff::65","Process_362_raw_green.ome.tiff","tile_y028672_x045056.tiff"
"valtos-0793","keep","implicit_default","D. valtos","33","Process_362_raw_green.ome.tiff::tile_y049152_x004096.tiff::86","Process_362_raw_green.ome.tiff","tile_y049152_x004096.tiff"
"valtos-0771","keep","implicit_default","D. valtos","11","Process_362_raw_green.ome.tiff::tile_y040960_x053248.tiff::136","Process_362_raw_green.ome.tiff","tile_y040960_x053248.tiff"
"valtos-0778","keep","implicit_default","D. valtos","18","Process_362_raw_green.ome.tiff::tile_y053248_x032768.tiff::10","Process_362_raw_green.ome.tiff","tile_y053248_x032768.tiff"
"valtos-0764","keep","implicit_default","D. valtos","4","Process_363_raw_green.ome.tiff::tile_y040960_x061440.tiff::126","Process_363_raw_green.ome.tiff","tile_y040960_x061440.tiff"
"valtos-0774","keep","implicit_default","D. valtos","14","Process_363_raw_green.ome.tiff::tile_y040960_x061440.tiff::133","Process_363_raw_green.ome.tiff","tile_y040960_x061440.tiff"
"valtos-0788","keep","implicit_default","D. valtos","28","Process_362_raw_green.ome.tiff::tile_y053248_x032768.tiff::121","Process_362_raw_green.ome.tiff","tile_y053248_x032768.tiff"
"valtos-0789","keep","implicit_default","D. valtos","29","Process_363_raw_green.ome.tiff::tile_y040960_x065536.tiff::84","Process_363_raw_green.ome.tiff","tile_y040960_x065536.tiff"
"valtos-0790","problem","explicit","D. valtos","30","Process_362_raw_green.ome.tiff::tile_y053248_x032768.tiff::48","Process_362_raw_green.ome.tiff","tile_y053248_x032768.tiff"
"valtos-0791","keep","implicit_default","D. valtos","31","Process_363_raw_green.ome.tiff::tile_y040960_x065536.tiff::98","Process_363_raw_green.ome.tiff","tile_y040960_x065536.tiff"
"valtos-0767","keep","implicit_default","D. valtos","7","Process_363_raw_green.ome.tiff::tile_y040960_x061440.tiff::129","Process_363_raw_green.ome.tiff","tile_y040960_x061440.tiff"
"valtos-0782","keep","implicit_default","D. valtos","22","Process_363_raw_green.ome.tiff::tile_y040960_x061440.tiff::311","Process_363_raw_green.ome.tiff","tile_y040960_x061440.tiff"
"valtos-0795","problem","explicit","D. valtos","35","Process_363_raw_green.ome.tiff::tile_y040960_x065536.tiff::152","Process_363_raw_green.ome.tiff","tile_y040960_x065536.tiff"
"valtos-0762","keep","implicit_default","D. valtos","2","Process_363_raw_green.ome.tiff::tile_y040960_x061440.tiff::25","Process_363_raw_green.ome.tiff","tile_y040960_x061440.tiff"
"valtos-0775","keep","implicit_default","D. valtos","15","Process_362_raw_green.ome.tiff::tile_y053248_x032768.tiff::105","Process_362_raw_green.ome.tiff","tile_y053248_x032768.tiff"
"valtos-0785","keep","implicit_default","D. valtos","25","Process_362_raw_green.ome.tiff::tile_y040960_x053248.tiff::92","Process_362_raw_green.ome.tiff","tile_y040960_x053248.tiff"
"valtos-0787","keep","implicit_default","D. valtos","27","Process_363_raw_green.ome.tiff::tile_y040960_x061440.tiff::310","Process_363_raw_green.ome.tiff","tile_y040960_x061440.tiff"
"valtos-0766","keep","implicit_default","D. valtos","6","Process_362_raw_green.ome.tiff::tile_y040960_x053248.tiff::16","Process_362_raw_green.ome.tiff","tile_y040960_x053248.tiff"
"valtos-0772","keep","implicit_default","D. valtos","12","Process_363_raw_green.ome.tiff::tile_y040960_x065536.tiff::16","Process_363_raw_green.ome.tiff","tile_y040960_x065536.tiff"
"valtos-0765","keep","implicit_default","D. valtos","5","Process_363_raw_green.ome.tiff::tile_y040960_x061440.tiff::336","Process_363_raw_green.ome.tiff","tile_y040960_x061440.tiff"
"valtos-0786","keep","implicit_default","D. valtos","26","Process_363_raw_green.ome.tiff::tile_y040960_x065536.tiff::26","Process_363_raw_green.ome.tiff","tile_y040960_x065536.tiff"
"valtos-0769","keep","implicit_default","D. valtos","9","Process_363_raw_green.ome.tiff::tile_y040960_x065536.tiff::62","Process_363_raw_green.ome.tiff","tile_y040960_x065536.tiff"
"valtos-0770","keep","implicit_default","D. valtos","10","Process_362_raw_green.ome.tiff::tile_y028672_x045056.tiff::52","Process_362_raw_green.ome.tiff","tile_y028672_x045056.tiff"
"valtos-0783","keep","implicit_default","D. valtos","23","Process_363_raw_green.ome.tiff::tile_y040960_x061440.tiff::107","Process_363_raw_green.ome.tiff","tile_y040960_x061440.tiff"
"valtos-0777","keep","implicit_default","D. valtos","17","Process_363_raw_green.ome.tiff::tile_y040960_x061440.tiff::208","Process_363_raw_green.ome.tiff","tile_y040960_x061440.tiff"
"valtos-0799","keep","implicit_default","D. valtos","39","Process_362_raw_green.ome.tiff::tile_y053248_x032768.tiff::84","Process_362_raw_green.ome.tiff","tile_y053248_x032768.tiff"
"valtos-0794","keep","implicit_default","D. valtos","34","Process_362_raw_green.ome.tiff::tile_y053248_x032768.tiff::104","Process_362_raw_green.ome.tiff","tile_y053248_x032768.tiff"
"valtos-0776","keep","implicit_default","D. valtos","16","Process_363_raw_green.ome.tiff::tile_y040960_x061440.tiff::62","Process_363_raw_green.ome.tiff","tile_y040960_x061440.tiff"
"welteri-0828","problem","explicit","D. welteri","28","Process_319_raw_green.ome.tiff::tile_y040960_x020480.tiff::158","Process_319_raw_green.ome.tiff","tile_y040960_x020480.tiff"
"welteri-0813","keep","implicit_default","D. welteri","13","Process_318_raw_green.ome.tiff::tile_y032768_x004096.tiff::6","Process_318_raw_green.ome.tiff","tile_y032768_x004096.tiff"
"welteri-0833","problem","explicit","D. welteri","33","Process_319_raw_green.ome.tiff::tile_y040960_x073728.tiff::41","Process_319_raw_green.ome.tiff","tile_y040960_x073728.tiff"
"welteri-0809","keep","implicit_default","D. welteri","9","Process_319_raw_green.ome.tiff::tile_y040960_x020480.tiff::59","Process_319_raw_green.ome.tiff","tile_y040960_x020480.tiff"
"welteri-0804","problem","explicit","D. welteri","4","Process_319_raw_green.ome.tiff::tile_y040960_x073728.tiff::179","Process_319_raw_green.ome.tiff","tile_y040960_x073728.tiff"
"welteri-0829","problem","explicit","D. welteri","29","Process_319_raw_green.ome.tiff::tile_y040960_x073728.tiff::103","Process_319_raw_green.ome.tiff","tile_y040960_x073728.tiff"
"welteri-0819","problem","explicit","D. welteri","19","Process_319_raw_green.ome.tiff::tile_y040960_x073728.tiff::99","Process_319_raw_green.ome.tiff","tile_y040960_x073728.tiff"
"welteri-0814","problem","explicit","D. welteri","14","Process_318_raw_green.ome.tiff::tile_y032768_x049152.tiff::29","Process_318_raw_green.ome.tiff","tile_y032768_x049152.tiff"
"welteri-0805","keep","implicit_default","D. welteri","5","Process_318_raw_green.ome.tiff::tile_y020480_x032768.tiff::5","Process_318_raw_green.ome.tiff","tile_y020480_x032768.tiff"
"welteri-0811","problem","explicit","D. welteri","11","Process_319_raw_green.ome.tiff::tile_y040960_x073728.tiff::81","Process_319_raw_green.ome.tiff","tile_y040960_x073728.tiff"
"welteri-0810","keep","implicit_default","D. welteri","10","Process_318_raw_green.ome.tiff::tile_y032768_x024576.tiff::25","Process_318_raw_green.ome.tiff","tile_y032768_x024576.tiff"
"welteri-0834","keep","implicit_default","D. welteri","34","Process_319_raw_green.ome.tiff::tile_y040960_x073728.tiff::147","Process_319_raw_green.ome.tiff","tile_y040960_x073728.tiff"
"welteri-0803","keep","implicit_default","D. welteri","3","Process_319_raw_green.ome.tiff::tile_y040960_x073728.tiff::108","Process_319_raw_green.ome.tiff","tile_y040960_x073728.tiff"
"welteri-0825","keep","implicit_default","D. welteri","25","Process_319_raw_green.ome.tiff::tile_y040960_x020480.tiff::10","Process_319_raw_green.ome.tiff","tile_y040960_x020480.tiff"
"welteri-0806","problem","explicit","D. welteri","6","Process_318_raw_green.ome.tiff::tile_y032768_x053248.tiff::24","Process_318_raw_green.ome.tiff","tile_y032768_x053248.tiff"
"welteri-0802","keep","implicit_default","D. welteri","2","Process_319_raw_green.ome.tiff::tile_y000000_x000000.tiff::19","Process_319_raw_green.ome.tiff","tile_y000000_x000000.tiff"
"welteri-0838","keep","implicit_default","D. welteri","38","Process_319_raw_green.ome.tiff::tile_y040960_x073728.tiff::132","Process_319_raw_green.ome.tiff","tile_y040960_x073728.tiff"
"welteri-0817","problem","explicit","D. welteri","17","Process_319_raw_green.ome.tiff::tile_y000000_x000000.tiff::4","Process_319_raw_green.ome.tiff","tile_y000000_x000000.tiff"
"welteri-0812","keep","implicit_default","D. welteri","12","Process_319_raw_green.ome.tiff::tile_y040960_x073728.tiff::107","Process_319_raw_green.ome.tiff","tile_y040960_x073728.tiff"
"welteri-0835","keep","implicit_default","D. welteri","35","Process_319_raw_green.ome.tiff::tile_y040960_x020480.tiff::115","Process_319_raw_green.ome.tiff","tile_y040960_x020480.tiff"
"welteri-0820","keep","implicit_default","D. welteri","20","Process_318_raw_green.ome.tiff::tile_y032768_x004096.tiff::9","Process_318_raw_green.ome.tiff","tile_y032768_x004096.tiff"
"welteri-0801","keep","implicit_default","D. welteri","1","Process_319_raw_green.ome.tiff::tile_y040960_x020480.tiff::95","Process_319_raw_green.ome.tiff","tile_y040960_x020480.tiff"
"welteri-0818","keep","implicit_default","D. welteri","18","Process_319_raw_green.ome.tiff::tile_y040960_x073728.tiff::106","Process_319_raw_green.ome.tiff","tile_y040960_x073728.tiff"
"welteri-0832","problem","explicit","D. welteri","32","Process_318_raw_green.ome.tiff::tile_y020480_x032768.tiff::4","Process_318_raw_green.ome.tiff","tile_y020480_x032768.tiff"
"welteri-0837","problem","explicit","D. welteri","37","Process_318_raw_green.ome.tiff::tile_y004096_x004096.tiff::22","Process_318_raw_green.ome.tiff","tile_y004096_x004096.tiff"
"welteri-0836","problem","explicit","D. welteri","36","Process_318_raw_green.ome.tiff::tile_y032768_x049152.tiff::31","Process_318_raw_green.ome.tiff","tile_y032768_x049152.tiff"
"welteri-0821","keep","implicit_default","D. welteri","21","Process_319_raw_green.ome.tiff::tile_y040960_x020480.tiff::181","Process_319_raw_green.ome.tiff","tile_y040960_x020480.tiff"
"welteri-0808","keep","implicit_default","D. welteri","8","Process_319_raw_green.ome.tiff::tile_y040960_x020480.tiff::137","Process_319_raw_green.ome.tiff","tile_y040960_x020480.tiff"
"welteri-0826","keep","implicit_default","D. welteri","26","Process_319_raw_green.ome.tiff::tile_y040960_x020480.tiff::176","Process_319_raw_green.ome.tiff","tile_y040960_x020480.tiff"
"welteri-0840","keep","implicit_default","D. welteri","40","Process_319_raw_green.ome.tiff::tile_y040960_x020480.tiff::223","Process_319_raw_green.ome.tiff","tile_y040960_x020480.tiff"
"welteri-0831","keep","implicit_default","D. welteri","31","Process_319_raw_green.ome.tiff::tile_y000000_x000000.tiff::42","Process_319_raw_green.ome.tiff","tile_y000000_x000000.tiff"
"welteri-0824","keep","implicit_default","D. welteri","24","Process_319_raw_green.ome.tiff::tile_y040960_x020480.tiff::77","Process_319_raw_green.ome.tiff","tile_y040960_x020480.tiff"
"welteri-0816","keep","implicit_default","D. welteri","16","Process_319_raw_green.ome.tiff::tile_y040960_x073728.tiff::72","Process_319_raw_green.ome.tiff","tile_y040960_x073728.tiff"
"welteri-0822","keep","implicit_default","D. welteri","22","Process_319_raw_green.ome.tiff::tile_y040960_x073728.tiff::195","Process_319_raw_green.ome.tiff","tile_y040960_x073728.tiff"
"welteri-0827","keep","implicit_default","D. welteri","27","Process_319_raw_green.ome.tiff::tile_y040960_x073728.tiff::40","Process_319_raw_green.ome.tiff","tile_y040960_x073728.tiff"
"welteri-0830","keep","implicit_default","D. welteri","30","Process_318_raw_green.ome.tiff::tile_y032768_x057344.tiff::3","Process_318_raw_green.ome.tiff","tile_y032768_x057344.tiff"
"welteri-0823","keep","implicit_default","D. welteri","23","Process_319_raw_green.ome.tiff::tile_y040960_x020480.tiff::248","Process_319_raw_green.ome.tiff","tile_y040960_x020480.tiff"
"welteri-0807","keep","implicit_default","D. welteri","7","Process_319_raw_green.ome.tiff::tile_y040960_x020480.tiff::241","Process_319_raw_green.ome.tiff","tile_y040960_x020480.tiff"
"welteri-0839","keep","implicit_default","D. welteri","39","Process_318_raw_green.ome.tiff::tile_y032768_x057344.tiff::7","Process_318_raw_green.ome.tiff","tile_y032768_x057344.tiff"
"welteri-0815","keep","implicit_default","D. welteri","15","Process_319_raw_green.ome.tiff::tile_y040960_x073728.tiff::37","Process_319_raw_green.ome.tiff","tile_y040960_x073728.tiff"
