element start,element end,element length,sequence,lLTR start,lLTR end,lLTR length,rLTR start,rLTR end,rLTR length,lTSD start,lTSD end,lTSD motif,rTSD start,rTSD end,rTSD motif,PPT start,PPT end,PPT motif,PPT strand,PPT offset,PBS start,PBS end,PBS strand,tRNA,tRNA motif,PBS offset,tRNA offset,PBS/tRNA edist,species,te_sra_accession,te_assembly_accession,element_id,#TE,Order,Superfamily,Clade,Complete,Strand,Domains,tesorter_annotation_found,domain_count,depth_positions_expected,depth_positions_reported,depth_positions_missing,depth_positions_explicit_zero,left_ltr_positive_coverage_fraction,right_ltr_positive_coverage_fraction,terminal_positive_coverage_fraction,internal_positive_coverage_fraction,mean_depth_left_ltr_all_positions,mean_depth_right_ltr_all_positions,mean_depth_terminal_all_positions,mean_depth_internal_all_positions,ratio_terminal_internal_all_positions,log2_ratio_terminal_internal_all_positions,mean_depth_terminal_nonzero_only,mean_depth_internal_nonzero_only,ratio_terminal_internal_nonzero_only,left_right_terminal_log2_imbalance,depth_file,depth_file_sha256,depth_file_size_bytes,source_depth_status,reported_position_fraction,coverage_ge_80pct,historical_nonzero_only_ratio,nonzero_ratio_reproduction_abs_error
498,6305,5808,JASCRC010005969.1_De,498,746,249,6065,6305,241,494,497,gaca,6306,6309,gaca,,,,,,,,,,,,,,abditus,SRX19952928,GCA_030264455.1,JASCRC010005969.1_De_498_6305,JASCRC010005969.1_De_498_6305,LTR,Gypsy,unknown,no,+,INT|Ty3_gypsy GAG|Ty3_gypsy PROT|Ty3_gypsy RT|Ty3_gypsy RH|Ty3_gypsy,True,6,5808,5808,0,10,1.0,1.0,1.0,0.9981195938322678,47.75502008032129,16.236514522821576,32.2530612244898,32.914065438134635,0.9799172723014948,-0.029268137371988395,32.2530612244898,32.97607385079126,0.9780746298187917,1.5276799275827122,input_data/ectopic_recombination/JASCRC010005969.1_De_498_6305.fa.depth.txt,11ecad450c1a3b4b0b5e8ac1e9bf3bcfd746dd247a1e2c01b1a00193584fc168,218786,usable,1.0,True,0.9780746298187916,1.1102230246251565e-16
5,6294,6290,JASCRC010007407.1_De,5,280,276,6018,6294,277,1,4,caga,6295,6298,caga,6019.0,6027.0,agaaagaaa,+,9.0,,,,,,,,,abditus,SRX19952928,GCA_030264455.1,JASCRC010007407.1_De_5_6294,JASCRC010007407.1_De_5_6294,LTR,Gypsy,unknown,no,+,PROT|Ty3_gypsy RT|Ty3_gypsy RH|Ty3_gypsy INT|Ty3_gypsy,True,5,6290,6290,0,0,1.0,1.0,1.0,1.0,34.89492753623188,23.732851985559567,29.303797468354432,62.12149206902562,0.4717175407795073,-1.0840048465212264,29.303797468354432,62.12149206902562,0.4717175407795073,0.5465784149911088,input_data/ectopic_recombination/JASCRC010007407.1_De_5_6294.fa.depth.txt,13561b5b2e0e4b288e50cb010a2ead957327f44e6b389638dfc236f8cc88cbb8,225706,usable,1.0,True,0.4717175407795073,0.0
21,6268,6248,JASCRC010007518.1_De,21,925,905,5370,6268,899,17,20,agaa,6269,6272,agaa,900.0,908.0,aggaaagaa,-,25.0,,,,,,,,,abditus,SRX19952928,GCA_030264455.1,JASCRC010007518.1_De_21_6268,JASCRC010007518.1_De_21_6268,LTR,Gypsy,unknown,no,-,RH|Ty3_gypsy INT|Ty3_gypsy GAG|Ty3_gypsy PROT|Ty3_gypsy RT|Ty3_gypsy,True,6,6248,6248,0,0,1.0,1.0,1.0,1.0,77.59337016574585,208.3381535038932,142.74833702882484,210.1545904590459,0.6792539564185398,-0.5579770312177584,142.74833702882484,210.1545904590459,0.6792539564185398,-1.419113328616402,input_data/ectopic_recombination/JASCRC010007518.1_De_21_6268.fa.depth.txt,b5413f994ed1456aed1b5e643845f9c8c0c848d2473206a8f1ccf9e94763dc69,234462,usable,1.0,True,0.6792539564185398,0.0
40,5976,5937,JASCRC010013481.1_De,40,851,812,5181,5976,796,36,39,ataa,5977,5980,ataa,,,,,,,,,,,,,,abditus,SRX19952928,GCA_030264455.1,JASCRC010013481.1_De_40_5976,JASCRC010013481.1_De_40_5976,LTR,Gypsy,unknown,no,+,GAG|Ty3_gypsy RT|Ty3_gypsy RH|Ty3_gypsy INT|Ty3_gypsy,True,5,5937,5937,0,0,1.0,1.0,1.0,1.0,80.59729064039409,113.41708542713567,96.84390547263682,170.18595518595518,0.5690475772035329,-0.8133788157718521,96.84390547263682,170.18595518595518,0.5690475772035329,-0.4902585187693884,input_data/ectopic_recombination/JASCRC010013481.1_De_40_5976.fa.depth.txt,19843bde52a8ffbd267a58160076ad9b6a7120e1b79344558d81662926414540,222919,usable,1.0,True,0.5690475772035329,0.0
11,5215,5205,JASCRC010014362.1_De,11,341,331,4885,5215,331,7,10,ggtg,5216,5219,ggtg,4854.0,4863.0,agaacaagaa,+,22.0,,,,,,,,,abditus,SRX19952928,GCA_030264455.1,JASCRC010014362.1_De_11_5215,JASCRC010014362.1_De_11_5215,LTR,Gypsy,unknown,no,+,INT|Ty3_gypsy PROT|Ty3_gypsy RT|Ty3_gypsy RH|Ty3_gypsy,True,5,5205,5205,0,0,1.0,1.0,1.0,1.0,24.42296072507553,31.386706948640484,27.904833836858007,45.702399295619635,0.6105769996091334,-0.711754850535637,27.904833836858007,45.702399295619635,0.6105769996091334,-0.3554796495249058,input_data/ectopic_recombination/JASCRC010014362.1_De_11_5215.fa.depth.txt,34ba285217920fc7a95bf69a1ffcba1508a2175617d0d04002d344811bc68f3e,191387,usable,1.0,True,0.6105769996091334,0.0
602,6192,5591,JASCRC010016022.1_De,602,934,333,5888,6192,305,598,601,gctc,6193,6196,gctc,,,,,,,,,,,,,,abditus,SRX19952928,GCA_030264455.1,JASCRC010016022.1_De_602_6192,JASCRC010016022.1_De_602_6192,LTR,Gypsy,unknown,yes,-,GAG|Ty3_gypsy PROT|Ty3_gypsy RT|Ty3_gypsy RH|Ty3_gypsy INT|Ty3_gypsy,True,6,5591,5591,0,0,1.0,1.0,1.0,1.0,202.4954954954955,28.944262295081966,119.5282131661442,122.96668685645064,0.9720373559847111,-0.040916336346119964,119.5282131661442,122.96668685645064,0.9720373559847111,2.785389280718794,input_data/ectopic_recombination/JASCRC010016022.1_De_602_6192.fa.depth.txt,ad76b27b4e1b56d5a40c143ccc12707a9d2fceb614a5881781099cb6c83c1013,214672,usable,1.0,True,0.9720373559847112,1.1102230246251565e-16
699,6157,5459,JASCRC010019118.1_De,699,972,274,5887,6157,271,695,698,catc,6158,6161,catc,945.0,958.0,agaaagagatgaaa,-,27.0,,,,,,,,,abditus,SRX19952928,GCA_030264455.1,JASCRC010019118.1_De_699_6157,JASCRC010019118.1_De_699_6157,LTR,Gypsy,unknown,yes,+,GAG|Ty3_gypsy PROT|Ty3_gypsy RT|Ty3_gypsy RH|Ty3_gypsy INT|Ty3_gypsy,True,6,5459,5459,0,0,1.0,1.0,1.0,1.0,50.31386861313869,60.18081180811808,55.22018348623853,158.41330891330892,0.34858298122197273,-1.520425960036565,55.22018348623853,158.41330891330892,0.34858298122197273,-0.2560180815255311,input_data/ectopic_recombination/JASCRC010019118.1_De_699_6157.fa.depth.txt,c4afbe187fe70a54345cb823d5a53316675b132b5c5c6d0374d22215417b4e95,210101,usable,1.0,True,0.3485829812219727,5.551115123125783e-17
15,5470,5456,JASCRC010021995.1_De,15,552,538,4921,5470,550,11,14,tctc,5471,5474,tctc,,,,,,,,,,,,,,abditus,SRX19952928,GCA_030264455.1,JASCRC010021995.1_De_15_5470,JASCRC010021995.1_De_15_5470,LTR,Gypsy,unknown,no,-,PROT|Ty3_gypsy RT|Ty3_gypsy RH|Ty3_gypsy INT|Ty3_gypsy GAG|Ty3_gypsy,True,6,5456,5456,0,0,1.0,1.0,1.0,1.0,28.30111524163569,32.78181818181818,30.566176470588236,57.61378205128205,0.5305358437219287,-0.914477870018797,30.566176470588236,57.61378205128205,0.5305358437219287,-0.20860957286293197,input_data/ectopic_recombination/JASCRC010021995.1_De_15_5470.fa.depth.txt,c18d1980f6c43b77bb3180e9975105055077bec85906c86091836fcd09b422ef,200994,usable,1.0,True,0.5305358437219287,0.0
127,5569,5443,JASCRC010025200.1_De,127,398,272,5297,5569,273,123,126,ctac,5570,5573,ctac,418.0,429.0,agagagagagag,-,20.0,,,,,,,,,abditus,SRX19952928,GCA_030264455.1,JASCRC010025200.1_De_127_5569,JASCRC010025200.1_De_127_5569,LTR,Gypsy,unknown,no,+,GAG|Ty3_gypsy INT|Ty3_gypsy RT|Ty3_gypsy RH|Ty3_gypsy,True,5,5443,5443,0,9,1.0,0.967032967032967,0.9834862385321101,1.0,37.52205882352941,16.86080586080586,27.172477064220182,43.52674561045325,0.6242708174739929,-0.6797560685765176,27.628731343283583,43.52674561045325,0.6347529767226234,1.1310027364155664,input_data/ectopic_recombination/JASCRC010025200.1_De_127_5569.fa.depth.txt,bc997d435ed0d321e450e748b2a2779dcfe185518e2818c8e104aa79ef4f250e,205687,usable,1.0,True,0.6347529767226234,0.0
300,5855,5556,JASCRC010027857.1_De,300,814,515,5321,5855,535,296,299,atcc,5856,5859,atcc,5308.0,5318.0,aaggggaggga,+,3.0,,,,,,,,,abditus,SRX19952928,GCA_030264455.1,JASCRC010027857.1_De_300_5855,JASCRC010027857.1_De_300_5855,LTR,Gypsy,unknown,yes,+,GAG|Ty3_gypsy PROT|Ty3_gypsy RT|Ty3_gypsy RH|Ty3_gypsy INT|Ty3_gypsy,True,6,5556,5556,0,0,1.0,1.0,1.0,1.0,28.825242718446603,54.734579439252336,42.026666666666664,108.12361296049711,0.38869092065968125,-1.363304686392748,42.026666666666664,108.12361296049711,0.38869092065968125,-0.9134286954874881,input_data/ectopic_recombination/JASCRC010027857.1_De_300_5855.fa.depth.txt,2562482a7df5e9a2b7e626c1db05c2318c5573064cf3cfa111411b35a4245a34,212436,usable,1.0,True,0.3886909206596812,5.551115123125783e-17
2552,9199,6648,JASCRC010033273.1_De,2552,3100,549,8642,9199,558,2548,2551,tgat,9200,9203,tgat,8626.0,8649.0,aaggggaaggggggggaggaaagg,+,7.0,,,,,,,,,abditus,SRX19952928,GCA_030264455.1,JASCRC010033273.1_De_2552_9199,JASCRC010033273.1_De_2552_9199,LTR,Gypsy,unknown,no,-,PROT|Bel-Pao RT|Ty3_gypsy RH|Ty3_gypsy INT|Ty1_copia,True,5,6648,6648,0,0,1.0,1.0,1.0,1.0,64.55191256830601,14.353046594982079,39.248419150858176,117.01136978884678,0.3354239782141174,-1.5759422693897078,39.248419150858176,117.01136978884678,0.3354239782141174,2.130832592763968,input_data/ectopic_recombination/JASCRC010033273.1_De_2552_9199.fa.depth.txt,b8a887f4152776afdaa98b5c9b58c1326ac860fbcda70f8674ebaf773eab8759,261542,usable,1.0,True,0.3354239782141174,0.0
8,5310,5303,JASCRC010036589.1_De,8,264,257,5047,5310,264,4,7,ctgt,5311,5314,ctgt,,,,,,,,,,,,,,abditus,SRX19952928,GCA_030264455.1,JASCRC010036589.1_De_8_5310,JASCRC010036589.1_De_8_5310,LTR,Gypsy,unknown,no,+,INT|Ty3_gypsy GAG|Ty3_gypsy RT|Ty3_gypsy RH|Ty3_gypsy,True,5,5303,5303,0,0,1.0,1.0,1.0,1.0,50.175097276264594,76.83333333333333,63.68330134357006,124.18109577582601,0.5128260541244726,-0.9634585349562113,63.68330134357006,124.18109577582601,0.5128260541244726,-0.6098134464169173,input_data/ectopic_recombination/JASCRC010036589.1_De_8_5310.fa.depth.txt,11de97c6d9894ea7d77f12c46b78b0be66eff706f5f7f522bddd1272b916e4bf,193155,usable,1.0,True,0.5128260541244726,0.0
9,5841,5833,JASCRC010039241.1_De,9,360,352,5478,5841,364,5,8,tgca,5842,5845,tgca,,,,,,,,,,,,,,abditus,SRX19952928,GCA_030264455.1,JASCRC010039241.1_De_9_5841,JASCRC010039241.1_De_9_5841,LTR,Gypsy,unknown,no,+,GAG|Ty3_gypsy RT|Ty3_gypsy RH|Ty3_gypsy INT|Ty3_gypsy,True,5,5833,5833,0,0,1.0,1.0,1.0,1.0,1577.4857954545455,3867.5934065934066,2741.7304469273745,3315.139534883721,0.827033196665594,-0.2739828553292393,2741.7304469273745,3315.139534883721,0.827033196665594,-1.293538414677826,input_data/ectopic_recombination/JASCRC010039241.1_De_9_5841.fa.depth.txt,38d6468f1bf776b2b06d83c993aa1352532dc878cb150fbf0cb5b8de563de149,217645,usable,1.0,True,0.827033196665594,0.0
7,5376,5370,JASCRC010040016.1_De,7,271,265,5106,5376,271,3,6,taca,5377,5380,taca,,,,,,,,,,,,,,abditus,SRX19952928,GCA_030264455.1,JASCRC010040016.1_De_7_5376,JASCRC010040016.1_De_7_5376,LTR,Gypsy,unknown,no,-,GAG|Ty3_gypsy RT|Ty3_gypsy RH|Ty3_gypsy INT|Ty3_gypsy,True,5,5370,5370,0,0,1.0,1.0,1.0,1.0,106.89433962264151,179.57933579335793,143.64365671641792,136.96855606123293,1.0487345478928816,0.06864955408103088,143.64365671641792,136.96855606123293,1.0487345478928816,-0.7457146847087033,input_data/ectopic_recombination/JASCRC010040016.1_De_7_5376.fa.depth.txt,65fa0407d6f470a40bd0a086770eafd78e1e3f3efeac08c9979ed38396d9d5c2,195726,usable,1.0,True,1.0487345478928816,0.0
22,5954,5933,JASCRC010041566.1_De,22,883,862,5077,5954,878,18,21,tgca,5955,5958,tgca,900.0,908.0,aggagagga,-,17.0,,,,,,,,,abditus,SRX19952928,GCA_030264455.1,JASCRC010041566.1_De_22_5954,JASCRC010041566.1_De_22_5954,LTR,Gypsy,unknown,no,+,RT|Ty3_gypsy RH|Ty3_gypsy INT|Bel-Pao GAG|Ty3_gypsy,True,5,5933,5933,0,0,1.0,1.0,1.0,1.0,52.522041763341065,44.216400911161735,48.33103448275862,60.14190317195325,0.8036166455287277,-0.31542064757444754,48.33103448275862,60.14190317195325,0.8036166455287277,0.245788151656513,input_data/ectopic_recombination/JASCRC010041566.1_De_22_5954.fa.depth.txt,3370584cf7eb9e9ed30acc1885dec0651a0bebc71da65fabc8419dfbd8b93037,218933,usable,1.0,True,0.8036166455287277,0.0
17,5580,5564,JASCRC010043887.1_De,17,747,731,4815,5580,766,13,16,ggaa,5581,5584,ggaa,,,,,,,,,,,,,,abditus,SRX19952928,GCA_030264455.1,JASCRC010043887.1_De_17_5580,JASCRC010043887.1_De_17_5580,LTR,Gypsy,unknown,yes,+,GAG|Ty3_gypsy PROT|Ty3_gypsy RT|Ty3_gypsy RH|Ty3_gypsy INT|Ty3_gypsy,True,6,5564,5564,0,0,1.0,1.0,1.0,1.0,85.43365253077975,73.8798955613577,79.52171008684034,171.15613474305385,0.4646150148589262,-1.1058923167361476,79.52171008684034,171.15613474305385,0.4646150148589262,0.20831049448660635,input_data/ectopic_recombination/JASCRC010043887.1_De_17_5580.fa.depth.txt,6225f098e6b105ba410e9458f80081efba73408c54c8909e20a95ba6e397d2f4,208398,usable,1.0,True,0.4646150148589262,0.0
490,6141,5652,JASCRC010044327.1_De,490,1254,765,5369,6141,773,486,489,tgga,6142,6145,tgga,,,,,,,,,,,,,,abditus,SRX19952928,GCA_030264455.1,JASCRC010044327.1_De_490_6141,JASCRC010044327.1_De_490_6141,LTR,Gypsy,unknown,yes,-,GAG|Ty3_gypsy PROT|Ty3_gypsy RT|Ty3_gypsy RH|Ty3_gypsy INT|Ty3_gypsy,True,6,5652,5652,0,0,1.0,1.0,1.0,1.0,114.53856209150327,56.54851228978008,85.3927178153446,142.03646086533786,0.601202798880661,-0.7340763691962079,85.3927178153446,142.03646086533786,0.601202798880661,1.0118563786984507,input_data/ectopic_recombination/JASCRC010044327.1_De_490_6141.fa.depth.txt,7fc2c47e229eeaf268099587f1120191ee0a0586184c0260b9630609b98e0621,217253,usable,1.0,True,0.601202798880661,0.0
13,5163,5151,JASCRC010047980.1_De,13,394,382,4767,5163,397,9,12,ataa,5164,5167,ataa,,,,,,,,,,,,,,abditus,SRX19952928,GCA_030264455.1,JASCRC010047980.1_De_13_5163,JASCRC010047980.1_De_13_5163,LTR,Gypsy,unknown,no,-,RH|Ty3_gypsy INT|Ty3_gypsy GAG|Ty3_gypsy PROT|Ty3_gypsy RT|Ty3_gypsy,True,6,5151,5151,0,0,1.0,1.0,1.0,1.0,41.08115183246073,27.987405541561714,34.40821566110398,27.484217749313814,1.251926322769839,0.3241496605914013,34.40821566110398,27.484217749313814,1.251926322769839,0.5456054867859551,input_data/ectopic_recombination/JASCRC010047980.1_De_13_5163.fa.depth.txt,8c8d41dfbf80be091dd6e0d94bf0691aaa146a30f665582c13c698f4954bb014,188966,usable,1.0,True,1.251926322769839,0.0
27,5867,5841,JASCRC010050518.1_De,27,466,440,5405,5867,463,23,26,gaag,5868,5871,gaag,,,,,,,,,,,,,,abditus,SRX19952928,GCA_030264455.1,JASCRC010050518.1_De_27_5867,JASCRC010050518.1_De_27_5867,LTR,Gypsy,unknown,no,-,RT|Retrovirus RH|Ty3_gypsy INT|Ty3_gypsy GAG|Ty3_gypsy,True,5,5841,5841,0,0,1.0,1.0,1.0,1.0,3031.0204545454544,4483.345572354212,3775.6788482834995,10676.069258809235,0.35365814484277924,-1.4995726075444014,3775.6788482834995,10676.069258809235,0.35365814484277924,-0.5646950345409415,input_data/ectopic_recombination/JASCRC010050518.1_De_27_5867.fa.depth.txt,55ebbb478b417f78d1f7336443b9d97276c01708f82382ac43bf0e8ac5da78ef,228316,usable,1.0,True,0.3536581448427792,5.551115123125783e-17
1545,8640,7096,JASCRC010050959.1_De,1545,2493,949,7683,8640,958,1541,1544,ggtg,8641,8644,ggtg,2512.0,2524.0,agggcaggggaaa,-,19.0,,,,,,,,,abditus,SRX19952928,GCA_030264455.1,JASCRC010050959.1_De_1545_8640,JASCRC010050959.1_De_1545_8640,LTR,Gypsy,unknown,no,-,PROT|Bel-Pao RT|Ty3_gypsy RH|Ty3_gypsy INT|Ty3_gypsy,True,5,7096,7096,0,0,1.0,1.0,1.0,1.0,54.94415173867229,46.012526096033405,50.457262716308335,108.65041433802274,0.464400094778567,-1.1065598282468574,50.457262716308335,108.65041433802274,0.464400094778567,0.25341599784083263,input_data/ectopic_recombination/JASCRC010050959.1_De_1545_8640.fa.depth.txt,4399812f6331d2035286990c334742f3c253ea233f739378c8a8391b4e6cc44a,278254,usable,1.0,True,0.464400094778567,0.0
9,5838,5830,JASCRC010053167.1_De,9,465,457,5383,5838,456,5,8,cagt,5839,5842,cagt,,,,,,,,,,,,,,abditus,SRX19952928,GCA_030264455.1,JASCRC010053167.1_De_9_5838,JASCRC010053167.1_De_9_5838,LTR,Gypsy,unknown,no,+,PROT|Ty3_gypsy RT|Ty3_gypsy RH|Ty3_gypsy INT|Ty3_gypsy GAG|Ty3_gypsy,True,6,5830,5830,0,4,0.9912472647702407,1.0,0.9956188389923329,1.0,62.06783369803063,99.01973684210526,80.52354874041622,150.8981086028066,0.5336286152689295,-0.9060920632980034,80.87788778877888,150.8981086028066,0.5359768159961855,-0.6695615164803794,input_data/ectopic_recombination/JASCRC010053167.1_De_9_5838.fa.depth.txt,c9587cbc1d72fd496a43c91f439efa42080739c955a8b6803f4fa9dd18d96274,212429,usable,1.0,True,0.5359768159961855,0.0
3734,8871,5138,JASCRC010057599.1_De,3734,3876,143,8741,8871,131,3730,3733,ttgt,8872,8875,ttgt,8726.0,8738.0,gaaaggagggggg,+,3.0,,,,,,,,,abditus,SRX19952928,GCA_030264455.1,JASCRC010057599.1_De_3734_8871,JASCRC010057599.1_De_3734_8871,LTR,Gypsy,unknown,yes,+,GAG|Ty3_gypsy PROT|Ty3_gypsy RT|Ty3_gypsy RH|Ty3_gypsy INT|Ty3_gypsy,True,6,5138,5138,0,0,1.0,1.0,1.0,1.0,358.6993006993007,219.4885496183206,292.14233576642334,248.07709703947367,1.1776271943392584,0.23588289230697718,292.14233576642334,248.07709703947367,1.1776271943392584,0.7073561078232092,input_data/ectopic_recombination/JASCRC010057599.1_De_3734_8871.fa.depth.txt,46b1f88441954932281277b82c4d911e92f5fee249ae037e2116ad690689a52f,204406,usable,1.0,True,1.1776271943392584,0.0
6,5035,5030,JASCRC010061579.1_De,6,249,244,4779,5035,257,2,5,aacg,5036,5039,aacg,,,,,,,,,,,,,,abditus,SRX19952928,GCA_030264455.1,JASCRC010061579.1_De_6_5035,JASCRC010061579.1_De_6_5035,LTR,Gypsy,unknown,no,+,PROT|Ty3_gypsy RT|Ty3_gypsy RH|Ty3_gypsy INT|Ty3_gypsy,True,5,5030,5030,0,0,1.0,1.0,1.0,1.0,85.7172131147541,80.49805447470817,83.03992015968063,134.83638772355928,0.6158569030336867,-0.6993329213471016,83.03992015968063,134.83638772355928,0.6158569030336867,0.09008867386168118,input_data/ectopic_recombination/JASCRC010061579.1_De_6_5035.fa.depth.txt,c0b236de8ed203bc822c49ecb1bb6685c28ddf00c97d1f3fb5dfcc88fced1c38,183295,usable,1.0,True,0.6158569030336867,0.0
730,5756,5027,JASCRC010062793.1_De,730,1049,320,5440,5756,317,726,729,agaa,5757,5760,agaa,5409.0,5419.0,gaacaagggaa,+,21.0,,,,,,,,,abditus,SRX19952928,GCA_030264455.1,JASCRC010062793.1_De_730_5756,JASCRC010062793.1_De_730_5756,LTR,Gypsy,unknown,yes,+,GAG|Ty3_gypsy PROT|Ty3_gypsy RT|Ty3_gypsy RH|Ty3_gypsy INT|Ty3_gypsy,True,6,5027,5027,0,10,1.0,1.0,1.0,0.9977220956719818,61.625,13.305993690851736,37.57927786499215,47.05330296127563,0.7986533463106618,-0.3243586544122467,37.57927786499215,47.160730593607305,0.7968340903965145,2.1698792165706666,input_data/ectopic_recombination/JASCRC010062793.1_De_730_5756.fa.depth.txt,ba7b0ed2cd03499df26af87c69c4de486b52dee2d27a4e78d506b4ef06c8549b,189907,usable,1.0,True,0.7968340903965145,0.0
9,5746,5738,JASCRC010063347.1_De,9,226,218,5532,5746,215,5,8,acag,5747,5750,acag,234.0,242.0,gaagagaag,-,8.0,,,,,,,,,abditus,SRX19952928,GCA_030264455.1,JASCRC010063347.1_De_9_5746,JASCRC010063347.1_De_9_5746,LTR,Gypsy,unknown,no,+,GAG|Ty3_gypsy RT|Ty3_gypsy RH|Ty3_gypsy INT|Ty3_gypsy,True,5,5738,5738,0,0,1.0,1.0,1.0,1.0,214.8394495412844,3547.66511627907,1869.7066974595843,3852.1886899151746,0.48536217926042335,-1.042866400735469,1869.7066974595843,3852.1886899151746,0.48536217926042335,-4.042388601762608,input_data/ectopic_recombination/JASCRC010063347.1_De_9_5746.fa.depth.txt,66088fa9c0dcdfd4ddfff668076d05046fb58d706a1f1200d604463e19c4a0fd,215202,usable,1.0,True,0.4853621792604233,5.551115123125783e-17
9,5711,5703,JASCRC010068210.1_De,9,392,384,5326,5711,386,5,8,aggt,5712,5715,aggt,,,,,,,,,,,,,,abditus,SRX19952928,GCA_030264455.1,JASCRC010068210.1_De_9_5711,JASCRC010068210.1_De_9_5711,LTR,Gypsy,unknown,no,-,RH|Ty3_gypsy INT|Ty3_gypsy GAG|Ty3_gypsy PROT|Ty3_gypsy RT|Ty3_gypsy,True,6,5703,5703,0,0,1.0,1.0,1.0,1.0,50.408854166666664,71.3160621761658,60.88961038961039,67.38637745793635,0.9035893111722567,-0.14626089012580498,60.88961038961039,67.38637745793635,0.9035893111722567,-0.4963899547626398,input_data/ectopic_recombination/JASCRC010068210.1_De_9_5711.fa.depth.txt,b03e2655585aea212fb175c8591de61c5a51ab3bab07af01744092e2463ba260,205115,usable,1.0,True,0.9035893111722568,1.1102230246251565e-16
1639,5709,4071,JASCRC010068541.1_De,1639,1973,335,5386,5709,324,1635,1638,cttc,5710,5713,cttc,5405.0,5413.0,gagaagagt,+,27.0,,,,,,,,,abditus,SRX19952928,GCA_030264455.1,JASCRC010068541.1_De_1639_5709,JASCRC010068541.1_De_1639_5709,LTR,Gypsy,unknown,no,+,PROT|Ty3_gypsy RT|Ty3_gypsy RH|Ty3_gypsy INT|Ty3_gypsy,True,5,4071,4071,0,0,1.0,1.0,1.0,1.0,19.277611940298506,9.351851851851851,14.397572078907436,57.356682297772565,0.2510182162238935,-1.994136031499067,14.397572078907436,57.356682297772565,0.2510182162238935,1.0054013990784534,input_data/ectopic_recombination/JASCRC010068541.1_De_1639_5709.fa.depth.txt,3d3ef7d3496a75e04518ab626139937f60b98e23922d51970d4b468becbe09c8,157877,usable,1.0,True,0.2510182162238935,0.0
12,5678,5667,JASCRC010070310.1_De,12,457,446,5241,5678,438,8,11,ctgt,5679,5682,ctgt,443.0,451.0,agagaggaa,-,14.0,,,,,,,,,abditus,SRX19952928,GCA_030264455.1,JASCRC010070310.1_De_12_5678,JASCRC010070310.1_De_12_5678,LTR,Gypsy,unknown,no,-,PROT|Ty3_gypsy RT|Ty3_gypsy RH|Ty3_gypsy INT|Ty3_gypsy GAG|Ty3_gypsy,True,6,5667,5667,0,0,1.0,1.0,1.0,1.0,770.8744394618834,591.4771689497717,681.987556561086,1148.406021325528,0.5938557826211269,-0.7518154786072299,681.987556561086,1148.406021325528,0.5938557826211269,0.3818898052446601,input_data/ectopic_recombination/JASCRC010070310.1_De_12_5678.fa.depth.txt,e8da7847a56b7385b2e725b5a7a9f805cf0e6f373826a07545aeb87d8d248667,216179,usable,1.0,True,0.5938557826211269,0.0
2705,8696,5992,JASCRC010073072.1_De,2705,3623,919,7781,8696,916,2701,2704,ggtg,8697,8700,ggtg,3633.0,3650.0,aaaaggaaagtgagagag,-,10.0,,,,,,,,,abditus,SRX19952928,GCA_030264455.1,JASCRC010073072.1_De_2705_8696,JASCRC010073072.1_De_2705_8696,LTR,Gypsy,unknown,yes,+,GAG|Ty3_gypsy PROT|Ty3_gypsy RT|Ty3_gypsy RH|Ty3_gypsy INT|Ty3_gypsy,True,6,5992,5992,0,0,1.0,1.0,1.0,1.0,94.31120783460283,89.50436681222708,91.9117166212534,163.45657926389222,0.5623005022812002,-0.8305867593046208,91.9117166212534,163.45657926389222,0.5623005022812002,0.07506261375129261,input_data/ectopic_recombination/JASCRC010073072.1_De_2705_8696.fa.depth.txt,338eac2b5e4ff6c770f3f1d3503218a664dbdd1a0f77889636343636215aa81c,236280,usable,1.0,True,0.5623005022812002,0.0
8,5163,5156,JASCRC010081934.1_De,8,402,395,4761,5163,403,4,7,ggca,5164,5167,ggca,375.0,382.0,agagaaag,-,27.0,,,,,,,,,abditus,SRX19952928,GCA_030264455.1,JASCRC010081934.1_De_8_5163,JASCRC010081934.1_De_8_5163,LTR,Gypsy,unknown,no,+,RT|Ty3_gypsy RH|Ty3_gypsy INT|Ty3_gypsy GAG|Ty3_gypsy PROT|Ty3_gypsy,True,6,5156,5156,0,0,1.0,1.0,1.0,1.0,43.053164556962024,35.96277915632754,39.47243107769424,44.40431390546122,0.8889323492697763,-0.16985446558117168,39.47243107769424,44.40431390546122,0.8889323492697763,0.25635302199337845,input_data/ectopic_recombination/JASCRC010081934.1_De_8_5163.fa.depth.txt,e389d5aebeca9fc2473d0135e8cc9c49ac16f837a3757ef066a8d6d4b646ecd0,184539,usable,1.0,True,0.8889323492697763,0.0
6,5569,5564,JASCRC010086024.1_De,6,304,299,5287,5569,283,2,5,agat,5570,5573,agat,5257.0,5285.0,gaacaagagaaggagcggagacggaggga,+,2.0,,,,,,,,,abditus,SRX19952928,GCA_030264455.1,JASCRC010086024.1_De_6_5569,JASCRC010086024.1_De_6_5569,LTR,Gypsy,unknown,no,+,RT|Ty3_gypsy RH|Ty3_gypsy INT|Ty3_gypsy GAG|Ty3_gypsy,True,5,5564,5564,0,0,1.0,1.0,1.0,1.0,293.4782608695652,74.57243816254417,187.03436426116838,1197.8325973504616,0.1561439926370996,-2.6790510295915264,187.03436426116838,1197.8325973504616,0.1561439926370996,1.969354230516241,input_data/ectopic_recombination/JASCRC010086024.1_De_6_5569.fa.depth.txt,87c58cd328a6101640dc7afac8d4419f0bc2ed0ab6a110782057cc7d01c4cc21,206133,usable,1.0,True,0.1561439926370996,0.0
11,5487,5477,JASCRC010100742.1_De,11,471,461,5032,5487,456,7,10,ttcg,5488,5491,ttcg,,,,,,,,,,,,,,abditus,SRX19952928,GCA_030264455.1,JASCRC010100742.1_De_11_5487,JASCRC010100742.1_De_11_5487,LTR,Gypsy,unknown,no,+,RT|Ty3_gypsy RH|Ty3_gypsy INT|Ty3_gypsy GAG|Ty3_gypsy,True,5,5477,5477,0,0,1.0,1.0,1.0,1.0,40.64208242950109,85.9342105263158,63.164667393675025,76.55109649122807,0.8251307987588788,-0.2773052630882635,63.164667393675025,76.55109649122807,0.8251307987588788,-1.0709876233523934,input_data/ectopic_recombination/JASCRC010100742.1_De_11_5487.fa.depth.txt,33ec26e02bb5bd451c1ae1c4bfc5b3cf5f2ab4469ca981ea9a4164b8d687cd32,202390,usable,1.0,True,0.8251307987588788,0.0
17,5354,5338,JASCRC010104510.1_De,17,227,211,5131,5354,224,13,16,atct,5355,5358,atct,,,,,,,,,,,,,,abditus,SRX19952928,GCA_030264455.1,JASCRC010104510.1_De_17_5354,JASCRC010104510.1_De_17_5354,LTR,Gypsy,unknown,no,+,GAG|Ty3_gypsy RT|Ty3_gypsy RH|Ty3_gypsy INT|Ty3_gypsy,True,5,5338,5338,0,0,1.0,1.0,1.0,1.0,38.322274881516584,57.88392857142857,48.39540229885058,107.55027534162757,0.4499793435686262,-1.1520693192563949,48.39540229885058,107.55027534162757,0.4499793435686262,-0.5886866324007803,input_data/ectopic_recombination/JASCRC010104510.1_De_17_5354.fa.depth.txt,c3e81c444960551c8a99b29173e6c7702cff28b84293b38784bab475997e9af9,198463,usable,1.0,True,0.4499793435686262,0.0
9,5112,5104,JASCRC010108049.1_De,9,180,172,4932,5112,181,5,8,gtga,5113,5116,gtga,,,,,,,,,,,,,,abditus,SRX19952928,GCA_030264455.1,JASCRC010108049.1_De_9_5112,JASCRC010108049.1_De_9_5112,LTR,Gypsy,unknown,yes,+,GAG|Ty3_gypsy PROT|Ty3_gypsy RT|Ty3_gypsy RH|Ty3_gypsy INT|Ty3_gypsy,True,6,5104,5104,0,0,1.0,1.0,1.0,1.0,28.174418604651162,54.812154696132595,41.8328611898017,190.71142917280574,0.21935162130160787,-2.1886827250465393,41.8328611898017,190.71142917280574,0.21935162130160787,-0.9478323088111855,input_data/ectopic_recombination/JASCRC010108049.1_De_9_5112.fa.depth.txt,cd820c3a1a133b3ec3d9b9c2934631fe1bc2a735cfa5a891624e4f257f8da033,186569,usable,1.0,True,0.2193516213016078,8.326672684688674e-17
885,6869,5985,JASCRC010110698.1_De,885,1599,715,6147,6869,723,881,884,gaag,6870,6873,gaag,,,,,,,,,,,,,,abditus,SRX19952928,GCA_030264455.1,JASCRC010110698.1_De_885_6869,JASCRC010110698.1_De_885_6869,LTR,Gypsy,unknown,yes,+,GAG|Ty3_gypsy PROT|Ty3_gypsy RT|Ty3_gypsy RH|Ty3_gypsy INT|Ty3_gypsy,True,6,5985,5985,0,0,1.0,1.0,1.0,1.0,36.893706293706295,53.05117565698479,45.01738525730181,72.23202111282164,0.623233083662267,-0.6821562755304209,45.01738525730181,72.23202111282164,0.623233083662267,-0.5181227764624597,input_data/ectopic_recombination/JASCRC010110698.1_De_885_6869.fa.depth.txt,732514aabc4ccb7e41a10d08c9bb9de1a429d14d890aeee074d93d30a1ca2cb4,227317,usable,1.0,True,0.623233083662267,0.0
21,5345,5325,JASCRC010124418.1_De,21,255,235,5128,5345,218,17,20,tacg,5346,5349,tacg,,,,,,,,,,,,,,abditus,SRX19952928,GCA_030264455.1,JASCRC010124418.1_De_21_5345,JASCRC010124418.1_De_21_5345,LTR,Gypsy,unknown,no,-,GAG|Ty3_gypsy RT|Ty3_gypsy RH|Ty3_gypsy INT|Ty3_gypsy,True,5,5325,5325,0,0,1.0,1.0,1.0,1.0,221.7659574468085,147.57798165137615,186.06401766004416,157.91235632183907,1.1782739615437665,0.23667502049933767,186.06401766004416,157.91235632183907,1.1782739615437665,0.5859298640944839,input_data/ectopic_recombination/JASCRC010124418.1_De_21_5345.fa.depth.txt,c7693b128f892e210ba11485ed828069f0253efee010782582d6adc5894e2485,200235,usable,1.0,True,1.1782739615437663,2.220446049250313e-16
11,5343,5333,JASCRC010125192.1_De,11,238,228,5111,5343,233,7,10,gttc,5344,5347,gttc,5080.0,5089.0,agtagggaaa,+,22.0,,,,,,,,,abditus,SRX19952928,GCA_030264455.1,JASCRC010125192.1_De_11_5343,JASCRC010125192.1_De_11_5343,LTR,Gypsy,unknown,no,+,INT|Ty3_gypsy GAG|Ty3_gypsy RT|Ty3_gypsy RH|Ty3_gypsy,True,5,5333,5333,0,0,1.0,1.0,1.0,1.0,91.79385964912281,87.72532188841201,89.73752711496746,210.14778325123152,0.4270210502657852,-1.2276209047476545,89.73752711496746,210.14778325123152,0.4270210502657852,0.0650418792712358,input_data/ectopic_recombination/JASCRC010125192.1_De_11_5343.fa.depth.txt,e9830d4729816992841f67b0d90d37d421fd2d767416aab10df892da4bda6bee,200817,usable,1.0,True,0.4270210502657852,0.0
316,6216,5901,JASCRC010140571.1_De,316,753,438,5791,6216,426,312,315,agag,6217,6220,agag,,,,,,,,,,,,,,abditus,SRX19952928,GCA_030264455.1,JASCRC010140571.1_De_316_6216,JASCRC010140571.1_De_316_6216,LTR,Gypsy,unknown,no,-,GAG|Ty3_gypsy RT|Ty3_gypsy RH|Ty3_gypsy INT|Ty3_gypsy,True,5,5901,5901,0,0,1.0,1.0,1.0,1.0,38.30365296803653,70.28638497652582,54.072916666666664,44.24339884852095,1.2221691387634952,0.289443956817524,54.072916666666664,44.24339884852095,1.2221691387634952,-0.8672794258094386,input_data/ectopic_recombination/JASCRC010140571.1_De_316_6216.fa.depth.txt,c8d2b747be13a6cf2152721c613ce41414ea3a5e578cc420b98eb5bd4e6c0b3d,223352,usable,1.0,True,1.2221691387634952,0.0
10,5215,5206,JASCRC010141015.1_De,10,156,147,5060,5215,156,6,9,aaaa,5216,5219,aaaa,5062.0,5073.0,aagaaaagataa,+,13.0,,,,,,,,,abditus,SRX19952928,GCA_030264455.1,JASCRC010141015.1_De_10_5215,JASCRC010141015.1_De_10_5215,LTR,Gypsy,unknown,no,+,RT|Ty3_gypsy RH|Ty3_gypsy INT|Ty3_gypsy GAG|Ty3_gypsy PROT|Bel-Pao,True,6,5206,5206,0,0,1.0,1.0,1.0,1.0,17.163265306122447,15.75,16.435643564356436,44.02651437895166,0.3733123958642077,-1.421544680661311,16.435643564356436,44.02651437895166,0.3733123958642077,0.12031235222297579,input_data/ectopic_recombination/JASCRC010141015.1_De_10_5215.fa.depth.txt,222bbe515fea1a4ecb428d423e7d911638fb99b1ddf6bd2d0ab6b4f3eec12e17,191635,usable,1.0,True,0.3733123958642077,0.0
159,5081,4923,JASCRC010152516.1_De,159,279,121,4968,5081,114,155,158,gtgt,5082,5085,gtgt,281.0,289.0,gaggggaga,-,2.0,,,,,,,,,abditus,SRX19952928,GCA_030264455.1,JASCRC010152516.1_De_159_5081,JASCRC010152516.1_De_159_5081,LTR,Gypsy,unknown,yes,+,GAG|Ty3_gypsy PROT|Ty3_gypsy RT|Ty3_gypsy RH|Ty3_gypsy INT|Ty3_gypsy,True,6,4923,4923,0,0,1.0,1.0,1.0,1.0,68.83471074380165,160.87719298245614,113.48510638297873,202.0230375426621,0.56174339205752,-0.8320168462021037,113.48510638297873,202.0230375426621,0.56174339205752,-1.2187870120395246,input_data/ectopic_recombination/JASCRC010152516.1_De_159_5081.fa.depth.txt,a9fb7ca2f41c4a914aeb875e7a014983f22ab5a1f04e213c2dc78e383370db3d,190070,usable,1.0,True,0.56174339205752,0.0
1397,7089,5693,JASCRC010191452.1_De,1397,1592,196,6897,7089,193,1393,1396,agtg,7090,7093,agtg,,,,,,,,,,,,,,abditus,SRX19952928,GCA_030264455.1,JASCRC010191452.1_De_1397_7089,JASCRC010191452.1_De_1397_7089,LTR,Gypsy,unknown,no,+,GAG|Ty3_gypsy RT|Ty3_gypsy RH|Ty3_gypsy INT|Ty3_gypsy,True,5,5693,5693,0,0,1.0,1.0,1.0,1.0,54.42857142857143,18.83937823834197,36.77120822622108,79.94306184012066,0.4599674740975067,-1.120396248103151,36.77120822622108,79.94306184012066,0.4599674740975067,1.5060153581503992,input_data/ectopic_recombination/JASCRC010191452.1_De_1397_7089.fa.depth.txt,30ed5f212cf5820afe00066fe7d0cc77000414d8822eeceee38cf2fe530664ed,221914,usable,1.0,True,0.4599674740975067,0.0
2279,7962,5684,JASCRC010195872.1_De,2279,2904,626,7349,7962,614,2275,2278,aaat,7963,7966,aaat,,,,,,,,,,,,,,abditus,SRX19952928,GCA_030264455.1,JASCRC010195872.1_De_2279_7962,JASCRC010195872.1_De_2279_7962,LTR,Gypsy,unknown,no,+,PROT|Ty3_gypsy RT|Ty3_gypsy RH|Ty3_gypsy INT|Ty3_gypsy GAG|Ty3_gypsy,True,6,5684,5684,0,0,1.0,1.0,1.0,1.0,88.24760383386581,64.02117263843648,76.2516129032258,108.31638163816382,0.7039711976157776,-0.5064116914607639,76.2516129032258,108.31638163816382,0.7039711976157776,0.45993550861931926,input_data/ectopic_recombination/JASCRC010195872.1_De_2279_7962.fa.depth.txt,9e36c9c2dcdf5acc62617b697a4c0c6995650b2ee550d9684cf02dd75afd49fc,223366,usable,1.0,True,0.7039711976157776,0.0
2495,7842,5348,JASCRC010217992.1_De,2495,2736,242,7603,7842,240,2491,2494,caag,7843,7846,caag,7601.0,7609.0,gaaaagagg,+,6.0,,,,,,,,,abditus,SRX19952928,GCA_030264455.1,JASCRC010217992.1_De_2495_7842,JASCRC010217992.1_De_2495_7842,LTR,Gypsy,unknown,no,+,INT|Ty3_gypsy GAG|Ty3_gypsy RT|Ty3_gypsy RH|Ty3_gypsy,True,5,5348,5348,0,0,1.0,1.0,1.0,1.0,13.363636363636363,22.5125,17.91908713692946,41.229757501027535,0.43461539002461697,-1.2021888326574537,17.91908713692946,41.229757501027535,0.43461539002461697,-0.7311120026495926,input_data/ectopic_recombination/JASCRC010217992.1_De_2495_7842.fa.depth.txt,5a4001a21df7f4144c6da2be444261c262dead01f405be0ba486d2c5312c2f26,207514,usable,1.0,True,0.4346153900246169,5.551115123125783e-17
1848,7697,5850,JASCRC010261149.1_De,1848,2839,992,6709,7697,989,1844,1847,aaaa,7698,7701,aaaa,2825.0,2834.0,agaaaaaagg,-,14.0,,,,,,,,,abditus,SRX19952928,GCA_030264455.1,JASCRC010261149.1_De_1848_7697,JASCRC010261149.1_De_1848_7697,LTR,Gypsy,unknown,no,+,INT|Ty3_gypsy GAG|Ty3_gypsy PROT|Ty3_gypsy RT|Ty3_gypsy RH|Ty3_gypsy,True,6,5850,5850,0,0,1.0,1.0,1.0,1.0,74.90221774193549,206.61678463094034,140.6597677940434,189.11837684156112,0.7437657309838526,-0.42707981759974045,140.6597677940434,189.11837684156112,0.7437657309838526,-1.4577656115080824,input_data/ectopic_recombination/JASCRC010261149.1_De_1848_7697.fa.depth.txt,fae42a9a9c8f98b74c67fe5a9ae5730321ab5e003ed9d57d010462b7d2eb877a,231260,usable,1.0,True,0.7437657309838526,0.0
1973,7568,5596,JASCRC010293249.1_De,1973,2211,239,7339,7568,230,1969,1972,acag,7569,7572,acag,7344.0,7352.0,aagagaaag,+,13.0,,,,,,,,,abditus,SRX19952928,GCA_030264455.1,JASCRC010293249.1_De_1973_7568,JASCRC010293249.1_De_1973_7568,LTR,Gypsy,unknown,no,-,GAG|Ty3_gypsy RT|Ty3_gypsy RH|Ty3_gypsy INT|Ty3_gypsy,True,5,5596,5596,0,0,1.0,1.0,1.0,1.0,2021.887029288703,154.66086956521738,1106.1897654584222,1407.5802613614198,0.7858804189172908,-0.347618288968058,1106.1897654584222,1407.5802613614198,0.7858804189172908,3.7042224444518266,input_data/ectopic_recombination/JASCRC010293249.1_De_1973_7568.fa.depth.txt,e6473d827d1c127eb0d9f63d484b669024d4a4a8a72cdf54830cfe6d4475136d,223628,usable,1.0,True,0.7858804189172908,0.0
11,6210,6200,JASCRC010298790.1_De,11,1000,990,5222,6210,989,7,10,agac,6211,6214,agac,,,,,,,,,,,,,,abditus,SRX19952928,GCA_030264455.1,JASCRC010298790.1_De_11_6210,JASCRC010298790.1_De_11_6210,LTR,Gypsy,unknown,no,+,INT|Ty3_gypsy GAG|Ty3_gypsy RT|Ty3_gypsy RH|Ty3_gypsy,True,5,6200,6200,0,0,1.0,1.0,1.0,1.0,106.24040404040404,50.93124368048534,78.59979787771601,125.68893627102582,0.625351762928676,-0.6772601549136864,78.59979787771601,125.68893627102582,0.625351762928676,1.0533894317890442,input_data/ectopic_recombination/JASCRC010298790.1_De_11_6210.fa.depth.txt,7bc9d0da4bb1edd9557dc59637ab52e741a35d68f4df48353e727d2c6c222e91,231227,usable,1.0,True,0.625351762928676,0.0
324,5894,5571,JASCRC010327577.1_De,324,475,152,5743,5894,152,320,323,ctct,5895,5898,ctct,5729.0,5739.0,agggagggggg,+,4.0,,,,,,,,,abditus,SRX19952928,GCA_030264455.1,JASCRC010327577.1_De_324_5894,JASCRC010327577.1_De_324_5894,LTR,Gypsy,unknown,no,+,GAG|Ty3_gypsy RT|Ty3_gypsy RH|Ty3_gypsy INT|Ty3_gypsy,True,5,5571,5571,0,0,1.0,1.0,1.0,1.0,4468.5,5134.8026315789475,4801.651315789473,5382.999240554395,0.8920029710602283,-0.16487957944276982,4801.651315789473,5382.999240554395,0.8920029710602283,-0.20049725463683643,input_data/ectopic_recombination/JASCRC010327577.1_De_324_5894.fa.depth.txt,8d505c2fbf5722c9cb9f9e5eb9ec612e282143c4b02aeb08e0a6c55f6176182a,221848,usable,1.0,True,0.8920029710602283,0.0
899,6539,5641,JASCRC010345291.1_De,899,1037,139,6405,6539,135,895,898,gaaa,6540,6543,gaaa,,,,,,,,,,,,,,abditus,SRX19952928,GCA_030264455.1,JASCRC010345291.1_De_899_6539,JASCRC010345291.1_De_899_6539,LTR,Gypsy,unknown,no,-,GAG|Ty3_gypsy RT|Ty3_gypsy RH|Ty3_gypsy INT|Ty3_gypsy,True,5,5641,5641,0,0,1.0,1.0,1.0,1.0,74.54676258992805,22.68148148148148,48.99270072992701,67.69275200298118,0.7237510557669361,-0.46643454726236255,48.99270072992701,67.69275200298118,0.7237510557669361,1.6948170683806365,input_data/ectopic_recombination/JASCRC010345291.1_De_899_6539.fa.depth.txt,9eb026d64d7505e34d72175da45a6b52e782a0eaa5b59ac60e93f430c23214d2,214183,usable,1.0,True,0.7237510557669361,0.0
1035,7345,6311,JASCRC010365228.1_De,1035,1816,782,6578,7345,768,1031,1034,attc,7346,7349,attc,,,,,,,,,,,,,,abditus,SRX19952928,GCA_030264455.1,JASCRC010365228.1_De_1035_7345,JASCRC010365228.1_De_1035_7345,LTR,Gypsy,unknown,no,+,RT|Ty3_gypsy RH|Ty3_gypsy INT|Ty3_gypsy GAG|Ty3_gypsy,True,5,6311,6311,0,0,1.0,1.0,1.0,1.0,32.75575447570333,18.350260416666668,25.61806451612903,61.09010712035287,0.4193488229716016,-1.2537772881742402,25.61806451612903,61.09010712035287,0.4193488229716016,0.8190195473362187,input_data/ectopic_recombination/JASCRC010365228.1_De_1035_7345.fa.depth.txt,4f499ec41814d525a773a3dd94f2e963f78af43a1dc1cbaae4e8bc5bb00fd011,245346,usable,1.0,True,0.4193488229716016,0.0
5,5494,5490,JASCRC010387371.1_De,5,351,347,5131,5494,364,1,4,atac,5495,5498,atac,,,,,,,,,,,,,,abditus,SRX19952928,GCA_030264455.1,JASCRC010387371.1_De_5_5494,JASCRC010387371.1_De_5_5494,LTR,Gypsy,unknown,no,-,PROT|Ty3_gypsy RT|Ty3_gypsy RH|Ty3_gypsy INT|Ty3_gypsy GAG|Ty3_gypsy,True,6,5490,5490,0,0,1.0,1.0,1.0,1.0,84.92795389048992,389.7637362637363,240.9901547116737,534.7076794308433,0.45069514424814294,-1.1497761882262836,240.9901547116737,534.7076794308433,0.45069514424814294,-2.1916692786835887,input_data/ectopic_recombination/JASCRC010387371.1_De_5_5494.fa.depth.txt,586ff4adc35459365e84e54daaf14c0774a9f604a325504fbf2b7e6c6da3390a,202277,usable,1.0,True,0.4506951442481429,5.551115123125783e-17
455,7276,6822,JASCRC010407292.1_De,455,1254,800,6507,7276,770,451,454,gccc,7277,7280,gccc,1278.0,1285.0,gagggaga,-,24.0,,,,,,,,,abditus,SRX19952928,GCA_030264455.1,JASCRC010407292.1_De_455_7276,JASCRC010407292.1_De_455_7276,LTR,Gypsy,unknown,yes,+,GAG|Ty3_gypsy PROT|Bel-Pao RT|Ty3_gypsy RH|Ty3_gypsy INT|Ty3_gypsy,True,6,6822,6822,0,0,1.0,1.0,1.0,1.0,83.85875,100.4090909090909,91.97579617834396,128.63556740289414,0.7150106151455792,-0.48396343438905576,91.97579617834396,128.63556740289414,0.7150106151455792,-0.2584465297998138,input_data/ectopic_recombination/JASCRC010407292.1_De_455_7276.fa.depth.txt,56d23f7ffd7d3d0d8bcffa1f1dda5d0e7c8f0c4bb45089f0e2b49015e54cfa96,262110,usable,1.0,True,0.7150106151455792,0.0
626,5452,4827,JASCRC010411724.1_De,626,872,247,5203,5452,250,622,625,gatg,5453,5456,gatg,,,,,,,,,,,,,,abditus,SRX19952928,GCA_030264455.1,JASCRC010411724.1_De_626_5452,JASCRC010411724.1_De_626_5452,LTR,Gypsy,unknown,no,-,GAG|Ty3_gypsy RT|Ty3_gypsy RH|Ty3_gypsy INT|Ty3_gypsy,True,5,4827,4827,0,100,1.0,1.0,1.0,0.976905311778291,38.84615384615385,1099.248,572.2474849094567,1437.076443418014,0.3982025364972199,-1.3284256840240611,572.2474849094567,1471.0498817966902,0.389006173067723,-4.804806550625319,input_data/ectopic_recombination/JASCRC010411724.1_De_626_5452.fa.depth.txt,4c425f441b70c174ef50ec38f528990df06ffda526183da921a027e5cd2f43fe,188950,usable,1.0,True,0.389006173067723,0.0
22,6416,6395,JASCRC010419472.1_De,22,203,182,6241,6416,176,18,21,agga,6417,6420,agga,,,,,,,,,,,,,,abditus,SRX19952928,GCA_030264455.1,JASCRC010419472.1_De_22_6416,JASCRC010419472.1_De_22_6416,LTR,Gypsy,unknown,yes,-,GAG|Ty3_gypsy PROT|Ty3_gypsy RT|Ty3_gypsy RH|Ty3_gypsy INT|Ty3_gypsy,True,6,6395,6395,0,2,1.0,0.9886363636363636,0.994413407821229,1.0,99.78021978021978,13.863636363636363,57.54189944134078,62.41610071227431,0.9219079497868248,-0.11730538654916334,57.86516853932584,62.41610071227431,0.9270872079316946,2.8035441234209415,input_data/ectopic_recombination/JASCRC010419472.1_De_22_6416.fa.depth.txt,b62e41b4864b025640a1d224d3efeefa9e14010c933c6c4bb5fd5f317a17d87c,236120,usable,1.0,True,0.9270872079316946,0.0
227,10921,10695,JASCRC010431656.1_De,227,552,326,10605,10921,317,223,226,cgtg,10922,10925,cgtg,,,,,,,,,,,,,,abditus,SRX19952928,GCA_030264455.1,JASCRC010431656.1_De_227_10921,JASCRC010431656.1_De_227_10921,LTR,Gypsy,unknown,yes,+,GAG|Ty3_gypsy PROT|Ty3_gypsy RT|Ty3_gypsy RH|Ty3_gypsy INT|Ty3_gypsy,True,6,10695,10695,0,0,1.0,1.0,1.0,1.0,9.9079754601227,10.050473186119874,9.978227060653188,28.427974532431357,0.3510002814048455,-1.5104559077158957,9.978227060653188,28.427974532431357,0.3510002814048455,-0.01961823930766692,input_data/ectopic_recombination/JASCRC010431656.1_De_227_10921.fa.depth.txt,94b6767da9cff16ea845fb23bd918b9bd167133bfb0d3b5ef0e19177f3378fe4,416195,usable,1.0,True,0.3510002814048455,0.0
7,6437,6431,JASCRC010482583.1_De,7,174,168,6266,6437,172,3,6,aggt,6438,6441,aggt,,,,,,,,,,,,,,abditus,SRX19952928,GCA_030264455.1,JASCRC010482583.1_De_7_6437,JASCRC010482583.1_De_7_6437,LTR,Gypsy,unknown,yes,+,GAG|Ty3_gypsy PROT|Ty3_gypsy RT|Ty3_gypsy RH|Ty3_gypsy INT|Ty3_gypsy,True,6,6431,6431,0,0,1.0,1.0,1.0,1.0,21.541666666666668,16.16860465116279,18.823529411764707,65.96650796256772,0.2853497932988358,-1.8091965769294298,18.823529411764707,65.96650796256772,0.2853497932988358,0.40309997685444376,input_data/ectopic_recombination/JASCRC010482583.1_De_7_6437.fa.depth.txt,beb986bb567838f7ec12748eb03da56d9c1b6753c24fbab756f8566983f08d86,231013,usable,1.0,True,0.2853497932988358,0.0
581,5804,5224,JASCRC010508072.1_De,581,733,153,5644,5804,161,577,580,ggct,5805,5808,ggct,,,,,,,,,,,,,,abditus,SRX19952928,GCA_030264455.1,JASCRC010508072.1_De_581_5804,JASCRC010508072.1_De_581_5804,LTR,Gypsy,unknown,yes,-,GAG|Ty3_gypsy PROT|Ty3_gypsy RT|Ty3_gypsy RH|Ty3_gypsy INT|Ty3_gypsy,True,6,5224,5224,0,0,1.0,1.0,1.0,1.0,23.41176470588235,35.68944099378882,29.70700636942675,43.61262729124236,0.6811560828712575,-0.5539426737674431,29.70700636942675,43.61262729124236,0.6811560828712575,-0.5978482171166645,input_data/ectopic_recombination/JASCRC010508072.1_De_581_5804.fa.depth.txt,5f476693e8589063f3fb760a9ebeacce6387ae933116682ba7f23d6142f297d4,197396,usable,1.0,True,0.6811560828712575,0.0
5,5577,5573,JASCRC010525788.1_De,5,536,532,5047,5577,531,1,4,acat,5578,5581,acat,,,,,,,,,,,,,,abditus,SRX19952928,GCA_030264455.1,JASCRC010525788.1_De_5_5577,JASCRC010525788.1_De_5_5577,LTR,Gypsy,unknown,no,-,PROT|Ty3_gypsy RT|Ty3_gypsy RH|Ty3_gypsy INT|Ty3_gypsy GAG|Ty3_gypsy,True,6,5573,5573,0,0,1.0,1.0,1.0,1.0,27.588345864661655,42.60640301318267,35.090310442144876,71.52328159645232,0.49061382054770564,-1.02734021982838,35.090310442144876,71.52328159645232,0.49061382054770564,-0.6179305167490075,input_data/ectopic_recombination/JASCRC010525788.1_De_5_5577.fa.depth.txt,13fe0fb0ab9a5bbf4596693cbb3a76eeb8257135dbc7e7675c8593ec69da9cf3,199912,usable,1.0,True,0.4906138205477056,5.551115123125783e-17
24,6334,6311,JASCRC010563450.1_De,24,1000,977,5336,6334,999,20,23,ttga,6335,6338,ttga,,,,,,,,,,,,,,abditus,SRX19952928,GCA_030264455.1,JASCRC010563450.1_De_24_6334,JASCRC010563450.1_De_24_6334,LTR,Gypsy,unknown,no,+,RT|Ty3_gypsy RH|Ty3_gypsy INT|Ty3_gypsy GAG|Ty3_gypsy,True,5,6311,6311,0,0,1.0,1.0,1.0,1.0,1483.2702149437052,2519.134134134134,2006.9686234817814,5752.696885813149,0.34887439114534446,-1.5192203933813544,2006.9686234817814,5752.696885813149,0.34887439114534446,-0.763946575695475,input_data/ectopic_recombination/JASCRC010563450.1_De_24_6334.fa.depth.txt,d3dc21343edb51e333f7531639ae953b3d0099994d55ce0f4d6cad4035646ac6,244609,usable,1.0,True,0.3488743911453444,5.551115123125783e-17
4579,10709,6131,JASCRC010575649.1_De,4579,5487,909,9826,10709,884,4575,4578,ggcg,10710,10713,ggcg,,,,,,,,,,,,,,abditus,SRX19952928,GCA_030264455.1,JASCRC010575649.1_De_4579_10709,JASCRC010575649.1_De_4579_10709,LTR,Gypsy,unknown,no,+,RT|Ty3_gypsy RH|Ty3_gypsy INT|Ty3_gypsy GAG|Ty3_gypsy,True,5,6131,6131,0,0,1.0,1.0,1.0,1.0,54.05060506050605,48.661764705882355,51.39375348577803,57.0334255417243,0.9011163716298187,-0.15021466483960427,51.39375348577803,57.0334255417243,0.9011163716298187,0.15005849513976585,input_data/ectopic_recombination/JASCRC010575649.1_De_4579_10709.fa.depth.txt,c19692e0ab9c4869574fee2cb1cdb4897cae56e89f00d5d5fe0c0964f94f5518,244634,usable,1.0,True,0.9011163716298188,1.1102230246251565e-16
121,5585,5465,JASCRC010597807.1_De,121,459,339,5236,5585,350,117,120,aatt,5586,5589,aatt,462.0,470.0,gaagagaag,-,3.0,,,,,,,,,abditus,SRX19952928,GCA_030264455.1,JASCRC010597807.1_De_121_5585,JASCRC010597807.1_De_121_5585,LTR,Gypsy,unknown,no,-,RT|Ty3_gypsy RH|Ty3_gypsy INT|Ty3_gypsy GAG|Ty3_gypsy,True,5,5465,5465,0,0,1.0,1.0,1.0,1.0,48.097345132743364,50.808571428571426,49.47460087082729,112.72319932998325,0.4389034481357871,-1.1880244904704866,49.47460087082729,112.72319932998325,0.4389034481357871,-0.07832235577641426,input_data/ectopic_recombination/JASCRC010597807.1_De_121_5585.fa.depth.txt,9bf019dc14f96b5146a352d4325345f372e91f0eeba25f0e6183eed39bd2d3cf,208753,usable,1.0,True,0.4389034481357871,0.0
18,6043,6026,JASCRC010606670.1_De,18,1000,983,5045,6043,999,14,17,gaga,6044,6047,gaga,1001.0,1014.0,ggaaggggcggaga,-,1.0,,,,,,,,,abditus,SRX19952928,GCA_030264455.1,JASCRC010606670.1_De_18_6043,JASCRC010606670.1_De_18_6043,LTR,Gypsy,unknown,no,-,GAG|Ty3_gypsy RT|Ty3_gypsy RH|Ty3_gypsy INT|Ty3_gypsy,True,5,6026,6026,0,0,1.0,1.0,1.0,1.0,38.87385554425229,47.91891891891892,43.43289606458123,90.30365974282888,0.4809649596513754,-1.0559963035503215,43.43289606458123,90.30365974282888,0.4809649596513754,-0.2983328775183749,input_data/ectopic_recombination/JASCRC010606670.1_De_18_6043.fa.depth.txt,f4d8c94b7c564027d590e6f67f0b4737e61ddc0b682591f597d06fc672918699,222792,usable,1.0,True,0.4809649596513754,0.0
6,3898,3893,JASCRC010698633.1_De,6,176,171,3729,3898,170,2,5,tgtg,3899,3902,tgtg,176.0,187.0,aaagaagggaaa,-,0.0,,,,,,,,,abditus,SRX19952928,GCA_030264455.1,JASCRC010698633.1_De_6_3898,JASCRC010698633.1_De_6_3898,LTR,Gypsy,unknown,no,+,GAG|Ty3_gypsy PROT|Ty3_gypsy RT|Ty3_gypsy RH|Ty3_gypsy,True,5,3893,3893,0,0,1.0,1.0,1.0,1.0,83.63157894736842,46.94705882352941,65.34310850439883,160.05208333333334,0.4082615305188602,-1.292434462529749,65.34310850439883,160.05208333333334,0.4082615305188602,0.8263287610687605,input_data/ectopic_recombination/JASCRC010698633.1_De_6_3898.fa.depth.txt,870c8a893b6d302f12220c633ca63762f545d4eed3abe3243dab7865deca3911,141080,usable,1.0,True,0.4082615305188602,0.0
1195,6735,5541,JASCRC010705281.1_De,1195,1677,483,6270,6735,466,1191,1194,tggc,6736,6739,tggc,,,,,,,,,,,,,,abditus,SRX19952928,GCA_030264455.1,JASCRC010705281.1_De_1195_6735,JASCRC010705281.1_De_1195_6735,LTR,Gypsy,unknown,no,+,GAG|Ty3_gypsy RT|Ty3_gypsy RH|Ty3_gypsy INT|Ty3_gypsy,True,5,5541,5541,0,0,1.0,1.0,1.0,1.0,60.5175983436853,54.64377682403433,57.633298208640674,112.75783972125436,0.5111245333461018,-0.9682532543077872,57.633298208640674,112.75783972125436,0.5111245333461018,0.14602731485558762,input_data/ectopic_recombination/JASCRC010705281.1_De_1195_6735.fa.depth.txt,585fa9c98c908a02d928b0cc162c22ec8d4acb2c8c29572639e3af3234f44b4d,217922,usable,1.0,True,0.5111245333461018,0.0
363,6679,6317,JASCRC010748499.1_De,363,1230,868,5821,6679,859,359,362,atat,6680,6683,atat,,,,,,,,,,,,,,abditus,SRX19952928,GCA_030264455.1,JASCRC010748499.1_De_363_6679,JASCRC010748499.1_De_363_6679,LTR,Gypsy,unknown,no,-,RT|Ty3_gypsy RH|Ty3_gypsy INT|Ty3_gypsy GAG|Ty3_gypsy,True,5,6317,6317,0,0,1.0,1.0,1.0,1.0,26.63479262672811,28.90803259604191,27.76548928778228,77.5433551198257,0.3580640693825667,-1.4817103389330224,27.76548928778228,77.5433551198257,0.3580640693825667,-0.11606638767390987,input_data/ectopic_recombination/JASCRC010748499.1_De_363_6679.fa.depth.txt,a37bdb4810b80b2879c42b0ddbb5d4333ee952118032fb00cfe112e77cd8afd6,239817,usable,1.0,True,0.3580640693825667,0.0
830,6463,5634,JASCRC010754033.1_De,830,1175,346,6115,6463,349,826,829,acag,6464,6467,acag,6084.0,6091.0,gaggggag,+,24.0,,,,,,,,,abditus,SRX19952928,GCA_030264455.1,JASCRC010754033.1_De_830_6463,JASCRC010754033.1_De_830_6463,LTR,Gypsy,unknown,yes,-,GAG|Ty3_gypsy PROT|Ty3_gypsy RT|Ty3_gypsy RH|Ty3_gypsy INT|Ty3_gypsy,True,6,5634,5634,0,0,1.0,1.0,1.0,1.0,112.77456647398844,80.17765042979943,96.40575539568346,146.46163190929337,0.6582321536290779,-0.6033315932682931,96.40575539568346,146.46163190929337,0.6582321536290779,0.48958299520187354,input_data/ectopic_recombination/JASCRC010754033.1_De_830_6463.fa.depth.txt,370639d31fdbb5573fae58f59fbf8833e5b7f350e568b28444d0b8409137dc69,217101,usable,1.0,True,0.6582321536290779,0.0
11,6088,6078,JASCRC010757359.1_De,11,1000,990,5096,6088,993,7,10,aaac,6089,6092,aaac,,,,,,,,,,,,,,abditus,SRX19952928,GCA_030264455.1,JASCRC010757359.1_De_11_6088,JASCRC010757359.1_De_11_6088,LTR,Gypsy,unknown,no,+,INT|Ty3_gypsy GAG|Ty3_gypsy RT|Ty3_gypsy RH|Ty3_gypsy,True,5,6078,6078,0,0,1.0,1.0,1.0,1.0,47.61818181818182,115.46928499496475,81.59505799293999,163.5137973137973,0.49901023236804853,-1.0028586960877777,81.59505799293999,163.5137973137973,0.49901023236804853,-1.2690887161113389,input_data/ectopic_recombination/JASCRC010757359.1_De_11_6088.fa.depth.txt,ca70586421300b2ba79d41d6c0549d6dd4f66ac89510affbe5a5f86c85d3ae0a,227986,usable,1.0,True,0.4990102323680485,5.551115123125783e-17
1480,6660,5181,JASCRC010762892.1_De,1480,1930,451,6211,6660,450,1476,1479,ttaa,6661,6664,ttaa,6195.0,6213.0,aaaagagggaaaaaaaaaa,+,2.0,,,,,,,,,abditus,SRX19952928,GCA_030264455.1,JASCRC010762892.1_De_1480_6660,JASCRC010762892.1_De_1480_6660,LTR,Gypsy,unknown,yes,+,GAG|Ty3_gypsy PROT|Ty3_gypsy RT|Ty3_gypsy RH|Ty3_gypsy INT|Ty3_gypsy,True,6,5181,5181,0,0,1.0,1.0,1.0,1.0,24.430155210643015,27.2,25.81354051054384,66.18154205607476,0.39004138780375297,-1.3583008765248776,25.81354051054384,66.18154205607476,0.39004138780375297,-0.15199411145837036,input_data/ectopic_recombination/JASCRC010762892.1_De_1480_6660.fa.depth.txt,8a8dafe781f9bd583b7e0e421eb34f7971d9a8578b3803849dbaf5f57a91d362,201502,usable,1.0,True,0.3900413878037529,5.551115123125783e-17
329,6126,5798,JASCRC010775080.1_De,329,812,484,5635,6126,492,325,328,aaga,6127,6130,aaga,,,,,,,,,,,,,,abditus,SRX19952928,GCA_030264455.1,JASCRC010775080.1_De_329_6126,JASCRC010775080.1_De_329_6126,LTR,Gypsy,unknown,no,+,INT|Ty3_gypsy GAG|Ty3_gypsy PROT|Ty3_gypsy RT|Ty3_gypsy RH|Ty3_gypsy,True,6,5798,5798,0,0,1.0,1.0,1.0,1.0,39.63636363636363,104.3150406504065,72.24077868852459,101.91393612608876,0.7088410224794742,-0.496465996052086,72.24077868852459,101.91393612608876,0.7088410224794742,-1.3848639349939023,input_data/ectopic_recombination/JASCRC010775080.1_De_329_6126.fa.depth.txt,18bb47fd6cb2d2b98bef1dd99b1463e5ec8dbea853a5643b17aeaa0f8eb9267e,221869,usable,1.0,True,0.7088410224794742,0.0
22,6548,6527,JASCRC010822740.1_De,22,547,526,6013,6548,536,18,21,gatg,6549,6552,gatg,,,,,,,,,,,,,,abditus,SRX19952928,GCA_030264455.1,JASCRC010822740.1_De_22_6548,JASCRC010822740.1_De_22_6548,LTR,Gypsy,unknown,yes,+,GAG|Ty3_gypsy PROT|Bel-Pao RT|Ty3_gypsy RH|Ty3_gypsy INT|Ty3_gypsy,True,6,6527,6527,0,2,1.0,0.996268656716418,0.9981167608286252,1.0,49.38973384030418,24.54850746268657,36.85216572504708,67.92516010978957,0.5425407266686124,-0.8821966551044901,36.92169811320755,67.92516010978957,0.5435643884170438,0.9940183309170505,input_data/ectopic_recombination/JASCRC010822740.1_De_22_6548.fa.depth.txt,1f6191b721f6fd347823f5ea35e3175640569ba0925a544ebf42f77da7009646,241375,usable,1.0,True,0.5435643884170438,0.0
9,5717,5709,JASCRC010828283.1_De,9,516,508,5207,5717,511,5,8,aaac,5718,5721,aaac,,,,,,,,,,,,,,abditus,SRX19952928,GCA_030264455.1,JASCRC010828283.1_De_9_5717,JASCRC010828283.1_De_9_5717,LTR,Gypsy,unknown,no,-,INT|Ty3_gypsy GAG|Ty3_gypsy RT|Ty3_gypsy RH|Ty3_gypsy,True,5,5709,5709,0,0,1.0,1.0,1.0,1.0,34.48425196850393,34.42270058708415,34.453385672227675,65.68102345415778,0.524556163414148,-0.9308308466964199,34.453385672227675,65.68102345415778,0.524556163414148,0.0025405168566197886,input_data/ectopic_recombination/JASCRC010828283.1_De_9_5717.fa.depth.txt,ae881643b9749175dfd4d4f10b1c64cb2757b6479a1a0a1767b2a0638715b893,204922,usable,1.0,True,0.524556163414148,0.0
6,6163,6158,JASCRC010834935.1_De,6,923,918,5238,6163,926,2,5,gaca,6164,6167,gaca,923.0,932.0,gaaagggaag,-,0.0,,,,,,,,,abditus,SRX19952928,GCA_030264455.1,JASCRC010834935.1_De_6_6163,JASCRC010834935.1_De_6_6163,LTR,Gypsy,unknown,no,+,INT|Ty3_gypsy PROT|Ty3_gypsy RT|Ty3_gypsy RH|Ty3_gypsy,True,5,6158,6158,0,0,1.0,1.0,1.0,1.0,175.20806100217865,178.61771058315335,176.9202819956616,215.78789986091795,0.8198804571975179,-0.28651452220634904,176.9202819956616,215.78789986091795,0.8198804571975179,-0.027727613680565782,input_data/ectopic_recombination/JASCRC010834935.1_De_6_6163.fa.depth.txt,551d38fb7e110b2b1490bd5a95dd48441ca0f1c463e4cdb6583b673f5552040b,225690,usable,1.0,True,0.8198804571975179,0.0
548,6505,5958,JASCRC010868206.1_De,548,776,229,6293,6505,213,544,547,tcgg,6506,6509,tcgg,6262.0,6272.0,aaagagaggga,+,21.0,,,,,,,,,abditus,SRX19952928,GCA_030264455.1,JASCRC010868206.1_De_548_6505,JASCRC010868206.1_De_548_6505,LTR,Gypsy,unknown,no,+,GAG|Ty3_gypsy RT|Ty3_gypsy RH|Ty3_gypsy INT|Ty3_gypsy,True,5,5958,5958,0,0,1.0,1.0,1.0,1.0,23.14410480349345,9.981220657276996,16.800904977375566,38.086113125453224,0.44112941958751367,-1.1807261157366036,16.800904977375566,38.086113125453224,0.44112941958751367,1.1736737756269489,input_data/ectopic_recombination/JASCRC010868206.1_De_548_6505.fa.depth.txt,7a3b07d35197e82d402aa8fe5febe6c43133b985c22ba9481543340c28bb5f73,225573,usable,1.0,True,0.4411294195875136,5.551115123125783e-17
607,6496,5890,JASCRC010870426.1_De,607,1412,806,5711,6496,786,603,606,aagg,6497,6500,aagg,,,,,,,,,,,,,,abditus,SRX19952928,GCA_030264455.1,JASCRC010870426.1_De_607_6496,JASCRC010870426.1_De_607_6496,LTR,Gypsy,unknown,no,+,RT|Ty3_gypsy RH|Ty3_gypsy INT|Ty3_gypsy GAG|Ty3_gypsy,True,5,5890,5890,0,0,1.0,1.0,1.0,1.0,94.0210918114144,42.41857506361323,68.54396984924622,100.68683108422522,0.6807639997320873,-0.554773348670251,68.54396984924622,100.68683108422522,0.6807639997320873,1.139034115872337,input_data/ectopic_recombination/JASCRC010870426.1_De_607_6496.fa.depth.txt,bfa74c6beb3cc92d8275535f5a8a4ab56ca5781e88d196f22c7e62eff641e13e,224115,usable,1.0,True,0.6807639997320873,0.0
716,6471,5756,JASCRC010882618.1_De,716,1084,369,6127,6471,345,712,715,cagc,6472,6475,cagc,1106.0,1115.0,agtagaagag,-,22.0,,,,,,,,,abditus,SRX19952928,GCA_030264455.1,JASCRC010882618.1_De_716_6471,JASCRC010882618.1_De_716_6471,LTR,Gypsy,unknown,no,-,GAG|Ty3_gypsy RT|Ty3_gypsy RH|Ty3_gypsy INT|Ty3_gypsy,True,5,5756,5756,0,0,1.0,1.0,1.0,1.0,11043.658536585366,2336.7971014492755,6836.56162464986,8797.444069813566,0.7771077111030431,-0.3638135174841185,6836.56162464986,8797.444069813566,0.7771077111030431,2.240370466216203,input_data/ectopic_recombination/JASCRC010882618.1_De_716_6471.fa.depth.txt,60b4c481b7a146f82172b4b1239b2ff40b8875fef3529a0c54816ce57021dcbf,229601,usable,1.0,True,0.7771077111030431,0.0
579,6452,5874,JASCRC010914759.1_De,579,939,361,6106,6452,347,575,578,attt,6453,6456,attt,,,,,,,,,,,,,,abditus,SRX19952928,GCA_030264455.1,JASCRC010914759.1_De_579_6452,JASCRC010914759.1_De_579_6452,LTR,Gypsy,unknown,no,-,GAG|Ty3_gypsy RT|Ty3_gypsy RH|Ty3_gypsy INT|Ty3_gypsy,True,5,5874,5874,0,0,1.0,1.0,1.0,1.0,27.939058171745152,33.78097982708934,30.80225988700565,48.24312814556717,0.6384797394162327,-0.647287254610875,30.80225988700565,48.24312814556717,0.6384797394162327,-0.2695346580814803,input_data/ectopic_recombination/JASCRC010914759.1_De_579_6452.fa.depth.txt,c093975fe06ee5aeb8bddc6a1b0fd624af690ac24f58415dae107b61eff808bd,222500,usable,1.0,True,0.6384797394162327,0.0
8,5908,5901,JASCRC010933602.1_De,8,482,475,5428,5908,481,4,7,ctgc,5909,5912,ctgc,,,,,,,,,,,,,,abditus,SRX19952928,GCA_030264455.1,JASCRC010933602.1_De_8_5908,JASCRC010933602.1_De_8_5908,LTR,Gypsy,unknown,no,-,GAG|Ty3_gypsy RT|Ty3_gypsy RH|Ty3_gypsy INT|Ty3_gypsy,True,5,5901,5901,0,0,1.0,1.0,1.0,1.0,22.55157894736842,17.596673596673597,20.05857740585774,121.32517694641052,0.1653290595629433,-2.596587768305074,20.05857740585774,121.32517694641052,0.1653290595629433,0.3491410376631587,input_data/ectopic_recombination/JASCRC010933602.1_De_8_5908.fa.depth.txt,1e59e2d3e8558ec64d741581b588c11bb69193fccfe29cd4e1b8a935516751ca,214854,usable,1.0,True,0.1653290595629433,0.0
1221,6409,5189,JASCRC010943582.1_De,1221,1701,481,5941,6409,469,1217,1220,atag,6410,6413,atag,1683.0,1691.0,ggagaagaa,-,18.0,,,,,,,,,abditus,SRX19952928,GCA_030264455.1,JASCRC010943582.1_De_1221_6409,JASCRC010943582.1_De_1221_6409,LTR,Gypsy,unknown,no,+,PROT|Ty3_gypsy RT|Ty3_gypsy RH|Ty3_gypsy INT|Ty3_gypsy,True,5,5189,5189,0,0,1.0,1.0,1.0,1.0,18.367983367983367,23.739872068230277,21.02,44.021703231894314,0.4774917474063277,-1.066452295935524,21.02,44.021703231894314,0.4774917474063277,-0.36144185040651144,input_data/ectopic_recombination/JASCRC010943582.1_De_1221_6409.fa.depth.txt,1e2c484a138b10089ea4686d597677a8614994935fa07aeb13e33371dff66ff8,201016,usable,1.0,True,0.4774917474063277,0.0
9,5294,5286,JASCRC010954666.1_De,9,110,102,5186,5294,109,5,8,ttca,5295,5298,ttca,,,,,,,,,,,,,,abditus,SRX19952928,GCA_030264455.1,JASCRC010954666.1_De_9_5294,JASCRC010954666.1_De_9_5294,LTR,Gypsy,unknown,no,-,GAG|Ty3_gypsy INT|Ty3_gypsy RT|Ty3_gypsy RH|Ty3_gypsy,True,5,5286,5286,0,0,1.0,1.0,1.0,1.0,20.323529411764707,18.40366972477064,19.33175355450237,33.286108374384234,0.5807754194954006,-0.7839477003045956,19.33175355450237,33.286108374384234,0.5807754194954006,0.13954828532908506,input_data/ectopic_recombination/JASCRC010954666.1_De_9_5294.fa.depth.txt,741f31c77e7340c158f8478940be46f4015fa32850c385ac65d92c7c161337e5,189027,usable,1.0,True,0.5807754194954006,0.0
1095,6383,5289,JASCRC010967779.1_De,1095,1463,369,6026,6383,358,1091,1094,ggca,6384,6387,ggca,6001.0,6010.0,agggggagaa,+,16.0,,,,,,,,,abditus,SRX19952928,GCA_030264455.1,JASCRC010967779.1_De_1095_6383,JASCRC010967779.1_De_1095_6383,LTR,Gypsy,unknown,no,+,RT|Ty3_gypsy RH|Ty3_gypsy INT|Ty3_gypsy GAG|Bel-Pao PROT|Ty3_gypsy,True,6,5289,5289,0,0,1.0,1.0,1.0,1.0,38.951219512195124,46.502793296089386,42.669876203576344,70.08570802279702,0.608824215483376,-0.7159023528937958,42.669876203576344,70.08570802279702,0.608824215483376,-0.2526765988768984,input_data/ectopic_recombination/JASCRC010967779.1_De_1095_6383.fa.depth.txt,1b03dd964760ab05add379963a4c272173bec0a43b40dcdd7927390df9ef326a,205882,usable,1.0,True,0.608824215483376,0.0
313,6376,6064,JASCRC010968220.1_De,313,1187,875,5495,6376,882,309,312,agtc,6377,6380,agtc,,,,,,,,,,,,,,abditus,SRX19952928,GCA_030264455.1,JASCRC010968220.1_De_313_6376,JASCRC010968220.1_De_313_6376,LTR,Gypsy,unknown,no,-,GAG|Ty3_gypsy RT|Ty3_gypsy RH|Ty3_gypsy INT|Ty3_gypsy,True,5,6064,6064,0,0,1.0,1.0,1.0,1.0,33.93142857142857,38.3390022675737,36.14399544678429,121.20780125377293,0.29819859013125366,-1.7456546582433947,36.14399544678429,121.20780125377293,0.29819859013125366,-0.17378009989369492,input_data/ectopic_recombination/JASCRC010968220.1_De_313_6376.fa.depth.txt,caf380be71f1df07dc2253964861cc2aa2d025cb0c5d4d4b546058319a06902f,230326,usable,1.0,True,0.2981985901312536,5.551115123125783e-17
5,5954,5950,JASCRC010968993.1_De,5,685,681,5263,5954,692,1,4,ccac,5955,5958,ccac,699.0,716.0,acaaggagagaaaaagga,-,14.0,,,,,,,,,abditus,SRX19952928,GCA_030264455.1,JASCRC010968993.1_De_5_5954,JASCRC010968993.1_De_5_5954,LTR,Gypsy,unknown,no,-,GAG|Ty3_gypsy RT|Ty3_gypsy RH|Ty3_gypsy INT|Ty3_gypsy,True,5,5950,5950,0,0,1.0,1.0,1.0,1.0,40.690161527165934,19.933526011560694,30.228696285506192,68.73650863010705,0.43977642868328376,-1.1851578147805595,30.228696285506192,68.73650863010705,0.43977642868328376,1.0113616065713527,input_data/ectopic_recombination/JASCRC010968993.1_De_5_5954.fa.depth.txt,c7b079428fd4b4dfc96f81741427585c68880f28006f3f05fcfaf7a05b8777dc,213742,usable,1.0,True,0.4397764286832837,5.551115123125783e-17
5,6017,6013,JAUEJF010008137.1_De,5,225,221,5796,6017,222,1,4,tgga,6018,6021,tgga,,,,,,,,,,,,,,adatsihi,SRX20502416,GCA_032275005.1,JAUEJF010008137.1_De_5_6017,JAUEJF010008137.1_De_5_6017,LTR,Gypsy,unknown,no,+,GAG|Ty3_gypsy RT|Ty3_gypsy RH|Ty3_gypsy INT|Ty3_gypsy,True,5,6013,6013,0,0,1.0,1.0,1.0,1.0,46.755656108597286,111.78378378378379,79.3431151241535,201.76481149012568,0.3932455542577925,-1.346497639192976,79.3431151241535,201.76481149012568,0.3932455542577925,-1.2485906629296972,input_data/ectopic_recombination/JAUEJF010008137.1_De_5_6017.fa.depth.txt,32a9d5f468668bb0f5773d72dc3850be556e8fcccd549289e8e59bb45187eebd,220781,usable,1.0,True,0.3932455542577925,0.0
525,5968,5444,JAUEJF010010782.1_De,525,931,407,5580,5968,389,521,524,caac,5969,5972,caac,932.0,944.0,gaggtagaggaga,-,1.0,,,,,,,,,adatsihi,SRX20502416,GCA_032275005.1,JAUEJF010010782.1_De_525_5968,JAUEJF010010782.1_De_525_5968,LTR,Gypsy,unknown,no,+,GAG|Ty3_gypsy RT|Ty3_gypsy RH|Ty3_gypsy INT|Ty3_gypsy,True,5,5444,5444,0,0,1.0,1.0,1.0,1.0,35.93611793611794,57.08997429305913,46.27386934673367,63.61080034423408,0.7274530283586993,-0.4590739986763889,46.27386934673367,63.61080034423408,0.7274530283586993,-0.6604484217778699,input_data/ectopic_recombination/JAUEJF010010782.1_De_525_5968.fa.depth.txt,d409ac3c9e7b5302f566d2f117024f25b19c18cfed5983e859d17574398e7589,205901,usable,1.0,True,0.7274530283586993,0.0
5,5969,5965,JAUEJF010011004.1_De,5,523,519,5453,5969,517,1,4,tcac,5970,5973,tcac,,,,,,,,,,,,,,adatsihi,SRX20502416,GCA_032275005.1,JAUEJF010011004.1_De_5_5969,JAUEJF010011004.1_De_5_5969,LTR,Gypsy,unknown,no,-,RT|DIRS RH|Ty3_gypsy INT|Ty3_gypsy GAG|Ty3_gypsy PROT|Ty3_gypsy,True,6,5965,5965,0,0,1.0,1.0,1.0,1.0,27.01156069364162,35.723404255319146,31.35907335907336,47.15520389531345,0.6650182963621964,-0.5885340614797127,31.35907335907336,47.15520389531345,0.6650182963621964,-0.3968841522197267,input_data/ectopic_recombination/JAUEJF010011004.1_De_5_5969.fa.depth.txt,a4d68a6ef7e4e49741f0852cc2a97614220802e5d5850736d0c822b660693b82,213874,usable,1.0,True,0.6650182963621964,0.0
638,5969,5332,JAUEJF010011333.1_De,638,992,355,5615,5969,355,634,637,atgg,5970,5973,atgg,,,,,,,,,,,,,,adatsihi,SRX20502416,GCA_032275005.1,JAUEJF010011333.1_De_638_5969,JAUEJF010011333.1_De_638_5969,LTR,Gypsy,unknown,no,-,RH|Ty3_gypsy INT|Ty3_gypsy GAG|Ty3_gypsy RT|Ty3_gypsy,True,5,5332,5332,0,0,1.0,1.0,1.0,1.0,28.053521126760565,30.898591549295773,29.47605633802817,49.85742102985721,0.5912070004659162,-0.7582647423896536,29.47605633802817,49.85742102985721,0.5912070004659162,-0.1370311804206648,input_data/ectopic_recombination/JAUEJF010011333.1_De_638_5969.fa.depth.txt,8949fe2da18cbf671e7978fb75a2f67e2cc7e08bd4ce2bdcda794f3e99bd22d3,201787,usable,1.0,True,0.5912070004659162,0.0
12,5781,5770,JAUEJF010027996.1_De,12,703,692,5086,5781,696,8,11,atca,5782,5785,atca,718.0,726.0,gaaaaagaa,-,15.0,,,,,,,,,adatsihi,SRX20502416,GCA_032275005.1,JAUEJF010027996.1_De_12_5781,JAUEJF010027996.1_De_12_5781,LTR,Gypsy,unknown,no,+,INT|Ty3_gypsy GAG|Ty3_gypsy PROT|Bel-Pao RT|Ty3_gypsy RH|Ty3_gypsy,True,6,5770,5770,0,0,1.0,1.0,1.0,1.0,31.21820809248555,33.96551724137931,32.595821325648416,45.60155180282976,0.714796318041653,-0.4843958918967795,32.595821325648416,45.60155180282976,0.714796318041653,-0.11984239786648071,input_data/ectopic_recombination/JAUEJF010027996.1_De_12_5781.fa.depth.txt,902e8d75fbaacaf5e215c727524cd151181339cf220da9a7186579f10ade0925,212461,usable,1.0,True,0.714796318041653,0.0
8,5753,5746,JAUEJF010029100.1_De,8,426,419,5353,5753,401,4,7,ggcc,5754,5757,ggcc,5368.0,5380.0,gaaaggataaggg,+,27.0,,,,,,,,,adatsihi,SRX20502416,GCA_032275005.1,JAUEJF010029100.1_De_8_5753,JAUEJF010029100.1_De_8_5753,LTR,Gypsy,unknown,no,+,PROT|Ty3_gypsy RT|Ty3_gypsy RH|Ty3_gypsy INT|Ty3_gypsy,True,5,5746,5746,0,0,1.0,1.0,1.0,1.0,17.269689737470166,20.336658354114714,18.76951219512195,27.392610637434025,0.6852034821928227,-0.5453956116943597,18.76951219512195,27.392610637434025,0.6852034821928227,-0.2297054344217685,input_data/ectopic_recombination/JAUEJF010029100.1_De_8_5753.fa.depth.txt,9caf789629c0c70af3df41b6913621a1e2ffd384f0013962d046a3495b5babf2,205273,usable,1.0,True,0.6852034821928227,0.0
16,5746,5731,JAUEJF010030863.1_De,16,633,618,5130,5746,617,12,15,tctc,5747,5750,tctc,,,,,,,,,,,,,,adatsihi,SRX20502416,GCA_032275005.1,JAUEJF010030863.1_De_16_5746,JAUEJF010030863.1_De_16_5746,LTR,Gypsy,unknown,no,-,INT|Ty3_gypsy GAG|Ty3_gypsy RT|Ty3_gypsy RH|Ty3_gypsy,True,5,5731,5731,0,14,0.9773462783171522,1.0,0.988663967611336,1.0,22.27508090614887,29.278768233387357,25.774089068825912,43.476201067615655,0.5928321342690723,-0.7543044443182653,26.069615069615068,43.476201067615655,0.5996295543180216,-0.3868279005674655,input_data/ectopic_recombination/JAUEJF010030863.1_De_16_5746.fa.depth.txt,f75370de8dce58c594a4603138ba5894a6286086bda19e05627bf9fcab690c70,210994,usable,1.0,True,0.5996295543180216,0.0
5,5290,5286,JAUEJF010052721.1_De,5,112,108,5179,5290,112,1,4,aaca,5291,5294,aaca,5186.0,5194.0,agggaagaa,+,15.0,,,,,,,,,adatsihi,SRX20502416,GCA_032275005.1,JAUEJF010052721.1_De_5_5290,JAUEJF010052721.1_De_5_5290,LTR,Gypsy,unknown,no,-,GAG|Ty3_gypsy RT|Ty3_gypsy RH|Ty3_gypsy INT|Ty3_gypsy,True,5,5286,5286,0,0,1.0,1.0,1.0,1.0,29.564814814814813,41.8125,35.8,65.7722068693249,0.5443028553249981,-0.8775184906589869,35.8,65.7722068693249,0.5443028553249981,-0.49300785645237727,input_data/ectopic_recombination/JAUEJF010052721.1_De_5_5290.fa.depth.txt,f5b5ee20478527271ae4f2cff5462c2446fd8cd5e5b145bd14825df1fe7944ce,189890,usable,1.0,True,0.5443028553249981,0.0
9,5418,5410,JAUEJF010072935.1_De,9,279,271,5144,5418,275,5,8,taag,5419,5422,taag,,,,,,,,,,,,,,adatsihi,SRX20502416,GCA_032275005.1,JAUEJF010072935.1_De_9_5418,JAUEJF010072935.1_De_9_5418,LTR,Gypsy,unknown,no,-,RH|Ty3_gypsy INT|Ty3_gypsy GAG|Ty3_gypsy RT|Ty3_gypsy,True,5,5410,5410,0,0,1.0,1.0,1.0,1.0,1135.8376383763837,718.2436363636364,925.510989010989,650.1274671052631,1.4235838906051606,0.5095275123944858,925.510989010989,650.1274671052631,1.4235838906051606,0.6608423817205293,input_data/ectopic_recombination/JAUEJF010072935.1_De_9_5418.fa.depth.txt,8215504dd1144eba07b6d7abe66e059aae6369ce704558f755507b6bff683bc4,198362,usable,1.0,True,1.4235838906051606,0.0
2635,8704,6070,JAUEJF010080661.1_De,2635,3244,610,8099,8704,606,2631,2634,gact,8705,8708,gact,,,,,,,,,,,,,,adatsihi,SRX20502416,GCA_032275005.1,JAUEJF010080661.1_De_2635_8704,JAUEJF010080661.1_De_2635_8704,LTR,Gypsy,unknown,no,+,GAG|Ty3_gypsy RT|Ty3_gypsy RH|Ty3_gypsy INT|Ty3_gypsy,True,5,6070,6070,0,0,1.0,1.0,1.0,1.0,8732.539344262295,1973.7260726072607,5364.249177631579,2312.4089410795223,2.3197666651156172,1.2139796984519422,5364.249177631579,2312.4089410795223,2.3197666651156172,2.1451966346834155,input_data/ectopic_recombination/JAUEJF010080661.1_De_2635_8704.fa.depth.txt,301c9cf91b8f976299d23ad9eb9d50b0e2f4d73a16dabfd9ed52bc91def4a7af,244433,usable,1.0,True,2.319766665115617,4.440892098500626e-16
10,5257,5248,JAUEJF010094562.1_De,10,343,334,4946,5257,312,6,9,gtgt,5258,5261,gtgt,337.0,347.0,aggaaggaaga,-,6.0,,,,,,,,,adatsihi,SRX20502416,GCA_032275005.1,JAUEJF010094562.1_De_10_5257,JAUEJF010094562.1_De_10_5257,LTR,Gypsy,unknown,no,+,PROT|Ty3_gypsy RT|Ty3_gypsy RH|Ty3_gypsy INT|Ty3_gypsy,True,5,5248,5248,0,0,1.0,1.0,1.0,1.0,21.380239520958085,21.432692307692307,21.405572755417957,31.244676227727076,0.6850950414529268,-0.5456239516003073,21.405572755417957,31.244676227727076,0.6850950414529268,-0.0034543870176087293,input_data/ectopic_recombination/JAUEJF010094562.1_De_10_5257.fa.depth.txt,e6e13c1a828fd9b5a501fe093a1a0c360b426f484f35570f744f20916957b095,192563,usable,1.0,True,0.6850950414529268,0.0
867,6682,5816,JAUEJF010103839.1_De,867,1162,296,6387,6682,296,863,866,ccac,6683,6686,ccac,,,,,,,,,,,,,,adatsihi,SRX20502416,GCA_032275005.1,JAUEJF010103839.1_De_867_6682,JAUEJF010103839.1_De_867_6682,LTR,Gypsy,unknown,no,-,GAG|Ty3_gypsy RT|Ty3_gypsy RH|Ty3_gypsy INT|Ty3_gypsy,True,5,5816,5816,0,0,1.0,1.0,1.0,1.0,54.78378378378378,41.652027027027025,48.2179054054054,67.27718223583462,0.7167051859630731,-0.4805483012256804,48.2179054054054,67.27718223583462,0.7167051859630731,0.391254351520534,input_data/ectopic_recombination/JAUEJF010103839.1_De_867_6682.fa.depth.txt,ea420a837278e0cc1ebe801250843f86f228ee99b29716fc2a8ebf256074cc25,220531,usable,1.0,True,0.7167051859630731,0.0
15,5056,5042,JAUEJF010130222.1_De,15,234,220,4832,5056,225,11,14,accc,5057,5060,accc,,,,,,,,,,,,,,adatsihi,SRX20502416,GCA_032275005.1,JAUEJF010130222.1_De_15_5056,JAUEJF010130222.1_De_15_5056,LTR,Gypsy,unknown,no,-,RT|Ty3_gypsy RH|Ty3_gypsy INT|Ty3_gypsy GAG|Ty3_gypsy PROT|Ty3_gypsy,True,6,5042,5042,0,0,1.0,1.0,1.0,1.0,40.945454545454545,60.6,50.88314606741573,83.89993474004785,0.6064742031691681,-0.7214818143419496,50.88314606741573,83.89993474004785,0.6064742031691681,-0.5599584945912617,input_data/ectopic_recombination/JAUEJF010130222.1_De_15_5056.fa.depth.txt,fc3442cba3a5c94ab177408b68fb136ef7eec8f64a371e6b3d3fbea609bd9388,187023,usable,1.0,True,0.6064742031691681,0.0
784,6511,5728,JAUEJF010130331.1_De,784,1149,366,6164,6511,348,780,783,aaga,6512,6515,aaga,1155.0,1180.0,ataaaaaaaaaaacaagagaagggaa,-,6.0,,,,,,,,,adatsihi,SRX20502416,GCA_032275005.1,JAUEJF010130331.1_De_784_6511,JAUEJF010130331.1_De_784_6511,LTR,Gypsy,unknown,no,+,PROT|Ty3_gypsy RT|Ty3_gypsy RH|Ty3_gypsy INT|Ty3_gypsy GAG|Ty3_gypsy,True,6,5728,5728,0,0,1.0,1.0,1.0,1.0,43.702185792349724,16.387931034482758,30.389355742296917,61.12764260071799,0.4971458811326706,-1.0082588404741541,30.389355742296917,61.12764260071799,0.4971458811326706,1.3881251202105178,input_data/ectopic_recombination/JAUEJF010130331.1_De_784_6511.fa.depth.txt,c7afd2b7e8ce76ecd2ec036bcc60c2fecad9514a82e61e066dcbbf0f33a72586,217050,usable,1.0,True,0.4971458811326706,0.0
2116,13548,11433,JAUEJF010187741.1_De,2116,2370,255,13294,13548,255,2112,2115,ctgt,13549,13552,ctgt,13281.0,13293.0,aaaaggggggaaa,+,1.0,,,,,,,,,adatsihi,SRX20502416,GCA_032275005.1,JAUEJF010187741.1_De_2116_13548,JAUEJF010187741.1_De_2116_13548,LTR,Gypsy,unknown,yes,+,GAG|Ty3_gypsy PROT|Bel-Pao RT|Ty3_gypsy RH|Ty3_gypsy INT|Ty3_gypsy,True,6,11433,11433,0,0,1.0,1.0,1.0,1.0,48.39607843137255,47.02745098039216,47.71176470588235,365.5063627208642,0.13053607152201518,-2.937479567670489,47.71176470588235,365.5063627208642,0.13053607152201518,0.04095773436761602,input_data/ectopic_recombination/JAUEJF010187741.1_De_2116_13548.fa.depth.txt,5dcb9a22ba12790cc38bd0693fe7f60a97ff8141fbef2fa76f827679420e4818,463016,usable,1.0,True,0.1305360715220151,8.326672684688674e-17
170,5820,5651,JAUEJF010261774.1_De,170,335,166,5660,5820,161,166,169,actt,5821,5824,actt,5680.0,5687.0,aaaagaat,+,27.0,,,,,,,,,adatsihi,SRX20502416,GCA_032275005.1,JAUEJF010261774.1_De_170_5820,JAUEJF010261774.1_De_170_5820,LTR,Gypsy,unknown,no,-,GAG|Ty3_gypsy RT|Ty3_gypsy RH|Ty3_gypsy INT|Ty3_gypsy,True,5,5651,5651,0,0,1.0,1.0,1.0,1.0,15282.686746987953,1537.3726708074535,8515.11620795107,5565.552779864764,1.5299677399084837,0.6135012333331425,8515.11620795107,5565.552779864764,1.5299677399084837,3.3129374313171924,input_data/ectopic_recombination/JAUEJF010261774.1_De_170_5820.fa.depth.txt,9d51d2ebd9f1eeaa6e8fc60dc365d3bb3d6eff96865584193ea3427b345251f8,225179,usable,1.0,True,1.5299677399084837,0.0
390,7073,6684,JAUEJF010323663.1_De,390,1119,730,6348,7073,726,386,389,gaaa,7074,7077,gaaa,,,,,,,,,,,,,,adatsihi,SRX20502416,GCA_032275005.1,JAUEJF010323663.1_De_390_7073,JAUEJF010323663.1_De_390_7073,LTR,Gypsy,unknown,no,-,PROT|Bel-Pao RT|Ty3_gypsy RH|Ty3_gypsy INT|Ty3_gypsy,True,5,6684,6684,0,0,1.0,1.0,1.0,1.0,38.46849315068493,33.599173553719005,36.04052197802198,109.64996174445295,0.32868704561901246,-1.6052134975792647,36.04052197802198,109.64996174445295,0.32868704561901246,0.1925713721507888,input_data/ectopic_recombination/JAUEJF010323663.1_De_390_7073.fa.depth.txt,91548bb292da0dbbb088117ed08e6d6ff9f64c7a43b31ff501ac7b4597da0eeb,253648,usable,1.0,True,0.3286870456190124,5.551115123125783e-17
1226,7229,6004,JAUEJF010332521.1_De,1226,1755,530,6717,7229,513,1222,1225,tgaa,7230,7233,tgaa,1761.0,1780.0,agagggaagagcaagggaag,-,6.0,,,,,,,,,adatsihi,SRX20502416,GCA_032275005.1,JAUEJF010332521.1_De_1226_7229,JAUEJF010332521.1_De_1226_7229,LTR,Gypsy,unknown,no,+,GAG|Ty3_gypsy RT|Ty3_gypsy RH|Ty3_gypsy INT|Ty3_gypsy,True,5,6004,6004,0,0,1.0,1.0,1.0,1.0,634.0641509433963,4081.7134502923977,2329.7919463087246,5893.665793186858,0.3953043874666239,-1.3389641272299286,2329.7919463087246,5893.665793186858,0.3953043874666239,-2.6855136947293,input_data/ectopic_recombination/JAUEJF010332521.1_De_1226_7229.fa.depth.txt,3aeee9316b23552145ec0a0836c2a0be22514470b025fa8755a6ba88a1ff49de,244235,usable,1.0,True,0.3953043874666239,0.0
1499,7194,5696,JAUEJF010361259.1_De,1499,2180,682,6519,7194,676,1495,1498,ggaa,7195,7198,ggaa,6497.0,6514.0,gaaagaaaggaagaagga,+,5.0,,,,,,,,,adatsihi,SRX20502416,GCA_032275005.1,JAUEJF010361259.1_De_1499_7194,JAUEJF010361259.1_De_1499_7194,LTR,Gypsy,unknown,no,+,RT|Ty3_gypsy RH|Ty3_gypsy INT|Ty3_gypsy GAG|Ty3_gypsy,True,5,5696,5696,0,12,0.9824046920821115,1.0,0.9911634756995582,1.0,17.048387096774192,24.68639053254438,20.850515463917525,39.67934532042416,0.5254752893613175,-0.9283051722871504,21.036404160475485,39.67934532042416,0.5301600616290262,-0.5213059479493796,input_data/ectopic_recombination/JAUEJF010361259.1_De_1499_7194.fa.depth.txt,ec2210bb423a170d100cc97f7de5949df096d038aba6ee4f94709d5522d591ae,220810,usable,1.0,True,0.5301600616290262,0.0
1416,7171,5756,JAUEJF010376741.1_De,1416,1774,359,6809,7171,363,1412,1415,ttgt,7172,7175,ttgt,,,,,,,,,,,,,,adatsihi,SRX20502416,GCA_032275005.1,JAUEJF010376741.1_De_1416_7171,JAUEJF010376741.1_De_1416_7171,LTR,Gypsy,unknown,no,+,GAG|Ty3_gypsy RT|Ty3_gypsy RH|Ty3_gypsy INT|Ty3_gypsy,True,5,5756,5756,0,0,1.0,1.0,1.0,1.0,12827.947075208913,4069.00826446281,8424.214681440444,8022.564362336115,1.0500650790649901,0.07047874344836613,8424.214681440444,8022.564362336115,1.0500650790649901,1.656420154802026,input_data/ectopic_recombination/JAUEJF010376741.1_De_1416_7171.fa.depth.txt,55a1ce7824b64800281724896791a210ad7d90df9037cd4dd7066ec50fc04aca,235586,usable,1.0,True,1.05006507906499,2.220446049250313e-16
1014,6822,5809,JAUEJF010405493.1_De,1014,1185,172,6648,6822,175,1010,1013,cttg,6823,6826,cttg,,,,,,,,,,,,,,adatsihi,SRX20502416,GCA_032275005.1,JAUEJF010405493.1_De_1014_6822,JAUEJF010405493.1_De_1014_6822,LTR,Gypsy,unknown,yes,-,GAG|Ty3_gypsy PROT|Ty3_gypsy RT|Ty3_gypsy RH|Ty3_gypsy INT|Ty3_gypsy,True,6,5809,5809,0,0,1.0,1.0,1.0,1.0,37.48837209302326,65.13714285714286,51.43227665706052,69.20377151226657,0.7432004865218076,-0.4281766487341144,51.43227665706052,69.20377151226657,0.7432004865218076,-0.7889545507771925,input_data/ectopic_recombination/JAUEJF010405493.1_De_1014_6822.fa.depth.txt,91e426cc92b5624ccee4aff6de9a577062c88ec6efb04c66190fc0e3035163e4,226214,usable,1.0,True,0.7432004865218076,0.0
5874,11794,5921,JAUEJF010408808.1_De,5874,6326,453,11353,11794,442,5870,5873,ccaa,11795,11798,ccaa,,,,,,,,,,,,,,adatsihi,SRX20502416,GCA_032275005.1,JAUEJF010408808.1_De_5874_11794,JAUEJF010408808.1_De_5874_11794,LTR,Gypsy,unknown,no,-,INT|Ty3_gypsy GAG|Ty3_gypsy RT|Ty3_gypsy RH|Ty3_gypsy,True,5,5921,5921,0,0,1.0,1.0,1.0,1.0,1314.812362030905,1499.4072398190044,1405.9754189944133,3984.1277357739755,0.35289416209475066,-1.5026925309828647,1405.9754189944133,3984.1277357739755,0.35289416209475066,-0.1894678282915603,input_data/ectopic_recombination/JAUEJF010408808.1_De_5874_11794.fa.depth.txt,edfff6138a742910507497f62794188d490186299548fec0899dd66d08a765dc,245366,usable,1.0,True,0.3528941620947506,5.551115123125783e-17
5285,11214,5930,JAUEJF010464137.1_De,5285,5564,280,10930,11214,285,5281,5284,cccc,11215,11218,cccc,5555.0,5564.0,ggggaaaaga,-,9.0,,,,,,,,,adatsihi,SRX20502416,GCA_032275005.1,JAUEJF010464137.1_De_5285_11214,JAUEJF010464137.1_De_5285_11214,LTR,Gypsy,unknown,no,+,RT|Ty3_gypsy RH|Ty3_gypsy INT|Ty3_gypsy GAG|Ty3_gypsy,True,5,5930,5930,0,0,1.0,1.0,1.0,1.0,27.0,14.256140350877192,20.571681415929202,66.30121155638398,0.31027610103979175,-1.6883755170642583,20.571681415929202,66.30121155638398,0.31027610103979175,0.8981162024431639,input_data/ectopic_recombination/JAUEJF010464137.1_De_5285_11214.fa.depth.txt,17cdef6d90b92d3c9e08f3b1c27092fb3b26986463341f380982e10ea546e6b8,236429,usable,1.0,True,0.3102761010397917,5.551115123125783e-17
449,5850,5402,JAUEJF010476310.1_De,449,801,353,5502,5850,349,445,448,gttt,5851,5854,gttt,,,,,,,,,,,,,,adatsihi,SRX20502416,GCA_032275005.1,JAUEJF010476310.1_De_449_5850,JAUEJF010476310.1_De_449_5850,LTR,Gypsy,unknown,no,+,GAG|Ty3_gypsy RT|Ty3_gypsy RH|Ty3_gypsy INT|Ty3_gypsy,True,5,5402,5402,0,0,1.0,1.0,1.0,1.0,156.21529745042494,153.78510028653295,155.00712250712252,95.17510638297873,1.6286519490021212,0.7036783257180746,155.00712250712252,95.17510638297873,1.6286519490021212,0.022547268653253034,input_data/ectopic_recombination/JAUEJF010476310.1_De_449_5850.fa.depth.txt,b3693a7c07c0d49bf8a441fed3978b6c3578dd320fd440a6d0eb2dc23944388b,206134,usable,1.0,True,1.6286519490021212,0.0
823,6095,5273,JAUEJF010481832.1_De,823,1010,188,5912,6095,184,819,822,aaaa,6096,6099,aaaa,5894.0,5904.0,aaaaagaaaag,+,8.0,,,,,,,,,adatsihi,SRX20502416,GCA_032275005.1,JAUEJF010481832.1_De_823_6095,JAUEJF010481832.1_De_823_6095,LTR,Gypsy,unknown,no,-,GAG|Ty3_gypsy RT|Ty3_gypsy RH|Ty3_gypsy INT|Ty3_gypsy,True,5,5273,5273,0,0,1.0,1.0,1.0,1.0,44.52127659574468,198.4673913043478,120.66666666666667,100.9506223219751,1.1953038415336221,0.25737739222739886,120.66666666666667,100.9506223219751,1.1953038415336221,-2.1438531366985063,input_data/ectopic_recombination/JAUEJF010481832.1_De_823_6095.fa.depth.txt,e4d209c7ef4382e8d958b6b20d60a53a8f3cc7109dbc2c3123c88e57718a5ac3,200955,usable,1.0,True,1.195303841533622,2.220446049250313e-16
13,5608,5596,JAUEJF010533851.1_De,13,178,166,5437,5608,172,9,12,gtta,5609,5612,gtta,181.0,191.0,agggggggggg,-,3.0,,,,,,,,,adatsihi,SRX20502416,GCA_032275005.1,JAUEJF010533851.1_De_13_5608,JAUEJF010533851.1_De_13_5608,LTR,Gypsy,unknown,no,+,GAG|Ty3_gypsy RT|Ty3_gypsy RH|Ty3_gypsy INT|Ty3_gypsy,True,5,5596,5596,0,0,1.0,1.0,1.0,1.0,305.0240963855422,2414.6453488372094,1378.5591715976332,3032.4037656903765,0.4546093720088036,-1.1373006685159122,1378.5591715976332,3032.4037656903765,0.4546093720088036,-2.9827519426957254,input_data/ectopic_recombination/JAUEJF010533851.1_De_13_5608.fa.depth.txt,7425b6f00cd0a676e05dc1a7d4faeb31d3a1040b167a027cf98178c7bc73edc3,213478,usable,1.0,True,0.4546093720088036,0.0
10,6221,6212,JAUEJF010540495.1_De,10,947,938,5278,6221,944,6,9,agaa,6222,6225,agaa,,,,,,,,,,,,,,adatsihi,SRX20502416,GCA_032275005.1,JAUEJF010540495.1_De_10_6221,JAUEJF010540495.1_De_10_6221,LTR,Gypsy,unknown,no,+,INT|Ty3_gypsy GAG|Ty3_gypsy RT|Ty3_gypsy RH|Ty3_gypsy,True,5,6212,6212,0,4,0.9957356076759062,1.0,0.997874601487779,1.0,64.06609808102345,47.33262711864407,55.67268862911796,136.47113163972287,0.4079448009275041,-1.2935541407681634,55.791267305644304,136.47113163972287,0.4088136929422592,0.4327818125611048,input_data/ectopic_recombination/JAUEJF010540495.1_De_10_6221.fa.depth.txt,77a208940eb436753370ef72534ce902ece531f11a9c7639d9bef886e9423e8a,230644,usable,1.0,True,0.4088136929422592,0.0
10,6306,6297,JAUEJF010541605.1_De,10,818,809,5482,6306,825,6,9,aaaa,6307,6310,aaaa,5484.0,5491.0,aagaaaaa,+,9.0,,,,,,,,,adatsihi,SRX20502416,GCA_032275005.1,JAUEJF010541605.1_De_10_6306,JAUEJF010541605.1_De_10_6306,LTR,Gypsy,unknown,no,-,INT|Ty3_gypsy GAG|Ty3_gypsy RT|Ty3_gypsy RH|Ty3_gypsy,True,5,6297,6297,0,0,1.0,1.0,1.0,1.0,1830.4103831891223,2905.059393939394,2372.996328029376,4151.772249624705,0.5715622595251655,-0.8070174370146126,2372.996328029376,4151.772249624705,0.5715622595251655,-0.6662547679203428,input_data/ectopic_recombination/JAUEJF010541605.1_De_10_6306.fa.depth.txt,d93c587f9c540a82aea45bc06250a6034ed561f02a53bda44ddea7f62a9c1123,243044,usable,1.0,True,0.5715622595251655,0.0
15,6080,6066,JAUEJF010574816.1_De,15,1000,986,5088,6080,993,11,14,ccag,6081,6084,ccag,,,,,,,,,,,,,,adatsihi,SRX20502416,GCA_032275005.1,JAUEJF010574816.1_De_15_6080,JAUEJF010574816.1_De_15_6080,LTR,Gypsy,unknown,no,-,GAG|Ty3_gypsy RT|Ty3_gypsy RH|Ty3_gypsy INT|Ty3_gypsy,True,5,6066,6066,0,5,0.9949290060851927,1.0,0.9974734714502274,1.0,18.38843813387424,29.24269889224572,23.83476503284487,42.08906288230976,0.5662935546817018,-0.8203779851248415,23.8951367781155,42.08906288230976,0.5677279355192948,-0.6550321537632819,input_data/ectopic_recombination/JAUEJF010574816.1_De_15_6080.fa.depth.txt,d3bdee9cb78b6a4eb95ebbb6a7957c242168ba7e05923e2e6a16d6e48afd4d6e,223437,usable,1.0,True,0.5677279355192948,0.0
15,6533,6519,JAUEJF010603612.1_De,15,586,572,5949,6533,585,11,14,gcaa,6534,6537,gcaa,5927.0,5934.0,ggaaggag,+,15.0,,,,,,,,,adatsihi,SRX20502416,GCA_032275005.1,JAUEJF010603612.1_De_15_6533,JAUEJF010603612.1_De_15_6533,LTR,Gypsy,unknown,yes,+,GAG|Ty3_gypsy PROT|Ty3_gypsy RT|Ty3_gypsy RH|Ty3_gypsy INT|Ty3_gypsy,True,6,6519,6519,0,0,1.0,1.0,1.0,1.0,32.15909090909091,54.63760683760684,43.524632670700086,37.474636329727716,1.1614424296940558,0.21591764450115766,43.524632670700086,37.474636329727716,1.1614424296940558,-0.755552017831404,input_data/ectopic_recombination/JAUEJF010603612.1_De_15_6533.fa.depth.txt,1342fdaf0e697567a6d2be394194c1d3df3a7400357cc099623a6a8ccafbb3f6,240254,usable,1.0,True,1.1614424296940558,0.0
6,5644,5639,JAUEJF010604719.1_De,6,116,111,5530,5644,115,2,5,ggtt,5645,5648,ggtt,89.0,104.0,agagggaagagcaagg,-,27.0,,,,,,,,,adatsihi,SRX20502416,GCA_032275005.1,JAUEJF010604719.1_De_6_5644,JAUEJF010604719.1_De_6_5644,LTR,Gypsy,unknown,no,+,GAG|Ty3_gypsy RT|Ty3_gypsy RH|Ty3_gypsy INT|Ty3_gypsy,True,5,5639,5639,0,0,1.0,1.0,1.0,1.0,2125.972972972973,23315.486956521738,12908.247787610619,2674.6386476999814,4.826165134011986,2.270877280233379,12908.247787610619,2674.6386476999814,4.826165134011986,-3.454785075841385,input_data/ectopic_recombination/JAUEJF010604719.1_De_6_5644.fa.depth.txt,e0cbd9416012c33488f922f4856f08c5c8c383bc371d81596b991d1780830a70,210121,usable,1.0,True,4.826165134011986,0.0
29,5839,5811,JAUEJF010618004.1_De,29,998,970,4842,5839,998,25,28,ctct,5840,5843,ctct,,,,,,,,,,,,,,adatsihi,SRX20502416,GCA_032275005.1,JAUEJF010618004.1_De_29_5839,JAUEJF010618004.1_De_29_5839,LTR,Gypsy,unknown,no,-,PROT|Ty3_gypsy RT|Ty3_gypsy RH|Ty3_gypsy INT|Ty3_gypsy GAG|Ty3_gypsy,True,6,5811,5811,0,0,1.0,1.0,1.0,1.0,118.7340206185567,153.3997995991984,136.3135162601626,195.15326567785584,0.6984946717990289,-0.5176789842611226,136.3135162601626,195.15326567785584,0.6984946717990289,-0.3681954194842001,input_data/ectopic_recombination/JAUEJF010618004.1_De_29_5839.fa.depth.txt,0beace2a83ac3db9ed658ddb909fbed606dbbf4fb6703ad955f3eb092129c896,218990,usable,1.0,True,0.6984946717990289,0.0
14,5649,5636,JAUEJF010630176.1_De,14,966,953,4687,5649,963,10,13,taga,5650,5653,taga,987.0,997.0,aggaggaaaag,-,21.0,,,,,,,,,adatsihi,SRX20502416,GCA_032275005.1,JAUEJF010630176.1_De_14_5649,JAUEJF010630176.1_De_14_5649,LTR,Gypsy,unknown,yes,+,GAG|Ty3_gypsy PROT|Ty3_gypsy RT|Ty3_gypsy RH|Ty3_gypsy INT|Ty3_gypsy,True,6,5636,5636,0,0,1.0,1.0,1.0,1.0,22.900314795383,21.707165109034268,22.30062630480167,25.218548387096774,0.8842946057994331,-0.1774010063583229,22.30062630480167,25.218548387096774,0.8842946057994331,0.07550270284737486,input_data/ectopic_recombination/JAUEJF010630176.1_De_14_5649.fa.depth.txt,4430484861c9f4b4a127b3714a539d9f64b2188d13caf37d9b85293e52adfbb2,207050,usable,1.0,True,0.8842946057994331,0.0
934,6485,5552,JAUEJF010712095.1_De,934,1408,475,6010,6485,476,930,933,ggaa,6486,6489,ggaa,6003.0,6016.0,gagagaagcgggaa,+,6.0,,,,,,,,,adatsihi,SRX20502416,GCA_032275005.1,JAUEJF010712095.1_De_934_6485,JAUEJF010712095.1_De_934_6485,LTR,Gypsy,unknown,no,+,GAG|Ty3_gypsy PROT|Ty3_gypsy INT|Ty3_gypsy RT|Ty3_gypsy RH|Ty3_gypsy,True,6,5552,5552,0,0,1.0,1.0,1.0,1.0,28.28421052631579,17.57563025210084,22.92429022082019,28.42229950010867,0.8065600118221448,-0.3101462142811603,22.92429022082019,28.42229950010867,0.8065600118221448,0.6712316923142253,input_data/ectopic_recombination/JAUEJF010712095.1_De_934_6485.fa.depth.txt,6e9039a1e962b855faa49cd55a96fbefa52ffd974d9871b9b355ab10cd5de331,209762,usable,1.0,True,0.8065600118221448,0.0
757,6455,5699,JAUEJF010726496.1_De,757,1305,549,5907,6455,549,753,756,gagt,6456,6459,gagt,5895.0,5903.0,gggagaggg,+,4.0,,,,,,,,,adatsihi,SRX20502416,GCA_032275005.1,JAUEJF010726496.1_De_757_6455,JAUEJF010726496.1_De_757_6455,LTR,Gypsy,unknown,no,+,GAG|Ty3_gypsy RT|Ty3_gypsy RH|Ty3_gypsy INT|Ty3_gypsy,True,5,5699,5699,0,0,1.0,1.0,1.0,1.0,73.78688524590164,68.06739526411657,70.9271402550091,161.4116496413823,0.43941772736101814,-1.18633502153051,70.9271402550091,161.4116496413823,0.43941772736101814,0.11558481880436466,input_data/ectopic_recombination/JAUEJF010726496.1_De_757_6455.fa.depth.txt,58633ca1c70e584bbcb49757c67f60d2babc38a5a3ba8b95dd34a3b4675dbc00,218274,usable,1.0,True,0.4394177273610181,5.551115123125783e-17
12,5932,5921,JAUEJF010732032.1_De,12,814,803,5123,5932,810,8,11,aaaa,5933,5936,aaaa,5128.0,5135.0,aaaggaag,+,12.0,,,,,,,,,adatsihi,SRX20502416,GCA_032275005.1,JAUEJF010732032.1_De_12_5932,JAUEJF010732032.1_De_12_5932,LTR,Gypsy,unknown,no,+,INT|Ty3_gypsy GAG|Ty3_gypsy RT|Ty3_gypsy RH|Ty3_gypsy,True,5,5921,5921,0,0,1.0,1.0,1.0,1.0,35.41220423412204,27.57777777777778,31.47799132052077,79.28551532033426,0.39702070666175826,-1.332713841626955,31.47799132052077,79.28551532033426,0.39702070666175826,0.3550454483252924,input_data/ectopic_recombination/JAUEJF010732032.1_De_12_5932.fa.depth.txt,2ddfd03f62a932f72990311ba860dd952891628854c5266656841c7253f1065f,218577,usable,1.0,True,0.3970207066617582,5.551115123125783e-17
407,6283,5877,JAUEJF010738675.1_De,407,838,432,5847,6283,437,403,406,gatt,6284,6287,gatt,,,,,,,,,,,,,,adatsihi,SRX20502416,GCA_032275005.1,JAUEJF010738675.1_De_407_6283,JAUEJF010738675.1_De_407_6283,LTR,Gypsy,unknown,no,+,GAG|Ty3_gypsy RT|Ty3_gypsy RH|Ty3_gypsy INT|Ty3_gypsy,True,5,5877,5877,0,0,1.0,1.0,1.0,1.0,2064.4328703703704,3947.5400457665905,3011.403912543153,4201.199680511182,0.7167961871730743,-0.4803651315447575,3011.403912543153,4201.199680511182,0.7167961871730743,-0.9350417420892595,input_data/ectopic_recombination/JAUEJF010738675.1_De_407_6283.fa.depth.txt,ebcb2e3b2c86aae3604ec8e73a3eec4a2f3eff7112abfe7f7cf054356b9d7b0b,232372,usable,1.0,True,0.7167961871730743,0.0
7,6388,6382,JAUEJF010764130.1_De,7,956,950,5457,6388,932,3,6,actt,6389,6392,actt,,,,,,,,,,,,,,adatsihi,SRX20502416,GCA_032275005.1,JAUEJF010764130.1_De_7_6388,JAUEJF010764130.1_De_7_6388,LTR,Gypsy,unknown,no,+,RH|Ty3_gypsy INT|Ty3_gypsy GAG|Ty3_gypsy RT|Ty3_gypsy,True,5,6382,6382,0,12,0.9873684210526316,1.0,0.9936238044633369,1.0,40.94105263157895,43.72103004291846,42.317747077577046,41.29333333333334,1.0248082114363184,0.03535394065850634,42.58930481283422,41.29333333333334,1.0313845208145194,-0.0936719813735438,input_data/ectopic_recombination/JAUEJF010764130.1_De_7_6388.fa.depth.txt,b8f00bc5c7e41980fd2dd864686d75482ee69b942a1ab8729c038aa1ed46a51b,228747,usable,1.0,True,1.0313845208145194,0.0
7,6365,6359,JAUEJF010785170.1_De,7,249,243,6136,6365,230,3,6,atgg,6366,6369,atgg,6148.0,6155.0,ggggggaa,+,19.0,,,,,,,,,adatsihi,SRX20502416,GCA_032275005.1,JAUEJF010785170.1_De_7_6365,JAUEJF010785170.1_De_7_6365,LTR,Gypsy,unknown,no,-,PROT|Bel-Pao RT|Ty3_gypsy RH|Ty3_gypsy INT|Ty3_gypsy,True,5,6359,6359,0,0,1.0,1.0,1.0,1.0,54.58024691358025,16.92608695652174,36.27061310782241,64.7579001019368,0.5600955721344896,-0.8362550718598383,36.27061310782241,64.7579001019368,0.5600955721344896,1.6602863794332863,input_data/ectopic_recombination/JAUEJF010785170.1_De_7_6365.fa.depth.txt,9f5fb92b5e5157d750465901d28caef3e83ee97b0fb5d5280702fe951d89033b,228340,usable,1.0,True,0.5600955721344896,0.0
16,6080,6065,JAUEJF010817210.1_De,16,365,350,5708,6080,373,12,15,gggg,6081,6084,gggg,365.0,379.0,aggaagtaggggaaa,-,0.0,,,,,,,,,adatsihi,SRX20502416,GCA_032275005.1,JAUEJF010817210.1_De_16_6080,JAUEJF010817210.1_De_16_6080,LTR,Gypsy,unknown,no,-,RT|Ty3_gypsy RH|Ty3_gypsy INT|Ty3_gypsy GAG|Ty3_gypsy,True,5,6065,6065,0,0,1.0,1.0,1.0,1.0,11.982857142857142,25.01608579088472,18.706777316735824,42.93017596405841,0.43574890846935577,-1.1984310444155064,18.706777316735824,42.93017596405841,0.43574890846935577,-1.0314588505824982,input_data/ectopic_recombination/JAUEJF010817210.1_De_16_6080.fa.depth.txt,895656c9985b18a26f79a5857309bdfb2c42e0f875dc1ee120a9c36b9a6389ef,223058,usable,1.0,True,0.4357489084693557,5.551115123125783e-17
758,6208,5451,JAUEJF010819858.1_De,758,1035,278,5940,6208,269,754,757,ggtt,6209,6212,ggtt,1026.0,1039.0,aggaatggaggggg,-,9.0,,,,,,,,,adatsihi,SRX20502416,GCA_032275005.1,JAUEJF010819858.1_De_758_6208,JAUEJF010819858.1_De_758_6208,LTR,Gypsy,unknown,no,-,PROT|Ty3_gypsy RT|Ty3_gypsy RH|Ty3_gypsy INT|Ty3_gypsy,True,5,5451,5451,0,0,1.0,1.0,1.0,1.0,6.679856115107913,24.130111524163567,15.261425959780622,128.04119086460034,0.11919153404250289,-3.068646327448437,15.261425959780622,128.04119086460034,0.11919153404250289,-1.778396322590932,input_data/ectopic_recombination/JAUEJF010819858.1_De_758_6208.fa.depth.txt,d4be2552e6eca9aa82dbcc6220ea153782a9791083229dae01b9f4086d984c2b,208638,usable,1.0,True,0.1191915340425028,9.71445146547012e-17
210,6193,5984,JAUEJF010821067.1_De,210,683,474,5733,6193,461,206,209,aaag,6194,6197,aaag,671.0,684.0,gaaggggaaaagga,-,12.0,,,,,,,,,adatsihi,SRX20502416,GCA_032275005.1,JAUEJF010821067.1_De_210_6193,JAUEJF010821067.1_De_210_6193,LTR,Gypsy,unknown,no,+,PROT|Ty3_gypsy RT|Ty3_gypsy RH|Ty3_gypsy INT|Ty3_gypsy GAG|Ty3_gypsy,True,6,5984,5984,0,0,1.0,1.0,1.0,1.0,9.594936708860759,15.310195227765727,12.41283422459893,44.98316498316498,0.27594399436421274,-1.8575526077822933,12.41283422459893,44.98316498316498,0.27594399436421274,-0.6472233169339752,input_data/ectopic_recombination/JAUEJF010821067.1_De_210_6193.fa.depth.txt,ad12b4dff3f31285a121e21819dca742bcb874f11b874ebbc78b771d0965aad9,226117,usable,1.0,True,0.2759439943642127,5.551115123125783e-17
75,6027,5953,JAUEJF010827018.1_De,75,303,229,5803,6027,225,71,74,ccca,6028,6031,ccca,276.0,283.0,aagaaggg,-,27.0,,,,,,,,,adatsihi,SRX20502416,GCA_032275005.1,JAUEJF010827018.1_De_75_6027,JAUEJF010827018.1_De_75_6027,LTR,Gypsy,unknown,no,+,PROT|Ty3_gypsy RT|Ty3_gypsy RH|Ty3_gypsy INT|Ty3_gypsy,True,5,5953,5953,0,0,1.0,1.0,1.0,1.0,127.04366812227074,112.18222222222222,119.6784140969163,116.81796690307328,1.024486363439422,0.034900781294739974,119.6784140969163,116.81796690307328,1.024486363439422,0.17873135773460194,input_data/ectopic_recombination/JAUEJF010827018.1_De_75_6027.fa.depth.txt,e2f993a942d693854b51ff80e1ac824dce8ccf43d6cdbc141c5b1032a51265e9,223073,usable,1.0,True,1.024486363439422,0.0
7,6100,6094,JAUEJF010828119.1_De,7,619,613,5514,6100,587,3,6,ccct,6101,6104,ccct,,,,,,,,,,,,,,adatsihi,SRX20502416,GCA_032275005.1,JAUEJF010828119.1_De_7_6100,JAUEJF010828119.1_De_7_6100,LTR,Gypsy,unknown,no,-,RT|Ty3_gypsy RH|Ty3_gypsy INT|Ty3_gypsy GAG|Ty3_gypsy PROT|Ty3_gypsy,True,6,6094,6094,0,0,1.0,1.0,1.0,1.0,35.14518760195759,73.62862010221465,53.97,46.248671843073154,1.1669524301827772,0.22274575201511515,53.97,46.248671843073154,1.1669524301827772,-1.0563233420597433,input_data/ectopic_recombination/JAUEJF010828119.1_De_7_6100.fa.depth.txt,7df2c12590aa5deb849278d9910bfcbda961b1071861f131e01cea28125abc7f,218321,usable,1.0,True,1.1669524301827772,0.0
16,6314,6299,JASCRE010075447.1_De,16,721,706,5582,6314,733,12,15,aacg,6315,6318,aacg,5572.0,5579.0,agaagaaa,+,3.0,,,,,,,,,aeneus,SRX19953415,GCA_030264635.1,JASCRE010075447.1_De_16_6314,JASCRE010075447.1_De_16_6314,LTR,Gypsy,unknown,no,+,GAG|Ty3_gypsy RT|Ty3_gypsy RH|Ty3_gypsy INT|Ty3_gypsy,True,5,6299,6299,0,8,1.0,0.9890859481582538,0.9944405837387075,1.0,38.655807365439095,38.656207366984994,38.656011118832524,110.08045267489712,0.35116144764589696,-1.5097936279840705,38.872117400419285,110.08045267489712,0.3531246143692842,-1.4737974718026652e-05,input_data/ectopic_recombination/JASCRE010075447.1_De_16_6314.fa.depth.txt,ce5890796cc7e6ef9caa340ac7f8d2d55e61149959b04061b511042c6802a307,233820,usable,1.0,True,0.3531246143692842,0.0
1452,6421,4970,JASCRE010166278.1_De,1452,1623,172,6248,6421,174,1444,1451,gatgatat,6422,6429,gatgatat,1618.0,1630.0,gaagaagggaaga,-,5.0,,,,,,,,,aeneus,SRX19953415,GCA_030264635.1,JASCRE010166278.1_De_1452_6421,JASCRE010166278.1_De_1452_6421,LTR,Gypsy,unknown,no,+,PROT|Ty3_gypsy RT|Ty3_gypsy RH|Ty3_gypsy INT|Ty3_gypsy,True,5,4970,4970,0,0,1.0,1.0,1.0,1.0,38.18023255813954,40.14367816091954,39.16763005780347,60.91198096885813,0.643020132243414,-0.6370641874538097,39.16763005780347,60.91198096885813,0.643020132243414,-0.07143449986266481,input_data/ectopic_recombination/JASCRE010166278.1_De_1452_6421.fa.depth.txt,726ed933b8aa5c25802f543cfa444fd140f45eaa35b512b53bd721567be6d336,192723,usable,1.0,True,0.643020132243414,0.0
1059,6342,5284,JASCRE010166279.1_De,1059,1171,113,6223,6342,120,1055,1058,ggcg,6343,6346,ggcg,6203.0,6212.0,aaaagaaggg,+,11.0,,,,,,,,,aeneus,SRX19953415,GCA_030264635.1,JASCRE010166279.1_De_1059_6342,JASCRE010166279.1_De_1059_6342,LTR,Gypsy,unknown,no,-,GAG|Ty3_gypsy RT|Ty3_gypsy RH|Ty3_gypsy INT|Ty3_gypsy,True,5,5284,5284,0,0,1.0,1.0,1.0,1.0,290.46902654867256,118.13333333333334,201.71244635193133,129.41833300336566,1.5586079782582702,0.6402581063918995,201.71244635193133,129.41833300336566,1.5586079782582702,1.2943561552925784,input_data/ectopic_recombination/JASCRE010166279.1_De_1059_6342.fa.depth.txt,a1c2173b12d77086966dcb63413236775ce1b51a4d9d8d4109af167ac3f07f0b,208246,usable,1.0,True,1.5586079782582702,0.0
608,6272,5665,JASCRE010197306.1_De,608,942,335,5946,6272,327,604,607,ttga,6273,6276,ttga,,,,,,,,,,,,,,aeneus,SRX19953415,GCA_030264635.1,JASCRE010197306.1_De_608_6272,JASCRE010197306.1_De_608_6272,LTR,Gypsy,unknown,no,-,RH|Ty3_gypsy INT|Ty3_gypsy PROT|Ty3_gypsy RT|Ty3_gypsy,True,5,5665,5665,0,0,1.0,1.0,1.0,1.0,27.11044776119403,39.45871559633027,33.209969788519636,51.02618428942635,0.6508417247142936,-0.6196213513925897,33.209969788519636,51.02618428942635,0.6508417247142936,-0.533295926508435,input_data/ectopic_recombination/JASCRE010197306.1_De_608_6272.fa.depth.txt,e716b3e2d34bccf8643c3b5f286214cd6ddb551275bb67fbe0da7bdd2359ead2,214246,usable,1.0,True,0.6508417247142936,0.0
116,6103,5988,JASCRE010202844.1_De,116,892,777,5335,6103,769,111,115,aatta,6104,6108,aatta,,,,,,,,,,,,,,aeneus,SRX19953415,GCA_030264635.1,JASCRE010202844.1_De_116_6103,JASCRE010202844.1_De_116_6103,LTR,Gypsy,unknown,no,-,GAG|Ty3_gypsy INT|Ty3_gypsy RT|Ty3_gypsy RH|Ty3_gypsy,True,5,5988,5988,0,0,1.0,1.0,1.0,1.0,55.795366795366796,20.40962288686606,38.19404915912031,88.19990995047276,0.4330395482327314,-1.2074293068088546,38.19404915912031,88.19990995047276,0.4330395482327314,1.428849148331427,input_data/ectopic_recombination/JASCRE010202844.1_De_116_6103.fa.depth.txt,6404498749dc8601f267ebcec8a21a5b632497f30a40fc1362f220c8c2543569,227924,usable,1.0,True,0.4330395482327314,0.0
20,6259,6240,JASCRE010237193.1_De,20,469,450,5797,6259,463,16,19,ttca,6260,6263,ttca,,,,,,,,,,,,,,aeneus,SRX19953415,GCA_030264635.1,JASCRE010237193.1_De_20_6259,JASCRE010237193.1_De_20_6259,LTR,Gypsy,unknown,no,-,GAG|Ty3_gypsy RT|Ty3_gypsy RH|Ty3_gypsy INT|Ty3_gypsy,True,5,6240,6240,0,0,1.0,1.0,1.0,1.0,124.46666666666667,37.0475161987041,80.13472070098577,144.05894499718417,0.5562634149691441,-0.8461598711549657,80.13472070098577,144.05894499718417,0.5562634149691441,1.734753944444966,input_data/ectopic_recombination/JASCRE010237193.1_De_20_6259.fa.depth.txt,f92ad5768c86c846c438e05b7581a0379e25edaacf8ce7c1abe758731ca362ff,233323,usable,1.0,True,0.5562634149691441,0.0
1028,6219,5192,JASCRE010264885.1_De,1028,1188,161,6062,6219,158,1024,1027,ctga,6220,6223,ctga,,,,,,,,,,,,,,aeneus,SRX19953415,GCA_030264635.1,JASCRE010264885.1_De_1028_6219,JASCRE010264885.1_De_1028_6219,LTR,Gypsy,unknown,yes,+,GAG|Ty3_gypsy PROT|Bel-Pao RT|Ty3_gypsy RH|Ty3_gypsy INT|Ty3_gypsy,True,6,5192,5192,0,0,1.0,1.0,1.0,1.0,73.21739130434783,28.367088607594937,51.00313479623824,103.19023189000616,0.49426320555810116,-1.0166485829770362,51.00313479623824,103.19023189000616,0.49426320555810116,1.3525794062877663,input_data/ectopic_recombination/JASCRE010264885.1_De_1028_6219.fa.depth.txt,e4c51c0ae83ed03d26f47abfd4c5eddc5e296e5e6e116653e3b5588d21579bc2,202841,usable,1.0,True,0.4942632055581011,5.551115123125783e-17
188,5507,5320,JASCRE010388970.1_De,188,309,122,5388,5507,120,184,187,tcag,5508,5511,tcag,5382.0,5392.0,aagaagggaga,+,4.0,,,,,,,,,aeneus,SRX19953415,GCA_030264635.1,JASCRE010388970.1_De_188_5507,JASCRE010388970.1_De_188_5507,LTR,Gypsy,unknown,yes,+,GAG|Ty3_gypsy PROT|Ty3_gypsy RT|Ty3_gypsy RH|Ty3_gypsy INT|Ty3_gypsy,True,6,5320,5320,0,0,1.0,1.0,1.0,1.0,92.98360655737704,257.025,174.32644628099175,285.4031114612052,0.6108077987954519,-0.7112096123012311,174.32644628099175,285.4031114612052,0.6108077987954519,-1.461927194114713,input_data/ectopic_recombination/JASCRE010388970.1_De_188_5507.fa.depth.txt,253039d85e21f9c2984c4dbc9af00ecdf74cdfe27bb537e010928554a9097c3f,205391,usable,1.0,True,0.6108077987954519,0.0
734,6085,5352,JASCRE010413349.1_De,734,912,179,5912,6085,174,730,733,taca,6086,6089,taca,5900.0,5909.0,aaaagagaaa,+,3.0,,,,,,,,,aeneus,SRX19953415,GCA_030264635.1,JASCRE010413349.1_De_734_6085,JASCRE010413349.1_De_734_6085,LTR,Gypsy,unknown,no,+,RT|Ty3_gypsy RH|Ty3_gypsy INT|Ty3_gypsy GAG|Ty3_gypsy,True,5,5352,5352,0,0,1.0,1.0,1.0,1.0,48.12849162011173,38.304597701149426,43.286118980169974,103.12102420484096,0.41976036714090287,-1.2523621379488337,43.286118980169974,103.12102420484096,0.41976036714090287,0.3255742441517975,input_data/ectopic_recombination/JASCRE010413349.1_De_734_6085.fa.depth.txt,11bfd6955c71cd19d5831f00f8a7dec49e01aae44f4bb4b19e78885c73e1b6fa,203698,usable,1.0,True,0.4197603671409028,5.551115123125783e-17
1099,7080,5982,JASCRE010543018.1_De,1099,1548,450,6628,7080,453,1095,1098,ttct,7081,7084,ttct,,,,,,,,,,,,,,aeneus,SRX19953415,GCA_030264635.1,JASCRE010543018.1_De_1099_7080,JASCRE010543018.1_De_1099_7080,LTR,Gypsy,unknown,no,-,RH|Ty3_gypsy INT|Ty3_gypsy GAG|Ty3_gypsy PROT|Ty3_gypsy RT|Ty3_gypsy,True,6,5982,5982,0,0,1.0,1.0,1.0,1.0,50.035555555555554,44.69094922737307,47.35437430786268,43.19078558771412,1.0963999302974687,0.1327741415584314,47.35437430786268,43.19078558771412,1.0963999302974687,0.161264928469311,input_data/ectopic_recombination/JASCRE010543018.1_De_1099_7080.fa.depth.txt,aee41ca848980677dc6cde769193df32ac00262f7082b4a2047ffd10dc94d9e2,232150,usable,1.0,True,1.0963999302974687,0.0
15,5149,5135,JASCRE010572054.1_De,15,220,206,4926,5149,224,11,14,ggtt,5150,5153,ggtt,,,,,,,,,,,,,,aeneus,SRX19953415,GCA_030264635.1,JASCRE010572054.1_De_15_5149,JASCRE010572054.1_De_15_5149,LTR,Gypsy,unknown,yes,-,GAG|Ty3_gypsy PROT|Ty3_gypsy RT|Ty3_gypsy RH|Ty3_gypsy INT|Ty3_gypsy,True,6,5135,5135,0,0,1.0,1.0,1.0,1.0,181.8106796116505,114.20089285714286,146.5906976744186,300.48501594048884,0.48784694709519544,-1.0354994948460028,146.5906976744186,300.48501594048884,0.48784694709519544,0.6685224541020502,input_data/ectopic_recombination/JASCRE010572054.1_De_15_5149.fa.depth.txt,3c9d54eac1bf18b4fe71aa166d908115b14282b8e1d1c86c4be5c6b4f9a0177b,193408,usable,1.0,True,0.4878469470951954,5.551115123125783e-17
209,5647,5439,JASCRE010584081.1_De,209,577,369,5274,5647,374,205,208,aata,5648,5651,aata,,,,,,,,,,,,,,aeneus,SRX19953415,GCA_030264635.1,JASCRE010584081.1_De_209_5647,JASCRE010584081.1_De_209_5647,LTR,Gypsy,unknown,no,-,GAG|Ty3_gypsy RT|Ty3_gypsy RH|Ty3_gypsy INT|Ty3_gypsy,True,5,5439,5439,0,0,1.0,1.0,1.0,1.0,151.73441734417344,176.64171122994654,164.27187079407807,159.04770017035776,1.0328465650124123,0.046625949907728476,164.27187079407807,159.04770017035776,1.0328465650124123,-0.2186093988298492,input_data/ectopic_recombination/JASCRE010584081.1_De_209_5647.fa.depth.txt,eb346f772f8d103e5717e56b533591417db969919abb303b9c4f113bea714535,209777,usable,1.0,True,1.0328465650124123,0.0
198,5596,5399,JASCRE010588827.1_De,198,411,214,5381,5596,216,194,197,aaat,5597,5600,aaat,,,,,,,,,,,,,,aeneus,SRX19953415,GCA_030264635.1,JASCRE010588827.1_De_198_5596,JASCRE010588827.1_De_198_5596,LTR,Gypsy,unknown,yes,-,GAG|Ty3_gypsy PROT|Ty3_gypsy RT|Ty3_gypsy RH|Ty3_gypsy INT|Ty3_gypsy,True,6,5399,5399,0,0,1.0,1.0,1.0,1.0,28.322429906542055,41.199074074074076,34.7906976744186,35.00623867981485,0.9938427830716777,-0.008910446341263235,34.7906976744186,35.00623867981485,0.9938427830716777,-0.5328233804253694,input_data/ectopic_recombination/JASCRE010588827.1_De_198_5596.fa.depth.txt,6703b3767294c68c084a8d38533c1f527d1174981a46f1aa1fa3fe50ee54c715,204012,usable,1.0,True,0.9938427830716776,1.1102230246251565e-16
5280,10623,5344,JASCRE010624447.1_De,5280,5514,235,10394,10623,230,5276,5279,aagc,10624,10627,aagc,10394.0,10409.0,aataggaaaacaaaaa,+,15.0,,,,,,,,,aeneus,SRX19953415,GCA_030264635.1,JASCRE010624447.1_De_5280_10623,JASCRE010624447.1_De_5280_10623,LTR,Gypsy,unknown,yes,-,GAG|Ty3_gypsy PROT|Bel-Pao RT|Ty3_gypsy RH|Ty3_gypsy INT|Ty3_gypsy,True,6,5344,5344,0,104,1.0,0.9826086956521739,0.9913978494623656,0.9795039967206395,36.259574468085106,15.495652173913044,25.989247311827956,46.15576962492314,0.5630768920770918,-0.8285961490584074,26.21475054229935,47.121573550952085,0.5563216286475153,1.2004402508236676,input_data/ectopic_recombination/JASCRE010624447.1_De_5280_10623.fa.depth.txt,4e6ecdbbe3e4bd2da329c3ef2b3f2e4ee3ea100f84048b8be17731ac4ba56a38,212588,usable,1.0,True,0.5563216286475153,0.0
289,5481,5193,JASCRE010626105.1_De,289,584,296,5209,5481,273,285,288,tttg,5482,5485,tttg,,,,,,,,,,,,,,aeneus,SRX19953415,GCA_030264635.1,JASCRE010626105.1_De_289_5481,JASCRE010626105.1_De_289_5481,LTR,Gypsy,unknown,no,+,RT|Ty3_gypsy RH|Ty3_gypsy INT|Ty3_gypsy GAG|Ty3_gypsy PROT|Ty3_gypsy,True,6,5193,5193,0,0,1.0,1.0,1.0,1.0,71.90202702702703,71.64102564102564,71.77680140597539,143.17063148788927,0.5013374646744291,-0.9961460449275086,71.77680140597539,143.17063148788927,0.5013374646744291,0.0052101544494647855,input_data/ectopic_recombination/JASCRE010626105.1_De_289_5481.fa.depth.txt,b3f78e27e51248a468ac6e42018c9207b46d2b523e7333da3a7932308384811c,199894,usable,1.0,True,0.5013374646744291,0.0
9,5345,5337,JASCRE010651372.1_De,9,527,519,4823,5345,523,5,8,atta,5346,5349,atta,500.0,507.0,ggggagtg,-,27.0,,,,,,,,,aeneus,SRX19953415,GCA_030264635.1,JASCRE010651372.1_De_9_5345,JASCRE010651372.1_De_9_5345,LTR,Gypsy,unknown,no,+,INT|Ty3_gypsy GAG|Ty3_gypsy PROT|Ty3_gypsy RT|Ty3_gypsy RH|Ty3_gypsy,True,6,5337,5337,0,0,1.0,1.0,1.0,1.0,48.67052023121387,85.49521988527725,67.15355086372361,82.0302677532014,0.8186435653942237,-0.2886926507965688,67.15355086372361,82.0302677532014,0.8186435653942237,-0.8064628494967084,input_data/ectopic_recombination/JASCRE010651372.1_De_9_5345.fa.depth.txt,ad6e86e6641dc9e8046aaec75118feab7b76a270307e2b68c5b5700c03c56118,192538,usable,1.0,True,0.8186435653942237,0.0
1197,6809,5613,JASCRE010717173.1_De,1197,1372,176,6627,6809,183,1193,1196,gttg,6810,6813,gttg,,,,,,,,,,,,,,aeneus,SRX19953415,GCA_030264635.1,JASCRE010717173.1_De_1197_6809,JASCRE010717173.1_De_1197_6809,LTR,Gypsy,unknown,no,-,GAG|Ty3_gypsy RT|Ty3_gypsy RH|Ty3_gypsy INT|Ty3_gypsy,True,5,5613,5613,0,2,1.0,0.9890710382513661,0.9944289693593314,1.0,1966.3579545454545,4257.234972677596,3134.1309192200556,4525.111153406928,0.6926086040694024,-0.5298877850721803,3151.6890756302523,4525.111153406928,0.6964887643162899,-1.1141933797744932,input_data/ectopic_recombination/JASCRE010717173.1_De_1197_6809.fa.depth.txt,ec4589b3738ce9868effd0f99f262dc7a31207b88c3ca7198bae6bf1a8fc5c51,229447,usable,1.0,True,0.6964887643162899,0.0
16,6540,6525,JASCRE010800034.1_De,16,998,983,5549,6540,992,12,15,gggt,6541,6544,gggt,,,,,,,,,,,,,,aeneus,SRX19953415,GCA_030264635.1,JASCRE010800034.1_De_16_6540,JASCRE010800034.1_De_16_6540,LTR,Gypsy,unknown,no,-,PROT|Ty3_gypsy RT|Ty3_gypsy RH|Ty3_gypsy INT|Ty3_gypsy,True,5,6525,6525,0,0,1.0,1.0,1.0,1.0,19.187182095625637,19.48891129032258,19.33873417721519,60.604395604395606,0.31909788034933495,-1.6479290695345044,19.33873417721519,60.604395604395606,0.31909788034933495,-0.021943269494284712,input_data/ectopic_recombination/JASCRE010800034.1_De_16_6540.fa.depth.txt,7873ef656a9f5ac2b8ddd68c2919cb19b0e7dde0bb06f7c5c222dea80a571e0b,240604,usable,1.0,True,0.3190978803493349,5.551115123125783e-17
12,5371,5360,JASCRE010964681.1_De,12,248,237,5126,5371,246,8,11,aatt,5372,5375,aatt,,,,,,,,,,,,,,aeneus,SRX19953415,GCA_030264635.1,JASCRE010964681.1_De_12_5371,JASCRE010964681.1_De_12_5371,LTR,Gypsy,unknown,no,-,GAG|Ty3_gypsy RT|Ty3_gypsy RH|Ty3_gypsy INT|Ty3_gypsy,True,5,5360,5360,0,0,1.0,1.0,1.0,1.0,475.210970464135,744.1260162601626,612.1739130434783,371.3081812589707,1.6486949222821314,0.7213244643728455,612.1739130434783,371.3081812589707,1.6486949222821314,-0.646430726992138,input_data/ectopic_recombination/JASCRE010964681.1_De_12_5371.fa.depth.txt,ef9fc6549f97d9957c6083e7a9a8ef1bd6a374e8ddf438d4d642a3f24f6e7344,202618,usable,1.0,True,1.6486949222821314,0.0
1585,6610,5026,JASCRE010989012.1_De,1585,1812,228,6397,6610,214,1581,1584,agag,6611,6614,agag,1806.0,1819.0,ggaaggaagggaga,-,6.0,,,,,,,,,aeneus,SRX19953415,GCA_030264635.1,JASCRE010989012.1_De_1585_6610,JASCRE010989012.1_De_1585_6610,LTR,Gypsy,unknown,yes,+,GAG|Ty3_gypsy PROT|Ty3_gypsy RT|Ty3_gypsy RH|Ty3_gypsy INT|Ty3_gypsy,True,6,5026,5026,0,0,1.0,1.0,1.0,1.0,99.52631578947368,352.01869158878503,221.7737556561086,211.0104712041885,1.0510082954201112,0.07177405627842315,221.7737556561086,211.0104712041885,1.0510082954201112,-1.8173201488749195,input_data/ectopic_recombination/JASCRE010989012.1_De_1585_6610.fa.depth.txt,147df417beaca444643a2a2243af866ebeabe7f0529e8e482c456fad3a485560,199778,usable,1.0,True,1.0510082954201112,0.0
853,7076,6224,JASCRE011115130.1_De,853,972,120,6958,7076,119,849,852,ttct,7077,7080,ttct,,,,,,,,,,,,,,aeneus,SRX19953415,GCA_030264635.1,JASCRE011115130.1_De_853_7076,JASCRE011115130.1_De_853_7076,LTR,Gypsy,unknown,yes,-,GAG|Ty3_gypsy PROT|Ty3_gypsy RT|Ty3_gypsy RH|Ty3_gypsy INT|Ty3_gypsy,True,6,6224,6224,0,0,1.0,1.0,1.0,1.0,245.70833333333334,100.61344537815125,173.46443514644352,179.5187969924812,0.9662744963342682,-0.04949501116216946,173.46443514644352,179.5187969924812,0.9662744963342682,1.283904743308741,input_data/ectopic_recombination/JASCRE011115130.1_De_853_7076.fa.depth.txt,994e784dd4c773678d8e45e881eed008f35baebfdeee81e4dbfeb0ebecf92ea5,241545,usable,1.0,True,0.9662744963342682,0.0
686,7024,6339,JASCRE011146105.1_De,686,953,268,6767,7024,258,682,685,catc,7025,7028,catc,939.0,949.0,aggggaggggg,-,14.0,,,,,,,,,aeneus,SRX19953415,GCA_030264635.1,JASCRE011146105.1_De_686_7024,JASCRE011146105.1_De_686_7024,LTR,Gypsy,unknown,yes,+,GAG|Ty3_gypsy PROT|Bel-Pao RT|Ty3_gypsy RH|Ty3_gypsy INT|Ty3_gypsy,True,6,6339,6339,0,1,0.996268656716418,1.0,0.9980988593155894,1.0,32.332089552238806,48.03488372093023,40.034220532319395,103.44933769138139,0.38699349290908747,-1.369618786467844,40.11047619047619,103.44933769138139,0.3877306233717714,-0.5639154644373975,input_data/ectopic_recombination/JASCRE011146105.1_De_686_7024.fa.depth.txt,6766b18d8509c176888259c177eafef83947a170e2611fd20b957dd86dc55b5a,241927,usable,1.0,True,0.3877306233717714,0.0
7,5509,5503,JASCRE011189249.1_De,7,167,161,5331,5509,179,3,6,aggt,5510,5513,aggt,158.0,171.0,agaaagagtagggg,-,9.0,,,,,,,,,aeneus,SRX19953415,GCA_030264635.1,JASCRE011189249.1_De_7_5509,JASCRE011189249.1_De_7_5509,LTR,Gypsy,unknown,no,-,RT|Ty3_gypsy RH|Ty3_gypsy INT|Ty3_gypsy GAG|Ty3_gypsy,True,5,5503,5503,0,0,1.0,1.0,1.0,1.0,17.993788819875775,8.87709497206704,13.194117647058823,48.147201239589386,0.27403706357514845,-1.8675570636727672,13.194117647058823,48.147201239589386,0.27403706357514845,0.9798278702035653,input_data/ectopic_recombination/JASCRE011189249.1_De_7_5509.fa.depth.txt,58af72a44e3dc50e1ecc5185537c283b3a2cd5d96f7c1bc37591545c83b50c1a,197200,usable,1.0,True,0.2740370635751484,5.551115123125783e-17
9,5424,5416,JASCRE011193669.1_De,9,124,116,5291,5424,134,5,8,acct,5425,5428,acct,97.0,106.0,agaaggggag,-,27.0,,,,,,,,,aeneus,SRX19953415,GCA_030264635.1,JASCRE011193669.1_De_9_5424,JASCRE011193669.1_De_9_5424,LTR,Gypsy,unknown,no,+,GAG|Ty3_gypsy PROT|Ty3_gypsy INT|Ty3_gypsy RT|Ty3_gypsy RH|Ty3_gypsy,True,6,5416,5416,0,0,1.0,1.0,1.0,1.0,29.025862068965516,24.395522388059703,26.544,28.706155632984903,0.9246797216378054,-0.11297434441238192,26.544,28.706155632984903,0.9246797216378054,0.24609289462078804,input_data/ectopic_recombination/JASCRE011193669.1_De_9_5424.fa.depth.txt,82fd36de93fad8e69664671c00a79c8796b81904853cd5803347a8e05ead2d72,193858,usable,1.0,True,0.9246797216378054,0.0
1248,7391,6144,JASCRE011243490.1_De,1248,2115,868,6528,7391,864,1244,1247,aagt,7392,7395,aagt,2102.0,2111.0,gggaagaaaa,-,13.0,,,,,,,,,aeneus,SRX19953415,GCA_030264635.1,JASCRE011243490.1_De_1248_7391,JASCRE011243490.1_De_1248_7391,LTR,Gypsy,unknown,yes,+,GAG|Ty3_gypsy PROT|Ty3_gypsy RT|Ty3_gypsy RH|Ty3_gypsy INT|Ty3_gypsy,True,6,6144,6144,0,0,1.0,1.0,1.0,1.0,175.16244239631337,311.5740740740741,243.2107390300231,422.0344514959202,0.5762817186320965,-0.795153841008937,243.2107390300231,422.0344514959202,0.5762817186320965,-0.8290827405026517,input_data/ectopic_recombination/JASCRE011243490.1_De_1248_7391.fa.depth.txt,c074342e98ac19f6b368011dbb309927ca5149722d20375ef5293e63e0e13061,244417,usable,1.0,True,0.5762817186320965,0.0
661,6680,6020,JASCRE011395148.1_De,661,1034,374,6308,6680,373,657,660,actg,6681,6684,actg,,,,,,,,,,,,,,aeneus,SRX19953415,GCA_030264635.1,JASCRE011395148.1_De_661_6680,JASCRE011395148.1_De_661_6680,LTR,Gypsy,unknown,no,-,RT|Ty3_gypsy RH|Ty3_gypsy INT|Ty3_gypsy GAG|Ty3_gypsy,True,5,6020,6020,0,0,1.0,1.0,1.0,1.0,45.788770053475936,14.083109919571045,29.957161981258366,65.17068082685378,0.4596723802970373,-1.1213221113638863,29.957161981258366,65.17068082685378,0.4596723802970373,1.6663638147980082,input_data/ectopic_recombination/JASCRE011395148.1_De_661_6680.fa.depth.txt,70ffb219fae52c572779880c5ca8274dbe4f6aabe5775a771682be675c0582d8,228277,usable,1.0,True,0.4596723802970373,0.0
925,6677,5753,JASCRE011400692.1_De,925,1099,175,6515,6677,163,921,924,ctgg,6678,6681,ctgg,6509.0,6519.0,ggagggggagg,+,4.0,,,,,,,,,aeneus,SRX19953415,GCA_030264635.1,JASCRE011400692.1_De_925_6677,JASCRE011400692.1_De_925_6677,LTR,Gypsy,unknown,no,+,GAG|Ty3_gypsy RT|Ty3_gypsy RH|Ty3_gypsy INT|Ty3_gypsy,True,5,5753,5753,0,0,1.0,1.0,1.0,1.0,807.2114285714285,2604.447852760736,1673.9260355029585,5244.374330563251,0.3191850790946834,-1.6475348832370096,1673.9260355029585,5244.374330563251,0.3191850790946834,-1.6893426343216664,input_data/ectopic_recombination/JASCRE011400692.1_De_925_6677.fa.depth.txt,4f7e434632953af38178a1a7cb2e6b05a201120f163284fa747b288f3bfb62cb,228116,usable,1.0,True,0.3191850790946834,0.0
1343,7662,6320,JAUCMQ010000064.1_De,1343,1716,374,7283,7662,380,1339,1342,ttca,7663,7666,ttca,,,,,,,,,,,,,,amphileucus,SRX20502537,GCA_032360725.1,JAUCMQ010000064.1_De_1343_7662,JAUCMQ010000064.1_De_1343_7662,LTR,Gypsy,unknown,no,-,GAG|Ty3_gypsy RT|Ty3_gypsy RH|Ty3_gypsy INT|Ty3_gypsy,True,5,6320,6320,0,0,1.0,1.0,1.0,1.0,38.17379679144385,93.91052631578947,66.26392572944297,64.04455623427955,1.0346535228856113,0.049147729560142184,66.26392572944297,64.04455623427955,1.0346535228856113,-1.2875913144147189,input_data/ectopic_recombination/JAUCMQ010000064.1_De_1343_7662.fa.depth.txt,b2a35f29f12e9b1d086e77a650b37b084014cdf8ac64b2cc972bd2b7b38c7e90,246173,usable,1.0,True,1.0346535228856113,0.0
290,6170,5881,JAUCMQ010000073.1_De,290,730,441,5731,6170,440,286,289,cgtc,6171,6174,cgtc,5734.0,5747.0,gagagagacggaga,+,16.0,,,,,,,,,amphileucus,SRX20502537,GCA_032360725.1,JAUCMQ010000073.1_De_290_6170,JAUCMQ010000073.1_De_290_6170,LTR,Gypsy,unknown,no,+,GAG|Ty3_gypsy RT|Ty3_gypsy RH|Ty3_gypsy INT|Ty3_gypsy,True,5,5881,5881,0,0,1.0,1.0,1.0,1.0,50.941043083900226,46.527272727272724,48.7366628830874,51.973,0.9377304154674042,-0.09275486742247839,48.7366628830874,51.973,0.9377304154674042,0.12942222908705195,input_data/ectopic_recombination/JAUCMQ010000073.1_De_290_6170.fa.depth.txt,b3a2745a358e0f61180ab5c4eb05db4676d6a6c9f8d142ee23540447b040feaa,222632,usable,1.0,True,0.9377304154674042,0.0
6,6197,6192,JAUCMQ010000102.1_De,6,780,775,5410,6197,788,2,5,caag,6198,6201,caag,,,,,,,,,,,,,,amphileucus,SRX20502537,GCA_032360725.1,JAUCMQ010000102.1_De_6_6197,JAUCMQ010000102.1_De_6_6197,LTR,Gypsy,unknown,yes,-,GAG|Ty3_gypsy PROT|Ty3_gypsy RT|Ty3_gypsy RH|Ty3_gypsy INT|Ty3_gypsy,True,6,6192,6192,0,0,1.0,1.0,1.0,1.0,67.79741935483871,48.66243654822335,58.150351887396035,85.6951825448261,0.6785720055731056,-0.559426181864602,58.150351887396035,85.6951825448261,0.6785720055731056,0.4742746475922848,input_data/ectopic_recombination/JAUCMQ010000102.1_De_6_6197.fa.depth.txt,62b5e0ce594b766698118be6e74af8add079b89b5ffd59d87e4a9eaf040b1edb,223695,usable,1.0,True,0.6785720055731056,0.0
3390,9494,6105,JAUCMQ010000165.1_De,3390,4049,660,8843,9494,652,3386,3389,ttcc,9495,9498,ttcc,,,,,,,,,,,,,,amphileucus,SRX20502537,GCA_032360725.1,JAUCMQ010000165.1_De_3390_9494,JAUCMQ010000165.1_De_3390_9494,LTR,Gypsy,unknown,no,-,RT|Ty3_gypsy RH|Ty3_gypsy INT|Ty3_gypsy GAG|Ty3_gypsy,True,5,6105,6105,0,0,1.0,1.0,1.0,1.0,55.64242424242424,64.44478527607362,60.016768292682926,51.91112038389318,1.1561447306250925,0.20932201123410527,60.016768292682926,51.91112038389318,1.1561447306250925,-0.21012232842673725,input_data/ectopic_recombination/JAUCMQ010000165.1_De_3390_9494.fa.depth.txt,65565946a1e2ca7c28d71d8a9ad88e1f08a264e916a370c4aad6e0e0cfd199ec,237243,usable,1.0,True,1.1561447306250925,0.0
3172,8646,5475,JAUCMQ010000273.1_De,3172,3329,158,8489,8646,158,3168,3171,atgt,8647,8650,atgt,8481.0,8490.0,ggaggggggg,+,1.0,,,,,,,,,amphileucus,SRX20502537,GCA_032360725.1,JAUCMQ010000273.1_De_3172_8646,JAUCMQ010000273.1_De_3172_8646,LTR,Gypsy,unknown,no,+,GAG|Ty3_gypsy RT|Ty3_gypsy RH|Ty3_gypsy INT|Ty3_gypsy,True,5,5475,5475,0,0,1.0,1.0,1.0,1.0,536.5379746835443,257.9240506329114,397.2310126582278,1059.4138398914517,0.37495358065071943,-1.4152160942394434,397.2310126582278,1059.4138398914517,0.37495358065071943,1.0552837638211108,input_data/ectopic_recombination/JAUCMQ010000273.1_De_3172_8646.fa.depth.txt,fece44aaa5f88aaafb97de84a43219f29032341717594307c12d7afcf3f2cc31,218461,usable,1.0,True,0.3749535806507194,5.551115123125783e-17
5,7094,7090,JAUCMQ010000392.1_De,5,999,995,6103,7094,992,1,4,tccc,7095,7098,tccc,,,,,,,,,,,,,,amphileucus,SRX20502537,GCA_032360725.1,JAUCMQ010000392.1_De_5_7094,JAUCMQ010000392.1_De_5_7094,LTR,Gypsy,unknown,no,+,RT|Ty3_gypsy RH|Ty3_gypsy INT|Ty3_gypsy GAG|Ty3_gypsy PROT|Ty3_gypsy,True,6,7090,7090,0,0,1.0,1.0,1.0,1.0,61.90854271356784,181.98689516129033,121.85707096124811,57.48775230256712,2.1197049124463088,1.0838634388537374,121.85707096124811,57.48775230256712,2.1197049124463088,-1.5479774350030242,input_data/ectopic_recombination/JAUCMQ010000392.1_De_5_7094.fa.depth.txt,32c56ff3812dd2e59adc12f9180c59770e82d37e90da0fffe413c055af860e8c,254289,usable,1.0,True,2.1197049124463088,0.0
2464,7953,5490,JAUCMQ010000403.1_De,2464,2939,476,7499,7953,455,2460,2463,ccac,7954,7957,ccac,,,,,,,,,,,,,,amphileucus,SRX20502537,GCA_032360725.1,JAUCMQ010000403.1_De_2464_7953,JAUCMQ010000403.1_De_2464_7953,LTR,Gypsy,unknown,yes,-,GAG|Ty3_gypsy PROT|Ty3_gypsy RT|Ty3_gypsy RH|Ty3_gypsy INT|Ty3_gypsy,True,6,5490,5490,0,0,1.0,1.0,1.0,1.0,14.823529411764707,27.872527472527473,21.200859291084853,42.09936389559114,0.5035909650241798,-0.9896756951341228,21.200859291084853,42.09936389559114,0.5035909650241798,-0.888746047899878,input_data/ectopic_recombination/JAUCMQ010000403.1_De_2464_7953.fa.depth.txt,c1b9bbd6b5c3febc9f6ee397d662c65226f46a3306a8783773a6d82ea61ffb28,212793,usable,1.0,True,0.5035909650241798,0.0
31,6524,6494,JAUCMQ010000405.1_De,31,996,966,5531,6524,994,27,30,cacc,6525,6528,cacc,,,,,,,,,,,,,,amphileucus,SRX20502537,GCA_032360725.1,JAUCMQ010000405.1_De_31_6524,JAUCMQ010000405.1_De_31_6524,LTR,Gypsy,unknown,yes,-,GAG|Ty3_gypsy PROT|Ty3_gypsy RT|Ty3_gypsy RH|Ty3_gypsy INT|Ty3_gypsy,True,6,6494,6494,0,0,1.0,1.0,1.0,1.0,2063.3788819875776,2936.622736418511,2506.2382653061222,1205.8504631671813,2.0783988909565587,1.0554725660697655,2506.2382653061222,1205.8504631671813,2.0783988909565587,-0.5090452450402279,input_data/ectopic_recombination/JAUCMQ010000405.1_De_31_6524.fa.depth.txt,c59ca2115024aff5c79be49cc07134af96feef4777664625ef185b583185f1de,247894,usable,1.0,True,2.0783988909565587,0.0
161,5975,5815,JAUCMQ010000426.1_De,161,809,649,5332,5975,644,157,160,gaga,5976,5979,gaga,5325.0,5332.0,gagaaaaa,+,0.0,,,,,,,,,amphileucus,SRX20502537,GCA_032360725.1,JAUCMQ010000426.1_De_161_5975,JAUCMQ010000426.1_De_161_5975,LTR,Gypsy,unknown,yes,+,GAG|Ty3_gypsy PROT|Ty3_gypsy RT|Ty3_gypsy RH|Ty3_gypsy INT|Ty3_gypsy,True,6,5815,5815,0,0,1.0,1.0,1.0,1.0,19.70724191063174,38.81832298136646,29.225831399845323,58.760504201680675,0.4973720324035171,-1.0076027088587776,29.225831399845323,58.760504201680675,0.4973720324035171,-0.9603293671654981,input_data/ectopic_recombination/JAUCMQ010000426.1_De_161_5975.fa.depth.txt,392eda1a04b3a829964db5047bfbf67e6523a6ad63b8e20d5febffd198b3a5e2,220277,usable,1.0,True,0.4973720324035171,0.0
133,6603,6471,JAUCMQ010000661.1_De,133,792,660,5943,6603,661,129,132,tctg,6604,6607,tctg,,,,,,,,,,,,,,amphileucus,SRX20502537,GCA_032360725.1,JAUCMQ010000661.1_De_133_6603,JAUCMQ010000661.1_De_133_6603,LTR,Gypsy,unknown,no,-,GAG|Ty3_gypsy RT|Ty3_gypsy RH|Ty3_gypsy INT|Ty3_gypsy,True,5,6471,6471,0,0,1.0,1.0,1.0,1.0,34.42575757575757,33.78517397881997,34.105223315669946,45.34990291262136,0.7520462255758898,-0.4111067529851445,34.105223315669946,45.34990291262136,0.7520462255758898,0.026706566395944778,input_data/ectopic_recombination/JAUCMQ010000661.1_De_133_6603.fa.depth.txt,9e199d4862df7fc97514e58f764b5dd4d33a4f38a366f3e03595a435b6f56db9,245020,usable,1.0,True,0.7520462255758898,0.0
21,6348,6328,JAUCMQ010000701.1_De,21,997,977,5349,6348,1000,17,20,gtcg,6349,6352,gtcg,,,,,,,,,,,,,,amphileucus,SRX20502537,GCA_032360725.1,JAUCMQ010000701.1_De_21_6348,JAUCMQ010000701.1_De_21_6348,LTR,Gypsy,unknown,no,-,PROT|Ty3_gypsy RT|Ty3_gypsy RH|Ty3_gypsy INT|Ty3_gypsy,True,5,6328,6328,0,0,1.0,1.0,1.0,1.0,240.68270214943706,90.418,164.67627718765806,129.52378763502642,1.2713979431460476,0.34641565956920506,164.67627718765806,129.52378763502642,1.2713979431460476,1.4074885860644761,input_data/ectopic_recombination/JAUCMQ010000701.1_De_21_6348.fa.depth.txt,85bdb605617ad0af032624eaf4c45cf8542671d5f8c5013d5d110a2325f04bc4,236620,usable,1.0,True,1.2713979431460476,0.0
12,5135,5124,JAUCMQ010000854.1_De,12,472,461,4680,5135,456,8,11,agag,5136,5139,agag,4670.0,4681.0,gataaggaaaag,+,1.0,,,,,,,,,amphileucus,SRX20502537,GCA_032360725.1,JAUCMQ010000854.1_De_12_5135,JAUCMQ010000854.1_De_12_5135,LTR,Gypsy,unknown,yes,+,GAG|Ty3_gypsy PROT|Ty3_gypsy RT|Ty3_gypsy RH|Ty3_gypsy INT|Ty3_gypsy,True,6,5124,5124,0,0,1.0,1.0,1.0,1.0,12.188720173535792,21.844298245614034,16.99018538713195,21.93368195864036,0.7746162007441248,-0.36844641989756666,16.99018538713195,21.93368195864036,0.7746162007441248,-0.816360174056792,input_data/ectopic_recombination/JAUCMQ010000854.1_De_12_5135.fa.depth.txt,cf1c41ba5e4d6778d88681f328e949940e62c02e8f70815aff2ee935d3d7f0d8,187788,usable,1.0,True,0.7746162007441248,0.0
1581,6844,5264,JAUCMQ010000880.1_De,1581,1745,165,6680,6844,165,1577,1580,aaat,6845,6848,aaat,1759.0,1768.0,agaggagaaa,-,14.0,,,,,,,,,amphileucus,SRX20502537,GCA_032360725.1,JAUCMQ010000880.1_De_1581_6844,JAUCMQ010000880.1_De_1581_6844,LTR,Gypsy,unknown,no,-,GAG|Ty3_gypsy RT|Ty3_gypsy RH|Ty3_gypsy INT|Ty3_gypsy,True,5,5264,5264,0,0,1.0,1.0,1.0,1.0,34.46060606060606,81.23030303030303,57.845454545454544,79.48338062423997,0.7277679194210502,-0.4584496374316479,57.845454545454544,79.48338062423997,0.7277679194210502,-1.225140888646722,input_data/ectopic_recombination/JAUCMQ010000880.1_De_1581_6844.fa.depth.txt,924e7403cd32398c79fc5fc7d2cbc614dc46de54aa1ada7e3dd209bb29b9263a,204986,usable,1.0,True,0.7277679194210502,0.0
986,6435,5450,JAUCMQ010001175.1_De,986,1371,386,6059,6435,377,982,985,aacc,6436,6439,aacc,6062.0,6071.0,aaaaagggag,+,12.0,,,,,,,,,amphileucus,SRX20502537,GCA_032360725.1,JAUCMQ010001175.1_De_986_6435,JAUCMQ010001175.1_De_986_6435,LTR,Gypsy,unknown,no,-,GAG|Ty3_gypsy RT|Ty3_gypsy RH|Ty3_gypsy INT|Ty3_gypsy,True,5,5450,5450,0,0,1.0,1.0,1.0,1.0,63.04145077720207,42.355437665782496,52.82044560943643,57.16535097077021,0.9239940752999939,-0.11404449385503507,52.82044560943643,57.16535097077021,0.9239940752999939,0.5682197592638406,input_data/ectopic_recombination/JAUCMQ010001175.1_De_986_6435.fa.depth.txt,8ad70ebc0b38bc5cd3f061ffe3e70a68388a3982b380ba75654f287e857eba7a,206341,usable,1.0,True,0.923994075299994,1.1102230246251565e-16
1022,6406,5385,JAUCMQ010001200.1_De,1022,1326,305,6116,6406,291,1018,1021,cttt,6407,6410,cttt,,,,,,,,,,,,,,amphileucus,SRX20502537,GCA_032360725.1,JAUCMQ010001200.1_De_1022_6406,JAUCMQ010001200.1_De_1022_6406,LTR,Gypsy,unknown,no,+,PROT|Ty3_gypsy RT|Ty3_gypsy RH|Ty3_gypsy INT|Ty3_gypsy,True,5,5385,5385,0,29,0.9770491803278688,0.9243986254295533,0.9513422818791947,1.0,13.963934426229509,17.374570446735394,15.629194630872483,53.56608895385258,0.29177404839724447,-1.7770765252490883,16.428571428571427,53.56608895385258,0.30669723605777366,-0.30544852986875753,input_data/ectopic_recombination/JAUCMQ010001200.1_De_1022_6406.fa.depth.txt,c98c19201e9c75ae9e3c88e2af0fdb60583bc9c5b83b196f33a46cebdb890210,208993,usable,1.0,True,0.3066972360577736,5.551115123125783e-17
8,6331,6324,JAUCMQ010001257.1_De,8,344,337,5996,6331,336,4,7,tacc,6332,6335,tacc,,,,,,,,,,,,,,amphileucus,SRX20502537,GCA_032360725.1,JAUCMQ010001257.1_De_8_6331,JAUCMQ010001257.1_De_8_6331,LTR,Gypsy,unknown,no,-,RT|Ty3_gypsy RH|Ty3_gypsy INT|Ty3_gypsy GAG|Ty3_gypsy PROT|Ty3_gypsy,True,6,6324,6324,0,0,1.0,1.0,1.0,1.0,40.15727002967359,15.955357142857142,28.074294205052006,48.84250575119448,0.5747922587768837,-0.7988874629797366,28.074294205052006,48.84250575119448,0.5747922587768837,1.304956008644554,input_data/ectopic_recombination/JAUCMQ010001257.1_De_8_6331.fa.depth.txt,dfd777c8afa00087553e6c1ca9b67d20086bbbeb92aabebacb24387b638da930,226697,usable,1.0,True,0.5747922587768837,0.0
476,6312,5837,JAUCMQ010001279.1_De,476,1029,554,5777,6312,536,472,475,tcag,6313,6316,tcag,,,,,,,,,,,,,,amphileucus,SRX20502537,GCA_032360725.1,JAUCMQ010001279.1_De_476_6312,JAUCMQ010001279.1_De_476_6312,LTR,Gypsy,unknown,no,+,PROT|Ty3_gypsy RT|Ty3_gypsy RH|Ty3_gypsy INT|Ty3_gypsy,True,5,5837,5837,0,27,0.9512635379061372,1.0,0.9752293577981651,1.0,63.00361010830325,33.524253731343286,48.507339449541284,101.38845586686328,0.478430596805202,-1.063618438529413,49.73941674506115,101.38845586686328,0.4905826439488901,0.9002750909723896,input_data/ectopic_recombination/JAUCMQ010001279.1_De_476_6312.fa.depth.txt,9d9dfd61bea51d36c89c5dd0acc0c2a5474161dd40be07390d91fd1deb192c4a,222429,usable,1.0,True,0.4905826439488901,0.0
10,6276,6267,JAUCMQ010001306.1_De,10,320,311,5960,6276,317,6,9,ggag,6277,6280,ggag,326.0,334.0,ggggggaag,-,6.0,,,,,,,,,amphileucus,SRX20502537,GCA_032360725.1,JAUCMQ010001306.1_De_10_6276,JAUCMQ010001306.1_De_10_6276,LTR,Gypsy,unknown,no,+,RH|Ty3_gypsy INT|Ty3_gypsy GAG|Ty3_gypsy PROT|Ty3_gypsy RT|Ty3_gypsy,True,6,6267,6267,0,12,1.0,1.0,1.0,0.9978719631140273,24.565916398713828,38.041009463722396,31.36783439490446,44.2440148962582,0.7089735067772364,-0.49619637765561836,31.36783439490446,44.338368580060425,0.707464785003637,-0.6206673797361727,input_data/ectopic_recombination/JAUCMQ010001306.1_De_10_6276.fa.depth.txt,d68d21d1a5e06e5fd1966559737b197ea9e2fded88b87acfcf4e81f9261ddcf1,230848,usable,1.0,True,0.707464785003637,0.0
327,5845,5519,JAUCMQ010001728.1_De,327,1240,914,4924,5845,922,323,326,tggt,5846,5849,tggt,1213.0,1221.0,agaggtgga,-,27.0,,,,,,,,,amphileucus,SRX20502537,GCA_032360725.1,JAUCMQ010001728.1_De_327_5845,JAUCMQ010001728.1_De_327_5845,LTR,Gypsy,unknown,yes,+,GAG|Ty3_gypsy PROT|Ty3_gypsy RT|Ty3_gypsy RH|Ty3_gypsy INT|Ty3_gypsy,True,6,5519,5519,0,0,1.0,1.0,1.0,1.0,33.5492341356674,37.536876355748376,35.55174291938998,54.65598696714635,0.6504638355677319,-0.620459246549138,35.55174291938998,54.65598696714635,0.6504638355677319,-0.15977642654503624,input_data/ectopic_recombination/JAUCMQ010001728.1_De_327_5845.fa.depth.txt,5f1fa6906e23be31cc83452be510af43c20336f5ff5c86b77a62a176df55aca9,208618,usable,1.0,True,0.6504638355677319,0.0
6,5745,5740,JAUCMQ010001801.1_De,6,237,232,5531,5745,215,2,5,gaga,5746,5749,gaga,230.0,238.0,gggaaaaaa,-,7.0,,,,,,,,,amphileucus,SRX20502537,GCA_032360725.1,JAUCMQ010001801.1_De_6_5745,JAUCMQ010001801.1_De_6_5745,LTR,Gypsy,unknown,yes,-,GAG|Ty3_gypsy PROT|Ty3_gypsy RT|Ty3_gypsy RH|Ty3_gypsy INT|Ty3_gypsy,True,6,5740,5740,0,0,1.0,1.0,1.0,1.0,1372.051724137931,5559.781395348838,3386.2841163310964,2739.8154165879464,1.235953376942537,0.3056243224312574,3386.2841163310964,2739.8154165879464,1.235953376942537,-2.018297379150396,input_data/ectopic_recombination/JAUCMQ010001801.1_De_6_5745.fa.depth.txt,5f2e81b743d0dcf20d247f7865e8cb74de11cc3c7e7bf4a3d6b2413e88642984,216319,usable,1.0,True,1.235953376942537,0.0
624,5710,5087,JAUCMQ010001870.1_De,624,778,155,5564,5710,147,620,623,gccc,5711,5714,gccc,,,,,,,,,,,,,,amphileucus,SRX20502537,GCA_032360725.1,JAUCMQ010001870.1_De_624_5710,JAUCMQ010001870.1_De_624_5710,LTR,Gypsy,unknown,yes,-,GAG|Ty3_gypsy PROT|Ty3_gypsy RT|Ty3_gypsy RH|Ty3_gypsy INT|Ty3_gypsy,True,6,5087,5087,0,0,1.0,1.0,1.0,1.0,24.587096774193547,55.714285714285715,39.73841059602649,106.58244514106583,0.37284198672146457,-1.4233637600453541,39.73841059602649,106.58244514106583,0.37284198672146457,-1.163991285277424,input_data/ectopic_recombination/JAUCMQ010001870.1_De_624_5710.fa.depth.txt,8694cf3156ce319d3eb1fcda6e074240baf6bc1298c4a98ae81d5a552d869652,194953,usable,1.0,True,0.3728419867214645,5.551115123125783e-17
76,5601,5526,JAUCMQ010002003.1_De,76,321,246,5365,5601,237,72,75,atcc,5602,5605,atcc,,,,,,,,,,,,,,amphileucus,SRX20502537,GCA_032360725.1,JAUCMQ010002003.1_De_76_5601,JAUCMQ010002003.1_De_76_5601,LTR,Gypsy,unknown,no,-,GAG|Ty3_gypsy RT|Ty3_gypsy RH|Ty3_gypsy INT|Ty3_gypsy,True,5,5526,5526,0,0,1.0,1.0,1.0,1.0,16.65447154471545,14.147679324894515,15.424430641821946,30.93020027761253,0.49868512015378846,-1.0037989386070232,15.424430641821946,30.93020027761253,0.49868512015378846,0.2279125710529173,input_data/ectopic_recombination/JAUCMQ010002003.1_De_76_5601.fa.depth.txt,302ee61ed7cacae2e957bd99093a499ba2a4bdd231598cd2ccff078cfa846e6b,203275,usable,1.0,True,0.4986851201537884,5.551115123125783e-17
6,5543,5538,JAUCMQ010002076.1_De,6,245,240,5311,5543,233,2,5,accc,5544,5547,accc,,,,,,,,,,,,,,amphileucus,SRX20502537,GCA_032360725.1,JAUCMQ010002076.1_De_6_5543,JAUCMQ010002076.1_De_6_5543,LTR,Gypsy,unknown,yes,-,GAG|Ty3_gypsy PROT|Ty3_gypsy RT|Ty3_gypsy RH|Ty3_gypsy INT|Ty3_gypsy,True,6,5538,5538,0,0,1.0,1.0,1.0,1.0,70.62916666666666,60.141630901287556,65.46300211416491,88.11786771964462,0.7429027030300106,-0.42875481958475836,65.46300211416491,88.11786771964462,0.7429027030300106,0.23013270735270325,input_data/ectopic_recombination/JAUCMQ010002076.1_De_6_5543.fa.depth.txt,0c469602fa15e839e03a05d2a362ac2e9794c624a84b4af184c576334120534e,200006,usable,1.0,True,0.7429027030300106,0.0
99,5258,5160,JAUCMQ010002399.1_De,99,216,118,5148,5258,111,95,98,ctgt,5259,5262,ctgt,5133.0,5140.0,gaaaggga,+,8.0,,,,,,,,,amphileucus,SRX20502537,GCA_032360725.1,JAUCMQ010002399.1_De_99_5258,JAUCMQ010002399.1_De_99_5258,LTR,Gypsy,unknown,yes,+,GAG|Ty3_gypsy PROT|Ty3_gypsy RT|Ty3_gypsy RH|Ty3_gypsy INT|Ty3_gypsy,True,6,5160,5160,0,0,1.0,1.0,1.0,1.0,34.855932203389834,28.01801801801802,31.541484716157207,36.33279253701075,0.8681271797103725,-0.20402168344240676,31.541484716157207,36.33279253701075,0.8681271797103725,0.3100785792845962,input_data/ectopic_recombination/JAUCMQ010002399.1_De_99_5258.fa.depth.txt,3e1439e98f1db3c6545ca38e0c3402d3821cc5fbf19c6a08c44f9c38ea2048bc,189779,usable,1.0,True,0.8681271797103725,0.0
8,5263,5256,JAUCMQ010002504.1_De,8,180,173,5090,5263,174,4,7,ggag,5264,5267,ggag,160.0,179.0,gggagaagaagaataaaagg,-,20.0,,,,,,,,,amphileucus,SRX20502537,GCA_032360725.1,JAUCMQ010002504.1_De_8_5263,JAUCMQ010002504.1_De_8_5263,LTR,Gypsy,unknown,no,+,GAG|Ty3_gypsy INT|Ty3_gypsy RT|Ty3_gypsy RH|Ty3_gypsy,True,5,5256,5256,0,3,0.9826589595375722,1.0,0.9913544668587896,1.0,13.479768786127167,16.977011494252874,15.23342939481268,23.067427174577308,0.6603870158351034,-0.5986163398307041,15.366279069767442,23.067427174577308,0.6661462049266886,-0.32211801037293164,input_data/ectopic_recombination/JAUCMQ010002504.1_De_8_5263.fa.depth.txt,e9aec5a15187d39fded12bc012d52b138bcec2529d9c76de195b208e244abb84,187814,usable,1.0,True,0.6661462049266886,0.0
11,6939,6929,JAVSBX010118635.1_De,11,874,864,6087,6939,853,7,10,gggt,6940,6943,gggt,,,,,,,,,,,,,,anicetus,SRX21425396,GCA_033119125.1,JAVSBX010118635.1_De_11_6939,JAVSBX010118635.1_De_11_6939,LTR,Gypsy,unknown,no,-,RT|Ty3_gypsy RH|Ty3_gypsy INT|Ty3_gypsy GAG|Ty3_gypsy PROT|Ty3_gypsy,True,6,6929,6929,0,0,1.0,1.0,1.0,1.0,75.05208333333333,178.67760844079717,126.53290623179966,101.4336147352264,1.2474454998186775,0.31897678641713784,126.53290623179966,101.4336147352264,1.2474454998186775,-1.2458469141330808,input_data/ectopic_recombination/JAVSBX010118635.1_De_11_6939.fa.depth.txt,5241a87d8f46238e549c2e9cf12cbed3d6f30ced5bdff2da2414bbfe648d5439,259098,usable,1.0,True,1.2474454998186777,2.220446049250313e-16
19,6027,6009,JAVSBX010148532.1_De,19,649,631,5384,6027,644,15,18,cttc,6028,6031,cttc,5370.0,5379.0,gagaaagaaa,+,5.0,,,,,,,,,anicetus,SRX21425396,GCA_033119125.1,JAVSBX010148532.1_De_19_6027,JAVSBX010148532.1_De_19_6027,LTR,Gypsy,unknown,no,-,GAG|Ty3_gypsy PROT|Ty3_gypsy INT|Ty3_gypsy RT|Ty3_gypsy RH|Ty3_gypsy,True,6,6009,6009,0,0,1.0,1.0,1.0,1.0,28.358161648177497,26.650621118012424,27.495686274509804,30.73869877482045,0.8944974045886694,-0.1608507986274934,27.495686274509804,30.73869877482045,0.8944974045886694,0.08799419615343008,input_data/ectopic_recombination/JAVSBX010148532.1_De_19_6027.fa.depth.txt,e9c0f30eb66e0248352533e67bea221a859481779fd245710889cf7334461326,221171,usable,1.0,True,0.8944974045886694,0.0
579,6049,5471,JAVSBX010219422.1_De,579,709,131,5911,6049,139,575,578,ttgt,6050,6053,ttgt,,,,,,,,,,,,,,anicetus,SRX21425396,GCA_033119125.1,JAVSBX010219422.1_De_579_6049,JAVSBX010219422.1_De_579_6049,LTR,Gypsy,unknown,no,-,PROT|Ty3_gypsy RT|Ty3_gypsy RH|Ty3_gypsy INT|Ty3_gypsy,True,5,5471,5471,0,0,1.0,1.0,1.0,1.0,27.709923664122137,31.35251798561151,29.585185185185185,33.403960776773694,0.8856789583394624,-0.17514425067331585,29.585185185185185,33.403960776773694,0.8856789583394624,-0.17520466202344195,input_data/ectopic_recombination/JAVSBX010219422.1_De_579_6049.fa.depth.txt,f8e29a3cc30665e1e9c0e17ae876c2ac68ed59ecfc563cc6c9e60f95ff06d60b,206592,usable,1.0,True,0.8856789583394624,0.0
5714,11652,5939,JAVSBX010221637.1_De,5714,6542,829,10811,11652,842,5710,5713,gcaa,11653,11656,gcaa,,,,,,,,,,,,,,anicetus,SRX21425396,GCA_033119125.1,JAVSBX010221637.1_De_5714_11652,JAVSBX010221637.1_De_5714_11652,LTR,Gypsy,unknown,no,+,INT|Ty3_gypsy GAG|Ty3_gypsy RT|Ty3_gypsy RH|Ty3_gypsy,True,5,5939,5939,0,0,1.0,1.0,1.0,1.0,15.301568154402895,20.965558194774346,18.155595451825253,40.0541237113402,0.4532765610519399,-1.141536533549652,18.155595451825253,40.0541237113402,0.4532765610519399,-0.4419559502290708,input_data/ectopic_recombination/JAVSBX010221637.1_De_5714_11652.fa.depth.txt,4520f3133d3ef7d80902b915a88604f2439aeff625a4c93cf959dedc99667c09,236426,usable,1.0,True,0.4532765610519399,0.0
511,6276,5766,JAVSBX010371213.1_De,511,664,154,6136,6276,141,507,510,ctgg,6277,6280,ctgg,,,,,,,,,,,,,,anicetus,SRX21425396,GCA_033119125.1,JAVSBX010371213.1_De_511_6276,JAVSBX010371213.1_De_511_6276,LTR,Gypsy,unknown,no,-,GAG|Ty3_gypsy RT|Ty3_gypsy RH|Ty3_gypsy INT|Ty3_gypsy,True,5,5766,5766,0,0,1.0,1.0,1.0,1.0,22.792207792207794,14.198581560283689,18.684745762711863,45.74026686163407,0.4084966495546229,-1.2916038492967044,18.684745762711863,45.74026686163407,0.4084966495546229,0.664170455278304,input_data/ectopic_recombination/JAVSBX010371213.1_De_511_6276.fa.depth.txt,44ef8396fc69ecc29c9c4481038567f6a25c8f1fbf52d5c0fbfbe1384585fe52,218366,usable,1.0,True,0.4084966495546229,0.0
1404,6765,5362,JAVSBX010418969.1_De,1404,1533,130,6632,6765,134,1400,1403,tttg,6766,6769,tttg,6617.0,6628.0,gagggaagggag,+,4.0,,,,,,,,,anicetus,SRX21425396,GCA_033119125.1,JAVSBX010418969.1_De_1404_6765,JAVSBX010418969.1_De_1404_6765,LTR,Gypsy,unknown,yes,+,GAG|Ty3_gypsy PROT|Ty3_gypsy RT|Ty3_gypsy RH|Ty3_gypsy INT|Ty3_gypsy,True,6,5362,5362,0,0,1.0,1.0,1.0,1.0,12.384615384615385,16.559701492537314,14.503787878787879,49.85916045508042,0.29089514838210656,-1.7814288598566497,14.503787878787879,49.85916045508042,0.29089514838210656,-0.4049429305526633,input_data/ectopic_recombination/JAVSBX010418969.1_De_1404_6765.fa.depth.txt,0f892b287b1ac4ef8933cc0653b440a12516e8ebd5bd7c75ae1af1e8b9700717,207651,usable,1.0,True,0.2908951483821065,5.551115123125783e-17
694,12586,11893,JAVSBX010450629.1_De,694,1682,989,11601,12586,986,690,693,acag,12587,12590,acag,,,,,,,,,,,,,,anicetus,SRX21425396,GCA_033119125.1,JAVSBX010450629.1_De_694_12586,JAVSBX010450629.1_De_694_12586,LTR,Gypsy,unknown,no,+,INT|Ty3_gypsy GAG|Ty3_gypsy RT|Ty3_gypsy RH|Ty3_gypsy,True,5,11893,11893,0,0,1.0,1.0,1.0,1.0,1088.8958543983822,886.0578093306289,987.6308860759493,967.8107481347046,1.0204793529927672,0.02924699311411038,987.6308860759493,967.8107481347046,1.0204793529927672,0.29724166985424155,input_data/ectopic_recombination/JAVSBX010450629.1_De_694_12586.fa.depth.txt,ad08d1622a61e22e9e9cfce55e920576c7cee592a7de15147488b57d2f4f1e97,479965,usable,1.0,True,1.0204793529927672,0.0
689,6415,5727,JAVSBX010452065.1_De,689,873,185,6236,6415,180,685,688,aagt,6416,6419,aagt,867.0,875.0,aagaaaaag,-,6.0,,,,,,,,,anicetus,SRX21425396,GCA_033119125.1,JAVSBX010452065.1_De_689_6415,JAVSBX010452065.1_De_689_6415,LTR,Gypsy,unknown,yes,+,GAG|Ty3_gypsy PROT|Ty3_gypsy RT|Ty3_gypsy RH|Ty3_gypsy INT|Ty3_gypsy,True,6,5727,5727,0,0,1.0,1.0,1.0,1.0,5.8,31.91111111111111,18.676712328767124,38.30622901902275,0.4875633234347429,-1.0363384904405917,18.676712328767124,38.30622901902275,0.4875633234347429,-2.363064745955949,input_data/ectopic_recombination/JAVSBX010452065.1_De_689_6415.fa.depth.txt,d486c96ee049d12d31384a8dda19355bfad0f1041888f2162ad29374099b9692,216043,usable,1.0,True,0.4875633234347429,0.0
735,6244,5510,JAVSBX010457249.1_De,735,914,180,6070,6244,175,731,734,acag,6245,6248,acag,6079.0,6088.0,ggagaaagga,+,18.0,,,,,,,,,anicetus,SRX21425396,GCA_033119125.1,JAVSBX010457249.1_De_735_6244,JAVSBX010457249.1_De_735_6244,LTR,Gypsy,unknown,yes,+,GAG|Ty3_gypsy PROT|Ty3_gypsy RT|Ty3_gypsy RH|Ty3_gypsy INT|Ty3_gypsy,True,6,5510,5510,0,0,1.0,1.0,1.0,1.0,56.36666666666667,82.71428571428571,69.35492957746479,135.85664403491757,0.5105008302695844,-0.9700147874085012,69.35492957746479,135.85664403491757,0.5105008302695844,-0.5492479817742667,input_data/ectopic_recombination/JAVSBX010457249.1_De_735_6244.fa.depth.txt,793c949916d1ac8997e1d520e0cdd918355e252d9b15ee815022e39b76b2c88c,212750,usable,1.0,True,0.5105008302695844,0.0
11,5857,5847,JAVSBX010462219.1_De,11,765,755,5093,5857,765,7,10,ggtc,5858,5861,ggtc,,,,,,,,,,,,,,anicetus,SRX21425396,GCA_033119125.1,JAVSBX010462219.1_De_11_5857,JAVSBX010462219.1_De_11_5857,LTR,Gypsy,unknown,no,-,INT|Ty3_gypsy GAG|Ty3_gypsy PROT|Bel-Pao RT|Ty3_gypsy RH|Ty3_gypsy,True,6,5847,5847,0,0,1.0,1.0,1.0,1.0,29.32317880794702,17.149019607843137,23.196052631578947,42.89530852784839,0.5407596641138427,-0.8869405515387028,23.196052631578947,42.89530852784839,0.5407596641138427,0.7568459956178566,input_data/ectopic_recombination/JAVSBX010462219.1_De_11_5857.fa.depth.txt,2cf24b8e14fcab2085e906b738b364e07c3e30bc6347f555c50b505f53c27856,215270,usable,1.0,True,0.5407596641138427,0.0
15,5666,5652,JAVSBX010470942.1_De,15,401,387,5268,5666,399,11,14,cacc,5667,5670,cacc,,,,,,,,,,,,,,anicetus,SRX21425396,GCA_033119125.1,JAVSBX010470942.1_De_15_5666,JAVSBX010470942.1_De_15_5666,LTR,Gypsy,unknown,yes,-,GAG|Ty3_gypsy PROT|Ty3_gypsy RT|Ty3_gypsy RH|Ty3_gypsy INT|Ty3_gypsy,True,6,5652,5652,0,0,1.0,1.0,1.0,1.0,39.42635658914729,41.32832080200501,40.391857506361326,58.61446773530621,0.6891107104949695,-0.5371923142057078,40.391857506361326,58.61446773530621,0.6891107104949695,-0.06713865482202179,input_data/ectopic_recombination/JAVSBX010470942.1_De_15_5666.fa.depth.txt,249b8d476e8793babfc3751d6fac0bb362f296e0046748c4233271fbb4f77d8b,208327,usable,1.0,True,0.6891107104949695,0.0
507,11633,11127,JAVSBX010485954.1_De,507,672,166,11478,11633,156,503,506,gcag,11634,11637,gcag,11477.0,11486.0,agggggggaa,+,8.0,,,,,,,,,anicetus,SRX21425396,GCA_033119125.1,JAVSBX010485954.1_De_507_11633,JAVSBX010485954.1_De_507_11633,LTR,Gypsy,unknown,no,+,GAG|Ty3_gypsy RT|Ty3_gypsy RH|Ty3_gypsy INT|Ty3_gypsy,True,5,11127,11127,0,0,1.0,1.0,1.0,1.0,6.686746987951807,13.878205128205128,10.170807453416149,24.472836649699214,0.41559577252934243,-1.2667471157702919,10.170807453416149,24.472836649699214,0.41559577252934243,-1.0004727898757206,input_data/ectopic_recombination/JAVSBX010485954.1_De_507_11633.fa.depth.txt,29abe5b3f65e707bde192ddce5882cf889021adf1879168f1d1f74650f5cf3a9,433478,usable,1.0,True,0.4155957725293424,5.551115123125783e-17
21,5400,5380,JAVSBX010489815.1_De,21,483,463,4912,5400,489,17,20,tgga,5401,5404,tgga,470.0,479.0,gaaaggatgg,-,13.0,,,,,,,,,anicetus,SRX21425396,GCA_033119125.1,JAVSBX010489815.1_De_21_5400,JAVSBX010489815.1_De_21_5400,LTR,Gypsy,unknown,no,+,PROT|Ty3_gypsy RT|Ty3_gypsy RH|Ty3_gypsy INT|Ty3_gypsy,True,5,5380,5380,0,0,1.0,1.0,1.0,1.0,8.863930885529157,13.167689161554192,11.074579831932773,18.548554652213188,0.5970589104963696,-0.7440548088111044,11.074579831932773,18.548554652213188,0.5970589104963696,-0.5455831514746664,input_data/ectopic_recombination/JAVSBX010489815.1_De_21_5400.fa.depth.txt,6593720397ae60da83c79f46aa40a9dcdc87f031c569ec6bb27128525555a058,196572,usable,1.0,True,0.5970589104963696,0.0
30,6045,6016,JAVSBX010495216.1_De,30,835,806,5251,6045,795,26,29,ttcg,6046,6049,ttcg,,,,,,,,,,,,,,anicetus,SRX21425396,GCA_033119125.1,JAVSBX010495216.1_De_30_6045,JAVSBX010495216.1_De_30_6045,LTR,Gypsy,unknown,no,-,INT|Ty3_gypsy GAG|Ty3_gypsy PROT|Ty3_gypsy RT|Ty3_gypsy RH|Ty3_gypsy,True,6,6016,6016,0,54,0.9330024813895782,1.0,0.9662710805746408,1.0,17.327543424317618,8.481761006289307,12.935040599625234,24.134088335220838,0.5359655778150143,-0.8997877477682354,13.38655462184874,24.134088335220838,0.5546741370923323,0.9890376787367373,input_data/ectopic_recombination/JAVSBX010495216.1_De_30_6045.fa.depth.txt,2ed2eb7fbdf933910f2fcf981209fd17157d362b22f6e87dfa23567241069906,220141,usable,1.0,True,0.5546741370923323,0.0
718,5095,4378,JAVSBX010532419.1_De,718,972,255,4839,5095,257,714,717,ttac,5096,5099,ttac,975.0,985.0,aagggggaaga,-,3.0,,,,,,,,,anicetus,SRX21425396,GCA_033119125.1,JAVSBX010532419.1_De_718_5095,JAVSBX010532419.1_De_718_5095,LTR,Gypsy,unknown,no,+,PROT|Ty3_gypsy RT|Ty3_gypsy RH|Ty3_gypsy INT|Ty3_gypsy,True,5,4378,4378,0,0,1.0,1.0,1.0,1.0,508.2627450980392,258.49805447470817,382.892578125,177.6557165028453,2.1552505354865272,1.1078555840684978,382.892578125,177.6557165028453,2.1552505354865272,0.9740517702123441,input_data/ectopic_recombination/JAVSBX010532419.1_De_718_5095.fa.depth.txt,ebd6b8c1271ccf497acb7ff4a8940de937405281902cfaa30ae2ea697f9bb66e,168992,usable,1.0,True,2.1552505354865272,0.0
4915,11053,6139,JAVSBX010536723.1_De,4915,5542,628,10406,11053,648,4911,4914,cccg,11054,11057,cccg,,,,,,,,,,,,,,anicetus,SRX21425396,GCA_033119125.1,JAVSBX010536723.1_De_4915_11053,JAVSBX010536723.1_De_4915_11053,LTR,Gypsy,unknown,no,+,GAG|Ty3_gypsy RT|Ty3_gypsy RH|Ty3_gypsy INT|Ty3_gypsy,True,5,6139,6139,0,0,1.0,1.0,1.0,1.0,5648.995222929936,3059.152777777778,4333.777429467084,5371.130577832613,0.8068650290039817,-0.309600732749971,4333.777429467084,5371.130577832613,0.8068650290039817,0.8847540307182026,input_data/ectopic_recombination/JAVSBX010536723.1_De_4915_11053.fa.depth.txt,2f9c33d9c9406e689c2a0dc8b47552b82ae848e07358f6cb32d19c70b5a19528,255058,usable,1.0,True,0.8068650290039817,0.0
28,5729,5702,JAVSBX010538155.1_De,28,950,923,4795,5729,935,24,27,cttc,5730,5733,cttc,963.0,972.0,gaaaaagaag,-,13.0,,,,,,,,,anicetus,SRX21425396,GCA_033119125.1,JAVSBX010538155.1_De_28_5729,JAVSBX010538155.1_De_28_5729,LTR,Gypsy,unknown,no,+,PROT|Ty3_gypsy RT|Ty3_gypsy RH|Ty3_gypsy INT|Ty3_gypsy,True,5,5702,5702,0,0,1.0,1.0,1.0,1.0,69.61863488624051,42.68449197860963,56.06458557588805,108.85249739854318,0.5150509810594239,-0.9572128538897573,56.06458557588805,108.85249739854318,0.5150509810594239,0.6992845911845035,input_data/ectopic_recombination/JAVSBX010538155.1_De_28_5729.fa.depth.txt,bc4e2b54a7bcf6256155b654dd35370b19da041cf469ebcf748ae8c00c2763fe,212218,usable,1.0,True,0.5150509810594239,0.0
1501,7994,6494,JAVSBX010563189.1_De,1501,1945,445,7555,7994,440,1497,1500,tcct,7995,7998,tcct,,,,,,,,,,,,,,anicetus,SRX21425396,GCA_033119125.1,JAVSBX010563189.1_De_1501_7994,JAVSBX010563189.1_De_1501_7994,LTR,Gypsy,unknown,no,+,GAG|Ty3_gypsy RT|Ty3_gypsy RH|Ty3_gypsy INT|Ty3_gypsy,True,5,6494,6494,0,0,1.0,1.0,1.0,1.0,529.7887640449438,113.08181818181818,322.6124293785311,688.7794615796042,0.46838276599983353,-1.0942401015930463,322.6124293785311,688.7794615796042,0.46838276599983353,2.2230462691786426,input_data/ectopic_recombination/JAVSBX010563189.1_De_1501_7994.fa.depth.txt,f85753298767ee3d4bc9c657d30f7e27bac3c7e7fef8b659dca8e9c10d46b02f,257668,usable,1.0,True,0.4683827659998335,5.551115123125783e-17
11,5327,5317,JAVSBX010605487.1_De,11,141,131,5184,5327,144,7,10,tcag,5328,5331,tcag,,,,,,,,,,,,,,anicetus,SRX21425396,GCA_033119125.1,JAVSBX010605487.1_De_11_5327,JAVSBX010605487.1_De_11_5327,LTR,Gypsy,unknown,no,+,GAG|Ty3_gypsy RT|Ty3_gypsy RH|Ty3_gypsy INT|Ty3_gypsy,True,5,5317,5317,0,0,1.0,1.0,1.0,1.0,31.68702290076336,24.680555555555557,28.01818181818182,104.34510115033717,0.26851458774105835,-1.8969276264532382,28.01818181818182,104.34510115033717,0.26851458774105835,0.3541690292622033,input_data/ectopic_recombination/JAVSBX010605487.1_De_11_5327.fa.depth.txt,8df6c769e8974cc9f28939f50afbd615602df18eeafdc1f4d17b3134f1890308,198380,usable,1.0,True,0.2685145877410583,5.551115123125783e-17
4155,10005,5851,JAVSBX010636053.1_De,4155,4935,781,9227,10005,779,4151,4154,tacg,10006,10009,tacg,,,,,,,,,,,,,,anicetus,SRX21425396,GCA_033119125.1,JAVSBX010636053.1_De_4155_10005,JAVSBX010636053.1_De_4155_10005,LTR,Gypsy,unknown,no,+,PROT|Ty3_gypsy RT|Ty3_gypsy RH|Ty3_gypsy INT|Ty3_gypsy,True,5,5851,5851,0,0,1.0,1.0,1.0,1.0,137.08450704225353,81.96405648267009,109.55961538461538,158.94639944068982,0.6892865504984094,-0.5368242294604642,109.55961538461538,158.94639944068982,0.6892865504984094,0.738480686266139,input_data/ectopic_recombination/JAVSBX010636053.1_De_4155_10005.fa.depth.txt,6d4b56e0af7c55d88d5f0638ab9f3c903fe1f03f85300b6f36be5952a1f952fb,236659,usable,1.0,True,0.6892865504984094,0.0
367,6028,5662,JAVSBX010680221.1_De,367,546,180,5842,6028,187,363,366,caat,6029,6032,caat,565.0,576.0,aggagacggaag,-,19.0,,,,,,,,,anicetus,SRX21425396,GCA_033119125.1,JAVSBX010680221.1_De_367_6028,JAVSBX010680221.1_De_367_6028,LTR,Gypsy,unknown,no,-,RT|Ty3_gypsy RH|Ty3_gypsy INT|Ty3_gypsy GAG|Ty3_gypsy,True,5,5662,5662,0,0,1.0,1.0,1.0,1.0,198.17222222222222,647.1283422459893,426.93188010899183,3177.154296506138,0.1343755575794608,-2.8956573538376995,426.93188010899183,3177.154296506138,0.1343755575794608,-1.7047759506553402,input_data/ectopic_recombination/JAVSBX010680221.1_De_367_6028.fa.depth.txt,f0395f931ba6cc95f714ed061b43f853dae5c24c50494261efe6d714048fa65d,221541,usable,1.0,True,0.1343755575794608,0.0
2441,7488,5048,JAVSBX010895734.1_De,2441,3309,869,6625,7488,864,2437,2440,ctgc,7489,7492,ctgc,,,,,,,,,,,,,,anicetus,SRX21425396,GCA_033119125.1,JAVSBX010895734.1_De_2441_7488,JAVSBX010895734.1_De_2441_7488,LTR,Gypsy,unknown,no,-,GAG|Ty3_gypsy RT|Ty3_gypsy RH|Ty3_gypsy INT|Ty3_gypsy,True,5,5048,5048,0,100,1.0,1.0,1.0,0.9698340874811463,51.43153049482164,24.00810185185185,37.75937680323139,62.34389140271493,0.605662815612871,-0.7234132543696169,37.75937680323139,64.28304821150856,0.5873924441011705,1.0833519922363972,input_data/ectopic_recombination/JAVSBX010895734.1_De_2441_7488.fa.depth.txt,ec7185cc8a5ca78b65dfa0ced47c3198d7d845839e6502d4784a9be92f09828a,195704,usable,1.0,True,0.5873924441011705,0.0
2010,7660,5651,JAVSBX010910095.1_De,2010,2521,512,7145,7660,516,2006,2009,aaag,7661,7664,aaag,,,,,,,,,,,,,,anicetus,SRX21425396,GCA_033119125.1,JAVSBX010910095.1_De_2010_7660,JAVSBX010910095.1_De_2010_7660,LTR,Gypsy,unknown,no,+,INT|Ty3_gypsy GAG|Ty3_gypsy RT|Ty3_gypsy RH|Ty3_gypsy,True,5,5651,5651,0,3,1.0,0.9941860465116279,0.9970817120622568,1.0,27.888671875,29.618217054263567,28.7568093385214,64.32532987237724,0.4470526524399563,-1.161483337437174,28.840975609756097,64.32532987237724,0.44836109922758544,-0.08532101138001548,input_data/ectopic_recombination/JAVSBX010910095.1_De_2010_7660.fa.depth.txt,2d26b1efd40402e688b1c6e78918d2f73e98153f60825656d79662ec586580c9,219699,usable,1.0,True,0.4483610992275854,5.551115123125783e-17
6,5906,5901,JAVSBX011139120.1_De,6,798,793,5108,5906,799,2,5,aact,5907,5910,aact,5097.0,5110.0,agggaggtgaaaaa,+,2.0,,,,,,,,,anicetus,SRX21425396,GCA_033119125.1,JAVSBX011139120.1_De_6_5906,JAVSBX011139120.1_De_6_5906,LTR,Gypsy,unknown,no,-,PROT|Ty3_gypsy RT|Ty3_gypsy RH|Ty3_gypsy INT|Ty3_gypsy,True,5,5901,5901,0,0,1.0,1.0,1.0,1.0,45.50945775535939,50.37046307884856,47.949120603015075,45.272685077744256,1.0591181088701658,0.08286348222922063,47.949120603015075,45.272685077744256,1.0591181088701658,-0.14489777360231185,input_data/ectopic_recombination/JAVSBX011139120.1_De_6_5906.fa.depth.txt,28260aa10ab7b0d61c2029621bb34fcf377d16fe8cd211ef9af3a9812bc9dea1,211275,usable,1.0,True,1.0591181088701658,0.0
1984,11710,9727,JAVSBX011226549.1_De,1984,2552,569,11142,11710,569,1980,1983,ggga,11711,11714,ggga,,,,,,,,,,,,,,anicetus,SRX21425396,GCA_033119125.1,JAVSBX011226549.1_De_1984_11710,JAVSBX011226549.1_De_1984_11710,LTR,Retrovirus,unknown,unknown,+,PROT|Ty3_gypsy RT|Retrovirus RH|Retrovirus INT|Retrovirus,True,5,9727,9727,0,0,1.0,1.0,1.0,1.0,128.37434094903338,84.2671353251318,106.3207381370826,127.95843520782397,0.8309005808362813,-0.2672522293418995,106.3207381370826,127.95843520782397,0.8309005808362813,0.6043881121427881,input_data/ectopic_recombination/JAVSBX011226549.1_De_1984_11710.fa.depth.txt,65b47f2aefd965b82234f64b929528c37b75e1f9394fa5a8b194be6f97eebcc2,393907,usable,1.0,True,0.8309005808362813,0.0
78,6210,6133,JAVSBX011331720.1_De,78,620,543,5657,6210,554,73,77,attct,6211,6215,attct,,,,,,,,,,,,,,anicetus,SRX21425396,GCA_033119125.1,JAVSBX011331720.1_De_78_6210,JAVSBX011331720.1_De_78_6210,LTR,Gypsy,unknown,no,+,RH|Ty3_gypsy INT|Ty3_gypsy GAG|Ty3_gypsy RT|Ty3_gypsy,True,5,6133,6133,0,100,1.0,1.0,1.0,0.9801429706115965,1229.891344383057,2930.9151624548736,2088.9316317228804,2136.24642573471,0.9778514344404078,-0.03231280259048075,2088.9316317228804,2179.5253241491087,0.9584342097692321,-1.2524800452609224,input_data/ectopic_recombination/JAVSBX011331720.1_De_78_6210.fa.depth.txt,a24004a939b9363c16338806b8632bc19a03e6eb6475ddc15ed81e5ded2844bf,234591,usable,1.0,True,0.958434209769232,1.1102230246251565e-16
656,6713,6058,JASBQJ010036695.1_De,656,1655,1000,5720,6713,994,652,655,catc,6714,6717,catc,1628.0,1635.0,aggagacg,-,27.0,,,,,,,,,apalachicolae,SRX19952657,GCA_030264955.1,JASBQJ010036695.1_De_656_6713,JASBQJ010036695.1_De_656_6713,LTR,Gypsy,unknown,no,+,RH|Ty3_gypsy INT|Ty3_gypsy GAG|Ty3_gypsy RT|Ty3_gypsy,True,5,6058,6058,0,0,1.0,1.0,1.0,1.0,30.922,44.98692152917505,37.933299899699094,64.7632874015748,0.5857222729366375,-0.7717113388311353,37.933299899699094,64.7632874015748,0.5857222729366375,-0.5336767883769729,input_data/ectopic_recombination/JASBQJ010036695.1_De_656_6713.fa.depth.txt,216f76316b83af85273fc2522a07d29173e45db50397806ab8bdee3a08d85f80,229429,usable,1.0,True,0.5857222729366375,0.0
6,5977,5972,JASBQJ010310906.1_De,6,671,666,5301,5977,677,2,5,acac,5978,5981,acac,,,,,,,,,,,,,,apalachicolae,SRX19952657,GCA_030264955.1,JASBQJ010310906.1_De_6_5977,JASBQJ010310906.1_De_6_5977,LTR,Gypsy,unknown,no,+,RT|Ty3_gypsy RH|Ty3_gypsy GAG|Ty3_gypsy PROT|Ty3_gypsy INT|Ty3_gypsy,True,6,5972,5972,0,0,1.0,1.0,1.0,1.0,17.31081081081081,38.00443131462334,27.742367833209233,62.283862605314326,0.44541822990345714,-1.1667674894938012,27.742367833209233,62.283862605314326,0.44541822990345714,-1.112271294633817,input_data/ectopic_recombination/JASBQJ010310906.1_De_6_5977.fa.depth.txt,285f47b52bde0e2b3bf856dc1f8c6d120ec614eec1c58c61a142daa129b952ff,213856,usable,1.0,True,0.4454182299034571,5.551115123125783e-17
2996,9399,6404,JASBQJ010325490.1_De,2996,3990,995,8419,9399,981,2992,2995,gccc,9400,9403,gccc,,,,,,,,,,,,,,apalachicolae,SRX19952657,GCA_030264955.1,JASBQJ010325490.1_De_2996_9399,JASBQJ010325490.1_De_2996_9399,LTR,Gypsy,unknown,no,+,RT|Ty3_gypsy RH|Ty3_gypsy INT|Ty3_gypsy GAG|Ty3_gypsy,True,5,6404,6404,0,0,1.0,1.0,1.0,1.0,620.0462311557789,475.0519877675841,548.0627530364372,2759.1682475158086,0.1986333213024905,-2.331820435538264,548.0627530364372,2759.1682475158086,0.1986333213024905,0.3839356297968255,input_data/ectopic_recombination/JASBQJ010325490.1_De_2996_9399.fa.depth.txt,5fa39e9373cb47752431af51db9aaaeaa1c099b9accb787310533824620c3f4c,257428,usable,1.0,True,0.1986333213024905,0.0
2368,9151,6784,JASBQJ010354198.1_De,2368,3353,986,8169,9151,983,2364,2367,ggag,9152,9155,ggag,,,,,,,,,,,,,,apalachicolae,SRX19952657,GCA_030264955.1,JASBQJ010354198.1_De_2368_9151,JASBQJ010354198.1_De_2368_9151,LTR,Gypsy,unknown,no,+,RT|Ty3_gypsy RH|Ty3_gypsy INT|Ty3_gypsy GAG|Ty3_gypsy,True,5,6784,6784,0,1,1.0,0.9989827060020345,0.9994921279837481,1.0,159.95638945233264,30.461851475076298,95.30777044184866,106.82471443406023,0.8921883942940878,-0.1645797134237852,95.35619918699187,106.82471443406023,0.8926417420554161,2.3736175892851255,input_data/ectopic_recombination/JASBQJ010354198.1_De_2368_9151.fa.depth.txt,6a4bb73309c58130a884691749335dd81b88f7dd5ed1d181e2bc0b31714fc29a,266282,usable,1.0,True,0.8926417420554161,0.0
14,5309,5296,JASBQJ010369910.1_De,14,479,466,4828,5309,482,10,13,ggtg,5310,5313,ggtg,502.0,510.0,agggaaaag,-,23.0,,,,,,,,,apalachicolae,SRX19952657,GCA_030264955.1,JASBQJ010369910.1_De_14_5309,JASBQJ010369910.1_De_14_5309,LTR,Gypsy,unknown,no,+,RH|Ty3_gypsy INT|Ty3_gypsy GAG|Ty3_gypsy PROT|Ty3_gypsy RT|Ty3_gypsy,True,6,5296,5296,0,3,0.9935622317596566,1.0,0.9968354430379747,1.0,46.182403433476395,24.91908713692946,35.371308016877634,54.53495860165594,0.6485987873437864,-0.6246017684336694,35.48359788359788,54.53495860165594,0.6506578311131318,0.8769666193189025,input_data/ectopic_recombination/JASBQJ010369910.1_De_14_5309.fa.depth.txt,cbbd16e0001b352582e0605d555ed74c64d23ab0d24f81ddd204552813dccb1d,194757,usable,1.0,True,0.6506578311131318,0.0
16,5829,5814,JASBQJ010375321.1_De,16,776,761,5063,5829,767,12,15,tttg,5830,5833,tttg,794.0,807.0,cggaagaagaaaga,-,18.0,,,,,,,,,apalachicolae,SRX19952657,GCA_030264955.1,JASBQJ010375321.1_De_16_5829,JASBQJ010375321.1_De_16_5829,LTR,Gypsy,unknown,no,+,RT|Ty3_gypsy RH|Ty3_gypsy INT|Ty3_gypsy GAG|Ty3_gypsy,True,5,5814,5814,0,0,1.0,1.0,1.0,1.0,47.24572930354796,72.4432855280313,59.89397905759162,104.17008866075595,0.5749633107507905,-0.7984581963723798,59.89397905759162,104.17008866075595,0.5749633107507905,-0.6114034886818567,input_data/ectopic_recombination/JASBQJ010375321.1_De_16_5829.fa.depth.txt,85e9d77d9e1032c1c35fd8e06e8ae42221dc2e3954633b14ec0386da8a09d720,215487,usable,1.0,True,0.5749633107507905,0.0
15,5337,5323,JASBQJ010457884.1_De,15,151,137,5193,5337,145,11,14,ggca,5338,5341,ggca,,,,,,,,,,,,,,apalachicolae,SRX19952657,GCA_030264955.1,JASBQJ010457884.1_De_15_5337,JASBQJ010457884.1_De_15_5337,LTR,Gypsy,unknown,no,-,RH|Ty3_gypsy INT|Ty3_gypsy GAG|Ty3_gypsy RT|Ty3_gypsy,True,5,5323,5323,0,0,1.0,1.0,1.0,1.0,23.59124087591241,34.00689655172414,28.9468085106383,73.06486808172981,0.396179576732536,-1.3357735844381873,28.9468085106383,73.06486808172981,0.396179576732536,-0.5183760229955399,input_data/ectopic_recombination/JASBQJ010457884.1_De_15_5337.fa.depth.txt,605dd9bc8107d5d5b40c8eb97e1eeed5e6f86008ffe045528c1d3bd4c7ed0511,196374,usable,1.0,True,0.396179576732536,0.0
18,6065,6048,JASBQJ010857421.1_De,18,1000,983,5072,6065,994,14,17,cttc,6066,6069,cttc,,,,,,,,,,,,,,apalachicolae,SRX19952657,GCA_030264955.1,JASBQJ010857421.1_De_18_6065,JASBQJ010857421.1_De_18_6065,LTR,Gypsy,unknown,no,+,INT|Ty3_gypsy GAG|Ty3_gypsy RT|Ty3_gypsy RH|Ty3_gypsy,True,5,6048,6048,0,0,1.0,1.0,1.0,1.0,38.358087487283825,49.69517102615694,44.05816894284269,126.00982559567674,0.34964074217680907,-1.5160547890199734,44.05816894284269,126.00982559567674,0.34964074217680907,-0.36933368160871466,input_data/ectopic_recombination/JASBQJ010857421.1_De_18_6065.fa.depth.txt,4826eefb49701519f6bceff1727ea4eb0c0ae83aebc3cc68c2fcd7ef67da8339,223154,usable,1.0,True,0.349640742176809,5.551115123125783e-17
16,10900,10885,JASBQJ010926064.1_De,16,257,242,10652,10900,249,12,15,ctgt,10901,10904,ctgt,232.0,239.0,gaaacgaa,-,25.0,,,,,,,,,apalachicolae,SRX19952657,GCA_030264955.1,JASBQJ010926064.1_De_16_10900,JASBQJ010926064.1_De_16_10900,LTR,Gypsy,unknown,no,-,INT|Ty3_gypsy RH|Ty3_gypsy GAG|Ty3_gypsy PROT|Ty3_gypsy RT|Ty3_gypsy,True,6,10885,10885,0,100,1.0,1.0,1.0,0.990379064845103,46.79752066115702,40.48192771084337,43.59470468431772,44.956802001154514,0.9697020860869549,-0.04438650731962436,43.59470468431772,45.39353021177385,0.9603726451971438,0.2067767118493652,input_data/ectopic_recombination/JASBQJ010926064.1_De_16_10900.fa.depth.txt,e8e3df8e10a601b00e7e6fed5a4b879a02fe14b2c2a38db9540be2eff2cd5e3f,413305,usable,1.0,True,0.9603726451971438,0.0
5,6444,6440,JASBQJ010943775.1_De,5,1000,996,5458,6444,987,1,4,acat,6445,6448,acat,,,,,,,,,,,,,,apalachicolae,SRX19952657,GCA_030264955.1,JASBQJ010943775.1_De_5_6444,JASBQJ010943775.1_De_5_6444,LTR,Gypsy,unknown,no,-,GAG|Ty3_gypsy RT|Ty3_gypsy RH|Ty3_gypsy INT|Ty3_gypsy,True,5,6440,6440,0,0,1.0,1.0,1.0,1.0,1481.694779116466,4368.748733535967,2918.6701966717096,3378.388377832623,0.8639238211398769,-0.21102399049522905,2918.6701966717096,3378.388377832623,0.8639238211398769,-1.5596501897210806,input_data/ectopic_recombination/JASBQJ010943775.1_De_5_6444.fa.depth.txt,95c869c3096cf1c4c16665a6bbb1e6f5d4b9b4a0b4062282abc39072e99c0339,242578,usable,1.0,True,0.8639238211398769,0.0
3867,9487,5621,JASBQJ011003545.1_De,3867,4064,198,9285,9487,203,3863,3866,tctc,9488,9491,tctc,9254.0,9265.0,aaagaggaaggg,+,20.0,,,,,,,,,apalachicolae,SRX19952657,GCA_030264955.1,JASBQJ011003545.1_De_3867_9487,JASBQJ011003545.1_De_3867_9487,LTR,Gypsy,unknown,no,+,PROT|Ty3_gypsy RT|Ty3_gypsy RH|Ty3_gypsy INT|Ty3_gypsy,True,5,5621,5621,0,0,1.0,1.0,1.0,1.0,51.18181818181818,41.09852216748769,46.077306733167084,40.997126436781606,1.1239155213529226,0.16853360005572585,46.077306733167084,40.997126436781606,1.1239155213529226,0.31312454939324547,input_data/ectopic_recombination/JASBQJ011003545.1_De_3867_9487.fa.depth.txt,fed6183e3f409a948dcb89efeb1dda2cae8d1c32f36af3f558964604d487ef5c,217937,usable,1.0,True,1.1239155213529226,0.0
712,6921,6210,JASBQJ011105468.1_De,712,1704,993,5930,6921,992,708,711,cttt,6922,6925,cttt,1701.0,1711.0,agaaagagagg,-,3.0,,,,,,,,,apalachicolae,SRX19952657,GCA_030264955.1,JASBQJ011105468.1_De_712_6921,JASBQJ011105468.1_De_712_6921,LTR,Gypsy,unknown,no,+,INT|Ty3_gypsy GAG|Ty3_gypsy PROT|Ty3_gypsy RT|Ty3_gypsy RH|Ty3_gypsy,True,6,6210,6210,0,0,1.0,1.0,1.0,1.0,49.18227593152064,31.023185483870968,40.10730478589421,134.13940828402366,0.2989971798665753,-1.7417962178609512,40.10730478589421,134.13940828402366,0.2989971798665753,0.6563179350245828,input_data/ectopic_recombination/JASBQJ011105468.1_De_712_6921.fa.depth.txt,5eb1f88333c35da482dd2e4433eb2df3e875b1a7f1b1dfd31156cf3c93c1ad75,235028,usable,1.0,True,0.2989971798665753,0.0
6,6023,6018,JAUEJG010004385.1_De,6,455,450,5577,6023,447,2,5,ttta,6024,6027,ttta,,,,,,,,,,,,,,aureatus,SRX20502577,GCA_032274985.1,JAUEJG010004385.1_De_6_6023,JAUEJG010004385.1_De_6_6023,LTR,Gypsy,unknown,yes,+,GAG|Ty3_gypsy PROT|Ty3_gypsy RT|Ty3_gypsy RH|Ty3_gypsy INT|Ty3_gypsy,True,6,6018,6018,0,0,1.0,1.0,1.0,1.0,1685.8955555555556,3419.9619686800893,2550.0289855072465,5137.752001562195,0.496331661149055,-1.010623607357281,2550.0289855072465,5137.752001562195,0.496331661149055,-1.020248219207538,input_data/ectopic_recombination/JAUEJG010004385.1_De_6_6023.fa.depth.txt,a0004f96cc9d62b0a57b3c3ae3f7079686a2189b36f43678d66416f8701bf3b3,226150,usable,1.0,True,0.496331661149055,0.0
168,6614,6447,JAUEJG010008696.1_De,168,1095,928,5701,6614,914,164,167,ttgc,6615,6618,ttgc,5675.0,5683.0,aagaaaaga,+,18.0,,,,,,,,,aureatus,SRX20502577,GCA_032274985.1,JAUEJG010008696.1_De_168_6614,JAUEJG010008696.1_De_168_6614,LTR,Gypsy,unknown,no,+,GAG|Ty3_gypsy RT|Ty3_gypsy RH|Ty3_gypsy INT|Ty3_gypsy,True,5,6447,6447,0,0,1.0,1.0,1.0,1.0,4410.1907327586205,1408.524070021882,2920.7643865363734,3290.355700325733,0.8876743588078422,-0.1718975704461792,2920.7643865363734,3290.355700325733,0.8876743588078422,1.646308348526481,input_data/ectopic_recombination/JAUEJG010008696.1_De_168_6614.fa.depth.txt,0b2e144133c5731cd39e18926dd1a909ab25129809bc02cb7fc4f77084fc819d,253978,usable,1.0,True,0.8876743588078422,0.0
8,5372,5365,JAUEJG010032935.1_De,8,153,146,5217,5372,156,4,7,taca,5373,5376,taca,154.0,162.0,ggaggggga,-,1.0,,,,,,,,,aureatus,SRX20502577,GCA_032274985.1,JAUEJG010032935.1_De_8_5372,JAUEJG010032935.1_De_8_5372,LTR,Gypsy,unknown,yes,+,GAG|Ty3_gypsy PROT|Ty3_gypsy RT|Ty3_gypsy RH|Ty3_gypsy INT|Ty3_gypsy,True,6,5365,5365,0,0,1.0,1.0,1.0,1.0,55.136986301369866,57.0,56.09933774834437,66.48607544933834,0.8437757435553772,-0.24506848061211603,56.09933774834437,66.48607544933834,0.8437757435553772,-0.04751768078185073,input_data/ectopic_recombination/JAUEJG010032935.1_De_8_5372.fa.depth.txt,b74abaf0aff5528be08d2faa4e2cf4ded8336d46d33e15e79e92b93e3452c3f1,192633,usable,1.0,True,0.8437757435553772,0.0
574,6773,6200,JAUEJG010044333.1_De,574,1565,992,5777,6773,997,570,573,tacc,6774,6777,tacc,,,,,,,,,,,,,,aureatus,SRX20502577,GCA_032274985.1,JAUEJG010044333.1_De_574_6773,JAUEJG010044333.1_De_574_6773,LTR,Gypsy,unknown,no,+,RH|Ty3_gypsy INT|Ty3_gypsy GAG|Ty3_gypsy PROT|Ty3_gypsy RT|Ty3_gypsy,True,6,6200,6200,0,0,1.0,1.0,1.0,1.0,58.03225806451613,62.89869608826479,60.47159376571141,91.25813345998576,0.6626433335087506,-0.5936955434545715,60.47159376571141,91.25813345998576,0.6626433335087506,-0.11522123276623195,input_data/ectopic_recombination/JAUEJG010044333.1_De_574_6773.fa.depth.txt,8ebbcf545987a80453379cc9540655dc4f0f2e8f099c0649bfac41858b771344,236522,usable,1.0,True,0.6626433335087506,0.0
4764,9898,5135,JAUEJG010097479.1_De,4764,4918,155,9748,9898,151,4758,4763,tactgt,9899,9904,tactgt,4898.0,4912.0,agaaaaggaaaggaa,-,20.0,,,,,,,,,aureatus,SRX20502577,GCA_032274985.1,JAUEJG010097479.1_De_4764_9898,JAUEJG010097479.1_De_4764_9898,LTR,Gypsy,unknown,yes,+,GAG|Ty3_gypsy PROT|Ty3_gypsy RT|Ty3_gypsy RH|Ty3_gypsy INT|Ty3_gypsy,True,6,5135,5135,0,100,1.0,1.0,1.0,0.979291778836198,186.1032258064516,299.0331125827815,241.83006535947712,256.8285359287637,0.9416012301162411,-0.0868118897601115,241.83006535947712,262.25946288855994,0.9221023435948859,-0.6827415716528663,input_data/ectopic_recombination/JAUEJG010097479.1_De_4764_9898.fa.depth.txt,261efdd72ec10878cdb6bdd4246d1f7138ce8766d2ff1a9004d021c46d8a12a8,204059,usable,1.0,True,0.922102343594886,1.1102230246251565e-16
578,5225,4648,JAUEJG010101580.1_De,578,733,156,5065,5225,161,574,577,ttgt,5226,5229,ttgt,5053.0,5064.0,gggggggagaag,+,1.0,,,,,,,,,aureatus,SRX20502577,GCA_032274985.1,JAUEJG010101580.1_De_578_5225,JAUEJG010101580.1_De_578_5225,LTR,Gypsy,unknown,no,+,PROT|Ty3_gypsy RT|Ty3_gypsy RH|Ty3_gypsy INT|Ty3_gypsy,True,5,4648,4648,0,0,1.0,1.0,1.0,1.0,15.256410256410257,20.180124223602483,17.757097791798106,25.29993073193258,0.7018634944081406,-0.5107376271641444,17.757097791798106,25.29993073193258,0.7018634944081406,-0.39230596519212707,input_data/ectopic_recombination/JAUEJG010101580.1_De_578_5225.fa.depth.txt,1f43aaef18fca596387e0ed7e9c610619fb0c9aa4c1b2c2cdb28050bb4f9e166,175378,usable,1.0,True,0.7018634944081406,0.0
11,5629,5619,JAUEJG010111871.1_De,11,147,137,5486,5629,144,7,10,aaag,5630,5633,aaag,120.0,148.0,aaagaataagagagagaaagaaagaaaag,-,27.0,,,,,,,,,aureatus,SRX20502577,GCA_032274985.1,JAUEJG010111871.1_De_11_5629,JAUEJG010111871.1_De_11_5629,LTR,Gypsy,unknown,no,+,RT|Ty3_gypsy RH|Ty3_gypsy INT|Ty3_gypsy GAG|Ty3_gypsy,True,5,5619,5619,0,0,1.0,1.0,1.0,1.0,35.2043795620438,30.84027777777778,32.96797153024911,1172.2148744848257,0.028124512192986915,-5.152028116124582,32.96797153024911,1172.2148744848257,0.028124512192986915,0.18808308173891988,input_data/ectopic_recombination/JAUEJG010111871.1_De_11_5629.fa.depth.txt,e75150ee2abf609dea21f8dfa145c86d3fbdaa47b9681f133b5fefb0ee6c5bf9,211367,usable,1.0,True,0.0281245121929869,1.3877787807814457e-17
6,5537,5532,JAUEJG010125598.1_De,6,334,329,5212,5537,326,2,5,ccct,5538,5541,ccct,,,,,,,,,,,,,,aureatus,SRX20502577,GCA_032274985.1,JAUEJG010125598.1_De_6_5537,JAUEJG010125598.1_De_6_5537,LTR,Gypsy,unknown,no,+,RT|Ty3_gypsy RH|Ty3_gypsy INT|Ty3_gypsy GAG|Ty3_gypsy,True,5,5532,5532,0,0,1.0,1.0,1.0,1.0,29.80851063829787,21.460122699386503,25.653435114503818,40.03444740619233,0.6407840441563301,-0.642089870522654,25.653435114503818,40.03444740619233,0.6407840441563301,0.46483684451856794,input_data/ectopic_recombination/JAUEJG010125598.1_De_6_5537.fa.depth.txt,5f12811fbb7a727841ceb3f2dd6823bbedb72744f3bf666ec1c0439f5c3fb117,198034,usable,1.0,True,0.6407840441563301,0.0
12,5496,5485,JAUEJG010125819.1_De,12,216,205,5286,5496,211,8,11,tcat,5497,5500,tcat,,,,,,,,,,,,,,aureatus,SRX20502577,GCA_032274985.1,JAUEJG010125819.1_De_12_5496,JAUEJG010125819.1_De_12_5496,LTR,Gypsy,unknown,no,+,GAG|Ty3_gypsy RT|Ty3_gypsy RH|Ty3_gypsy INT|Ty3_gypsy,True,5,5485,5485,0,0,1.0,1.0,1.0,1.0,1662.439024390244,12912.236966824645,7368.466346153846,1946.0082856579206,3.7864516818656098,1.92084651889142,7368.466346153846,1946.0082856579206,3.7864516818656098,-2.9569876499429157,input_data/ectopic_recombination/JAUEJG010125819.1_De_12_5496.fa.depth.txt,1a2510c607133cddd8630330160627e44660da6d9db74d18529e8aae14e569bb,209393,usable,1.0,True,3.7864516818656098,0.0
2644,9146,6503,JAUEJG010128476.1_De,2644,3161,518,8625,9146,522,2640,2643,ccca,9147,9150,ccca,,,,,,,,,,,,,,aureatus,SRX20502577,GCA_032274985.1,JAUEJG010128476.1_De_2644_9146,JAUEJG010128476.1_De_2644_9146,LTR,Gypsy,unknown,no,+,PROT|Ty3_gypsy RT|Ty3_gypsy RH|Ty3_gypsy INT|Ty3_gypsy,True,5,6503,6503,0,0,1.0,1.0,1.0,1.0,123.10810810810811,50.25670498084291,86.54230769230769,82.98572213069743,1.0428578009601321,0.06054245235852149,86.54230769230769,82.98572213069743,1.0428578009601321,1.2841030597411411,input_data/ectopic_recombination/JAUEJG010128476.1_De_2644_9146.fa.depth.txt,be4fa728a3f799f36024b8ea0c93dfced10071287532f45f54c950bcb5d01964,254747,usable,1.0,True,1.042857800960132,2.220446049250313e-16
6,6591,6586,JAUEJG010135122.1_De,6,490,485,6102,6591,490,2,5,ccac,6592,6595,ccac,489.0,496.0,agagggag,-,1.0,,,,,,,,,aureatus,SRX20502577,GCA_032274985.1,JAUEJG010135122.1_De_6_6591,JAUEJG010135122.1_De_6_6591,LTR,Gypsy,unknown,no,+,PROT|Bel-Pao RT|Ty3_gypsy RH|Ty3_gypsy INT|Ty3_gypsy GAG|Ty3_gypsy,True,6,6586,6586,0,0,1.0,1.0,1.0,1.0,51.95463917525773,45.39387755102041,48.657435897435896,74.33487791837462,0.6545707379901193,-0.6113789854777159,48.657435897435896,74.33487791837462,0.6545707379901193,0.19276866829617786,input_data/ectopic_recombination/JAUEJG010135122.1_De_6_6591.fa.depth.txt,b44825a5614ad738b66429d332500c4279eb7020cc4b7a17b56de21b1ac1c8b6,237142,usable,1.0,True,0.6545707379901193,0.0
20,5522,5503,JAUEJG010192688.1_De,20,197,178,5330,5522,193,16,19,tgtt,5523,5526,tgtt,201.0,211.0,ggagggggagg,-,4.0,,,,,,,,,aureatus,SRX20502577,GCA_032274985.1,JAUEJG010192688.1_De_20_5522,JAUEJG010192688.1_De_20_5522,LTR,Gypsy,unknown,no,+,GAG|Ty3_gypsy RT|Ty3_gypsy RH|Ty3_gypsy INT|Ty3_gypsy,True,5,5503,5503,0,0,1.0,1.0,1.0,1.0,685.3595505617977,1673.3367875647668,1199.3207547169811,927.7061574434919,1.2927808499428157,0.3704777326135791,1199.3207547169811,927.7061574434919,1.2927808499428157,-1.2871737819570193,input_data/ectopic_recombination/JAUEJG010192688.1_De_20_5522.fa.depth.txt,5ad198b6c9b8269518574f02a2996a1507aabd1a633c91d86f3d6403271a24ea,209046,usable,1.0,True,1.2927808499428155,2.220446049250313e-16
9,6407,6399,JAUEJG010225895.1_De,9,998,990,5419,6407,989,5,8,agag,6408,6411,agag,,,,,,,,,,,,,,aureatus,SRX20502577,GCA_032274985.1,JAUEJG010225895.1_De_9_6407,JAUEJG010225895.1_De_9_6407,LTR,Gypsy,unknown,no,+,RH|Ty3_gypsy INT|Ty3_gypsy GAG|Ty3_gypsy PROT|Ty3_gypsy RT|Ty3_gypsy,True,6,6399,6399,0,0,1.0,1.0,1.0,1.0,87.15454545454546,120.11223458038423,103.62506316321374,122.35067873303167,0.846951273472891,-0.2396491236075132,103.62506316321374,122.35067873303167,0.846951273472891,-0.4604754466651303,input_data/ectopic_recombination/JAUEJG010225895.1_De_9_6407.fa.depth.txt,6d9f966e59468f8b76a7b9c5d1894748a30bee3dd74575d632f26d22ab7a1799,233234,usable,1.0,True,0.846951273472891,0.0
1079,6664,5586,JAUEJG010239187.1_De,1079,1206,128,6536,6664,129,1075,1078,tgtt,6665,6668,tgtt,,,,,,,,,,,,,,aureatus,SRX20502577,GCA_032274985.1,JAUEJG010239187.1_De_1079_6664,JAUEJG010239187.1_De_1079_6664,LTR,Gypsy,unknown,no,+,GAG|Ty3_gypsy RT|Ty3_gypsy RH|Ty3_gypsy INT|Ty3_gypsy,True,5,5586,5586,0,0,1.0,1.0,1.0,1.0,8473.9296875,10905.720930232557,9694.556420233463,3179.0039407018203,3.0495578492718765,1.6086000836906698,9694.556420233463,3179.0039407018203,3.0495578492718765,-0.3639630998436242,input_data/ectopic_recombination/JAUEJG010239187.1_De_1079_6664.fa.depth.txt,e3aea000fe98600f31303c89664bc2584cbda61f1d06ab3e32d1a85a3b6258ff,225252,usable,1.0,True,3.0495578492718765,0.0
11,5459,5449,JAUEJG010266870.1_De,11,215,205,5244,5459,216,7,10,ccac,5460,5463,ccac,216.0,224.0,gggggggga,-,1.0,,,,,,,,,aureatus,SRX20502577,GCA_032274985.1,JAUEJG010266870.1_De_11_5459,JAUEJG010266870.1_De_11_5459,LTR,Gypsy,unknown,yes,+,GAG|Ty3_gypsy PROT|Ty3_gypsy RT|Ty3_gypsy RH|Ty3_gypsy INT|Ty3_gypsy,True,6,5449,5449,0,0,1.0,1.0,1.0,1.0,126.82926829268293,96.25,111.14014251781472,142.09407319013525,0.7821588896892184,-0.35446638494808885,111.14014251781472,142.09407319013525,0.7821588896892184,0.39623051325708136,input_data/ectopic_recombination/JAUEJG010266870.1_De_11_5459.fa.depth.txt,47bb2dec3ab603c7fe25d57e67e323e5b4a75b77ce067b99e4651d132d7a4177,205643,usable,1.0,True,0.7821588896892184,0.0
92,5623,5532,JAUEJG010316720.1_De,92,352,261,5358,5623,266,88,91,aagg,5624,5627,aagg,,,,,,,,,,,,,,aureatus,SRX20502577,GCA_032274985.1,JAUEJG010316720.1_De_92_5623,JAUEJG010316720.1_De_92_5623,LTR,Gypsy,unknown,no,-,GAG|Ty3_gypsy RT|Ty3_gypsy RH|Ty3_gypsy INT|Ty3_gypsy,True,5,5532,5532,0,0,1.0,1.0,1.0,1.0,689.6704980842912,4431.003759398496,2578.0853889943073,1444.6397602397603,1.7845870368170085,0.8355902653668569,2578.0853889943073,1444.6397602397603,1.7845870368170085,-2.6827716261804366,input_data/ectopic_recombination/JAUEJG010316720.1_De_92_5623.fa.depth.txt,1b4aaee9348e6de757f4d1723bed5f97044bc3c44cf3013d8fcbde1380a3c0c6,210718,usable,1.0,True,1.7845870368170085,0.0
1769,7070,5302,JAUEJG010443035.1_De,1769,1978,210,6860,7070,211,1764,1768,ccctg,7071,7075,ccctg,1979.0,1986.0,ggagggga,-,1.0,,,,,,,,,aureatus,SRX20502577,GCA_032274985.1,JAUEJG010443035.1_De_1769_7070,JAUEJG010443035.1_De_1769_7070,LTR,Gypsy,unknown,yes,+,GAG|Ty3_gypsy PROT|Ty3_gypsy RT|Ty3_gypsy RH|Ty3_gypsy INT|Ty3_gypsy,True,6,5302,5302,0,0,1.0,1.0,1.0,1.0,37.05714285714286,47.39810426540284,42.23990498812351,52.86539643515673,0.7990085734046057,-0.32371711145632676,42.23990498812351,52.86539643515673,0.7990085734046057,-0.35088124261573067,input_data/ectopic_recombination/JAUEJG010443035.1_De_1769_7070.fa.depth.txt,611a72acc7e56cc349a796fe40de72a9986137af66966933e4a2d7a7e9a15884,205774,usable,1.0,True,0.7990085734046057,0.0
1529,7542,6014,JAUEJG010553873.1_De,1529,2281,753,6800,7542,743,1525,1528,ccaa,7543,7546,ccaa,2257.0,2264.0,ggaaaaga,-,24.0,,,,,,,,,aureatus,SRX20502577,GCA_032274985.1,JAUEJG010553873.1_De_1529_7542,JAUEJG010553873.1_De_1529_7542,LTR,Gypsy,unknown,yes,+,GAG|Ty3_gypsy PROT|Ty3_gypsy RT|Ty3_gypsy RH|Ty3_gypsy INT|Ty3_gypsy,True,6,6014,6014,0,0,1.0,1.0,1.0,1.0,36.09561752988048,43.553162853297444,39.79946524064171,91.2609561752988,0.43610616093253307,-1.1972487231699096,39.79946524064171,91.2609561752988,0.43610616093253307,-0.2675747125949484,input_data/ectopic_recombination/JAUEJG010553873.1_De_1529_7542.fa.depth.txt,4fa71fa037bbc7b394af6be600373d15d3fb675c978efb0fff9925b7143bf99f,235144,usable,1.0,True,0.436106160932533,5.551115123125783e-17
8,6410,6403,JAUEJG010638089.1_De,8,949,942,5443,6410,968,4,7,cgca,6411,6414,cgca,,,,,,,,,,,,,,aureatus,SRX20502577,GCA_032274985.1,JAUEJG010638089.1_De_8_6410,JAUEJG010638089.1_De_8_6410,LTR,Gypsy,unknown,no,-,RT|Ty3_gypsy RH|Ty3_gypsy INT|Ty3_gypsy GAG|Ty3_gypsy PROT|Ty3_gypsy,True,6,6403,6403,0,0,1.0,1.0,1.0,1.0,48.01592356687898,161.51136363636363,105.53612565445026,162.9997774315602,0.6474617776626254,-0.6271330678089647,105.53612565445026,162.9997774315602,0.6474617776626254,-1.739564767005491,input_data/ectopic_recombination/JAUEJG010638089.1_De_8_6410.fa.depth.txt,124eb2eee70a33627091f2649306ea2ec7b2c91797bb4906438e4a4e364c978f,233703,usable,1.0,True,0.6474617776626254,0.0
5733,11720,5988,JAUEJG010662037.1_De,5733,6514,782,10944,11720,777,5728,5732,gtgga,11721,11725,gtgga,,,,,,,,,,,,,,aureatus,SRX20502577,GCA_032274985.1,JAUEJG010662037.1_De_5733_11720,JAUEJG010662037.1_De_5733_11720,LTR,Gypsy,unknown,yes,+,GAG|Ty3_gypsy PROT|Ty3_gypsy RT|Ty3_gypsy RH|Ty3_gypsy INT|Ty3_gypsy,True,6,5988,5988,0,0,1.0,1.0,1.0,1.0,29.124040920716112,57.30759330759331,43.17062219371392,81.33167757958907,0.5307971442181094,-0.91376748611116,43.17062219371392,81.33167757958907,0.5307971442181094,-0.9644905626917804,input_data/ectopic_recombination/JAUEJG010662037.1_De_5733_11720.fa.depth.txt,01c9220458aed51e61ae088871bddd7518a9ddff8a95d6ab4405073dfa75a98c,239519,usable,1.0,True,0.5307971442181094,0.0
15,6437,6423,JAUEJG010662259.1_De,15,998,984,5442,6437,996,11,14,gagt,6438,6441,gagt,,,,,,,,,,,,,,aureatus,SRX20502577,GCA_032274985.1,JAUEJG010662259.1_De_15_6437,JAUEJG010662259.1_De_15_6437,LTR,Gypsy,unknown,no,+,INT|Ty3_gypsy GAG|Ty3_gypsy PROT|Ty3_gypsy RT|Ty3_gypsy RH|Ty3_gypsy,True,6,6423,6423,0,0,1.0,1.0,1.0,1.0,1577.2865853658536,2444.626506024096,2013.5848484848484,1945.0632455548052,1.0352284703783492,0.04994919932564246,2013.5848484848484,1945.0632455548052,1.0352284703783492,-0.6320070326334536,input_data/ectopic_recombination/JAUEJG010662259.1_De_15_6437.fa.depth.txt,0e764b4b13dd648ea12a02dc38a9e856de461d67677af0cd0a90e1e24f4971f8,245565,usable,1.0,True,1.0352284703783492,0.0
3976,10399,6424,JAUEJG010686379.1_De,3976,4609,634,9751,10399,649,3972,3975,cagc,10400,10403,cagc,9763.0,9778.0,ggaggagatgaaagag,+,27.0,,,,,,,,,aureatus,SRX20502577,GCA_032274985.1,JAUEJG010686379.1_De_3976_10399,JAUEJG010686379.1_De_3976_10399,LTR,Gypsy,unknown,no,+,GAG|Ty3_gypsy RT|Ty3_gypsy RH|Ty3_gypsy INT|Ty3_gypsy,True,5,6424,6424,0,0,1.0,1.0,1.0,1.0,33.87066246056782,55.14637904468413,44.632891660171474,63.2081307138689,0.7061257967304242,-0.5020028715152196,44.632891660171474,63.2081307138689,0.7061257967304242,-0.6951101547772545,input_data/ectopic_recombination/JAUEJG010686379.1_De_3976_10399.fa.depth.txt,949eb24c7004feafcf6dbc15ca694c089428c69f69f2be200e2f0f963015940e,256346,usable,1.0,True,0.7061257967304242,0.0
26,5946,5921,JAUEJG010694344.1_De,26,644,619,5289,5946,658,22,25,tacc,5947,5950,tacc,,,,,,,,,,,,,,aureatus,SRX20502577,GCA_032274985.1,JAUEJG010694344.1_De_26_5946,JAUEJG010694344.1_De_26_5946,LTR,Gypsy,unknown,no,+,GAG|Ty3_gypsy RT|Ty3_gypsy RH|Ty3_gypsy INT|Ty3_gypsy,True,5,5921,5921,0,1,0.9983844911147012,1.0,0.9992169146436961,1.0,41.935379644588046,57.9468085106383,50.18559122944401,98.78596037898363,0.5080235191004006,-0.9770328063464535,50.224921630094045,98.78596037898363,0.5084216566545545,-0.4618566640468285,input_data/ectopic_recombination/JAUEJG010694344.1_De_26_5946.fa.depth.txt,c539444cc6b83cb86f594032cdda559e22f6a46075c1be03c411bed8f8377bce,219464,usable,1.0,True,0.5084216566545545,0.0
3486,9667,6182,JASBQM010004517.1_De,3486,4277,792,8856,9667,812,3482,3485,gccc,9668,9671,gccc,,,,,,,,,,,,,,auriculatus,SRX19953419,GCA_030264895.1,JASBQM010004517.1_De_3486_9667,JASBQM010004517.1_De_3486_9667,LTR,Gypsy,unknown,no,+,RT|Ty3_gypsy RH|Ty3_gypsy INT|Ty3_gypsy GAG|Ty3_gypsy,True,5,6182,6182,0,0,1.0,1.0,1.0,1.0,3640.715909090909,2479.2155172413795,3052.7244389027433,6809.5100480559195,0.44830309631076626,-1.1574536311517587,3052.7244389027433,6809.5100480559195,0.44830309631076626,0.5542456707545785,input_data/ectopic_recombination/JASBQM010004517.1_De_3486_9667.fa.depth.txt,7af6f8b4df2facd9f817638c473c1ae0a9ac52f056152f53fa1495aa037ba368,252243,usable,1.0,True,0.4483030963107662,5.551115123125783e-17
21,5632,5612,JASBQM010014473.1_De,21,453,433,5183,5632,450,17,20,ttgt,5633,5636,ttgt,459.0,467.0,gggaggggg,-,6.0,,,,,,,,,auriculatus,SRX19953419,GCA_030264895.1,JASBQM010014473.1_De_21_5632,JASBQM010014473.1_De_21_5632,LTR,Gypsy,unknown,no,+,GAG|Ty3_gypsy RT|Ty3_gypsy RH|Ty3_gypsy INT|Ty3_gypsy,True,5,5612,5612,0,0,1.0,1.0,1.0,1.0,54.37644341801386,50.193333333333335,52.24462061155153,127.76781560583633,0.4089028239531477,-1.2901700684888855,52.24462061155153,127.76781560583633,0.4089028239531477,0.11439095116625657,input_data/ectopic_recombination/JASBQM010014473.1_De_21_5632.fa.depth.txt,af0381ce83b62cf739440776b33a38284a1205fda0c187d6fc23ad0977528adf,208305,usable,1.0,True,0.4089028239531477,0.0
78,5492,5415,JASBQM010040795.1_De,78,600,523,4979,5492,514,74,77,acct,5493,5496,acct,4948.0,4960.0,aggtgggagaaga,+,19.0,,,,,,,,,auriculatus,SRX19953419,GCA_030264895.1,JASBQM010040795.1_De_78_5492,JASBQM010040795.1_De_78_5492,LTR,Gypsy,unknown,yes,+,GAG|Ty3_gypsy PROT|Bel-Pao RT|Ty3_gypsy RH|Ty3_gypsy INT|Ty3_gypsy,True,6,5415,5415,0,3,1.0,0.9941634241245136,0.9971070395371263,1.0,33.82217973231358,10.342412451361868,22.184185149469624,28.84399269072636,0.76910937356471,-0.3787393192240818,22.248549323017407,28.84399269072636,0.7713408320953619,1.662455384398307,input_data/ectopic_recombination/JASBQM010040795.1_De_78_5492.fa.depth.txt,add1cddc35b51e38ba7a92c322fc74475f58b3e39fb604bd7958c5b80af98a0c,198523,usable,1.0,True,0.7713408320953619,0.0
212,5382,5171,JASBQM010054626.1_De,212,344,133,5259,5382,124,208,211,gaag,5383,5386,gaag,,,,,,,,,,,,,,auriculatus,SRX19953419,GCA_030264895.1,JASBQM010054626.1_De_212_5382,JASBQM010054626.1_De_212_5382,LTR,Gypsy,unknown,no,+,RT|Ty3_gypsy RH|Ty3_gypsy INT|Ty3_gypsy GAG|Ty3_gypsy,True,5,5171,5171,0,0,1.0,1.0,1.0,1.0,49.6015037593985,38.74193548387097,44.36186770428016,62.530525030525034,0.7094433907699379,-0.4952405242220701,44.36186770428016,62.530525030525034,0.7094433907699379,0.3524577058255359,input_data/ectopic_recombination/JASBQM010054626.1_De_212_5382.fa.depth.txt,4ef8e370f627805a89b203465eeec9e1347dfa7559bcdfd0fd737aecad8a757c,195740,usable,1.0,True,0.7094433907699379,0.0
24,5304,5281,JASBQM010063031.1_De,24,389,366,4926,5304,379,20,23,cttc,5305,5308,cttc,394.0,402.0,gagggaaga,-,5.0,,,,,,,,,auriculatus,SRX19953419,GCA_030264895.1,JASBQM010063031.1_De_24_5304,JASBQM010063031.1_De_24_5304,LTR,Gypsy,unknown,no,-,PROT|Ty3_gypsy RT|Ty3_gypsy RH|Ty3_gypsy INT|Ty3_gypsy GAG|Ty3_gypsy,True,6,5281,5281,0,0,1.0,1.0,1.0,1.0,49.387978142076506,53.80738786279684,51.63624161073825,73.0302028218695,0.7070532412005757,-0.5001092406390578,51.63624161073825,73.0302028218695,0.7070532412005757,-0.12245627153272014,input_data/ectopic_recombination/JASBQM010063031.1_De_24_5304.fa.depth.txt,27cf450b004602479abff3e51bc99df60dab7774c9e9b8580a4ef29a545a3a14,195193,usable,1.0,True,0.7070532412005757,0.0
10,6550,6541,JASBQM010234735.1_De,10,1000,991,5552,6550,999,6,9,tatc,6551,6554,tatc,,,,,,,,,,,,,,auriculatus,SRX19953419,GCA_030264895.1,JASBQM010234735.1_De_10_6550,JASBQM010234735.1_De_10_6550,LTR,Gypsy,unknown,no,+,RT|Ty3_gypsy RH|Ty3_gypsy INT|Ty3_gypsy GAG|Ty3_gypsy PROT|Ty3_gypsy,True,6,6541,6541,0,0,1.0,1.0,1.0,1.0,46.075681130171546,91.17417417417417,68.71557788944723,102.10635025269171,0.6729804534134326,-0.571363492240524,68.71557788944723,102.10635025269171,0.6729804534134326,-0.976938497284233,input_data/ectopic_recombination/JASBQM010234735.1_De_10_6550.fa.depth.txt,54b9a7bdd551dcacb1a59a41fe97c31d88351783e8022c724b2549702aa34a3c,242646,usable,1.0,True,0.6729804534134326,0.0
487,7205,6719,JASBQM010302302.1_De,487,1203,717,6498,7205,708,483,486,ggca,7206,7209,ggca,,,,,,,,,,,,,,auriculatus,SRX19953419,GCA_030264895.1,JASBQM010302302.1_De_487_7205,JASBQM010302302.1_De_487_7205,LTR,Gypsy,unknown,no,+,PROT|Bel-Pao RT|Ty3_gypsy RH|Ty3_gypsy INT|Ty3_gypsy,True,5,6719,6719,0,1,0.99860529986053,1.0,0.9992982456140351,1.0,14.864714086471409,25.622881355932204,20.209824561403508,79.20513789195316,0.2551579998379969,-1.9705372203776084,20.224016853932586,79.20513789195316,0.2553371838266472,-0.76569311418026,input_data/ectopic_recombination/JASBQM010302302.1_De_487_7205.fa.depth.txt,d4629cb44144dafc9dfc91881e6fb0cceb69f468baa3fa1a3cd1f10278d624c7,254449,usable,1.0,True,0.2553371838266472,0.0
7,5633,5627,JASBQM010386500.1_De,7,408,402,5224,5633,410,3,6,caca,5634,5637,caca,,,,,,,,,,,,,,auriculatus,SRX19953419,GCA_030264895.1,JASBQM010386500.1_De_7_5633,JASBQM010386500.1_De_7_5633,LTR,Gypsy,unknown,no,-,GAG|Ty3_gypsy RT|Ty3_gypsy RH|Ty3_gypsy INT|Ty3_gypsy,True,5,5627,5627,0,0,1.0,1.0,1.0,1.0,86.85572139303483,54.36829268292683,70.45197044334975,97.48369678089304,0.7227051575782921,-0.4685209047740285,70.45197044334975,97.48369678089304,0.7227051575782921,0.6709295113649496,input_data/ectopic_recombination/JASBQM010386500.1_De_7_5633.fa.depth.txt,2ff2b85093a60ff0fe34f16023bfe72080c8da1b2b4a9e83ea77ee37cbc4ffd6,202716,usable,1.0,True,0.7227051575782921,0.0
414,5945,5532,JASBQM010438580.1_De,414,618,205,5737,5945,209,410,413,tatt,5946,5949,tatt,5713.0,5723.0,gggggggaaga,+,14.0,,,,,,,,,auriculatus,SRX19953419,GCA_030264895.1,JASBQM010438580.1_De_414_5945,JASBQM010438580.1_De_414_5945,LTR,Gypsy,unknown,yes,+,GAG|Ty3_gypsy PROT|Ty3_gypsy RT|Ty3_gypsy RH|Ty3_gypsy INT|Ty3_gypsy,True,6,5532,5532,0,0,1.0,1.0,1.0,1.0,5461.10243902439,1310.933014354067,3365.9685990338166,2356.680734661977,1.4282666928647862,0.5142653915164782,3365.9685990338166,2356.680734661977,1.4282666928647862,2.0581801820548877,input_data/ectopic_recombination/JASBQM010438580.1_De_414_5945.fa.depth.txt,5fc31b91f58ec8e3a3597562f1e3cce94bb107aab9ccf98b00e61e77222d96bd,218167,usable,1.0,True,1.4282666928647862,0.0
13,6176,6164,JASBQM010477354.1_De,13,958,946,5235,6176,942,9,12,agag,6177,6180,agag,5225.0,5249.0,gagaagagaaacgtgaaaagagggg,+,14.0,,,,,,,,,auriculatus,SRX19953419,GCA_030264895.1,JASBQM010477354.1_De_13_6176,JASBQM010477354.1_De_13_6176,LTR,Gypsy,unknown,no,-,GAG|Ty3_gypsy RT|Ty3_gypsy RH|Ty3_gypsy INT|Ty3_gypsy,True,5,6164,6164,0,0,1.0,1.0,1.0,1.0,60.43340380549683,54.70488322717622,57.57521186440678,144.48971000935452,0.39847274841010655,-1.3274470333515862,57.57521186440678,144.48971000935452,0.39847274841010655,0.14243744479507275,input_data/ectopic_recombination/JASBQM010477354.1_De_13_6176.fa.depth.txt,37dd6468f7a40c2801be1f2a91cfcc1c7ab4b193d9768b62f4b462eeed404337,230053,usable,1.0,True,0.3984727484101065,5.551115123125783e-17
6,6289,6284,JASBQM010740058.1_De,6,279,274,6027,6289,263,2,5,ccaa,6290,6293,ccaa,6035.0,6043.0,ggggggaga,+,16.0,,,,,,,,,auriculatus,SRX19953419,GCA_030264895.1,JASBQM010740058.1_De_6_6289,JASBQM010740058.1_De_6_6289,LTR,Gypsy,unknown,no,+,PROT|Ty3_gypsy RT|Ty3_gypsy RH|Ty3_gypsy INT|Ty3_gypsy GAG|Ty3_gypsy,True,6,6284,6284,0,0,1.0,1.0,1.0,1.0,257.65328467153284,465.0380228136882,359.2216014897579,342.1004002088046,1.0500472997707784,0.07045431608928866,359.2216014897579,342.1004002088046,1.0500472997707784,-0.8506710500286149,input_data/ectopic_recombination/JASBQM010740058.1_De_6_6289.fa.depth.txt,754192b6234b31cf82ce8025e5b4785e405ca48a33bc361d71a1639b96f924e9,229610,usable,1.0,True,1.0500472997707784,0.0
21,5246,5226,JASBQM010774424.1_De,21,328,308,4921,5246,326,17,20,aaat,5247,5250,aaat,4933.0,4947.0,aaggaaatagaagga,+,26.0,,,,,,,,,auriculatus,SRX19953419,GCA_030264895.1,JASBQM010774424.1_De_21_5246,JASBQM010774424.1_De_21_5246,LTR,Gypsy,unknown,yes,+,GAG|Ty3_gypsy PROT|Ty3_gypsy RT|Ty3_gypsy RH|Ty3_gypsy INT|Ty3_gypsy,True,6,5226,5226,0,0,1.0,1.0,1.0,1.0,46.06818181818182,180.43558282208588,115.15930599369085,111.75130662020906,1.0304962821156445,0.04333929984757376,115.15930599369085,111.75130662020906,1.0304962821156445,-1.9580596959107446,input_data/ectopic_recombination/JASBQM010774424.1_De_21_5246.fa.depth.txt,cb6ca4160c2c547edf928ba2ea404eed980ad2af3e132065d125d433c9127c6a,194153,usable,1.0,True,1.0304962821156445,0.0
10,6018,6009,JASBQM010867463.1_De,10,445,436,5580,6018,439,6,9,cact,6019,6022,cact,,,,,,,,,,,,,,auriculatus,SRX19953419,GCA_030264895.1,JASBQM010867463.1_De_10_6018,JASBQM010867463.1_De_10_6018,LTR,Gypsy,unknown,no,-,RT|Ty3_gypsy RH|Ty3_gypsy INT|Ty3_gypsy GAG|Ty3_gypsy,True,5,6009,6009,0,0,1.0,1.0,1.0,1.0,33.99311926605505,61.13895216400911,47.61257142857143,43.43377483443709,1.0962107624783541,0.1325252040921418,47.61257142857143,43.43377483443709,1.0962107624783541,-0.8375337370193782,input_data/ectopic_recombination/JASBQM010867463.1_De_10_6018.fa.depth.txt,c8514b5629444d5b216a2469a6bb79f0eddffe4090e20eafeee8b9cd8b154128,221352,usable,1.0,True,1.096210762478354,2.220446049250313e-16
1053,6615,5563,JAVKLH010005631.1_De,1053,1224,172,6456,6615,160,1049,1052,cccc,6616,6619,cccc,6443.0,6452.0,ggaggggggg,+,4.0,,,,,,,,,bairdi,SRX21425397,GCA_034783875.1,JAVKLH010005631.1_De_1053_6615,JAVKLH010005631.1_De_1053_6615,LTR,Gypsy,unknown,no,+,GAG|Ty3_gypsy RT|Ty3_gypsy RH|Ty3_gypsy INT|Ty3_gypsy,True,5,5563,5563,0,0,1.0,1.0,1.0,1.0,4714.988372093023,2345.0,3572.8253012048194,4857.3423819537375,0.7355514642078298,-0.4431018090701537,3572.8253012048194,4857.3423819537375,0.7355514642078298,1.0075116943528013,input_data/ectopic_recombination/JAVKLH010005631.1_De_1053_6615.fa.depth.txt,085faabfedf0efc05e94f2796d4654e6d7708f2462e3f7071425875665412e94,226762,usable,1.0,True,0.7355514642078298,0.0
340,6285,5946,JAVKLH010076530.1_De,340,729,390,5905,6285,381,336,339,tttg,6286,6289,tttg,,,,,,,,,,,,,,bairdi,SRX21425397,GCA_034783875.1,JAVKLH010076530.1_De_340_6285,JAVKLH010076530.1_De_340_6285,LTR,Gypsy,unknown,no,-,GAG|Ty3_gypsy RT|Ty3_gypsy RH|Ty3_gypsy INT|Ty3_gypsy,True,5,5946,5946,0,0,1.0,1.0,1.0,1.0,138.13589743589745,227.90813648293963,182.49805447470817,4107.938164251208,0.04442570632218214,-4.4924614759989066,182.49805447470817,4107.938164251208,0.04442570632218214,-0.7203131766253642,input_data/ectopic_recombination/JAVKLH010076530.1_De_340_6285.fa.depth.txt,340dad9d465ab09bfe8cd546df3a7201d3494689d9b5e70b38fb6d7a7983fbbd,232938,usable,1.0,True,0.0444257063221821,3.469446951953614e-17
498,6508,6011,JAVKLH010093133.1_De,498,1058,561,5975,6508,534,494,497,cagc,6509,6512,cagc,,,,,,,,,,,,,,bairdi,SRX21425397,GCA_034783875.1,JAVKLH010093133.1_De_498_6508,JAVKLH010093133.1_De_498_6508,LTR,Gypsy,unknown,no,+,PROT|Ty3_gypsy RT|Ty3_gypsy RH|Ty3_gypsy INT|Ty3_gypsy GAG|Ty3_gypsy,True,6,6011,6011,0,0,1.0,1.0,1.0,1.0,56.46345811051693,73.5880149812734,64.81461187214612,72.653376729048,0.8921073567421978,-0.16471075949532352,64.81461187214612,72.653376729048,0.8921073567421978,-0.37920344910586296,input_data/ectopic_recombination/JAVKLH010093133.1_De_498_6508.fa.depth.txt,99f5a9b1afb3eaae7038cfda286b136a9cd782c47369c4f8afaacf178cd91e48,228510,usable,1.0,True,0.8921073567421978,0.0
12,5668,5657,JAVKLH010094240.1_De,12,598,587,5071,5668,598,8,11,taaa,5669,5672,taaa,,,,,,,,,,,,,,bairdi,SRX21425397,GCA_034783875.1,JAVKLH010094240.1_De_12_5668,JAVKLH010094240.1_De_12_5668,LTR,Gypsy,unknown,no,-,GAG|Ty3_gypsy RT|Ty3_gypsy RH|Ty3_gypsy INT|Ty3_gypsy,True,5,5657,5657,0,0,1.0,1.0,1.0,1.0,52.61328790459966,48.39966555183946,50.48691983122363,89.11650268336315,0.5665271673710873,-0.8197829538605261,50.48691983122363,89.11650268336315,0.5665271673710873,0.11924824230444354,input_data/ectopic_recombination/JAVKLH010094240.1_De_12_5668.fa.depth.txt,850f9f7f049046a46e1a6d8c1c5d9ff45af34f1f9f418a8731f133ee49898972,209241,usable,1.0,True,0.5665271673710873,0.0
7,6332,6326,JAVKLH010174933.1_De,7,304,298,6038,6332,295,3,6,acca,6333,6336,acca,,,,,,,,,,,,,,bairdi,SRX21425397,GCA_034783875.1,JAVKLH010174933.1_De_7_6332,JAVKLH010174933.1_De_7_6332,LTR,Gypsy,unknown,no,+,PROT|Ty3_gypsy RT|Ty3_gypsy RH|Ty3_gypsy INT|Ty3_gypsy,True,5,6326,6326,0,0,1.0,1.0,1.0,1.0,18.78523489932886,19.752542372881354,19.26644182124789,43.52066980638409,0.4426963534100221,-1.1756106052079534,19.26644182124789,43.52066980638409,0.4426963534100221,-0.0706063074628912,input_data/ectopic_recombination/JAVKLH010174933.1_De_7_6332.fa.depth.txt,d40e83e79836088850bf758e5b59c3d470ed7a1e949c4af73b6c36fa278ea107,226635,usable,1.0,True,0.4426963534100221,0.0
12,5339,5328,JAVKLH010183443.1_De,12,167,156,5176,5339,164,8,11,tcac,5340,5343,tcac,5185.0,5194.0,aggaaggggg,+,18.0,,,,,,,,,bairdi,SRX21425397,GCA_034783875.1,JAVKLH010183443.1_De_12_5339,JAVKLH010183443.1_De_12_5339,LTR,Gypsy,unknown,no,+,GAG|Ty3_gypsy INT|Ty3_gypsy RT|Ty3_gypsy RH|Ty3_gypsy,True,5,5328,5328,0,0,1.0,1.0,1.0,1.0,17.83974358974359,19.26829268292683,18.571875,27.403154952076676,0.6777276205049731,-0.5612225258056575,18.571875,27.403154952076676,0.6777276205049731,-0.10821480743852313,input_data/ectopic_recombination/JAVKLH010183443.1_De_12_5339.fa.depth.txt,466e9dc00a133f9032ca34852baa6a10d0b7519a6bf78dd518d55749f4485301,195938,usable,1.0,True,0.6777276205049731,0.0
479,6216,5738,JAVKLH010187868.1_De,479,1086,608,5605,6216,612,475,478,gtag,6217,6220,gtag,,,,,,,,,,,,,,bairdi,SRX21425397,GCA_034783875.1,JAVKLH010187868.1_De_479_6216,JAVKLH010187868.1_De_479_6216,LTR,Gypsy,unknown,no,+,GAG|Ty3_gypsy RT|Ty3_gypsy RH|Ty3_gypsy INT|Ty3_gypsy,True,5,5738,5738,0,0,1.0,1.0,1.0,1.0,132.23355263157896,48.55392156862745,90.25655737704918,72.66002656042497,1.2421762232909552,0.3128698582872739,90.25655737704918,72.66002656042497,1.2421762232909552,1.4360927228786573,input_data/ectopic_recombination/JAVKLH010187868.1_De_479_6216.fa.depth.txt,226360e62860bb3f6db3d35cc8f5971c487b859d9e955ea0f11043539036a65c,217697,usable,1.0,True,1.2421762232909552,0.0
6,6182,6177,JAVKLH010191190.1_De,6,863,858,5337,6182,846,2,5,aatg,6183,6186,aatg,,,,,,,,,,,,,,bairdi,SRX21425397,GCA_034783875.1,JAVKLH010191190.1_De_6_6182,JAVKLH010191190.1_De_6_6182,LTR,Gypsy,unknown,no,-,RT|Ty3_gypsy RH|Ty3_gypsy INT|Ty3_gypsy GAG|Ty3_gypsy,True,5,6177,6177,0,0,1.0,1.0,1.0,1.0,36.217948717948715,62.8758865248227,49.45305164319249,137.54996646545942,0.3595279076684529,-1.475824333423905,49.45305164319249,137.54996646545942,0.3595279076684529,-0.7874485596825135,input_data/ectopic_recombination/JAVKLH010191190.1_De_6_6182.fa.depth.txt,36cb1e8215ef3077650d93ab3a7e6e404041730bb55e201bf2f39ecfe53f976a,222652,usable,1.0,True,0.3595279076684529,0.0
588,6121,5534,JAVKLH010192628.1_De,588,840,253,5854,6121,268,584,587,cccg,6122,6125,cccg,845.0,854.0,ggggaggggg,-,5.0,,,,,,,,,bairdi,SRX21425397,GCA_034783875.1,JAVKLH010192628.1_De_588_6121,JAVKLH010192628.1_De_588_6121,LTR,Gypsy,unknown,yes,+,GAG|Ty3_gypsy PROT|Ty3_gypsy RT|Ty3_gypsy RH|Ty3_gypsy INT|Ty3_gypsy,True,6,5534,5534,0,0,1.0,1.0,1.0,1.0,28.288537549407113,330.2686567164179,183.6257197696737,1300.5192499501297,0.14119415746957617,-2.8242477029075865,183.6257197696737,1300.5192499501297,0.14119415746957617,-3.522256125425417,input_data/ectopic_recombination/JAVKLH010192628.1_De_588_6121.fa.depth.txt,bdfb941a4c53df0d0069a737dd82cd85cba6032a5522001f1d17c19266dc772a,216243,usable,1.0,True,0.1411941574695761,8.326672684688674e-17
188,5231,5044,JAVKLH010198479.1_De,188,449,262,4976,5231,256,184,187,atta,5232,5235,atta,,,,,,,,,,,,,,bairdi,SRX21425397,GCA_034783875.1,JAVKLH010198479.1_De_188_5231,JAVKLH010198479.1_De_188_5231,LTR,Gypsy,unknown,yes,+,GAG|Ty3_gypsy PROT|Ty3_gypsy RT|Ty3_gypsy RH|Ty3_gypsy INT|Ty3_gypsy,True,6,5044,5044,0,0,1.0,1.0,1.0,1.0,44.12977099236641,15.30078125,29.882239382239383,34.09920459566946,0.8763324463595955,-0.1904498189781231,29.882239382239383,34.09920459566946,0.8763324463595955,1.4980105113136115,input_data/ectopic_recombination/JAVKLH010198479.1_De_188_5231.fa.depth.txt,d5a76cf443e74006201b4fbf5cb9762797b8533eb4ae80404fe5f73b2c843fb8,190483,usable,1.0,True,0.8763324463595955,0.0
145,5816,5672,JAVKLH010201026.1_De,145,260,116,5700,5816,117,141,144,attt,5817,5820,attt,,,,,,,,,,,,,,bairdi,SRX21425397,GCA_034783875.1,JAVKLH010201026.1_De_145_5816,JAVKLH010201026.1_De_145_5816,LTR,Gypsy,unknown,yes,+,GAG|Ty3_gypsy PROT|Ty3_gypsy RT|Ty3_gypsy RH|Ty3_gypsy INT|Ty3_gypsy,True,6,5672,5672,0,0,1.0,1.0,1.0,1.0,13.060344827586206,27.17094017094017,20.145922746781117,47.13862842434271,0.4273760909084411,-1.2264218946403582,20.145922746781117,47.13862842434271,0.4273760909084411,-1.0289777975897594,input_data/ectopic_recombination/JAVKLH010201026.1_De_145_5816.fa.depth.txt,19757db4e72ac932fbfcf78a6c1851561a6af7eec798ffdd07e3f8f450492694,214032,usable,1.0,True,0.4273760909084411,0.0
18,5979,5962,JAVKLH010204567.1_De,18,797,780,5188,5979,792,14,17,ctgt,5980,5983,ctgt,,,,,,,,,,,,,,bairdi,SRX21425397,GCA_034783875.1,JAVKLH010204567.1_De_18_5979,JAVKLH010204567.1_De_18_5979,LTR,Gypsy,unknown,no,+,GAG|Ty3_gypsy RT|Ty3_gypsy RH|Ty3_gypsy INT|Ty3_gypsy,True,5,5962,5962,0,0,1.0,1.0,1.0,1.0,30.652564102564103,85.37373737373737,58.222010178117046,149.5150341685649,0.38940572432653764,-1.3606540028250262,58.222010178117046,149.5150341685649,0.38940572432653764,-1.462866068370898,input_data/ectopic_recombination/JAVKLH010204567.1_De_18_5979.fa.depth.txt,083424a48fe205727d9f1b764b972fb32fe387f6ca0eeaaba37f59cf980c6db5,221702,usable,1.0,True,0.3894057243265376,5.551115123125783e-17
20,5706,5687,JAVKLH010256516.1_De,20,452,433,5261,5706,446,16,19,caat,5707,5710,caat,,,,,,,,,,,,,,bairdi,SRX21425397,GCA_034783875.1,JAVKLH010256516.1_De_20_5706,JAVKLH010256516.1_De_20_5706,LTR,Gypsy,unknown,no,-,RH|Ty3_gypsy INT|Ty3_gypsy GAG|Ty3_gypsy RT|Ty3_gypsy,True,5,5687,5687,0,0,1.0,1.0,1.0,1.0,65.01154734411085,73.16591928251121,69.14903299203641,100.50228785357737,0.6880344166172636,-0.5394473621675835,69.14903299203641,100.50228785357737,0.6880344166172636,-0.16924810223448797,input_data/ectopic_recombination/JAVKLH010256516.1_De_20_5706.fa.depth.txt,989c507802a7c391009bcb5037fa8e85b3aff6c0952f580e3200376a14324ea4,211389,usable,1.0,True,0.6880344166172636,0.0
765,6792,6028,JAVKLH010260390.1_De,765,1141,377,6424,6792,369,761,764,tatc,6793,6796,tatc,,,,,,,,,,,,,,bairdi,SRX21425397,GCA_034783875.1,JAVKLH010260390.1_De_765_6792,JAVKLH010260390.1_De_765_6792,LTR,Gypsy,unknown,no,-,GAG|Ty3_gypsy RT|Ty3_gypsy RH|Ty3_gypsy INT|Ty3_gypsy,True,5,6028,6028,0,0,1.0,1.0,1.0,1.0,22.83289124668435,33.4579945799458,28.08847184986595,54.73078379401742,0.5132115767897386,-0.96237438044424,28.08847184986595,54.73078379401742,0.5132115767897386,-0.5413861747934194,input_data/ectopic_recombination/JAVKLH010260390.1_De_765_6792.fa.depth.txt,1b5df0f4ccaf771fcef9ab8c2c38a05962b74e511960473e625536974d924785,228452,usable,1.0,True,0.5132115767897386,0.0
442,5147,4706,JAVKLH010267126.1_De,442,969,528,4629,5147,519,438,441,aacc,5148,5151,aacc,,,,,,,,,,,,,,bairdi,SRX21425397,GCA_034783875.1,JAVKLH010267126.1_De_442_5147,JAVKLH010267126.1_De_442_5147,LTR,Gypsy,unknown,no,-,INT|Ty3_gypsy GAG|Ty3_gypsy PROT|Ty3_gypsy RH|Ty3_gypsy,True,5,4706,4706,0,0,1.0,1.0,1.0,1.0,122.98863636363636,195.26589595375722,158.81661891117477,153.70893686799673,1.0332295710792956,0.047160839159871626,158.81661891117477,153.70893686799673,1.0332295710792956,-0.6647511687203909,input_data/ectopic_recombination/JAVKLH010267126.1_De_442_5147.fa.depth.txt,fb1737c82b6c1bfab8165aed42bbae6134c3acdb875378ba305d4cab6e41fdb0,181365,usable,1.0,True,1.0332295710792956,0.0
1775,7494,5720,JAVKLH010278073.1_De,1775,2605,831,6668,7494,827,1771,1774,caga,7495,7498,caga,6671.0,6687.0,gaagacagaagagggaa,+,19.0,,,,,,,,,bairdi,SRX21425397,GCA_034783875.1,JAVKLH010278073.1_De_1775_7494,JAVKLH010278073.1_De_1775_7494,LTR,Gypsy,unknown,yes,+,GAG|Ty3_gypsy PROT|Ty3_gypsy RT|Ty3_gypsy RH|Ty3_gypsy INT|Ty3_gypsy,True,6,5720,5720,0,0,1.0,1.0,1.0,1.0,199.53429602888087,122.65417170495768,161.18697225572978,310.0305268340719,0.5199067778960906,-0.9436751314870545,161.18697225572978,310.0305268340719,0.5199067778960906,0.6997818740563204,input_data/ectopic_recombination/JAVKLH010278073.1_De_1775_7494.fa.depth.txt,665c816127f807e619da73d62999781bb7751c09bf34756ab84f20ed514217b5,226939,usable,1.0,True,0.5199067778960906,0.0
7,5556,5550,JAVKLH010286469.1_De,7,137,131,5426,5556,131,3,6,cacc,5557,5560,cacc,5436.0,5453.0,aaggatggaaaagggaca,+,27.0,,,,,,,,,bairdi,SRX21425397,GCA_034783875.1,JAVKLH010286469.1_De_7_5556,JAVKLH010286469.1_De_7_5556,LTR,Gypsy,unknown,no,-,PROT|Ty3_gypsy RT|Ty3_gypsy RH|Ty3_gypsy INT|Ty3_gypsy,True,5,5550,5550,0,0,1.0,1.0,1.0,1.0,10.488549618320612,8.282442748091603,9.385496183206106,39.45461422087746,0.23788082505796646,-2.0716891102562847,9.385496183206106,39.45461422087746,0.23788082505796646,0.323306805339345,input_data/ectopic_recombination/JAVKLH010286469.1_De_7_5556.fa.depth.txt,a50a44662e79206e917e0e153a6685f4a27c4c4060717a934ababb7a562d0bb1,197801,usable,1.0,True,0.2378808250579664,5.551115123125783e-17
2897,8517,5621,JAVKLH010306822.1_De,2897,3351,455,8082,8517,436,2893,2896,cgct,8518,8521,cgct,,,,,,,,,,,,,,bairdi,SRX21425397,GCA_034783875.1,JAVKLH010306822.1_De_2897_8517,JAVKLH010306822.1_De_2897_8517,LTR,Gypsy,unknown,no,+,RH|Ty3_gypsy GAG|Ty3_gypsy INT|Ty3_gypsy RT|Ty3_gypsy,True,5,5621,5621,0,1,0.9978021978021978,1.0,0.9988776655443322,1.0,12.498901098901099,7.635321100917431,10.118967452300785,28.524524312896407,0.35474622964092106,-1.4951407439553108,10.130337078651685,28.524524312896407,0.3551448209101805,0.6761184705846518,input_data/ectopic_recombination/JAVKLH010306822.1_De_2897_8517.fa.depth.txt,1d276b22bfaf5faea1127eb37e634048a6b938d812b5629ff34cba94fb96bfd2,217699,usable,1.0,True,0.3551448209101805,0.0
372,5384,5013,JAVKLH010320430.1_De,372,607,236,5160,5384,225,368,371,gagg,5385,5388,gagg,,,,,,,,,,,,,,bairdi,SRX21425397,GCA_034783875.1,JAVKLH010320430.1_De_372_5384,JAVKLH010320430.1_De_372_5384,LTR,Gypsy,unknown,yes,+,GAG|Ty3_gypsy PROT|Ty3_gypsy RT|Ty3_gypsy RH|Ty3_gypsy INT|Ty3_gypsy,True,6,5013,5013,0,27,1.0,1.0,1.0,0.9940685413005272,5.779661016949152,2.942222222222222,4.394793926247289,17.18145869947276,0.25578700872366267,-1.9669851024656928,4.394793926247289,17.283977900552486,0.2542698186455566,0.8673464453714611,input_data/ectopic_recombination/JAVKLH010320430.1_De_372_5384.fa.depth.txt,a567993a59be9dc16db16e07c47bd227b3589afe54f41586f1a549281304da80,188092,usable,1.0,True,0.2542698186455566,0.0
7,5372,5366,JAVKLH010321866.1_De,7,223,217,5161,5372,212,3,6,taat,5373,5376,taat,5130.0,5145.0,gaaacagaacgaagaa,+,16.0,,,,,,,,,bairdi,SRX21425397,GCA_034783875.1,JAVKLH010321866.1_De_7_5372,JAVKLH010321866.1_De_7_5372,LTR,Gypsy,unknown,no,-,RT|Ty3_gypsy RH|Ty3_gypsy INT|Ty3_gypsy GAG|Ty3_gypsy,True,5,5366,5366,0,0,1.0,1.0,1.0,1.0,69.92626728110599,86.29245283018868,78.01398601398601,108.28964958476807,0.7204195997782543,-0.47309066306260644,78.01398601398601,108.28964958476807,0.7204195997782543,-0.30145597706080934,input_data/ectopic_recombination/JAVKLH010321866.1_De_7_5372.fa.depth.txt,82d5b66def676ff258608eb665d66b914c61661e67eba440b948fcdcfbb5a453,194560,usable,1.0,True,0.7204195997782543,0.0
1651,8139,6489,JAVKLH010390907.1_De,1651,2336,686,7451,8139,689,1647,1650,cttg,8140,8143,cttg,,,,,,,,,,,,,,bairdi,SRX21425397,GCA_034783875.1,JAVKLH010390907.1_De_1651_8139,JAVKLH010390907.1_De_1651_8139,LTR,Gypsy,unknown,no,-,GAG|Ty3_gypsy RT|Ty3_gypsy RH|Ty3_gypsy INT|Ty3_gypsy,True,5,6489,6489,0,0,1.0,1.0,1.0,1.0,116.11224489795919,157.5500725689405,136.87636363636364,238.0351974970669,0.5750257318061135,-0.7983015782765244,136.87636363636364,238.0351974970669,0.5750257318061135,-0.4386624106118314,input_data/ectopic_recombination/JAVKLH010390907.1_De_1651_8139.fa.depth.txt,af37d3075306912b36147907fe81c8cb325aa8143744ee1da61a13ece18c11ea,257452,usable,1.0,True,0.5750257318061135,0.0
2440,8096,5657,JAVKLH010403064.1_De,2440,3430,991,7105,8096,992,2436,2439,ccaa,8097,8100,ccaa,,,,,,,,,,,,,,bairdi,SRX21425397,GCA_034783875.1,JAVKLH010403064.1_De_2440_8096,JAVKLH010403064.1_De_2440_8096,LTR,Gypsy,unknown,no,-,RT|Ty3_gypsy RH|Ty3_gypsy INT|Ty3_gypsy GAG|Ty3_gypsy PROT|Ty3_gypsy,True,6,5657,5657,0,0,1.0,1.0,1.0,1.0,35.822401614530776,23.532258064516128,29.67423096318709,36.76020685900925,0.8072378666692536,-0.3089342435667193,29.67423096318709,36.76020685900925,0.8072378666692536,0.5958873858031571,input_data/ectopic_recombination/JAVKLH010403064.1_De_2440_8096.fa.depth.txt,3fdafc7d265bf51e25242a95ca0030330a287f811efc4f566bb38432ba4b87d3,219373,usable,1.0,True,0.8072378666692536,0.0
890,6454,5565,JAVKLH010422973.1_De,890,1224,335,6128,6454,327,886,889,tagg,6455,6458,tagg,1230.0,1240.0,aaaaaaaaaaa,-,6.0,,,,,,,,,bairdi,SRX21425397,GCA_034783875.1,JAVKLH010422973.1_De_890_6454,JAVKLH010422973.1_De_890_6454,LTR,Gypsy,unknown,no,-,GAG|Ty3_gypsy RT|Ty3_gypsy RH|Ty3_gypsy INT|Ty3_gypsy,True,5,5565,5565,0,0,1.0,1.0,1.0,1.0,50.528358208955225,61.654434250764524,56.02416918429003,54.93554966347134,1.0198163034226004,0.028309307090606788,56.02416918429003,54.93554966347134,1.0198163034226004,-0.2845580953073405,input_data/ectopic_recombination/JAVKLH010422973.1_De_890_6454.fa.depth.txt,c31755bc51631cf9b4794805e381cf2b7106ab35a236bb7fef5a19061b0cf407,210764,usable,1.0,True,1.0198163034226004,0.0
7,5980,5974,JAVKLH010450632.1_De,7,868,862,5122,5980,859,3,6,atca,5981,5984,atca,,,,,,,,,,,,,,bairdi,SRX21425397,GCA_034783875.1,JAVKLH010450632.1_De_7_5980,JAVKLH010450632.1_De_7_5980,LTR,Gypsy,unknown,no,-,PROT|Ty3_gypsy RT|Ty3_gypsy RH|Ty3_gypsy INT|Ty3_gypsy,True,5,5974,5974,0,4,1.0,0.9953434225844005,0.9976757699012202,1.0,20.395591647331788,39.95576251455181,30.15862870424172,43.30966376675288,0.6963487148425593,-0.5221181405583626,30.22888759464182,43.30966376675288,0.6979709599557627,-0.9531466062564485,input_data/ectopic_recombination/JAVKLH010450632.1_De_7_5980.fa.depth.txt,819f4f7896e542b3f2c8d339177ec2b733d6747438e75fc32aa8e71a4838168b,213507,usable,1.0,True,0.6979709599557627,0.0
1383,7906,6524,JAVKLH010455064.1_De,1383,2375,993,6921,7906,986,1379,1382,ataa,7907,7910,ataa,6910.0,6919.0,gaaaaaagga,+,2.0,,,,,,,,,bairdi,SRX21425397,GCA_034783875.1,JAVKLH010455064.1_De_1383_7906,JAVKLH010455064.1_De_1383_7906,LTR,Gypsy,unknown,no,-,RH|Ty3_gypsy INT|Ty3_gypsy GAG|Ty3_gypsy RT|Ty3_gypsy,True,5,6524,6524,0,0,1.0,1.0,1.0,1.0,4478.262839879154,4039.531440162272,4259.673067205659,9263.7900990099,0.4598196873719026,-1.1208598579183444,4259.673067205659,9263.7900990099,0.4598196873719026,0.1487337541109632,input_data/ectopic_recombination/JAVKLH010455064.1_De_1383_7906.fa.depth.txt,0ed346a4ad3cd3a9ccdd326e5ff755d5359a3a8fe4e17b71d36ff74a7b51b367,267133,usable,1.0,True,0.4598196873719026,0.0
442,6437,5996,JAVKLH010632105.1_De,442,673,232,6198,6437,240,438,441,aacc,6438,6441,aacc,,,,,,,,,,,,,,bairdi,SRX21425397,GCA_034783875.1,JAVKLH010632105.1_De_442_6437,JAVKLH010632105.1_De_442_6437,LTR,Gypsy,unknown,no,-,GAG|Ty3_gypsy RT|Ty3_gypsy RH|Ty3_gypsy INT|Ty3_gypsy,True,5,5996,5996,0,0,1.0,1.0,1.0,1.0,42.956896551724135,45.766666666666666,44.38559322033898,160.80032585083273,0.2760292492287205,-1.8571069457048546,44.38559322033898,160.80032585083273,0.2760292492287205,-0.0903880130879504,input_data/ectopic_recombination/JAVKLH010632105.1_De_442_6437.fa.depth.txt,d072595e0dac77582eb000c123e8939faa9c830cbf158aad5d2be9044a57e343,230503,usable,1.0,True,0.2760292492287205,0.0
1491,6959,5469,JAVKLH010865670.1_De,1491,1669,179,6782,6959,178,1487,1490,acca,6960,6963,acca,,,,,,,,,,,,,,bairdi,SRX21425397,GCA_034783875.1,JAVKLH010865670.1_De_1491_6959,JAVKLH010865670.1_De_1491_6959,LTR,Gypsy,unknown,no,+,PROT|Ty3_gypsy RT|Ty3_gypsy RH|Ty3_gypsy INT|Ty3_gypsy,True,5,5469,5469,0,100,1.0,1.0,1.0,0.9804381846635368,35.88268156424581,53.59550561797753,44.714285714285715,139.6332159624413,0.3202267125775647,-1.6428344357035323,44.714285714285715,142.41919393455706,0.31396249676031973,-0.5722568566273313,input_data/ectopic_recombination/JAVKLH010865670.1_De_1491_6959.fa.depth.txt,cc1fb9b95b49f859618b96b2184931cd537e0f9b2325cddd8f7b6575355e6eaf,215471,usable,1.0,True,0.3139624967603197,5.551115123125783e-17
9,5807,5799,JAVKLH010865671.1_De,9,322,314,5488,5807,320,5,8,tgat,5808,5811,tgat,5470.0,5481.0,aaggggagaggg,+,7.0,,,,,,,,,bairdi,SRX21425397,GCA_034783875.1,JAVKLH010865671.1_De_9_5807,JAVKLH010865671.1_De_9_5807,LTR,Gypsy,unknown,no,-,RT|Ty3_gypsy RH|Ty3_gypsy INT|Ty3_gypsy GAG|Ty3_gypsy,True,5,5799,5799,0,0,1.0,1.0,1.0,1.0,23.993630573248407,86.0875,55.33438485804417,61.52061955469506,0.8994445319076964,-0.1528937806247685,55.33438485804417,61.52061955469506,0.8994445319076964,-1.821752135210074,input_data/ectopic_recombination/JAVKLH010865671.1_De_9_5807.fa.depth.txt,70b814f04252277493a5c7377c344dd82e6f78ff5e26e490a6be1bed03d23aeb,208538,usable,1.0,True,0.8994445319076964,0.0
11,6107,6097,JAVKLH010926566.1_De,11,825,815,5266,6107,842,7,10,tcct,6108,6111,tcct,817.0,833.0,gggggggggcggggggg,-,8.0,,,,,,,,,bairdi,SRX21425397,GCA_034783875.1,JAVKLH010926566.1_De_11_6107,JAVKLH010926566.1_De_11_6107,LTR,Gypsy,unknown,yes,-,GAG|Ty3_gypsy PROT|Ty3_gypsy RT|Ty3_gypsy RH|Ty3_gypsy INT|Ty3_gypsy,True,6,6097,6097,0,4,0.996319018404908,0.998812351543943,0.9975859987929994,1.0,24.175460122699388,30.53919239904988,27.4091732045866,97.72297297297297,0.28047829871249513,-1.8340389445560896,27.475499092558984,97.72297297297297,0.28115701207901056,-0.33101403406197627,input_data/ectopic_recombination/JAVKLH010926566.1_De_11_6107.fa.depth.txt,e48ec89afa0dbdc5a5de9d879226e63acd1a813b12896e03c0bab181e7c553eb,226283,usable,1.0,True,0.2811570120790105,5.551115123125783e-17
14,5986,5973,JAVKLH010969749.1_De,14,669,656,5317,5986,670,10,13,atgg,5987,5990,atgg,,,,,,,,,,,,,,bairdi,SRX21425397,GCA_034783875.1,JAVKLH010969749.1_De_14_5986,JAVKLH010969749.1_De_14_5986,LTR,Gypsy,unknown,no,-,RH|Ty3_gypsy INT|Ty3_gypsy GAG|Ty3_gypsy PROT|Ty3_gypsy RT|Ty3_gypsy,True,6,5973,5973,0,0,1.0,1.0,1.0,1.0,72.45426829268293,63.14328358208955,67.74962292609351,83.59199483537766,0.8104797960560289,-0.3031518727387197,67.74962292609351,83.59199483537766,0.8104797960560289,0.19698411619817374,input_data/ectopic_recombination/JAVKLH010969749.1_De_14_5986.fa.depth.txt,a764a90a907dec2173465a476af6c60a6eee3670cb0c880cd2a97eede6490eff,221046,usable,1.0,True,0.8104797960560289,0.0
6,5343,5338,JAVKLH010986370.1_De,6,252,247,5109,5343,235,2,5,ttca,5344,5347,ttca,,,,,,,,,,,,,,bairdi,SRX21425397,GCA_034783875.1,JAVKLH010986370.1_De_6_5343,JAVKLH010986370.1_De_6_5343,LTR,Gypsy,unknown,no,+,GAG|Ty3_gypsy RT|Ty3_gypsy RH|Ty3_gypsy INT|Ty3_gypsy,True,5,5338,5338,0,0,1.0,1.0,1.0,1.0,80.94331983805668,32.242553191489364,57.19917012448133,66.28747940691927,0.8628955367778054,-0.21274217939359819,57.19917012448133,66.28747940691927,0.8628955367778054,1.314629546202957,input_data/ectopic_recombination/JAVKLH010986370.1_De_6_5343.fa.depth.txt,35f643ff3b2e6fc5dafeab7b586a924d593924ff0cb1d82b405df15f55d5eacf,191512,usable,1.0,True,0.8628955367778054,0.0
20,6697,6678,JAVKLH010998550.1_De,20,1000,981,5698,6697,1000,16,19,agat,6698,6701,agat,5704.0,5715.0,gaaaaagggaga,+,17.0,,,,,,,,,bairdi,SRX21425397,GCA_034783875.1,JAVKLH010998550.1_De_20_6697,JAVKLH010998550.1_De_20_6697,LTR,Gypsy,unknown,no,-,INT|Ty3_gypsy GAG|Ty3_gypsy RT|Ty3_gypsy RH|Ty3_gypsy,True,5,6678,6678,0,0,1.0,1.0,1.0,1.0,64.855249745158,55.519,60.142352347299344,134.60464126037897,0.44680741900244053,-1.1622749536740866,60.142352347299344,134.60464126037897,0.44680741900244053,0.222386897056001,input_data/ectopic_recombination/JAVKLH010998550.1_De_20_6697.fa.depth.txt,223fa66ed08c8457a410cf7b03b84b55f9c293df983273adb61d87894d011b44,249708,usable,1.0,True,0.4468074190024405,5.551115123125783e-17
976,6762,5787,JAUBNR010001177.1_De,976,1257,282,6484,6762,279,972,975,gggt,6763,6766,gggt,,,,,,,,,,,,,,balsameus,SRX20502826,GCA_032353675.1,JAUBNR010001177.1_De_976_6762,JAUBNR010001177.1_De_976_6762,LTR,Gypsy,unknown,no,-,GAG|Ty3_gypsy RT|Ty3_gypsy RH|Ty3_gypsy INT|Ty3_gypsy,True,5,5787,5787,0,0,1.0,1.0,1.0,1.0,10395.82269503546,8261.824372759856,9334.529411764706,4157.606773823191,2.2451688963314336,1.1668239780330059,9334.529411764706,4157.606773823191,2.2451688963314336,0.33145371436371096,input_data/ectopic_recombination/JAUBNR010001177.1_De_976_6762.fa.depth.txt,c6eb0650f8f67d7850a4b706d8d57e794209ff7b4d28c4d20f808753e9215151,228924,usable,1.0,True,2.2451688963314336,0.0
872,6728,5857,JAUBNR010002280.1_De,872,1162,291,6427,6728,302,868,871,gcag,6729,6732,gcag,,,,,,,,,,,,,,balsameus,SRX20502826,GCA_032353675.1,JAUBNR010002280.1_De_872_6728,JAUBNR010002280.1_De_872_6728,LTR,Gypsy,unknown,no,-,GAG|Ty3_gypsy RT|Ty3_gypsy RH|Ty3_gypsy INT|Ty3_gypsy,True,5,5857,5857,0,0,1.0,1.0,1.0,1.0,5254.7697594501715,9825.102649006623,7582.325463743677,3415.7507598784196,2.219812274597448,1.150437675693037,7582.325463743677,3415.7507598784196,2.219812274597448,-0.902781075753041,input_data/ectopic_recombination/JAUBNR010002280.1_De_872_6728.fa.depth.txt,4666431fd112a3826e66497f7f6be3045ba3fac7fd2f055ee2d1a60b5677d2f6,232716,usable,1.0,True,2.219812274597448,0.0
20,5634,5615,JAUBNR010009355.1_De,20,221,202,5418,5634,217,16,19,atgg,5635,5638,atgg,5433.0,5441.0,aaggggagg,+,23.0,,,,,,,,,balsameus,SRX20502826,GCA_032353675.1,JAUBNR010009355.1_De_20_5634,JAUBNR010009355.1_De_20_5634,LTR,Gypsy,unknown,yes,-,GAG|Ty3_gypsy PROT|Ty3_gypsy RT|Ty3_gypsy RH|Ty3_gypsy INT|Ty3_gypsy,True,6,5615,5615,0,0,1.0,1.0,1.0,1.0,41.06930693069307,18.76036866359447,29.515513126491648,81.635103926097,0.36155418082411683,-1.4677162359567635,29.515513126491648,81.635103926097,0.36155418082411683,1.1098833765177163,input_data/ectopic_recombination/JAUBNR010009355.1_De_20_5634.fa.depth.txt,234dee3e3c218f06c1b36884072769abaa6411b1ea82a2b045a0052acf3a14d8,207695,usable,1.0,True,0.3615541808241168,5.551115123125783e-17
5,5403,5399,JAUBNR010014998.1_De,5,345,341,5058,5403,346,1,4,agtc,5404,5407,agtc,356.0,374.0,ggagagaggaggtgaaaag,-,11.0,,,,,,,,,balsameus,SRX20502826,GCA_032353675.1,JAUBNR010014998.1_De_5_5403,JAUBNR010014998.1_De_5_5403,LTR,Gypsy,unknown,no,+,INT|Ty3_gypsy GAG|Ty3_gypsy PROT|Ty3_gypsy RT|Ty3_gypsy RH|Ty3_gypsy,True,6,5399,5399,0,0,1.0,1.0,1.0,1.0,31.316715542521994,75.5606936416185,53.59970887918486,76.13030560271646,0.7040521964918045,-0.5062457046208017,53.59970887918486,76.13030560271646,0.7040521964918045,-1.2573661826687543,input_data/ectopic_recombination/JAUBNR010014998.1_De_5_5403.fa.depth.txt,fdabfa9c258d40ea70f6033b07cd4bfa35df25387f051963dbfc338bb7c52208,193714,usable,1.0,True,0.7040521964918045,0.0
7,4823,4817,JAUBNR010030478.1_De,7,267,261,4553,4823,271,3,6,aaac,4824,4827,aaac,280.0,288.0,agaagaaga,-,13.0,,,,,,,,,balsameus,SRX20502826,GCA_032353675.1,JAUBNR010030478.1_De_7_4823,JAUBNR010030478.1_De_7_4823,LTR,Gypsy,unknown,no,+,RH|Ty3_gypsy INT|Ty3_gypsy GAG|Ty3_gypsy PROT|Ty3_gypsy RT|Ty3_gypsy,True,6,4817,4817,0,4,0.9846743295019157,1.0,0.9924812030075187,1.0,30.0,25.752767527675278,27.836466165413533,43.68144690781797,0.6372606251839027,-0.6500445720736503,28.047348484848484,43.68144690781797,0.6420883571928716,0.21633972511607455,input_data/ectopic_recombination/JAUBNR010030478.1_De_7_4823.fa.depth.txt,f254b05b60600935c9eb8a88d932bc03c380b346ca46df897c2e646224b00800,172289,usable,1.0,True,0.6420883571928716,0.0
2168,8368,6201,JAUBNR010044301.1_De,2168,2332,165,8205,8368,164,2164,2167,tggg,8369,8372,tggg,,,,,,,,,,,,,,balsameus,SRX20502826,GCA_032353675.1,JAUBNR010044301.1_De_2168_8368,JAUBNR010044301.1_De_2168_8368,LTR,Gypsy,unknown,yes,+,GAG|Ty3_gypsy PROT|Ty3_gypsy RT|Ty3_gypsy RH|Ty3_gypsy INT|Ty3_gypsy,True,6,6201,6201,0,0,1.0,1.0,1.0,1.0,127.0060606060606,91.8170731707317,109.46504559270517,110.19226839237058,0.9934004190105613,-0.009552739591644138,109.46504559270517,110.19226839237058,0.9934004190105613,0.4658964322783966,input_data/ectopic_recombination/JAUBNR010044301.1_De_2168_8368.fa.depth.txt,595be099a8d6d51799d3912b0e99241fb5d0c4baaaf8694ac2c8b04810f11397,244563,usable,1.0,True,0.9934004190105612,1.1102230246251565e-16
11,5715,5705,JAUBNR010045408.1_De,11,353,343,5364,5715,352,7,10,acac,5716,5719,acac,,,,,,,,,,,,,,balsameus,SRX20502826,GCA_032353675.1,JAUBNR010045408.1_De_11_5715,JAUBNR010045408.1_De_11_5715,LTR,Gypsy,unknown,no,-,GAG|Ty3_gypsy RT|Ty3_gypsy RH|Ty3_gypsy INT|Ty3_gypsy,True,5,5705,5705,0,0,1.0,1.0,1.0,1.0,115.20991253644316,361.29829545454544,239.84748201438848,105.48522954091817,2.2737541839575806,1.1850762925966294,239.84748201438848,105.48522954091817,2.2737541839575806,-1.6446731496982774,input_data/ectopic_recombination/JAUBNR010045408.1_De_11_5715.fa.depth.txt,4a12be2bee8066422696e4145954c28a5de266fb12ae5ac8e04bb677268771d6,213053,usable,1.0,True,2.273754183957581,4.440892098500626e-16
17,5096,5080,JAUBNR010068005.1_De,17,215,199,4887,5096,210,13,16,ggag,5097,5100,ggag,,,,,,,,,,,,,,balsameus,SRX20502826,GCA_032353675.1,JAUBNR010068005.1_De_17_5096,JAUBNR010068005.1_De_17_5096,LTR,Gypsy,unknown,no,-,GAG|Ty3_gypsy PROT|Ty3_gypsy RT|Ty3_gypsy RH|Ty3_gypsy,True,5,5080,5080,0,0,1.0,1.0,1.0,1.0,8.482412060301508,5.242857142857143,6.819070904645477,15.020338257332478,0.4539891704047751,-1.139270211445339,6.819070904645477,15.020338257332478,0.4539891704047751,0.6453342317755032,input_data/ectopic_recombination/JAUBNR010068005.1_De_17_5096.fa.depth.txt,2f9e6805911b8c1ad945c051d060f144c6c28b74b244a40d2766e01fde7bd932,185916,usable,1.0,True,0.4539891704047751,0.0
16,5014,4999,JAUBNR010078728.1_De,16,298,283,4722,5014,293,12,15,gatg,5015,5018,gatg,,,,,,,,,,,,,,balsameus,SRX20502826,GCA_032353675.1,JAUBNR010078728.1_De_16_5014,JAUBNR010078728.1_De_16_5014,LTR,Gypsy,unknown,no,-,RH|Ty3_gypsy INT|Ty3_gypsy GAG|Ty3_gypsy PROT|Ty3_gypsy RT|Ty3_gypsy,True,6,4999,4999,0,0,1.0,1.0,1.0,1.0,1045.8621908127209,823.8225255972696,932.9149305555555,1849.19782952747,0.5044970936365124,-0.9870821367713261,932.9149305555555,1849.19782952747,0.5044970936365124,0.3441014927562491,input_data/ectopic_recombination/JAUBNR010078728.1_De_16_5014.fa.depth.txt,74c133629d32ae6aa07a6cd14c3b96c2015acfb3293e9f43853fa32dd66be213,193261,usable,1.0,True,0.5044970936365124,0.0
1601,7002,5402,JAUBNR010079720.1_De,1601,2082,482,6520,7002,483,1597,1600,gaaa,7003,7006,gaaa,,,,,,,,,,,,,,balsameus,SRX20502826,GCA_032353675.1,JAUBNR010079720.1_De_1601_7002,JAUBNR010079720.1_De_1601_7002,LTR,Gypsy,unknown,no,-,INT|Ty3_gypsy GAG|Ty3_gypsy PROT|Ty3_gypsy RT|Ty3_gypsy RH|Ty3_gypsy,True,6,5402,5402,0,0,1.0,1.0,1.0,1.0,38.14522821576764,45.55693581780538,41.854922279792746,58.38494478251071,0.7168786822648575,-0.4801991033015598,41.854922279792746,58.38494478251071,0.7168786822648575,-0.25312814541341866,input_data/ectopic_recombination/JAUBNR010079720.1_De_1601_7002.fa.depth.txt,67e3b30521826024adbbbc47ee300cffec662846e842bf9d0fd2d7ab06f540d9,209783,usable,1.0,True,0.7168786822648575,0.0
7,6303,6297,JAUBNR010095207.1_De,7,133,127,6170,6303,134,3,6,caga,6304,6307,caga,6173.0,6182.0,agagaggaag,+,12.0,,,,,,,,,balsameus,SRX20502826,GCA_032353675.1,JAUBNR010095207.1_De_7_6303,JAUBNR010095207.1_De_7_6303,LTR,Gypsy,unknown,yes,-,GAG|Ty3_gypsy PROT|Ty3_gypsy RT|Ty3_gypsy RH|Ty3_gypsy INT|Ty3_gypsy,True,6,6297,6297,0,0,1.0,1.0,1.0,1.0,30.37795275590551,130.2089552238806,81.63218390804597,102.51706428098078,0.7962789851678438,-0.32865411135287675,81.63218390804597,102.51706428098078,0.7962789851678438,-2.081708978922633,input_data/ectopic_recombination/JAUBNR010095207.1_De_7_6303.fa.depth.txt,a1f9b0ea6f2c79ddd4e0c2ba2778fdc03fa7bd682622ec4197079263ca000038,228944,usable,1.0,True,0.7962789851678438,0.0
2321,7939,5619,JAUBNR010101846.1_De,2321,2534,214,7718,7939,222,2317,2320,tgct,7940,7943,tgct,,,,,,,,,,,,,,balsameus,SRX20502826,GCA_032353675.1,JAUBNR010101846.1_De_2321_7939,JAUBNR010101846.1_De_2321_7939,LTR,Gypsy,unknown,no,+,GAG|Ty3_gypsy RT|Ty3_gypsy RH|Ty3_gypsy INT|Ty3_gypsy,True,5,5619,5619,0,0,1.0,1.0,1.0,1.0,19558.859813084113,9611.851351351352,14494.098623853211,2829.356936137372,5.122753668415022,2.3569195203499005,14494.098623853211,2829.356936137372,5.122753668415022,1.024897862949158,input_data/ectopic_recombination/JAUBNR010101846.1_De_2321_7939.fa.depth.txt,0749f2bba17626ec75c7c017b2a0b04a04d3952084ba8481a10126835681c01e,228070,usable,1.0,True,5.122753668415022,0.0
1374,7159,5786,JAUBNR010107383.1_De,1374,1693,320,6836,7159,324,1369,1373,gttca,7160,7164,gttca,6840.0,6848.0,ggggaggag,+,12.0,,,,,,,,,balsameus,SRX20502826,GCA_032353675.1,JAUBNR010107383.1_De_1374_7159,JAUBNR010107383.1_De_1374_7159,LTR,Gypsy,unknown,no,-,GAG|Ty3_gypsy RT|Ty3_gypsy RH|Ty3_gypsy INT|Ty3_gypsy,True,5,5786,5786,0,0,1.0,1.0,1.0,1.0,23.884375,32.29938271604938,28.11801242236025,44.32438739789965,0.6343688897478738,-0.6566060736988683,28.11801242236025,44.32438739789965,0.6343688897478738,-0.4277116687077651,input_data/ectopic_recombination/JAUBNR010107383.1_De_1374_7159.fa.depth.txt,e9767d25c53826a8aace8a4d73355365ab630e453cea9df5a2205449f751e345,224590,usable,1.0,True,0.6343688897478738,0.0
648,7223,6576,JAUBNR010153884.1_De,648,1489,842,6378,7223,846,644,647,cttg,7224,7227,cttg,6359.0,6377.0,aagaggacggggcaggaaa,+,1.0,,,,,,,,,balsameus,SRX20502826,GCA_032353675.1,JAUBNR010153884.1_De_648_7223,JAUBNR010153884.1_De_648_7223,LTR,Gypsy,unknown,no,+,INT|Ty3_gypsy GAG|Ty3_gypsy RT|Ty3_gypsy RH|Ty3_gypsy,True,5,6576,6576,0,0,1.0,1.0,1.0,1.0,88.18883610451306,111.02364066193853,99.63329383886256,151.0785597381342,0.6594800348345776,-0.6005991110453311,99.63329383886256,151.0785597381342,0.6594800348345776,-0.33052514474661676,input_data/ectopic_recombination/JAUBNR010153884.1_De_648_7223.fa.depth.txt,f76aa010fc3e77c97ab9c558c29e148bca5a218e44ecc113a7dddbd99f7b0bcf,253170,usable,1.0,True,0.6594800348345776,0.0
18,5955,5938,JAUBNR010166061.1_De,18,406,389,5543,5955,413,14,17,ctgg,5956,5959,ctgg,,,,,,,,,,,,,,balsameus,SRX20502826,GCA_032353675.1,JAUBNR010166061.1_De_18_5955,JAUBNR010166061.1_De_18_5955,LTR,Gypsy,unknown,no,-,GAG|Ty3_gypsy RT|Ty3_gypsy RH|Ty3_gypsy INT|Ty3_gypsy,True,5,5938,5938,0,0,1.0,1.0,1.0,1.0,24.55784061696658,20.358353510895885,22.395261845386532,34.3934968847352,0.6511481493272113,-0.6189422719520519,22.395261845386532,34.3934968847352,0.6511481493272113,0.2646368136110655,input_data/ectopic_recombination/JAUBNR010166061.1_De_18_5955.fa.depth.txt,cf714693a8da9808ebcbeb617c000903d614700616182b139971148b2d407eae,218532,usable,1.0,True,0.6511481493272113,0.0
1403,6622,5220,JAUBNR010179337.1_De,1403,1802,400,6226,6622,397,1399,1402,tcta,6623,6626,tcta,,,,,,,,,,,,,,balsameus,SRX20502826,GCA_032353675.1,JAUBNR010179337.1_De_1403_6622,JAUBNR010179337.1_De_1403_6622,LTR,Gypsy,unknown,no,-,PROT|Ty3_gypsy RT|Ty3_gypsy RH|Ty3_gypsy INT|Ty3_gypsy GAG|Ty3_gypsy,True,6,5220,5220,0,0,1.0,1.0,1.0,1.0,95.025,56.886649874055415,76.0276035131744,122.77594392945964,0.6192385990276378,-0.691432693026871,76.0276035131744,122.77594392945964,0.6192385990276378,0.735163197574029,input_data/ectopic_recombination/JAUBNR010179337.1_De_1403_6622.fa.depth.txt,75290a2ed1e28fc5b1f7414ad24dd1310d7f829bbe4d94e71f5b32e6ab53ecc7,205617,usable,1.0,True,0.6192385990276378,0.0
22,11456,11435,JAUBNR010276748.1_De,22,196,175,11265,11456,192,18,21,tcat,11457,11460,tcat,,,,,,,,,,,,,,balsameus,SRX20502826,GCA_032353675.1,JAUBNR010276748.1_De_22_11456,JAUBNR010276748.1_De_22_11456,LTR,Gypsy,unknown,no,-,PROT|Ty3_gypsy RT|Ty3_gypsy RH|Ty3_gypsy INT|Ty3_gypsy GAG|Ty3_gypsy,True,6,11435,11435,0,2,1.0,0.9895833333333334,0.9945504087193461,1.0,126.50857142857143,136.61979166666666,131.7983651226158,1215.031803397181,0.10847318132258989,-3.204589696968484,132.5205479452055,1215.031803397181,0.10906755491887807,-0.1105109591462166,input_data/ectopic_recombination/JAUBNR010276748.1_De_22_11456.fa.depth.txt,3030aedd6827fc6234c13284cc1e5ce75756c82a521049d2085541db7a8e0372,449928,usable,1.0,True,0.109067554918878,6.938893903907228e-17
7,5603,5597,JAUBNR010337653.1_De,7,268,262,5316,5603,288,3,6,ggca,5604,5607,ggca,,,,,,,,,,,,,,balsameus,SRX20502826,GCA_032353675.1,JAUBNR010337653.1_De_7_5603,JAUBNR010337653.1_De_7_5603,LTR,Gypsy,unknown,no,-,PROT|Ty3_gypsy RT|Ty3_gypsy RH|Ty3_gypsy INT|Ty3_gypsy,True,5,5597,5597,0,0,1.0,1.0,1.0,1.0,43.97328244274809,96.36111111111111,71.40545454545455,140.26451357241925,0.5090771195565981,-0.9740438696785259,71.40545454545455,140.26451357241925,0.5090771195565981,-1.122978662731494,input_data/ectopic_recombination/JAUBNR010337653.1_De_7_5603.fa.depth.txt,fa748cd00333a4fd3297a2db00734d2009f66c05e6556548631841e86e678d9e,204300,usable,1.0,True,0.5090771195565981,0.0
1478,6891,5414,JAUBNR010350948.1_De,1478,1658,181,6726,6891,166,1474,1477,cagg,6892,6895,cagg,,,,,,,,,,,,,,balsameus,SRX20502826,GCA_032353675.1,JAUBNR010350948.1_De_1478_6891,JAUBNR010350948.1_De_1478_6891,LTR,Gypsy,unknown,no,+,GAG|Ty3_gypsy RT|Ty3_gypsy RH|Ty3_gypsy INT|Ty3_gypsy,True,5,5414,5414,0,0,1.0,1.0,1.0,1.0,408.3370165745856,257.8614457831325,336.35158501440924,134.84724689165188,2.4943155516157005,1.3186439896077522,336.35158501440924,134.84724689165188,2.4943155516157005,0.6621350268197117,input_data/ectopic_recombination/JAUBNR010350948.1_De_1478_6891.fa.depth.txt,86c13b04ee3287fac1ccbc7e20599996b5b92cb9597efc46bc62641a38df47c2,213293,usable,1.0,True,2.4943155516157005,0.0
741,6464,5724,JAUBNR010360916.1_De,741,1034,294,6172,6464,293,737,740,gaga,6465,6468,gaga,,,,,,,,,,,,,,balsameus,SRX20502826,GCA_032353675.1,JAUBNR010360916.1_De_741_6464,JAUBNR010360916.1_De_741_6464,LTR,Gypsy,unknown,no,-,PROT|Ty3_gypsy RT|Ty3_gypsy RH|Ty3_gypsy INT|Ty3_gypsy,True,5,5724,5724,0,0,1.0,1.0,1.0,1.0,32.76190476190476,24.651877133105803,28.713798977853493,40.02355460385439,0.7174225093712258,-0.47910508384228473,28.713798977853493,40.02355460385439,0.7174225093712258,0.4032047125807761,input_data/ectopic_recombination/JAUBNR010360916.1_De_741_6464.fa.depth.txt,a25c2a71d72aebe8c06b19664e2a226aa2c986715d499644128e11b02afd5a76,216327,usable,1.0,True,0.7174225093712258,0.0
571,6564,5994,JAUBNR010365354.1_De,571,1064,494,6068,6564,497,567,570,acta,6565,6568,acta,6069.0,6078.0,aaaggaaaaa,+,10.0,,,,,,,,,balsameus,SRX20502826,GCA_032353675.1,JAUBNR010365354.1_De_571_6564,JAUBNR010365354.1_De_571_6564,LTR,Gypsy,unknown,no,+,INT|Ty3_gypsy GAG|Ty3_gypsy RT|Ty3_gypsy RH|Ty3_gypsy,True,5,5994,5994,0,0,1.0,1.0,1.0,1.0,39.84817813765182,47.25352112676056,43.562058526740664,67.7527483509894,0.6429563314696816,-0.6372073394671497,43.562058526740664,67.7527483509894,0.6429563314696816,-0.2431035826086516,input_data/ectopic_recombination/JAUBNR010365354.1_De_571_6564.fa.depth.txt,ae6c4ef58bf06a3d06e2d51927f7659723f94de126e677bf67035779ec31cb46,227368,usable,1.0,True,0.6429563314696816,0.0
5,6329,6325,JAUBNR010445143.1_De,5,896,892,5425,6329,905,1,4,tgtc,6330,6333,tgtc,,,,,,,,,,,,,,balsameus,SRX20502826,GCA_032353675.1,JAUBNR010445143.1_De_5_6329,JAUBNR010445143.1_De_5_6329,LTR,Gypsy,unknown,no,-,INT|Ty3_gypsy GAG|Ty3_gypsy RT|Ty3_gypsy RH|Ty3_gypsy,True,5,6325,6325,0,0,1.0,1.0,1.0,1.0,1501.6008968609865,2127.160220994475,1816.6432943795214,3943.9074646643107,0.46062016176998377,-1.1183505342798927,1816.6432943795214,3943.9074646643107,0.46062016176998377,-0.5022860538378288,input_data/ectopic_recombination/JAUBNR010445143.1_De_5_6329.fa.depth.txt,30122a0e5a337852162bb74446f6cc801ded771652f2a0af90ab5627e50274f3,237498,usable,1.0,True,0.4606201617699837,5.551115123125783e-17
84,5094,5011,JAUBNR010448468.1_De,84,199,116,4974,5094,121,80,83,atgc,5095,5098,atgc,4974.0,4984.0,agagtaagaag,+,10.0,,,,,,,,,balsameus,SRX20502826,GCA_032353675.1,JAUBNR010448468.1_De_84_5094,JAUBNR010448468.1_De_84_5094,LTR,Gypsy,unknown,no,+,PROT|Ty3_gypsy RT|Ty3_gypsy RH|Ty3_gypsy INT|Ty3_gypsy,True,5,5011,5011,0,100,1.0,1.0,1.0,0.9790532048596565,93.48275862068965,45.04132231404959,68.75105485232068,144.65186426476748,0.4752863380072331,-1.073131162576993,68.75105485232068,147.7466837826273,0.46533061245199153,1.0452199335179289,input_data/ectopic_recombination/JAUBNR010448468.1_De_84_5094.fa.depth.txt,2df1403a1ec8bd5981721361607ed91f4a9a81371f5b55dbf0e7882fbeb208b8,188473,usable,1.0,True,0.4653306124519915,5.551115123125783e-17
1427,7921,6495,JAUBNR010454003.1_De,1427,1871,445,7482,7921,440,1423,1426,tcct,7922,7925,tcct,,,,,,,,,,,,,,balsameus,SRX20502826,GCA_032353675.1,JAUBNR010454003.1_De_1427_7921,JAUBNR010454003.1_De_1427_7921,LTR,Gypsy,unknown,no,+,GAG|Ty3_gypsy RT|Ty3_gypsy RH|Ty3_gypsy INT|Ty3_gypsy,True,5,6495,6495,0,0,1.0,1.0,1.0,1.0,422.3213483146067,122.88181818181818,273.44745762711864,637.598752228164,0.42887075401500435,-1.221385157268105,273.44745762711864,637.598752228164,0.42887075401500435,1.7769184090414434,input_data/ectopic_recombination/JAUBNR010454003.1_De_1427_7921.fa.depth.txt,4071fbef3f82176a3de944f511244de8c196052cd95cff25f5abaca827b0f587,256812,usable,1.0,True,0.4288707540150043,5.551115123125783e-17
884,6449,5566,JAUBNR010492796.1_De,884,1212,329,6123,6449,327,880,883,ccag,6450,6453,ccag,,,,,,,,,,,,,,balsameus,SRX20502826,GCA_032353675.1,JAUBNR010492796.1_De_884_6449,JAUBNR010492796.1_De_884_6449,LTR,Gypsy,unknown,no,+,GAG|Ty3_gypsy RT|Ty3_gypsy RH|Ty3_gypsy INT|Ty3_gypsy,True,5,5566,5566,0,0,1.0,1.0,1.0,1.0,42.224924012158056,44.333333333333336,43.27591463414634,53.70325865580448,0.8058340539726054,-0.31144532084873244,43.27591463414634,53.70325865580448,0.8058340539726054,-0.06949384093037099,input_data/ectopic_recombination/JAUBNR010492796.1_De_884_6449.fa.depth.txt,ad162af32c54b76aefb65461787edb279f82648b6927e8a1298ec26841afac5f,210520,usable,1.0,True,0.8058340539726054,0.0
12,5888,5877,JAUBNR010493903.1_De,12,390,379,5500,5888,389,8,11,caca,5889,5892,caca,5479.0,5494.0,agagaataagggaaaa,+,6.0,,,,,,,,,balsameus,SRX20502826,GCA_032353675.1,JAUBNR010493903.1_De_12_5888,JAUBNR010493903.1_De_12_5888,LTR,Gypsy,unknown,no,+,GAG|Ty3_gypsy RT|Ty3_gypsy RH|Ty3_gypsy INT|Ty3_gypsy,True,5,5877,5877,0,0,1.0,1.0,1.0,1.0,23.29023746701847,22.994858611825194,23.140625,47.873360735956155,0.48337164227160295,-1.0487952571876213,23.140625,47.873360735956155,0.48337164227160295,0.01802458651940973,input_data/ectopic_recombination/JAUBNR010493903.1_De_12_5888.fa.depth.txt,727cd0ff7aa91a4b2698551eb55665fb0163b0dfbe2b202d2f4d80ad656a95eb,216472,usable,1.0,True,0.4833716422716029,5.551115123125783e-17
18,6450,6433,JAUBNR010521604.1_De,18,998,981,5465,6450,986,14,17,tgcc,6451,6454,tgcc,,,,,,,,,,,,,,balsameus,SRX20502826,GCA_032353675.1,JAUBNR010521604.1_De_18_6450,JAUBNR010521604.1_De_18_6450,LTR,Gypsy,unknown,no,+,RT|Ty3_gypsy RH|Ty3_gypsy INT|Ty3_gypsy GAG|Ty3_gypsy,True,5,6433,6433,0,0,1.0,1.0,1.0,1.0,985.2986748216106,471.80628803245435,727.8998474834774,2705.1632333184057,0.2690779759676711,-1.893903783665759,727.8998474834774,2705.1632333184057,0.2690779759676711,1.0615702987566487,input_data/ectopic_recombination/JAUBNR010521604.1_De_18_6450.fa.depth.txt,48abd3939a4e4e492a3aa7c947572fb4351efd3457d0b7a0cd05758802f83efc,247391,usable,1.0,True,0.2690779759676711,0.0
11,6380,6370,JAUBNR010552617.1_De,11,993,983,5409,6380,972,7,10,cgct,6381,6384,cgct,,,,,,,,,,,,,,balsameus,SRX20502826,GCA_032353675.1,JAUBNR010552617.1_De_11_6380,JAUBNR010552617.1_De_11_6380,LTR,Gypsy,unknown,yes,+,GAG|Ty3_gypsy PROT|Ty3_gypsy RT|Ty3_gypsy RH|Ty3_gypsy INT|Ty3_gypsy,True,6,6370,6370,0,0,1.0,1.0,1.0,1.0,106.22889114954222,54.88168724279836,80.6997442455243,187.23488108720272,0.4310080673907082,-1.2142132216851873,80.6997442455243,187.23488108720272,0.4310080673907082,0.946469849468125,input_data/ectopic_recombination/JAUBNR010552617.1_De_11_6380.fa.depth.txt,ba8668c953ccbe7ffe07f62f245f6ebb5ef2cd784483652a57c81d2e36e56bb7,239679,usable,1.0,True,0.4310080673907082,0.0
584,6226,5643,JAUBNR010569814.1_De,584,949,366,5874,6226,353,580,583,ttga,6227,6230,ttga,,,,,,,,,,,,,,balsameus,SRX20502826,GCA_032353675.1,JAUBNR010569814.1_De_584_6226,JAUBNR010569814.1_De_584_6226,LTR,Gypsy,unknown,yes,-,GAG|Ty3_gypsy PROT|Ty3_gypsy RT|Ty3_gypsy RH|Ty3_gypsy INT|Ty3_gypsy,True,6,5643,5643,0,9,1.0,0.9745042492917847,0.9874826147426982,1.0,11.994535519125684,9.314447592067989,10.678720445062586,25.75731112916328,0.41458987669608827,-1.270243205209589,10.814084507042253,25.75731112916328,0.419845241330264,0.34831829789383334,input_data/ectopic_recombination/JAUBNR010569814.1_De_584_6226.fa.depth.txt,67387d0881e0b1ac0df8ed725591c55b7ef59b67ef90153a7665713bb9614982,212766,usable,1.0,True,0.419845241330264,0.0
1368,6714,5347,JAUBNR010571138.1_De,1368,1551,184,6526,6714,189,1364,1367,gtta,6715,6718,gtta,,,,,,,,,,,,,,balsameus,SRX20502826,GCA_032353675.1,JAUBNR010571138.1_De_1368_6714,JAUBNR010571138.1_De_1368_6714,LTR,Gypsy,unknown,no,+,GAG|Ty3_gypsy RT|Ty3_gypsy RH|Ty3_gypsy INT|Ty3_gypsy,True,5,5347,5347,0,0,1.0,1.0,1.0,1.0,175.16304347826087,96.5026455026455,135.30563002680964,126.5345798150382,1.069317416824654,0.09669016709502268,135.30563002680964,126.5345798150382,1.069317416824654,0.8567147059088736,input_data/ectopic_recombination/JAUBNR010571138.1_De_1368_6714.fa.depth.txt,71ff57412ac3abb8353c87e7238f94282107b3084c9665f31a1ad6eb4eb39429,211447,usable,1.0,True,1.069317416824654,0.0
149,5926,5778,JAUBNR010579433.1_De,149,278,130,5795,5926,132,144,148,tgcac,5927,5931,tgcac,,,,,,,,,,,,,,balsameus,SRX20502826,GCA_032353675.1,JAUBNR010579433.1_De_149_5926,JAUBNR010579433.1_De_149_5926,LTR,Gypsy,unknown,no,+,GAG|Ty3_gypsy RT|Ty3_gypsy RH|Ty3_gypsy INT|Ty3_gypsy,True,5,5778,5778,0,0,1.0,1.0,1.0,1.0,23.592307692307692,16.257575757575758,19.896946564885496,69.9361856417694,0.2845014548949327,-1.8134920646249688,19.896946564885496,69.9361856417694,0.2845014548949327,0.5237591333863326,input_data/ectopic_recombination/JAUBNR010579433.1_De_149_5926.fa.depth.txt,689d2d723795cdba232c4a25ca9afd115a69ffde7e937ee565a5af97adecbf32,219090,usable,1.0,True,0.2845014548949327,0.0
5,5830,5826,JAUBNR010584525.1_De,5,164,160,5675,5830,156,1,4,taac,5831,5834,taac,,,,,,,,,,,,,,balsameus,SRX20502826,GCA_032353675.1,JAUBNR010584525.1_De_5_5830,JAUBNR010584525.1_De_5_5830,LTR,Gypsy,unknown,no,-,GAG|Ty3_gypsy RT|Ty3_gypsy RH|Ty3_gypsy INT|Ty3_gypsy,True,5,5826,5826,0,0,1.0,1.0,1.0,1.0,14.8125,27.608974358974358,21.129746835443036,52.18529945553539,0.40489844948473824,-1.3043679765086105,21.129746835443036,52.18529945553539,0.40489844948473824,-0.8763209694672764,input_data/ectopic_recombination/JAUBNR010584525.1_De_5_5830.fa.depth.txt,0dd98cb3c81324c7e9d5641d286bb90cbde5f4b262d24198578980cccc1db129,208797,usable,1.0,True,0.4048984494847382,5.551115123125783e-17
933,7546,6614,JAUBNR010593262.1_De,933,1887,955,6595,7546,952,929,932,gaaa,7547,7550,gaaa,,,,,,,,,,,,,,balsameus,SRX20502826,GCA_032353675.1,JAUBNR010593262.1_De_933_7546,JAUBNR010593262.1_De_933_7546,LTR,Gypsy,unknown,no,+,RT|Ty3_gypsy RH|Ty3_gypsy INT|Ty3_gypsy GAG|Ty3_gypsy,True,5,6614,6614,0,0,1.0,1.0,1.0,1.0,45.32041884816754,50.21533613445378,47.764027267960145,31.403654132143615,1.5209703643714079,0.6049920428777046,47.764027267960145,31.403654132143615,1.5209703643714079,-0.14643143247826984,input_data/ectopic_recombination/JAUBNR010593262.1_De_933_7546.fa.depth.txt,9fd8a161516b94c31da0017ff2646b4b6a2643a9fb6b50343dac26ff84be6f60,250251,usable,1.0,True,1.520970364371408,2.220446049250313e-16
10,5800,5791,JAUBNR010597025.1_De,10,334,325,5471,5800,330,6,9,gaaa,5801,5804,gaaa,5474.0,5482.0,gaaaaagaa,+,11.0,,,,,,,,,balsameus,SRX20502826,GCA_032353675.1,JAUBNR010597025.1_De_10_5800,JAUBNR010597025.1_De_10_5800,LTR,Gypsy,unknown,no,+,RT|Ty3_gypsy RH|Ty3_gypsy INT|Ty3_gypsy GAG|Ty3_gypsy,True,5,5791,5791,0,0,1.0,1.0,1.0,1.0,306.96,149.23939393939395,227.49770992366413,2659.7505841121497,0.08553347493656253,-3.547367036754102,227.49770992366413,2659.7505841121497,0.08553347493656253,1.0379449102403908,input_data/ectopic_recombination/JAUBNR010597025.1_De_10_5800.fa.depth.txt,9eade2a0714c8ead6f5dd38bf335ee8ba6960962ae84f41f77b202a4a99699ff,220990,usable,1.0,True,0.0855334749365625,2.7755575615628914e-17
2731,8896,6166,JAVSBW010043954.1_De,2731,2855,125,8765,8896,132,2727,2730,ggaa,8897,8900,ggaa,,,,,,,,,,,,,,campi,SRX21425398,GCA_033118305.1,JAVSBW010043954.1_De_2731_8896,JAVSBW010043954.1_De_2731_8896,LTR,Gypsy,unknown,yes,+,GAG|Ty3_gypsy PROT|Bel-Pao RT|Ty3_gypsy RH|Ty3_gypsy INT|Ty3_gypsy,True,6,6166,6166,0,0,1.0,1.0,1.0,1.0,111.872,151.54545454545453,132.24902723735408,60.0152310035539,2.203591072231693,1.1398565230015032,132.24902723735408,60.0152310035539,2.203591072231693,-0.4362200865530135,input_data/ectopic_recombination/JAVSBW010043954.1_De_2731_8896.fa.depth.txt,fdd81b933d8e9bec00f9e97f9ee11a7ebc61a23a425d61d696f9bf754e49e7b6,239953,usable,1.0,True,2.203591072231693,0.0
9,5446,5438,JAVSBW010046393.1_De,9,199,191,5238,5446,209,5,8,gcgg,5447,5450,gcgg,175.0,186.0,aaggggagaggg,-,24.0,,,,,,,,,campi,SRX21425398,GCA_033118305.1,JAVSBW010046393.1_De_9_5446,JAVSBW010046393.1_De_9_5446,LTR,Gypsy,unknown,yes,+,GAG|Ty3_gypsy PROT|Ty3_gypsy RT|Ty3_gypsy RH|Ty3_gypsy INT|Ty3_gypsy,True,6,5438,5438,0,0,1.0,1.0,1.0,1.0,55.58115183246073,23.5311004784689,38.835,56.979753870583565,0.681557875595686,-0.5530919238588591,38.835,56.979753870583565,0.681557875595686,1.2226132640426663,input_data/ectopic_recombination/JAVSBW010046393.1_De_9_5446.fa.depth.txt,f904c1bc19818910ae9bd37a8b0fcbc4bd3fbf2b0f6d151ea1683086aea6c352,194690,usable,1.0,True,0.681557875595686,0.0
452,5829,5378,JAVSBW010061548.1_De,452,767,316,5526,5829,304,448,451,agat,5830,5833,agat,,,,,,,,,,,,,,campi,SRX21425398,GCA_033118305.1,JAVSBW010061548.1_De_452_5829,JAVSBW010061548.1_De_452_5829,LTR,Gypsy,unknown,no,+,INT|Ty3_gypsy GAG|Ty3_gypsy RT|Ty3_gypsy RH|Ty3_gypsy,True,5,5378,5378,0,0,1.0,1.0,1.0,1.0,19.53481012658228,19.470394736842106,19.503225806451614,38.129466162253046,0.511500101350991,-0.9671935690544756,19.503225806451614,38.129466162253046,0.511500101350991,0.004645987639162901,input_data/ectopic_recombination/JAVSBW010061548.1_De_452_5829.fa.depth.txt,c76526517d3ebfc7ccc2506c78b1d372a8105a45b92640a23fabda662e2fecdc,203394,usable,1.0,True,0.511500101350991,0.0
21,5986,5966,JAVSBW010062322.1_De,21,719,699,5280,5986,707,17,20,gatt,5987,5990,gatt,,,,,,,,,,,,,,campi,SRX21425398,GCA_033118305.1,JAVSBW010062322.1_De_21_5986,JAVSBW010062322.1_De_21_5986,LTR,Gypsy,unknown,no,+,RT|Ty3_gypsy RH|Ty3_gypsy INT|Ty3_gypsy GAG|Ty3_gypsy,True,5,5966,5966,0,0,1.0,1.0,1.0,1.0,662.7353361945636,124.88543140028288,392.2802275960171,354.4859649122807,1.1066170918588802,0.14615611169621187,392.2802275960171,354.4859649122807,1.1066170918588802,2.403151143156108,input_data/ectopic_recombination/JAVSBW010062322.1_De_21_5986.fa.depth.txt,dbe3fc6a2c8efec875cf84f9ec1d7b72fc44a3356be735043e6d63350d709c9e,224138,usable,1.0,True,1.1066170918588802,0.0
8,5908,5901,JAVSBW010066083.1_De,8,488,481,5435,5908,474,4,7,ttgg,5909,5912,ttgg,,,,,,,,,,,,,,campi,SRX21425398,GCA_033118305.1,JAVSBW010066083.1_De_8_5908,JAVSBW010066083.1_De_8_5908,LTR,Gypsy,unknown,no,-,GAG|Ty3_gypsy RT|Ty3_gypsy RH|Ty3_gypsy INT|Ty1_copia,True,5,5901,5901,0,0,1.0,1.0,1.0,1.0,1918.5841995841995,6229.202531645569,4058.095287958115,3132.4646178730286,1.2954959697880315,0.3735045273853444,4058.095287958115,3132.4646178730286,1.2954959697880315,-1.6987452652020392,input_data/ectopic_recombination/JAVSBW010066083.1_De_8_5908.fa.depth.txt,693b365439dd1514fed9a05338b9b74192202896e4bb60da458506d0ce165406,222301,usable,1.0,True,1.2954959697880315,0.0
321,5957,5637,JAVSBW010066195.1_De,321,602,282,5691,5957,267,317,320,ggtc,5958,5961,ggtc,5689.0,5697.0,agggggggg,+,6.0,,,,,,,,,campi,SRX21425398,GCA_033118305.1,JAVSBW010066195.1_De_321_5957,JAVSBW010066195.1_De_321_5957,LTR,Gypsy,unknown,yes,-,GAG|Ty3_gypsy PROT|Ty3_gypsy RT|Ty3_gypsy RH|Ty3_gypsy INT|Ty3_gypsy,True,6,5637,5637,0,0,1.0,1.0,1.0,1.0,27.343971631205672,12.853932584269662,20.296903460837886,675.4923349056604,0.030047570360176717,-5.056607850120673,20.296903460837886,675.4923349056604,0.030047570360176717,1.0601003480913405,input_data/ectopic_recombination/JAVSBW010066195.1_De_321_5957.fa.depth.txt,20374517eca0a61b9a164b49f5a7d961ace3df8ce5da67c1d5643466d1da9fda,216267,usable,1.0,True,0.0300475703601767,1.734723475976807e-17
1963,8293,6331,JAVSBW010067191.1_De,1963,2346,384,7892,8293,402,1959,1962,tggg,8294,8297,tggg,,,,,,,,,,,,,,campi,SRX21425398,GCA_033118305.1,JAVSBW010067191.1_De_1963_8293,JAVSBW010067191.1_De_1963_8293,LTR,Gypsy,unknown,yes,+,GAG|Ty3_gypsy PROT|Ty3_gypsy RT|Ty3_gypsy RH|Ty3_gypsy INT|Ty3_gypsy,True,6,6331,6331,0,0,1.0,1.0,1.0,1.0,53.479166666666664,28.539800995024876,40.723918575063614,37.28854824165915,1.092129366666156,0.12714375881581558,40.723918575063614,37.28854824165915,1.092129366666156,0.8943711377556275,input_data/ectopic_recombination/JAVSBW010067191.1_De_1963_8293.fa.depth.txt,24a75c993d1b5a5bf8f2d054edce5bda46b6544ff3bd181023aa372f0e2de9d0,245787,usable,1.0,True,1.092129366666156,0.0
141,5675,5535,JAVSBW010088498.1_De,141,483,343,5330,5675,346,137,140,aaca,5676,5679,aaca,5313.0,5323.0,agagaaaagaa,+,7.0,,,,,,,,,campi,SRX21425398,GCA_033118305.1,JAVSBW010088498.1_De_141_5675,JAVSBW010088498.1_De_141_5675,LTR,Gypsy,unknown,no,+,INT|Ty3_gypsy GAG|Ty3_gypsy PROT|Ty3_gypsy RT|Ty3_gypsy RH|Ty3_gypsy,True,6,5535,5535,0,0,1.0,1.0,1.0,1.0,87.77259475218659,95.10982658959537,91.45718432510886,94.10503508047874,0.9718628152775731,-0.0411754124211371,91.45718432510886,94.10503508047874,0.9718628152775731,-0.11519329715125758,input_data/ectopic_recombination/JAVSBW010088498.1_De_141_5675.fa.depth.txt,e71b608f45c9e9e2658ea4abd6a71f60b5517427ac6fcf448e683a2656cfa5dd,211358,usable,1.0,True,0.9718628152775732,1.1102230246251565e-16
9,5600,5592,JAVSBW010106735.1_De,9,150,142,5458,5600,143,5,8,tgtt,5601,5604,tgtt,153.0,162.0,aagagaacag,-,3.0,,,,,,,,,campi,SRX21425398,GCA_033118305.1,JAVSBW010106735.1_De_9_5600,JAVSBW010106735.1_De_9_5600,LTR,Gypsy,unknown,no,-,GAG|Ty3_gypsy RT|Ty3_gypsy RH|Ty3_gypsy INT|Ty3_gypsy,True,5,5592,5592,0,0,1.0,1.0,1.0,1.0,9029.838028169013,7689.713286713287,8357.424561403508,3140.023553796872,2.661580213720954,1.4122830463286222,8357.424561403508,3140.023553796872,2.661580213720954,0.2317563807702696,input_data/ectopic_recombination/JAVSBW010106735.1_De_9_5600.fa.depth.txt,9a3cd1d0baa7ba0e5dea46d161d082de3e7b97822107ae01a43fae7ab476f006,210870,usable,1.0,True,2.661580213720954,0.0
11,5548,5538,JAVSBW010117558.1_De,11,451,441,5097,5548,452,7,10,tctc,5549,5552,tctc,,,,,,,,,,,,,,campi,SRX21425398,GCA_033118305.1,JAVSBW010117558.1_De_11_5548,JAVSBW010117558.1_De_11_5548,LTR,Gypsy,unknown,no,+,GAG|Ty3_gypsy RT|Ty3_gypsy RH|Ty3_gypsy INT|Ty3_gypsy,True,5,5538,5538,0,0,1.0,1.0,1.0,1.0,8.476190476190476,15.404867256637168,11.983202687569989,25.641119483315393,0.4673431944095665,-1.0974457097698673,11.983202687569989,25.641119483315393,0.4673431944095665,-0.8252931354707074,input_data/ectopic_recombination/JAVSBW010117558.1_De_11_5548.fa.depth.txt,2cfef51dbd9a189e3398ede2e86619ee61ea203b3d61079d1a7e859dd3300290,203381,usable,1.0,True,0.4673431944095665,0.0
16,5485,5470,JAVSBW010128515.1_De,16,468,453,5027,5485,459,12,15,ccac,5486,5489,ccac,,,,,,,,,,,,,,campi,SRX21425398,GCA_033118305.1,JAVSBW010128515.1_De_16_5485,JAVSBW010128515.1_De_16_5485,LTR,Gypsy,unknown,yes,+,GAG|Ty3_gypsy PROT|Ty3_gypsy RT|Ty3_gypsy RH|Ty3_gypsy INT|Ty3_gypsy,True,6,5470,5470,0,4,0.9955849889624724,0.9956427015250545,0.9956140350877193,1.0,38.80573951434879,37.64270152505446,38.2203947368421,56.30539710399298,0.6788051714873998,-0.5589305387710682,38.38876651982379,56.30539710399298,0.6817955026393268,0.04333296478332179,input_data/ectopic_recombination/JAVSBW010128515.1_De_16_5485.fa.depth.txt,2f88196e77069165764e1d04f563b36b183f1dec029a5186cea3f8019f0927c4,201313,usable,1.0,True,0.6817955026393268,0.0
92,5415,5324,JAVSBW010139020.1_De,92,332,241,5187,5415,229,88,91,ccga,5416,5419,ccga,5162.0,5172.0,ggggaaggaaa,+,15.0,,,,,,,,,campi,SRX21425398,GCA_033118305.1,JAVSBW010139020.1_De_92_5415,JAVSBW010139020.1_De_92_5415,LTR,Gypsy,unknown,no,-,RT|Ty3_gypsy RH|Ty3_gypsy INT|Ty3_gypsy GAG|Ty3_gypsy,True,5,5324,5324,0,0,1.0,1.0,1.0,1.0,52.41908713692946,23.707423580786028,38.42978723404255,84.69344870210136,0.4537515926316158,-1.1400253880264632,38.42978723404255,84.69344870210136,0.4537515926316158,1.128338635005255,input_data/ectopic_recombination/JAVSBW010139020.1_De_92_5415.fa.depth.txt,b83e7b6c050a64d0898e51444d37bd7eb99d807916b59f97952bbeef81e0e50e,196974,usable,1.0,True,0.4537515926316158,0.0
1530,8325,6796,JAVSBW010158926.1_De,1530,2203,674,7642,8325,684,1526,1529,cccc,8326,8329,cccc,,,,,,,,,,,,,,campi,SRX21425398,GCA_033118305.1,JAVSBW010158926.1_De_1530_8325,JAVSBW010158926.1_De_1530_8325,LTR,Gypsy,unknown,no,+,PROT|Ty3_gypsy RT|Ty3_gypsy RH|Ty3_gypsy INT|Ty3_gypsy,True,5,6796,6796,0,0,1.0,1.0,1.0,1.0,55.00148367952522,72.71052631578948,63.92120765832106,126.35730047811695,0.5058766483333599,-0.9831424501505783,63.92120765832106,126.35730047811695,0.5058766483333599,-0.39952475774885576,input_data/ectopic_recombination/JAVSBW010158926.1_De_1530_8325.fa.depth.txt,85ed14f78f7e5f66ede94319e94fac0ea8c20801af33016306d92d6f7ad6bcc1,267511,usable,1.0,True,0.5058766483333599,0.0
1139,6001,4863,JAVSBW010166658.1_De,1139,1251,113,5890,6001,112,1135,1138,gtgg,6002,6005,gtgg,,,,,,,,,,,,,,campi,SRX21425398,GCA_033118305.1,JAVSBW010166658.1_De_1139_6001,JAVSBW010166658.1_De_1139_6001,LTR,Gypsy,unknown,no,+,INT|Ty3_gypsy GAG|Ty3_gypsy PROT|Ty3_gypsy RT|Ty3_gypsy RH|Ty3_gypsy,True,6,4863,4863,0,0,1.0,1.0,1.0,1.0,54.94690265486726,20.5,37.8,26.785467874083658,1.411212982266906,0.4969357379510523,37.8,26.785467874083658,1.411212982266906,1.400717543690001,input_data/ectopic_recombination/JAVSBW010166658.1_De_1139_6001.fa.depth.txt,8ffd21e59c063c0d3f49d720806cc65d3b6451d59b65f9d8ad232c5fa12b7197,188214,usable,1.0,True,1.411212982266906,0.0
831,6303,5473,JAVSBW010286073.1_De,831,964,134,6166,6303,138,827,830,gtta,6304,6307,gtta,6155.0,6165.0,ggagggggagg,+,1.0,,,,,,,,,campi,SRX21425398,GCA_033118305.1,JAVSBW010286073.1_De_831_6303,JAVSBW010286073.1_De_831_6303,LTR,Gypsy,unknown,no,+,GAG|Ty3_gypsy RT|Ty3_gypsy RH|Ty3_gypsy INT|Ty3_gypsy,True,5,5473,5473,0,100,1.0,1.0,1.0,0.9807729282830225,559.6119402985074,4322.101449275362,2468.5220588235293,5353.052489905787,0.46114288314534624,-1.116714262092584,2468.5220588235293,5457.993726720251,0.45227645585933685,-2.9481127349233893,input_data/ectopic_recombination/JAVSBW010286073.1_De_831_6303.fa.depth.txt,1821051208f3275791006e84320ec3639092bc981e28e871cd2093c2be3c4673,217129,usable,1.0,True,0.4522764558593368,5.551115123125783e-17
67,5680,5614,JAVSBW010288280.1_De,67,759,693,4979,5680,702,63,66,aaca,5681,5684,aaca,,,,,,,,,,,,,,campi,SRX21425398,GCA_033118305.1,JAVSBW010288280.1_De_67_5680,JAVSBW010288280.1_De_67_5680,LTR,Gypsy,unknown,no,+,RT|Ty3_gypsy RH|Ty3_gypsy INT|Ty3_gypsy GAG|Ty3_gypsy,True,5,5614,5614,0,11,0.9841269841269841,1.0,0.9921146953405018,1.0,7.520923520923521,12.62962962962963,10.091756272401433,26.612467409338706,0.3792115972252948,-1.398925008806315,10.171965317919074,26.612467409338706,0.3822255622321432,-0.7109859584020429,input_data/ectopic_recombination/JAVSBW010288280.1_De_67_5680.fa.depth.txt,6942f7d4af995ff27ac22b830226453d102475c2eb5c87d1c3dcc49f290e56c0,205964,usable,1.0,True,0.3822255622321432,0.0
17,6098,6082,JAVSBW010307085.1_De,17,824,808,5267,6098,832,13,16,tatt,6099,6102,tatt,,,,,,,,,,,,,,campi,SRX21425398,GCA_033118305.1,JAVSBW010307085.1_De_17_6098,JAVSBW010307085.1_De_17_6098,LTR,Gypsy,unknown,no,+,RH|Ty3_gypsy INT|Ty3_gypsy GAG|Ty3_gypsy RT|Ty3_gypsy,True,5,6082,6082,0,6,0.9925742574257426,1.0,0.9963414634146341,1.0,18.280940594059405,27.068509615384617,22.7390243902439,50.05470508779829,0.45428345547853277,-1.138335329958711,22.822521419828643,50.05470508779829,0.45595157098212596,-0.5537519573495671,input_data/ectopic_recombination/JAVSBW010307085.1_De_17_6098.fa.depth.txt,acc094bd85f18b0259037574b03dd48b896f92fa78c4a4cb3a52e22424a85d3d,223933,usable,1.0,True,0.4559515709821259,5.551115123125783e-17
14,7035,7022,JAVSBW010313727.1_De,14,1000,987,6043,7035,993,10,13,ttgg,7036,7039,ttgg,,,,,,,,,,,,,,campi,SRX21425398,GCA_033118305.1,JAVSBW010313727.1_De_14_7035,JAVSBW010313727.1_De_14_7035,LTR,Gypsy,unknown,no,+,RT|Ty3_gypsy RH|Ty3_gypsy INT|Ty3_gypsy GAG|Ty3_gypsy PROT|Ty3_gypsy,True,6,7022,7022,0,0,1.0,1.0,1.0,1.0,57.84498480243161,101.65558912386707,79.81666666666666,81.31019436731455,0.9816317288100315,-0.026746213595289156,79.81666666666666,81.31019436731455,0.9816317288100315,-0.8080875830771487,input_data/ectopic_recombination/JAVSBW010313727.1_De_14_7035.fa.depth.txt,5f1018c84f9c697377c68e3ba131a75f1707633211325f5fd972da80389eb0c8,261113,usable,1.0,True,0.9816317288100316,1.1102230246251565e-16
1157,6679,5523,JAVSBW010321469.1_De,1157,1411,255,6431,6679,249,1153,1156,ttgc,6680,6683,ttgc,6446.0,6455.0,agggtgaaga,+,24.0,,,,,,,,,campi,SRX21425398,GCA_033118305.1,JAVSBW010321469.1_De_1157_6679,JAVSBW010321469.1_De_1157_6679,LTR,Gypsy,unknown,no,+,GAG|Ty3_gypsy RT|Ty3_gypsy RH|Ty3_gypsy INT|Ty3_gypsy,True,5,5523,5523,0,0,1.0,1.0,1.0,1.0,224.27843137254902,194.76706827309238,209.6984126984127,73.08786610878661,2.8691275838631003,1.5206121230435083,209.6984126984127,73.08786610878661,2.8691275838631003,0.20305494861876175,input_data/ectopic_recombination/JAVSBW010321469.1_De_1157_6679.fa.depth.txt,f818eb9954aa7461455ef3fa334a1241289d0ff5c261bfbfdee558f201fa70c7,215347,usable,1.0,True,2.8691275838631003,0.0
1780,7467,5688,JAVSBW010349118.1_De,1780,2720,941,6553,7467,915,1776,1779,ccac,7468,7471,ccac,,,,,,,,,,,,,,campi,SRX21425398,GCA_033118305.1,JAVSBW010349118.1_De_1780_7467,JAVSBW010349118.1_De_1780_7467,LTR,Gypsy,unknown,yes,-,GAG|Ty3_gypsy PROT|Ty3_gypsy RT|Ty3_gypsy RH|Ty3_gypsy INT|Ty3_gypsy,True,6,5688,5688,0,0,1.0,1.0,1.0,1.0,909.817215727949,1118.2896174863388,1012.5932112068965,1898.3512526096033,0.5334066652917455,-0.9066922423958463,1012.5932112068965,1898.3512526096033,0.5334066652917455,-0.29749750059399543,input_data/ectopic_recombination/JAVSBW010349118.1_De_1780_7467.fa.depth.txt,26da0836334ba587779dca6d93f7911bfd2e44ab3f5889e776c158c3bb06d140,231013,usable,1.0,True,0.5334066652917455,0.0
6,10616,10611,JAVSBW010354659.1_De,6,303,298,10311,10616,306,2,5,tggt,10617,10620,tggt,,,,,,,,,,,,,,campi,SRX21425398,GCA_033118305.1,JAVSBW010354659.1_De_6_10616,JAVSBW010354659.1_De_6_10616,LTR,Gypsy,unknown,no,-,RT|Ty3_gypsy RH|Ty3_gypsy INT|Ty3_gypsy PROT|Ty3_gypsy,True,5,10611,10611,0,0,1.0,1.0,1.0,1.0,81.75167785234899,187.66993464052288,135.41225165562915,105.0950334765664,1.2884743186824594,0.36566378230526086,135.41225165562915,105.0950334765664,1.2884743186824594,-1.1939191221800605,input_data/ectopic_recombination/JAVSBW010354659.1_De_6_10616.fa.depth.txt,628f5ca5338e2f27924200fb4183caa81a03d6a9127697dc2105431f08003a61,397242,usable,1.0,True,1.2884743186824594,0.0
4145,9931,5787,JAVSBW010454210.1_De,4145,4506,362,9561,9931,371,4141,4144,tccc,9932,9935,tccc,,,,,,,,,,,,,,campi,SRX21425398,GCA_033118305.1,JAVSBW010454210.1_De_4145_9931,JAVSBW010454210.1_De_4145_9931,LTR,Gypsy,unknown,no,+,RT|Ty3_gypsy RH|Ty3_gypsy INT|Ty3_gypsy GAG|Ty3_gypsy,True,5,5787,5787,0,0,1.0,1.0,1.0,1.0,24.337016574585636,38.902964959568735,31.709413369713506,63.71092204194697,0.4977076512695292,-1.0066295291226637,31.709413369713506,63.71092204194697,0.4977076512695292,-0.6658123051465804,input_data/ectopic_recombination/JAVSBW010454210.1_De_4145_9931.fa.depth.txt,83556c93db3e9c390320dd945e229db2d16a89ea5208fc4f3acbcd9f508d59ef,225248,usable,1.0,True,0.4977076512695292,0.0
5,6313,6309,JAVSBW010474141.1_De,5,966,962,5340,6313,974,1,4,cttc,6314,6317,cttc,,,,,,,,,,,,,,campi,SRX21425398,GCA_033118305.1,JAVSBW010474141.1_De_5_6313,JAVSBW010474141.1_De_5_6313,LTR,Gypsy,unknown,yes,-,GAG|Ty3_gypsy PROT|Ty3_gypsy RT|Ty3_gypsy RH|Ty3_gypsy INT|Ty3_gypsy,True,6,6309,6309,0,0,1.0,1.0,1.0,1.0,80.53638253638253,134.69199178644763,107.78202479338843,142.75417333638234,0.7550183807195155,-0.4054163279991737,107.78202479338843,142.75417333638234,0.7550183807195155,-0.7383680160820001,input_data/ectopic_recombination/JAVSBW010474141.1_De_5_6313.fa.depth.txt,85b1de7f57a10ee55b6b82a67d8ddc1a72203a946b118c1408c257c1bb17a4aa,230542,usable,1.0,True,0.7550183807195155,0.0
1055,6733,5679,JAVSBW010623606.1_De,1055,1659,605,6127,6733,607,1051,1054,gaaa,6734,6737,gaaa,,,,,,,,,,,,,,campi,SRX21425398,GCA_033118305.1,JAVSBW010623606.1_De_1055_6733,JAVSBW010623606.1_De_1055_6733,LTR,Gypsy,unknown,no,+,PROT|Ty3_gypsy INT|Ty3_gypsy RT|Ty3_gypsy RH|Ty3_gypsy,True,5,5679,5679,0,3,0.9950413223140496,1.0,0.9975247524752475,1.0,24.748760330578513,32.639209225700164,28.70049504950495,30.33109469442579,0.9462400001929205,-0.07972194602234915,28.77171215880893,30.33109469442579,0.9485879902678409,-0.39232662126701134,input_data/ectopic_recombination/JAVSBW010623606.1_De_1055_6733.fa.depth.txt,9031a91e49434c92f142968bda54914d76715fbff1cb7fac9ab3c55618ffe900,220322,usable,1.0,True,0.9485879902678408,1.1102230246251565e-16
13,6195,6183,JAVSBW010700022.1_De,13,309,297,5896,6195,300,9,12,gaaa,6196,6199,gaaa,,,,,,,,,,,,,,campi,SRX21425398,GCA_033118305.1,JAVSBW010700022.1_De_13_6195,JAVSBW010700022.1_De_13_6195,LTR,Gypsy,unknown,no,+,PROT|Ty3_gypsy RT|Ty3_gypsy RH|Ty3_gypsy INT|Ty3_gypsy GAG|Ty3_gypsy,True,6,6183,6183,0,0,1.0,1.0,1.0,1.0,17.589225589225588,21.88,19.74539363484087,37.072860723236666,0.5326104662450497,-0.9088473158854573,19.74539363484087,37.072860723236666,0.5326104662450497,-0.3070793896872893,input_data/ectopic_recombination/JAVSBW010700022.1_De_13_6195.fa.depth.txt,f4515d3410422f6546a73f10e8c0a7597c2191075110d3bf914817c027e94140,227657,usable,1.0,True,0.5326104662450497,0.0
312,6774,6463,JAVSBW010731036.1_De,312,1293,982,5787,6774,988,308,311,gcaa,6775,6778,gcaa,,,,,,,,,,,,,,campi,SRX21425398,GCA_033118305.1,JAVSBW010731036.1_De_312_6774,JAVSBW010731036.1_De_312_6774,LTR,Gypsy,unknown,yes,+,GAG|Ty3_gypsy PROT|Ty3_gypsy RT|Ty3_gypsy RH|Ty3_gypsy INT|Ty3_gypsy,True,6,6463,6463,0,0,1.0,1.0,1.0,1.0,35.64867617107943,33.44230769230769,34.542131979695434,55.35165813487647,0.6240487303113114,-0.6802694051692109,34.542131979695434,55.35165813487647,0.6240487303113114,0.09085815895114877,input_data/ectopic_recombination/JAVSBW010731036.1_De_312_6774.fa.depth.txt,542ea511e388fb6fb048a4010ef7858dbac29bd539f5a7ac9da2b56eee740948,244715,usable,1.0,True,0.6240487303113114,0.0
1225,6633,5409,JAVSBW010778675.1_De,1225,1528,304,6348,6633,286,1221,1224,tcca,6634,6637,tcca,,,,,,,,,,,,,,campi,SRX21425398,GCA_033118305.1,JAVSBW010778675.1_De_1225_6633,JAVSBW010778675.1_De_1225_6633,LTR,Gypsy,unknown,yes,+,GAG|Ty3_gypsy PROT|Ty3_gypsy RT|Ty3_gypsy RH|Ty3_gypsy INT|Ty3_gypsy,True,6,5409,5409,0,14,0.9539473684210527,1.0,0.976271186440678,1.0,11.62828947368421,6.7377622377622375,9.257627118644068,65.99190703465449,0.1402842793099249,-2.8335747497383013,9.48263888888889,65.99190703465449,0.14369396665426334,0.7447604720419343,input_data/ectopic_recombination/JAVSBW010778675.1_De_1225_6633.fa.depth.txt,b94d93d56e95b0b50650863f31c8fd92e52f7036c1d429222f87434282560c62,210049,usable,1.0,True,0.1436939666542633,5.551115123125783e-17
401,13346,12946,JAVSBW010808575.1_De,401,1123,723,12629,13346,718,397,400,ccaa,13347,13350,ccaa,,,,,,,,,,,,,,campi,SRX21425398,GCA_033118305.1,JAVSBW010808575.1_De_401_13346,JAVSBW010808575.1_De_401_13346,LTR,Gypsy,unknown,no,+,INT|Ty3_gypsy RT|Ty3_gypsy RH|Ty3_gypsy PROT|Ty3_gypsy,True,5,12946,12946,0,0,1.0,1.0,1.0,1.0,78.33056708160443,23.922005571030642,51.220680083275504,25.73315949587136,1.9904543820782432,0.9930978076243652,51.220680083275504,25.73315949587136,1.9904543820782432,1.690573471425782,input_data/ectopic_recombination/JAVSBW010808575.1_De_401_13346.fa.depth.txt,e930a35455b3680406935b9b1cc236f6932cb48b588425edf4ac4759ec6376be,505914,usable,1.0,True,1.9904543820782432,0.0
1403,6517,5115,JAVSBW010854006.1_De,1403,1557,155,6379,6517,139,1399,1402,tttc,6518,6521,tttc,,,,,,,,,,,,,,campi,SRX21425398,GCA_033118305.1,JAVSBW010854006.1_De_1403_6517,JAVSBW010854006.1_De_1403_6517,LTR,Gypsy,unknown,yes,-,GAG|Ty3_gypsy PROT|Ty3_gypsy RT|Ty3_gypsy RH|Ty3_gypsy INT|Ty3_gypsy,True,6,5115,5115,0,0,1.0,1.0,1.0,1.0,69.73548387096774,104.50359712230215,86.1734693877551,108.22028624766646,0.7962783353810733,-0.32865528863439664,86.1734693877551,108.22028624766646,0.7962783353810733,-0.5801667633999056,input_data/ectopic_recombination/JAVSBW010854006.1_De_1403_6517.fa.depth.txt,369a1b182bad53a5899ca431ffffac6b495b3bc93a17cc6775640262c4d99201,201215,usable,1.0,True,0.7962783353810733,0.0
61,6007,5947,JAVSBW010897227.1_De,61,785,725,5269,6007,739,57,60,tgtt,6008,6011,tgtt,,,,,,,,,,,,,,campi,SRX21425398,GCA_033118305.1,JAVSBW010897227.1_De_61_6007,JAVSBW010897227.1_De_61_6007,LTR,Gypsy,unknown,no,+,GAG|Ty3_gypsy RT|Ty3_gypsy RH|Ty3_gypsy INT|Ty3_gypsy,True,5,5947,5947,0,0,1.0,1.0,1.0,1.0,138.03724137931036,91.46955345060893,114.53073770491804,94.67521748828909,1.2097224674354192,0.27467610470642956,114.53073770491804,94.67521748828909,1.2097224674354192,0.5910456109124088,input_data/ectopic_recombination/JAVSBW010897227.1_De_61_6007.fa.depth.txt,fd48276d51c4b7fe4f896f6f07fecd35dc211db1d1cfbd5260af44965351f490,220851,usable,1.0,True,1.2097224674354192,0.0
276,6435,6160,JAVSBW010898336.1_De,276,1235,960,5467,6435,969,272,275,tcca,6436,6439,tcca,,,,,,,,,,,,,,campi,SRX21425398,GCA_033118305.1,JAVSBW010898336.1_De_276_6435,JAVSBW010898336.1_De_276_6435,LTR,Gypsy,unknown,yes,-,GAG|Ty3_gypsy PROT|Ty3_gypsy RT|Ty3_gypsy RH|Ty3_gypsy INT|Ty3_gypsy,True,6,6160,6160,0,0,1.0,1.0,1.0,1.0,10.076041666666667,13.353973168214655,11.72265422498704,26.697707397778302,0.43908842247490365,-1.187416599726583,11.72265422498704,26.697707397778302,0.43908842247490365,-0.38950001901101033,input_data/ectopic_recombination/JAVSBW010898336.1_De_276_6435.fa.depth.txt,6dc034292eb31963ef71c3510aa087ef1b35bcf99478facf16034328bf400098,231851,usable,1.0,True,0.4390884224749036,5.551115123125783e-17
1094,6391,5298,JAVSBW010951507.1_De,1094,1266,173,6219,6391,173,1090,1093,gact,6392,6395,gact,,,,,,,,,,,,,,campi,SRX21425398,GCA_033118305.1,JAVSBW010951507.1_De_1094_6391,JAVSBW010951507.1_De_1094_6391,LTR,Gypsy,unknown,no,+,GAG|Ty3_gypsy RT|Ty3_gypsy RH|Ty3_gypsy INT|Ty3_gypsy,True,5,5298,5298,0,0,1.0,1.0,1.0,1.0,608.6589595375723,177.53179190751445,393.09537572254334,70.98949919224556,5.537373557996343,2.469201851124215,393.09537572254334,70.98949919224556,5.537373557996343,1.7746838548694257,input_data/ectopic_recombination/JAVSBW010951507.1_De_1094_6391.fa.depth.txt,0072bc8932c49b49c73c3db3868351ffcfc08ed81058f47c2b79e60f69068ebf,206360,usable,1.0,True,5.537373557996343,0.0
3422,9691,6270,JAVSBW011019102.1_De,3422,3636,215,9477,9691,215,3418,3421,ccgg,9692,9695,ccgg,,,,,,,,,,,,,,campi,SRX21425398,GCA_033118305.1,JAVSBW011019102.1_De_3422_9691,JAVSBW011019102.1_De_3422_9691,LTR,Gypsy,unknown,no,-,PROT|Ty3_gypsy RT|Ty3_gypsy RH|Ty3_gypsy INT|Ty3_gypsy GAG|Ty3_gypsy,True,6,6270,6270,0,0,1.0,1.0,1.0,1.0,58.730232558139534,56.8,57.765116279069765,114.70753424657535,0.5035860692018526,-0.98968972082842,57.765116279069765,114.70753424657535,0.5035860692018526,0.04779861167573501,input_data/ectopic_recombination/JAVSBW011019102.1_De_3422_9691.fa.depth.txt,cbc4348bbc2f3012d4310dde6b8522e3ba6ec866ceac162f865cb608daa6d3b5,245606,usable,1.0,True,0.5035860692018526,0.0
116,5272,5157,JASAFM010007931.1_De,116,318,203,5064,5272,209,112,115,taat,5273,5276,taat,5050.0,5061.0,aaaaaggggaaa,+,3.0,,,,,,,,,carolinensis,SRX19952691,GCA_031753635.1,JASAFM010007931.1_De_116_5272,JASAFM010007931.1_De_116_5272,LTR,Gypsy,unknown,yes,+,GAG|Ty3_gypsy PROT|Ty3_gypsy RT|Ty3_gypsy RH|Ty3_gypsy INT|Ty3_gypsy,True,6,5157,5157,0,5,0.9753694581280788,1.0,0.9878640776699029,1.0,10.822660098522167,42.86124401913876,27.075242718446603,63.45837723919916,0.4266614416626121,-1.2288363579964932,27.407862407862407,63.45837723919916,0.4319029827149783,-1.9371932089645114,input_data/ectopic_recombination/JASAFM010007931.1_De_116_5272.fa.depth.txt,5295db3ecdada67a3c27487083873d388bc9aaeb85a5f0d33ae78952293cd448,194988,usable,1.0,True,0.4319029827149783,0.0
685,5413,4729,JASAFM010016679.1_De,685,1191,507,4902,5413,512,681,684,gaag,5414,5417,gaag,,,,,,,,,,,,,,carolinensis,SRX19952691,GCA_031753635.1,JASAFM010016679.1_De_685_5413,JASAFM010016679.1_De_685_5413,LTR,Gypsy,unknown,no,-,RT|Ty3_gypsy RH|Ty3_gypsy INT|Ty3_gypsy GAG|Ty3_gypsy,True,5,4729,4729,0,100,1.0,1.0,1.0,0.9730458221024259,23.714003944773175,16.16796875,19.922473012757607,44.524797843665766,0.4474466808969878,-1.1602123181831376,19.922473012757607,45.75817174515235,0.4353861234604113,0.5387633578604888,input_data/ectopic_recombination/JASAFM010016679.1_De_685_5413.fa.depth.txt,b2750c994bf888930291fefcda4a64b64eccfababd8f34748d5469d1d4e5a5a3,178270,usable,1.0,True,0.4353861234604113,0.0
8,5290,5283,JASAFM010017454.1_De,8,340,333,4961,5290,330,4,7,aaga,5291,5294,aaga,4960.0,4968.0,gagaaagaa,+,7.0,,,,,,,,,carolinensis,SRX19952691,GCA_031753635.1,JASAFM010017454.1_De_8_5290,JASAFM010017454.1_De_8_5290,LTR,Gypsy,unknown,no,+,INT|Ty3_gypsy GAG|Ty3_gypsy PROT|Bel-Pao RT|Ty3_gypsy RH|Ty3_gypsy,True,6,5283,5283,0,0,1.0,1.0,1.0,1.0,25.12012012012012,13.506060606060606,19.339366515837103,35.621428571428574,0.5429138384233395,-0.8812048374517686,19.339366515837103,35.621428571428574,0.5429138384233395,0.8712260044471893,input_data/ectopic_recombination/JASAFM010017454.1_De_8_5290.fa.depth.txt,e286001df755885427aa580823b6e3e4cf1e0bb6706163de6fa73d30f6a193f8,188883,usable,1.0,True,0.5429138384233395,0.0
8,6462,6455,JASAFM010049871.1_De,8,328,321,6135,6462,328,4,7,gggt,6463,6466,gggt,,,,,,,,,,,,,,carolinensis,SRX19952691,GCA_031753635.1,JASAFM010049871.1_De_8_6462,JASAFM010049871.1_De_8_6462,LTR,Gypsy,unknown,no,-,PROT|Ty3_gypsy RT|Ty3_gypsy RH|Ty3_gypsy INT|Ty3_gypsy,True,5,6455,6455,0,0,1.0,1.0,1.0,1.0,28.445482866043612,39.25609756097561,33.90909090909091,78.3575611436445,0.4327481664076937,-1.208400388109155,33.90909090909091,78.3575611436445,0.4327481664076937,-0.45783792593146894,input_data/ectopic_recombination/JASAFM010049871.1_De_8_6462.fa.depth.txt,45074d9c0bf7f30bf1087868072dcbb2214784c119d967f87ef7b85b566c7dfc,232476,usable,1.0,True,0.4327481664076937,0.0
1298,7186,5889,JASAFM010063156.1_De,1298,1987,690,6503,7186,684,1294,1297,tctg,7187,7190,tctg,,,,,,,,,,,,,,carolinensis,SRX19952691,GCA_031753635.1,JASAFM010063156.1_De_1298_7186,JASAFM010063156.1_De_1298_7186,LTR,Gypsy,unknown,no,-,PROT|Ty3_gypsy RT|Ty3_gypsy RH|Ty3_gypsy INT|Ty3_gypsy,True,5,5889,5889,0,0,1.0,1.0,1.0,1.0,378.80434782608694,188.8581871345029,284.24599708879185,495.9592469545958,0.5731236968242556,-0.8030815465937534,284.24599708879185,495.9592469545958,0.5731236968242556,1.0022381095407364,input_data/ectopic_recombination/JASAFM010063156.1_De_1298_7186.fa.depth.txt,36db8a0bc026d37264eef2b28f6172e9e98c59b8e21eee5963a7eaab5778eaf0,233827,usable,1.0,True,0.5731236968242556,0.0
168,6255,6088,JASAFM010084175.1_De,168,472,305,5956,6255,300,164,167,ccgc,6256,6259,ccgc,,,,,,,,,,,,,,carolinensis,SRX19952691,GCA_031753635.1,JASAFM010084175.1_De_168_6255,JASAFM010084175.1_De_168_6255,LTR,Gypsy,unknown,no,+,GAG|Ty3_gypsy RT|Ty3_gypsy RH|Ty3_gypsy INT|Ty3_gypsy,True,5,6088,6088,0,0,1.0,1.0,1.0,1.0,21.78360655737705,39.06,30.350413223140496,45.95495166879446,0.6604383667266445,-0.5985041619795105,30.350413223140496,45.95495166879446,0.6604383667266445,-0.8280596772000896,input_data/ectopic_recombination/JASAFM010084175.1_De_168_6255.fa.depth.txt,e5345ce2909ddf52fae9a87556e713654e9dca5f742c3868ff98bfdd534fde1f,230444,usable,1.0,True,0.6604383667266445,0.0
916,6274,5359,JASAFM010089706.1_De,916,1197,282,6004,6274,271,912,915,caaa,6275,6278,caaa,1214.0,1223.0,aaaaagggaa,-,17.0,,,,,,,,,carolinensis,SRX19952691,GCA_031753635.1,JASAFM010089706.1_De_916_6274,JASAFM010089706.1_De_916_6274,LTR,Gypsy,unknown,no,+,PROT|Ty3_gypsy INT|Ty3_gypsy RT|Ty3_gypsy RH|Ty3_gypsy,True,5,5359,5359,0,9,0.9680851063829787,1.0,0.9837251356238698,1.0,8.26595744680851,11.867158671586715,10.030741410488245,33.249271743653765,0.3016830409948091,-1.7288944967135431,10.196691176470589,33.249271743653765,0.30667412071714967,-0.4965305016473034,input_data/ectopic_recombination/JASAFM010089706.1_De_916_6274.fa.depth.txt,9c5ab45a1a7cb30ce4d80b16e55281e6bf9f39146938c7b667247e2bb0333dca,202266,usable,1.0,True,0.3066741207171496,5.551115123125783e-17
5,6636,6632,JASAFM010095231.1_De,5,203,199,6422,6636,215,1,4,aaac,6637,6640,aaac,187.0,201.0,aggagggagcagagg,-,16.0,,,,,,,,,carolinensis,SRX19952691,GCA_031753635.1,JASAFM010095231.1_De_5_6636,JASAFM010095231.1_De_5_6636,LTR,Gypsy,unknown,no,-,GAG|Ty3_gypsy RT|Ty3_gypsy RH|Ty3_gypsy INT|Ty3_gypsy,True,5,6632,6632,0,0,1.0,1.0,1.0,1.0,3849.2713567839196,2565.586046511628,3182.623188405797,3372.530556449019,0.9436899488782755,-0.08361515764117074,3182.623188405797,3372.530556449019,0.9436899488782755,0.5852032167310565,input_data/ectopic_recombination/JASAFM010095231.1_De_5_6636.fa.depth.txt,43242268b4c65761c83e407f6c155aed5d482975a08c5a89abe60c1b4dee7309,248049,usable,1.0,True,0.9436899488782756,1.1102230246251565e-16
4104,9980,5877,JASAFM010099657.1_De,4104,4551,448,9537,9980,444,4100,4103,gtgg,9981,9984,gtgg,,,,,,,,,,,,,,carolinensis,SRX19952691,GCA_031753635.1,JASAFM010099657.1_De_4104_9980,JASAFM010099657.1_De_4104_9980,LTR,Gypsy,unknown,no,-,GAG|Ty3_gypsy RT|Ty3_gypsy RH|Ty3_gypsy INT|Ty3_gypsy,True,5,5877,5877,0,0,1.0,1.0,1.0,1.0,6070.011160714285,7878.281531531532,6970.091928251121,1907.556068204614,3.653938169592756,1.869452221492324,6970.091928251121,1907.556068204614,3.653938169592756,-0.3761545292705507,input_data/ectopic_recombination/JASAFM010099657.1_De_4104_9980.fa.depth.txt,9a35c7df210245976767084143bd47607cc1e680be780362cdbfafc07bc2ffc9,236652,usable,1.0,True,3.653938169592756,0.0
395,6501,6107,JASAFM010124003.1_De,395,743,349,6146,6501,356,391,394,gtac,6502,6505,gtac,746.0,754.0,ggggggaaa,-,3.0,,,,,,,,,carolinensis,SRX19952691,GCA_031753635.1,JASAFM010124003.1_De_395_6501,JASAFM010124003.1_De_395_6501,LTR,Gypsy,unknown,no,-,GAG|Ty3_gypsy RT|Ty3_gypsy RH|Ty3_gypsy INT|Ty3_gypsy,True,5,6107,6107,0,0,1.0,1.0,1.0,1.0,55.46991404011462,65.54213483146067,60.55602836879433,71.9918548685672,0.8411511063209745,-0.2495631020672249,60.55602836879433,71.9918548685672,0.8411511063209745,-0.2387352245361378,input_data/ectopic_recombination/JASAFM010124003.1_De_395_6501.fa.depth.txt,f03899def2371feb49fa87bb0bba3f8186dc23e757cee0b2e1dd37704b93abf3,231900,usable,1.0,True,0.8411511063209745,0.0
901,7248,6348,JASAFM010143933.1_De,901,1885,985,6258,7248,991,897,900,tcca,7249,7252,tcca,6245.0,6254.0,ggaggggggg,+,4.0,,,,,,,,,carolinensis,SRX19952691,GCA_031753635.1,JASAFM010143933.1_De_901_7248,JASAFM010143933.1_De_901_7248,LTR,Gypsy,unknown,no,+,GAG|Ty3_gypsy RT|Ty3_gypsy RH|Ty3_gypsy INT|Ty3_gypsy,True,5,6348,6348,0,0,1.0,1.0,1.0,1.0,1246.791878172589,875.6185671039354,1060.6417004048583,1307.3083257090577,0.8113171770933132,-0.30166206162526654,1060.6417004048583,1307.3083257090577,0.8113171770933132,0.5096010777187181,input_data/ectopic_recombination/JASAFM010143933.1_De_901_7248.fa.depth.txt,d83d07e48483d9c6fb7251c36500f20a5c1a247ed6bc1f72f5305b961703b408,248077,usable,1.0,True,0.8113171770933132,0.0
772,6042,5271,JASAFM010156110.1_De,772,934,163,5879,6042,164,768,771,cagg,6043,6046,cagg,936.0,946.0,aaggggggaga,-,2.0,,,,,,,,,carolinensis,SRX19952691,GCA_031753635.1,JASAFM010156110.1_De_772_6042,JASAFM010156110.1_De_772_6042,LTR,Gypsy,unknown,yes,+,GAG|Ty3_gypsy PROT|Ty3_gypsy RT|Ty3_gypsy RH|Ty3_gypsy INT|Ty3_gypsy,True,6,5271,5271,0,0,1.0,1.0,1.0,1.0,21.650306748466257,25.76829268292683,23.71559633027523,98.91545307443366,0.2397562321473602,-2.060359778199811,23.71559633027523,98.91545307443366,0.2397562321473602,-0.24599575696154838,input_data/ectopic_recombination/JASAFM010156110.1_De_772_6042.fa.depth.txt,86e60baeaa160fbbaf13953b5b51fb95a68b3dfb78e04599284a2da4b064dc0e,199349,usable,1.0,True,0.2397562321473602,0.0
1222,6736,5515,JASAFM010192652.1_De,1222,1794,573,6150,6736,587,1218,1221,gcct,6737,6740,gcct,,,,,,,,,,,,,,carolinensis,SRX19952691,GCA_031753635.1,JASAFM010192652.1_De_1222_6736,JASAFM010192652.1_De_1222_6736,LTR,Gypsy,unknown,no,-,PROT|Ty3_gypsy RT|Ty3_gypsy RH|Ty3_gypsy INT|Ty3_gypsy GAG|Ty3_gypsy,True,6,5515,5515,0,0,1.0,1.0,1.0,1.0,68.58987783595113,70.96763202725724,69.79310344827586,88.45510907003444,0.7890228634845398,-0.3418609891253645,69.79310344827586,88.45510907003444,0.7890228634845398,-0.048815626635093805,input_data/ectopic_recombination/JASAFM010192652.1_De_1222_6736.fa.depth.txt,cf735291b754223e09d8b53a77c15a9fc3e15fffd61b155d86d671b9c6f75e23,215537,usable,1.0,True,0.7890228634845398,0.0
1426,7022,5597,JASAFM010242480.1_De,1426,1580,155,6887,7022,136,1422,1425,tgag,7023,7026,tgag,1557.0,1571.0,gaggagtgggaggag,-,23.0,,,,,,,,,carolinensis,SRX19952691,GCA_031753635.1,JASAFM010242480.1_De_1426_7022,JASAFM010242480.1_De_1426_7022,LTR,Gypsy,unknown,yes,+,GAG|Ty3_gypsy PROT|Ty3_gypsy RT|Ty3_gypsy RH|Ty3_gypsy INT|Ty3_gypsy,True,6,5597,5597,0,2,1.0,0.9852941176470589,0.993127147766323,1.0,33.9741935483871,183.25,103.73883161512028,51.14643799472295,2.028270895928736,1.0202503516079409,104.4567474048443,51.14643799472295,2.0423073727171706,-2.414155541533684,input_data/ectopic_recombination/JASAFM010242480.1_De_1426_7022.fa.depth.txt,1a1ef26778c8cee12178eac339c9292e56420cb6912dc2978680897372e7c5f6,217556,usable,1.0,True,2.0423073727171706,0.0
1230,6693,5464,JASAFM010286783.1_De,1230,1603,374,6321,6693,373,1226,1229,tgaa,6694,6697,tgaa,1624.0,1634.0,aaaggagaagg,-,21.0,,,,,,,,,carolinensis,SRX19952691,GCA_031753635.1,JASAFM010286783.1_De_1230_6693,JASAFM010286783.1_De_1230_6693,LTR,Gypsy,unknown,no,+,PROT|Ty3_gypsy RT|Ty3_gypsy RH|Ty3_gypsy INT|Ty3_gypsy,True,5,5464,5464,0,0,1.0,1.0,1.0,1.0,76.02139037433155,104.93833780160858,90.46050870147256,165.69048123807505,0.545960806109875,-0.8731307094208275,90.46050870147256,165.69048123807505,0.545960806109875,-0.46246453961763595,input_data/ectopic_recombination/JASAFM010286783.1_De_1230_6693.fa.depth.txt,c625a60774dae8320033552f32998dde09a6266233e2904717fdfe4cf694ac28,216024,usable,1.0,True,0.545960806109875,0.0
1295,6820,5526,JASAFM010293425.1_De,1295,1458,164,6660,6820,161,1291,1294,agga,6821,6824,agga,,,,,,,,,,,,,,carolinensis,SRX19952691,GCA_031753635.1,JASAFM010293425.1_De_1295_6820,JASAFM010293425.1_De_1295_6820,LTR,Gypsy,unknown,no,-,INT|Ty3_gypsy GAG|Ty3_gypsy RT|Ty3_gypsy RH|Ty3_gypsy,True,5,5526,5526,0,0,1.0,1.0,1.0,1.0,285.6890243902439,275.49068322981367,280.6369230769231,1061.364737550471,0.2644113876673597,-1.9191437827261695,280.6369230769231,1061.364737550471,0.2644113876673597,0.05234877848584832,input_data/ectopic_recombination/JASAFM010293425.1_De_1295_6820.fa.depth.txt,d4b740b96f8a2908e00b64f42395f74ba3b1e6d19f06c49f67e2d710b6e3d946,220925,usable,1.0,True,0.2644113876673597,0.0
534,6445,5912,JASAFM010332208.1_De,534,827,294,6165,6445,281,530,533,gttc,6446,6449,gttc,801.0,808.0,ggggtgaa,-,26.0,,,,,,,,,carolinensis,SRX19952691,GCA_031753635.1,JASAFM010332208.1_De_534_6445,JASAFM010332208.1_De_534_6445,LTR,Gypsy,unknown,no,+,GAG|Ty3_gypsy RT|Ty3_gypsy RH|Ty3_gypsy INT|Ty3_gypsy,True,5,5912,5912,0,100,1.0,1.0,1.0,0.981262881768784,527.7074829931972,688.9644128113879,606.5130434782609,2250.136780963088,0.2695449666036148,-1.8914021254919897,606.5130434782609,2293.102921519954,0.26449447069573373,-0.3843713479692788,input_data/ectopic_recombination/JASAFM010332208.1_De_534_6445.fa.depth.txt,850f9057a9f6b9db9668aeb2b34f10d3090d4c982234fbe799a4dbc3b3f8bd0f,231254,usable,1.0,True,0.2644944706957337,5.551115123125783e-17
937,6591,5655,JASAFM010373206.1_De,937,1064,128,6463,6591,129,933,936,tagt,6592,6595,tagt,,,,,,,,,,,,,,carolinensis,SRX19952691,GCA_031753635.1,JASAFM010373206.1_De_937_6591,JASAFM010373206.1_De_937_6591,LTR,Gypsy,unknown,no,+,GAG|Ty3_gypsy RT|Ty3_gypsy RH|Ty3_gypsy INT|Ty3_gypsy,True,5,5655,5655,0,0,1.0,1.0,1.0,1.0,117.2421875,50.07751937984496,83.52918287937743,95.78714338643942,0.8720291672379349,-0.19755170446567633,83.52918287937743,95.78714338643942,0.8720291672379349,1.2190631508835124,input_data/ectopic_recombination/JASAFM010373206.1_De_937_6591.fa.depth.txt,7e7c84c8be01889eec8012a5eb3242a75b080ad57d5b1b63f3a2cbf1372dc58d,215304,usable,1.0,True,0.8720291672379349,0.0
6,5808,5803,JASAFM010374313.1_De,6,223,218,5579,5808,230,2,5,acgc,5809,5812,acgc,243.0,254.0,ggtggagaaaaa,-,20.0,,,,,,,,,carolinensis,SRX19952691,GCA_031753635.1,JASAFM010374313.1_De_6_5808,JASAFM010374313.1_De_6_5808,LTR,Gypsy,unknown,no,+,GAG|Ty3_gypsy RT|Ty3_gypsy RH|Ty3_gypsy INT|Ty3_gypsy,True,5,5803,5803,0,0,1.0,1.0,1.0,1.0,49.169724770642205,126.85652173913043,89.05357142857143,104.14005602240897,0.8551327397923503,-0.22577971210970338,89.05357142857143,104.14005602240897,0.8551327397923503,-1.3584341821198973,input_data/ectopic_recombination/JASAFM010374313.1_De_6_5808.fa.depth.txt,d0b4b56e069c8051c63b954bc8aec1067bf6591f9358929b04618134027b2af1,210217,usable,1.0,True,0.8551327397923503,0.0
3053,8688,5636,JASAFM010376530.1_De,3053,3974,922,7765,8688,924,3049,3052,tcag,8689,8692,tcag,7784.0,7792.0,ggggaggag,+,27.0,,,,,,,,,carolinensis,SRX19952691,GCA_031753635.1,JASAFM010376530.1_De_3053_8688,JASAFM010376530.1_De_3053_8688,LTR,Gypsy,unknown,yes,+,GAG|Ty3_gypsy PROT|Ty3_gypsy RT|Ty3_gypsy RH|Ty3_gypsy INT|Ty3_gypsy,True,6,5636,5636,0,0,1.0,1.0,1.0,1.0,52.24186550976139,40.54220779220779,46.38569880823402,36.09419525065963,1.2851290487598919,0.36191323775215006,46.38569880823402,36.09419525065963,1.2851290487598919,0.3618402608151662,input_data/ectopic_recombination/JASAFM010376530.1_De_3053_8688.fa.depth.txt,2426d346350fff30f178929cc8da30241e452c3f96bd0ffadab3983fb95d20d2,218230,usable,1.0,True,1.285129048759892,2.220446049250313e-16
13,6512,6500,JASAFM010395369.1_De,13,1009,997,5517,6512,996,9,12,acaa,6513,6516,acaa,982.0,995.0,gaggataaggtgga,-,27.0,,,,,,,,,carolinensis,SRX19952691,GCA_031753635.1,JASAFM010395369.1_De_13_6512,JASAFM010395369.1_De_13_6512,LTR,Gypsy,unknown,no,-,INT|Ty3_gypsy GAG|Ty3_gypsy RT|Ty3_gypsy RH|Ty3_gypsy,True,5,6500,6500,0,0,1.0,1.0,1.0,1.0,2453.5215646940824,1715.0271084337348,2084.459608630206,3659.297759041491,0.5696337783608527,-0.8118933965661935,2084.459608630206,3659.297759041491,0.5696337783608527,0.5164960034583105,input_data/ectopic_recombination/JASAFM010395369.1_De_13_6512.fa.depth.txt,21abdc6eafa69d0e09dab4450db7890a7591f73028c8d1be6848183d16fdd2cd,251599,usable,1.0,True,0.5696337783608527,0.0
9,5650,5642,JASAFM010431925.1_De,9,524,516,5120,5650,531,5,8,ttta,5651,5654,ttta,505.0,514.0,gaggaaaaaa,-,19.0,,,,,,,,,carolinensis,SRX19952691,GCA_031753635.1,JASAFM010431925.1_De_9_5650,JASAFM010431925.1_De_9_5650,LTR,Gypsy,unknown,no,-,GAG|Ty3_gypsy INT|Ty3_gypsy RT|Ty3_gypsy RH|Ty3_gypsy,True,5,5642,5642,0,0,1.0,1.0,1.0,1.0,11.608527131782946,33.080979284369114,22.498567335243553,39.70163220892274,0.5666912437465761,-0.8193651841303903,22.498567335243553,39.70163220892274,0.5666912437465761,-1.4716209147515809,input_data/ectopic_recombination/JASAFM010431925.1_De_9_5650.fa.depth.txt,36ebd55dd11a5bfc3e10ff25e42d3ee0b5072b3fc7cc7ae57cc764358863854c,201779,usable,1.0,True,0.5666912437465761,0.0
435,6263,5829,JASAFM010502834.1_De,435,889,455,5824,6263,440,431,434,tagt,6264,6267,tagt,870.0,884.0,agaggaagggggaga,-,19.0,,,,,,,,,carolinensis,SRX19952691,GCA_031753635.1,JASAFM010502834.1_De_435_6263,JASAFM010502834.1_De_435_6263,LTR,Gypsy,unknown,no,+,PROT|Ty3_gypsy RT|Ty3_gypsy RH|Ty3_gypsy INT|Ty3_gypsy GAG|Ty3_gypsy,True,6,5829,5829,0,0,1.0,1.0,1.0,1.0,16.93846153846154,19.693181818181817,18.2927374301676,33.96047831374138,0.5386478147089534,-0.8925857941571393,18.2927374301676,33.96047831374138,0.5386478147089534,-0.21159548467904943,input_data/ectopic_recombination/JASAFM010502834.1_De_435_6263.fa.depth.txt,690b6af7de913fa54fbb3671b91186ffba24192741517bb08f723938fa486833,220023,usable,1.0,True,0.5386478147089534,0.0
13,5538,5526,JASAFM010543830.1_De,13,293,281,5251,5538,288,9,12,ggtg,5539,5542,ggtg,,,,,,,,,,,,,,carolinensis,SRX19952691,GCA_031753635.1,JASAFM010543830.1_De_13_5538,JASAFM010543830.1_De_13_5538,LTR,Gypsy,unknown,no,-,GAG|Ty3_gypsy RT|Ty3_gypsy RH|Ty3_gypsy INT|Ty3_gypsy,True,5,5526,5526,0,0,1.0,1.0,1.0,1.0,125.13523131672598,225.21527777777777,175.7908611599297,69.25317732499495,2.5383797242250576,1.343907902622212,175.7908611599297,69.25317732499495,2.5383797242250576,-0.8452629828004304,input_data/ectopic_recombination/JASAFM010543830.1_De_13_5538.fa.depth.txt,a1a03dbac7fbd57ef5a682b245d912102ff1e5d8e7bab483e85d3aaba551ffe5,204600,usable,1.0,True,2.5383797242250576,0.0
345,5922,5578,JASAFM010563249.1_De,345,639,295,5648,5922,275,341,344,gacc,5923,5926,gacc,,,,,,,,,,,,,,carolinensis,SRX19952691,GCA_031753635.1,JASAFM010563249.1_De_345_5922,JASAFM010563249.1_De_345_5922,LTR,Gypsy,unknown,no,-,GAG|Ty3_gypsy RT|Ty3_gypsy RH|Ty3_gypsy INT|Ty3_gypsy,True,5,5578,5578,0,0,1.0,1.0,1.0,1.0,39.820338983050846,39.97090909090909,39.89298245614035,74.93270766773163,0.5323841043224375,-0.9094605983136342,39.89298245614035,74.93270766773163,0.5323841043224375,-0.00537748839370751,input_data/ectopic_recombination/JASAFM010563249.1_De_345_5922.fa.depth.txt,895de2bac71ac6a575eacb5d367b4a58b23982104a70c8581cff46a0368971c9,211448,usable,1.0,True,0.5323841043224375,0.0
702,6079,5378,JASAFM010563360.1_De,702,838,137,5949,6079,131,698,701,aatc,6080,6083,aatc,,,,,,,,,,,,,,carolinensis,SRX19952691,GCA_031753635.1,JASAFM010563360.1_De_702_6079,JASAFM010563360.1_De_702_6079,LTR,Gypsy,unknown,no,+,GAG|Ty3_gypsy RT|Ty3_gypsy RH|Ty3_gypsy INT|Ty3_gypsy,True,5,5378,5378,0,0,1.0,1.0,1.0,1.0,48.12408759124087,24.480916030534353,36.56716417910448,33.06360078277886,1.1059643630269829,0.14530489903322727,36.56716417910448,33.06360078277886,1.1059643630269829,0.9608447984325892,input_data/ectopic_recombination/JASAFM010563360.1_De_702_6079.fa.depth.txt,80893cc117d3e13fa8aafd38594483eb78a2999f509f2023b22b27f320aa7181,202903,usable,1.0,True,1.1059643630269829,0.0
14,6071,6058,JASAFM010563692.1_De,14,268,255,5813,6071,259,10,13,gaag,6072,6075,gaag,,,,,,,,,,,,,,carolinensis,SRX19952691,GCA_031753635.1,JASAFM010563692.1_De_14_6071,JASAFM010563692.1_De_14_6071,LTR,Gypsy,unknown,no,-,RH|Ty3_gypsy INT|Ty3_gypsy GAG|Ty3_gypsy PROT|Ty3_gypsy RT|Ty3_gypsy,True,6,6058,6058,0,0,1.0,1.0,1.0,1.0,41.576470588235296,26.73745173745174,34.099221789883266,43.84054834054834,0.7778009874558236,-0.36252702854322316,34.099221789883266,43.84054834054834,0.7778009874558236,0.6274219601573297,input_data/ectopic_recombination/JASAFM010563692.1_De_14_6071.fa.depth.txt,5ffd58ef26e482deaf100a58fc74611102e20bd7cd2808685ed7a4df96224ae9,223137,usable,1.0,True,0.7778009874558236,0.0
117,7406,7290,JASAFM010571103.1_De,117,234,118,7290,7406,117,113,116,atac,7407,7410,atac,,,,,,,,,,,,,,carolinensis,SRX19952691,GCA_031753635.1,JASAFM010571103.1_De_117_7406,JASAFM010571103.1_De_117_7406,LTR,Gypsy,unknown,no,+,PROT|Ty3_gypsy RT|Ty3_gypsy RH|Ty3_gypsy INT|Ty3_gypsy,True,5,7290,7290,0,0,1.0,1.0,1.0,1.0,521.5254237288135,865.2735042735043,692.6680851063829,1124.8559886605244,0.6157837910710777,-0.6995042022515315,692.6680851063829,1124.8559886605244,0.6157837910710777,-0.7298695788941615,input_data/ectopic_recombination/JASAFM010571103.1_De_117_7406.fa.depth.txt,21836d7622dcd21e9a56682cfd4af3913539f56a7a0a06bf36a065cc425f14b3,279926,usable,1.0,True,0.6157837910710777,0.0
8,5735,5728,JASAFM010580500.1_De,8,670,663,5080,5735,656,4,7,ggct,5736,5739,ggct,5051.0,5059.0,aggagagaa,+,21.0,,,,,,,,,carolinensis,SRX19952691,GCA_031753635.1,JASAFM010580500.1_De_8_5735,JASAFM010580500.1_De_8_5735,LTR,Gypsy,unknown,no,+,RT|Ty3_gypsy RH|Ty3_gypsy INT|Ty3_gypsy GAG|Ty3_gypsy,True,5,5728,5728,0,0,1.0,1.0,1.0,1.0,27.68476621417798,24.679878048780488,26.190295678544352,41.197323656157856,0.6357280850847123,-0.6535182699177863,26.190295678544352,41.197323656157856,0.6357280850847123,0.16264430491089435,input_data/ectopic_recombination/JASAFM010580500.1_De_8_5735.fa.depth.txt,1ed450eb11100dd207253a09e8698f721af3c20dacde03a3eda3465d4438f575,205005,usable,1.0,True,0.6357280850847123,0.0
12,5751,5740,JASAFM010582606.1_De,12,703,692,5062,5751,690,8,11,cttc,5752,5755,cttc,,,,,,,,,,,,,,carolinensis,SRX19952691,GCA_031753635.1,JASAFM010582606.1_De_12_5751,JASAFM010582606.1_De_12_5751,LTR,Gypsy,unknown,no,+,RT|Ty3_gypsy RH|Ty3_gypsy INT|Ty3_gypsy GAG|Ty3_gypsy,True,5,5740,5740,0,0,1.0,1.0,1.0,1.0,33.82947976878613,13.340579710144928,23.599855282199712,40.44401101422671,0.5835191587179164,-0.7771480700883004,23.599855282199712,40.44401101422671,0.5835191587179164,1.310543623506883,input_data/ectopic_recombination/JASAFM010582606.1_De_12_5751.fa.depth.txt,dc763d5ef818cc5152afecdd96b3c2a61f733cfe37e6c07ab8ab6379b8340374,210932,usable,1.0,True,0.5835191587179164,0.0
1666,7218,5553,JASAFM010583268.1_De,1666,1839,174,7046,7218,173,1662,1665,gtaa,7219,7222,gtaa,,,,,,,,,,,,,,carolinensis,SRX19952691,GCA_031753635.1,JASAFM010583268.1_De_1666_7218,JASAFM010583268.1_De_1666_7218,LTR,Gypsy,unknown,no,-,GAG|Ty3_gypsy RT|Ty3_gypsy RH|Ty3_gypsy INT|Ty3_gypsy,True,5,5553,5553,0,0,1.0,1.0,1.0,1.0,238.44252873563218,276.8208092485549,257.57636887608066,1462.4821359969267,0.17612274539032177,-2.5053468566847226,257.57636887608066,1462.4821359969267,0.17612274539032177,-0.21489221752267412,input_data/ectopic_recombination/JASAFM010583268.1_De_1666_7218.fa.depth.txt,8967979ce4903a7df9ac5dffb99b64be719eea69a25a5f8389d58c210048e960,222357,usable,1.0,True,0.1761227453903217,8.326672684688674e-17
18,5662,5645,JASAFM010584374.1_De,18,244,227,5423,5662,240,14,17,gagg,5663,5666,gagg,5440.0,5450.0,ggaaaacaagg,+,27.0,,,,,,,,,carolinensis,SRX19952691,GCA_031753635.1,JASAFM010584374.1_De_18_5662,JASAFM010584374.1_De_18_5662,LTR,Gypsy,unknown,no,+,GAG|Ty3_gypsy RT|Ty3_gypsy RH|Ty3_gypsy INT|Ty3_gypsy,True,5,5645,5645,0,0,1.0,1.0,1.0,1.0,403.82819383259914,5776.920833333334,3165.1605995717346,2344.30764774044,1.3501472823426026,0.4331167938800767,3165.1605995717346,2344.30764774044,1.3501472823426026,-3.836826874456935,input_data/ectopic_recombination/JASAFM010584374.1_De_18_5662.fa.depth.txt,6f6b590d205b6e06fd34c10043adfbd942477dc1d87e3717153f4bae09ee2743,216433,usable,1.0,True,1.3501472823426026,0.0
111,5737,5627,JASAFM010584596.1_De,111,273,163,5564,5737,174,107,110,caag,5738,5741,caag,264.0,273.0,aaggaaaagg,-,9.0,,,,,,,,,carolinensis,SRX19952691,GCA_031753635.1,JASAFM010584596.1_De_111_5737,JASAFM010584596.1_De_111_5737,LTR,Gypsy,unknown,no,+,INT|Ty3_gypsy GAG|Ty3_gypsy RT|Ty3_gypsy RH|Ty3_gypsy,True,5,5627,5627,0,0,1.0,1.0,1.0,1.0,15.56441717791411,46.3448275862069,31.456973293768545,27.302079395085066,1.1521823242310052,0.20436903053967737,31.456973293768545,27.302079395085066,1.1521823242310052,-1.5440211198761293,input_data/ectopic_recombination/JASAFM010584596.1_De_111_5737.fa.depth.txt,b108f1a1875b65f64f529149294dac473535796de2a21abaa941a0940066bd7e,212591,usable,1.0,True,1.1521823242310052,0.0
10,5715,5706,JASAFM010585590.1_De,10,314,305,5419,5715,297,6,9,caaa,5716,5719,caaa,,,,,,,,,,,,,,carolinensis,SRX19952691,GCA_031753635.1,JASAFM010585590.1_De_10_5715,JASAFM010585590.1_De_10_5715,LTR,Gypsy,unknown,no,+,RT|Ty3_gypsy RH|Ty3_gypsy INT|Ty3_gypsy GAG|Ty3_gypsy,True,5,5706,5706,0,8,1.0,0.9730639730639731,0.9867109634551495,1.0,463.2655737704918,206.21885521885523,336.4501661129568,4443.7084639498435,0.07571382525259072,-3.723299431146049,340.98148148148147,4443.7084639498435,0.07673354007080743,1.16572574415587,input_data/ectopic_recombination/JASAFM010585590.1_De_10_5715.fa.depth.txt,eaa5c4038d2464a465da2004d8c026d4f7eece7124d71211465abf1d053ff3e0,219749,usable,1.0,True,0.0767335400708074,2.7755575615628914e-17
23,5603,5581,JASAFM010587251.1_De,23,590,568,5013,5603,591,19,22,ggtc,5604,5607,ggtc,,,,,,,,,,,,,,carolinensis,SRX19952691,GCA_031753635.1,JASAFM010587251.1_De_23_5603,JASAFM010587251.1_De_23_5603,LTR,Gypsy,unknown,no,-,RT|Ty3_gypsy RH|Ty3_gypsy INT|Ty3_gypsy GAG|Ty3_gypsy,True,5,5581,5581,0,0,1.0,1.0,1.0,1.0,10.169014084507042,19.131979695431472,14.739430543572045,39.927182270465856,0.3691577944000021,-1.4376904749763475,14.739430543572045,39.927182270465856,0.3691577944000021,-0.8797787980243906,input_data/ectopic_recombination/JASAFM010587251.1_De_23_5603.fa.depth.txt,49d9ee094f83aa2a356465cbb0d20633eb1d8e042b27a4e0570f9f4491a8ed55,205127,usable,1.0,True,0.3691577944000021,0.0
10,5557,5548,JASAFM010598750.1_De,10,283,274,5281,5557,277,6,9,aagg,5558,5561,aagg,256.0,264.0,aggaacaaa,-,27.0,,,,,,,,,carolinensis,SRX19952691,GCA_031753635.1,JASAFM010598750.1_De_10_5557,JASAFM010598750.1_De_10_5557,LTR,Gypsy,unknown,no,+,RT|Ty3_gypsy RH|Ty3_gypsy INT|Ty3_gypsy GAG|Ty3_gypsy PROT|Ty3_gypsy,True,6,5548,5548,0,0,1.0,1.0,1.0,1.0,21.284671532846716,11.487364620938628,16.35934664246824,23.73444066439864,0.6892661543529464,-0.5368669197657551,16.35934664246824,23.73444066439864,0.6892661543529464,0.8617988383139488,input_data/ectopic_recombination/JASAFM010598750.1_De_10_5557.fa.depth.txt,6f9f45c41255497b630a47c86eb4bad3be4b24d23dea3bef9ac5faabc0988b18,203724,usable,1.0,True,0.6892661543529464,0.0
8,5493,5486,JASAFM010603841.1_De,8,353,346,5155,5493,339,4,7,atga,5494,5497,atga,,,,,,,,,,,,,,carolinensis,SRX19952691,GCA_031753635.1,JASAFM010603841.1_De_8_5493,JASAFM010603841.1_De_8_5493,LTR,Gypsy,unknown,no,+,INT|Ty3_gypsy RT|Ty3_gypsy RH|Ty3_gypsy GAG|Ty3_gypsy,True,5,5486,5486,0,0,1.0,1.0,1.0,1.0,13.679190751445086,22.221238938053098,17.906569343065694,28.702770256196626,0.6238620587223581,-0.6807010228457836,17.906569343065694,28.702770256196626,0.6238620587223581,-0.6802663078694924,input_data/ectopic_recombination/JASAFM010603841.1_De_8_5493.fa.depth.txt,b7fad75c81fc5ad312a9a6943b82f94aa3d6eb70fcdc6b3ecfc92f70f67f84d3,195968,usable,1.0,True,0.6238620587223581,0.0
5,6019,6015,JAUBNS010008784.1_De,5,558,554,5473,6019,547,1,4,ctac,6020,6023,ctac,,,,,,,,,,,,,,cheaha,SRX20502857,GCA_032353815.1,JAUBNS010008784.1_De_5_6019,JAUBNS010008784.1_De_5_6019,LTR,Gypsy,unknown,no,-,RT|Ty3_gypsy RH|Ty3_gypsy INT|Ty3_gypsy GAG|Ty3_gypsy,True,5,6015,6015,0,0,1.0,1.0,1.0,1.0,227.21119133574007,300.55210237659963,263.64850136239784,3957.6501831501832,0.06661743437681517,-3.9079563969020654,263.64850136239784,3957.6501831501832,0.06661743437681517,-0.40280799498052133,input_data/ectopic_recombination/JAUBNS010008784.1_De_5_6019.fa.depth.txt,3dd54ddf0b8cc66b2b0d7680b6404cbed8e2045eeded2e12655552d1a789301a,223282,usable,1.0,True,0.0666174343768151,6.938893903907228e-17
72,5281,5210,JAUBNS010012200.1_De,72,285,214,5059,5281,223,68,71,gtta,5282,5285,gtta,5044.0,5052.0,aaaggagaa,+,7.0,,,,,,,,,cheaha,SRX20502857,GCA_032353815.1,JAUBNS010012200.1_De_72_5281,JAUBNS010012200.1_De_72_5281,LTR,Gypsy,unknown,no,+,GAG|Ty3_gypsy RT|Ty3_gypsy RH|Ty3_gypsy INT|Ty3_gypsy,True,5,5210,5210,0,0,1.0,1.0,1.0,1.0,43.47196261682243,22.681614349775785,32.86270022883295,77.18248481039178,0.4257792465423236,-1.2318224636508275,32.86270022883295,77.18248481039178,0.4257792465423236,0.9236028883126636,input_data/ectopic_recombination/JAUBNS010012200.1_De_72_5281.fa.depth.txt,8e9f34f4f7a9034f23be445d959dde196904c143570ea6cb55a2ca35138d2534,192268,usable,1.0,True,0.4257792465423236,0.0
21,5829,5809,JAUBNS010025344.1_De,21,401,381,5441,5829,389,17,20,atct,5830,5833,atct,,,,,,,,,,,,,,cheaha,SRX20502857,GCA_032353815.1,JAUBNS010025344.1_De_21_5829,JAUBNS010025344.1_De_21_5829,LTR,Gypsy,unknown,no,-,GAG|Ty3_gypsy RT|Ty3_gypsy RH|Ty3_gypsy INT|Ty1_copia,True,5,5809,5809,0,1,1.0,0.9974293059125964,0.9987012987012988,1.0,10628.249343832022,5880.383033419023,8229.651948051947,1810.6110339353047,4.545234616274851,2.1843547654865447,8240.353706111833,1810.6110339353047,4.551145194449462,0.8538671471154601,input_data/ectopic_recombination/JAUBNS010025344.1_De_21_5829.fa.depth.txt,497ae68937eab5d80de1cc1bb48d6902ac1fec758f6efc68bd622e1096e4c3d9,222376,usable,1.0,True,4.551145194449462,0.0
2781,9240,6460,JAUBNS010029860.1_De,2781,3778,998,8251,9240,990,2777,2780,gaat,9241,9244,gaat,3795.0,3804.0,aggaggagga,-,17.0,,,,,,,,,cheaha,SRX20502857,GCA_032353815.1,JAUBNS010029860.1_De_2781_9240,JAUBNS010029860.1_De_2781_9240,LTR,Gypsy,unknown,no,+,RT|Ty3_gypsy RH|Ty3_gypsy INT|Ty3_gypsy GAG|Ty3_gypsy,True,5,6460,6460,0,0,1.0,1.0,1.0,1.0,596.8026052104209,427.6454545454545,512.5643863179074,5249.326923076923,0.0976438301193603,-3.3563273032399277,512.5643863179074,5249.326923076923,0.0976438301193603,0.48036100527576425,input_data/ectopic_recombination/JAUBNS010029860.1_De_2781_9240.fa.depth.txt,acc6ad79e6d97b2fe120b8382154443aa17c322fb3a7d5c1ecf4edc695d9ef0c,259934,usable,1.0,True,0.0976438301193603,0.0
24,5832,5809,JAUBNS010036484.1_De,24,1000,977,4836,5832,997,20,23,aaga,5833,5836,aaga,,,,,,,,,,,,,,cheaha,SRX20502857,GCA_032353815.1,JAUBNS010036484.1_De_24_5832,JAUBNS010036484.1_De_24_5832,LTR,Gypsy,unknown,no,+,PROT|Ty3_gypsy RT|Ty3_gypsy RH|Ty3_gypsy INT|Ty3_gypsy,True,5,5809,5809,0,0,1.0,1.0,1.0,1.0,311.48106448311154,504.54463390170514,408.99088145896656,620.8083441981747,0.6588037762076348,-0.6020792703932001,408.99088145896656,620.8083441981747,0.6588037762076348,-0.6949524251630061,input_data/ectopic_recombination/JAUBNS010036484.1_De_24_5832.fa.depth.txt,083b1af25548481de2073e5d7e5abc887daacc5171fa804d9809d833e56f22b3,219892,usable,1.0,True,0.6588037762076348,0.0
5,5459,5455,JAUBNS010067067.1_De,5,269,265,5189,5459,271,1,4,atcg,5460,5463,atcg,,,,,,,,,,,,,,cheaha,SRX20502857,GCA_032353815.1,JAUBNS010067067.1_De_5_5459,JAUBNS010067067.1_De_5_5459,LTR,Gypsy,unknown,no,+,RT|Ty3_gypsy RH|Ty3_gypsy INT|Ty3_gypsy GAG|Ty3_gypsy PROT|Ty3_gypsy,True,6,5455,5455,0,0,1.0,1.0,1.0,1.0,182.0867924528302,213.7970479704797,198.11940298507463,236.95364911567393,0.8361103689454407,-0.25823470016437367,198.11940298507463,236.95364911567393,0.8361103689454407,-0.231029565725589,input_data/ectopic_recombination/JAUBNS010067067.1_De_5_5459.fa.depth.txt,962e6663c160ba21496e9006dd09b8c7690fb97e31a8ea651c64594c0a9f89ca,199674,usable,1.0,True,0.8361103689454407,0.0
1890,8270,6381,JAUBNS010136966.1_De,1890,2862,973,7277,8270,994,1886,1889,ggtc,8271,8274,ggtc,,,,,,,,,,,,,,cheaha,SRX20502857,GCA_032353815.1,JAUBNS010136966.1_De_1890_8270,JAUBNS010136966.1_De_1890_8270,LTR,Gypsy,unknown,no,+,RH|Ty3_gypsy INT|Ty3_gypsy GAG|Ty3_gypsy PROT|Ty3_gypsy RT|Ty3_gypsy,True,6,6381,6381,0,0,1.0,1.0,1.0,1.0,43.55498458376156,38.74748490945674,41.12557193695984,65.90167648391481,0.6240443966095113,-0.6802794239890582,41.12557193695984,65.90167648391481,0.6240443966095113,0.16670505657732548,input_data/ectopic_recombination/JAUBNS010136966.1_De_1890_8270.fa.depth.txt,ab64d8c4a35204ce4bbcbb909c561044118a47787c60f49838e5b967d0a32389,248156,usable,1.0,True,0.6240443966095113,0.0
6,4970,4965,JAUBNS010137854.1_De,6,133,128,4843,4970,128,2,5,ttgg,4971,4974,ttgg,,,,,,,,,,,,,,cheaha,SRX20502857,GCA_032353815.1,JAUBNS010137854.1_De_6_4970,JAUBNS010137854.1_De_6_4970,LTR,Gypsy,unknown,no,-,INT|Ty3_gypsy GAG|Ty3_gypsy PROT|Ty3_gypsy RT|Ty3_gypsy RH|Ty3_gypsy,True,6,4965,4965,0,0,1.0,1.0,1.0,1.0,89.328125,22.6328125,55.98046875,78.37056699936292,0.7143047561523329,-0.48538836743372515,55.98046875,78.37056699936292,0.7143047561523329,1.9572265402359499,input_data/ectopic_recombination/JAUBNS010137854.1_De_6_4970.fa.depth.txt,21d2f0ba0acfe555fb3ec47c8a2d8cff496e11585284e7633ff2ca2f8d376f9a,178603,usable,1.0,True,0.7143047561523329,0.0
10,5834,5825,JAUBNS010168997.1_De,10,407,398,5427,5834,408,6,9,ctaa,5835,5838,ctaa,,,,,,,,,,,,,,cheaha,SRX20502857,GCA_032353815.1,JAUBNS010168997.1_De_10_5834,JAUBNS010168997.1_De_10_5834,LTR,Gypsy,unknown,no,+,GAG|Ty3_gypsy RT|Ty3_gypsy RH|Ty3_gypsy INT|Ty1_copia,True,5,5825,5825,0,0,1.0,1.0,1.0,1.0,8348.125628140704,11588.357843137255,9988.342431761786,5181.0312811317,1.9278676174253901,0.947005988164815,9988.342431761786,5181.0312811317,1.9278676174253901,-0.4731277642864773,input_data/ectopic_recombination/JAUBNS010168997.1_De_10_5834.fa.depth.txt,03f8a1eb62b3b9dd7ddb231b331e363b409c856265caaa22772a88f0efb5d247,226886,usable,1.0,True,1.92786761742539,2.220446049250313e-16
970,6386,5417,JAUBNS010170096.1_De,970,1238,269,6118,6386,269,966,969,aagg,6387,6390,aagg,,,,,,,,,,,,,,cheaha,SRX20502857,GCA_032353815.1,JAUBNS010170096.1_De_970_6386,JAUBNS010170096.1_De_970_6386,LTR,Gypsy,unknown,no,-,GAG|Ty3_gypsy RT|Ty3_gypsy RH|Ty3_gypsy INT|Ty3_gypsy,True,5,5417,5417,0,0,1.0,1.0,1.0,1.0,55.698884758364315,125.81412639405204,90.75650557620818,49.16868210698914,1.8458193648291317,0.884261375185059,90.75650557620818,49.16868210698914,1.8458193648291317,-1.1684025863541203,input_data/ectopic_recombination/JAUBNS010170096.1_De_970_6386.fa.depth.txt,54c7482c616161b9f844211259fb6fe9ae3aea94653f45a7edb8078a390a14bf,205047,usable,1.0,True,1.845819364829132,2.220446049250313e-16
1240,7147,5908,JAUBNS010227561.1_De,1240,1972,733,6433,7147,715,1236,1239,tttc,7148,7151,tttc,,,,,,,,,,,,,,cheaha,SRX20502857,GCA_032353815.1,JAUBNS010227561.1_De_1240_7147,JAUBNS010227561.1_De_1240_7147,LTR,Gypsy,unknown,no,-,PROT|Ty3_gypsy RT|Ty3_gypsy RH|Ty3_gypsy INT|Ty3_gypsy GAG|Ty3_gypsy,True,6,5908,5908,0,0,1.0,1.0,1.0,1.0,782.8253751705321,206.37482517482516,498.18301104972375,1190.3681614349775,0.41851170687324907,-1.2566601155722992,498.18301104972375,1190.3681614349775,0.41851170687324907,1.920853601296555,input_data/ectopic_recombination/JAUBNS010227561.1_De_1240_7147.fa.depth.txt,65ea6f23df853650ec917147530a445363519fdfff22fafce79fe540db3961a0,236248,usable,1.0,True,0.418511706873249,5.551115123125783e-17
2349,7764,5416,JAUBNS010228667.1_De,2349,2638,290,7487,7764,278,2345,2348,ctca,7765,7768,ctca,,,,,,,,,,,,,,cheaha,SRX20502857,GCA_032353815.1,JAUBNS010228667.1_De_2349_7764,JAUBNS010228667.1_De_2349_7764,LTR,Gypsy,unknown,no,+,GAG|Ty3_gypsy RT|Ty3_gypsy RH|Ty3_gypsy INT|Ty3_gypsy,True,5,5416,5416,0,0,1.0,1.0,1.0,1.0,34.88620689655173,29.93884892086331,32.46478873239437,42.3401402640264,0.7667614828375412,-0.3831502277755965,32.46478873239437,42.3401402640264,0.7667614828375412,0.21727332254363865,input_data/ectopic_recombination/JAUBNS010228667.1_De_2349_7764.fa.depth.txt,6fc8dadd2d9f6e51ef065240aaed4c2cdc5142c27d0dca50ba994f98eb151452,210112,usable,1.0,True,0.7667614828375412,0.0
8,5881,5874,JAUBNS010286151.1_De,8,756,749,5133,5881,749,4,7,agga,5882,5885,agga,,,,,,,,,,,,,,cheaha,SRX20502857,GCA_032353815.1,JAUBNS010286151.1_De_8_5881,JAUBNS010286151.1_De_8_5881,LTR,Gypsy,unknown,no,-,GAG|Ty3_gypsy RT|Ty3_gypsy RH|Ty3_gypsy INT|Ty3_gypsy,True,5,5874,5874,0,0,1.0,1.0,1.0,1.0,329.75834445927904,425.1348464619493,377.44659546061416,410.6307129798903,0.9191874439238518,-0.12156900394480036,377.44659546061416,410.6307129798903,0.9191874439238518,-0.3660212544967737,input_data/ectopic_recombination/JAUBNS010286151.1_De_8_5881.fa.depth.txt,e17d17c6acc5b0909408f7513c5202fd19002243ac7c198566cab540fb96d9af,215460,usable,1.0,True,0.9191874439238518,0.0
1254,7185,5932,JAUBNS010387888.1_De,1254,1672,419,6786,7185,400,1250,1253,gtgt,7186,7189,gtgt,,,,,,,,,,,,,,cheaha,SRX20502857,GCA_032353815.1,JAUBNS010387888.1_De_1254_7185,JAUBNS010387888.1_De_1254_7185,LTR,Gypsy,unknown,yes,-,GAG|Ty3_gypsy PROT|Ty3_gypsy RT|Ty3_gypsy RH|Ty3_gypsy INT|Ty3_gypsy,True,6,5932,5932,0,0,1.0,1.0,1.0,1.0,44.0381861575179,42.1025,43.09279609279609,73.95364756503031,0.5827000764891674,-0.779174594824171,43.09279609279609,73.95364756503031,0.5827000764891674,0.06410471159272682,input_data/ectopic_recombination/JAUBNS010387888.1_De_1254_7185.fa.depth.txt,12f661865db028a6290a502be260ababa1401539f4ae4aef2fe8eb4b536d15a5,231126,usable,1.0,True,0.5827000764891674,0.0
985,7144,6160,JAUBNS010400061.1_De,985,1725,741,6408,7144,737,981,984,tatt,7145,7148,tatt,1698.0,1712.0,agagggaggaacagg,-,27.0,,,,,,,,,cheaha,SRX20502857,GCA_032353815.1,JAUBNS010400061.1_De_985_7144,JAUBNS010400061.1_De_985_7144,LTR,Gypsy,unknown,no,+,GAG|Ty3_gypsy RT|Ty3_gypsy RH|Ty3_gypsy INT|Ty3_gypsy,True,5,6160,6160,0,0,1.0,1.0,1.0,1.0,668.4709851551956,5253.170963364993,2954.617050067659,6477.143528406664,0.45616050302261496,-1.1323865595925282,2954.617050067659,6477.143528406664,0.45616050302261496,-2.9733103032643036,input_data/ectopic_recombination/JAUBNS010400061.1_De_985_7144.fa.depth.txt,9eec53237bf84654a1fa61d7208c4c6ce21585a4b2407edef4f5552b68feb37a,245335,usable,1.0,True,0.4561605030226149,5.551115123125783e-17
1081,6812,5732,JAUBNS010412227.1_De,1081,1248,168,6631,6812,182,1077,1080,agat,6813,6816,agat,1243.0,1253.0,gggggggaaga,-,5.0,,,,,,,,,cheaha,SRX20502857,GCA_032353815.1,JAUBNS010412227.1_De_1081_6812,JAUBNS010412227.1_De_1081_6812,LTR,Gypsy,unknown,yes,+,GAG|Ty3_gypsy PROT|Ty3_gypsy RT|Ty3_gypsy RH|Ty3_gypsy INT|Ty3_gypsy,True,6,5732,5732,0,0,1.0,1.0,1.0,1.0,177.85714285714286,172.0,174.81142857142856,152.92456335934597,1.1431219728949122,0.1929793495735275,174.81142857142856,152.92456335934597,1.1431219728949122,0.04817263220507674,input_data/ectopic_recombination/JAUBNS010412227.1_De_1081_6812.fa.depth.txt,821553eed8fb50edb963669a8566cc7cd3716809d67abaacea90e2a4a20c5041,225835,usable,1.0,True,1.1431219728949122,0.0
2188,7900,5713,JAUBNS010442093.1_De,2188,2923,736,7170,7900,731,2184,2187,acca,7901,7904,acca,,,,,,,,,,,,,,cheaha,SRX20502857,GCA_032353815.1,JAUBNS010442093.1_De_2188_7900,JAUBNS010442093.1_De_2188_7900,LTR,Gypsy,unknown,no,+,GAG|Ty3_gypsy RT|Ty3_gypsy RH|Ty3_gypsy INT|Ty3_gypsy,True,5,5713,5713,0,0,1.0,1.0,1.0,1.0,51.98233695652174,63.74145006839945,57.84185412406271,87.3942534149788,0.6618496281375521,-0.5954246201249351,57.84185412406271,87.3942534149788,0.6618496281375521,-0.29167249562458014,input_data/ectopic_recombination/JAUBNS010442093.1_De_2188_7900.fa.depth.txt,650070c9bb07adedb63a80bd3352bda589e860cd2b69619757f32d7cf63fafba,222587,usable,1.0,True,0.6618496281375521,0.0
280,5976,5697,JAUBNS010452051.1_De,280,501,222,5749,5976,228,276,279,ccct,5977,5980,ccct,,,,,,,,,,,,,,cheaha,SRX20502857,GCA_032353815.1,JAUBNS010452051.1_De_280_5976,JAUBNS010452051.1_De_280_5976,LTR,Gypsy,unknown,no,+,GAG|Ty3_gypsy RT|Ty3_gypsy RH|Ty3_gypsy INT|Ty3_gypsy,True,5,5697,5697,0,0,1.0,1.0,1.0,1.0,14938.432432432432,12187.109649122807,13544.42888888889,4803.862206975415,2.819487384384547,1.4954328877193033,13544.42888888889,4803.862206975415,2.819487384384547,0.2936618552690347,input_data/ectopic_recombination/JAUBNS010452051.1_De_280_5976.fa.depth.txt,c9c53c7c2fd67bcb91cef28516d38935cfe5c1022571bdb721b3350eb280218b,226430,usable,1.0,True,2.819487384384547,0.0
65,6616,6552,JAUBNS010478609.1_De,65,823,759,5858,6616,759,60,64,aacta,6617,6621,aacta,,,,,,,,,,,,,,cheaha,SRX20502857,GCA_032353815.1,JAUBNS010478609.1_De_65_6616,JAUBNS010478609.1_De_65_6616,LTR,Gypsy,unknown,no,+,GAG|Ty3_gypsy RT|Ty3_gypsy RH|Ty3_gypsy INT|Ty3_gypsy,True,5,6552,6552,0,0,1.0,1.0,1.0,1.0,31.78787878787879,28.092226613965746,29.940052700922266,62.12753277711561,0.48191279071604376,-1.0531560019279151,29.940052700922266,62.12753277711561,0.48191279071604376,0.17536968960343013,input_data/ectopic_recombination/JAUBNS010478609.1_De_65_6616.fa.depth.txt,959837391e94593f53b4d49ce96f7d63fd32c3d7448132f4f80cf2d45ba81277,241927,usable,1.0,True,0.4819127907160437,5.551115123125783e-17
728,6937,6210,JAUBNS010491889.1_De,728,1270,543,6392,6937,546,724,727,gccg,6938,6941,gccg,1293.0,1300.0,aaaaaggg,-,23.0,,,,,,,,,cheaha,SRX20502857,GCA_032353815.1,JAUBNS010491889.1_De_728_6937,JAUBNS010491889.1_De_728_6937,LTR,Gypsy,unknown,no,+,RH|Ty3_gypsy INT|Ty3_gypsy GAG|Ty3_gypsy RT|Ty3_gypsy,True,5,6210,6210,0,0,1.0,1.0,1.0,1.0,164.85082872928177,95.94139194139194,130.3011937557392,192.48096074985355,0.6769562727041737,-0.5628654474833334,130.3011937557392,192.48096074985355,0.6769562727041737,0.7778058975930542,input_data/ectopic_recombination/JAUBNS010491889.1_De_728_6937.fa.depth.txt,da2a191be8452440f68743783283689fa50a5d84cd39d514611499f9ef9e8363,240654,usable,1.0,True,0.6769562727041737,0.0
17,6177,6161,JAUBNS010628018.1_De,17,1000,984,5188,6177,990,13,16,cagg,6178,6181,cagg,,,,,,,,,,,,,,cheaha,SRX20502857,GCA_032353815.1,JAUBNS010628018.1_De_17_6177,JAUBNS010628018.1_De_17_6177,LTR,Gypsy,unknown,no,-,RT|Ty3_gypsy RH|Ty3_gypsy GAG|Ty3_gypsy INT|Ty3_gypsy,True,5,6161,6161,0,0,1.0,1.0,1.0,1.0,15.06808943089431,14.93030303030303,14.998986828774063,25.08263673274421,0.5979828591622343,-0.7418239639022083,14.998986828774063,25.08263673274421,0.5979828591622343,0.012825508049372603,input_data/ectopic_recombination/JAUBNS010628018.1_De_17_6177.fa.depth.txt,54f2d090dfa7d0113437b3cf6cbe466cd2cebb20572c6ea27cc6132a04354640,226210,usable,1.0,True,0.5979828591622343,0.0
87,5510,5424,JAUBNS010655751.1_De,87,298,212,5313,5510,198,83,86,cttg,5511,5514,cttg,5304.0,5312.0,ggaaaggga,+,1.0,,,,,,,,,cheaha,SRX20502857,GCA_032353815.1,JAUBNS010655751.1_De_87_5510,JAUBNS010655751.1_De_87_5510,LTR,Gypsy,unknown,yes,+,GAG|Ty3_gypsy PROT|Ty3_gypsy RT|Ty3_gypsy RH|Ty3_gypsy INT|Ty3_gypsy,True,6,5424,5424,0,0,1.0,1.0,1.0,1.0,78.74056603773585,60.31818181818182,69.84390243902439,125.81232548863183,0.5551435613940333,-0.8490671909405111,69.84390243902439,125.81232548863183,0.5551435613940333,0.38173649872541104,input_data/ectopic_recombination/JAUBNS010655751.1_De_87_5510.fa.depth.txt,5da5bd02af7dd45b9c29efa3fec231975497c56ae317c2e347e57a6e7cc1162f,203089,usable,1.0,True,0.5551435613940333,0.0
7,6099,6093,JAUBNS010656968.1_De,7,1000,994,5110,6099,990,3,6,atac,6100,6103,atac,5088.0,5101.0,ggaagagaaagaga,+,9.0,,,,,,,,,cheaha,SRX20502857,GCA_032353815.1,JAUBNS010656968.1_De_7_6099,JAUBNS010656968.1_De_7_6099,LTR,Gypsy,unknown,no,+,RT|Ty3_gypsy RH|Ty3_gypsy INT|Ty3_gypsy GAG|Ty3_gypsy PROT|Ty3_gypsy,True,6,6093,6093,0,0,1.0,1.0,1.0,1.0,980.3269617706237,418.45959595959596,699.9596774193549,752.6836213190558,0.9299520510260291,-0.1047717631078844,699.9596774193549,752.6836213190558,0.9299520510260291,1.227187518970413,input_data/ectopic_recombination/JAUBNS010656968.1_De_7_6099.fa.depth.txt,235ab019bad3bfd540022bc3ec99d0ec84d52579a1d5e32edce97e372e1a79b8,224913,usable,1.0,True,0.9299520510260292,1.1102230246251565e-16
8,6072,6065,JAUBNS010660838.1_De,8,1000,993,5074,6072,999,4,7,cctg,6073,6076,cctg,,,,,,,,,,,,,,cheaha,SRX20502857,GCA_032353815.1,JAUBNS010660838.1_De_8_6072,JAUBNS010660838.1_De_8_6072,LTR,Gypsy,unknown,no,-,RT|Ty3_gypsy RH|Ty3_gypsy INT|Ty3_gypsy GAG|Ty3_gypsy,True,5,6065,6065,0,0,1.0,1.0,1.0,1.0,26.978851963746223,30.244244244244243,28.616465863453815,50.999754480726736,0.5611098750341678,-0.8336447917078532,28.616465863453815,50.999754480726736,0.5611098750341678,-0.16199461168904805,input_data/ectopic_recombination/JAUBNS010660838.1_De_8_6072.fa.depth.txt,706e215657127be22422f9264398b3e2a8e6b38badbe90108f4b5157e112944f,217190,usable,1.0,True,0.5611098750341678,0.0
5,6266,6262,JAUBNS010664803.1_De,5,1001,997,5278,6266,989,1,4,acag,6267,6270,acag,,,,,,,,,,,,,,cheaha,SRX20502857,GCA_032353815.1,JAUBNS010664803.1_De_5_6266,JAUBNS010664803.1_De_5_6266,LTR,Gypsy,unknown,no,-,GAG|Ty3_gypsy RT|Ty3_gypsy RH|Ty3_gypsy INT|Ty3_gypsy,True,5,6262,6262,0,0,1.0,1.0,1.0,1.0,57.92276830491475,45.823053589484324,51.89728096676737,92.21117867165576,0.5628089968523498,-0.8292827037497972,51.89728096676737,92.21117867165576,0.5628089968523498,0.33480036235728605,input_data/ectopic_recombination/JAUBNS010664803.1_De_5_6266.fa.depth.txt,e4930e359479fefbe5b8ea120ae8b2d9505fe4c26557d39477847ab0a45c286b,225058,usable,1.0,True,0.5628089968523498,0.0
89,5565,5477,JAUBNS010669656.1_De,89,349,261,5311,5565,255,85,88,aacg,5566,5569,aacg,5312.0,5327.0,ggagagggagagagag,+,16.0,,,,,,,,,cheaha,SRX20502857,GCA_032353815.1,JAUBNS010669656.1_De_89_5565,JAUBNS010669656.1_De_89_5565,LTR,Gypsy,unknown,no,+,GAG|Ty3_gypsy PROT|Ty3_gypsy INT|Ty3_gypsy RT|Ty3_gypsy RH|Ty3_gypsy,True,6,5477,5477,0,0,1.0,1.0,1.0,1.0,16.467432950191572,28.423529411764704,22.375968992248062,29.687361419068736,0.7537203686237863,-0.4078987141330997,22.375968992248062,29.687361419068736,0.7537203686237863,-0.76947529672395,input_data/ectopic_recombination/JAUBNS010669656.1_De_89_5565.fa.depth.txt,65a8d04109ae1b2bf4a2a35816ca2a9e32d8270d13a6546f5273c4cf0729fee5,201497,usable,1.0,True,0.7537203686237863,0.0
894,6190,5297,JAUBNS010671312.1_De,894,1104,211,5995,6190,196,890,893,agcc,6191,6194,agcc,,,,,,,,,,,,,,cheaha,SRX20502857,GCA_032353815.1,JAUBNS010671312.1_De_894_6190,JAUBNS010671312.1_De_894_6190,LTR,Gypsy,unknown,no,-,GAG|Ty3_gypsy RT|Ty3_gypsy RH|Ty3_gypsy INT|Ty3_gypsy,True,5,5297,5297,0,0,1.0,1.0,1.0,1.0,202.43601895734596,142.54591836734693,173.59459459459458,70.50511247443762,2.462156126018991,1.299922246425077,173.59459459459458,70.50511247443762,2.462156126018991,0.5045466178632686,input_data/ectopic_recombination/JAUBNS010671312.1_De_894_6190.fa.depth.txt,1d165a513c6ece4c4d7e6f80600926f199f1fd2fe150d04da63324fc4a3149c7,201207,usable,1.0,True,2.462156126018991,0.0
916,6860,5945,JASCRB010018982.1_De,916,1469,554,6327,6860,534,912,915,gcca,6861,6864,gcca,,,,,,,,,,,,,,conanti,SRX19953420,GCA_030264475.1,JASCRB010018982.1_De_916_6860,JASCRB010018982.1_De_916_6860,LTR,Gypsy,unknown,no,+,RT|Ty3_gypsy RH|Ty3_gypsy INT|Ty3_gypsy GAG|Ty3_gypsy PROT|Ty3_gypsy,True,6,5945,5945,0,10,1.0,1.0,1.0,0.997941115915174,88.50180505415162,62.86704119850187,75.92003676470588,131.7136092238007,0.5764023718741671,-0.7948518227264403,75.92003676470588,131.98535176397772,0.5752156262042593,0.4901019425640848,input_data/ectopic_recombination/JASCRB010018982.1_De_916_6860.fa.depth.txt,98d445489fafb14fbd4e7a78fbce13764527c1e3c52aed4cb4d8e629cd5e9b5d,227283,usable,1.0,True,0.5752156262042593,0.0
735,6403,5669,JASCRB010220706.1_De,735,916,182,6220,6403,184,731,734,agtg,6404,6407,agtg,,,,,,,,,,,,,,conanti,SRX19953420,GCA_030264475.1,JASCRB010220706.1_De_735_6403,JASCRB010220706.1_De_735_6403,LTR,Gypsy,unknown,no,-,GAG|Ty3_gypsy RT|Ty3_gypsy RH|Ty3_gypsy INT|Ty3_gypsy,True,5,5669,5669,0,0,1.0,1.0,1.0,1.0,22.318681318681318,39.130434782608695,30.770491803278688,109.03733735621347,0.2822014233780741,-1.8252028302147294,30.770491803278688,109.03733735621347,0.2822014233780741,-0.7963933737560227,input_data/ectopic_recombination/JASCRB010220706.1_De_735_6403.fa.depth.txt,e604e8272d9cf81ccef1f383f4919c49bb9289126e44ac2eb012f838a09b581e,216877,usable,1.0,True,0.2822014233780741,0.0
518,6603,6086,JASCRB010247318.1_De,518,1391,874,5733,6603,871,514,517,aaga,6604,6607,aaga,5723.0,5738.0,aggaaacaaaaaaaaa,+,5.0,,,,,,,,,conanti,SRX19953420,GCA_030264475.1,JASCRB010247318.1_De_518_6603,JASCRB010247318.1_De_518_6603,LTR,Gypsy,unknown,no,+,RT|Ty3_gypsy RH|Ty3_gypsy INT|Ty3_gypsy GAG|Ty3_gypsy PROT|Ty3_gypsy,True,6,6086,6086,0,0,1.0,1.0,1.0,1.0,97.89473684210526,30.94374282433984,64.47679083094556,91.24832987790832,0.7066079008483389,-0.5010182142534877,64.47679083094556,91.24832987790832,0.7066079008483389,1.6458081922485008,input_data/ectopic_recombination/JASCRB010247318.1_De_518_6603.fa.depth.txt,a7bdb998c285cee800550daf9bcc49946c4712a40b880b7a0c5b343a6ed1ed14,231840,usable,1.0,True,0.7066079008483389,0.0
507,6534,6028,JASCRB010291507.1_De,507,1002,496,6034,6534,501,503,506,gagt,6535,6538,gagt,6054.0,6061.0,aaggaaaa,+,27.0,,,,,,,,,conanti,SRX19953420,GCA_030264475.1,JASCRB010291507.1_De_507_6534,JASCRB010291507.1_De_507_6534,LTR,Gypsy,unknown,no,+,RT|Ty3_gypsy RH|Ty3_gypsy INT|Ty3_gypsy GAG|Ty3_gypsy,True,5,6028,6028,0,0,1.0,1.0,1.0,1.0,27.536290322580644,12.213572854291417,19.836509528585758,57.01073345259392,0.34794341919983174,-1.5230753735159082,19.836509528585758,57.01073345259392,0.34794341919983174,1.1409259456703016,input_data/ectopic_recombination/JASCRB010291507.1_De_507_6534.fa.depth.txt,91be5ca8bf501a69e7cd71a733a0e9465a2b4f250c09dc55890e514de950a2ef,228161,usable,1.0,True,0.3479434191998317,5.551115123125783e-17
6,5795,5790,JASCRB010300681.1_De,6,232,227,5553,5795,243,2,5,cgca,5796,5799,cgca,205.0,216.0,aagacagggagg,-,27.0,,,,,,,,,conanti,SRX19953420,GCA_030264475.1,JASCRB010300681.1_De_6_5795,JASCRB010300681.1_De_6_5795,LTR,Gypsy,unknown,no,+,RT|Ty3_gypsy RH|Ty3_gypsy INT|Ty3_gypsy GAG|Ty3_gypsy,True,5,5790,5790,0,0,1.0,1.0,1.0,1.0,54.3568281938326,61.851851851851855,58.231914893617024,67.8468045112782,0.8582852989625638,-0.22047080732352223,58.231914893617024,67.8468045112782,0.8582852989625638,-0.1847612003951429,input_data/ectopic_recombination/JASCRB010300681.1_De_6_5795.fa.depth.txt,ae51db9a9269cc2b9ecaf3f82be7f35d3c89f977fbae3bf07ea82750c64eddc2,208044,usable,1.0,True,0.8582852989625638,0.0
3801,9872,6072,JASCRB010301785.1_De,3801,4643,843,9054,9872,819,3797,3800,aagg,9873,9876,aagg,4619.0,4629.0,aagggtaagag,-,24.0,,,,,,,,,conanti,SRX19953420,GCA_030264475.1,JASCRB010301785.1_De_3801_9872,JASCRB010301785.1_De_3801_9872,LTR,Gypsy,unknown,yes,+,GAG|Ty3_gypsy PROT|Ty3_gypsy RT|Ty3_gypsy RH|Ty3_gypsy INT|Ty3_gypsy,True,6,6072,6072,0,0,1.0,1.0,1.0,1.0,45.18623962040332,51.67399267399267,48.38327316486161,70.1687074829932,0.6895277809782697,-0.5363194159948483,48.38327316486161,70.1687074829932,0.6895277809782697,-0.19157114053104946,input_data/ectopic_recombination/JASCRB010301785.1_De_3801_9872.fa.depth.txt,9b151686a77cd55adbbe058fc376b84c8619b0fd6cc82b227f458c484c8e9d16,236511,usable,1.0,True,0.6895277809782697,0.0
530,6394,5865,JASCRB010304764.1_De,530,1077,548,5865,6394,530,526,529,ttgc,6395,6398,ttgc,,,,,,,,,,,,,,conanti,SRX19953420,GCA_030264475.1,JASCRB010304764.1_De_530_6394,JASCRB010304764.1_De_530_6394,LTR,Gypsy,unknown,yes,-,GAG|Ty3_gypsy PROT|Ty3_gypsy RT|Ty3_gypsy RH|Ty3_gypsy INT|Ty3_gypsy,True,6,5865,5865,0,0,1.0,1.0,1.0,1.0,24.19160583941606,43.06037735849057,33.468460111317256,57.0530603718404,0.5866198919600154,-0.7695021019624647,33.468460111317256,57.0530603718404,0.5866198919600154,-0.8189957855876083,input_data/ectopic_recombination/JASCRB010304764.1_De_530_6394.fa.depth.txt,facac5dfc6528cf2593f50341ff783819c3565c05d4d4e9550f6f06d1cdd2e4f,222076,usable,1.0,True,0.5866198919600154,0.0
352,6125,5774,JASCRB010317787.1_De,352,521,170,5961,6125,165,348,351,cggg,6126,6129,cggg,,,,,,,,,,,,,,conanti,SRX19953420,GCA_030264475.1,JASCRB010317787.1_De_352_6125,JASCRB010317787.1_De_352_6125,LTR,Gypsy,unknown,no,-,RT|Ty3_gypsy RH|Ty3_gypsy INT|Ty3_gypsy GAG|Ty3_gypsy,True,5,5774,5774,0,0,1.0,1.0,1.0,1.0,15.405882352941177,32.57575757575758,23.86268656716418,63.886927744070604,0.3735143856464266,-1.4207642864080852,23.86268656716418,63.886927744070604,0.3735143856464266,-1.056213795487855,input_data/ectopic_recombination/JASCRB010317787.1_De_352_6125.fa.depth.txt,426ae3c24b47a1223cd172d7b08c4b6479905f4eac0175c89f64220a0a93b48e,219140,usable,1.0,True,0.3735143856464266,0.0
3983,9673,5691,JASCRB010319446.1_De,3983,4590,608,9082,9673,592,3979,3982,atac,9674,9677,atac,,,,,,,,,,,,,,conanti,SRX19953420,GCA_030264475.1,JASCRB010319446.1_De_3983_9673,JASCRB010319446.1_De_3983_9673,LTR,Gypsy,unknown,no,-,RT|Ty3_gypsy RH|Ty3_gypsy INT|Ty3_gypsy GAG|Ty3_gypsy,True,5,5691,5691,0,0,1.0,1.0,1.0,1.0,52.953947368421055,43.501689189189186,48.29083333333333,73.34313070585615,0.6584233979185389,-0.6029124902012538,48.29083333333333,73.34313070585615,0.6584233979185389,0.28073758065309456,input_data/ectopic_recombination/JASCRB010319446.1_De_3983_9673.fa.depth.txt,b55429273c0a38770d6774647681b0712644e0120e7d5def2999d131170ef947,221823,usable,1.0,True,0.6584233979185389,0.0
189,5552,5364,JASCRB010325295.1_De,189,376,188,5365,5552,188,185,188,gtgt,5553,5556,gtgt,5334.0,5345.0,acaagagaacag,+,20.0,,,,,,,,,conanti,SRX19953420,GCA_030264475.1,JASCRB010325295.1_De_189_5552,JASCRB010325295.1_De_189_5552,LTR,Gypsy,unknown,yes,-,GAG|Ty3_gypsy PROT|Ty3_gypsy RT|Ty3_gypsy RH|Ty3_gypsy INT|Ty3_gypsy,True,6,5364,5364,0,0,1.0,1.0,1.0,1.0,137.93085106382978,416.718085106383,277.3244680851064,307.45870088211706,0.9019893315409394,-0.14881772506967983,277.3244680851064,307.45870088211706,0.9019893315409394,-1.5916361939343562,input_data/ectopic_recombination/JASCRB010325295.1_De_189_5552.fa.depth.txt,94381212b19dbaae4002edcf6638dddc61026a132babf8c53632ae4d0c58970d,206738,usable,1.0,True,0.9019893315409394,0.0
660,5932,5273,JASCRB010348606.1_De,660,1005,346,5594,5932,339,656,659,aaag,5933,5936,aaag,,,,,,,,,,,,,,conanti,SRX19953420,GCA_030264475.1,JASCRB010348606.1_De_660_5932,JASCRB010348606.1_De_660_5932,LTR,Gypsy,unknown,no,+,RH|Ty3_gypsy INT|Ty3_gypsy GAG|Ty3_gypsy RT|Ty3_gypsy,True,5,5273,5273,0,3,0.9913294797687862,1.0,0.9956204379562044,1.0,70.82080924855491,39.76106194690266,55.44963503649635,79.7153443766347,0.6955955025987337,-0.5236794900166966,55.693548387096776,79.7153443766347,0.6986553068623644,0.8249378466937345,input_data/ectopic_recombination/JASCRB010348606.1_De_660_5932.fa.depth.txt,ec216ccbe851bad33c2543a0443a0ca24983ad182b465ba75c829b2dd86f7747,200333,usable,1.0,True,0.6986553068623644,0.0
427,5563,5137,JASCRB010354674.1_De,427,586,160,5408,5563,156,423,426,agaa,5564,5567,agaa,,,,,,,,,,,,,,conanti,SRX19953420,GCA_030264475.1,JASCRB010354674.1_De_427_5563,JASCRB010354674.1_De_427_5563,LTR,Gypsy,unknown,no,-,GAG|Ty3_gypsy RT|Ty3_gypsy RH|Ty3_gypsy INT|Ty3_gypsy,True,5,5137,5137,0,0,1.0,1.0,1.0,1.0,81.48125,209.58333333333334,144.72151898734177,133.38705662725576,1.084974229484347,0.11766077590784531,144.72151898734177,133.38705662725576,1.084974229484347,-1.3575958197772966,input_data/ectopic_recombination/JASCRB010354674.1_De_427_5563.fa.depth.txt,baf125bcb96b38696b4be27e881fb47d4ea10a6fe8b85b7f2ab55cf4f132c0f8,197426,usable,1.0,True,1.084974229484347,0.0
488,5937,5450,JASCRB010360084.1_De,488,854,367,5570,5937,368,484,487,tcct,5938,5941,tcct,,,,,,,,,,,,,,conanti,SRX19953420,GCA_030264475.1,JASCRB010360084.1_De_488_5937,JASCRB010360084.1_De_488_5937,LTR,Gypsy,unknown,no,-,RH|Ty3_gypsy INT|Ty3_gypsy GAG|Ty3_gypsy RT|Ty3_gypsy,True,5,5450,5450,0,0,1.0,1.0,1.0,1.0,85.12261580381471,83.61141304347827,84.36598639455782,135.70922587486746,0.6216672879141514,-0.6857854285191136,84.36598639455782,135.70922587486746,0.6216672879141514,0.025690338628926154,input_data/ectopic_recombination/JASCRB010360084.1_De_488_5937.fa.depth.txt,0e09449a38594d0dd1a06458d52072d9af481f076f5daf0354b9a03163ad7327,208526,usable,1.0,True,0.6216672879141514,0.0
559,5925,5367,JASCRB010362292.1_De,559,888,330,5603,5925,323,555,558,gttt,5926,5929,gttt,871.0,881.0,aaaaagaagaa,-,17.0,,,,,,,,,conanti,SRX19953420,GCA_030264475.1,JASCRB010362292.1_De_559_5925,JASCRB010362292.1_De_559_5925,LTR,Gypsy,unknown,no,-,RT|Ty3_gypsy RH|Ty3_gypsy INT|Ty3_gypsy GAG|Ty3_gypsy,True,5,5367,5367,0,6,1.0,0.9814241486068112,0.9908116385911179,1.0,24.12727272727273,31.346749226006192,27.698315467075037,45.77450148493848,0.6051035962934258,-0.7247459358651862,27.95517774343122,45.77450148493848,0.6107150670473062,-0.3708892463376569,input_data/ectopic_recombination/JASCRB010362292.1_De_559_5925.fa.depth.txt,d3cfcfc21bd012fae67c18fd81d9b5ebfa406c7df9c0561e95962ecfc5042822,202999,usable,1.0,True,0.6107150670473062,0.0
15,5143,5129,JASCRB010370580.1_De,15,136,122,5004,5143,140,11,14,agcg,5144,5147,agcg,,,,,,,,,,,,,,conanti,SRX19953420,GCA_030264475.1,JASCRB010370580.1_De_15_5143,JASCRB010370580.1_De_15_5143,LTR,Gypsy,unknown,no,-,RH|Ty3_gypsy INT|Ty3_gypsy PROT|Ty3_gypsy RT|Ty3_gypsy,True,5,5129,5129,0,4,1.0,0.9714285714285714,0.9847328244274809,1.0,28.942622950819672,20.42142857142857,24.389312977099237,34.97041298541196,0.6974270789216396,-0.5198857143294777,24.767441860465116,34.97041298541196,0.7082399018506572,0.4929248362438603,input_data/ectopic_recombination/JASCRB010370580.1_De_15_5143.fa.depth.txt,9fb3cf45ef867e82d38606971e39b9cffa0fea0f107204a5d452bbf0740caa75,188154,usable,1.0,True,0.7082399018506572,0.0
11,5347,5337,JASCRB010376865.1_De,11,161,151,5182,5347,166,7,10,tgtg,5348,5351,tgtg,5151.0,5160.0,aaatggaaaa,+,22.0,,,,,,,,,conanti,SRX19953420,GCA_030264475.1,JASCRB010376865.1_De_11_5347,JASCRB010376865.1_De_11_5347,LTR,Gypsy,unknown,yes,+,GAG|Ty3_gypsy PROT|Ty3_gypsy RT|Ty3_gypsy RH|Ty3_gypsy INT|Ty3_gypsy,True,6,5337,5337,0,0,1.0,1.0,1.0,1.0,36.496688741721854,38.75903614457831,37.6813880126183,56.29262948207171,0.6693840447552589,-0.5790939311153753,37.6813880126183,56.29262948207171,0.6693840447552589,-0.08562860019919794,input_data/ectopic_recombination/JASCRB010376865.1_De_11_5347.fa.depth.txt,2a809e509c92b16043d6181fcaa77b61531432d6123336e8b488811a5e0bf251,196525,usable,1.0,True,0.6693840447552589,0.0
78,5180,5103,JASCRB010437412.1_De,78,192,115,5065,5180,116,74,77,ggtg,5181,5184,ggtg,,,,,,,,,,,,,,conanti,SRX19953420,GCA_030264475.1,JASCRB010437412.1_De_78_5180,JASCRB010437412.1_De_78_5180,LTR,Gypsy,unknown,no,-,GAG|Ty3_gypsy RT|Ty3_gypsy RH|Ty3_gypsy INT|Ty3_gypsy,True,5,5103,5103,0,0,1.0,1.0,1.0,1.0,210.08695652173913,78.42241379310344,143.96969696969697,49.83866995073892,2.8887146689909295,1.5304277096272947,143.96969696969697,49.83866995073892,2.8887146689909295,1.415909094720997,input_data/ectopic_recombination/JASCRB010437412.1_De_78_5180.fa.depth.txt,22021d457687dcbdeb050173fd3052dbb58f859334d3f33d09edc83eedc4f6c9,188029,usable,1.0,True,2.888714668990929,4.440892098500626e-16
14,6444,6431,JASCRB010562522.1_De,14,445,432,6012,6444,433,10,13,ttgc,6445,6448,ttgc,458.0,468.0,agagggaggga,-,13.0,,,,,,,,,conanti,SRX19953420,GCA_030264475.1,JASCRB010562522.1_De_14_6444,JASCRB010562522.1_De_14_6444,LTR,Gypsy,unknown,no,-,PROT|Bel-Pao RT|Ty3_gypsy RH|Ty3_gypsy INT|Ty3_gypsy GAG|Ty3_gypsy,True,6,6431,6431,0,8,1.0,0.9815242494226328,0.9907514450867052,1.0,15.82638888888889,21.18013856812933,18.50635838150289,40.71505569529285,0.454533539632182,-1.1375413413354296,18.679113185530923,40.71505569529285,0.4587765598387835,-0.4091682503515624,input_data/ectopic_recombination/JASCRB010562522.1_De_14_6444.fa.depth.txt,22bac9efb6f4aec0ff6c50854de7050f17c947f0a52d7cbd44d7de7a7cdd8748,236724,usable,1.0,True,0.4587765598387835,0.0
1980,8057,6078,JASCRB010583547.1_De,1980,2789,810,7265,8057,793,1976,1979,gttg,8058,8061,gttg,,,,,,,,,,,,,,conanti,SRX19953420,GCA_030264475.1,JASCRB010583547.1_De_1980_8057,JASCRB010583547.1_De_1980_8057,LTR,Gypsy,unknown,no,-,PROT|Ty3_gypsy RT|Ty3_gypsy RH|Ty3_gypsy INT|Ty3_gypsy GAG|Ty3_gypsy,True,6,6078,6078,0,0,1.0,1.0,1.0,1.0,49.49753086419753,25.998738965952082,37.872738615096694,40.87776536312849,0.9264874994673189,-0.11015658391077479,37.872738615096694,40.87776536312849,0.9264874994673189,0.9159331432473364,input_data/ectopic_recombination/JASCRB010583547.1_De_1980_8057.fa.depth.txt,e0ad2077e4e4623ab1ecc2b64b51c78e726d0e39ca3e90f5344487c6b3a7caac,236037,usable,1.0,True,0.9264874994673188,1.1102230246251565e-16
1061,6757,5697,JASCRB010607883.1_De,1061,1530,470,6295,6757,463,1057,1060,actg,6758,6761,actg,1504.0,1513.0,agaaaaacag,-,26.0,,,,,,,,,conanti,SRX19953420,GCA_030264475.1,JASCRB010607883.1_De_1061_6757,JASCRB010607883.1_De_1061_6757,LTR,Gypsy,unknown,no,-,GAG|Ty3_gypsy RT|Ty3_gypsy RH|Ty3_gypsy INT|Ty3_gypsy,True,5,5697,5697,0,0,1.0,1.0,1.0,1.0,204.0255319148936,112.8488120950324,158.7792068595927,104.0451301427372,1.5260609183896165,0.6098125538529245,158.7792068595927,104.0451301427372,1.5260609183896165,0.8515116814398513,input_data/ectopic_recombination/JASCRB010607883.1_De_1061_6757.fa.depth.txt,b8e47eac7006c0228663bf555e2e92fe3313be4920a60cb9f1857fbe2d49231c,223732,usable,1.0,True,1.5260609183896163,2.220446049250313e-16
842,6665,5824,JASCRB010750593.1_De,842,1692,851,5828,6665,838,838,841,tgac,6666,6669,tgac,1695.0,1705.0,gagggagggga,-,3.0,,,,,,,,,conanti,SRX19953420,GCA_030264475.1,JASCRB010750593.1_De_842_6665,JASCRB010750593.1_De_842_6665,LTR,Gypsy,unknown,no,+,GAG|Ty3_gypsy INT|Ty3_gypsy RT|Ty3_gypsy RH|Ty3_gypsy,True,5,5824,5824,0,0,1.0,1.0,1.0,1.0,38.34077555816686,47.73747016706444,43.002960331557134,51.75912938331318,0.8308285097511903,-0.2673773719992754,43.002960331557134,51.75912938331318,0.8308285097511903,-0.3125822382749832,input_data/ectopic_recombination/JASCRB010750593.1_De_842_6665.fa.depth.txt,5fb7f29c925e5147cb04c9306832319cad2959e4595c1931cba58bfbc7d10693,220191,usable,1.0,True,0.8308285097511903,0.0
700,5525,4826,JASCRB010764973.1_De,700,840,141,5390,5525,136,696,699,gctc,5526,5529,gctc,,,,,,,,,,,,,,conanti,SRX19953420,GCA_030264475.1,JASCRB010764973.1_De_700_5525,JASCRB010764973.1_De_700_5525,LTR,Gypsy,unknown,no,-,GAG|Ty3_gypsy RT|Ty3_gypsy RH|Ty3_gypsy INT|Ty3_gypsy,True,5,4826,4826,0,116,1.0,0.8823529411764706,0.9422382671480144,0.978017146625632,69.52482269503547,21.75735294117647,46.07220216606498,93.77335678171026,0.49131441751961463,-1.0252815195906968,48.89655172413793,95.88109687570241,0.5099707170384801,1.653584401667208,input_data/ectopic_recombination/JASCRB010764973.1_De_700_5525.fa.depth.txt,950498844dc06a0b7715dc4dd28e8b951d0eae32871fecfb4226608e794748c0,183886,usable,1.0,True,0.5099707170384801,0.0
2465,8818,6354,JASCRB011089452.1_De,2465,2878,414,8419,8818,400,2461,2464,caaa,8819,8822,caaa,,,,,,,,,,,,,,conanti,SRX19953420,GCA_030264475.1,JASCRB011089452.1_De_2465_8818,JASCRB011089452.1_De_2465_8818,LTR,Gypsy,unknown,no,+,PROT|Bel-Pao RT|Ty3_gypsy RH|Ty3_gypsy INT|Ty3_gypsy,True,5,6354,6354,0,0,1.0,1.0,1.0,1.0,27.603864734299517,52.585,39.87960687960688,54.226895306859205,0.7354211716148624,-0.44335738483499454,39.87960687960688,54.226895306859205,0.7354211716148624,-0.9175357245782764,input_data/ectopic_recombination/JASCRB011089452.1_De_2465_8818.fa.depth.txt,8410fb9c4b99e2beb0c95244cae50a07a77190840e42053218d9628191d4ebc0,246937,usable,1.0,True,0.7354211716148624,0.0
6,5783,5778,JASCRB011190285.1_De,6,230,225,5558,5783,226,2,5,gtgc,5784,5787,gtgc,,,,,,,,,,,,,,conanti,SRX19953420,GCA_030264475.1,JASCRB011190285.1_De_6_5783,JASCRB011190285.1_De_6_5783,LTR,Gypsy,unknown,no,-,PROT|Ty3_gypsy RT|Ty3_gypsy RH|Ty3_gypsy INT|Ty3_gypsy,True,5,5778,5778,0,0,1.0,1.0,1.0,1.0,61.946666666666665,26.52654867256637,44.19733924611973,81.11000563168763,0.544906129668088,-0.8759203749547284,44.19733924611973,81.11000563168763,0.544906129668088,1.2082472749439526,input_data/ectopic_recombination/JASCRB011190285.1_De_6_5783.fa.depth.txt,adc637d1618927b4ace619d0ea98f324f72e7a1dd004f0a6ab6068a930385da2,208532,usable,1.0,True,0.544906129668088,0.0
15,6037,6023,JASCRB011225754.1_De,15,998,984,5050,6037,988,11,14,ggga,6038,6041,ggga,,,,,,,,,,,,,,conanti,SRX19953420,GCA_030264475.1,JASCRB011225754.1_De_15_6037,JASCRB011225754.1_De_15_6037,LTR,Gypsy,unknown,no,-,RH|Ty3_gypsy INT|Ty3_gypsy PROT|Ty3_gypsy RT|Ty3_gypsy,True,5,6023,6023,0,0,1.0,1.0,1.0,1.0,134.5680894308943,92.43218623481782,113.45740365111561,160.8254751913108,0.7054691025545036,-0.5033451964270038,113.45740365111561,160.8254751913108,0.7054691025545036,0.5394366175449926,input_data/ectopic_recombination/JASCRB011225754.1_De_15_6037.fa.depth.txt,6d2bade767dbfcb5c08f2641a74b72e40f2b3fd6eb421d729fd2d5f0ca7d4f95,225807,usable,1.0,True,0.7054691025545036,0.0
1050,6155,5106,JAUCNN010003622.1_De,1050,1230,181,5990,6155,166,1044,1049,aggacg,6156,6161,aggacg,,,,,,,,,,,,,,fuscus,SRX20497025,GCA_032353935.1,JAUCNN010003622.1_De_1050_6155,JAUCNN010003622.1_De_1050_6155,LTR,Gypsy,unknown,yes,+,GAG|Ty3_gypsy PROT|Bel-Pao RT|Ty3_gypsy RH|Ty3_gypsy INT|Ty3_gypsy,True,6,5106,5106,0,0,1.0,1.0,1.0,1.0,85.5524861878453,141.45180722891567,112.29394812680115,63.49779365412902,1.7684700784796341,0.8225018096556077,112.29394812680115,63.49779365412902,1.7684700784796341,-0.7221124368960323,input_data/ectopic_recombination/JAUCNN010003622.1_De_1050_6155.fa.depth.txt,277de4028858b4a9b33bd1d1a386b218fa78bb0bf6f951a5f2c493b4a0f186f6,198653,usable,1.0,True,1.768470078479634,2.220446049250313e-16
525,6022,5498,JAUCNN010017643.1_De,525,905,381,5677,6022,346,521,524,aagg,6023,6026,aagg,,,,,,,,,,,,,,fuscus,SRX20497025,GCA_032353935.1,JAUCNN010017643.1_De_525_6022,JAUCNN010017643.1_De_525_6022,LTR,Gypsy,unknown,no,+,GAG|Ty3_gypsy RT|Ty3_gypsy RH|Ty3_gypsy INT|Ty3_gypsy,True,5,5498,5498,0,0,1.0,1.0,1.0,1.0,79.70341207349081,187.10404624277456,130.818431911967,94.98721442045692,1.3772214788077128,0.4617605861132157,130.818431911967,94.98721442045692,1.3772214788077128,-1.2259554249165816,input_data/ectopic_recombination/JAUCNN010017643.1_De_525_6022.fa.depth.txt,dd2af25439cd88bfbe4638f447d1510f2947cc85f9bf7f13051cea63099a83d3,208979,usable,1.0,True,1.3772214788077128,0.0
19,5962,5944,JAUCNN010021841.1_De,19,968,950,5025,5962,938,15,18,acct,5963,5966,acct,5018.0,5031.0,aaaagggcggaaaa,+,6.0,,,,,,,,,fuscus,SRX20497025,GCA_032353935.1,JAUCNN010021841.1_De_19_5962,JAUCNN010021841.1_De_19_5962,LTR,Gypsy,unknown,no,+,RT|Ty3_gypsy RH|Ty3_gypsy INT|Ty3_gypsy GAG|Ty3_gypsy,True,5,5944,5944,0,0,1.0,1.0,1.0,1.0,55.09157894736842,47.26119402985075,51.20127118644068,80.91863905325444,0.6327500287386684,-0.6602924270261032,51.20127118644068,80.91863905325444,0.6327500287386684,0.2190274545804397,input_data/ectopic_recombination/JAUCNN010021841.1_De_19_5962.fa.depth.txt,bebf4fe19d13dabec101ee1f018ad0130248c92126583bca0778b3e98cb4dd4b,219623,usable,1.0,True,0.6327500287386684,0.0
8,5878,5871,JAUCNN010031460.1_De,8,724,717,5168,5878,711,4,7,ctga,5879,5882,ctga,,,,,,,,,,,,,,fuscus,SRX20497025,GCA_032353935.1,JAUCNN010031460.1_De_8_5878,JAUCNN010031460.1_De_8_5878,LTR,Gypsy,unknown,no,+,RT|DIRS RH|Ty3_gypsy INT|Ty3_gypsy GAG|Ty3_gypsy,True,5,5871,5871,0,0,1.0,1.0,1.0,1.0,32.51046025104603,72.63713080168776,52.489495798319325,134.14112086428088,0.39130056063439556,-1.3536509176313212,52.489495798319325,134.14112086428088,0.39130056063439556,-1.1476807767029504,input_data/ectopic_recombination/JAUCNN010031460.1_De_8_5878.fa.depth.txt,8baccc7430486506db47c826bc1a8c746b6fde51105466a1baa9ac82a87542f5,211758,usable,1.0,True,0.3913005606343955,5.551115123125783e-17
14,5785,5772,JAUCNN010043605.1_De,14,307,294,5496,5785,290,10,13,ttca,5786,5789,ttca,296.0,303.0,gaggaaag,-,11.0,,,,,,,,,fuscus,SRX20497025,GCA_032353935.1,JAUCNN010043605.1_De_14_5785,JAUCNN010043605.1_De_14_5785,LTR,Gypsy,unknown,no,-,INT|Ty3_gypsy GAG|Ty3_gypsy RT|Ty3_gypsy RH|Ty3_gypsy,True,5,5772,5772,0,0,1.0,1.0,1.0,1.0,70.04421768707483,40.08275862068965,55.16609589041096,53.64514263685428,1.0283521150060617,0.040334338065526554,55.16609589041096,53.64514263685428,1.0283521150060617,0.7976608980809067,input_data/ectopic_recombination/JAUCNN010043605.1_De_14_5785.fa.depth.txt,706d1038ee314502581c1adfb8fad9d216abb28781488bb49d659e12522d59db,212978,usable,1.0,True,1.0283521150060615,2.220446049250313e-16
6,5669,5664,JAUCNN010056543.1_De,6,426,421,5265,5669,405,2,5,agac,5670,5673,agac,428.0,435.0,ggagggag,-,2.0,,,,,,,,,fuscus,SRX20497025,GCA_032353935.1,JAUCNN010056543.1_De_6_5669,JAUCNN010056543.1_De_6_5669,LTR,Gypsy,unknown,no,+,PROT|Ty3_gypsy RT|Ty3_gypsy RH|Ty3_gypsy INT|Ty3_gypsy,True,5,5664,5664,0,19,0.9548693586698337,1.0,0.9769975786924939,1.0,11.596199524940618,13.580246913580247,12.569007263922519,33.448739148408436,0.3757692392575754,-1.4120811233580348,12.864931846344486,33.448739148408436,0.38461634650155796,-0.21911879164065848,input_data/ectopic_recombination/JAUCNN010056543.1_De_6_5669.fa.depth.txt,d2850a7c7c672e9b94a179f629c3dff3e1040ac81f376de2795c98c7c19960f1,202285,usable,1.0,True,0.3846163465015579,5.551115123125783e-17
1409,6508,5100,JAUCNN010059750.1_De,1409,1562,154,6342,6508,167,1405,1408,gggt,6509,6512,gggt,6344.0,6353.0,aggagggaga,+,11.0,,,,,,,,,fuscus,SRX20497025,GCA_032353935.1,JAUCNN010059750.1_De_1409_6508,JAUCNN010059750.1_De_1409_6508,LTR,Gypsy,unknown,yes,+,GAG|Ty3_gypsy PROT|Ty3_gypsy RT|Ty3_gypsy RH|Ty3_gypsy INT|Ty3_gypsy,True,6,5100,5100,0,0,1.0,1.0,1.0,1.0,19.032467532467532,13.365269461077844,16.08411214953271,38.57940991839297,0.41690923172633887,-1.2621947764269597,16.08411214953271,38.57940991839297,0.41690923172633887,0.4943985617530949,input_data/ectopic_recombination/JAUCNN010059750.1_De_1409_6508.fa.depth.txt,f697e3d5f4262ad1249625ac9f34799c88319b398e553205436a8695b4030b4d,197806,usable,1.0,True,0.4169092317263388,5.551115123125783e-17
392,5445,5054,JAUCNN010066828.1_De,392,502,111,5334,5445,112,388,391,aatt,5446,5449,aatt,,,,,,,,,,,,,,fuscus,SRX20497025,GCA_032353935.1,JAUCNN010066828.1_De_392_5445,JAUCNN010066828.1_De_392_5445,LTR,Gypsy,unknown,yes,-,GAG|Ty3_gypsy PROT|Bel-Pao RT|Ty3_gypsy RH|Ty3_gypsy INT|Ty3_gypsy,True,6,5054,5054,0,0,1.0,1.0,1.0,1.0,110.86486486486487,57.098214285714285,83.8609865470852,89.98364727799627,0.9319580733153029,-0.10166304213298824,83.8609865470852,89.98364727799627,0.9319580733153029,0.9511981507151883,input_data/ectopic_recombination/JAUCNN010066828.1_De_392_5445.fa.depth.txt,085e351909668bee8cc18b1c21fc6b90053c2e6accde854e68fc7334a1ea4229,192275,usable,1.0,True,0.9319580733153028,1.1102230246251565e-16
10,6473,6464,JAUCNN010076348.1_De,10,1000,991,5479,6473,995,6,9,tgct,6474,6477,tgct,5491.0,5499.0,aaaaggggg,+,20.0,,,,,,,,,fuscus,SRX20497025,GCA_032353935.1,JAUCNN010076348.1_De_10_6473,JAUCNN010076348.1_De_10_6473,LTR,Gypsy,unknown,no,-,INT|Ty3_gypsy GAG|Ty3_gypsy PROT|Ty3_gypsy RT|Ty3_gypsy RH|Ty3_gypsy,True,6,6464,6464,0,0,1.0,1.0,1.0,1.0,104.50353178607467,67.64221105527638,86.03575025176234,208.793434569004,0.4120615690304593,-1.2790681781133952,86.03575025176234,208.793434569004,0.4120615690304593,0.6238171882650156,input_data/ectopic_recombination/JAUCNN010076348.1_De_10_6473.fa.depth.txt,1b6e58c99595177c06739813d96d26b30378a98cde948a840ae3f08f8a9aae18,242743,usable,1.0,True,0.4120615690304593,0.0
17,5446,5430,JAUCNN010093916.1_De,17,316,300,5140,5446,307,13,16,ctgc,5447,5450,ctgc,,,,,,,,,,,,,,fuscus,SRX20497025,GCA_032353935.1,JAUCNN010093916.1_De_17_5446,JAUCNN010093916.1_De_17_5446,LTR,Gypsy,unknown,no,-,GAG|Ty3_gypsy RT|Ty3_gypsy RH|Ty3_gypsy INT|Ty3_gypsy,True,5,5430,5430,0,0,1.0,1.0,1.0,1.0,124.37333333333333,69.54071661237785,96.64085667215815,99.1677379224549,0.9745191197940537,-0.037237603851126976,96.64085667215815,99.1677379224549,0.9745191197940537,0.8341996729959904,input_data/ectopic_recombination/JAUCNN010093916.1_De_17_5446.fa.depth.txt,71ad6e3ad57210051e94699ce18c66e5e66b067d80ab5020f41371d425d5a64f,201230,usable,1.0,True,0.9745191197940536,1.1102230246251565e-16
10,5145,5136,JAUCNN010141213.1_De,10,273,264,4877,5145,269,6,9,caaa,5146,5149,caaa,,,,,,,,,,,,,,fuscus,SRX20497025,GCA_032353935.1,JAUCNN010141213.1_De_10_5145,JAUCNN010141213.1_De_10_5145,LTR,Gypsy,unknown,yes,+,GAG|Ty3_gypsy PROT|Ty3_gypsy RT|Ty3_gypsy RH|Ty3_gypsy INT|Ty3_gypsy,True,6,5136,5136,0,0,1.0,1.0,1.0,1.0,91.64015151515152,70.2899628252788,80.86491557223265,159.6884640451879,0.5063917174965742,-0.9816742865356767,80.86491557223265,159.6884640451879,0.5063917174965742,0.3802851524979827,input_data/ectopic_recombination/JAUCNN010141213.1_De_10_5145.fa.depth.txt,e52eb667b80f3684ed0b2e6f4c3adaa2e44c6f0adcac5625f7f657958dbb4df9,192234,usable,1.0,True,0.5063917174965742,0.0
826,6347,5522,JAUCNN010163643.1_De,826,1394,569,5791,6347,557,822,825,tgtg,6348,6351,tgtg,,,,,,,,,,,,,,fuscus,SRX20497025,GCA_032353935.1,JAUCNN010163643.1_De_826_6347,JAUCNN010163643.1_De_826_6347,LTR,Gypsy,unknown,yes,+,GAG|Ty3_gypsy PROT|Ty3_gypsy RT|Ty3_gypsy RH|Ty3_gypsy INT|Ty3_gypsy,True,6,5522,5522,0,7,0.9876977152899824,1.0,0.9937833037300178,1.0,43.53075571177504,48.231597845601435,45.85612788632327,63.40081892629664,0.7232734318405407,-0.4673869370815342,46.14298480786417,63.40081892629664,0.7277979305205083,-0.1463459215437996,input_data/ectopic_recombination/JAUCNN010163643.1_De_826_6347.fa.depth.txt,f3303c2e4d1d7faa56dfd47776181c354d4f3b9bc6d8602af64ff9dc68586d1b,209450,usable,1.0,True,0.7277979305205083,0.0
2298,8026,5729,JAUCNN010180192.1_De,2298,2634,337,7690,8026,337,2294,2297,cgcc,8027,8030,cgcc,2644.0,2652.0,aaggaggag,-,10.0,,,,,,,,,fuscus,SRX20497025,GCA_032353935.1,JAUCNN010180192.1_De_2298_8026,JAUCNN010180192.1_De_2298_8026,LTR,Gypsy,unknown,no,+,PROT|Ty3_gypsy RT|Ty3_gypsy RH|Ty3_gypsy INT|Ty3_gypsy,True,5,5729,5729,0,0,1.0,1.0,1.0,1.0,117.16320474777449,117.26409495548961,117.21364985163204,225.68011869436202,0.5193796003376538,-0.9451387444630047,117.21364985163204,225.68011869436202,0.5193796003376538,-0.0012365075030679937,input_data/ectopic_recombination/JAUCNN010180192.1_De_2298_8026.fa.depth.txt,b750f8b297ccdb93d2fa07b4a2d29cbf09348db75240e2b6f5891247c7c71e9a,227341,usable,1.0,True,0.5193796003376538,0.0
1745,7844,6100,JAUCNN010217767.1_De,1745,2739,995,6863,7844,982,1741,1744,ataa,7845,7848,ataa,,,,,,,,,,,,,,fuscus,SRX20497025,GCA_032353935.1,JAUCNN010217767.1_De_1745_7844,JAUCNN010217767.1_De_1745_7844,LTR,Gypsy,unknown,no,-,GAG|Ty3_gypsy RT|Ty3_gypsy RH|Ty3_gypsy INT|Ty3_gypsy,True,5,6100,6100,0,0,1.0,1.0,1.0,1.0,136.9065326633166,51.92158859470469,94.69347496206373,116.43584768372544,0.8132673643539703,-0.29819837380919006,94.69347496206373,116.43584768372544,0.8132673643539703,1.3902176160830104,input_data/ectopic_recombination/JAUCNN010217767.1_De_1745_7844.fa.depth.txt,e1db2d62a6a9be26fddd02314498dff6911919fd82f0fb72a6deb1c6d76e215c,238829,usable,1.0,True,0.8132673643539703,0.0
271,6131,5861,JAUCNN010302874.1_De,271,387,117,6013,6131,119,267,270,ctcg,6132,6135,ctcg,,,,,,,,,,,,,,fuscus,SRX20497025,GCA_032353935.1,JAUCNN010302874.1_De_271_6131,JAUCNN010302874.1_De_271_6131,LTR,Gypsy,unknown,no,+,GAG|Ty3_gypsy RT|Ty3_gypsy RH|Ty3_gypsy INT|Ty3_gypsy,True,5,5861,5861,0,0,1.0,1.0,1.0,1.0,163.7008547008547,189.50420168067228,176.71186440677965,107.28533333333333,1.6471204303177165,0.71994604253863,176.71186440677965,107.28533333333333,1.6471204303177165,-0.2105696854445338,input_data/ectopic_recombination/JAUCNN010302874.1_De_271_6131.fa.depth.txt,f67da5f621bd699fb23d6611b09755c4facacd81312318bf8e649bcc5fe8c138,224235,usable,1.0,True,1.6471204303177165,0.0
1748,6955,5208,JAUCNN010362560.1_De,1748,2102,355,6603,6955,353,1744,1747,tttc,6956,6959,tttc,,,,,,,,,,,,,,fuscus,SRX20497025,GCA_032353935.1,JAUCNN010362560.1_De_1748_6955,JAUCNN010362560.1_De_1748_6955,LTR,Gypsy,unknown,no,+,RH|Ty3_gypsy INT|Ty3_gypsy GAG|Ty3_gypsy PROT|Bel-Pao RT|Ty3_gypsy,True,6,5208,5208,0,0,1.0,1.0,1.0,1.0,36.864788732394366,42.13031161473088,39.490112994350284,57.49666666666667,0.686824389721438,-0.5419868233029925,39.490112994350284,57.49666666666667,0.686824389721438,-0.19020023595492463,input_data/ectopic_recombination/JAUCNN010362560.1_De_1748_6955.fa.depth.txt,b7fa525708b3d6df86a9cd041ea0c2ce12bb8df41cb63758e93925af95765890,202205,usable,1.0,True,0.686824389721438,0.0
538,7289,6752,JAUCNN010371412.1_De,538,1296,759,6563,7289,727,534,537,ggac,7290,7293,ggac,,,,,,,,,,,,,,fuscus,SRX20497025,GCA_032353935.1,JAUCNN010371412.1_De_538_7289,JAUCNN010371412.1_De_538_7289,LTR,Gypsy,unknown,no,+,RT|Ty3_gypsy RH|Ty3_gypsy INT|Ty3_gypsy GAG|Ty3_gypsy PROT|Ty3_gypsy,True,6,6752,6752,0,0,1.0,1.0,1.0,1.0,113.60474308300395,66.88170563961485,90.74629878869449,94.2324344853779,0.9630049280195095,-0.05438491404488255,90.74629878869449,94.2324344853779,0.9630049280195095,0.7599299094169778,input_data/ectopic_recombination/JAUCNN010371412.1_De_538_7289.fa.depth.txt,c97ea5445c6c37185093b6bdc29e6e54014df56a92b5905186c61a57c5a34b04,257989,usable,1.0,True,0.9630049280195097,1.1102230246251565e-16
18,6891,6874,JAUCNN010404628.1_De,18,703,686,6191,6891,701,14,17,cagg,6892,6895,cagg,,,,,,,,,,,,,,fuscus,SRX20497025,GCA_032353935.1,JAUCNN010404628.1_De_18_6891,JAUCNN010404628.1_De_18_6891,LTR,Gypsy,unknown,no,+,PROT|Ty3_gypsy RT|Ty3_gypsy RH|Ty3_gypsy INT|Ty3_gypsy,True,5,6874,6874,0,0,1.0,1.0,1.0,1.0,49.51020408163265,116.23965763195434,83.23576063446286,133.6497175141243,0.6227903970366895,-0.6831813955801679,83.23576063446286,133.6497175141243,0.6227903970366895,-1.2230003447575788,input_data/ectopic_recombination/JAUCNN010404628.1_De_18_6891.fa.depth.txt,8c39524e7d97f24435845ed72162d97710bdc3ab5a4cc5277c77863758400ad5,257501,usable,1.0,True,0.6227903970366895,0.0
4854,11313,6460,JAUCNN010420111.1_De,4854,5087,234,11086,11313,228,4850,4853,aggt,11314,11317,aggt,,,,,,,,,,,,,,fuscus,SRX20497025,GCA_032353935.1,JAUCNN010420111.1_De_4854_11313,JAUCNN010420111.1_De_4854_11313,LTR,Gypsy,unknown,no,+,INT|Ty3_gypsy PROT|Ty3_gypsy RT|Ty3_gypsy RH|Ty3_gypsy,True,5,6460,6460,0,0,1.0,1.0,1.0,1.0,80.88461538461539,139.6578947368421,109.8896103896104,180.98666222074024,0.607169661240471,-0.7198283902200001,109.8896103896104,180.98666222074024,0.607169661240471,-0.7842250057940953,input_data/ectopic_recombination/JAUCNN010420111.1_De_4854_11313.fa.depth.txt,32777f5bf31151df921bf7e14f4d6308228bd89813031b2d1397788f12eb9a52,262717,usable,1.0,True,0.607169661240471,0.0
456,6317,5862,JAUCNN010457731.1_De,456,1078,623,5688,6317,630,452,455,cctg,6318,6321,cctg,,,,,,,,,,,,,,fuscus,SRX20497025,GCA_032353935.1,JAUCNN010457731.1_De_456_6317,JAUCNN010457731.1_De_456_6317,LTR,Gypsy,unknown,no,-,PROT|Ty3_gypsy RT|Ty3_gypsy RH|Ty3_gypsy INT|Ty3_gypsy,True,5,5862,5862,0,0,1.0,1.0,1.0,1.0,83.68860353130016,79.06031746031746,81.36153232242617,124.27663267520069,0.6546808564975047,-0.6111363011448366,81.36153232242617,124.27663267520069,0.6546808564975047,0.08157591852213744,input_data/ectopic_recombination/JAUCNN010457731.1_De_456_6317.fa.depth.txt,11581b2c5148bb8ae2b7fe6978c5c071d6d929872042de93909e392f605cb7f7,225185,usable,1.0,True,0.6546808564975047,0.0
1478,7031,5554,JAUCNN010485386.1_De,1478,1902,425,6617,7031,415,1474,1477,acta,7032,7035,acta,,,,,,,,,,,,,,fuscus,SRX20497025,GCA_032353935.1,JAUCNN010485386.1_De_1478_7031,JAUCNN010485386.1_De_1478_7031,LTR,Gypsy,unknown,no,-,GAG|Ty3_gypsy RT|Ty3_gypsy RH|Ty3_gypsy INT|Ty3_gypsy,True,5,5554,5554,0,0,1.0,1.0,1.0,1.0,220.23764705882354,243.03373493975903,231.5,243.78171404327534,0.9496200357296072,-0.07457772062488754,231.5,243.78171404327534,0.9496200357296072,-0.14178892820337707,input_data/ectopic_recombination/JAUCNN010485386.1_De_1478_7031.fa.depth.txt,8e5d0ff855cdb91871d3dd71f6d4bc5d84f3d6595121213d02fe9317c3f14aff,220422,usable,1.0,True,0.9496200357296072,0.0
1675,6995,5321,JAUCNN010498674.1_De,1675,1798,124,6880,6995,116,1671,1674,gatt,6996,6999,gatt,,,,,,,,,,,,,,fuscus,SRX20497025,GCA_032353935.1,JAUCNN010498674.1_De_1675_6995,JAUCNN010498674.1_De_1675_6995,LTR,Gypsy,unknown,no,+,GAG|Ty3_gypsy RT|Ty3_gypsy RH|Ty3_gypsy INT|Ty3_gypsy,True,5,5321,5321,0,0,1.0,1.0,1.0,1.0,780.4354838709677,850.7931034482758,814.4416666666667,155.7591025388703,5.2288543872639455,2.3864948946832736,814.4416666666667,155.7591025388703,5.2288543872639455,-0.12445257620352798,input_data/ectopic_recombination/JAUCNN010498674.1_De_1675_6995.fa.depth.txt,87d9b2632f7658e59b7c635af8e9cea5dc1ab18164c421ec38ba468f05334cfe,210935,usable,1.0,True,5.2288543872639455,0.0
1118,6895,5778,JAUCNN010558434.1_De,1118,1381,264,6616,6895,280,1114,1117,ttca,6896,6899,ttca,,,,,,,,,,,,,,fuscus,SRX20497025,GCA_032353935.1,JAUCNN010558434.1_De_1118_6895,JAUCNN010558434.1_De_1118_6895,LTR,Gypsy,unknown,no,+,GAG|Ty3_gypsy RT|Ty3_gypsy RH|Ty3_gypsy INT|Ty3_gypsy,True,5,5778,5778,0,0,1.0,1.0,1.0,1.0,41.291666666666664,28.067857142857143,34.48529411764706,53.733091325945736,0.6417887612022682,-0.6398295690565495,34.48529411764706,53.733091325945736,0.6417887612022682,0.5488224703260093,input_data/ectopic_recombination/JAUCNN010558434.1_De_1118_6895.fa.depth.txt,060c6d85e8a2fc8e005f8e06de457c2d5f51577ec9b23f777a527bda1093788b,224599,usable,1.0,True,0.6417887612022682,0.0
4480,10730,6251,JAUCNN010619322.1_De,4480,5478,999,9735,10730,996,4476,4479,tatt,10731,10734,tatt,5458.0,5467.0,agaaaaggaa,-,20.0,,,,,,,,,fuscus,SRX20497025,GCA_032353935.1,JAUCNN010619322.1_De_4480_10730,JAUCNN010619322.1_De_4480_10730,LTR,Gypsy,unknown,yes,+,GAG|Ty3_gypsy PROT|Ty3_gypsy RT|Ty3_gypsy RH|Ty3_gypsy INT|Ty3_gypsy,True,6,6251,6251,0,0,1.0,1.0,1.0,1.0,714.981981981982,820.652610441767,767.7378446115288,883.5441729323309,0.8689297809112805,-0.20268849877315256,767.7378446115288,883.5441729323309,0.8689297809112805,-0.19873493449131288,input_data/ectopic_recombination/JAUCNN010619322.1_De_4480_10730.fa.depth.txt,eea79cfbeb32293fcbd0a391bf60264bf471f6924af6880f65bf43f24572b7b0,256782,usable,1.0,True,0.8689297809112805,0.0
246,6266,6021,JAUCNN010660297.1_De,246,522,277,5996,6266,271,242,245,ctgc,6267,6270,ctgc,,,,,,,,,,,,,,fuscus,SRX20497025,GCA_032353935.1,JAUCNN010660297.1_De_246_6266,JAUCNN010660297.1_De_246_6266,LTR,Gypsy,unknown,no,-,GAG|Ty3_gypsy RT|Ty3_gypsy RH|Ty3_gypsy INT|Ty3_gypsy,True,5,6021,6021,0,0,1.0,1.0,1.0,1.0,14.884476534296029,32.210332103321036,23.452554744525546,67.90151653572082,0.34539073559848854,-1.533698708851358,23.452554744525546,67.90151653572082,0.34539073559848854,-1.0882710509972042,input_data/ectopic_recombination/JAUCNN010660297.1_De_246_6266.fa.depth.txt,a0557cd209d765c0c9f27307fff830b8bc18f248bf3adc88c1a05f0f782a905f,228400,usable,1.0,True,0.3453907355984885,5.551115123125783e-17
180,6039,5860,JAUCNN010687980.1_De,180,788,609,5412,6039,628,176,179,gcta,6040,6043,gcta,,,,,,,,,,,,,,fuscus,SRX20497025,GCA_032353935.1,JAUCNN010687980.1_De_180_6039,JAUCNN010687980.1_De_180_6039,LTR,Gypsy,unknown,no,-,PROT|Ty3_gypsy RT|Ty3_gypsy RH|Ty3_gypsy INT|Ty3_gypsy GAG|Ty3_gypsy,True,6,5860,5860,0,0,1.0,1.0,1.0,1.0,18.64039408866995,33.17834394904459,26.02101859337106,40.47285312567597,0.6429252346645987,-0.6372771175986212,26.02101859337106,40.47285312567597,0.6429252346645987,-0.8152006648028896,input_data/ectopic_recombination/JAUCNN010687980.1_De_180_6039.fa.depth.txt,54a6cfcc9f151268bd9e10db8dadffea7b66efa1463357c09b9bcb0a57b79011,221670,usable,1.0,True,0.6429252346645987,0.0
200,5859,5660,JAUCNN010728965.1_De,200,358,159,5708,5859,152,196,199,tagg,5860,5863,tagg,,,,,,,,,,,,,,fuscus,SRX20497025,GCA_032353935.1,JAUCNN010728965.1_De_200_5859,JAUCNN010728965.1_De_200_5859,LTR,Gypsy,unknown,no,-,GAG|Ty3_gypsy RT|Ty3_gypsy RH|Ty3_gypsy INT|Ty3_gypsy,True,5,5660,5660,0,100,1.0,1.0,1.0,0.9813049168068798,8532.792452830188,12513.631578947368,10478.4115755627,5214.007104131613,2.009665764985157,1.0069555813572602,10478.4115755627,5313.3404457992,1.9720948963183935,-0.5523837803525732,input_data/ectopic_recombination/JAUCNN010728965.1_De_200_5859.fa.depth.txt,8b2009cf1880a92773f5722623d52d9e077b17cb92837f2a238ab97fe945eff6,224631,usable,1.0,True,1.9720948963183933,2.220446049250313e-16
54,6586,6533,JAUCNN010744252.1_De,54,1048,995,5591,6586,996,50,53,gcta,6587,6590,gcta,,,,,,,,,,,,,,fuscus,SRX20497025,GCA_032353935.1,JAUCNN010744252.1_De_54_6586,JAUCNN010744252.1_De_54_6586,LTR,Gypsy,unknown,no,+,GAG|Ty3_gypsy RT|Ty3_gypsy RH|Ty3_gypsy INT|Ty3_gypsy,True,5,6533,6533,0,0,1.0,1.0,1.0,1.0,2668.5105527638193,5305.812248995984,3987.8237066800602,5133.434169969177,0.7768335142990652,-0.3643226517640585,3987.8237066800602,5133.434169969177,0.7768335142990652,-0.9914045635614102,input_data/ectopic_recombination/JAUCNN010744252.1_De_54_6586.fa.depth.txt,ba3d87b83f192b09f8ff0644ca80a818ad30ca0569fde1c40a31aae943a46689,252882,usable,1.0,True,0.7768335142990652,0.0
832,6512,5681,JAUCNN010748130.1_De,832,987,156,6360,6512,153,828,831,gggg,6513,6516,gggg,6334.0,6349.0,aggagaggagaagacg,+,11.0,,,,,,,,,fuscus,SRX20497025,GCA_032353935.1,JAUCNN010748130.1_De_832_6512,JAUCNN010748130.1_De_832_6512,LTR,Gypsy,unknown,no,-,PROT|Ty3_gypsy RT|Ty3_gypsy RH|Ty3_gypsy INT|Ty3_gypsy GAG|Ty3_gypsy,True,6,5681,5681,0,100,1.0,1.0,1.0,0.9813849590469099,185.72435897435898,138.5359477124183,162.35922330097088,201.76303052866717,0.8047025407754387,-0.31347250700788837,162.35922330097088,205.59009863429438,0.7897229700238484,0.42158385651749297,input_data/ectopic_recombination/JAUCNN010748130.1_De_832_6512.fa.depth.txt,6bebfb985452e3e53e8406a7227ed33140177876015e9ffaa4d37bf1acb39a04,219418,usable,1.0,True,0.7897229700238484,0.0
14,5677,5664,JAUCNN010754098.1_De,14,597,584,5085,5677,593,10,13,gtca,5678,5681,gtca,,,,,,,,,,,,,,fuscus,SRX20497025,GCA_032353935.1,JAUCNN010754098.1_De_14_5677,JAUCNN010754098.1_De_14_5677,LTR,Gypsy,unknown,no,+,RT|Ty3_gypsy RH|Ty3_gypsy INT|Ty3_gypsy GAG|Ty3_gypsy,True,5,5664,5664,0,0,1.0,1.0,1.0,1.0,107.00171232876713,131.55143338954468,119.37043330501274,214.53198127925117,0.5564225557103819,-0.8457471912689913,119.37043330501274,214.53198127925117,0.5564225557103819,-0.29674032192919575,input_data/ectopic_recombination/JAUCNN010754098.1_De_14_5677.fa.depth.txt,ec89650a3dd9855e92e4e656eeef32e7a57636514354eac6e6467b330cf82208,213300,usable,1.0,True,0.5564225557103819,0.0
4174,10102,5929,JAUCNN010755313.1_De,4174,5161,988,9108,10102,995,4170,4173,agag,10103,10106,agag,,,,,,,,,,,,,,fuscus,SRX20497025,GCA_032353935.1,JAUCNN010755313.1_De_4174_10102,JAUCNN010755313.1_De_4174_10102,LTR,Gypsy,unknown,yes,+,GAG|Ty3_gypsy PROT|Bel-Pao RT|Ty3_gypsy RH|Ty3_gypsy INT|Ty3_gypsy,True,6,5929,5929,0,0,1.0,1.0,1.0,1.0,67.89473684210526,27.287437185929647,47.519415027735754,52.62747085656361,0.9029393633079977,-0.14729898779267994,47.519415027735754,52.62747085656361,0.9029393633079977,1.299452528126962,input_data/ectopic_recombination/JAUCNN010755313.1_De_4174_10102.fa.depth.txt,2d74160aa0b5557a0a60c2fee55fe029f6f611df9d7d72cf8abb60cfdf07115b,236349,usable,1.0,True,0.9029393633079976,1.1102230246251565e-16
2314,8549,6236,JAUCNN010760843.1_De,2314,3145,832,7729,8549,821,2310,2313,aatg,8550,8553,aatg,,,,,,,,,,,,,,fuscus,SRX20497025,GCA_032353935.1,JAUCNN010760843.1_De_2314_8549,JAUCNN010760843.1_De_2314_8549,LTR,Gypsy,unknown,no,+,RT|Ty3_gypsy RH|Ty3_gypsy INT|Ty3_gypsy GAG|Ty3_gypsy,True,5,6236,6236,0,0,1.0,1.0,1.0,1.0,1127.6766826923076,989.7174177831912,1059.1560798548094,3696.2895483307875,0.2865457551433207,-1.8031625703978758,1059.1560798548094,3696.2895483307875,0.2865457551433207,0.18817579311208255,input_data/ectopic_recombination/JAUCNN010760843.1_De_2314_8549.fa.depth.txt,25ebd689239d2f148e0c2d851b8c059fd202b3e8a440aa0cb840c16ab4df5aa8,252812,usable,1.0,True,0.2865457551433207,0.0
1267,6341,5075,JAUCNN010761066.1_De,1267,1516,250,6088,6341,254,1263,1266,tatg,6342,6345,tatg,,,,,,,,,,,,,,fuscus,SRX20497025,GCA_032353935.1,JAUCNN010761066.1_De_1267_6341,JAUCNN010761066.1_De_1267_6341,LTR,Gypsy,unknown,yes,-,GAG|Ty3_gypsy PROT|Ty3_gypsy RT|Ty3_gypsy RH|Ty3_gypsy INT|Ty3_gypsy,True,6,5075,5075,0,0,1.0,1.0,1.0,1.0,2455.108,887.4645669291339,1665.0654761904761,1723.8300153139357,0.9659104792227685,-0.05003860889677167,1665.0654761904761,1723.8300153139357,0.9659104792227685,1.4675062610752725,input_data/ectopic_recombination/JAUCNN010761066.1_De_1267_6341.fa.depth.txt,78e2c09f76c45e83bf100c950b25590be0aa07dcc28df928f759a0c5f61a15ed,206271,usable,1.0,True,0.9659104792227684,1.1102230246251565e-16
782,6283,5502,JAUCNN010765042.1_De,782,1018,237,6065,6283,219,778,781,ggaa,6284,6287,ggaa,1008.0,1016.0,ggaagggga,-,10.0,,,,,,,,,fuscus,SRX20497025,GCA_032353935.1,JAUCNN010765042.1_De_782_6283,JAUCNN010765042.1_De_782_6283,LTR,Gypsy,unknown,yes,+,GAG|Ty3_gypsy PROT|Ty3_gypsy RT|Ty3_gypsy RH|Ty3_gypsy INT|Ty3_gypsy,True,6,5502,5502,0,0,1.0,1.0,1.0,1.0,163.0126582278481,76.55251141552512,121.4890350877193,182.871581450654,0.6643407035909615,-0.5900047850622764,121.4890350877193,182.871581450654,0.6643407035909615,1.0854884401763996,input_data/ectopic_recombination/JAUCNN010765042.1_De_782_6283.fa.depth.txt,9d5484667a40734e12e6faf5cbe8a67e819256d022834585bfc843c50b51f3f0,212940,usable,1.0,True,0.6643407035909615,0.0
8,9299,9292,JAUBNT010014448.1_De,8,468,461,8840,9299,460,4,7,tgtc,9300,9303,tgtc,,,,,,,,,,,,,,gvnigeusgwotli,SRX20502827,GCA_032353775.1,JAUBNT010014448.1_De_8_9299,JAUBNT010014448.1_De_8_9299,LTR,Gypsy,unknown,no,+,PROT|Ty3_gypsy RT|Retrovirus RH|Retrovirus INT|Ty3_gypsy,True,5,9292,9292,0,0,1.0,1.0,1.0,1.0,30.503253796095446,61.893478260869564,46.18132464712269,77.05662405925219,0.5993167389686299,-0.7386094258183588,46.18132464712269,77.05662405925219,0.5993167389686299,-1.0089756033584198,input_data/ectopic_recombination/JAUBNT010014448.1_De_8_9299.fa.depth.txt,3e12629824ef544cd8844ac5e56253415f396bd426c3486b9cdfae53eee19d1f,334157,usable,1.0,True,0.5993167389686299,0.0
6,5722,5717,JAUBNT010017768.1_De,6,233,228,5480,5722,243,2,5,caag,5723,5726,caag,,,,,,,,,,,,,,gvnigeusgwotli,SRX20502827,GCA_032353775.1,JAUBNT010017768.1_De_6_5722,JAUBNT010017768.1_De_6_5722,LTR,Gypsy,unknown,no,-,RT|Ty3_gypsy RH|Ty3_gypsy INT|Ty3_gypsy GAG|Ty3_gypsy,True,5,5717,5717,0,0,1.0,1.0,1.0,1.0,169.49561403508773,133.5185185185185,150.93418259023355,434.50686237133056,0.34736892707863576,-1.525459387340248,150.93418259023355,434.50686237133056,0.34736892707863576,0.34306516031687356,input_data/ectopic_recombination/JAUBNT010017768.1_De_6_5722.fa.depth.txt,508b5ab5e4beaa653aa01d115ff176538cbcba2e69d376cbe678acf73f8efec9,210289,usable,1.0,True,0.3473689270786357,5.551115123125783e-17
462,6174,5713,JAUBNT010023741.1_De,462,909,448,5726,6174,449,458,461,gaag,6175,6178,gaag,,,,,,,,,,,,,,gvnigeusgwotli,SRX20502827,GCA_032353775.1,JAUBNT010023741.1_De_462_6174,JAUBNT010023741.1_De_462_6174,LTR,Gypsy,unknown,no,+,GAG|Ty3_gypsy RT|Ty3_gypsy RH|Ty3_gypsy INT|Ty3_gypsy,True,5,5713,5713,0,0,1.0,1.0,1.0,1.0,11.459821428571429,22.527839643652563,17.0,33.7313122923588,0.5039827639273623,-0.9885537000941665,17.0,33.7313122923588,0.5039827639273623,-0.9451832221733082,input_data/ectopic_recombination/JAUBNT010023741.1_De_462_6174.fa.depth.txt,20c1712f80e74e2f3eda7b58918aa2f586e04f26e47b6e80bf4c2de65d31a46a,215941,usable,1.0,True,0.5039827639273623,0.0
18,5767,5750,JAUBNT010034897.1_De,18,631,614,5143,5767,625,14,17,cttt,5768,5771,cttt,,,,,,,,,,,,,,gvnigeusgwotli,SRX20502827,GCA_032353775.1,JAUBNT010034897.1_De_18_5767,JAUBNT010034897.1_De_18_5767,LTR,Gypsy,unknown,no,+,RT|Ty3_gypsy RH|Ty3_gypsy GAG|Ty3_gypsy PROT|Ty3_gypsy INT|Ty3_gypsy,True,6,5750,5750,0,0,1.0,1.0,1.0,1.0,25.563517915309447,34.8864,30.26634382566586,31.530702726668146,0.9599007065601202,-0.059042915680701566,30.26634382566586,31.530702726668146,0.9599007065601202,-0.44116317372386454,input_data/ectopic_recombination/JAUBNT010034897.1_De_18_5767.fa.depth.txt,c6cb6a9b862350724d23e3f1b4d451225d72527b859d4d4072c3df09aa2afa59,211561,usable,1.0,True,0.9599007065601202,0.0
9,5770,5762,JAUBNT010058319.1_De,9,320,312,5481,5770,290,5,8,cagg,5771,5774,cagg,,,,,,,,,,,,,,gvnigeusgwotli,SRX20502827,GCA_032353775.1,JAUBNT010058319.1_De_9_5770,JAUBNT010058319.1_De_9_5770,LTR,Gypsy,unknown,no,-,GAG|Ty3_gypsy RT|Ty3_gypsy RH|Ty3_gypsy INT|Ty1_copia,True,5,5762,5762,0,0,1.0,1.0,1.0,1.0,1302.9935897435898,5347.506896551724,3251.3471760797343,1103.9786821705427,2.9451177170262297,1.5583253000577248,3251.3471760797343,1103.9786821705427,2.9451177170262297,-2.036617837791313,input_data/ectopic_recombination/JAUBNT010058319.1_De_9_5770.fa.depth.txt,501b83e27ef7497836d0a3b85ff8e6229cef5732b2040216126771da44a6c1fa,213290,usable,1.0,True,2.9451177170262297,0.0
9,5058,5050,JAUBNT010058984.1_De,9,207,199,4860,5058,199,5,8,taca,5059,5062,taca,,,,,,,,,,,,,,gvnigeusgwotli,SRX20502827,GCA_032353775.1,JAUBNT010058984.1_De_9_5058,JAUBNT010058984.1_De_9_5058,LTR,Gypsy,unknown,yes,-,GAG|Ty3_gypsy PROT|Ty3_gypsy RT|Ty3_gypsy RH|Ty3_gypsy INT|Ty3_gypsy,True,6,5050,5050,0,0,1.0,1.0,1.0,1.0,15.21608040201005,11.829145728643216,13.522613065326633,29.025150472914877,0.46589295300795774,-1.1019295861567282,13.522613065326633,29.025150472914877,0.46589295300795774,0.3501686129849549,input_data/ectopic_recombination/JAUBNT010058984.1_De_9_5058.fa.depth.txt,7b411f3ffea89a6cec5e86c6abbca0f1c53b38987e9fa63b55d060c63d7bf2cb,180610,usable,1.0,True,0.4658929530079577,5.551115123125783e-17
1264,8541,7278,JAUBNT010070807.1_De,1264,1420,157,8379,8541,163,1260,1263,atgt,8542,8545,atgt,,,,,,,,,,,,,,gvnigeusgwotli,SRX20502827,GCA_032353775.1,JAUBNT010070807.1_De_1264_8541,JAUBNT010070807.1_De_1264_8541,LTR,Gypsy,unknown,no,-,INT|Ty3_gypsy GAG|Ty3_gypsy PROT|Ty3_gypsy RT|Ty3_gypsy RH|Ty3_gypsy,True,6,7278,7278,0,0,1.0,1.0,1.0,1.0,35.961783439490446,36.04907975460123,36.00625,70.14889336016097,0.5132832219481414,-0.9621729919617532,36.00625,70.14889336016097,0.5132832219481414,-0.003449952935888924,input_data/ectopic_recombination/JAUBNT010070807.1_De_1264_8541.fa.depth.txt,03fdab230273c89d255c921cacba8e12f6c43771e36cf0ae761b86785d4af353,284064,usable,1.0,True,0.5132832219481414,0.0
110,5257,5148,JAUBNT010098662.1_De,110,304,195,5059,5257,199,106,109,aaca,5258,5261,aaca,307.0,318.0,aaaggggggagg,-,3.0,,,,,,,,,gvnigeusgwotli,SRX20502827,GCA_032353775.1,JAUBNT010098662.1_De_110_5257,JAUBNT010098662.1_De_110_5257,LTR,Gypsy,unknown,no,+,PROT|Ty3_gypsy RT|Ty3_gypsy RH|Ty3_gypsy INT|Ty3_gypsy,True,5,5148,5148,0,0,1.0,1.0,1.0,1.0,14.538461538461538,15.919597989949748,15.236040609137056,30.308161548169963,0.5027042166487667,-0.9922183045754838,15.236040609137056,30.308161548169963,0.5027042166487667,-0.12676182097288682,input_data/ectopic_recombination/JAUBNT010098662.1_De_110_5257.fa.depth.txt,94978c479eea45403d6894413f241ad133b625b67bd8a5178c4ff6d90197b926,194298,usable,1.0,True,0.5027042166487667,0.0
140,5462,5323,JAUBNT010102863.1_De,140,410,271,5204,5462,259,136,139,aaac,5463,5466,aaac,427.0,434.0,ggaagaag,-,17.0,,,,,,,,,gvnigeusgwotli,SRX20502827,GCA_032353775.1,JAUBNT010102863.1_De_140_5462,JAUBNT010102863.1_De_140_5462,LTR,Gypsy,unknown,no,+,RT|Ty3_gypsy RH|Ty3_gypsy INT|Ty3_gypsy GAG|Ty3_gypsy,True,5,5323,5323,0,0,1.0,1.0,1.0,1.0,13.52029520295203,13.478764478764479,13.5,42.08867097851033,0.32075139666189134,-1.6404725475683593,13.5,42.08867097851033,0.32075139666189134,0.004279873285215488,input_data/ectopic_recombination/JAUBNT010102863.1_De_140_5462.fa.depth.txt,48f5ab931b740de86fe22436f8c8431ef744ab6bb0429377b37f52a350484645,201099,usable,1.0,True,0.3207513966618913,5.551115123125783e-17
2424,9035,6612,JAUBNT010118348.1_De,2424,3056,633,8415,9035,621,2420,2423,acat,9036,9039,acat,,,,,,,,,,,,,,gvnigeusgwotli,SRX20502827,GCA_032353775.1,JAUBNT010118348.1_De_2424_9035,JAUBNT010118348.1_De_2424_9035,LTR,Gypsy,unknown,yes,+,GAG|Ty3_gypsy PROT|Ty3_gypsy RT|Ty3_gypsy RH|Ty3_gypsy INT|Ty3_gypsy,True,6,6612,6612,0,0,1.0,1.0,1.0,1.0,19.17693522906793,24.85024154589372,21.986443381180223,46.55636431504293,0.4722543030293312,-1.08236415284059,21.986443381180223,46.55636431504293,0.4722543030293312,-0.36549396184249705,input_data/ectopic_recombination/JAUBNT010118348.1_De_2424_9035.fa.depth.txt,e4d5ec08c9fccda37c7501a17134bce2153895d546d0b331c1d270325c88471d,256535,usable,1.0,True,0.4722543030293312,0.0
1307,5746,4440,JAUBNT010176947.1_De,1307,2147,841,4921,5746,826,1303,1306,ctgc,5747,5750,ctgc,,,,,,,,,,,,,,gvnigeusgwotli,SRX20502827,GCA_032353775.1,JAUBNT010176947.1_De_1307_5746,JAUBNT010176947.1_De_1307_5746,LTR,Gypsy,unknown,no,+,GAG|Ty3_gypsy RT|Ty3_gypsy RH|Ty3_gypsy INT|Ty3_gypsy,True,5,4440,4440,0,100,1.0,1.0,1.0,0.9639379733141002,119.09750297265161,321.9200968523002,219.59628074385122,742.8882077172738,0.29559801658263035,-1.75829150563335,219.59628074385122,770.6805087916199,0.2849381530203285,-1.4307544032638149,input_data/ectopic_recombination/JAUBNT010176947.1_De_1307_5746.fa.depth.txt,8a49c84f28abfb1f717348eed8027df3028b4fd3d9814b214b27cfa1298f694d,175119,usable,1.0,True,0.2849381530203285,0.0
1594,8255,6662,JAUBNT010221201.1_De,1594,2202,609,7654,8255,602,1590,1593,tttc,8256,8259,tttc,,,,,,,,,,,,,,gvnigeusgwotli,SRX20502827,GCA_032353775.1,JAUBNT010221201.1_De_1594_8255,JAUBNT010221201.1_De_1594_8255,LTR,Gypsy,unknown,no,-,PROT|Ty3_gypsy RT|Ty3_gypsy RH|Ty3_gypsy INT|Ty3_gypsy GAG|Ty3_gypsy,True,6,6662,6662,0,0,1.0,1.0,1.0,1.0,29.773399014778324,15.76079734219269,22.807597027250207,39.73619519354247,0.5739753621644347,-0.8009392841990434,22.807597027250207,39.73619519354247,0.5739753621644347,0.8966526649629629,input_data/ectopic_recombination/JAUBNT010221201.1_De_1594_8255.fa.depth.txt,2f756c4dcf324f8ee72ced9b7636bf5dbfc8ba1693f28bca5c2b8aadf5c0f961,258631,usable,1.0,True,0.5739753621644347,0.0
1647,7713,6067,JAUBNT010227840.1_De,1647,2173,527,7185,7713,529,1643,1646,gccc,7714,7717,gccc,2182.0,2195.0,agggggtaaaggaa,-,9.0,,,,,,,,,gvnigeusgwotli,SRX20502827,GCA_032353775.1,JAUBNT010227840.1_De_1647_7713,JAUBNT010227840.1_De_1647_7713,LTR,Gypsy,unknown,no,-,RT|Ty3_gypsy RH|Ty3_gypsy INT|Ty3_gypsy GAG|Ty3_gypsy,True,5,6067,6067,0,0,1.0,1.0,1.0,1.0,16.952561669829223,16.947069943289225,16.949810606060606,46.01776092596288,0.3683319280425408,-1.4409216353847887,16.949810606060606,46.01776092596288,0.3683319280425408,0.0004540384149834901,input_data/ectopic_recombination/JAUBNT010227840.1_De_1647_7713.fa.depth.txt,3ed5c649f727de5ce88dca59730788604ec6b49bc4958597bb19f5e7b8c839ff,235177,usable,1.0,True,0.3683319280425408,0.0
1317,6888,5572,JAUBNT010341786.1_De,1317,1712,396,6506,6888,383,1313,1316,accg,6889,6892,accg,,,,,,,,,,,,,,gvnigeusgwotli,SRX20502827,GCA_032353775.1,JAUBNT010341786.1_De_1317_6888,JAUBNT010341786.1_De_1317_6888,LTR,Gypsy,unknown,yes,+,GAG|Ty3_gypsy PROT|Ty3_gypsy RT|Ty3_gypsy RH|Ty3_gypsy INT|Ty3_gypsy,True,6,5572,5572,0,0,1.0,1.0,1.0,1.0,102.57323232323232,70.9425587467363,87.02182284980745,141.1881911120384,0.6163534086271578,-0.6981702850836938,87.02182284980745,141.1881911120384,0.6163534086271578,0.5288140623704325,input_data/ectopic_recombination/JAUBNT010341786.1_De_1317_6888.fa.depth.txt,10471856ffe4f2ac821b7249accf63d3135aa31fa7a2f760a3205bac303ac4a5,221011,usable,1.0,True,0.6163534086271578,0.0
1475,7960,6486,JAUBNT010398240.1_De,1475,1684,210,7756,7960,205,1471,1474,ggaa,7961,7964,ggaa,,,,,,,,,,,,,,gvnigeusgwotli,SRX20502827,GCA_032353775.1,JAUBNT010398240.1_De_1475_7960,JAUBNT010398240.1_De_1475_7960,LTR,Gypsy,unknown,no,+,INT|Ty3_gypsy PROT|Ty3_gypsy RT|Ty3_gypsy RH|Ty3_gypsy,True,5,6486,6486,0,0,1.0,1.0,1.0,1.0,14.166666666666666,28.89268292682927,21.440963855421685,34.08285290726404,0.6290836014743354,-0.6686763394397006,21.440963855421685,34.08285290726404,0.6290836014743354,-1.0029160293450359,input_data/ectopic_recombination/JAUBNT010398240.1_De_1475_7960.fa.depth.txt,cb46bed214f62f15f0764832bfa624715a80d5da717e9486559cd071410eb5a1,251621,usable,1.0,True,0.6290836014743354,0.0
785,6985,6201,JAUBNT010480148.1_De,785,1705,921,6083,6985,903,781,784,ccgt,6986,6989,ccgt,,,,,,,,,,,,,,gvnigeusgwotli,SRX20502827,GCA_032353775.1,JAUBNT010480148.1_De_785_6985,JAUBNT010480148.1_De_785_6985,LTR,Gypsy,unknown,no,-,PROT|Ty3_gypsy RT|Ty3_gypsy RH|Ty3_gypsy INT|Ty3_gypsy GAG|Ty3_gypsy,True,6,6201,6201,0,0,1.0,1.0,1.0,1.0,94.73181324647123,43.90033222591362,69.56688596491227,69.38245373543523,1.0026581969870985,0.0038298795759900486,69.56688596491227,69.38245373543523,1.0026581969870985,1.100873130781337,input_data/ectopic_recombination/JAUBNT010480148.1_De_785_6985.fa.depth.txt,fdbf3fa487a5d547e82ed0f8b57c42a3b84d2ebd15289c4f705d42963242e9dc,235487,usable,1.0,True,1.0026581969870985,0.0
1218,7310,6093,JAUBNT010483468.1_De,1218,2215,998,6335,7310,976,1214,1217,acat,7311,7314,acat,,,,,,,,,,,,,,gvnigeusgwotli,SRX20502827,GCA_032353775.1,JAUBNT010483468.1_De_1218_7310,JAUBNT010483468.1_De_1218_7310,LTR,Gypsy,unknown,no,+,INT|Ty3_gypsy GAG|Ty3_gypsy PROT|Ty3_gypsy RT|Ty3_gypsy RH|Ty3_gypsy,True,6,6093,6093,0,1,1.0,0.9989754098360656,0.9994934143870314,1.0,24.82364729458918,44.65573770491803,34.62917933130699,54.39596989560573,0.6366129586027373,-0.6515115707730509,34.64673086670046,54.39596989560573,0.6369356210247356,-0.83442410802365,input_data/ectopic_recombination/JAUBNT010483468.1_De_1218_7310.fa.depth.txt,173814b1bafaba35694fe9cd9d2e174172ec7cc8bb744779dc96295f2eb92fa7,236068,usable,1.0,True,0.6369356210247356,0.0
24,6102,6079,JAUBNT010486790.1_De,24,623,600,5473,6102,630,20,23,ccca,6103,6106,ccca,5442.0,5449.0,aagagaaa,+,24.0,,,,,,,,,gvnigeusgwotli,SRX20502827,GCA_032353775.1,JAUBNT010486790.1_De_24_6102,JAUBNT010486790.1_De_24_6102,LTR,Gypsy,unknown,no,+,RH|Ty3_gypsy INT|Ty3_gypsy GAG|Ty3_gypsy RT|Ty3_gypsy,True,5,6079,6079,0,0,1.0,1.0,1.0,1.0,848.185,692.3222222222222,768.3528455284553,1491.4126624046196,0.5151846064452962,-0.9568386080668523,768.3528455284553,1491.4126624046196,0.5151846064452962,0.292743973763366,input_data/ectopic_recombination/JAUBNT010486790.1_De_24_6102.fa.depth.txt,369be0d3a9c824c169bd3925cbc5c203fbdc9b27780265728efb7f64a87c507f,231635,usable,1.0,True,0.5151846064452962,0.0
17,5101,5085,JAUBNT010491215.1_De,17,272,256,4837,5101,265,13,16,aaac,5102,5105,aaac,,,,,,,,,,,,,,gvnigeusgwotli,SRX20502827,GCA_032353775.1,JAUBNT010491215.1_De_17_5101,JAUBNT010491215.1_De_17_5101,LTR,Gypsy,unknown,no,-,RH|Ty3_gypsy INT|Ty3_gypsy GAG|Ty3_gypsy RT|Ty3_gypsy,True,5,5085,5085,0,0,1.0,1.0,1.0,1.0,13.734375,17.052830188679245,15.422264875239923,36.00043821209466,0.42839103191968037,-1.2229998163408107,15.422264875239923,36.00043821209466,0.42839103191968037,-0.3023245180811662,input_data/ectopic_recombination/JAUBNT010491215.1_De_17_5101.fa.depth.txt,41d321e4659ad87055264806ecad7d9d0cff8b5a97161839bbdae56bf2555c1f,186953,usable,1.0,True,0.4283910319196803,5.551115123125783e-17
118,6846,6729,JAUBNT010548794.1_De,118,727,610,6224,6846,623,114,117,taac,6847,6850,taac,6210.0,6223.0,aaaaaaacaaagga,+,1.0,,,,,,,,,gvnigeusgwotli,SRX20502827,GCA_032353775.1,JAUBNT010548794.1_De_118_6846,JAUBNT010548794.1_De_118_6846,LTR,Gypsy,unknown,yes,-,GAG|Ty3_gypsy PROT|Ty3_gypsy RT|Ty3_gypsy RH|Ty3_gypsy INT|Ty3_gypsy,True,6,6729,6729,0,0,1.0,1.0,1.0,1.0,36.278688524590166,17.507223113964688,26.793998377939985,52.55840611353712,0.5097947285551119,-0.9720116393905623,26.793998377939985,52.55840611353712,0.5097947285551119,1.0302943152036477,input_data/ectopic_recombination/JAUBNT010548794.1_De_118_6846.fa.depth.txt,4af2b6310424dd9a58822b40e7cde01095779344299e8a768f4f1fe4726a81d6,254516,usable,1.0,True,0.5097947285551119,0.0
3750,10478,6729,JAUBNT010553225.1_De,3750,4659,910,9565,10478,914,3744,3749,gcaccc,10479,10484,gcaccc,,,,,,,,,,,,,,gvnigeusgwotli,SRX20502827,GCA_032353775.1,JAUBNT010553225.1_De_3750_10478,JAUBNT010553225.1_De_3750_10478,LTR,Gypsy,unknown,no,+,RT|Ty3_gypsy RH|Ty3_gypsy INT|Ty3_gypsy GAG|Ty3_gypsy,True,5,6729,6729,0,0,1.0,1.0,1.0,1.0,22.818681318681318,23.22647702407002,23.023026315789473,51.032212028542304,0.4511469403464757,-1.1483306933747572,23.023026315789473,51.032212028542304,0.4511469403464757,-0.025011695073034437,input_data/ectopic_recombination/JAUBNT010553225.1_De_3750_10478.fa.depth.txt,c47c3ee6640423450aefb9a0c50ac85fd9b446eb9535462f2ceb776c79646d7d,268081,usable,1.0,True,0.4511469403464757,0.0
1241,6575,5335,JAUBNT010559866.1_De,1241,1470,230,6321,6575,255,1237,1240,cttc,6576,6579,cttc,1474.0,1482.0,aggggggga,-,4.0,,,,,,,,,gvnigeusgwotli,SRX20502827,GCA_032353775.1,JAUBNT010559866.1_De_1241_6575,JAUBNT010559866.1_De_1241_6575,LTR,Gypsy,unknown,no,+,PROT|Bel-Pao RT|Ty3_gypsy RH|Ty3_gypsy INT|Ty3_gypsy,True,5,5335,5335,0,0,1.0,1.0,1.0,1.0,21.004347826086956,21.305882352941175,21.162886597938144,52.497319587628866,0.4031231835105965,-1.3107073402917884,21.162886597938144,52.497319587628866,0.4031231835105965,-0.020088990235891377,input_data/ectopic_recombination/JAUBNT010559866.1_De_1241_6575.fa.depth.txt,3c12dede8a1ae6884f6c9e9c0b9a5f0e4b15e4dadbb70577e93fe8f36259fc4f,207277,usable,1.0,True,0.4031231835105965,0.0
171,5969,5799,JAUBNT010591863.1_De,171,391,221,5763,5969,207,167,170,gagt,5970,5973,gagt,,,,,,,,,,,,,,gvnigeusgwotli,SRX20502827,GCA_032353775.1,JAUBNT010591863.1_De_171_5969,JAUBNT010591863.1_De_171_5969,LTR,Gypsy,unknown,yes,-,GAG|Ty3_gypsy PROT|Ty3_gypsy RT|Ty3_gypsy RH|Ty3_gypsy INT|Ty3_gypsy,True,6,5799,5799,0,0,1.0,1.0,1.0,1.0,8664.72850678733,3475.8695652173915,6155.163551401869,8990.43381120834,0.6846347663144184,-0.5465935394431051,6155.163551401869,8990.43381120834,0.6846347663144184,1.3176563344917744,input_data/ectopic_recombination/JAUBNT010591863.1_De_171_5969.fa.depth.txt,cbbbd2329a7785ec098ba2f5d135d1cfda70ac995ae82218ba5eabc191930612,231792,usable,1.0,True,0.6846347663144184,0.0
1043,6920,5878,JAUBNT010594624.1_De,1043,1486,444,6481,6920,440,1039,1042,gacg,6921,6924,gacg,1490.0,1499.0,agaagaagga,-,4.0,,,,,,,,,gvnigeusgwotli,SRX20502827,GCA_032353775.1,JAUBNT010594624.1_De_1043_6920,JAUBNT010594624.1_De_1043_6920,LTR,Gypsy,unknown,no,-,GAG|Ty3_gypsy RT|Ty3_gypsy RH|Ty3_gypsy INT|Ty3_gypsy,True,5,5878,5878,0,0,1.0,1.0,1.0,1.0,47.502252252252255,31.634090909090908,39.60407239819005,45.69002803364037,0.8667990391476803,-0.20623054069163763,39.60407239819005,45.69002803364037,0.8667990391476803,0.5789974399452559,input_data/ectopic_recombination/JAUBNT010594624.1_De_1043_6920.fa.depth.txt,caf5241911d915325f65d3ec33d1000947c11523263b053570cd98abfacf7232,228224,usable,1.0,True,0.8667990391476803,0.0
653,6905,6253,JAUBNT010598382.1_De,653,1492,840,6076,6905,830,649,652,agat,6906,6909,agat,1494.0,1505.0,gcaagggaaaag,-,2.0,,,,,,,,,gvnigeusgwotli,SRX20502827,GCA_032353775.1,JAUBNT010598382.1_De_653_6905,JAUBNT010598382.1_De_653_6905,LTR,Gypsy,unknown,no,+,RT|Ty3_gypsy RH|Ty3_gypsy INT|Ty3_gypsy GAG|Ty3_gypsy PROT|Ty3_gypsy,True,6,6253,6253,0,0,1.0,1.0,1.0,1.0,27.970238095238095,22.92289156626506,25.461676646706586,24.743617717652192,1.0290199653602847,0.041270974114135335,25.461676646706586,24.743617717652192,1.0290199653602847,0.28153537014952185,input_data/ectopic_recombination/JAUBNT010598382.1_De_653_6905.fa.depth.txt,597bf65fbe78fabb814621236adca78244afa681c20ac84ce493c631d3df9e30,235843,usable,1.0,True,1.0290199653602847,0.0
88,5740,5653,JAUBNT010607768.1_De,88,268,181,5566,5740,175,84,87,ttag,5741,5744,ttag,,,,,,,,,,,,,,gvnigeusgwotli,SRX20502827,GCA_032353775.1,JAUBNT010607768.1_De_88_5740,JAUBNT010607768.1_De_88_5740,LTR,Gypsy,unknown,no,-,GAG|Ty3_gypsy RT|Ty3_gypsy RH|Ty3_gypsy INT|Ty3_gypsy,True,5,5653,5653,0,0,1.0,1.0,1.0,1.0,1411.1381215469614,4837.708571428571,3095.5477528089887,972.1504625259581,3.1842270020278183,1.6709431885907506,3095.5477528089887,972.1504625259581,3.1842270020278183,-1.7771026681244195,input_data/ectopic_recombination/JAUBNT010607768.1_De_88_5740.fa.depth.txt,8ce8506a9b7e5cfc7c18a8c5a97088496e20573c266f55ff4c5845a5d716a2f3,213787,usable,1.0,True,3.1842270020278183,0.0
8173,17634,9462,JAUBNT010618375.1_De,8173,8723,551,17097,17634,538,8169,8172,cgga,17635,17638,cgga,8696.0,8711.0,ggagaggaaggaggag,-,27.0,,,,,,,,,gvnigeusgwotli,SRX20502827,GCA_032353775.1,JAUBNT010618375.1_De_8173_17634,JAUBNT010618375.1_De_8173_17634,LTR,Gypsy,unknown,no,+,PROT|Ty3_gypsy RT|Ty3_gypsy RH|Ty3_gypsy INT|Ty3_gypsy,True,5,9462,9462,0,0,1.0,1.0,1.0,1.0,23.0508166969147,38.594795539033456,30.730027548209367,131.2225008957363,0.23418260845848468,-2.0942941566330036,30.730027548209367,131.2225008957363,0.23418260845848468,-0.731199472193246,input_data/ectopic_recombination/JAUBNT010618375.1_De_8173_17634.fa.depth.txt,414b3788c795902f6b5a2841d083e9ae7774e3b96fe4f535043eaddd6cb5318f,382155,usable,1.0,True,0.2341826084584846,8.326672684688674e-17
13,6105,6093,JAUEJH010005274.1_De,13,287,275,5829,6105,277,9,12,tggc,6106,6109,tggc,,,,,,,,,,,,,,intermedius,SRX20502776,GCA_032275315.1,JAUEJH010005274.1_De_13_6105,JAUEJH010005274.1_De_13_6105,LTR,Gypsy,unknown,no,-,GAG|Ty3_gypsy RT|Ty3_gypsy RH|Ty3_gypsy INT|Ty3_gypsy,True,5,6093,6093,0,0,1.0,1.0,1.0,1.0,37.589090909090906,66.06498194945848,51.8786231884058,60.02183721349937,0.8643291441391917,-0.21034728690664703,51.8786231884058,60.02183721349937,0.8643291441391917,-0.8053855589134534,input_data/ectopic_recombination/JAUEJH010005274.1_De_13_6105.fa.depth.txt,1fb2e4e79c4c57c61f2b6541d52bd98c8117e64324bb9fa36d38f41d39ae2e7f,225034,usable,1.0,True,0.8643291441391917,0.0
689,6429,5741,JAUEJH010017866.1_De,689,1138,450,5993,6429,437,685,688,tggc,6430,6433,tggc,5984.0,5994.0,ggagggggaga,+,1.0,,,,,,,,,intermedius,SRX20502776,GCA_032275315.1,JAUEJH010017866.1_De_689_6429,JAUEJH010017866.1_De_689_6429,LTR,Gypsy,unknown,no,+,GAG|Ty3_gypsy RT|Ty3_gypsy RH|Ty3_gypsy INT|Ty3_gypsy,True,5,5741,5741,0,0,1.0,1.0,1.0,1.0,183.00444444444443,90.23798627002289,137.3010146561443,1310.3518747424805,0.10478178976401102,-3.254540085072478,137.3010146561443,1310.3518747424805,0.10478178976401102,1.0160364575903746,input_data/ectopic_recombination/JAUEJH010017866.1_De_689_6429.fa.depth.txt,63ddb5820ee6566510cd5ecb824d970dc459a25a20756f75b3dcf0b93da16b23,224281,usable,1.0,True,0.104781789764011,2.7755575615628914e-17
4734,10191,5458,JAUEJH010026582.1_De,4734,5193,460,9748,10191,444,4730,4733,acag,10192,10195,acag,,,,,,,,,,,,,,intermedius,SRX20502776,GCA_032275315.1,JAUEJH010026582.1_De_4734_10191,JAUEJH010026582.1_De_4734_10191,LTR,Gypsy,unknown,no,-,RH|Ty3_gypsy INT|Ty3_gypsy GAG|Ty3_gypsy RT|Ty3_gypsy,True,5,5458,5458,0,0,1.0,1.0,1.0,1.0,42.40652173913043,27.11261261261261,34.894911504424776,52.71870882740448,0.6619075519976609,-0.5952983636376646,34.894911504424776,52.71870882740448,0.6619075519976609,0.6358695549434928,input_data/ectopic_recombination/JAUEJH010026582.1_De_4734_10191.fa.depth.txt,653ed9eb3932a3c7f505c7306a263d2e15783f6d528a3ec0c10b95aa3d8fbc1f,217313,usable,1.0,True,0.6619075519976609,0.0
903,6241,5339,JAUEJH010035201.1_De,903,1083,181,6061,6241,181,899,902,ttgt,6242,6245,ttgt,6031.0,6040.0,gagaaaaaga,+,21.0,,,,,,,,,intermedius,SRX20502776,GCA_032275315.1,JAUEJH010035201.1_De_903_6241,JAUEJH010035201.1_De_903_6241,LTR,Gypsy,unknown,no,-,GAG|Ty3_gypsy RT|Ty3_gypsy RH|Ty3_gypsy INT|Ty3_gypsy,True,5,5339,5339,0,0,1.0,1.0,1.0,1.0,163.91712707182322,270.121546961326,217.01933701657458,57.38376532047418,3.781894335524605,1.9191090555816441,217.01933701657458,57.38376532047418,3.781894335524605,-0.718916121554081,input_data/ectopic_recombination/JAUEJH010035201.1_De_903_6241.fa.depth.txt,3827477686cc29f17997e5887ca8f388179a979bb3d9bddb3ba0e609159bacc6,202452,usable,1.0,True,3.781894335524605,0.0
10,6021,6012,JAUEJH010042935.1_De,10,930,921,5095,6021,927,6,9,gtct,6022,6025,gtct,,,,,,,,,,,,,,intermedius,SRX20502776,GCA_032275315.1,JAUEJH010042935.1_De_10_6021,JAUEJH010042935.1_De_10_6021,LTR,Gypsy,unknown,no,-,PROT|Ty3_gypsy INT|Ty3_gypsy RT|Ty3_gypsy RH|Ty3_gypsy,True,5,6012,6012,0,0,1.0,1.0,1.0,1.0,27.789359391965256,22.854368932038835,25.313852813852815,39.46565802113353,0.6414146902174407,-0.6406706989170422,25.313852813852815,39.46565802113353,0.6414146902174407,0.2765670454931503,input_data/ectopic_recombination/JAUEJH010042935.1_De_10_6021.fa.depth.txt,c10f79c04683953759c9397932ce9760cc64d91c7ee3d964f2a237ec64652dd4,221224,usable,1.0,True,0.6414146902174407,0.0
7,5654,5648,JAUEJH010045363.1_De,7,487,481,5173,5654,482,3,6,aggg,5655,5658,aggg,,,,,,,,,,,,,,intermedius,SRX20502776,GCA_032275315.1,JAUEJH010045363.1_De_7_5654,JAUEJH010045363.1_De_7_5654,LTR,Gypsy,unknown,no,-,RT|Ty3_gypsy RH|Ty3_gypsy INT|Ty3_gypsy GAG|Ty3_gypsy,True,5,5648,5648,0,0,1.0,1.0,1.0,1.0,47.84407484407485,55.066390041493776,51.45898234683281,53.03393810032017,0.9703028700130069,-0.04349295494415898,51.45898234683281,53.03393810032017,0.9703028700130069,-0.20087343569919916,input_data/ectopic_recombination/JAUEJH010045363.1_De_7_5654.fa.depth.txt,bb271cb1b36a1e4091ffa879d4186a34ef835ffe49fdcedc68e4140572bccd54,202559,usable,1.0,True,0.9703028700130067,1.1102230246251565e-16
913,5927,5015,JAUEJH010063043.1_De,913,1121,209,5729,5927,199,909,912,ctta,5928,5931,ctta,1122.0,1135.0,ggaaggaagggaga,-,1.0,,,,,,,,,intermedius,SRX20502776,GCA_032275315.1,JAUEJH010063043.1_De_913_5927,JAUEJH010063043.1_De_913_5927,LTR,Gypsy,unknown,yes,+,GAG|Ty3_gypsy PROT|Ty3_gypsy RT|Ty3_gypsy RH|Ty3_gypsy INT|Ty3_gypsy,True,6,5015,5015,0,0,1.0,1.0,1.0,1.0,25.196172248803826,101.18090452261306,62.25735294117647,95.73627089212069,0.6503005847316786,-0.6208213738785084,62.25735294117647,95.73627089212069,0.6503005847316786,-1.984423395380831,input_data/ectopic_recombination/JAUEJH010063043.1_De_913_5927.fa.depth.txt,704081d8f11517384758ba1cfd610c7e46144dff361edc9e7985fc0d7124a9ef,191127,usable,1.0,True,0.6503005847316786,0.0
766,5913,5148,JAUEJH010067137.1_De,766,1055,290,5646,5913,268,762,765,acct,5914,5917,acct,,,,,,,,,,,,,,intermedius,SRX20502776,GCA_032275315.1,JAUEJH010067137.1_De_766_5913,JAUEJH010067137.1_De_766_5913,LTR,Gypsy,unknown,yes,-,GAG|Ty3_gypsy PROT|Ty3_gypsy RT|Ty3_gypsy RH|Ty3_gypsy INT|Ty3_gypsy,True,6,5148,5148,0,0,1.0,1.0,1.0,1.0,223.34137931034482,131.57089552238807,179.2652329749104,200.0529411764706,0.8960889648544433,-0.15828612289156538,179.2652329749104,200.0529411764706,0.8960889648544433,0.7611641827807268,input_data/ectopic_recombination/JAUEJH010067137.1_De_766_5913.fa.depth.txt,1b59b59acab7a08a1f2f511be09f6f491ebe726b9fe2903199956a3940f3a70a,199476,usable,1.0,True,0.8960889648544433,0.0
2669,9128,6460,JAUEJH010124954.1_De,2669,3668,1000,8140,9128,989,2665,2668,gaac,9129,9132,gaac,8130.0,8138.0,gagagggaa,+,2.0,,,,,,,,,intermedius,SRX20502776,GCA_032275315.1,JAUEJH010124954.1_De_2669_9128,JAUEJH010124954.1_De_2669_9128,LTR,Gypsy,unknown,no,+,INT|Ty3_gypsy GAG|Ty3_gypsy RT|Ty3_gypsy RH|Ty3_gypsy,True,5,6460,6460,0,0,1.0,1.0,1.0,1.0,3644.108,2980.5126390293226,3314.1452991452993,7234.530753746366,0.4581009345255856,-1.1262625889315667,3314.1452991452993,7234.530753746366,0.4581009345255856,0.2899611600297156,input_data/ectopic_recombination/JAUEJH010124954.1_De_2669_9128.fa.depth.txt,101685338c1fe0cd4f52056f4de8d277dc701b17cb359a0637792af797a3f47b,264314,usable,1.0,True,0.4581009345255856,0.0
2140,8560,6421,JAUEJH010179133.1_De,2140,2777,638,7924,8560,637,2136,2139,gcgt,8561,8564,gcgt,,,,,,,,,,,,,,intermedius,SRX20502776,GCA_032275315.1,JAUEJH010179133.1_De_2140_8560,JAUEJH010179133.1_De_2140_8560,LTR,Gypsy,unknown,no,-,GAG|Ty3_gypsy RT|Ty3_gypsy RH|Ty3_gypsy INT|Ty3_gypsy,True,5,6421,6421,0,0,1.0,1.0,1.0,1.0,17.29780564263323,21.956043956043956,19.625098039215686,55.999222697240576,0.3504530437023858,-1.5127069406825622,19.625098039215686,55.999222697240576,0.3504530437023858,-0.33540441599258175,input_data/ectopic_recombination/JAUEJH010179133.1_De_2140_8560.fa.depth.txt,5ab4a32abd9627a6396cd93bfbea8f0c3759f279a26b77ffc0de119e888795df,249324,usable,1.0,True,0.3504530437023858,0.0
2963,8286,5324,JAUEJH010232201.1_De,2963,3146,184,8111,8286,176,2959,2962,ggtt,8287,8290,ggtt,3123.0,3135.0,gaagagagaaaag,-,23.0,,,,,,,,,intermedius,SRX20502776,GCA_032275315.1,JAUEJH010232201.1_De_2963_8286,JAUEJH010232201.1_De_2963_8286,LTR,Gypsy,unknown,no,+,RH|Ty3_gypsy INT|Ty3_gypsy GAG|Ty3_gypsy PROT|Ty3_gypsy RT|Ty3_gypsy,True,6,5324,5324,0,0,1.0,1.0,1.0,1.0,30.934782608695652,11.386363636363637,21.377777777777776,42.13940370668816,0.5073108752695711,-0.9790580069014431,21.377777777777776,42.13940370668816,0.5073108752695711,1.4030543632844608,input_data/ectopic_recombination/JAUEJH010232201.1_De_2963_8286.fa.depth.txt,6ede98714453b5a8af76cc36cae952ddcb180cf1a8cc3063d9a6d3f912e32301,206385,usable,1.0,True,0.5073108752695711,0.0
2285,8099,5815,JAUEJH010257644.1_De,2285,2891,607,7496,8099,604,2281,2284,gtcg,8100,8103,gtcg,7508.0,7516.0,agggaagga,+,20.0,,,,,,,,,intermedius,SRX20502776,GCA_032275315.1,JAUEJH010257644.1_De_2285_8099,JAUEJH010257644.1_De_2285_8099,LTR,Gypsy,unknown,yes,+,GAG|Ty3_gypsy PROT|Ty3_gypsy RT|Ty3_gypsy RH|Ty3_gypsy INT|Ty3_gypsy,True,6,5815,5815,0,0,1.0,1.0,1.0,1.0,17.377265238879737,38.663907284768214,27.99421965317919,40.94635099913119,0.6836804494196119,-0.5486059243950163,27.99421965317919,40.94635099913119,0.6836804494196119,-1.131398647968776,input_data/ectopic_recombination/JAUEJH010257644.1_De_2285_8099.fa.depth.txt,1282f90c3fe4ddde617edcc8e1bd5c505305d688332e2e4811899ab36e4b31b9,225269,usable,1.0,True,0.6836804494196119,0.0
13,5997,5985,JAUEJH010260966.1_De,13,607,595,5393,5997,605,9,12,gaac,5998,6001,gaac,,,,,,,,,,,,,,intermedius,SRX20502776,GCA_032275315.1,JAUEJH010260966.1_De_13_5997,JAUEJH010260966.1_De_13_5997,LTR,Gypsy,unknown,no,+,INT|Ty3_gypsy GAG|Ty3_gypsy PROT|Ty3_gypsy RT|Ty3_gypsy RH|Ty3_gypsy,True,6,5985,5985,0,15,0.9747899159663865,1.0,0.9875,1.0,20.21344537815126,23.26776859504132,21.753333333333334,38.09655172413793,0.5710053101617185,-0.8084239326471333,22.028691983122364,38.09655172413793,0.5782332254802214,-0.1984389194556461,input_data/ectopic_recombination/JAUEJH010260966.1_De_13_5997.fa.depth.txt,3d0166816b4cc0ba1d9a840019696f466032180202fed6f54756afbc5de0bb37,220115,usable,1.0,True,0.5782332254802214,0.0
9,5811,5803,JAUEJH010322918.1_De,9,516,508,5287,5811,525,5,8,cagg,5812,5815,cagg,489.0,501.0,aaggggaagggga,-,27.0,,,,,,,,,intermedius,SRX20502776,GCA_032275315.1,JAUEJH010322918.1_De_9_5811,JAUEJH010322918.1_De_9_5811,LTR,Gypsy,unknown,yes,+,GAG|Ty3_gypsy PROT|Ty3_gypsy RT|Ty3_gypsy RH|Ty3_gypsy INT|Ty3_gypsy,True,6,5803,5803,0,0,1.0,1.0,1.0,1.0,30.066929133858267,23.123809523809523,26.538238141335913,33.03186582809224,0.8034132337376544,-0.3157858693884203,26.538238141335913,33.03186582809224,0.8034132337376544,0.3717299917149423,input_data/ectopic_recombination/JAUEJH010322918.1_De_9_5811.fa.depth.txt,bfa7d721f2e4e4ff5fa1b2709c5c1826afd76baf84edd838665fccd9fa7f8062,207134,usable,1.0,True,0.8034132337376544,0.0
732,7712,6981,JAUEJH010383764.1_De,732,1494,763,6965,7712,748,728,731,tcca,7713,7716,tcca,,,,,,,,,,,,,,intermedius,SRX20502776,GCA_032275315.1,JAUEJH010383764.1_De_732_7712,JAUEJH010383764.1_De_732_7712,LTR,Gypsy,unknown,no,-,RH|Ty3_gypsy INT|Ty3_gypsy GAG|Ty3_gypsy PROT|Ty3_gypsy RT|Ty3_gypsy,True,6,6981,6981,0,0,1.0,1.0,1.0,1.0,74.1821756225426,24.529411764705884,49.60225016545334,78.57733089579524,0.6312539456351987,-0.6637075945822302,49.60225016545334,78.57733089579524,0.6312539456351987,1.5771395708607099,input_data/ectopic_recombination/JAUEJH010383764.1_De_732_7712.fa.depth.txt,43f6186dc670561920f39173ecdaca5cf0f929fc05d34258ff9e3accbfad74a2,264802,usable,1.0,True,0.6312539456351987,0.0
5169,11831,6663,JAUEJH010597481.1_De,5169,5765,597,11278,11831,554,5165,5168,gggg,11832,11835,gggg,11247.0,11255.0,ggaggaagg,+,23.0,,,,,,,,,intermedius,SRX20502776,GCA_032275315.1,JAUEJH010597481.1_De_5169_11831,JAUEJH010597481.1_De_5169_11831,LTR,Gypsy,unknown,yes,+,GAG|Ty3_gypsy PROT|Ty3_gypsy RT|Ty3_gypsy RH|Ty3_gypsy INT|Ty3_gypsy,True,6,6663,6663,0,34,1.0,0.9386281588447654,0.9704604691572546,1.0,6484.564489112227,48.86462093862816,3386.9296264118157,60.4094702467344,56.06620307343128,5.809059465518918,3490.023276633841,60.4094702467344,57.7727840085223,7.037499661795445,input_data/ectopic_recombination/JAUEJH010597481.1_De_5169_11831.fa.depth.txt,5145e0d019754191afeb3862b388807358a580cdc95c3e690151d5cd6dcccfc3,265825,usable,1.0,True,57.7727840085223,0.0
9,5408,5400,JAUEJH010744808.1_De,9,184,176,5225,5408,184,5,8,tgcc,5409,5412,tgcc,187.0,197.0,aagggaaggga,-,3.0,,,,,,,,,intermedius,SRX20502776,GCA_032275315.1,JAUEJH010744808.1_De_9_5408,JAUEJH010744808.1_De_9_5408,LTR,Gypsy,unknown,no,+,GAG|Ty3_gypsy INT|Ty3_gypsy RT|Ty3_gypsy RH|Ty3_gypsy,True,5,5400,5400,0,0,1.0,1.0,1.0,1.0,35.46022727272727,24.88586956521739,30.055555555555557,49.26111111111111,0.6101274388180895,-0.7128174814767927,30.055555555555557,49.26111111111111,0.6101274388180895,0.5023764600221382,input_data/ectopic_recombination/JAUEJH010744808.1_De_9_5408.fa.depth.txt,4d6a88f27449bbd118b921bd1dec1b3964acf03f9bf2f15c9246ab174c7cb928,193293,usable,1.0,True,0.6101274388180895,0.0
430,6424,5995,JAUEJH010745918.1_De,430,811,382,6048,6424,377,426,429,ggag,6425,6428,ggag,,,,,,,,,,,,,,intermedius,SRX20502776,GCA_032275315.1,JAUEJH010745918.1_De_430_6424,JAUEJH010745918.1_De_430_6424,LTR,Gypsy,unknown,yes,-,GAG|Ty3_gypsy PROT|Ty3_gypsy RT|Ty3_gypsy RH|Ty3_gypsy INT|Ty3_gypsy,True,6,5995,5995,0,0,1.0,1.0,1.0,1.0,41.49738219895288,54.09283819628647,47.7536231884058,56.389419404125285,0.846854315810038,-0.23981429054333162,47.7536231884058,56.389419404125285,0.846854315810038,-0.3784122985610906,input_data/ectopic_recombination/JAUEJH010745918.1_De_430_6424.fa.depth.txt,7940ff9528b3df2d22a63bf70164d1030df00b0881ee1390da09a1dbbaa8062a,227218,usable,1.0,True,0.846854315810038,0.0
82,5281,5200,JAUEJH010784693.1_De,82,396,315,4959,5281,323,78,81,agat,5282,5285,agat,,,,,,,,,,,,,,intermedius,SRX20502776,GCA_032275315.1,JAUEJH010784693.1_De_82_5281,JAUEJH010784693.1_De_82_5281,LTR,Gypsy,unknown,no,+,PROT|Ty3_gypsy RT|Ty3_gypsy RH|Ty3_gypsy INT|Ty3_gypsy,True,5,5200,5200,0,1,0.9968253968253968,1.0,0.9984326018808778,1.0,15.936507936507937,11.569659442724458,13.725705329153605,24.040990793511618,0.5709292702220081,-0.8086160670232636,13.747252747252746,24.040990793511618,0.5718255485112107,0.44551885022116355,input_data/ectopic_recombination/JAUEJH010784693.1_De_82_5281.fa.depth.txt,95f2c3ce73d99fcde7582442badb0df3adbfff6507755af8345ce0e63352bbac,190649,usable,1.0,True,0.5718255485112107,0.0
12,5463,5452,JAUEJH010802399.1_De,12,149,138,5322,5463,142,8,11,aaca,5464,5467,aaca,5306.0,5322.0,gagaagtgaagagtgga,+,0.0,,,,,,,,,intermedius,SRX20502776,GCA_032275315.1,JAUEJH010802399.1_De_12_5463,JAUEJH010802399.1_De_12_5463,LTR,Gypsy,unknown,no,-,PROT|Ty3_gypsy RT|Ty3_gypsy RH|Ty3_gypsy INT|Ty3_gypsy,True,5,5452,5452,0,0,1.0,1.0,1.0,1.0,27.57246376811594,58.38732394366197,43.2,32.67884764114463,1.3219560394047865,0.4026742019687385,43.2,32.67884764114463,1.3219560394047865,-1.0688014267143706,input_data/ectopic_recombination/JAUEJH010802399.1_De_12_5463.fa.depth.txt,4153148d66625330618a4006b46cb3cb2fed91a26428afa40d86d07235fb79f9,200482,usable,1.0,True,1.3219560394047865,0.0
23,6740,6718,JAUEJH010862913.1_De,23,685,663,6060,6740,681,19,22,tggt,6741,6744,tggt,,,,,,,,,,,,,,intermedius,SRX20502776,GCA_032275315.1,JAUEJH010862913.1_De_23_6740,JAUEJH010862913.1_De_23_6740,LTR,Gypsy,unknown,no,-,INT|Ty3_gypsy GAG|Ty3_gypsy PROT|Bel-Pao RT|Ty3_gypsy RH|Ty3_gypsy,True,6,6718,6718,0,0,1.0,1.0,1.0,1.0,57.547511312217196,56.83259911894273,57.185267857142854,98.85727577223669,0.578462914443399,-0.7897036245150422,57.185267857142854,98.85727577223669,0.578462914443399,0.017878531605062132,input_data/ectopic_recombination/JAUEJH010862913.1_De_23_6740.fa.depth.txt,0d3d51bed42a76cac5917e6dd46fd71fa2198df867f98ee0df483fbd408421b2,249670,usable,1.0,True,0.578462914443399,0.0
6,6140,6135,JAUEJH010864020.1_De,6,569,564,5578,6140,563,2,5,cgct,6141,6144,cgct,,,,,,,,,,,,,,intermedius,SRX20502776,GCA_032275315.1,JAUEJH010864020.1_De_6_6140,JAUEJH010864020.1_De_6_6140,LTR,Gypsy,unknown,yes,+,GAG|Ty3_gypsy PROT|Ty3_gypsy RT|Ty3_gypsy RH|Ty3_gypsy INT|Ty3_gypsy,True,6,6135,6135,0,0,1.0,1.0,1.0,1.0,3100.25,6417.399644760213,4757.353149955635,4030.3119009584666,1.1803932963164134,0.23926763255950728,4757.353149955635,4030.3119009584666,1.1803932963164134,-1.0494840182946101,input_data/ectopic_recombination/JAUEJH010864020.1_De_6_6140.fa.depth.txt,e12f00ad7315e225a0b039c8a7ef39331248b5719be90b3000c6839b901b8d3c,231574,usable,1.0,True,1.1803932963164134,0.0
756,6720,5965,JAUEJH010864683.1_De,756,1754,999,5725,6720,996,752,755,gaag,6721,6724,gaag,5729.0,5736.0,aaaagaaa,+,11.0,,,,,,,,,intermedius,SRX20502776,GCA_032275315.1,JAUEJH010864683.1_De_756_6720,JAUEJH010864683.1_De_756_6720,LTR,Gypsy,unknown,no,+,PROT|Ty3_gypsy RT|Ty3_gypsy RH|Ty3_gypsy INT|Ty3_gypsy GAG|Ty3_gypsy,True,6,5965,5965,0,0,1.0,1.0,1.0,1.0,26.60960960960961,48.30722891566265,37.44210526315789,71.41460957178842,0.5242919549328321,-0.9315576864879018,37.44210526315789,71.41460957178842,0.5242919549328321,-0.8482905055747716,input_data/ectopic_recombination/JAUEJH010864683.1_De_756_6720.fa.depth.txt,47468987b4ae608b6b436e939a5e4581c607e26f5b30ce4bdf7340fe8fadca7e,226163,usable,1.0,True,0.5242919549328321,0.0
26,6431,6406,JAUEJH010869096.1_De,26,1000,975,5432,6431,1000,22,25,tggt,6432,6435,tggt,,,,,,,,,,,,,,intermedius,SRX20502776,GCA_032275315.1,JAUEJH010869096.1_De_26_6431,JAUEJH010869096.1_De_26_6431,LTR,Gypsy,unknown,no,+,RH|Ty3_gypsy INT|Ty3_gypsy GAG|Ty3_gypsy RT|Ty3_gypsy,True,5,6406,6406,0,0,1.0,1.0,1.0,1.0,906.5076923076923,1099.702,1004.3275949367088,2180.6729857819905,0.46055855301777693,-1.1185435101704335,1004.3275949367088,2180.6729857819905,0.46055855301777693,-0.27858173932263164,input_data/ectopic_recombination/JAUEJH010869096.1_De_26_6431.fa.depth.txt,122a455f9465a7f0555b6cbb6c2dc30964d3691ca4996d9cb30be433cccfca83,244946,usable,1.0,True,0.4605585530177769,5.551115123125783e-17
6,6469,6464,JASANK010026728.1_De,6,314,309,6160,6469,310,2,5,gttt,6470,6473,gttt,,,,,,,,,,,,,,marmoratus,SRX19954879,GCA_031753695.1,JASANK010026728.1_De_6_6469,JASANK010026728.1_De_6_6469,LTR,Gypsy,unknown,no,+,PROT|Bel-Pao RT|Ty3_gypsy RH|Ty3_gypsy INT|Ty3_gypsy,True,5,6464,6464,0,0,1.0,1.0,1.0,1.0,68.62459546925567,106.03548387096774,87.36025848142165,134.3310521813516,0.6503355483546892,-0.6207438089942832,87.36025848142165,134.3310521813516,0.6503355483546892,-0.6240629926988843,input_data/ectopic_recombination/JASANK010026728.1_De_6_6469.fa.depth.txt,75ea4734ac43ebe6e07a73c18bd993be0e14bbf0ddf5e6e3c0e517ec77999a97,236081,usable,1.0,True,0.6503355483546892,0.0
1020,6515,5496,JASANK010164138.1_De,1020,1227,208,6300,6515,216,1016,1019,gttc,6516,6519,gttc,,,,,,,,,,,,,,marmoratus,SRX19954879,GCA_031753695.1,JASANK010164138.1_De_1020_6515,JASANK010164138.1_De_1020_6515,LTR,Gypsy,unknown,no,-,GAG|Ty3_gypsy RT|Ty3_gypsy RH|Ty3_gypsy INT|Ty3_gypsy,True,5,5496,5496,0,0,1.0,1.0,1.0,1.0,92.34134615384616,95.07407407407408,93.73349056603773,3149.607452681388,0.02976037235568471,-5.070463612510934,93.73349056603773,3149.607452681388,0.02976037235568471,-0.04185187703080658,input_data/ectopic_recombination/JASANK010164138.1_De_1020_6515.fa.depth.txt,e411a8700f22318217cebf9c1b4f95258e9bb7bb4fbbb15673868dde8b7eab1e,221936,usable,1.0,True,0.0297603723556847,1.0408340855860843e-17
1389,6459,5071,JASANK010200710.1_De,1389,1632,244,6229,6459,231,1385,1388,tgac,6460,6463,tgac,,,,,,,,,,,,,,marmoratus,SRX19954879,GCA_031753695.1,JASANK010200710.1_De_1389_6459,JASANK010200710.1_De_1389_6459,LTR,Gypsy,unknown,yes,+,GAG|Ty3_gypsy PROT|Ty3_gypsy RT|Ty3_gypsy RH|Ty3_gypsy INT|Ty3_gypsy,True,6,5071,5071,0,0,1.0,1.0,1.0,1.0,65.63934426229508,166.67965367965368,114.77684210526316,106.4456048738033,1.078267554976431,0.10871520438335427,114.77684210526316,106.4456048738033,1.078267554976431,-1.3378186301829573,input_data/ectopic_recombination/JASANK010200710.1_De_1389_6459.fa.depth.txt,dd0ed7f3b72121e9588ad4cdfc25f51e29b03b5720ef0f0c8e1d83ef4e2425cd,199052,usable,1.0,True,1.078267554976431,0.0
89,5519,5431,JASANK010229519.1_De,89,298,210,5311,5519,209,85,88,acat,5520,5523,acat,,,,,,,,,,,,,,marmoratus,SRX19954879,GCA_031753695.1,JASANK010229519.1_De_89_5519,JASANK010229519.1_De_89_5519,LTR,Gypsy,unknown,no,-,GAG|Ty3_gypsy RT|Ty3_gypsy RH|Ty3_gypsy INT|Ty3_gypsy,True,5,5431,5431,0,0,1.0,1.0,1.0,1.0,191.34285714285716,473.6842105263158,332.1766109785203,93.872106943336,3.5386082383239996,1.8231820488746302,332.1766109785203,93.872106943336,3.5386082383239996,-1.305522574206521,input_data/ectopic_recombination/JASANK010229519.1_De_89_5519.fa.depth.txt,f79a9ef738b616730b8176c1f573b8dd3f27608e99462341bbb19e014d791845,201932,usable,1.0,True,3.538608238324,4.440892098500626e-16
1010,6640,5631,JASANK010600919.1_De,1010,1183,174,6481,6640,160,1006,1009,aaca,6641,6644,aaca,,,,,,,,,,,,,,marmoratus,SRX19954879,GCA_031753695.1,JASANK010600919.1_De_1010_6640,JASANK010600919.1_De_1010_6640,LTR,Gypsy,unknown,no,+,GAG|Ty3_gypsy RT|Ty3_gypsy RH|Ty3_gypsy INT|Ty3_gypsy,True,5,5631,5631,0,0,1.0,1.0,1.0,1.0,32694.666666666668,16701.00625,25033.032934131737,5018.260147253162,4.988388843857374,2.3185739273247377,25033.032934131737,5018.260147253162,4.988388843857374,0.969099157426879,input_data/ectopic_recombination/JASANK010600919.1_De_1010_6640.fa.depth.txt,33bf2ae2fe65e51d9bae45b5044aef8a63adef302213dc3e70b7880a133e66c6,228400,usable,1.0,True,4.988388843857374,0.0
5,5641,5637,JASANK010626520.1_De,5,187,183,5469,5641,173,1,4,taac,5642,5645,taac,,,,,,,,,,,,,,marmoratus,SRX19954879,GCA_031753695.1,JASANK010626520.1_De_5_5641,JASANK010626520.1_De_5_5641,LTR,Gypsy,unknown,no,+,PROT|Bel-Pao RT|Ty3_gypsy RH|Ty3_gypsy INT|Ty3_gypsy,True,5,5637,5637,0,0,1.0,1.0,1.0,1.0,111858.68852459016,91841.1676300578,102131.07303370787,31679.191630373036,3.223916639835839,1.6888144408726293,102131.07303370787,31679.191630373036,3.223916639835839,0.2844630261995932,input_data/ectopic_recombination/JASANK010626520.1_De_5_5641.fa.depth.txt,242aa9d89cd36aebdc4ae14890d6006cb98f3ea28294f0ea56bc34e8a0e35669,217891,usable,1.0,True,3.223916639835839,0.0
4246,10021,5776,JASANK010629174.1_De,4246,4677,432,9580,10021,442,4242,4245,aaac,10022,10025,aaac,4692.0,4708.0,aaaagataggatgaaag,-,15.0,,,,,,,,,marmoratus,SRX19954879,GCA_031753695.1,JASANK010629174.1_De_4246_10021,JASANK010629174.1_De_4246_10021,LTR,Gypsy,unknown,no,+,GAG|Ty3_gypsy RT|Ty3_gypsy RH|Ty3_gypsy INT|Ty3_gypsy,True,5,5776,5776,0,100,1.0,1.0,1.0,0.9796001631986944,31.324074074074073,30.08371040723982,30.69679633867277,99.40187678498572,0.30881505793972497,-1.6951849942071364,30.69679633867277,101.47188671386922,0.3025152811559689,0.05735509464367591,input_data/ectopic_recombination/JASANK010629174.1_De_4246_10021.fa.depth.txt,2204aeaa3b4a384bdfcbc77de2d8c96e1e24359c08ca959ac013e77a95e5cc6c,230873,usable,1.0,True,0.3025152811559689,0.0
305,5814,5510,JASANK010680309.1_De,305,613,309,5507,5814,308,300,304,ctcca,5815,5819,ctcca,590.0,606.0,aaagaaaagtgaaggaa,-,23.0,,,,,,,,,marmoratus,SRX19954879,GCA_031753695.1,JASANK010680309.1_De_305_5814,JASANK010680309.1_De_305_5814,LTR,Gypsy,unknown,no,+,GAG|Ty3_gypsy INT|Ty3_gypsy RT|Ty3_gypsy RH|Ty3_gypsy,True,5,5510,5510,0,0,1.0,1.0,1.0,1.0,32.51779935275081,19.801948051948052,26.170178282009726,55.998365011240544,0.46733825669296936,-1.0974609526512569,26.170178282009726,55.998365011240544,0.46733825669296936,0.7016258010248554,input_data/ectopic_recombination/JASANK010680309.1_De_305_5814.fa.depth.txt,039793258776f1c00a7c698e99b7ba7b5f5b1be36812530d7e7e8162006ff607,208293,usable,1.0,True,0.4673382566929693,5.551115123125783e-17
1525,7952,6428,JASANK010708690.1_De,1525,2321,797,7155,7952,798,1521,1524,gatt,7953,7956,gatt,2337.0,2349.0,aaaaaaggaaagg,-,16.0,,,,,,,,,marmoratus,SRX19954879,GCA_031753695.1,JASANK010708690.1_De_1525_7952,JASANK010708690.1_De_1525_7952,LTR,Gypsy,unknown,no,+,RT|Ty3_gypsy RH|Ty3_gypsy INT|Ty3_gypsy GAG|Ty3_gypsy,True,5,6428,6428,0,0,1.0,1.0,1.0,1.0,705.6649937264742,1199.814536340852,952.894670846395,2360.336436995655,0.4037113760186168,-1.308603854379551,952.894670846395,2360.336436995655,0.4037113760186168,-0.7653352961312766,input_data/ectopic_recombination/JASANK010708690.1_De_1525_7952.fa.depth.txt,bd37278486709c906e228ab450fe15223326871fba7693bd63609771e27d2bda,258818,usable,1.0,True,0.4037113760186168,0.0
29,6128,6100,JASANK010913116.1_De,29,1000,972,5132,6128,997,25,28,agaa,6129,6132,agaa,,,,,,,,,,,,,,marmoratus,SRX19954879,GCA_031753695.1,JASANK010913116.1_De_29_6128,JASANK010913116.1_De_29_6128,LTR,Gypsy,unknown,no,+,RT|Ty3_gypsy RH|Ty3_gypsy INT|Ty3_gypsy GAG|Ty3_gypsy,True,5,6100,6100,0,0,1.0,1.0,1.0,1.0,50.80864197530864,71.19057171514544,61.12899949212798,109.66957153231662,0.5573925259123944,-0.8432344374428004,61.12899949212798,109.66957153231662,0.5573925259123944,-0.4825815562580277,input_data/ectopic_recombination/JASANK010913116.1_De_29_6128.fa.depth.txt,9ab27cfadad0fca7047d4c3888f2e6a9153f7f55916a30533649848daf56fdc7,226305,usable,1.0,True,0.5573925259123944,0.0
21,6823,6803,JASANK010959551.1_De,21,798,778,6015,6823,809,17,20,gcac,6824,6827,gcac,,,,,,,,,,,,,,marmoratus,SRX19954879,GCA_031753695.1,JASANK010959551.1_De_21_6823,JASANK010959551.1_De_21_6823,LTR,Gypsy,unknown,yes,-,GAG|Ty3_gypsy PROT|Bel-Pao RT|Ty3_gypsy RH|Ty3_gypsy INT|Ty3_gypsy,True,6,6803,6803,0,8,1.0,0.9901112484548825,0.9949590422180214,1.0,46.840616966580974,37.3584672435105,42.00693131695022,99.89455521472392,0.4205127219061748,-1.2497786474311663,42.219759341355285,99.89455521472392,0.4226432486796069,0.32246250555352857,input_data/ectopic_recombination/JASANK010959551.1_De_21_6823.fa.depth.txt,1b90aa8fcd47acebb3d7950aa474ff21b781f0a60a02d4fab5ec48f634e960d9,252507,usable,1.0,True,0.4226432486796069,0.0
2069,8134,6066,JASANK011117751.1_De,2069,2620,552,7583,8134,552,2065,2068,agtt,8135,8138,agtt,,,,,,,,,,,,,,marmoratus,SRX19954879,GCA_031753695.1,JASANK011117751.1_De_2069_8134,JASANK011117751.1_De_2069_8134,LTR,Gypsy,unknown,no,-,PROT|Ty3_gypsy RT|Ty3_gypsy RH|Ty3_gypsy INT|Ty3_gypsy GAG|Ty3_gypsy,True,6,6066,6066,0,0,1.0,1.0,1.0,1.0,4300.673913043478,4866.275362318841,4583.474637681159,7428.477226924627,0.617014025575563,-0.6966248107017646,4583.474637681159,7428.477226924627,0.617014025575563,-0.17823571892144965,input_data/ectopic_recombination/JASANK011117751.1_De_2069_8134.fa.depth.txt,86aa0c0aad07bfd199dd378062976946ec463efc032891724eecad62bcbf7651,248278,usable,1.0,True,0.617014025575563,0.0
6,6398,6393,JASANK011388950.1_De,6,504,499,5896,6398,503,2,5,ttct,6399,6402,ttct,,,,,,,,,,,,,,marmoratus,SRX19954879,GCA_031753695.1,JASANK011388950.1_De_6_6398,JASANK011388950.1_De_6_6398,LTR,Gypsy,unknown,no,-,PROT|Ty3_gypsy RT|Ty3_gypsy RH|Ty3_gypsy INT|Ty3_gypsy GAG|Ty3_gypsy,True,6,6393,6393,0,0,1.0,1.0,1.0,1.0,23.87374749498998,36.23061630218688,30.076846307385228,67.63606010016694,0.4446865512692835,-1.1691393212087424,30.076846307385228,67.63606010016694,0.4446865512692835,-0.5916550188891676,input_data/ectopic_recombination/JASANK011388950.1_De_6_6398.fa.depth.txt,dc543028ec44178e1f1e559f31421b4b43231ec64274d976b0b0ddde2cbd4d94,229572,usable,1.0,True,0.4446865512692835,0.0
797,7377,6581,JASANK011524079.1_De,797,1345,549,6834,7377,544,793,796,tctc,7378,7381,tctc,,,,,,,,,,,,,,marmoratus,SRX19954879,GCA_031753695.1,JASANK011524079.1_De_797_7377,JASANK011524079.1_De_797_7377,LTR,Gypsy,unknown,yes,+,GAG|Ty3_gypsy PROT|Ty3_gypsy RT|Ty3_gypsy RH|Ty3_gypsy INT|Ty3_gypsy,True,6,6581,6581,0,0,1.0,1.0,1.0,1.0,14.58287795992714,34.713235294117645,24.602012808783165,61.57179300291545,0.39956628853764664,-1.3234932270002406,24.602012808783165,61.57179300291545,0.39956628853764664,-1.223206048968725,input_data/ectopic_recombination/JASANK011524079.1_De_797_7377.fa.depth.txt,ef92bfc4942aea723f81668a706ac4804bf917d6f7c77b654794930b80101b79,249185,usable,1.0,True,0.3995662885376466,5.551115123125783e-17
23,6476,6454,JAUBNV010002851.1_De,23,938,916,5554,6476,923,19,22,cctc,6477,6480,cctc,,,,,,,,,,,,,,mavrokoilius,SRX20503049,GCA_032354855.1,JAUBNV010002851.1_De_23_6476,JAUBNV010002851.1_De_23_6476,LTR,Gypsy,unknown,no,-,GAG|Ty3_gypsy RT|Ty3_gypsy RH|Ty3_gypsy INT|Ty3_gypsy,True,5,6454,6454,0,0,1.0,1.0,1.0,1.0,1785.8045851528384,2040.3878656554714,1913.5807504078302,1938.0403033586133,0.9873792341116979,-0.018323791269875746,1913.5807504078302,1938.0403033586133,0.9873792341116979,-0.19221881998215504,input_data/ectopic_recombination/JAUBNV010002851.1_De_23_6476.fa.depth.txt,159073e2a4db36f69b86f688d1a43820092d40d48d501def4f8f7ad328582762,246498,usable,1.0,True,0.987379234111698,1.1102230246251565e-16
1369,7354,5986,JAUBNV010014451.1_De,1369,1652,284,7069,7354,286,1365,1368,tgct,7355,7358,tgct,,,,,,,,,,,,,,mavrokoilius,SRX20503049,GCA_032354855.1,JAUBNV010014451.1_De_1369_7354,JAUBNV010014451.1_De_1369_7354,LTR,Gypsy,unknown,yes,-,GAG|Ty3_gypsy PROT|Ty3_gypsy RT|Ty3_gypsy RH|Ty3_gypsy INT|Ty3_gypsy,True,6,5986,5986,0,0,1.0,1.0,1.0,1.0,87.16901408450704,109.31468531468532,98.28070175438596,108.43131462333825,0.9063867029168388,-0.14180139853106352,98.28070175438596,108.43131462333825,0.9063867029168388,-0.32493206739316555,input_data/ectopic_recombination/JAUBNV010014451.1_De_1369_7354.fa.depth.txt,e94238254f5d7f95f6685acf0147d61e91847c53dc4dda9d6dd7a1ef4a0ae294,236559,usable,1.0,True,0.9063867029168388,0.0
715,6198,5484,JAUBNV010026281.1_De,715,1237,523,5680,6198,519,711,714,aata,6199,6202,aata,1223.0,1230.0,aagaaggg,-,14.0,,,,,,,,,mavrokoilius,SRX20503049,GCA_032354855.1,JAUBNV010026281.1_De_715_6198,JAUBNV010026281.1_De_715_6198,LTR,Gypsy,unknown,yes,+,GAG|Ty3_gypsy PROT|Ty3_gypsy RT|Ty3_gypsy RH|Ty3_gypsy INT|Ty3_gypsy,True,6,5484,5484,0,0,1.0,1.0,1.0,1.0,27.83938814531549,72.62042389210019,50.143953934740885,88.72917604682576,0.565134898900425,-0.8233328118817419,50.143953934740885,88.72917604682576,0.565134898900425,-1.3674658235450314,input_data/ectopic_recombination/JAUBNV010026281.1_De_715_6198.fa.depth.txt,857f52b42debb210ff99fa4acd76e2ceb084603253dc19a28d91a2b570bd744b,208008,usable,1.0,True,0.565134898900425,0.0
739,6031,5293,JAUBNV010026830.1_De,739,930,192,5845,6031,187,735,738,ctcc,6032,6035,ctcc,903.0,910.0,aaaaagga,-,27.0,,,,,,,,,mavrokoilius,SRX20503049,GCA_032354855.1,JAUBNV010026830.1_De_739_6031,JAUBNV010026830.1_De_739_6031,LTR,Gypsy,unknown,no,-,GAG|Ty3_gypsy INT|Ty3_gypsy RT|Ty3_gypsy RH|Ty3_gypsy,True,5,5293,5293,0,0,1.0,1.0,1.0,1.0,45.067708333333336,25.18716577540107,35.25857519788918,41.02889702889703,0.8593595673082862,-0.21866619468505133,35.25857519788918,41.02889702889703,0.8593595673082862,0.8269640996306467,input_data/ectopic_recombination/JAUBNV010026830.1_De_739_6031.fa.depth.txt,e295f9f50da13fae85fd95f2cd7734b2369647ed577e4c3f25c85c9b22e201f8,199997,usable,1.0,True,0.8593595673082862,0.0
4328,10497,6170,JAUBNV010031030.1_De,4328,5327,1000,9506,10497,992,4324,4327,aaga,10498,10501,aaga,9498.0,9506.0,aaagaagaa,+,0.0,,,,,,,,,mavrokoilius,SRX20503049,GCA_032354855.1,JAUBNV010031030.1_De_4328_10497,JAUBNV010031030.1_De_4328_10497,LTR,Gypsy,unknown,no,+,INT|Ty3_gypsy GAG|Ty3_gypsy RT|Ty3_gypsy RH|Ty3_gypsy,True,5,6170,6170,0,0,1.0,1.0,1.0,1.0,34.153,24.472782258064516,29.332329317269075,55.89971278123504,0.5247313064391207,-0.9303492284875294,29.332329317269075,55.89971278123504,0.5247313064391207,0.4726236924084515,input_data/ectopic_recombination/JAUBNV010031030.1_De_4328_10497.fa.depth.txt,43dde11a0cd8a24ca7beec44745698149ed0c88fa4e34c7b77c2e49cb6b9c409,245984,usable,1.0,True,0.5247313064391207,0.0
7,5324,5318,JAUBNV010041072.1_De,7,262,256,5062,5324,263,3,6,tatt,5325,5328,tatt,264.0,273.0,gagagggggg,-,2.0,,,,,,,,,mavrokoilius,SRX20503049,GCA_032354855.1,JAUBNV010041072.1_De_7_5324,JAUBNV010041072.1_De_7_5324,LTR,Gypsy,unknown,no,+,GAG|Ty3_gypsy RT|Ty3_gypsy RH|Ty3_gypsy INT|Ty3_gypsy,True,5,5318,5318,0,0,1.0,1.0,1.0,1.0,55.7890625,56.69961977186312,56.2504816955684,76.86768076682642,0.73178325577691,-0.4505116897104773,56.2504816955684,76.86768076682642,0.73178325577691,-0.023150936705303445,input_data/ectopic_recombination/JAUBNV010041072.1_De_7_5324.fa.depth.txt,4aa61bd2a213a6a2413c2d50db00bf13552a9825861c94f1dfc77a777650cea5,190953,usable,1.0,True,0.73178325577691,0.0
102,5778,5677,JAUBNV010046046.1_De,102,289,188,5590,5778,189,98,101,gggc,5779,5782,gggc,269.0,278.0,aaagaaagga,-,20.0,,,,,,,,,mavrokoilius,SRX20503049,GCA_032354855.1,JAUBNV010046046.1_De_102_5778,JAUBNV010046046.1_De_102_5778,LTR,Gypsy,unknown,no,-,GAG|Ty3_gypsy RT|Ty3_gypsy RH|Ty3_gypsy INT|Ty3_gypsy,True,5,5677,5677,0,0,1.0,1.0,1.0,1.0,6189.654255319149,11170.910052910052,8686.888594164457,7308.1228301886795,1.1886620950431097,0.2493386536119276,8686.888594164457,7308.1228301886795,1.1886620950431097,-0.8517640277781483,input_data/ectopic_recombination/JAUBNV010046046.1_De_102_5778.fa.depth.txt,bd103ea35b581aef4ab6e89c8d62fc81cc6094beb759015a3194beb213d749ef,226869,usable,1.0,True,1.1886620950431095,2.220446049250313e-16
2473,8136,5664,JAUBNV010050911.1_De,2473,3111,639,7509,8136,628,2469,2472,acac,8137,8140,acac,,,,,,,,,,,,,,mavrokoilius,SRX20503049,GCA_032354855.1,JAUBNV010050911.1_De_2473_8136,JAUBNV010050911.1_De_2473_8136,LTR,Gypsy,unknown,yes,-,GAG|Ty3_gypsy PROT|Ty3_gypsy RT|Ty3_gypsy RH|Ty3_gypsy INT|Ty3_gypsy,True,6,5664,5664,0,0,1.0,1.0,1.0,1.0,62.895148669796555,59.17834394904459,61.05288082083662,80.45485558335228,0.7588464410029925,-0.3981201212585843,61.05288082083662,80.45485558335228,0.7588464410029925,0.08716494005697506,input_data/ectopic_recombination/JAUBNV010050911.1_De_2473_8136.fa.depth.txt,b9f6b23073193e0af41740188c532d01d1f6db98abb6ba7f9286560d48a6d235,220922,usable,1.0,True,0.7588464410029925,0.0
29,5822,5794,JAUBNV010059519.1_De,29,202,174,5654,5822,169,25,28,gcgc,5823,5826,gcgc,,,,,,,,,,,,,,mavrokoilius,SRX20503049,GCA_032354855.1,JAUBNV010059519.1_De_29_5822,JAUBNV010059519.1_De_29_5822,LTR,Gypsy,unknown,no,-,PROT|Ty3_gypsy RT|Ty3_gypsy RH|Ty3_gypsy INT|Ty3_gypsy,True,5,5794,5794,0,0,1.0,1.0,1.0,1.0,34.729885057471265,26.041420118343197,30.448979591836736,88.00293524124014,0.34599959090418686,-1.5311577628081652,30.448979591836736,88.00293524124014,0.34599959090418686,0.4085542026019572,input_data/ectopic_recombination/JAUBNV010059519.1_De_29_5822.fa.depth.txt,6a4694c501db9b3fc2c63938d430031ae632b0e2475991cd3678e671bce269eb,215247,usable,1.0,True,0.3459995909041868,5.551115123125783e-17
6,6369,6364,JAUBNV010061941.1_De,6,1000,995,5384,6369,986,2,5,cgta,6370,6373,cgta,5362.0,5373.0,gaagaaggaaag,+,11.0,,,,,,,,,mavrokoilius,SRX20503049,GCA_032354855.1,JAUBNV010061941.1_De_6_6369,JAUBNV010061941.1_De_6_6369,LTR,Gypsy,unknown,no,-,PROT|Ty3_gypsy RT|Ty3_gypsy RH|Ty3_gypsy INT|Ty3_gypsy GAG|Ty3_gypsy,True,6,6364,6364,0,0,1.0,1.0,1.0,1.0,28.10954773869347,24.280933062880326,26.203937405350832,46.770704996577685,0.5602638961133519,-0.8358215678313957,26.203937405350832,46.770704996577685,0.5602638961133519,0.20726618213242246,input_data/ectopic_recombination/JAUBNV010061941.1_De_6_6369.fa.depth.txt,734130f423c9f0e24f35ff601ac8a9d57e55d57bfbb40d32f61cddf73e5d3f65,228171,usable,1.0,True,0.5602638961133519,0.0
16,5800,5785,JAUBNV010063817.1_De,16,448,433,5365,5800,436,12,15,cttt,5801,5804,cttt,421.0,432.0,gggagggggaag,-,27.0,,,,,,,,,mavrokoilius,SRX20503049,GCA_032354855.1,JAUBNV010063817.1_De_16_5800,JAUBNV010063817.1_De_16_5800,LTR,Gypsy,unknown,no,-,RT|Ty3_gypsy RH|Ty3_gypsy INT|Ty3_gypsy GAG|Ty3_gypsy,True,5,5785,5785,0,0,1.0,1.0,1.0,1.0,547.5588914549653,507.19954128440367,527.3095512082854,3495.1409682668836,0.150869322867329,-2.7286286107355573,527.3095512082854,3495.1409682668836,0.150869322867329,0.1103559691823807,input_data/ectopic_recombination/JAUBNV010063817.1_De_16_5800.fa.depth.txt,d1def5b85674e777582dee2094a76b6d543ce216ecff267d746c37cef0739539,222207,usable,1.0,True,0.150869322867329,0.0
1345,7644,6300,JAUBNV010064149.1_De,1345,2167,823,6815,7644,830,1341,1344,ataa,7645,7648,ataa,,,,,,,,,,,,,,mavrokoilius,SRX20503049,GCA_032354855.1,JAUBNV010064149.1_De_1345_7644,JAUBNV010064149.1_De_1345_7644,LTR,Gypsy,unknown,no,-,INT|Ty3_gypsy GAG|Ty3_gypsy RT|Ty3_gypsy RH|Ty3_gypsy,True,5,6300,6300,0,0,1.0,1.0,1.0,1.0,1587.8347509113,1459.7421686746989,1523.5172413793102,6223.147837314396,0.24481456671239632,-2.03023869250015,1523.5172413793102,6223.147837314396,0.24481456671239632,0.12130735342953558,input_data/ectopic_recombination/JAUBNV010064149.1_De_1345_7644.fa.depth.txt,c83b2a34ae61d00fa6ef7454ff1ab13628e54f82b5612b9e13cf603a02a1def6,256693,usable,1.0,True,0.2448145667123963,2.7755575615628914e-17
990,7351,6362,JAUBNV010096181.1_De,990,1953,964,6369,7351,983,986,989,attc,7352,7355,attc,6355.0,6365.0,ggagggggagg,+,4.0,,,,,,,,,mavrokoilius,SRX20503049,GCA_032354855.1,JAUBNV010096181.1_De_990_7351,JAUBNV010096181.1_De_990_7351,LTR,Gypsy,unknown,no,+,GAG|Ty3_gypsy RT|Ty3_gypsy RH|Ty3_gypsy INT|Ty3_gypsy,True,5,6362,6362,0,0,1.0,1.0,1.0,1.0,5152.736514522821,5451.158697863682,5303.403697996919,3588.829898074745,1.4777528745070838,0.5634050269045416,5303.403697996919,3588.829898074745,1.4777528745070838,-0.08121643638672246,input_data/ectopic_recombination/JAUBNV010096181.1_De_990_7351.fa.depth.txt,4a79a996c91dcdeef5224d63652002a7ff11fc7daed9776ca395b6ea598d5bc6,252173,usable,1.0,True,1.4777528745070838,0.0
55,5136,5082,JAUBNV010104033.1_De,55,210,156,4976,5136,161,51,54,aaca,5137,5140,aaca,212.0,222.0,aaggggggaga,-,2.0,,,,,,,,,mavrokoilius,SRX20503049,GCA_032354855.1,JAUBNV010104033.1_De_55_5136,JAUBNV010104033.1_De_55_5136,LTR,Gypsy,unknown,yes,+,GAG|Ty3_gypsy PROT|Ty3_gypsy RT|Ty3_gypsy RH|Ty3_gypsy INT|Ty3_gypsy,True,6,5082,5082,0,0,1.0,1.0,1.0,1.0,13.057692307692308,30.58385093167702,21.958990536277604,67.27848898216159,0.3263894726009657,-1.6153335696591808,21.958990536277604,67.27848898216159,0.3263894726009657,-1.1970536138854155,input_data/ectopic_recombination/JAUBNV010104033.1_De_55_5136.fa.depth.txt,93f3feae8655e05018917c7122d343d878e344d271ef0a20620cf9d8782dfd4d,187630,usable,1.0,True,0.3263894726009657,0.0
1440,7122,5683,JAUBNV010113858.1_De,1440,1696,257,6865,7122,258,1436,1439,ctac,7123,7126,ctac,,,,,,,,,,,,,,mavrokoilius,SRX20503049,GCA_032354855.1,JAUBNV010113858.1_De_1440_7122,JAUBNV010113858.1_De_1440_7122,LTR,Gypsy,unknown,no,+,GAG|Ty3_gypsy RT|Ty3_gypsy RH|Ty3_gypsy INT|Ty3_gypsy,True,5,5683,5683,0,0,1.0,1.0,1.0,1.0,2315.603112840467,1354.8953488372092,1834.316504854369,4318.712074303406,0.4247369292731186,-1.2353585438592687,1834.316504854369,4318.712074303406,0.4247369292731186,0.7729857576628303,input_data/ectopic_recombination/JAUBNV010113858.1_De_1440_7122.fa.depth.txt,e86312d05ba9c3170545758a15a3e6e0657d17e8bf442e1b2636bef18ca71e2c,231174,usable,1.0,True,0.4247369292731186,0.0
1517,8157,6641,JAUBNV010249820.1_De,1517,2225,709,7448,8157,710,1513,1516,aact,8158,8161,aact,,,,,,,,,,,,,,mavrokoilius,SRX20503049,GCA_032354855.1,JAUBNV010249820.1_De_1517_8157,JAUBNV010249820.1_De_1517_8157,LTR,Gypsy,unknown,no,+,RT|Ty3_gypsy RH|Ty3_gypsy INT|Ty3_gypsy GAG|Ty3_gypsy,True,5,6641,6641,0,17,0.9760225669957687,1.0,0.9880197322057788,1.0,35.121297602256696,65.65211267605633,50.397463002114165,86.99865951742628,0.5792901095449556,-0.7876420613850715,51.008559201141225,86.99865951742628,0.5863143120144736,-0.8930471605969263,input_data/ectopic_recombination/JAUBNV010249820.1_De_1517_8157.fa.depth.txt,9c98690e063a50db09f98f4fe7ae289fba3bf5cac5b4e08dd756467ede7d745e,259001,usable,1.0,True,0.5863143120144736,0.0
1631,7287,5657,JAUBNV010430067.1_De,1631,1886,256,7033,7287,255,1627,1630,tgtg,7288,7291,tgtg,1875.0,1885.0,gagggaggagg,-,11.0,,,,,,,,,mavrokoilius,SRX20503049,GCA_032354855.1,JAUBNV010430067.1_De_1631_7287,JAUBNV010430067.1_De_1631_7287,LTR,Gypsy,unknown,no,-,PROT|Ty3_gypsy RT|Ty3_gypsy RH|Ty3_gypsy INT|Ty3_gypsy GAG|Ty3_gypsy,True,6,5657,5657,0,0,1.0,1.0,1.0,1.0,72.6328125,103.13725490196079,87.85518590998043,138.22910998834047,0.6355765867073221,-0.6538621150457841,87.85518590998043,138.22910998834047,0.6355765867073221,-0.5029519571162921,input_data/ectopic_recombination/JAUBNV010430067.1_De_1631_7287.fa.depth.txt,39b1adebfe14a3160b6c4703fb4ea23cac27fe5ba098750bc406aabe8745639a,223197,usable,1.0,True,0.6355765867073221,0.0
12,5538,5527,JAUBNV010431172.1_De,12,173,162,5372,5538,167,8,11,acac,5539,5542,acac,,,,,,,,,,,,,,mavrokoilius,SRX20503049,GCA_032354855.1,JAUBNV010431172.1_De_12_5538,JAUBNV010431172.1_De_12_5538,LTR,Gypsy,unknown,no,+,GAG|Ty3_gypsy RT|Ty3_gypsy RH|Ty3_gypsy INT|Ty3_gypsy,True,5,5527,5527,0,0,1.0,1.0,1.0,1.0,9885.895061728395,3695.502994011976,6743.659574468085,2096.0290496344746,3.2173502440932813,1.6858729978221676,6743.659574468085,2096.0290496344746,3.2173502440932813,1.419478632490203,input_data/ectopic_recombination/JAUBNV010431172.1_De_12_5538.fa.depth.txt,81c5d6485048d4c05e70e1e279d56557db114d4a083e349feb71da9a4321be57,212564,usable,1.0,True,3.2173502440932813,0.0
7,6350,6344,JAUBNV010480964.1_De,7,834,828,5510,6350,841,3,6,catg,6351,6354,catg,,,,,,,,,,,,,,mavrokoilius,SRX20503049,GCA_032354855.1,JAUBNV010480964.1_De_7_6350,JAUBNV010480964.1_De_7_6350,LTR,Gypsy,unknown,no,-,GAG|Ty3_gypsy RT|Ty3_gypsy RH|Ty3_gypsy INT|Ty3_gypsy,True,5,6344,6344,0,0,1.0,1.0,1.0,1.0,3059.590579710145,4428.794292508918,3749.524865188736,5449.474010695187,0.6880526189921972,-0.5394091952851537,3749.524865188736,5449.474010695187,0.6880526189921972,-0.53350249857908,input_data/ectopic_recombination/JAUBNV010480964.1_De_7_6350.fa.depth.txt,49ded90006091075988e6e876235fe07b4e14cc7fcd6595089adc82c41fb3813,238232,usable,1.0,True,0.6880526189921972,0.0
2243,7392,5150,JAUBNV010484287.1_De,2243,2658,416,6981,7392,412,2239,2242,attt,7393,7396,attt,,,,,,,,,,,,,,mavrokoilius,SRX20503049,GCA_032354855.1,JAUBNV010484287.1_De_2243_7392,JAUBNV010484287.1_De_2243_7392,LTR,Gypsy,unknown,no,-,PROT|Ty3_gypsy RT|Ty3_gypsy RH|Ty3_gypsy INT|Ty3_gypsy,True,5,5150,5150,0,0,1.0,1.0,1.0,1.0,10.639423076923077,11.150485436893204,10.893719806763285,21.84706154558075,0.49863547022262494,-1.003942582908004,10.893719806763285,21.84706154558075,0.49863547022262494,-0.06471555258893295,input_data/ectopic_recombination/JAUBNV010484287.1_De_2243_7392.fa.depth.txt,622167c5d4f849f0170df97cbe746901ec41f185d4d648e88bc6a4664b555906,199269,usable,1.0,True,0.4986354702226249,5.551115123125783e-17
5666,11497,5832,JAUBNV010486502.1_De,5666,5775,110,11386,11497,112,5662,5665,aagt,11498,11501,aagt,,,,,,,,,,,,,,mavrokoilius,SRX20503049,GCA_032354855.1,JAUBNV010486502.1_De_5666_11497,JAUBNV010486502.1_De_5666_11497,LTR,Gypsy,unknown,yes,+,GAG|Ty3_gypsy PROT|Ty3_gypsy RT|Ty3_gypsy RH|Ty3_gypsy INT|Ty3_gypsy,True,6,5832,5832,0,0,1.0,1.0,1.0,1.0,35.32727272727273,39.25892857142857,37.310810810810814,50.914795008912655,0.7328088192102029,-0.44849122879658027,37.310810810810814,50.914795008912655,0.7328088192102029,-0.1502206537721252,input_data/ectopic_recombination/JAUBNV010486502.1_De_5666_11497.fa.depth.txt,8b7ba13b15778a31e294d688462d2258acedc869508325aef0d60d5bc3e61aeb,232299,usable,1.0,True,0.7328088192102029,0.0
395,7117,6723,JAUBNV010597204.1_De,395,1120,726,6393,7117,725,391,394,cttt,7118,7121,cttt,1133.0,1144.0,gaagagtagaag,-,13.0,,,,,,,,,mavrokoilius,SRX20503049,GCA_032354855.1,JAUBNV010597204.1_De_395_7117,JAUBNV010597204.1_De_395_7117,LTR,Gypsy,unknown,no,-,PROT|Bel-Pao RT|Ty3_gypsy RH|Ty3_gypsy INT|Ty3_gypsy,True,5,6723,6723,0,0,1.0,1.0,1.0,1.0,10.805785123966942,43.03448275862069,26.909028256374913,54.57264795144158,0.49308635857872257,-1.0200877542021696,26.909028256374913,54.57264795144158,0.49308635857872257,-1.945097399787644,input_data/ectopic_recombination/JAUBNV010597204.1_De_395_7117.fa.depth.txt,dd3afee60185cfc75f751b926c9142b25903ec304bf42c158b6e93a2477e35f6,254222,usable,1.0,True,0.4930863585787225,5.551115123125783e-17
139,6059,5921,JAUBNV010637067.1_De,139,269,131,5928,6059,132,135,138,acgg,6060,6063,acgg,5922.0,5931.0,ggaaagggga,+,3.0,,,,,,,,,mavrokoilius,SRX20503049,GCA_032354855.1,JAUBNV010637067.1_De_139_6059,JAUBNV010637067.1_De_139_6059,LTR,Gypsy,unknown,no,-,GAG|Ty3_gypsy RT|Ty3_gypsy RH|Ty3_gypsy INT|Ty3_gypsy,True,5,5921,5921,0,0,1.0,1.0,1.0,1.0,41.17557251908397,17.992424242424242,29.539923954372625,57.55443619653588,0.5132519038758404,-0.9622610209565263,29.539923954372625,57.55443619653588,0.5132519038758404,1.1722676528669922,input_data/ectopic_recombination/JAUBNV010637067.1_De_139_6059.fa.depth.txt,19feeedd2bca01ce0c0423676829dd307e92a1a9c10ced413b6ddc5a9e4c8db0,224592,usable,1.0,True,0.5132519038758404,0.0
16,6030,6015,JAUBNV010661422.1_De,16,864,849,5164,6030,867,12,15,gact,6031,6034,gact,5145.0,5153.0,aagggaaga,+,11.0,,,,,,,,,mavrokoilius,SRX20503049,GCA_032354855.1,JAUBNV010661422.1_De_16_6030,JAUBNV010661422.1_De_16_6030,LTR,Gypsy,unknown,no,-,GAG|Ty3_gypsy RT|Ty3_gypsy RH|Ty3_gypsy INT|Ty3_gypsy,True,5,6015,6015,0,0,1.0,1.0,1.0,1.0,37.71024734982332,31.12226066897347,34.38170163170163,78.02698301930681,0.44063861373692104,-1.1823321690591446,34.38170163170163,78.02698301930681,0.44063861373692104,0.2730190874952356,input_data/ectopic_recombination/JAUBNV010661422.1_De_16_6030.fa.depth.txt,0defbdfe6cc47c1172fdc2b5b00c790a459fe0c3f11f46291b28e8a1c910b291,221860,usable,1.0,True,0.440638613736921,5.551115123125783e-17
929,6920,5992,JAUBNV010689106.1_De,929,1366,438,6483,6920,438,925,928,gtta,6921,6924,gtta,6470.0,6480.0,ggggggggagg,+,3.0,,,,,,,,,mavrokoilius,SRX20503049,GCA_032354855.1,JAUBNV010689106.1_De_929_6920,JAUBNV010689106.1_De_929_6920,LTR,Gypsy,unknown,no,+,GAG|Ty3_gypsy RT|Ty3_gypsy RH|Ty3_gypsy INT|Ty3_gypsy,True,5,5992,5992,0,0,1.0,1.0,1.0,1.0,2932.365296803653,3459.51598173516,3195.9406392694063,4495.265441751369,0.710957045959061,-0.4921656960185168,3195.9406392694063,4495.265441751369,0.710957045959061,-0.23846789039313293,input_data/ectopic_recombination/JAUBNV010689106.1_De_929_6920.fa.depth.txt,4258bb4d941e1bf761a9003b71430ea60c9be159b297be430c8d465251441987,238278,usable,1.0,True,0.710957045959061,0.0
636,6770,6135,JAUBNV010740999.1_De,636,896,261,6503,6770,268,632,635,ttag,6771,6774,ttag,,,,,,,,,,,,,,mavrokoilius,SRX20503049,GCA_032354855.1,JAUBNV010740999.1_De_636_6770,JAUBNV010740999.1_De_636_6770,LTR,Copia,unknown,no,+,PROT|Ty1_copia INT|Ty1_copia RT|Ty1_copia RH|Ty1_copia GAG|Ty1_copia,True,6,6135,6135,0,0,1.0,1.0,1.0,1.0,63.68199233716475,81.1268656716418,72.51984877126654,185.42829111666072,0.39109376640720517,-1.3544135535623036,72.51984877126654,185.42829111666072,0.39109376640720517,-0.3468754869662929,input_data/ectopic_recombination/JAUBNV010740999.1_De_636_6770.fa.depth.txt,d8f07be4580e7689fd31812a54a016bca2a46e75c262ce148a334b9c7f86a8eb,237344,usable,1.0,True,0.3910937664072051,5.551115123125783e-17
6,5301,5296,JAUBNV010760341.1_De,6,173,168,5136,5301,166,2,5,gaaa,5302,5305,gaaa,167.0,179.0,aaggaaaaggaaa,-,6.0,,,,,,,,,mavrokoilius,SRX20503049,GCA_032354855.1,JAUBNV010760341.1_De_6_5301,JAUBNV010760341.1_De_6_5301,LTR,Gypsy,unknown,no,-,GAG|Ty3_gypsy RT|Ty3_gypsy RH|Ty3_gypsy INT|Ty3_gypsy,True,5,5296,5296,0,0,1.0,1.0,1.0,1.0,127.36309523809524,97.63855421686748,112.58982035928143,102.0665054413543,1.1031025297909671,0.14156689097141115,112.58982035928143,102.0665054413543,1.1031025297909671,0.38170800052501996,input_data/ectopic_recombination/JAUBNV010760341.1_De_6_5301.fa.depth.txt,2f15c4043531d8c38825bb928d89643640f9df1500d69c29200466554f830963,191895,usable,1.0,True,1.1031025297909671,0.0
5,5636,5632,JASANL010110956.1_De,5,402,398,5241,5636,396,1,4,atca,5637,5640,atca,,,,,,,,,,,,,,monticola,SRX19955091,GCA_031753675.1,JASANL010110956.1_De_5_5636,JASANL010110956.1_De_5_5636,LTR,Gypsy,unknown,no,+,RT|Ty3_gypsy RH|Ty3_gypsy INT|Ty3_gypsy GAG|Ty3_gypsy,True,5,5632,5632,0,0,1.0,1.0,1.0,1.0,32.947236180904525,48.42929292929293,40.668765743073045,62.91463414634146,0.6464118610063946,-0.629474424554288,40.668765743073045,62.91463414634146,0.6464118610063946,-0.5488114320172757,input_data/ectopic_recombination/JASANL010110956.1_De_5_5636.fa.depth.txt,6b7b83bdf3f641b0f6f8510f032048032e157d29721ac15872754c0a382d1aad,202207,usable,1.0,True,0.6464118610063946,0.0
5,6459,6455,JASANL010139753.1_De,5,822,818,5651,6459,809,1,4,gaag,6460,6463,gaag,829.0,837.0,gaaaaggag,-,7.0,,,,,,,,,monticola,SRX19955091,GCA_031753675.1,JASANL010139753.1_De_5_6459,JASANL010139753.1_De_5_6459,LTR,Gypsy,unknown,no,+,INT|Ty3_gypsy GAG|Ty3_gypsy RT|Ty3_gypsy RH|Ty3_gypsy,True,5,6455,6455,0,0,1.0,1.0,1.0,1.0,60.414425427872864,76.55253399258343,68.43884449907806,67.16425020712511,1.0189772727012105,0.02712187395032916,68.43884449907806,67.16425020712511,1.0189772727012105,-0.3390584828913652,input_data/ectopic_recombination/JASANL010139753.1_De_5_6459.fa.depth.txt,69f49a82bca5108198767722452cfe3789602ff70474d771fea8fd8620eaec91,232371,usable,1.0,True,1.0189772727012103,2.220446049250313e-16
444,6566,6123,JASANL010141970.1_De,444,1441,998,5571,6566,996,440,443,aaga,6567,6570,aaga,,,,,,,,,,,,,,monticola,SRX19955091,GCA_031753675.1,JASANL010141970.1_De_444_6566,JASANL010141970.1_De_444_6566,LTR,Gypsy,unknown,no,+,RT|Ty3_gypsy RH|Ty3_gypsy INT|Ty3_gypsy GAG|Ty3_gypsy,True,5,6123,6123,0,0,1.0,1.0,1.0,1.0,69.1372745490982,65.49799196787149,67.31945837512538,114.15475902155485,0.589720997636323,-0.7618955311387992,67.31945837512538,114.15475902155485,0.589720997636323,0.07743760996216124,input_data/ectopic_recombination/JASANL010141970.1_De_444_6566.fa.depth.txt,b21344caa1ac2fa17ce87e0f17bf8f4d7087c309a0c9d83581ecdcd90528c31b,233704,usable,1.0,True,0.589720997636323,0.0
9,6002,5994,JASANL010321685.1_De,9,648,640,5369,6002,634,5,8,acag,6003,6006,acag,,,,,,,,,,,,,,monticola,SRX19955091,GCA_031753675.1,JASANL010321685.1_De_9_6002,JASANL010321685.1_De_9_6002,LTR,Gypsy,unknown,yes,-,GAG|Ty3_gypsy PROT|Ty3_gypsy RT|Ty3_gypsy RH|Ty3_gypsy INT|Ty3_gypsy,True,6,5994,5994,0,0,1.0,1.0,1.0,1.0,73.2859375,78.73186119873817,75.99607535321822,91.50233050847457,0.8305370467715002,-0.2678835726943177,75.99607535321822,91.50233050847457,0.8305370467715002,-0.10273480599088491,input_data/ectopic_recombination/JASANL010321685.1_De_9_6002.fa.depth.txt,89308e394b1e61c458e1cd03f690a408c429029dd3130a04c54e19daa2e4d785,215921,usable,1.0,True,0.8305370467715002,0.0
895,6248,5354,JASANL010326219.1_De,895,1182,288,5969,6248,280,891,894,aaat,6249,6252,aaat,5938.0,5945.0,cagaaaaa,+,24.0,,,,,,,,,monticola,SRX19955091,GCA_031753675.1,JASANL010326219.1_De_895_6248,JASANL010326219.1_De_895_6248,LTR,Gypsy,unknown,no,+,GAG|Ty3_gypsy RT|Ty3_gypsy RH|Ty3_gypsy INT|Ty3_gypsy,True,5,5354,5354,0,4,0.9861111111111112,1.0,0.9929577464788732,1.0,21.229166666666668,15.382142857142858,18.346830985915492,43.2944003343084,0.42376914437539054,-1.238649549360381,18.47695035460993,43.2944003343084,0.4267745993000387,0.45222726939206775,input_data/ectopic_recombination/JASANL010326219.1_De_895_6248.fa.depth.txt,89df91bad2bea080719589a950ec6cb0e0d0099a4bbc6857cc8133d4a2f6c6b7,202370,usable,1.0,True,0.4267745993000387,0.0
4251,9542,5292,JASANL010363239.1_De,4251,4410,160,9387,9542,156,4247,4250,ccaa,9543,9546,ccaa,,,,,,,,,,,,,,monticola,SRX19955091,GCA_031753675.1,JASANL010363239.1_De_4251_9542,JASANL010363239.1_De_4251_9542,LTR,Gypsy,unknown,yes,-,GAG|Ty3_gypsy PROT|Ty3_gypsy RT|Ty3_gypsy RH|Ty3_gypsy INT|Ty3_gypsy,True,6,5292,5292,0,0,1.0,1.0,1.0,1.0,437.3625,138.78205128205127,289.9620253164557,1030.5239147909967,0.28137340740439165,-1.8294421089521826,289.9620253164557,1030.5239147909967,0.28137340740439165,1.6524685422744594,input_data/ectopic_recombination/JASANL010363239.1_De_4251_9542.fa.depth.txt,0f4da6114a57ef29240db7bff5b7910f75a7d1bced6907b3b85425153199b26e,212124,usable,1.0,True,0.2813734074043916,5.551115123125783e-17
953,5860,4908,JASANL010376720.1_De,953,1132,180,5699,5860,162,949,952,gata,5861,5864,gata,5680.0,5691.0,gatgagagggga,+,8.0,,,,,,,,,monticola,SRX19955091,GCA_031753675.1,JASANL010376720.1_De_953_5860,JASANL010376720.1_De_953_5860,LTR,Gypsy,unknown,no,+,INT|Ty3_gypsy GAG|Ty3_gypsy PROT|Ty3_gypsy RT|Ty3_gypsy RH|Ty3_gypsy,True,6,4908,4908,0,0,1.0,1.0,1.0,1.0,46.11666666666667,63.364197530864196,54.28654970760234,52.247700394218136,1.0390227569443387,0.055227252866956685,54.28654970760234,52.247700394218136,1.0390227569443387,-0.454161530451457,input_data/ectopic_recombination/JASANL010376720.1_De_953_5860.fa.depth.txt,c4d907f6d3fbe032979c2725c2661bfed4fae335c9184fc870d238bd18c9031d,185103,usable,1.0,True,1.0390227569443389,2.220446049250313e-16
574,5838,5265,JASANL010380803.1_De,574,772,199,5642,5838,197,570,573,cttc,5839,5842,cttc,,,,,,,,,,,,,,monticola,SRX19955091,GCA_031753675.1,JASANL010380803.1_De_574_5838,JASANL010380803.1_De_574_5838,LTR,Gypsy,unknown,no,+,GAG|Ty3_gypsy RT|Ty3_gypsy RH|Ty3_gypsy INT|Ty3_gypsy,True,5,5265,5265,0,0,1.0,1.0,1.0,1.0,97.82914572864321,87.79187817258884,92.83585858585859,95.1762168823167,0.9754102613749409,-0.035918945194666395,92.83585858585859,95.1762168823167,0.9754102613749409,0.1553383762066223,input_data/ectopic_recombination/JASANL010380803.1_De_574_5838.fa.depth.txt,6402eea20ed4da742983796521616fd40ea7a5cecf2b7da65711bff503881cde,200805,usable,1.0,True,0.9754102613749408,1.1102230246251565e-16
25,5465,5441,JASANL010387535.1_De,25,602,578,4850,5465,616,21,24,atcc,5466,5469,atcc,,,,,,,,,,,,,,monticola,SRX19955091,GCA_031753675.1,JASANL010387535.1_De_25_5465,JASANL010387535.1_De_25_5465,LTR,Gypsy,unknown,yes,-,GAG|Ty3_gypsy PROT|Ty3_gypsy RT|Ty3_gypsy RH|Ty3_gypsy INT|Ty3_gypsy,True,6,5441,5441,0,17,1.0,0.9724025974025974,0.9857621440536013,1.0,26.69031141868512,25.217532467532468,25.930485762144052,38.71085472097951,0.6698505096063124,-0.5780889293367302,26.30501274426508,38.71085472097951,0.6795254957263697,0.0803404487201136,input_data/ectopic_recombination/JASANL010387535.1_De_25_5465.fa.depth.txt,0c4486e67eb1a87094485f1042b0fd2e35009532e69e0d0be2ddfa5bf7d1bfe9,199643,usable,1.0,True,0.6795254957263697,0.0
175,5814,5640,JASANL010394161.1_De,175,513,339,5477,5814,338,171,174,gtgt,5815,5818,gtgt,,,,,,,,,,,,,,monticola,SRX19955091,GCA_031753675.1,JASANL010394161.1_De_175_5814,JASANL010394161.1_De_175_5814,LTR,Gypsy,unknown,yes,+,GAG|Ty3_gypsy PROT|Ty3_gypsy RT|Ty3_gypsy RH|Ty3_gypsy INT|Ty3_gypsy,True,6,5640,5640,0,0,1.0,1.0,1.0,1.0,35.69616519174041,121.27514792899409,78.42245199409157,170.70360668950232,0.4594071180741741,-1.1221548848176826,78.42245199409157,170.70360668950232,0.4594071180741741,-1.7503109717540528,input_data/ectopic_recombination/JASANL010394161.1_De_175_5814.fa.depth.txt,a95dffa280a7c28d65bd8b5de340c7a89188dfe09e03cda2349ab72c36aa98b0,217823,usable,1.0,True,0.4594071180741741,0.0
668,6772,6105,JASANL010396370.1_De,668,1496,829,5931,6772,842,664,667,gttg,6773,6776,gttg,,,,,,,,,,,,,,monticola,SRX19955091,GCA_031753675.1,JASANL010396370.1_De_668_6772,JASANL010396370.1_De_668_6772,LTR,Gypsy,unknown,no,-,GAG|Ty3_gypsy RT|Ty3_gypsy RH|Ty3_gypsy INT|Ty3_gypsy,True,5,6105,6105,0,0,1.0,1.0,1.0,1.0,747.254523522316,2518.5593824228026,1639.7971274685817,1329.810103743798,1.2331062328764695,0.3022970941787722,1639.7971274685817,1329.810103743798,1.2331062328764695,-1.75224849345616,input_data/ectopic_recombination/JASANL010396370.1_De_668_6772.fa.depth.txt,301d38ca6903ab22aad02651a50153946aab21bb673b248b0edb9ad779dd3706,239296,usable,1.0,True,1.2331062328764697,2.220446049250313e-16
22,5514,5493,JASANL010427851.1_De,22,693,672,4824,5514,691,18,21,cagg,5515,5518,cagg,,,,,,,,,,,,,,monticola,SRX19955091,GCA_031753675.1,JASANL010427851.1_De_22_5514,JASANL010427851.1_De_22_5514,LTR,Gypsy,unknown,no,-,RT|Ty3_gypsy RH|Ty3_gypsy INT|Ty3_gypsy GAG|Ty3_gypsy PROT|Ty3_gypsy,True,6,5493,5493,0,0,1.0,1.0,1.0,1.0,126.12797619047619,129.16208393632417,127.66617754952311,150.9641646489104,0.8456720695698199,-0.2418297640745043,127.66617754952311,150.9641646489104,0.8456720695698199,-0.03416048760157959,input_data/ectopic_recombination/JASANL010427851.1_De_22_5514.fa.depth.txt,eb01ba8c22351a6abd1f9d7df7593783392d4b1de281833b88c005f12cc0e5bf,206808,usable,1.0,True,0.8456720695698199,0.0
95,5475,5381,JASANL010447742.1_De,95,328,234,5265,5475,211,91,94,agcc,5476,5479,agcc,5252.0,5262.0,aaggaaggaga,+,3.0,,,,,,,,,monticola,SRX19955091,GCA_031753675.1,JASANL010447742.1_De_95_5475,JASANL010447742.1_De_95_5475,LTR,Gypsy,unknown,yes,+,GAG|Ty3_gypsy PROT|Ty3_gypsy RT|Ty3_gypsy RH|Ty3_gypsy INT|Ty3_gypsy,True,6,5381,5381,0,0,1.0,1.0,1.0,1.0,79.38034188034187,224.92890995260663,148.3932584269663,221.7688411669368,0.6691348416942986,-0.5796311279050739,148.3932584269663,221.7688411669368,0.6691348416942986,-1.496760132154853,input_data/ectopic_recombination/JASANL010447742.1_De_95_5475.fa.depth.txt,cdc3f82da43295eff684a7befa7a3258d5f95f18db99950b57afb1f24ff312cd,202162,usable,1.0,True,0.6691348416942986,0.0
1030,5192,4163,JASANL010466091.1_De,1030,1226,197,4987,5192,206,1026,1029,attc,5193,5196,attc,,,,,,,,,,,,,,monticola,SRX19955091,GCA_031753675.1,JASANL010466091.1_De_1030_5192,JASANL010466091.1_De_1030_5192,LTR,Gypsy,unknown,no,-,PROT|Bel-Pao RT|Ty3_gypsy RH|Ty3_gypsy INT|Ty3_gypsy,True,5,4163,4163,0,0,1.0,1.0,1.0,1.0,26.685279187817258,18.276699029126213,22.387096774193548,43.23031914893617,0.5178563844755807,-0.9493760397021258,22.387096774193548,43.23031914893617,0.5178563844755807,0.5338821870185595,input_data/ectopic_recombination/JASANL010466091.1_De_1030_5192.fa.depth.txt,6d784d77f340e79062d7e4dcc05db6c30df27cbd6325a03b3c14c149d496f7a0,161239,usable,1.0,True,0.5178563844755807,0.0
9,5357,5349,JASANL010468963.1_De,9,290,282,5083,5357,275,5,8,ccat,5358,5361,ccat,307.0,315.0,ggggggaaa,-,17.0,,,,,,,,,monticola,SRX19955091,GCA_031753675.1,JASANL010468963.1_De_9_5357,JASANL010468963.1_De_9_5357,LTR,Gypsy,unknown,no,+,RT|Ty3_gypsy RH|Ty3_gypsy INT|Ty3_gypsy GAG|Ty3_gypsy,True,5,5349,5349,0,0,1.0,1.0,1.0,1.0,34.36879432624114,53.92363636363636,44.02333931777379,103.69678631051752,0.4245390902081282,-1.2360306962256877,44.02333931777379,103.69678631051752,0.4245390902081282,-0.6422968744884826,input_data/ectopic_recombination/JASANL010468963.1_De_9_5357.fa.depth.txt,212cc40533edea99e815ef5726aa60ba4dde072ba08818963365f5d3ff3d540e,193231,usable,1.0,True,0.4245390902081282,0.0
7,5787,5781,JASANL010480346.1_De,7,547,541,5237,5787,551,3,6,aaca,5788,5791,aaca,540.0,550.0,gaagaggaaaa,-,7.0,,,,,,,,,monticola,SRX19955091,GCA_031753675.1,JASANL010480346.1_De_7_5787,JASANL010480346.1_De_7_5787,LTR,Gypsy,unknown,no,+,INT|Ty3_gypsy GAG|Ty3_gypsy RT|Ty3_gypsy RH|Ty3_gypsy,True,5,5781,5781,0,0,1.0,1.0,1.0,1.0,34.99630314232902,51.11252268602541,43.12820512820513,163.1198549797398,0.2643958035247263,-1.9192288162343165,43.12820512820513,163.1198549797398,0.2643958035247263,-0.5400523684334074,input_data/ectopic_recombination/JASANL010480346.1_De_7_5787.fa.depth.txt,add8b1db5eed326cefbcd86fb84b0a13664e17524bfee0921d38a3096043038c,210487,usable,1.0,True,0.2643958035247263,0.0
25,6060,6036,JASANL010549986.1_De,25,644,620,5438,6060,623,21,24,ggag,6061,6064,ggag,636.0,645.0,ggaggaggag,-,8.0,,,,,,,,,monticola,SRX19955091,GCA_031753675.1,JASANL010549986.1_De_25_6060,JASANL010549986.1_De_25_6060,LTR,Gypsy,unknown,no,+,INT|Ty3_gypsy GAG|Ty3_gypsy PROT|Ty3_gypsy RT|Ty3_gypsy RH|Ty3_gypsy,True,6,6036,6036,0,0,1.0,1.0,1.0,1.0,17.13225806451613,29.341894060995184,23.25181013676589,38.20175255581056,0.608658204955292,-0.7162957919497784,23.25181013676589,38.20175255581056,0.608658204955292,-0.759121861797418,input_data/ectopic_recombination/JASANL010549986.1_De_25_6060.fa.depth.txt,93e6c212f9b6c1faacf746d4e094463e46d9b6bfb26a21712291501c4cbfc334,222090,usable,1.0,True,0.608658204955292,0.0
1819,7852,6034,JASANL010662835.1_De,1819,2404,586,7286,7852,567,1815,1818,gcgt,7853,7856,gcgt,7277.0,7286.0,ggaggggggg,+,0.0,,,,,,,,,monticola,SRX19955091,GCA_031753675.1,JASANL010662835.1_De_1819_7852,JASANL010662835.1_De_1819_7852,LTR,Gypsy,unknown,no,+,GAG|Ty3_gypsy RT|Ty3_gypsy RH|Ty3_gypsy INT|Ty3_gypsy,True,5,6034,6034,0,2,1.0,0.9964726631393298,0.9982653946227233,1.0,3094.7576791808874,1192.2010582010582,2159.155247181266,4212.021511985249,0.5126173361264703,-0.9640458251522048,2162.9070373588183,4212.021511985249,0.5135080699859429,1.3758270309462357,input_data/ectopic_recombination/JASANL010662835.1_De_1819_7852.fa.depth.txt,34cdf72de43b04d74bb409f92270ea36346c83a71c7bf1cf48dbe939ecfb1059,243330,usable,1.0,True,0.5135080699859429,0.0
1316,7281,5966,JASANL010724800.1_De,1316,2069,754,6526,7281,756,1312,1315,atat,7282,7285,atat,,,,,,,,,,,,,,monticola,SRX19955091,GCA_031753675.1,JASANL010724800.1_De_1316_7281,JASANL010724800.1_De_1316_7281,LTR,Gypsy,unknown,no,+,RH|Ty3_gypsy INT|Ty3_gypsy GAG|Ty3_gypsy RT|Ty3_gypsy,True,5,5966,5966,0,100,1.0,1.0,1.0,0.9775583482944344,68.91511936339522,69.2420634920635,69.07880794701987,91.29151705565529,0.7566837552377009,-0.4022376217270329,69.07880794701987,93.38728191000918,0.7397025219513971,-0.006779118853767452,input_data/ectopic_recombination/JASANL010724800.1_De_1316_7281.fa.depth.txt,673dd5719dc9ecc6506bed33b192497568169779269e41133e4fca78043365cf,233233,usable,1.0,True,0.7397025219513971,0.0
1028,6810,5783,JASANL010947253.1_De,1028,1333,306,6511,6810,300,1024,1027,aagg,6811,6814,aagg,,,,,,,,,,,,,,monticola,SRX19955091,GCA_031753675.1,JASANL010947253.1_De_1028_6810,JASANL010947253.1_De_1028_6810,LTR,Gypsy,unknown,yes,-,GAG|Ty3_gypsy PROT|Ty3_gypsy RT|Ty3_gypsy RH|Ty3_gypsy INT|Ty3_gypsy,True,6,5783,5783,0,0,1.0,1.0,1.0,1.0,14.333333333333334,14.77,14.549504950495049,34.790612323739616,0.4182020372365534,-1.2577280049734667,14.549504950495049,34.790612323739616,0.4182020372365534,-0.04185722677688513,input_data/ectopic_recombination/JASANL010947253.1_De_1028_6810.fa.depth.txt,c31b53d8d07d1028acc110beb3e01b919635b87654ae8e141c9d1994f35eeccd,224155,usable,1.0,True,0.4182020372365534,0.0
967,7170,6204,JASANL010966071.1_De,967,1391,425,6768,7170,403,963,966,gcac,7171,7174,gcac,1395.0,1404.0,gggaggagga,-,4.0,,,,,,,,,monticola,SRX19955091,GCA_031753675.1,JASANL010966071.1_De_967_7170,JASANL010966071.1_De_967_7170,LTR,Gypsy,unknown,no,+,GAG|Ty3_gypsy RT|Ty3_gypsy RH|Ty3_gypsy INT|Ty3_gypsy,True,5,6204,6204,0,0,1.0,1.0,1.0,1.0,88.62117647058824,30.464019851116625,60.31521739130435,99.71168154761905,0.6048962012790825,-0.7252404942316066,60.31521739130435,99.71168154761905,0.6048962012790825,1.5251754984620285,input_data/ectopic_recombination/JASANL010966071.1_De_967_7170.fa.depth.txt,689289c29ed7fbc291a516e89532e5cc89735e07e7a3fa75dcb98b18bfa188de,236827,usable,1.0,True,0.6048962012790825,0.0
387,6755,6369,JASANL010973812.1_De,387,741,355,6398,6755,358,381,386,ttaacc,6756,6761,ttaacc,,,,,,,,,,,,,,monticola,SRX19955091,GCA_031753675.1,JASANL010973812.1_De_387_6755,JASANL010973812.1_De_387_6755,LTR,Gypsy,unknown,yes,+,GAG|Ty3_gypsy PROT|Ty3_gypsy RT|Ty3_gypsy RH|Ty3_gypsy INT|Ty3_gypsy,True,6,6369,6369,0,0,1.0,1.0,1.0,1.0,81.8112676056338,51.17039106145251,66.42636746143057,96.33857850070721,0.6895095245872135,-0.5363576142433463,66.42636746143057,96.33857850070721,0.6895095245872135,0.671752132296987,input_data/ectopic_recombination/JASANL010973812.1_De_387_6755.fa.depth.txt,57aabba64a56b7d722cf9e4ed606a08f64ecad81609e0c7d9af61aae583fc37e,243019,usable,1.0,True,0.6895095245872135,0.0
58,6390,6333,JASANL011022535.1_De,58,352,295,6085,6390,306,54,57,gtga,6391,6394,gtga,,,,,,,,,,,,,,monticola,SRX19955091,GCA_031753675.1,JASANL011022535.1_De_58_6390,JASANL011022535.1_De_58_6390,LTR,Gypsy,unknown,yes,-,GAG|Ty3_gypsy PROT|Bel-Pao RT|Ty3_gypsy RH|Ty3_gypsy INT|Ty3_gypsy,True,6,6333,6333,0,0,1.0,1.0,1.0,1.0,18.396610169491524,18.970588235294116,18.68885191347754,52.418702023726446,0.35653023047038335,-1.4879036858180616,18.68885191347754,52.418702023726446,0.35653023047038335,-0.04316901560339341,input_data/ectopic_recombination/JASANL011022535.1_De_58_6390.fa.depth.txt,1814c6c09291e1921e598b5ff6204a1edfb1594113b88525b261135fe57399fa,233427,usable,1.0,True,0.3565302304703833,5.551115123125783e-17
332,6992,6661,JASANL011075703.1_De,332,763,432,6556,6992,437,328,331,ggat,6993,6996,ggat,777.0,794.0,aagtgaaggaagcgaaga,-,14.0,,,,,,,,,monticola,SRX19955091,GCA_031753675.1,JASANL011075703.1_De_332_6992,JASANL011075703.1_De_332_6992,LTR,Gypsy,unknown,no,+,RH|Ty3_gypsy INT|Ty3_gypsy GAG|Ty3_gypsy PROT|Ty3_gypsy RT|Ty3_gypsy,True,6,6661,6661,0,0,1.0,1.0,1.0,1.0,84.34953703703704,105.09610983981693,94.7825086306099,55.91194751381215,1.6952102876973727,0.76146424811115,94.7825086306099,55.91194751381215,1.6952102876973727,-0.31557799364519024,input_data/ectopic_recombination/JASANL011075703.1_De_332_6992.fa.depth.txt,f41563d3383c08787bfc5ac403346469fc712fb5e8a8596a2e9bbcd3c5f41950,252780,usable,1.0,True,1.6952102876973727,0.0
19,5708,5690,JASBQK010084442.1_De,19,317,299,5409,5708,300,15,18,aaac,5709,5712,aaac,331.0,340.0,aagagaacag,-,14.0,,,,,,,,,ocoee,SRX19952863,GCA_030264995.1,JASBQK010084442.1_De_19_5708,JASBQK010084442.1_De_19_5708,LTR,Gypsy,unknown,no,-,GAG|Ty3_gypsy RT|Ty3_gypsy RH|Ty3_gypsy INT|Ty3_gypsy,True,5,5690,5690,0,0,1.0,1.0,1.0,1.0,302.5953177257525,2809.6133333333332,1558.1969949916527,1166.2636024356707,1.3360590107909163,0.4179837298892725,1558.1969949916527,1166.2636024356707,1.3360590107909163,-3.212784845882419,input_data/ectopic_recombination/JASBQK010084442.1_De_19_5708.fa.depth.txt,3cfcb8de5524d77a6a45ccb18da2de3d97ba1293f9fdd7fb6f669608b206e367,216152,usable,1.0,True,1.3360590107909165,2.220446049250313e-16
4247,10033,5787,JASBQK010122219.1_De,4247,4921,675,9367,10033,667,4243,4246,gggc,10034,10037,gggc,,,,,,,,,,,,,,ocoee,SRX19952863,GCA_030264995.1,JASBQK010122219.1_De_4247_10033,JASBQK010122219.1_De_4247_10033,LTR,Gypsy,unknown,no,+,GAG|Ty3_gypsy RT|Ty3_gypsy RH|Ty3_gypsy INT|Ty3_gypsy,True,5,5787,5787,0,0,1.0,1.0,1.0,1.0,47.001481481481484,29.449775112443778,38.2779433681073,107.98987626546682,0.3544586278996218,-1.4963108476968654,38.2779433681073,107.98987626546682,0.3544586278996218,0.6654273389652419,input_data/ectopic_recombination/JASBQK010122219.1_De_4247_10033.fa.depth.txt,eb7fd06ad855b36ead128e619f8f2a417b44342418e2873c2f9654dc1040266d,232288,usable,1.0,True,0.3544586278996218,0.0
3364,10023,6660,JASBQK010133370.1_De,3364,3978,615,9417,10023,607,3360,3363,ttca,10024,10027,ttca,,,,,,,,,,,,,,ocoee,SRX19952863,GCA_030264995.1,JASBQK010133370.1_De_3364_10023,JASBQK010133370.1_De_3364_10023,LTR,Gypsy,unknown,no,+,RT|Ty3_gypsy RH|Ty3_gypsy INT|Ty3_gypsy PROT|Bel-Pao,True,5,6660,6660,0,0,1.0,1.0,1.0,1.0,80.64227642276423,69.93904448105437,75.32569558101473,76.98951820522251,0.9783889721225075,-0.031519952217722316,75.32569558101473,76.98951820522251,0.9783889721225075,0.2040784386270661,input_data/ectopic_recombination/JASBQK010133370.1_De_3364_10023.fa.depth.txt,45e71b54f13b9ede7b590ac6204ea1fa3c3d02267776bf06a3c817b5313e2fdb,266682,usable,1.0,True,0.9783889721225076,1.1102230246251565e-16
193,6700,6508,JASBQK010136702.1_De,193,893,701,6015,6700,686,189,192,gctc,6701,6704,gctc,866.0,873.0,ggagatgg,-,27.0,,,,,,,,,ocoee,SRX19952863,GCA_030264995.1,JASBQK010136702.1_De_193_6700,JASBQK010136702.1_De_193_6700,LTR,Gypsy,unknown,no,+,GAG|Ty3_gypsy RT|Ty3_gypsy RH|Ty3_gypsy INT|Ty3_gypsy,True,5,6508,6508,0,1,0.9985734664764622,1.0,0.9992790194664743,1.0,82.68616262482168,23.11807580174927,53.22422494592646,65.1120874829135,0.8174246442320466,-0.290842355596076,53.26262626262626,65.1120874829135,0.8180144167026325,1.816452136050213,input_data/ectopic_recombination/JASBQK010136702.1_De_193_6700.fa.depth.txt,df17ce716f75749a2c814251817195deac33f9d4790613e576c52eb4c8b15e46,247439,usable,1.0,True,0.8180144167026325,0.0
1133,6563,5431,JASBQK010136925.1_De,1133,1246,114,6463,6563,101,1129,1132,cacc,6564,6567,cacc,6449.0,6459.0,aaaggggggga,+,4.0,,,,,,,,,ocoee,SRX19952863,GCA_030264995.1,JASBQK010136925.1_De_1133_6563,JASBQK010136925.1_De_1133_6563,LTR,Gypsy,unknown,no,+,GAG|Ty3_gypsy RT|Ty3_gypsy RH|Ty3_gypsy INT|Ty3_gypsy,True,5,5431,5431,0,30,1.0,0.7029702970297029,0.8604651162790697,1.0,10.552631578947368,2.910891089108911,6.962790697674419,32.77147239263804,0.21246499437842095,-2.234702931739632,8.091891891891892,32.77147239263804,0.24691877725059735,1.6961693142700407,input_data/ectopic_recombination/JASBQK010136925.1_De_1133_6563.fa.depth.txt,b0a6f2859b4077e75614a42950251c4ebd059d0453270a8aba9f22f2e358fb35,210632,usable,1.0,False,0.2469187772505973,5.551115123125783e-17
535,6391,5857,JASBQK010147252.1_De,535,915,381,6011,6391,381,531,534,gttg,6392,6395,gttg,919.0,929.0,ggagggggagg,-,4.0,,,,,,,,,ocoee,SRX19952863,GCA_030264995.1,JASBQK010147252.1_De_535_6391,JASBQK010147252.1_De_535_6391,LTR,Gypsy,unknown,no,+,GAG|Ty3_gypsy RT|Ty3_gypsy RH|Ty3_gypsy INT|Ty3_gypsy,True,5,5857,5857,0,0,1.0,1.0,1.0,1.0,3372.1942257217847,4513.997375328084,3943.0958005249345,3003.7242394504415,1.3127356195808306,0.3925763916874388,3943.0958005249345,3003.7242394504415,1.3127356195808306,-0.4206638461388681,input_data/ectopic_recombination/JASBQK010147252.1_De_535_6391.fa.depth.txt,4ab141ea881774584171407fd397e6ed8b157ed2b284c9baf963308d5ca2de47,230471,usable,1.0,True,1.3127356195808306,0.0
14,6315,6302,JASBQK010160137.1_De,14,844,831,5501,6315,815,10,13,gtcc,6316,6319,gtcc,840.0,854.0,agggaaggataggag,-,4.0,,,,,,,,,ocoee,SRX19952863,GCA_030264995.1,JASBQK010160137.1_De_14_6315,JASBQK010160137.1_De_14_6315,LTR,Gypsy,unknown,no,-,RH|Ty3_gypsy INT|Ty3_gypsy GAG|Ty3_gypsy RT|Ty3_gypsy,True,5,6302,6302,0,0,1.0,1.0,1.0,1.0,54.851985559566785,44.191411042944786,49.57351154313487,66.07817869415807,0.7502251503114996,-0.4146044666234103,49.57351154313487,66.07817869415807,0.7502251503114996,0.30863747389590573,input_data/ectopic_recombination/JASBQK010160137.1_De_14_6315.fa.depth.txt,7852b43d32e215ddcf57477e6c605135bf94ed4bcba865a398e607a1af86f35f,232539,usable,1.0,True,0.7502251503114996,0.0
17,5524,5508,JASBQK010161136.1_De,17,506,490,5017,5524,508,13,16,gaag,5525,5528,gaag,,,,,,,,,,,,,,ocoee,SRX19952863,GCA_030264995.1,JASBQK010161136.1_De_17_5524,JASBQK010161136.1_De_17_5524,LTR,Gypsy,unknown,no,+,PROT|Ty3_gypsy RT|Ty3_gypsy RH|Ty3_gypsy INT|Ty3_gypsy,True,5,5508,5508,0,0,1.0,1.0,1.0,1.0,25.43469387755102,29.521653543307085,27.51503006012024,41.787139689578716,0.658456890433738,-0.6028391054205376,27.51503006012024,41.787139689578716,0.658456890433738,-0.21112009959378564,input_data/ectopic_recombination/JASBQK010161136.1_De_17_5524.fa.depth.txt,a482039108b0449dbc5469129df6a28d8862b9b439fadba32a57b88afb796d87,202192,usable,1.0,True,0.658456890433738,0.0
797,6280,5484,JASBQK010166358.1_De,797,980,184,6108,6280,173,793,796,gtta,6281,6284,gtta,,,,,,,,,,,,,,ocoee,SRX19952863,GCA_030264995.1,JASBQK010166358.1_De_797_6280,JASBQK010166358.1_De_797_6280,LTR,Gypsy,unknown,no,+,GAG|Ty3_gypsy RT|Ty3_gypsy RH|Ty3_gypsy INT|Ty3_gypsy,True,5,5484,5484,0,0,1.0,1.0,1.0,1.0,17386.896739130436,6922.774566473989,12316.047619047618,919.3109030622196,13.397042913363618,3.7438426892255836,12316.047619047618,919.3109030622196,13.397042913363618,1.328515477386784,input_data/ectopic_recombination/JASBQK010166358.1_De_797_6280.fa.depth.txt,9ad75e68a8bc42a6bb0802f6b8bbe8750eb38342aabf899c568a484df27dbbe1,214221,usable,1.0,True,13.397042913363618,0.0
8,5497,5490,JASBQK010176800.1_De,8,380,373,5127,5497,371,4,7,tctc,5498,5501,tctc,,,,,,,,,,,,,,ocoee,SRX19952863,GCA_030264995.1,JASBQK010176800.1_De_8_5497,JASBQK010176800.1_De_8_5497,LTR,Gypsy,unknown,yes,-,GAG|Ty3_gypsy PROT|Bel-Pao RT|Ty3_gypsy RH|Ty3_gypsy INT|Ty3_gypsy,True,6,5490,5490,0,0,1.0,1.0,1.0,1.0,21.530831099195712,39.107816711590296,30.295698924731184,63.57353560893384,0.4765457612911779,-1.0693133363284055,30.295698924731184,63.57353560893384,0.4765457612911779,-0.8462612574138466,input_data/ectopic_recombination/JASBQK010176800.1_De_8_5497.fa.depth.txt,a65df6700b46a4d89a206eba4c88dcc6ba8c2c33448fad577eec960a52c65944,196829,usable,1.0,True,0.4765457612911779,0.0
16,6111,6096,JASBQK010181132.1_De,16,1000,985,5117,6111,995,12,15,ataa,6112,6115,ataa,,,,,,,,,,,,,,ocoee,SRX19952863,GCA_030264995.1,JASBQK010181132.1_De_16_6111,JASBQK010181132.1_De_16_6111,LTR,Gypsy,unknown,no,-,GAG|Ty3_gypsy RT|Ty3_gypsy RH|Ty3_gypsy INT|Ty3_gypsy,True,5,6096,6096,0,0,1.0,1.0,1.0,1.0,76.42639593908629,58.08140703517588,67.20757575757575,96.85932944606414,0.6938678611749023,-0.5272671499205689,67.20757575757575,96.85932944606414,0.6938678611749023,0.3930358736075247,input_data/ectopic_recombination/JASBQK010181132.1_De_16_6111.fa.depth.txt,19381ebe1f07b6ffcfbe9cc037c49e6427a2c08a8e7803694c49a14ea981576f,226384,usable,1.0,True,0.6938678611749023,0.0
9,6119,6111,JASBQK010187133.1_De,9,950,942,5184,6119,936,5,8,ctgg,6120,6123,ctgg,5153.0,5161.0,aggagaagg,+,23.0,,,,,,,,,ocoee,SRX19952863,GCA_030264995.1,JASBQK010187133.1_De_9_6119,JASBQK010187133.1_De_9_6119,LTR,Gypsy,unknown,no,-,RH|Ty3_gypsy INT|Ty3_gypsy GAG|Ty3_gypsy RT|Ty3_gypsy,True,5,6111,6111,0,0,1.0,1.0,1.0,1.0,121.37685774946921,111.81623931623932,116.61182108626198,191.39806283959368,0.6092633298174583,-0.7148621844723211,116.61182108626198,191.39806283959368,0.6092633298174583,0.11785767398278806,input_data/ectopic_recombination/JASBQK010187133.1_De_9_6119.fa.depth.txt,83ba737ed1fbb3e2301e69f05f69b15612fe692b60b4049578ba83aec3499d37,223031,usable,1.0,True,0.6092633298174583,0.0
384,6081,5698,JASBQK010187688.1_De,384,1011,628,5460,6081,622,380,383,taga,6082,6085,taga,,,,,,,,,,,,,,ocoee,SRX19952863,GCA_030264995.1,JASBQK010187688.1_De_384_6081,JASBQK010187688.1_De_384_6081,LTR,Gypsy,unknown,no,+,INT|Ty3_gypsy GAG|Ty3_gypsy PROT|Ty3_gypsy RT|Ty3_gypsy RH|Ty3_gypsy,True,6,5698,5698,0,0,1.0,1.0,1.0,1.0,103.92515923566879,183.89549839228295,143.7184,136.57936151079136,1.0522702581871755,0.07350528454695793,143.7184,136.57936151079136,1.0522702581871755,-0.8203340925559581,input_data/ectopic_recombination/JASBQK010187688.1_De_384_6081.fa.depth.txt,81c1a8518bac1338d7371ac927728420527249edd148a0c291be9be36bc9ff17,218937,usable,1.0,True,1.0522702581871757,2.220446049250313e-16
4082,9235,5154,JASBQK010197797.1_De,4082,4409,328,8919,9235,317,4078,4081,cagg,9236,9239,cagg,8888.0,8905.0,gggaaagggaaagggaaa,+,14.0,,,,,,,,,ocoee,SRX19952863,GCA_030264995.1,JASBQK010197797.1_De_4082_9235,JASBQK010197797.1_De_4082_9235,LTR,Gypsy,unknown,yes,+,GAG|Ty3_gypsy PROT|Ty3_gypsy RT|Ty3_gypsy RH|Ty3_gypsy INT|Ty3_gypsy,True,6,5154,5154,0,9,1.0,0.9716088328075709,0.986046511627907,1.0,20.521341463414632,8.32807570977918,14.528682170542636,63.9033045021069,0.2273541608488122,-2.136986687545541,14.734276729559749,63.9033045021069,0.23057143670988028,1.2516838295270136,input_data/ectopic_recombination/JASBQK010197797.1_De_4082_9235.fa.depth.txt,322171e5af898fa8439c2f1815fa44c8932e5cad8faa5aef1da19e255c801971,199753,usable,1.0,True,0.2305714367098802,8.326672684688674e-17
5,5527,5523,JASBQK010200686.1_De,5,375,371,5150,5527,378,1,4,aaat,5528,5531,aaat,348.0,355.0,agaagaag,-,27.0,,,,,,,,,ocoee,SRX19952863,GCA_030264995.1,JASBQK010200686.1_De_5_5527,JASBQK010200686.1_De_5_5527,LTR,Gypsy,unknown,no,+,PROT|Ty3_gypsy RT|Ty3_gypsy RH|Ty3_gypsy INT|Ty3_gypsy GAG|Ty3_gypsy,True,6,5523,5523,0,0,1.0,1.0,1.0,1.0,75.60916442048517,27.71693121693122,51.4392523364486,94.12086300795978,0.546523381666171,-0.8716448754911181,51.4392523364486,94.12086300795978,0.546523381666171,1.4315090877225443,input_data/ectopic_recombination/JASBQK010200686.1_De_5_5527.fa.depth.txt,ada1ee1aa2fc94f559d4c84d4d67b68d64ac03b11e7a7398d4275f680bf34890,199656,usable,1.0,True,0.546523381666171,0.0
32,5962,5931,JASBQK010206351.1_De,32,955,924,5021,5962,942,28,31,gaca,5963,5966,gaca,5009.0,5017.0,agaaaaggg,+,4.0,,,,,,,,,ocoee,SRX19952863,GCA_030264995.1,JASBQK010206351.1_De_32_5962,JASBQK010206351.1_De_32_5962,LTR,Gypsy,unknown,yes,+,GAG|Ty3_gypsy PROT|Ty3_gypsy RT|Ty3_gypsy RH|Ty3_gypsy INT|Ty3_gypsy,True,6,5931,5931,0,0,1.0,1.0,1.0,1.0,161.66017316017317,54.42993630573248,107.52786709539122,152.21845018450185,0.7064049526523112,-0.501432637034221,107.52786709539122,152.21845018450185,0.7064049526523112,1.5617550103911733,input_data/ectopic_recombination/JASBQK010206351.1_De_32_5962.fa.depth.txt,e3f4730cd99cf56b08b8da2eab2571deb70bd81b5c97f3a1bb4ea9ac1a2cf9b9,222081,usable,1.0,True,0.7064049526523112,0.0
17,5867,5851,JASBQK010221462.1_De,17,651,635,5228,5867,640,13,16,ggtc,5868,5871,ggtc,5222.0,5230.0,gaagaggag,+,2.0,,,,,,,,,ocoee,SRX19952863,GCA_030264995.1,JASBQK010221462.1_De_17_5867,JASBQK010221462.1_De_17_5867,LTR,Gypsy,unknown,no,+,INT|Ty3_gypsy GAG|Ty3_gypsy RT|Ty3_gypsy RH|Ty3_gypsy,True,5,5851,5851,0,0,1.0,1.0,1.0,1.0,41.75433070866142,26.6265625,34.16078431372549,78.85948426573427,0.4331854897581281,-1.2069431765131289,34.16078431372549,78.85948426573427,0.4331854897581281,0.6393929731981451,input_data/ectopic_recombination/JASBQK010221462.1_De_17_5867.fa.depth.txt,ec012bd5f0457bf0d5648ebb630f57dce729e52b6a08224138dfe294c65e860b,216432,usable,1.0,True,0.4331854897581281,0.0
140,5045,4906,JASBQK010226459.1_De,140,274,135,4913,5045,133,136,139,taaa,5046,5049,taaa,255.0,263.0,ggaaagaaa,-,19.0,,,,,,,,,ocoee,SRX19952863,GCA_030264995.1,JASBQK010226459.1_De_140_5045,JASBQK010226459.1_De_140_5045,LTR,Gypsy,unknown,no,+,INT|Ty3_gypsy GAG|Ty3_gypsy PROT|Ty3_gypsy RT|Ty3_gypsy RH|Ty3_gypsy,True,6,4906,4906,0,1,0.9925925925925926,1.0,0.996268656716418,1.0,757.1777777777778,660.1804511278195,709.0410447761194,1619.148986632169,0.4379096986318259,-1.191294692566332,711.6966292134831,1619.148986632169,0.4395498098626567,0.19763177770842139,input_data/ectopic_recombination/JASBQK010226459.1_De_140_5045.fa.depth.txt,25470c56492254b9c7392180d27afdd1b4eb4ed69361afab709153e5a6889aa6,194625,usable,1.0,True,0.4395498098626567,0.0
17,5698,5682,JASBQK010306673.1_De,17,521,505,5185,5698,514,13,16,gtct,5699,5702,gtct,527.0,534.0,ggagaaga,-,6.0,,,,,,,,,ocoee,SRX19952863,GCA_030264995.1,JASBQK010306673.1_De_17_5698,JASBQK010306673.1_De_17_5698,LTR,Gypsy,unknown,no,-,RT|Ty3_gypsy RH|Ty3_gypsy INT|Ty3_gypsy GAG|Ty3_gypsy,True,5,5682,5682,0,0,1.0,1.0,1.0,1.0,67.04950495049505,106.34241245136187,86.86947988223748,153.68839802702124,0.5652312145706941,-0.8230869550066331,86.86947988223748,153.68839802702124,0.5652312145706941,-0.66146735519312,input_data/ectopic_recombination/JASBQK010306673.1_De_17_5698.fa.depth.txt,997518d2db01279bb50a92788c3607e9fe136ce3aaa215d3af5c3f378b009e36,211188,usable,1.0,True,0.5652312145706941,0.0
781,6221,5441,JASBQK010377779.1_De,781,1142,362,5868,6221,354,777,780,tggg,6222,6225,tggg,,,,,,,,,,,,,,ocoee,SRX19952863,GCA_030264995.1,JASBQK010377779.1_De_781_6221,JASBQK010377779.1_De_781_6221,LTR,Gypsy,unknown,no,-,GAG|Ty3_gypsy RT|Ty3_gypsy RH|Ty3_gypsy INT|Ty3_gypsy,True,5,5441,5441,0,0,1.0,1.0,1.0,1.0,57.91988950276243,37.98022598870057,48.06145251396648,128.71470899470899,0.37339518450795023,-1.4212247729239365,48.06145251396648,128.71470899470899,0.37339518450795023,0.6023423575420181,input_data/ectopic_recombination/JASBQK010377779.1_De_781_6221.fa.depth.txt,7b524796f1927557ff32585433b5917de97312e04dcb0c7fd29240ddeca6244b,207554,usable,1.0,True,0.3733951845079502,5.551115123125783e-17
5217,12150,6934,JASBQK010429994.1_De,5217,6210,994,11157,12150,994,5213,5216,taaa,12151,12154,taaa,,,,,,,,,,,,,,ocoee,SRX19952863,GCA_030264995.1,JASBQK010429994.1_De_5217_12150,JASBQK010429994.1_De_5217_12150,LTR,Gypsy,unknown,no,+,PROT|Bel-Pao RT|Ty3_gypsy RH|Ty3_gypsy INT|Ty3_gypsy,True,5,6934,6934,0,0,1.0,1.0,1.0,1.0,53.467806841046276,41.514084507042256,47.49094567404426,88.04852405984634,0.5393724219813701,-0.8906463361759895,47.49094567404426,88.04852405984634,0.5393724219813701,0.36122601191071246,input_data/ectopic_recombination/JASBQK010429994.1_De_5217_12150.fa.depth.txt,e012a1d61c2f21c3d021c2433413312c2f898e7bbe7e5b35c9008d96c26ade51,277728,usable,1.0,True,0.5393724219813701,0.0
6,11606,11601,JASBQK010574427.1_De,6,341,336,11278,11606,329,2,5,aact,11607,11610,aact,11286.0,11294.0,gaaaaagga,+,16.0,,,,,,,,,ocoee,SRX19952863,GCA_030264995.1,JASBQK010574427.1_De_6_11606,JASBQK010574427.1_De_6_11606,LTR,Gypsy,unknown,no,+,RH|Ty3_gypsy INT|Ty3_gypsy GAG|Ty3_gypsy PROT|Ty3_gypsy RT|Ty3_gypsy,True,6,11601,11601,0,0,1.0,1.0,1.0,1.0,14944.127976190477,17583.106382978724,16249.727819548873,6390.242959034382,2.542896713586668,1.3464728643785908,16249.727819548873,6390.242959034382,2.542896713586668,-0.23460401261528746,input_data/ectopic_recombination/JASBQK010574427.1_De_6_11606.fa.depth.txt,675a34456a32ebbc300d05e3905383ed50e49e91dd921798df64b1c80ee42751,453845,usable,1.0,True,2.542896713586668,0.0
566,6877,6312,JASBQK010663306.1_De,566,1215,650,6224,6877,654,562,565,cctt,6878,6881,cctt,1207.0,1216.0,agagaaagag,-,8.0,,,,,,,,,ocoee,SRX19952863,GCA_030264995.1,JASBQK010663306.1_De_566_6877,JASBQK010663306.1_De_566_6877,LTR,Gypsy,unknown,no,+,RT|Ty3_gypsy RH|Ty3_gypsy INT|Ty3_gypsy GAG|Ty3_gypsy,True,5,6312,6312,0,0,1.0,1.0,1.0,1.0,145.50923076923078,113.85168195718654,129.6319018404908,102.26757188498402,1.267575825368009,0.3420720506688033,129.6319018404908,102.26757188498402,1.267575825368009,0.3525819938369304,input_data/ectopic_recombination/JASBQK010663306.1_De_566_6877.fa.depth.txt,5a8a0a943ed419d7ccd4c01f9c70c1bfd9210f2b0983a0414fcde759351e6cc8,241638,usable,1.0,True,1.267575825368009,0.0
5,6292,6288,JASBQK010663307.1_De,5,909,905,5385,6292,908,1,4,gcat,6293,6296,gcat,5394.0,5402.0,gaaaagggg,+,17.0,,,,,,,,,ocoee,SRX19952863,GCA_030264995.1,JASBQK010663307.1_De_5_6292,JASBQK010663307.1_De_5_6292,LTR,Gypsy,unknown,no,-,INT|Ty3_gypsy GAG|Ty3_gypsy PROT|Ty3_gypsy RT|Ty3_gypsy RH|Ty3_gypsy,True,6,6288,6288,0,0,1.0,1.0,1.0,1.0,62.32044198895028,81.10242290748899,71.72697186982901,108.46055865921788,0.6613184807132935,-0.5965828762694001,71.72697186982901,108.46055865921788,0.6613184807132935,-0.377377895306472,input_data/ectopic_recombination/JASBQK010663307.1_De_5_6292.fa.depth.txt,f8b678ac35a65c25d95737419942c0e146aa74f9b4364d6a3e38047a8327ee5b,228477,usable,1.0,True,0.6613184807132935,0.0
474,7209,6736,JASBQK010792185.1_De,474,1053,580,6640,7209,570,470,473,cagg,7210,7213,cagg,1049.0,1057.0,gaagaggaa,-,4.0,,,,,,,,,ocoee,SRX19952863,GCA_030264995.1,JASBQK010792185.1_De_474_7209,JASBQK010792185.1_De_474_7209,LTR,Gypsy,unknown,no,+,RT|Ty3_gypsy RH|Ty3_gypsy INT|Ty3_gypsy PROT|Ty3_gypsy,True,5,6736,6736,0,0,1.0,1.0,1.0,1.0,98.13275862068966,77.47543859649123,87.89391304347826,123.93680630146795,0.7091832980566098,-0.4957695350955431,87.89391304347826,123.93680630146795,0.7091832980566098,0.3390471219396803,input_data/ectopic_recombination/JASBQK010792185.1_De_474_7209.fa.depth.txt,136e7944a5cf4e59b8831fc8a9a9c4f0d1f925e81c4a012e7ba10e1fdab0014c,258713,usable,1.0,True,0.7091832980566098,0.0
13,6026,6014,JASBQK010836627.1_De,13,794,782,5240,6026,787,9,12,cctc,6027,6030,cctc,,,,,,,,,,,,,,ocoee,SRX19952863,GCA_030264995.1,JASBQK010836627.1_De_13_6026,JASBQK010836627.1_De_13_6026,LTR,Gypsy,unknown,no,-,GAG|Ty3_gypsy RT|Ty3_gypsy RH|Ty3_gypsy INT|Ty3_gypsy,True,5,6014,6014,0,0,1.0,1.0,1.0,1.0,37.466751918158565,55.38500635324015,46.454429572976416,91.08661417322834,0.5100028142952978,-0.971422886707803,46.454429572976416,91.08661417322834,0.5100028142952978,-0.5577246869805549,input_data/ectopic_recombination/JASBQK010836627.1_De_13_6026.fa.depth.txt,41841cca5e17c39c6d6e1dc4fa2f892ede3c509e35db92450415ab2df2feb0e0,222669,usable,1.0,True,0.5100028142952978,0.0
82,6940,6859,JASBQK010852183.1_De,82,1077,996,5946,6940,995,78,81,gcaa,6941,6944,gcaa,,,,,,,,,,,,,,ocoee,SRX19952863,GCA_030264995.1,JASBQK010852183.1_De_82_6940,JASBQK010852183.1_De_82_6940,LTR,Gypsy,unknown,no,+,GAG|Ty3_gypsy RT|Ty3_gypsy RH|Ty3_gypsy INT|Ty3_gypsy,True,5,6859,6859,0,100,1.0,1.0,1.0,0.9794576828266228,164.109437751004,56.67537688442211,110.41938724259167,154.69022185702548,0.7138097412818263,-0.48638850506797,110.41938724259167,157.93456375838926,0.6991464351749688,1.5255811782704967,input_data/ectopic_recombination/JASBQK010852183.1_De_82_6940.fa.depth.txt,18ca2619f58328333a5313ee0fe6acb83a06fbf3ac51c3935d54acac0f0ffea2,257008,usable,1.0,True,0.6991464351749688,0.0
4170,10242,6073,JASBQK010907738.1_De,4170,4679,510,9733,10242,510,4166,4169,agta,10243,10246,agta,9702.0,9711.0,ggggaaaaga,+,22.0,,,,,,,,,ocoee,SRX19952863,GCA_030264995.1,JASBQK010907738.1_De_4170_10242,JASBQK010907738.1_De_4170_10242,LTR,Gypsy,unknown,no,-,GAG|Ty3_gypsy RT|Ty3_gypsy RH|Ty3_gypsy INT|Ty3_gypsy,True,5,6073,6073,0,0,1.0,1.0,1.0,1.0,5538.3,1741.6921568627452,3639.9960784313726,5705.1589154957455,0.6380183501190129,-0.6483301767828126,3639.9960784313726,5705.1589154957455,0.6380183501190129,1.6686696890690356,input_data/ectopic_recombination/JASBQK010907738.1_De_4170_10242.fa.depth.txt,76b1117a4260d96636b43c1a2f1deb623cb31bf37b9b419f57be84bce6fa4030,253289,usable,1.0,True,0.6380183501190129,0.0
1212,6939,5728,JASBQK010972175.1_De,1212,1802,591,6352,6939,588,1208,1211,agat,6940,6943,agat,,,,,,,,,,,,,,ocoee,SRX19952863,GCA_030264995.1,JASBQK010972175.1_De_1212_6939,JASBQK010972175.1_De_1212_6939,LTR,Gypsy,unknown,no,-,RH|Ty3_gypsy INT|Ty3_gypsy GAG|Ty3_gypsy RT|Ty3_gypsy,True,5,5728,5728,0,0,1.0,1.0,1.0,1.0,146.85617597292725,107.39455782312925,127.17557251908397,136.2561002418114,0.9333569087430774,-0.0994992324468042,127.17557251908397,136.2561002418114,0.9333569087430774,0.44968543032391123,input_data/ectopic_recombination/JASBQK010972175.1_De_1212_6939.fa.depth.txt,5d81655eac4e16747a70d31ba55196c2a9ce9df455a4e9b68fcf5b4c20907f6f,225767,usable,1.0,True,0.9333569087430774,0.0
111,6880,6770,JASBQK011007728.1_De,111,829,719,6185,6880,696,107,110,attg,6881,6884,attg,,,,,,,,,,,,,,ocoee,SRX19952863,GCA_030264995.1,JASBQK011007728.1_De_111_6880,JASBQK011007728.1_De_111_6880,LTR,Gypsy,unknown,yes,-,GAG|Ty3_gypsy PROT|Ty3_gypsy RT|Ty3_gypsy RH|Ty3_gypsy INT|Ty3_gypsy,True,6,6770,6770,0,0,1.0,1.0,1.0,1.0,24.543810848400557,33.46551724137931,28.932155477031802,38.63548085901027,0.7488493693817834,-0.4172525442951107,28.932155477031802,38.63548085901027,0.7488493693817834,-0.43961671438382305,input_data/ectopic_recombination/JASBQK011007728.1_De_111_6880.fa.depth.txt,4cf80ab98b7a8ea3ebb932b7b871f9abba3bd08f1094ad8c578b29a3139a9ec8,256207,usable,1.0,True,0.7488493693817834,0.0
16,5722,5707,JASBQK011018837.1_De,16,184,169,5533,5722,190,12,15,cagt,5723,5726,cagt,188.0,198.0,aaaagggggga,-,4.0,,,,,,,,,ocoee,SRX19952863,GCA_030264995.1,JASBQK011018837.1_De_16_5722,JASBQK011018837.1_De_16_5722,LTR,Gypsy,unknown,no,+,GAG|Ty3_gypsy RT|Ty3_gypsy RH|Ty3_gypsy INT|Ty3_gypsy,True,5,5707,5707,0,0,1.0,1.0,1.0,1.0,118.56213017751479,46.78421052631579,80.57381615598885,131.93941660433808,0.6106879826338389,-0.7114926393658509,80.57381615598885,131.93941660433808,0.6106879826338389,1.33228419711927,input_data/ectopic_recombination/JASBQK011018837.1_De_16_5722.fa.depth.txt,6eb45d5e6f06e93c6d8ebf6e2f2f93cea235ffa5ce35d329c78bd387a407325a,214272,usable,1.0,True,0.6106879826338389,0.0
6,5553,5548,JASBQK011054389.1_De,6,160,155,5401,5553,153,2,5,cagt,5554,5557,cagt,,,,,,,,,,,,,,ocoee,SRX19952863,GCA_030264995.1,JASBQK011054389.1_De_6_5553,JASBQK011054389.1_De_6_5553,LTR,Gypsy,unknown,yes,+,GAG|Ty3_gypsy PROT|Ty3_gypsy RT|Ty3_gypsy RH|Ty3_gypsy INT|Ty3_gypsy,True,6,5548,5548,0,0,1.0,1.0,1.0,1.0,66.00645161290322,583.0784313725491,322.8636363636364,110.86259541984732,2.9122864672337925,1.5421522733012067,322.8636363636364,110.86259541984732,2.9122864672337925,-3.13336035879841,input_data/ectopic_recombination/JASBQK011054389.1_De_6_5553.fa.depth.txt,5d1c702ef1f8005a6cab513c446687f1f0b8788d0c02b7bb2f37310e0a84ad32,201302,usable,1.0,True,2.9122864672337925,0.0
1066,6825,5760,JASBQK011061055.1_De,1066,1359,294,6539,6825,287,1062,1065,tcct,6826,6829,tcct,,,,,,,,,,,,,,ocoee,SRX19952863,GCA_030264995.1,JASBQK011061055.1_De_1066_6825,JASBQK011061055.1_De_1066_6825,LTR,Gypsy,unknown,no,+,GAG|Ty3_gypsy RT|Ty3_gypsy RH|Ty3_gypsy INT|Ty3_gypsy,True,5,5760,5760,0,2,1.0,0.9930313588850174,0.9965576592082617,1.0,85.00340136054422,60.58885017421603,72.94320137693632,143.95558988221666,0.5067062796006593,-0.980778386625699,73.19516407599309,143.95558988221666,0.5084565603592108,0.4850727261460438,input_data/ectopic_recombination/JASBQK011061055.1_De_1066_6825.fa.depth.txt,05afa5366900be6b59a129e875ed5f1696f780aac0d036ce6f69508dc27efb2b,227136,usable,1.0,True,0.5084565603592108,0.0
154,6753,6600,JASBQK011107721.1_De,154,696,543,6234,6753,520,150,153,ccct,6754,6757,ccct,,,,,,,,,,,,,,ocoee,SRX19952863,GCA_030264995.1,JASBQK011107721.1_De_154_6753,JASBQK011107721.1_De_154_6753,LTR,Gypsy,unknown,no,+,PROT|Bel-Pao RT|Ty3_gypsy RH|Ty3_gypsy INT|Ty3_gypsy,True,5,6600,6600,0,0,1.0,1.0,1.0,1.0,29.386740331491712,15.542307692307693,22.614299153339605,47.03160556257902,0.4808319614615243,-1.0563952980281712,22.614299153339605,47.03160556257902,0.4808319614615243,0.8976238656525507,input_data/ectopic_recombination/JASBQK011107721.1_De_154_6753.fa.depth.txt,b3e635f9f8c896a4132fb27f54e31e415155f38b30aa0344462db329ff12875c,249597,usable,1.0,True,0.4808319614615243,0.0
210,6067,5858,JASBQG010001193.1_De,210,987,778,5302,6067,766,206,209,ttaa,6068,6071,ttaa,,,,,,,,,,,,,,orestes,SRX19952890,GCA_030264915.1,JASBQG010001193.1_De_210_6067,JASBQG010001193.1_De_210_6067,LTR,Gypsy,unknown,no,+,GAG|Ty3_gypsy RT|Ty3_gypsy RH|Ty3_gypsy INT|Ty3_gypsy,True,5,5858,5858,0,2,0.9974293059125964,1.0,0.9987046632124352,1.0,28.0,30.7467362924282,29.362694300518136,77.73991655076495,0.3777042168722165,-1.4046712040754556,29.40077821011673,77.73991655076495,0.37819410561005334,-0.13274358951742998,input_data/ectopic_recombination/JASBQG010001193.1_De_210_6067.fa.depth.txt,ff8f832cf4159a8cdcc944058dc3ceed96b000174c31687557dacf94decd40e4,222273,usable,1.0,True,0.3781941056100533,5.551115123125783e-17
27,6058,6032,JASBQG010001523.1_De,27,1024,998,5074,6058,985,23,26,ggcc,6059,6062,ggcc,,,,,,,,,,,,,,orestes,SRX19952890,GCA_030264915.1,JASBQG010001523.1_De_27_6058,JASBQG010001523.1_De_27_6058,LTR,Gypsy,unknown,no,-,RT|Ty3_gypsy RH|Ty3_gypsy INT|Ty3_gypsy GAG|Ty3_gypsy,True,5,6032,6032,0,0,1.0,1.0,1.0,1.0,79.35170340681363,45.21116751269035,62.39334341906203,95.32946406520128,0.6545021943728504,-0.6115300657336192,62.39334341906203,95.32946406520128,0.6545021943728504,0.8047765163157868,input_data/ectopic_recombination/JASBQG010001523.1_De_27_6058.fa.depth.txt,d8441b8a8970862bc00f30ed930b4b686d3c64b83f542f7268799cdd8a22724a,223906,usable,1.0,True,0.6545021943728504,0.0
9,6039,6031,JASBQG010003622.1_De,9,434,426,5613,6039,427,5,8,catt,6040,6043,catt,,,,,,,,,,,,,,orestes,SRX19952890,GCA_030264915.1,JASBQG010003622.1_De_9_6039,JASBQG010003622.1_De_9_6039,LTR,Gypsy,unknown,no,-,RT|Ty3_gypsy RH|Ty3_gypsy INT|Ty3_gypsy GAG|Ty3_gypsy,True,5,6031,6031,0,1,0.9976525821596244,1.0,0.9988276670574443,1.0,44.586854460093896,39.459016393442624,42.01992966002344,108.89397450753187,0.3858792908428285,-1.3737784746932147,42.06924882629108,108.89397450753187,0.38633220080860653,0.1741857910166438,input_data/ectopic_recombination/JASBQG010003622.1_De_9_6039.fa.depth.txt,e5754edd7575d3f87c21c9c42e634707aa7ab2a24b5dc66cc3289fbb0f8c5d85,218258,usable,1.0,True,0.3863322008086065,5.551115123125783e-17
5,6008,6004,JASBQG010005279.1_De,5,260,256,5770,6008,239,1,4,actg,6009,6012,actg,,,,,,,,,,,,,,orestes,SRX19952890,GCA_030264915.1,JASBQG010005279.1_De_5_6008,JASBQG010005279.1_De_5_6008,LTR,Gypsy,unknown,no,-,GAG|Ty3_gypsy RT|Ty3_gypsy RH|Ty3_gypsy INT|Ty3_gypsy,True,5,6004,6004,0,0,1.0,1.0,1.0,1.0,96.19140625,106.33054393305439,101.08686868686868,91.449446360501,1.1053852451809953,0.14454926052134692,101.08686868686868,91.449446360501,1.1053852451809953,-0.14386461061169797,input_data/ectopic_recombination/JASBQG010005279.1_De_5_6008.fa.depth.txt,ca3e0d289abcb1635fa989cf31b9f7ed99fd74bc152e7a3077b54027926792bf,217044,usable,1.0,True,1.1053852451809951,2.220446049250313e-16
8,5735,5728,JASBQG010033001.1_De,8,278,271,5471,5735,265,4,7,aaga,5736,5739,aaga,284.0,292.0,aaaaaggga,-,6.0,,,,,,,,,orestes,SRX19952890,GCA_030264915.1,JASBQG010033001.1_De_8_5735,JASBQG010033001.1_De_8_5735,LTR,Gypsy,unknown,no,+,PROT|Ty3_gypsy RT|Ty3_gypsy RH|Ty3_gypsy INT|Ty3_gypsy GAG|Ty3_gypsy,True,6,5728,5728,0,0,1.0,1.0,1.0,1.0,7.059040590405904,29.539622641509435,18.17350746268657,25.958012326656394,0.7001116739598785,-0.5143430319467827,18.17350746268657,25.958012326656394,0.7001116739598785,-1.9905916485557797,input_data/ectopic_recombination/JASBQG010033001.1_De_8_5735.fa.depth.txt,92b89edbff3db6493d8be168862c669d37cff7caceb9a2955d5d4aded2a20d69,204081,usable,1.0,True,0.7001116739598785,0.0
821,6341,5521,JASBQG010082974.1_De,821,1433,613,5722,6341,620,817,820,ctat,6342,6345,ctat,5739.0,5749.0,aaaaaataggg,+,27.0,,,,,,,,,orestes,SRX19952890,GCA_030264915.1,JASBQG010082974.1_De_821_6341,JASBQG010082974.1_De_821_6341,LTR,Gypsy,unknown,no,+,INT|Ty3_gypsy GAG|Ty3_gypsy PROT|Ty3_gypsy RT|Ty3_gypsy RH|Ty3_gypsy,True,6,5521,5521,0,0,1.0,1.0,1.0,1.0,77.33278955954323,41.53064516129032,59.330089213300894,103.61800373134328,0.5725847543553303,-0.8044388372444286,59.330089213300894,103.61800373134328,0.5725847543553303,0.8889364631240914,input_data/ectopic_recombination/JASBQG010082974.1_De_821_6341.fa.depth.txt,429679061647a886b7fb6fabc3af23500deb289be0eeb724c2ec3ac5263fb1d6,210833,usable,1.0,True,0.5725847543553303,0.0
428,6722,6295,JASBQG010089601.1_De,428,553,126,6585,6722,138,424,427,atgg,6723,6726,atgg,,,,,,,,,,,,,,orestes,SRX19952890,GCA_030264915.1,JASBQG010089601.1_De_428_6722,JASBQG010089601.1_De_428_6722,LTR,Gypsy,unknown,yes,-,GAG|Ty3_gypsy PROT|Bel-Pao RT|Ty3_gypsy RH|Ty3_gypsy INT|Ty3_gypsy,True,6,6295,6295,0,0,1.0,1.0,1.0,1.0,23.88095238095238,29.391304347826086,26.761363636363637,33.683302934836675,0.7944993900430685,-0.3318819829059884,26.761363636363637,33.683302934836675,0.7944993900430685,-0.2939713700211318,input_data/ectopic_recombination/JASBQG010089601.1_De_428_6722.fa.depth.txt,c427cfbed5473d9749cd57c3a293562d494483b00aca8e6e5730a081f1f9f24c,238019,usable,1.0,True,0.7944993900430685,0.0
16,5228,5213,JASBQG010098118.1_De,16,180,165,5054,5228,175,12,15,tctt,5229,5232,tctt,,,,,,,,,,,,,,orestes,SRX19952890,GCA_030264915.1,JASBQG010098118.1_De_16_5228,JASBQG010098118.1_De_16_5228,LTR,Gypsy,unknown,no,-,GAG|Ty3_gypsy RT|Ty3_gypsy RH|Ty3_gypsy INT|Ty3_gypsy,True,5,5213,5213,0,13,1.0,0.9257142857142857,0.961764705882353,1.0,44.484848484848484,18.44,31.07941176470588,92.634721937205,0.33550499331960987,-1.575593856677012,32.31498470948012,92.634721937205,0.34884311232008364,1.2480028329345416,input_data/ectopic_recombination/JASBQG010098118.1_De_16_5228.fa.depth.txt,c54740e2fe494ae96141f890f2fb125117820435243a55796c937f2381c45b44,193179,usable,1.0,True,0.3488431123200836,5.551115123125783e-17
29,5020,4992,JASBQG010132264.1_De,29,298,270,4726,5020,295,25,28,gaga,5021,5024,gaga,285.0,303.0,gggggagaaagacagagag,-,13.0,,,,,,,,,orestes,SRX19952890,GCA_030264915.1,JASBQG010132264.1_De_29_5020,JASBQG010132264.1_De_29_5020,LTR,Gypsy,unknown,no,+,PROT|Ty3_gypsy RT|Ty3_gypsy RH|Ty3_gypsy INT|Ty3_gypsy GAG|Ty3_gypsy,True,6,4992,4992,0,0,1.0,1.0,1.0,1.0,36.96666666666667,25.386440677966103,30.920353982300885,58.358482042014906,0.5298347883695796,-0.9163855222999489,30.920353982300885,58.358482042014906,0.5298347883695796,0.5334110178766355,input_data/ectopic_recombination/JASBQG010132264.1_De_29_5020.fa.depth.txt,5c0b13a20d8203fbf2b68ebaff51926628e050ed23321881884bfbfc00824c60,183756,usable,1.0,True,0.5298347883695796,0.0
1008,4654,3647,JASBQG010143771.1_De,1008,1169,162,4496,4654,159,1004,1007,gcac,4655,4658,gcac,,,,,,,,,,,,,,orestes,SRX19952890,GCA_030264915.1,JASBQG010143771.1_De_1008_4654,JASBQG010143771.1_De_1008_4654,LTR,Gypsy,unknown,no,-,GAG|Ty3_gypsy PROT|Bel-Pao RT|Ty3_gypsy RH|Ty3_gypsy,True,5,3647,3647,0,100,1.0,1.0,1.0,0.9699338544798557,6.962962962962963,407.3207547169811,205.2710280373832,144.5616355983163,1.4199550744414378,0.5058452854300629,205.2710280373832,149.042777433354,1.377262498541214,-5.772042861926412,input_data/ectopic_recombination/JASBQG010143771.1_De_1008_4654.fa.depth.txt,a4b55879d471f97fb0e0d5aa56b2bfe19a2ed3143b479cb7ca4bdd17c90bc07d,143607,usable,1.0,True,1.377262498541214,0.0
1432,7138,5707,JASBQG010221184.1_De,1432,1606,175,6955,7138,184,1428,1431,agat,7139,7142,agat,,,,,,,,,,,,,,orestes,SRX19952890,GCA_030264915.1,JASBQG010221184.1_De_1432_7138,JASBQG010221184.1_De_1432_7138,LTR,Gypsy,unknown,no,-,GAG|Ty3_gypsy RT|Ty3_gypsy RH|Ty3_gypsy INT|Ty3_gypsy,True,5,5707,5707,0,0,1.0,1.0,1.0,1.0,13988.32,1734.304347826087,7707.710306406685,2917.719895287958,2.6416896011349262,1.40146095969177,7707.710306406685,2917.719895287958,2.6416896011349262,3.011429402707748,input_data/ectopic_recombination/JASBQG010221184.1_De_1432_7138.fa.depth.txt,ac48f6310d1ea38a757660278eb1e343ed70f946197c80567ca34b992917f4d6,230440,usable,1.0,True,2.6416896011349262,0.0
1588,7452,5865,JASBQG010225612.1_De,1588,1955,368,7094,7452,359,1584,1587,cagg,7453,7456,cagg,,,,,,,,,,,,,,orestes,SRX19952890,GCA_030264915.1,JASBQG010225612.1_De_1588_7452,JASBQG010225612.1_De_1588_7452,LTR,Gypsy,unknown,yes,+,GAG|Ty3_gypsy PROT|Ty3_gypsy RT|Ty3_gypsy RH|Ty3_gypsy INT|Ty3_gypsy,True,6,5865,5865,0,0,1.0,1.0,1.0,1.0,116.05163043478261,99.7883008356546,108.02063273727647,51.44453094589334,2.0997495895314295,1.0702172862332373,108.02063273727647,51.44453094589334,2.0997495895314295,0.21681586868826527,input_data/ectopic_recombination/JASBQG010225612.1_De_1588_7452.fa.depth.txt,f7a9a99f9714cee37b74ee2a36603ae22590c37be406c85453836d315645e459,227941,usable,1.0,True,2.099749589531429,4.440892098500626e-16
2095,7361,5267,JASBQG010285370.1_De,2095,2354,260,7119,7361,243,2091,2094,aggg,7362,7365,aggg,7088.0,7115.0,cagaaaagaataaatgagaagggaagag,+,4.0,,,,,,,,,orestes,SRX19952890,GCA_030264915.1,JASBQG010285370.1_De_2095_7361,JASBQG010285370.1_De_2095_7361,LTR,Gypsy,unknown,no,+,RT|Ty3_gypsy RH|Ty3_gypsy INT|Ty3_gypsy GAG|Ty3_gypsy,True,5,5267,5267,0,0,1.0,1.0,1.0,1.0,99.41538461538461,35.30452674897119,68.44333996023857,93.39021830394627,0.7328748256855339,-0.44836128641096035,68.44333996023857,93.39021830394627,0.7328748256855339,1.480564837914484,input_data/ectopic_recombination/JASBQG010285370.1_De_2095_7361.fa.depth.txt,5125cef775ac5114c5fb3c914997cb62d9997e77c299825436b883827e6eebbb,205561,usable,1.0,True,0.7328748256855339,0.0
18,6897,6880,JASBQG010339597.1_De,18,1000,983,5902,6897,996,14,17,attc,6898,6901,attc,,,,,,,,,,,,,,orestes,SRX19952890,GCA_030264915.1,JASBQG010339597.1_De_18_6897,JASBQG010339597.1_De_18_6897,LTR,Gypsy,unknown,no,-,INT|Ty3_gypsy GAG|Ty3_gypsy RT|Ty3_gypsy RH|Ty3_gypsy,True,5,6880,6880,0,0,1.0,1.0,1.0,1.0,66.39471007121058,43.59538152610442,54.92016169782718,79.74535809018568,0.6886941511469149,-0.5380646701404503,54.92016169782718,79.74535809018568,0.6886941511469149,0.6012645710001007,input_data/ectopic_recombination/JASBQG010339597.1_De_18_6897.fa.depth.txt,b5d95c56e1e8c145743c0bbee09abc55a665c25d898437c41f37565b0752a7a3,254941,usable,1.0,True,0.6886941511469149,0.0
5,4007,4003,JASBQG010375007.1_De,5,278,274,3743,4007,265,1,4,ctcc,4008,4011,ctcc,,,,,,,,,,,,,,orestes,SRX19952890,GCA_030264915.1,JASBQG010375007.1_De_5_4007,JASBQG010375007.1_De_5_4007,LTR,Gypsy,unknown,no,-,RT|Ty3_gypsy RH|Ty3_gypsy INT|Ty3_gypsy PROT|Ty3_gypsy,True,5,4003,4003,0,0,1.0,1.0,1.0,1.0,105.91240875912409,66.9622641509434,86.76252319109462,124.47575057736721,0.6970234988634822,-0.520720800167639,86.76252319109462,124.47575057736721,0.6970234988634822,0.6575137497912198,input_data/ectopic_recombination/JASBQG010375007.1_De_5_4007.fa.depth.txt,fc3c158e123e2f2ff20fa86091c572d456ca0aa30349f22069a97b1a15696fee,145753,usable,1.0,True,0.6970234988634822,0.0
3901,10163,6263,JASBQG010420406.1_De,3901,4193,293,9876,10163,288,3897,3900,aaaa,10164,10167,aaaa,4198.0,4206.0,aggaaaaaa,-,5.0,,,,,,,,,orestes,SRX19952890,GCA_030264915.1,JASBQG010420406.1_De_3901_10163,JASBQG010420406.1_De_3901_10163,LTR,Gypsy,unknown,yes,+,GAG|Ty3_gypsy PROT|Ty3_gypsy RT|Ty3_gypsy RH|Ty3_gypsy INT|Ty3_gypsy,True,6,6263,6263,0,0,1.0,1.0,1.0,1.0,42.74744027303754,57.66319444444444,50.14113597246127,89.87117212249208,0.5579223547248299,-0.841863736717847,50.14113597246127,89.87117212249208,0.5579223547248299,-0.42749176213973294,input_data/ectopic_recombination/JASBQG010420406.1_De_3901_10163.fa.depth.txt,56dff6eefb43e98701821d5e6aa5fc0682edb01b2c6bb5ea1db83047826365dd,250821,usable,1.0,True,0.5579223547248299,0.0
9,5830,5822,JASBQG010464709.1_De,9,742,734,5106,5830,725,5,8,cgac,5831,5834,cgac,,,,,,,,,,,,,,orestes,SRX19952890,GCA_030264915.1,JASBQG010464709.1_De_9_5830,JASBQG010464709.1_De_9_5830,LTR,Gypsy,unknown,yes,+,GAG|Ty3_gypsy PROT|Ty3_gypsy RT|Ty3_gypsy RH|Ty3_gypsy INT|Ty3_gypsy,True,6,5822,5822,0,0,1.0,1.0,1.0,1.0,177.8433242506812,515.1820689655173,345.47224126113775,689.5998166399266,0.5009749610207995,-0.9971895962849315,345.47224126113775,689.5998166399266,0.5009749610207995,-1.5318246679130278,input_data/ectopic_recombination/JASBQG010464709.1_De_9_5830.fa.depth.txt,c2a949df99580c415ea624a5b9c9d30f06590701081c3ab34fd56acff866383d,214717,usable,1.0,True,0.5009749610207995,0.0
732,6475,5744,JASBQG010470239.1_De,732,918,187,6283,6475,193,728,731,aacc,6476,6479,aacc,,,,,,,,,,,,,,orestes,SRX19952890,GCA_030264915.1,JASBQG010470239.1_De_732_6475,JASBQG010470239.1_De_732_6475,LTR,Gypsy,unknown,no,-,GAG|Ty3_gypsy RT|Ty3_gypsy RH|Ty3_gypsy INT|Ty3_gypsy,True,5,5744,5744,0,0,1.0,1.0,1.0,1.0,190.71657754010695,4078.497409326425,2165.3,4297.63571961223,0.5038351645577286,-0.9889762781692587,2165.3,4297.63571961223,0.5038351645577286,-4.414935082396331,input_data/ectopic_recombination/JASBQG010470239.1_De_732_6475.fa.depth.txt,969a92b3d2faa7ce682b0e04477eb7b195a89504a0a36d3fd1affea2d69f2f03,225778,usable,1.0,True,0.5038351645577286,0.0
7,6051,6045,JASBQG010497932.1_De,7,942,936,5108,6051,944,3,6,aggg,6052,6055,aggg,5110.0,5118.0,agggggaaa,+,10.0,,,,,,,,,orestes,SRX19952890,GCA_030264915.1,JASBQG010497932.1_De_7_6051,JASBQG010497932.1_De_7_6051,LTR,Gypsy,unknown,no,+,RT|Ty3_gypsy RH|Ty3_gypsy INT|Ty3_gypsy GAG|Ty3_gypsy,True,5,6045,6045,0,0,1.0,1.0,1.0,1.0,72.22222222222223,140.07944915254237,106.29521276595744,134.48691476590636,0.7903758737493488,-0.3393891856082485,106.29521276595744,134.48691476590636,0.7903758737493488,-0.950917516251777,input_data/ectopic_recombination/JASBQG010497932.1_De_7_6051.fa.depth.txt,c3c5c467cf45c327d9f29b4990c0a3c84f345980ede38ab31296d1d36aafa973,219554,usable,1.0,True,0.7903758737493488,0.0
881,6737,5857,JASBQG010520086.1_De,881,1312,432,6307,6737,431,877,880,taaa,6738,6741,taaa,,,,,,,,,,,,,,orestes,SRX19952890,GCA_030264915.1,JASBQG010520086.1_De_881_6737,JASBQG010520086.1_De_881_6737,LTR,Gypsy,unknown,no,+,RT|Ty3_gypsy RH|Ty3_gypsy INT|Ty3_gypsy GAG|Ty3_gypsy,True,5,5857,5857,0,1,0.9976851851851852,1.0,0.9988412514484357,1.0,19.479166666666668,21.39907192575406,20.43800695249131,58.89747697236684,0.3470098891006875,-1.5269513175212077,20.46171693735499,58.89747697236684,0.3474124527771384,-0.13237332085138337,input_data/ectopic_recombination/JASBQG010520086.1_De_881_6737.fa.depth.txt,229e8fa1e6e5fe8e71f9d32b85e728386a04317a577d01bc95131ffc0332ba2e,221966,usable,1.0,True,0.3474124527771384,0.0
920,6555,5636,JASBQG010610865.1_De,920,1128,209,6349,6555,207,915,919,tgttc,6556,6560,tgttc,,,,,,,,,,,,,,orestes,SRX19952890,GCA_030264915.1,JASBQG010610865.1_De_920_6555,JASBQG010610865.1_De_920_6555,LTR,Gypsy,unknown,no,+,GAG|Ty3_gypsy RT|Ty3_gypsy RH|Ty3_gypsy INT|Ty3_gypsy,True,5,5636,5636,0,0,1.0,1.0,1.0,1.0,4232.502392344498,1800.8260869565217,3022.5096153846152,3754.5258620689656,0.8050309749948117,-0.31288380034124996,3022.5096153846152,3754.5258620689656,0.8050309749948117,1.2326219337384852,input_data/ectopic_recombination/JASBQG010610865.1_De_920_6555.fa.depth.txt,32dcaf5d7bb5c2bf6888a7cdf9523d165d14fbfc67fbf202e2b72b0b14e57177,223093,usable,1.0,True,0.8050309749948117,0.0
13,6092,6080,JASBQG010619733.1_De,13,277,265,5815,6092,278,9,12,atcc,6093,6096,atcc,250.0,274.0,gaaagggggaggggaaaggaggaga,-,27.0,,,,,,,,,orestes,SRX19952890,GCA_030264915.1,JASBQG010619733.1_De_13_6092,JASBQG010619733.1_De_13_6092,LTR,Gypsy,unknown,no,+,GAG|Ty3_gypsy RT|Ty3_gypsy RH|Ty3_gypsy INT|Ty3_gypsy,True,5,6080,6080,0,0,1.0,1.0,1.0,1.0,37.97735849056604,15.03956834532374,26.233885819521177,73.54957558244537,0.356683034698335,-1.4872854979182233,26.233885819521177,73.54957558244537,0.356683034698335,1.308063330599162,input_data/ectopic_recombination/JASBQG010619733.1_De_13_6092.fa.depth.txt,1381c0527543b933fccfadf68b317e566877d67c9be50b0689d4ebd14e573a66,225133,usable,1.0,True,0.356683034698335,0.0
976,6565,5590,JASBQG010669571.1_De,976,1103,128,6445,6565,121,972,975,cccc,6566,6569,cccc,,,,,,,,,,,,,,orestes,SRX19952890,GCA_030264915.1,JASBQG010669571.1_De_976_6565,JASBQG010669571.1_De_976_6565,LTR,Gypsy,unknown,no,+,GAG|Ty3_gypsy RT|Ty3_gypsy RH|Ty3_gypsy INT|Ty3_gypsy,True,5,5590,5590,0,0,1.0,1.0,1.0,1.0,12173.78125,6812.661157024793,9568.578313253012,5324.1031642014605,1.7972188025188582,0.8457660605411015,9568.578313253012,5324.1031642014605,1.7972188025188582,0.8374403629497552,input_data/ectopic_recombination/JASBQG010669571.1_De_976_6565.fa.depth.txt,28ef3263f1324654a8b97af913262fcf569956128ba2eaafb9f0795fc2b8cbea,222539,usable,1.0,True,1.7972188025188582,0.0
11,5940,5930,JASBQG010672896.1_De,11,773,763,5166,5940,775,7,10,caga,5941,5944,caga,,,,,,,,,,,,,,orestes,SRX19952890,GCA_030264915.1,JASBQG010672896.1_De_11_5940,JASBQG010672896.1_De_11_5940,LTR,Gypsy,unknown,no,+,INT|Ty3_gypsy GAG|Ty3_gypsy PROT|Ty3_gypsy RT|Ty3_gypsy RH|Ty3_gypsy,True,6,5930,5930,0,2,0.9973787680209698,1.0,0.9986996098829649,1.0,1246.9200524246396,1064.3651612903225,1154.9304291287385,1610.4847449908925,0.7171321757135115,-0.47968904615234703,1156.4342447916667,1610.4847449908925,0.7180659415673053,0.22827659516791302,input_data/ectopic_recombination/JASBQG010672896.1_De_11_5940.fa.depth.txt,d7d3e3bf63195750d0a27b02b7c2388ca34c319aad8d8f5c5e61b781aca5aa18,226203,usable,1.0,True,0.7180659415673053,0.0
252,6418,6167,JASBQG010676220.1_De,252,671,420,6008,6418,411,248,251,ccaa,6419,6422,ccaa,651.0,661.0,gggaggggagg,-,20.0,,,,,,,,,orestes,SRX19952890,GCA_030264915.1,JASBQG010676220.1_De_252_6418,JASBQG010676220.1_De_252_6418,LTR,Gypsy,unknown,no,+,RT|Ty3_gypsy RH|Ty3_gypsy INT|Ty3_gypsy GAG|Ty3_gypsy,True,5,6167,6167,0,0,1.0,1.0,1.0,1.0,74.36190476190477,149.93430656934308,111.73886883273165,109.9985007496252,1.015821743671469,0.02264726029521276,111.73886883273165,109.9985007496252,1.015821743671469,-1.0068299501072147,input_data/ectopic_recombination/JASBQG010676220.1_De_252_6418.fa.depth.txt,848166c2d6d4379aae18203911e0024461e5b36a5a67a2ee81ef6bab64379c2f,235889,usable,1.0,True,1.015821743671469,0.0
10,6474,6465,JASBQG010733842.1_De,10,960,951,5519,6474,956,6,9,gaag,6475,6478,gaag,951.0,959.0,gaaaaaagg,-,9.0,,,,,,,,,orestes,SRX19952890,GCA_030264915.1,JASBQG010733842.1_De_10_6474,JASBQG010733842.1_De_10_6474,LTR,Gypsy,unknown,no,+,RT|Ty3_gypsy RH|Ty3_gypsy INT|Ty3_gypsy GAG|Ty3_gypsy,True,5,6465,6465,0,0,1.0,1.0,1.0,1.0,102.34910620399579,90.11297071129707,96.21499737808075,54.96774901272488,1.7503899851494238,0.807676388891762,96.21499737808075,54.96774901272488,1.7503899851494238,0.18273977293869853,input_data/ectopic_recombination/JASBQG010733842.1_De_10_6474.fa.depth.txt,d2696b3a1eae5ddb93bb8e1109ccb966c5485e529a91febe5fd0a5bd1fd1c845,238969,usable,1.0,True,1.7503899851494238,0.0
18,5887,5870,JASBQG010753785.1_De,18,386,369,5515,5887,373,14,17,tcct,5888,5891,tcct,,,,,,,,,,,,,,orestes,SRX19952890,GCA_030264915.1,JASBQG010753785.1_De_18_5887,JASBQG010753785.1_De_18_5887,LTR,Gypsy,unknown,no,-,GAG|Ty3_gypsy RT|Ty3_gypsy RH|Ty3_gypsy INT|Ty3_gypsy,True,5,5870,5870,0,2,0.994579945799458,1.0,0.9973045822102425,1.0,9.341463414634147,31.742627345844504,20.60242587601078,37.3539391575663,0.5515462717092747,-0.8584461697865775,20.65810810810811,37.3539391575663,0.553036937308489,-1.7120245453658893,input_data/ectopic_recombination/JASBQG010753785.1_De_18_5887.fa.depth.txt,2c8234bb98f879d80843cc103006e0aa1490448bf11640818246d28e4ee8da82,216087,usable,1.0,True,0.553036937308489,0.0
203,5410,5208,JASBQG010836898.1_De,203,310,108,5297,5410,114,199,202,caat,5411,5414,caat,,,,,,,,,,,,,,orestes,SRX19952890,GCA_030264915.1,JASBQG010836898.1_De_203_5410,JASBQG010836898.1_De_203_5410,LTR,Gypsy,unknown,yes,-,GAG|Ty3_gypsy PROT|Bel-Pao RT|Ty3_gypsy RH|Ty3_gypsy INT|Ty3_gypsy,True,6,5208,5208,0,0,1.0,1.0,1.0,1.0,156.5648148148148,113.52631578947368,134.46396396396398,36.13678299237866,3.7209721737633026,1.8956796017177044,134.46396396396398,36.13678299237866,3.7209721737633026,0.4619932105895439,input_data/ectopic_recombination/JASBQG010836898.1_De_203_5410.fa.depth.txt,8fbd0c9836a3258d7eaf778694a8cbaa43c3ba6c4f0c1f21864b10befdc7c6aa,196908,usable,1.0,True,3.720972173763303,4.440892098500626e-16
12,5182,5171,JASBQG010847467.1_De,12,357,346,4839,5182,344,8,11,ccca,5183,5186,ccca,,,,,,,,,,,,,,orestes,SRX19952890,GCA_030264915.1,JASBQG010847467.1_De_12_5182,JASBQG010847467.1_De_12_5182,LTR,Gypsy,unknown,no,-,INT|Ty3_gypsy GAG|Ty3_gypsy PROT|Ty3_gypsy RT|Ty3_gypsy RH|Ty3_gypsy,True,6,5171,5171,0,0,1.0,1.0,1.0,1.0,61.676300578034684,41.19767441860465,51.46666666666667,99.2742691363535,0.5184290664077018,-0.9477814878016215,51.46666666666667,99.2742691363535,0.5184290664077018,0.5763978571746317,input_data/ectopic_recombination/JASBQG010847467.1_De_12_5182.fa.depth.txt,e58e793a70aa8b7f92cb7c8745110e0f030987137e023bde5e46666c6208de41,192161,usable,1.0,True,0.5184290664077018,0.0
1898,8393,6496,JASBQG010853981.1_De,1898,2897,1000,7407,8393,987,1894,1897,gaca,8394,8397,gaca,,,,,,,,,,,,,,orestes,SRX19952890,GCA_030264915.1,JASBQG010853981.1_De_1898_8393,JASBQG010853981.1_De_1898_8393,LTR,Gypsy,unknown,no,-,RH|Ty3_gypsy INT|Ty3_gypsy GAG|Ty3_gypsy PROT|Ty3_gypsy RT|Ty3_gypsy,True,6,6496,6496,0,0,1.0,1.0,1.0,1.0,33.549,123.41742654508612,78.18922999496729,109.03282324240408,0.717116439525145,-0.4797207038728824,78.18922999496729,109.03282324240408,0.717116439525145,-1.863694755555389,input_data/ectopic_recombination/JASBQG010853981.1_De_1898_8393.fa.depth.txt,044a82bf595a1de13d7260a22838384461af5df5275a64869c2cb8c4c413b958,255657,usable,1.0,True,0.717116439525145,0.0
835,6098,5264,JASBQG010856965.1_De,835,956,122,5983,6098,116,831,834,ataa,6099,6102,ataa,,,,,,,,,,,,,,orestes,SRX19952890,GCA_030264915.1,JASBQG010856965.1_De_835_6098,JASBQG010856965.1_De_835_6098,LTR,Gypsy,unknown,yes,-,GAG|Ty3_gypsy PROT|Bel-Pao RT|Ty3_gypsy RH|Ty3_gypsy INT|Ty3_gypsy,True,6,5264,5264,0,0,1.0,1.0,1.0,1.0,140.8360655737705,112.22413793103448,126.89075630252101,48.84699562276164,2.5977187477911676,1.3772452402038884,126.89075630252101,48.84699562276164,2.5977187477911676,0.32633317695443814,input_data/ectopic_recombination/JASBQG010856965.1_De_835_6098.fa.depth.txt,83639b04d526e303af75555d421254db2b536fad4686014ad1b370ced06b06ad,199085,usable,1.0,True,2.597718747791168,4.440892098500626e-16
589,6011,5423,JASBQG010857297.1_De,589,808,220,5803,6011,209,585,588,catt,6012,6015,catt,781.0,791.0,aaggagagaag,-,27.0,,,,,,,,,orestes,SRX19952890,GCA_030264915.1,JASBQG010857297.1_De_589_6011,JASBQG010857297.1_De_589_6011,LTR,Gypsy,unknown,yes,+,GAG|Ty3_gypsy PROT|Ty3_gypsy RT|Ty3_gypsy RH|Ty3_gypsy INT|Ty3_gypsy,True,6,5423,5423,0,0,1.0,1.0,1.0,1.0,27.663636363636364,25.15311004784689,26.44055944055944,34.63716459751702,0.7633580793288964,-0.38956813338617147,26.44055944055944,34.63716459751702,0.7633580793288964,0.1346998791996584,input_data/ectopic_recombination/JASBQG010857297.1_De_589_6011.fa.depth.txt,b65873b0dad5d73e4a6c45c638782d69e243159f7b9201a3e6c77d393d1d0f60,204470,usable,1.0,True,0.7633580793288964,0.0
724,5647,4924,JASDQV010060661.1_De,724,1015,292,5360,5647,288,720,723,aatt,5648,5651,aatt,,,,,,,,,,,,,,organi,SRX19952929,GCA_030180145.1,JASDQV010060661.1_De_724_5647,JASDQV010060661.1_De_724_5647,LTR,Gypsy,unknown,no,-,RT|Ty3_gypsy RH|Ty3_gypsy INT|Ty3_gypsy GAG|Ty3_gypsy PROT|Ty3_gypsy,True,6,4924,4924,0,0,1.0,1.0,1.0,1.0,18.424657534246574,13.302083333333334,15.88103448275862,32.954189686924494,0.48191245585564707,-1.053157004394774,15.88103448275862,32.954189686924494,0.48191245585564707,0.4553811443157067,input_data/ectopic_recombination/JASDQV010060661.1_De_724_5647.fa.depth.txt,19e2ed36624cd48ff9f2e5cc8b2b7004b4526e8f83214553437992500211ab25,185532,usable,1.0,True,0.481912455855647,5.551115123125783e-17
7,5432,5426,JASDQV010068727.1_De,7,203,197,5220,5432,213,3,6,gtaa,5433,5436,gtaa,,,,,,,,,,,,,,organi,SRX19952929,GCA_030180145.1,JASDQV010068727.1_De_7_5432,JASDQV010068727.1_De_7_5432,LTR,Gypsy,unknown,no,-,GAG|Ty3_gypsy INT|Ty3_gypsy RT|Ty3_gypsy RH|Ty3_gypsy,True,5,5426,5426,0,0,1.0,1.0,1.0,1.0,28.913705583756347,55.87323943661972,42.91951219512195,121.22587719298245,0.35404579607039943,-1.4979921089000268,42.91951219512195,121.22587719298245,0.35404579607039943,-0.9385219244022261,input_data/ectopic_recombination/JASDQV010068727.1_De_7_5432.fa.depth.txt,3384c3f146ffa639b6a1748f51bb1b2b877ce65892437eb2e74f653cf6fca459,196771,usable,1.0,True,0.3540457960703994,5.551115123125783e-17
1183,14007,12825,JASDQV010073255.1_De,1183,1491,309,13695,14007,313,1179,1182,ttaa,14008,14011,ttaa,,,,,,,,,,,,,,organi,SRX19952929,GCA_030180145.1,JASDQV010073255.1_De_1183_14007,JASDQV010073255.1_De_1183_14007,LTR,Gypsy,unknown,no,+,PROT|Bel-Pao RT|Ty3_gypsy RH|Ty3_gypsy INT|Ty3_gypsy,True,5,12825,12825,0,0,1.0,1.0,1.0,1.0,63.5210355987055,81.36421725239616,72.5,123.19290338441367,0.5885079254425031,-0.7648662507033288,72.5,123.19290338441367,0.5885079254425031,-0.354686975452528,input_data/ectopic_recombination/JASDQV010073255.1_De_1183_14007.fa.depth.txt,42dd46dc6309be8e8fd5c4b854c5799b33ed79966ceed3f7e997191ba50f1180,522046,usable,1.0,True,0.5885079254425031,0.0
6,4757,4752,JASDQV010077565.1_De,6,227,222,4532,4757,226,2,5,ttgg,4758,4761,ttgg,,,,,,,,,,,,,,organi,SRX19952929,GCA_030180145.1,JASDQV010077565.1_De_6_4757,JASDQV010077565.1_De_6_4757,LTR,Gypsy,unknown,yes,+,GAG|Ty3_gypsy PROT|Ty3_gypsy RT|Ty3_gypsy RH|Ty3_gypsy INT|Ty3_gypsy,True,6,4752,4752,0,0,1.0,1.0,1.0,1.0,55.11711711711712,113.02654867256638,84.33035714285714,96.52091078066914,0.8737003874164283,-0.1947894646973628,84.33035714285714,96.52091078066914,0.8737003874164283,-1.0294288469968493,input_data/ectopic_recombination/JASDQV010077565.1_De_6_4757.fa.depth.txt,dcb1d58f052840dc113c2da62b08447b18aa203ba7157e517336c397fd108511,172438,usable,1.0,True,0.8737003874164283,0.0
14,5142,5129,JASDQV010107515.1_De,14,285,272,4870,5142,273,10,13,atgg,5143,5146,atgg,282.0,291.0,agggggaaaa,-,3.0,,,,,,,,,organi,SRX19952929,GCA_030180145.1,JASDQV010107515.1_De_14_5142,JASDQV010107515.1_De_14_5142,LTR,Gypsy,unknown,yes,+,GAG|Ty3_gypsy PROT|Ty3_gypsy RT|Ty3_gypsy RH|Ty3_gypsy INT|Ty3_gypsy,True,6,5129,5129,0,0,1.0,1.0,1.0,1.0,76.54779411764706,41.83882783882784,59.16146788990826,115.08726003490402,0.51405748883035,-0.9599983848600183,59.16146788990826,115.08726003490402,0.51405748883035,0.8637723243764888,input_data/ectopic_recombination/JASDQV010107515.1_De_14_5142.fa.depth.txt,ff711c3c6bf281a9cd2d23db25b4f7fef6a830373a663005600f5a5b82f38487,191026,usable,1.0,True,0.51405748883035,0.0
6,6944,6939,JASDQV010108619.1_De,6,962,957,6001,6944,944,2,5,tgga,6945,6948,tgga,958.0,971.0,gggaaacgagaaaa,-,4.0,,,,,,,,,organi,SRX19952929,GCA_030180145.1,JASDQV010108619.1_De_6_6944,JASDQV010108619.1_De_6_6944,LTR,Gypsy,unknown,no,+,PROT|Ty3_gypsy RT|Ty3_gypsy RH|Ty3_gypsy INT|Ty3_gypsy GAG|Ty3_gypsy,True,6,6939,6939,0,0,1.0,1.0,1.0,1.0,117.92789968652038,75.14512711864407,96.68279852709101,111.87058356490671,0.8642379028173762,-0.21049959040318927,96.68279852709101,111.87058356490671,0.8642379028173762,0.6466899409658301,input_data/ectopic_recombination/JASDQV010108619.1_De_6_6944.fa.depth.txt,da841ce9e138570ff71cab571a1a3db755c1fbfc112dd34e8c779655dffef30f,251253,usable,1.0,True,0.8642379028173762,0.0
2761,8004,5244,JASDQV010109727.1_De,2761,3102,342,7669,8004,336,2757,2760,actg,8005,8008,actg,7683.0,7696.0,ggagagaaggaaga,+,27.0,,,,,,,,,organi,SRX19952929,GCA_030180145.1,JASDQV010109727.1_De_2761_8004,JASDQV010109727.1_De_2761_8004,LTR,Gypsy,unknown,yes,+,GAG|Ty3_gypsy PROT|Ty3_gypsy RT|Ty3_gypsy RH|Ty3_gypsy INT|Ty3_gypsy,True,6,5244,5244,0,0,1.0,1.0,1.0,1.0,289.14912280701753,234.9375,262.283185840708,395.5122645641699,0.6631480470769416,-0.5925971085005711,262.283185840708,395.5122645641699,0.6631480470769416,0.29896216768848605,input_data/ectopic_recombination/JASDQV010109727.1_De_2761_8004.fa.depth.txt,768af21dc0ce34a2e094b00910850b41cb6d66b2fb36b99b81818e2e981f1029,208508,usable,1.0,True,0.6631480470769416,0.0
1379,7011,5633,JASDQV010118571.1_De,1379,1729,351,6662,7011,350,1374,1378,tagaa,7012,7016,tagaa,6667.0,6678.0,aaaggaaaagaa,+,16.0,,,,,,,,,organi,SRX19952929,GCA_030180145.1,JASDQV010118571.1_De_1379_7011,JASDQV010118571.1_De_1379_7011,LTR,Gypsy,unknown,no,-,GAG|Ty3_gypsy RT|Ty3_gypsy RH|Ty3_gypsy INT|Ty3_gypsy,True,5,5633,5633,0,0,1.0,1.0,1.0,1.0,44.27065527065527,104.65428571428572,74.41940085592012,395.81650446066504,0.18801490088778164,-2.41108108944717,74.41940085592012,395.81650446066504,0.18801490088778164,-1.231882311351205,input_data/ectopic_recombination/JASDQV010118571.1_De_1379_7011.fa.depth.txt,5695e27c6177362cfef44cea29c05dd8048ae898f57ecf9d85b66d74a9b759d0,223846,usable,1.0,True,0.1880149008877816,2.7755575615628914e-17
11,7315,7305,JASDQV010119678.1_De,11,992,982,6328,7315,988,7,10,gcaa,7316,7319,gcaa,,,,,,,,,,,,,,organi,SRX19952929,GCA_030180145.1,JASDQV010119678.1_De_11_7315,JASDQV010119678.1_De_11_7315,LTR,Gypsy,unknown,no,+,INT|Ty3_gypsy PROT|Bel-Pao RT|Ty3_gypsy RH|Ty3_gypsy,True,5,7305,7305,0,0,1.0,1.0,1.0,1.0,143.11914460285132,257.581983805668,200.5248730964467,243.30346766635427,0.8241759766919126,-0.27897568272800544,200.5248730964467,243.30346766635427,0.8241759766919126,-0.8455813583059396,input_data/ectopic_recombination/JASDQV010119678.1_De_11_7315.fa.depth.txt,cfa948ba17c07b54a41630916f227b19618b4f3c3264184fb9eb38a13c9db1d1,274781,usable,1.0,True,0.8241759766919126,0.0
665,6248,5584,JASDQV010139570.1_De,665,974,310,5942,6248,307,661,664,agag,6249,6252,agag,968.0,977.0,agggaaaggg,-,6.0,,,,,,,,,organi,SRX19952929,GCA_030180145.1,JASDQV010139570.1_De_665_6248,JASDQV010139570.1_De_665_6248,LTR,Gypsy,unknown,no,+,GAG|Ty3_gypsy PROT|Ty3_gypsy INT|Ty3_gypsy RT|Ty3_gypsy RH|Ty3_gypsy,True,6,5584,5584,0,0,1.0,1.0,1.0,1.0,74.66774193548387,17.23127035830619,46.089141004862235,136.9240990537548,0.3366035732451172,-1.5708776030809142,46.089141004862235,136.9240990537548,0.3366035732451172,2.0838177634940864,input_data/ectopic_recombination/JASDQV010139570.1_De_665_6248.fa.depth.txt,735081e2e71c2fa0f5b0bc1f08df4e0f3df36095a0702f53fb2197f8ca7c0dbe,214850,usable,1.0,True,0.3366035732451172,0.0
1886,8227,6342,JASDQV010170520.1_De,1886,2048,163,8060,8227,168,1882,1885,tcta,8228,8231,tcta,,,,,,,,,,,,,,organi,SRX19952929,GCA_030180145.1,JASDQV010170520.1_De_1886_8227,JASDQV010170520.1_De_1886_8227,LTR,Gypsy,unknown,yes,+,GAG|Ty3_gypsy PROT|Ty3_gypsy RT|Ty3_gypsy RH|Ty3_gypsy INT|Ty3_gypsy,True,6,6342,6342,0,0,1.0,1.0,1.0,1.0,162.11656441717793,96.85119047619048,128.99093655589124,158.99035102312428,0.8113129867681732,-0.3016695129366421,128.99093655589124,158.99035102312428,0.8113129867681732,0.74020369400588,input_data/ectopic_recombination/JASDQV010170520.1_De_1886_8227.fa.depth.txt,1ba2f268dada088e68c60de631d9fe179f50b0b1c3823a40b803db67a5eddfd3,251312,usable,1.0,True,0.8113129867681732,0.0
1373,8134,6762,JASDQV010183782.1_De,1373,1734,362,7791,8134,344,1369,1372,cata,8135,8138,cata,7803.0,7811.0,gagaaagaa,+,20.0,,,,,,,,,organi,SRX19952929,GCA_030180145.1,JASDQV010183782.1_De_1373_8134,JASDQV010183782.1_De_1373_8134,LTR,Gypsy,unknown,no,+,RH|Ty3_gypsy INT|Ty3_gypsy PROT|Ty3_gypsy RT|Ty3_gypsy,True,5,6762,6762,0,0,1.0,1.0,1.0,1.0,114.19613259668509,155.11337209302326,134.1331444759207,185.48414795244386,0.7231515251120596,-0.46763012181393493,134.1331444759207,185.48414795244386,0.7231515251120596,-0.4401492922361371,input_data/ectopic_recombination/JASDQV010183782.1_De_1373_8134.fa.depth.txt,3854b652bcb3068dba999ae1e97334056b6be9d9476d28dc1e0e30af7aa3cd93,267695,usable,1.0,True,0.7231515251120596,0.0
12,7124,7113,JASDQV010299878.1_De,12,1006,995,6128,7124,997,8,11,gata,7125,7128,gata,,,,,,,,,,,,,,organi,SRX19952929,GCA_030180145.1,JASDQV010299878.1_De_12_7124,JASDQV010299878.1_De_12_7124,LTR,Gypsy,unknown,no,-,PROT|Ty3_gypsy RT|Ty3_gypsy RH|Ty3_gypsy INT|Retrovirus GAG|Ty3_gypsy,True,6,7113,7113,0,0,1.0,1.0,1.0,1.0,48.55778894472362,56.36308926780341,52.46435742971887,117.2847100175747,0.4473247827603212,-1.1606054059055189,52.46435742971887,117.2847100175747,0.4473247827603212,-0.21301026764601425,input_data/ectopic_recombination/JASDQV010299878.1_De_12_7124.fa.depth.txt,1197ca394463b1177f2e6df557be33be39f82bc1b5d69710ec9639f573550b51,264582,usable,1.0,True,0.4473247827603212,0.0
6,5384,5379,JASDQV010306515.1_De,6,145,140,5237,5384,148,2,5,aatt,5385,5388,aatt,,,,,,,,,,,,,,organi,SRX19952929,GCA_030180145.1,JASDQV010306515.1_De_6_5384,JASDQV010306515.1_De_6_5384,LTR,Gypsy,unknown,yes,-,GAG|Ty3_gypsy PROT|Ty3_gypsy RT|Ty3_gypsy RH|Ty3_gypsy INT|Ty3_gypsy,True,6,5379,5379,0,0,1.0,1.0,1.0,1.0,75.87857142857143,272.63513513513516,176.98958333333334,446.07483794932233,0.39677105336625323,-1.3336213178729406,176.98958333333334,446.07483794932233,0.39677105336625323,-1.838375067804341,input_data/ectopic_recombination/JASDQV010306515.1_De_6_5384.fa.depth.txt,df2fcd18b7417e910af90ca740ab9dd28ffbe561e41181f59348e47349b5aa9c,197370,usable,1.0,True,0.3967710533662532,5.551115123125783e-17
1446,7475,6030,JASDQV010318682.1_De,1446,1569,124,7364,7475,112,1442,1445,gact,7476,7479,gact,,,,,,,,,,,,,,organi,SRX19952929,GCA_030180145.1,JASDQV010318682.1_De_1446_7475,JASDQV010318682.1_De_1446_7475,LTR,Gypsy,unknown,no,-,PROT|Ty3_gypsy RT|Ty3_gypsy RH|Ty3_gypsy INT|Ty3_gypsy,True,5,6030,6030,0,0,1.0,1.0,1.0,1.0,60.53225806451613,11.5625,37.29237288135593,106.05039696237488,0.3516476500751498,-1.507797518520702,37.29237288135593,106.05039696237488,0.3516476500751498,2.3390430256844397,input_data/ectopic_recombination/JASDQV010318682.1_De_1446_7475.fa.depth.txt,943dbc2c7f3102eca3c77d39b5c916fb7c30825949e9ac13a4fe237982275a0c,235675,usable,1.0,True,0.3516476500751498,0.0
923,7389,6467,JASDQV010347456.1_De,923,1245,323,7082,7389,308,919,922,atgt,7390,7393,atgt,7054.0,7062.0,aggaaggag,+,20.0,,,,,,,,,organi,SRX19952929,GCA_030180145.1,JASDQV010347456.1_De_923_7389,JASDQV010347456.1_De_923_7389,LTR,Gypsy,unknown,yes,-,GAG|Ty3_gypsy PROT|Bel-Pao RT|Ty3_gypsy RH|Ty3_gypsy INT|Ty3_gypsy,True,6,6467,6467,0,4,0.9876160990712074,1.0,0.993660855784469,1.0,21.43343653250774,28.087662337662337,24.68145800316957,72.71435915010281,0.3394303173630414,-1.558812665080683,24.838915470494417,72.71435915010281,0.3415957420352139,-0.3822607818458728,input_data/ectopic_recombination/JASDQV010347456.1_De_923_7389.fa.depth.txt,2014635e2f0f7852f7976dee3e0df8d43c9c45e5e17fc7f754caf190a34c7674,245427,usable,1.0,True,0.3415957420352139,0.0
5,6215,6211,JASDQV010358515.1_De,5,1000,996,5222,6215,994,1,4,tgga,6216,6219,tgga,987.0,997.0,ggaaggaagaa,-,13.0,,,,,,,,,organi,SRX19952929,GCA_030180145.1,JASDQV010358515.1_De_5_6215,JASDQV010358515.1_De_5_6215,LTR,Gypsy,unknown,no,+,INT|Ty3_gypsy RT|Ty3_gypsy RH|Ty3_gypsy GAG|Ty3_gypsy PROT|Ty3_gypsy,True,6,6211,6211,0,0,1.0,1.0,1.0,1.0,60.10140562248996,15.626760563380282,37.88643216080402,54.65482113243307,0.693194696749663,-0.5286674776111902,37.88643216080402,54.65482113243307,0.693194696749663,1.9098945881600489,input_data/ectopic_recombination/JASDQV010358515.1_De_5_6215.fa.depth.txt,d2141c97c4dc4cc6f081a9b5687b02bdb17f6eb6c7442ab80b38867c26526c45,222658,usable,1.0,True,0.693194696749663,0.0
574,6910,6337,JASDQV010523393.1_De,574,770,197,6725,6910,186,570,573,gcag,6911,6914,gcag,,,,,,,,,,,,,,organi,SRX19952929,GCA_030180145.1,JASDQV010523393.1_De_574_6910,JASDQV010523393.1_De_574_6910,LTR,Gypsy,unknown,no,+,PROT|Bel-Pao RT|Ty3_gypsy RH|Ty3_gypsy INT|Ty3_gypsy GAG|Ty3_gypsy,True,6,6337,6337,0,0,1.0,1.0,1.0,1.0,42.59390862944162,52.973118279569896,47.63446475195823,89.06180718844475,0.5348472735475608,-0.9028011083295305,47.63446475195823,89.06180718844475,0.5348472735475608,-0.3113298525849547,input_data/ectopic_recombination/JASDQV010523393.1_De_574_6910.fa.depth.txt,a649245cd4e71916093dfbb8cd09249f4e5f58dee866508db303b38d49aae74e,241741,usable,1.0,True,0.5348472735475608,0.0
6,5353,5348,JASDQV010544417.1_De,6,239,234,5107,5353,247,2,5,ttgg,5354,5357,ttgg,247.0,256.0,aaggggcagg,-,8.0,,,,,,,,,organi,SRX19952929,GCA_030180145.1,JASDQV010544417.1_De_6_5353,JASDQV010544417.1_De_6_5353,LTR,Gypsy,unknown,no,+,GAG|Ty3_gypsy RT|Ty3_gypsy RH|Ty3_gypsy INT|Ty3_gypsy,True,5,5348,5348,0,0,1.0,1.0,1.0,1.0,462.5811965811966,111.3076923076923,282.1975051975052,304.2471748510376,0.9275271178300075,-0.10853863289844345,282.1975051975052,304.2471748510376,0.9275271178300075,2.0502457293571172,input_data/ectopic_recombination/JASDQV010544417.1_De_6_5353.fa.depth.txt,387b78e32cc96805fadda1ab54aa81685a07a652e716d011e1f2458e2b902d77,196434,usable,1.0,True,0.9275271178300076,1.1102230246251565e-16
113,6052,5940,JASDQV010759292.1_De,113,779,667,5381,6052,672,108,112,cattc,6053,6057,cattc,,,,,,,,,,,,,,organi,SRX19952929,GCA_030180145.1,JASDQV010759292.1_De_113_6052,JASDQV010759292.1_De_113_6052,LTR,Gypsy,unknown,yes,-,GAG|Ty3_gypsy PROT|Ty3_gypsy RT|Ty3_gypsy RH|Ty3_gypsy INT|Ty3_gypsy,True,6,5940,5940,0,0,1.0,1.0,1.0,1.0,563.2788605697151,125.7172619047619,343.6811053024645,433.174527276679,0.7934010050478963,-0.3338778698560247,343.6811053024645,433.174527276679,0.7934010050478963,2.1592201519593224,input_data/ectopic_recombination/JASDQV010759292.1_De_113_6052.fa.depth.txt,2d14d607d97323db780d387e97b042a6f384106e74bda221f59610df36faf1c7,229886,usable,1.0,True,0.7934010050478963,0.0
21,5557,5537,JASDQV010995319.1_De,21,627,607,4926,5557,632,17,20,atga,5558,5561,atga,,,,,,,,,,,,,,organi,SRX19952929,GCA_030180145.1,JASDQV010995319.1_De_21_5557,JASDQV010995319.1_De_21_5557,LTR,Gypsy,unknown,no,-,PROT|Ty3_gypsy RT|Ty3_gypsy RH|Ty3_gypsy INT|Ty3_gypsy GAG|Ty3_gypsy,True,6,5537,5537,0,0,1.0,1.0,1.0,1.0,109.37067545304778,391.5775316455696,253.32122679580306,551.6714751046999,0.4591885537451906,-1.1228414146787815,253.32122679580306,551.6714751046999,0.4591885537451906,-1.8353325877693125,input_data/ectopic_recombination/JASDQV010995319.1_De_21_5557.fa.depth.txt,48c6a2d6d1846291912eae4eee45b774c0dc5bafe0af2a967b807ec6da70979e,208923,usable,1.0,True,0.4591885537451906,0.0
2959,14752,11794,JASBQL010000082.1_De,2959,3440,482,14277,14752,476,2955,2958,ttgc,14753,14756,ttgc,,,,,,,,,,,,,,pascagoula,SRX19953381,GCA_030264975.1,JASBQL010000082.1_De_2959_14752,JASBQL010000082.1_De_2959_14752,LTR,Gypsy,unknown,no,-,PROT|Ty3_gypsy RT|Ty3_gypsy RH|Ty3_gypsy INT|Ty3_gypsy GAG|Ty3_gypsy,True,6,11794,11794,0,0,1.0,1.0,1.0,1.0,3996.8858921161827,4745.876050420168,4369.035490605428,5230.487356958287,0.8353017974115086,-0.25963055243431427,4369.035490605428,5230.487356958287,0.8353017974115086,-0.24776955662245623,input_data/ectopic_recombination/JASBQL010000082.1_De_2959_14752.fa.depth.txt,54d0408ee2cf4c9f2886f18eededcc5c6dcdbff168a7a919e10073ed06a33221,495341,usable,1.0,True,0.8353017974115086,0.0
189,5959,5771,JASBQL010017678.1_De,189,323,135,5830,5959,130,185,188,ttcc,5960,5963,ttcc,,,,,,,,,,,,,,pascagoula,SRX19953381,GCA_030264975.1,JASBQL010017678.1_De_189_5959,JASBQL010017678.1_De_189_5959,LTR,Gypsy,unknown,no,-,GAG|Ty3_gypsy RT|Ty3_gypsy RH|Ty3_gypsy INT|Ty3_gypsy,True,5,5771,5771,0,0,1.0,1.0,1.0,1.0,35.53333333333333,13.292307692307693,24.62264150943396,49.08390846349437,0.5016438641545179,-0.9952645907837467,24.62264150943396,49.08390846349437,0.5016438641545179,1.3854682522862112,input_data/ectopic_recombination/JASBQL010017678.1_De_189_5959.fa.depth.txt,8cd62e074688580bc4bc5ddb570dbf5214e09b05ae21945d367313e8a0dd6149,218536,usable,1.0,True,0.5016438641545179,0.0
2487,9054,6568,JASBQL010035502.1_De,2487,3353,867,8179,9054,876,2483,2486,ggta,9055,9058,ggta,3330.0,3338.0,gaaggaaag,-,23.0,,,,,,,,,pascagoula,SRX19953381,GCA_030264975.1,JASBQL010035502.1_De_2487_9054,JASBQL010035502.1_De_2487_9054,LTR,Gypsy,unknown,no,-,RH|Ty3_gypsy INT|Ty3_gypsy GAG|Ty3_gypsy RT|Ty3_gypsy,True,5,6568,6568,0,0,1.0,1.0,1.0,1.0,51.68166089965398,99.53995433789954,75.73436603557086,71.03854922279793,1.0661023748957128,0.09234598280883335,75.73436603557086,71.03854922279793,1.0661023748957128,-0.9389615343260774,input_data/ectopic_recombination/JASBQL010035502.1_De_2487_9054.fa.depth.txt,84d50f24c71c1f050d794808989ae375434a74e48cef30c3a22252c05e75d34d,256383,usable,1.0,True,1.0661023748957128,0.0
5,5488,5484,JASBQL010067933.1_De,5,409,405,5086,5488,403,1,4,atat,5489,5492,atat,,,,,,,,,,,,,,pascagoula,SRX19953381,GCA_030264975.1,JASBQL010067933.1_De_5_5488,JASBQL010067933.1_De_5_5488,LTR,Gypsy,unknown,yes,+,GAG|Ty3_gypsy PROT|Bel-Pao RT|Ty3_gypsy RH|Ty3_gypsy INT|Ty3_gypsy,True,6,5484,5484,0,0,1.0,1.0,1.0,1.0,44.980246913580245,40.54590570719603,42.76856435643565,84.18840889649273,0.5080101277245705,-0.9770708359364422,42.76856435643565,84.18840889649273,0.5080101277245705,0.14800176505951942,input_data/ectopic_recombination/JASBQL010067933.1_De_5_5488.fa.depth.txt,85302dce8c39d10f2fa8f073c9eff61c6805347b809c5756b6ec419a53c1b42f,196902,usable,1.0,True,0.5080101277245705,0.0
1086,7945,6860,JASBQL010162831.1_De,1086,1776,691,7266,7945,680,1082,1085,gtag,7946,7949,gtag,,,,,,,,,,,,,,pascagoula,SRX19953381,GCA_030264975.1,JASBQL010162831.1_De_1086_7945,JASBQL010162831.1_De_1086_7945,LTR,Gypsy,unknown,no,-,PROT|Bel-Pao RT|Ty3_gypsy RH|Ty3_gypsy INT|Ty3_gypsy,True,5,6860,6860,0,0,1.0,1.0,1.0,1.0,36.04196816208394,16.291176470588237,26.24580598103574,65.46912005829842,0.4008883265524966,-1.3187276865531319,26.24580598103574,65.46912005829842,0.4008883265524966,1.1218510241039286,input_data/ectopic_recombination/JASBQL010162831.1_De_1086_7945.fa.depth.txt,6c1c7ca75665a1cd8c590256283270ee7e636ab918b0e8829e495b0bddceb570,266683,usable,1.0,True,0.4008883265524966,0.0
4321,9360,5040,JASBQL010177213.1_De,4321,4474,154,9207,9360,154,4317,4320,ggtc,9361,9364,ggtc,9194.0,9204.0,aaggggggaga,+,3.0,,,,,,,,,pascagoula,SRX19953381,GCA_030264975.1,JASBQL010177213.1_De_4321_9360,JASBQL010177213.1_De_4321_9360,LTR,Gypsy,unknown,yes,+,GAG|Ty3_gypsy PROT|Ty3_gypsy RT|Ty3_gypsy RH|Ty3_gypsy INT|Ty3_gypsy,True,6,5040,5040,0,0,1.0,1.0,1.0,1.0,9.402597402597403,20.42207792207792,14.912337662337663,75.47210481825867,0.1975874092586587,-2.3394370770074224,14.912337662337663,75.47210481825867,0.1975874092586587,-1.0791472513689577,input_data/ectopic_recombination/JASBQL010177213.1_De_4321_9360.fa.depth.txt,3f415b216efa29cf163299f479db9c596e7c2c3dc21a90dafc6bf7adf202a181,196501,usable,1.0,True,0.1975874092586587,0.0
1451,7781,6331,JASBQL010191594.1_De,1451,1787,337,7470,7781,312,1447,1450,ggta,7782,7785,ggta,,,,,,,,,,,,,,pascagoula,SRX19953381,GCA_030264975.1,JASBQL010191594.1_De_1451_7781,JASBQL010191594.1_De_1451_7781,LTR,Gypsy,unknown,no,-,PROT|Bel-Pao RT|Ty3_gypsy RH|Ty3_gypsy INT|Ty3_gypsy,True,5,6331,6331,0,0,1.0,1.0,1.0,1.0,42.32047477744807,19.17948717948718,31.19568567026194,47.58377331925379,0.6555950378495783,-0.6091231600608782,31.19568567026194,47.58377331925379,0.6555950378495783,1.121608165368517,input_data/ectopic_recombination/JASBQL010191594.1_De_1451_7781.fa.depth.txt,6a8fa4e43beb02b577e27c8f17e36e872eb6ec1ee0b871eec3b4b9a2ffd6db2a,245874,usable,1.0,True,0.6555950378495783,0.0
1527,7551,6025,JASBQL010199345.1_De,1527,2326,800,6756,7551,796,1523,1526,ggat,7552,7555,ggat,6756.0,6764.0,agggaaagg,+,8.0,,,,,,,,,pascagoula,SRX19953381,GCA_030264975.1,JASBQL010199345.1_De_1527_7551,JASBQL010199345.1_De_1527_7551,LTR,Gypsy,unknown,no,+,GAG|Ty3_gypsy RT|Ty3_gypsy RH|Ty3_gypsy INT|Ty3_gypsy,True,5,6025,6025,0,0,1.0,1.0,1.0,1.0,70.78625,36.78517587939699,53.82832080200501,61.49221043124859,0.8753681226370583,-0.19203824706621075,53.82832080200501,61.49221043124859,0.8753681226370583,0.9350216833133728,input_data/ectopic_recombination/JASBQL010199345.1_De_1527_7551.fa.depth.txt,bbe78a44eeb93efd9d7e9dfea5b06ad92add40ca019ba81b06547969dd4b0841,234462,usable,1.0,True,0.8753681226370583,0.0
1123,6739,5617,JASBQL010376608.1_De,1123,1241,119,6625,6739,115,1119,1122,ctag,6740,6743,ctag,6603.0,6610.0,aaggagga,+,15.0,,,,,,,,,pascagoula,SRX19953381,GCA_030264975.1,JASBQL010376608.1_De_1123_6739,JASBQL010376608.1_De_1123_6739,LTR,Gypsy,unknown,no,+,GAG|Ty3_gypsy RT|Ty3_gypsy RH|Ty3_gypsy INT|Ty3_gypsy,True,5,5617,5617,0,0,1.0,1.0,1.0,1.0,1048.3781512605042,4654.95652173913,2820.8418803418804,4641.630874976779,0.6077264557052897,-0.7185059978636071,2820.8418803418804,4641.630874976779,0.6077264557052897,-2.1500755587845983,input_data/ectopic_recombination/JASBQL010376608.1_De_1123_6739.fa.depth.txt,3f8d50353fe7ca4479c6d9bbf45ed927adf0b46553c4c59de01dbc8fcc49ef37,227661,usable,1.0,True,0.6077264557052897,0.0
140,6461,6322,JASBQL010396560.1_De,140,1007,868,5601,6461,861,136,139,ttgt,6462,6465,ttgt,1022.0,1033.0,agggatagggaa,-,15.0,,,,,,,,,pascagoula,SRX19953381,GCA_030264975.1,JASBQL010396560.1_De_140_6461,JASBQL010396560.1_De_140_6461,LTR,Gypsy,unknown,no,-,GAG|Ty3_gypsy RT|Ty3_gypsy RH|Ty3_gypsy INT|Ty3_gypsy,True,5,6322,6322,0,0,1.0,1.0,1.0,1.0,1194.5391705069123,5934.0801393728225,3554.7154424522846,4661.333986501198,0.76259616941125,-0.3910088105913294,3554.7154424522846,4661.333986501198,0.76259616941125,-2.312088058406378,input_data/ectopic_recombination/JASBQL010396560.1_De_140_6461.fa.depth.txt,8c04c7d297756d912295367b1435b8b2fe49a668f7ea977d8ac30a76dc143f44,250830,usable,1.0,True,0.76259616941125,0.0
6,7020,7015,JASBQL010419831.1_De,6,917,912,6109,7020,912,2,5,aacg,7021,7024,aacg,906.0,921.0,aaagaaacgaaagaaa,-,11.0,,,,,,,,,pascagoula,SRX19953381,GCA_030264975.1,JASBQL010419831.1_De_6_7020,JASBQL010419831.1_De_6_7020,LTR,Gypsy,unknown,no,+,RT|Ty3_gypsy RH|Ty3_gypsy INT|Ty3_gypsy PROT|Ty3_gypsy,True,5,7015,7015,0,0,1.0,1.0,1.0,1.0,25.083333333333332,32.71600877192982,28.89967105263158,601.7934887304951,0.048022571852009345,-4.3801435205091295,28.89967105263158,601.7934887304951,0.048022571852009345,-0.37667448004442183,input_data/ectopic_recombination/JASBQL010419831.1_De_6_7020.fa.depth.txt,3d58e1f6eebd27ce5fee469573cae1a6e2d6754d3e9c029bdf345864f4198811,252146,usable,1.0,True,0.0480225718520093,4.163336342344337e-17
4839,10110,5272,JASBQL010654109.1_De,4839,5037,199,9914,10110,197,4835,4838,aagg,10111,10114,aagg,9899.0,9907.0,agggaaagg,+,7.0,,,,,,,,,pascagoula,SRX19953381,GCA_030264975.1,JASBQL010654109.1_De_4839_10110,JASBQL010654109.1_De_4839_10110,LTR,Gypsy,unknown,no,+,GAG|Ty3_gypsy RT|Ty3_gypsy RH|Ty3_gypsy INT|Ty3_gypsy,True,5,5272,5272,0,0,1.0,1.0,1.0,1.0,125.94472361809045,180.4010152284264,153.03535353535352,91.40791632485644,1.6742024070593413,0.7434739568059904,153.03535353535352,91.40791632485644,1.6742024070593413,-0.5166936681038854,input_data/ectopic_recombination/JASBQL010654109.1_De_4839_10110.fa.depth.txt,c591e1357b052342efdddaacebdb46e53690678ddca89c0f7f9c05c3cf2523e0,211438,usable,1.0,True,1.674202407059341,2.220446049250313e-16
966,6553,5588,JASBQL010656435.1_De,966,1082,117,6437,6553,117,962,965,ggac,6554,6557,ggac,,,,,,,,,,,,,,pascagoula,SRX19953381,GCA_030264975.1,JASBQL010656435.1_De_966_6553,JASBQL010656435.1_De_966_6553,LTR,Gypsy,unknown,no,-,GAG|Ty3_gypsy RT|Ty3_gypsy RH|Ty3_gypsy INT|Ty3_gypsy,True,5,5588,5588,0,0,1.0,1.0,1.0,1.0,3729.7948717948716,2217.324786324786,2973.559829059829,2164.223571161748,1.3739614837775895,0.45834156169464885,2973.559829059829,2164.223571161748,1.3739614837775895,0.7501442834269094,input_data/ectopic_recombination/JASBQL010656435.1_De_966_6553.fa.depth.txt,f1d2ec2577bc712dcb7638be7be9dc853a0aa81af1601e51527ef8ff4dbd7c05,219481,usable,1.0,True,1.3739614837775895,0.0
230,6236,6007,JASBQL010657210.1_De,230,777,548,5687,6236,550,226,229,tgct,6237,6240,tgct,,,,,,,,,,,,,,pascagoula,SRX19953381,GCA_030264975.1,JASBQL010657210.1_De_230_6236,JASBQL010657210.1_De_230_6236,LTR,Gypsy,unknown,no,-,PROT|Ty3_gypsy RT|Ty3_gypsy RH|Ty3_gypsy INT|Ty3_gypsy,True,5,6007,6007,0,100,1.0,1.0,1.0,0.9796292523935628,95.51094890510949,111.48727272727272,103.51366120218579,84.35995111020574,1.227047429970154,0.29519101563507566,103.51366120218579,86.11416094822208,1.2020515564731045,-0.2220639378358557,input_data/ectopic_recombination/JASBQL010657210.1_De_230_6236.fa.depth.txt,3ae74abdbe7186b34ebfc0da6890898e2b3c3c9b03436b577c655bd8cb821f52,229333,usable,1.0,True,1.2020515564731045,0.0
5,5805,5801,JASBQL010660307.1_De,5,595,591,5221,5805,585,1,4,attg,5806,5809,attg,569.0,578.0,agagggagag,-,26.0,,,,,,,,,pascagoula,SRX19953381,GCA_030264975.1,JASBQL010660307.1_De_5_5805,JASBQL010660307.1_De_5_5805,LTR,Gypsy,unknown,no,-,GAG|Ty3_gypsy RT|Ty3_gypsy RH|Ty3_gypsy INT|Ty3_gypsy,True,5,5801,5801,0,0,1.0,1.0,1.0,1.0,35.98984771573604,29.104273504273504,32.564625850340136,42.65664864864865,0.7634126655979518,-0.38946497272506747,32.564625850340136,42.65664864864865,0.7634126655979518,0.3016896799644014,input_data/ectopic_recombination/JASBQL010660307.1_De_5_5805.fa.depth.txt,ccb8b59ec0536e05aeb9af5b39a2e4a6a83e5a57098d1c48f8a908c72de9aa08,207817,usable,1.0,True,0.7634126655979518,0.0
6,5597,5592,JASBQL010662965.1_De,6,120,115,5475,5597,123,2,5,atac,5598,5601,atac,,,,,,,,,,,,,,pascagoula,SRX19953381,GCA_030264975.1,JASBQL010662965.1_De_6_5597,JASBQL010662965.1_De_6_5597,LTR,Gypsy,unknown,no,-,GAG|Ty3_gypsy RT|Ty3_gypsy RH|Ty3_gypsy INT|Ty3_gypsy,True,5,5592,5592,0,0,1.0,1.0,1.0,1.0,451.4086956521739,1097.138211382114,785.1260504201681,1879.8987672768023,0.41764272847388045,-1.2596587752116086,785.1260504201681,1879.8987672768023,0.41764272847388045,-1.280299388317417,input_data/ectopic_recombination/JASBQL010662965.1_De_6_5597.fa.depth.txt,0e2dfee1dc6dea7a232ae27b72d3c67dc110bba625f8cca244b5b71b010df290,208126,usable,1.0,True,0.4176427284738804,5.551115123125783e-17
165,6238,6074,JASBQL010679113.1_De,165,1032,868,5387,6238,852,161,164,ttgt,6239,6242,ttgt,,,,,,,,,,,,,,pascagoula,SRX19953381,GCA_030264975.1,JASBQL010679113.1_De_165_6238,JASBQL010679113.1_De_165_6238,LTR,Gypsy,unknown,no,+,GAG|Ty3_gypsy RT|Ty3_gypsy RH|Ty3_gypsy INT|Ty3_gypsy,True,5,6074,6074,0,0,1.0,1.0,1.0,1.0,37.314516129032256,17.226525821596244,27.363953488372093,56.899402847955905,0.48091811370134857,-1.0561368287798742,27.363953488372093,56.899402847955905,0.48091811370134857,1.0930303447753857,input_data/ectopic_recombination/JASBQL010679113.1_De_165_6238.fa.depth.txt,6533cbeca5a65a6d6e63e372dbc31a9a0a1c73b83d0dc5171ad5a0eedec2358d,229891,usable,1.0,True,0.4809181137013485,5.551115123125783e-17
1221,10648,9428,JAUEJI010000022.1_De,1221,1762,542,10108,10648,541,1217,1220,ggtg,10649,10652,ggtg,,,,,,,,,,,,,,perlapsus,SRX20503048,GCA_032275285.1,JAUEJI010000022.1_De_1221_10648,JAUEJI010000022.1_De_1221_10648,LTR,Gypsy,unknown,no,+,ENDO|LINE PROT|Bel-Pao RT|Ty3_gypsy RH|Ty3_gypsy INT|Ty3_gypsy,True,6,9428,9428,0,0,1.0,1.0,1.0,1.0,15652.562730627305,13451.992606284659,14553.293628808864,10614.895026962253,1.371025675886848,0.4552555894451967,14553.293628808864,10614.895026962253,1.371025675886848,0.218571453452932,input_data/ectopic_recombination/JAUEJI010000022.1_De_1221_10648.fa.depth.txt,ea55f839cb304c85b04ec5dcc6f506783a38c88ab9f036e44e05c0273f4c3968,393482,usable,1.0,True,1.371025675886848,0.0
28,5982,5955,JAUEJI010004944.1_De,28,654,627,5330,5982,653,24,27,actg,5983,5986,actg,,,,,,,,,,,,,,perlapsus,SRX20503048,GCA_032275285.1,JAUEJI010004944.1_De_28_5982,JAUEJI010004944.1_De_28_5982,LTR,Gypsy,unknown,yes,+,GAG|Ty3_gypsy PROT|Ty3_gypsy RT|Ty3_gypsy RH|Ty3_gypsy INT|Ty3_gypsy,True,6,5955,5955,0,0,1.0,1.0,1.0,1.0,31.352472089314194,91.77794793261869,62.17890625,142.3351871657754,0.4368484525023406,-1.1947952150303633,62.17890625,142.3351871657754,0.4368484525023406,-1.5345805766283347,input_data/ectopic_recombination/JAUEJI010004944.1_De_28_5982.fa.depth.txt,0108761af2d892c18db1e585bc06a6a0901572d88db091578f5b9586b2ced892,222738,usable,1.0,True,0.4368484525023406,0.0
13,5547,5535,JAUEJI010008139.1_De,13,342,330,5210,5547,338,9,12,gaag,5548,5551,gaag,5198.0,5211.0,aggaatggaggggg,+,1.0,,,,,,,,,perlapsus,SRX20503048,GCA_032275285.1,JAUEJI010008139.1_De_13_5547,JAUEJI010008139.1_De_13_5547,LTR,Gypsy,unknown,no,-,PROT|Ty3_gypsy RT|Ty3_gypsy RH|Ty3_gypsy INT|Ty3_gypsy,True,5,5535,5535,0,16,0.9515151515151515,1.0,0.9760479041916168,1.0,12.55151515151515,32.51183431952663,22.65119760479042,139.83727141976576,0.16198254853525917,-2.626089704603636,23.207055214723926,139.83727141976576,0.16595758040115513,-1.338766005769849,input_data/ectopic_recombination/JAUEJI010008139.1_De_13_5547.fa.depth.txt,c49b31d370fe86fe9c871c8e93da720a2cc29e41a348b8c5c8dd2219fe9563b5,206618,usable,1.0,True,0.1659575804011551,2.7755575615628914e-17
801,6356,5556,JAUEJI010008800.1_De,801,1121,321,6043,6356,314,797,800,tcag,6357,6360,tcag,,,,,,,,,,,,,,perlapsus,SRX20503048,GCA_032275285.1,JAUEJI010008800.1_De_801_6356,JAUEJI010008800.1_De_801_6356,LTR,Gypsy,unknown,yes,+,GAG|Ty3_gypsy PROT|Ty3_gypsy RT|Ty3_gypsy RH|Ty3_gypsy INT|Ty3_gypsy,True,6,5556,5556,0,0,1.0,1.0,1.0,1.0,260.0747663551402,47.0859872611465,154.75433070866143,612.3424100792522,0.25272515534018364,-1.9843588228551141,154.75433070866143,612.3424100792522,0.25272515534018364,2.4530886744324594,input_data/ectopic_recombination/JAUEJI010008800.1_De_801_6356.fa.depth.txt,873e66eb72c2bfc806020a07f603b40d6d91ff5aff6f2f4255369779c711a444,215396,usable,1.0,True,0.2527251553401836,5.551115123125783e-17
10,6029,6020,JAUEJI010009244.1_De,10,485,476,5554,6029,476,6,9,tgaa,6030,6033,tgaa,460.0,479.0,ggaaaggcgggagaagagga,-,25.0,,,,,,,,,perlapsus,SRX20503048,GCA_032275285.1,JAUEJI010009244.1_De_10_6029,JAUEJI010009244.1_De_10_6029,LTR,Gypsy,unknown,no,+,RT|Ty3_gypsy RH|Ty3_gypsy INT|Ty3_gypsy GAG|Ty3_gypsy,True,5,6020,6020,0,11,1.0,1.0,1.0,0.9978295185477506,79.97478991596638,20.00420168067227,49.989495798319325,27.940213101815313,1.7891594318252153,0.8392819515346742,49.989495798319325,28.000988728495155,1.7852760944633217,1.9726173312151545,input_data/ectopic_recombination/JAUEJI010009244.1_De_10_6029.fa.depth.txt,4d12dd9cbf27bad466f95b8678a83ed16065abf27fbd94d33aae809b73f03243,221334,usable,1.0,True,1.7852760944633217,0.0
990,6347,5358,JAUEJI010010016.1_De,990,1143,154,6186,6347,162,986,989,ctca,6348,6351,ctca,,,,,,,,,,,,,,perlapsus,SRX20503048,GCA_032275285.1,JAUEJI010010016.1_De_990_6347,JAUEJI010010016.1_De_990_6347,LTR,Gypsy,unknown,no,-,INT|Ty3_gypsy GAG|Ty3_gypsy PROT|Ty3_gypsy RT|Ty3_gypsy RH|Ty3_gypsy,True,6,5358,5358,0,0,1.0,1.0,1.0,1.0,43.72077922077922,54.141975308641975,49.063291139240505,66.59202697342324,0.7367742561556442,-0.4407054422060058,49.063291139240505,66.59202697342324,0.7367742561556442,-0.3052851907118547,input_data/ectopic_recombination/JAUEJI010010016.1_De_990_6347.fa.depth.txt,bf41eea223eabd320520f5dad5de9b6ff1cb029271193962e5fd35f8eb52b230,203401,usable,1.0,True,0.7367742561556442,0.0
6,6331,6326,JAUEJI010013336.1_De,6,863,858,5467,6331,865,2,5,cggc,6332,6335,cggc,,,,,,,,,,,,,,perlapsus,SRX20503048,GCA_032275285.1,JAUEJI010013336.1_De_6_6331,JAUEJI010013336.1_De_6_6331,LTR,Gypsy,unknown,no,-,RT|Ty3_gypsy RH|Ty3_gypsy INT|Ty3_gypsy GAG|Ty3_gypsy,True,5,6326,6326,0,0,1.0,1.0,1.0,1.0,744.425407925408,2441.4589595375724,1596.3894370284388,2771.4586139474254,0.5760105631722496,-0.7958328261078207,1596.3894370284388,2771.4586139474254,0.5760105631722496,-1.7128710784156114,input_data/ectopic_recombination/JAUEJI010013336.1_De_6_6331.fa.depth.txt,a78bc095bd1d436a6f6e16541eaa711e487ef39ff1c40cd88b396ddf3ae205fc,237127,usable,1.0,True,0.5760105631722496,0.0
2305,8063,5759,JAUEJI010017742.1_De,2305,2500,196,7882,8063,182,2301,2304,gggt,8064,8067,gggt,,,,,,,,,,,,,,perlapsus,SRX20503048,GCA_032275285.1,JAUEJI010017742.1_De_2305_8063,JAUEJI010017742.1_De_2305_8063,LTR,Gypsy,unknown,no,-,GAG|Ty3_gypsy RT|Ty3_gypsy RH|Ty3_gypsy INT|Ty3_gypsy,True,5,5759,5759,0,0,1.0,1.0,1.0,1.0,138.48979591836735,96.79120879120879,118.41269841269842,120.28210369819736,0.9844581593768138,-0.022598203684164472,118.41269841269842,120.28210369819736,0.9844581593768138,0.5145976154143796,input_data/ectopic_recombination/JAUEJI010017742.1_De_2305_8063.fa.depth.txt,0d0490e27c163157705faadac4fc99bfc51f018c7ac331a6b7142a64b1349db8,226755,usable,1.0,True,0.9844581593768138,0.0
17,6041,6025,JAUEJI010019616.1_De,17,341,325,5693,6041,349,13,16,gcca,6042,6045,gcca,5698.0,5717.0,ggaaggggccaaggagaagg,+,24.0,,,,,,,,,perlapsus,SRX20503048,GCA_032275285.1,JAUEJI010019616.1_De_17_6041,JAUEJI010019616.1_De_17_6041,LTR,Gypsy,unknown,no,+,INT|Ty3_gypsy GAG|Ty3_gypsy RT|Ty3_gypsy RH|Ty3_gypsy,True,5,6025,6025,0,0,1.0,1.0,1.0,1.0,16.212307692307693,33.77077363896848,25.30415430267062,53.41263315268174,0.47374848999370384,-1.0778067499826662,25.30415430267062,53.41263315268174,0.47374848999370384,-1.0360678006714328,input_data/ectopic_recombination/JAUEJI010019616.1_De_17_6041.fa.depth.txt,c3cdf09d7a3adb437b1db6f183a894bc403bdc372cff9427c2876d1192dab0f6,222218,usable,1.0,True,0.4737484899937038,5.551115123125783e-17
240,6172,5933,JAUEJI010025242.1_De,240,844,605,5563,6172,610,236,239,tgtt,6173,6176,tgtt,5562.0,5569.0,ggaagagg,+,6.0,,,,,,,,,perlapsus,SRX20503048,GCA_032275285.1,JAUEJI010025242.1_De_240_6172,JAUEJI010025242.1_De_240_6172,LTR,Gypsy,unknown,no,+,RH|Ty3_gypsy INT|Ty3_gypsy PROT|Ty3_gypsy RT|Ty3_gypsy,True,5,5933,5933,0,0,1.0,1.0,1.0,1.0,33.33388429752066,28.452459016393444,30.883127572016463,37.270665536244174,0.8286175502281788,-0.27122171777682974,30.883127572016463,37.270665536244174,0.8286175502281788,0.22478292948121273,input_data/ectopic_recombination/JAUEJI010025242.1_De_240_6172.fa.depth.txt,442a71312f47c9f75f02790337500120ecc595f0dffadd82a6654ba1fc86e154,224256,usable,1.0,True,0.8286175502281788,0.0
16,5454,5439,JAUEJI010026458.1_De,16,232,217,5216,5454,239,12,15,ggtg,5455,5458,ggtg,,,,,,,,,,,,,,perlapsus,SRX20503048,GCA_032275285.1,JAUEJI010026458.1_De_16_5454,JAUEJI010026458.1_De_16_5454,LTR,Gypsy,unknown,no,-,GAG|Ty3_gypsy RT|Ty3_gypsy RH|Ty3_gypsy INT|Ty3_gypsy,True,5,5439,5439,0,0,1.0,1.0,1.0,1.0,223.03225806451613,161.10878661087867,190.5767543859649,48.111980734497294,3.96110805409675,1.9859040567041026,190.5767543859649,48.111980734497294,3.96110805409675,0.467977403530285,input_data/ectopic_recombination/JAUEJI010026458.1_De_16_5454.fa.depth.txt,dbe15d9e7fb0a052620cc323d7fd75e381ba7de00e71d2c1e31c9ab3dfd487c6,200787,usable,1.0,True,3.96110805409675,0.0
3997,10071,6075,JAUEJI010036496.1_De,3997,4835,839,9250,10071,822,3993,3996,gcct,10072,10075,gcct,,,,,,,,,,,,,,perlapsus,SRX20503048,GCA_032275285.1,JAUEJI010036496.1_De_3997_10071,JAUEJI010036496.1_De_3997_10071,LTR,Gypsy,unknown,no,+,GAG|Ty3_gypsy RT|Ty3_gypsy RH|Ty3_gypsy INT|Ty3_gypsy,True,5,6075,6075,0,100,1.0,1.0,1.0,0.9773448119619392,24.876042908224075,26.116788321167885,25.490066225165563,60.682374263706386,0.420057167084363,-1.2513424120990086,25.490066225165563,62.08901251738526,0.41054069297733164,-0.06886938529957326,input_data/ectopic_recombination/JAUEJI010036496.1_De_3997_10071.fa.depth.txt,6db2a8a7773675a69be4df001a08533a413537c4f0114bc0225bac2497b32516,241973,usable,1.0,True,0.4105406929773316,5.551115123125783e-17
431,5988,5558,JAUEJI010040579.1_De,431,1090,660,5340,5988,649,427,430,aaat,5989,5992,aaat,5326.0,5340.0,aaaaaaaaaaagggg,+,0.0,,,,,,,,,perlapsus,SRX20503048,GCA_032275285.1,JAUEJI010040579.1_De_431_5988,JAUEJI010040579.1_De_431_5988,LTR,Gypsy,unknown,yes,+,GAG|Ty3_gypsy PROT|Ty3_gypsy RT|Ty3_gypsy RH|Ty3_gypsy INT|Ty3_gypsy,True,6,5558,5558,0,26,1.0,0.9599383667180277,0.9801375095492743,1.0,34.71060606060606,15.200308166409862,25.037433155080215,48.802777124029184,0.5130329589943039,-0.9628765824074269,25.5448168355417,48.802777124029184,0.5234295739076724,1.1652171830402027,input_data/ectopic_recombination/JAUEJI010040579.1_De_431_5988.fa.depth.txt,41c0cb99f08136ac13cb973afd6f088ae4c18dc6fa5b7a74fed470ccf7320158,210054,usable,1.0,True,0.5234295739076724,0.0
4152,9486,5335,JAUEJI010072927.1_De,4152,4308,157,9334,9486,153,4148,4151,tgtt,9487,9490,tgtt,,,,,,,,,,,,,,perlapsus,SRX20503048,GCA_032275285.1,JAUEJI010072927.1_De_4152_9486,JAUEJI010072927.1_De_4152_9486,LTR,Gypsy,unknown,no,+,GAG|Ty3_gypsy RT|Ty3_gypsy RH|Ty3_gypsy INT|Ty3_gypsy,True,5,5335,5335,0,0,1.0,1.0,1.0,1.0,191.77070063694268,107.48366013071896,150.17096774193547,131.18467661691543,1.1447294883415666,0.19500671453491839,150.17096774193547,131.18467661691543,1.1447294883415666,0.8323259096947516,input_data/ectopic_recombination/JAUEJI010072927.1_De_4152_9486.fa.depth.txt,cbb31a911dba9d4e1dedd5fbaa9ec4d24ad6bc7d4972303f7382f8228098ae68,211123,usable,1.0,True,1.1447294883415666,0.0
1019,6920,5902,JAUEJI010108264.1_De,1019,1448,430,6489,6920,432,1015,1018,gcgg,6921,6924,gcgg,1434.0,1449.0,gggggcgggagagaga,-,14.0,,,,,,,,,perlapsus,SRX20503048,GCA_032275285.1,JAUEJI010108264.1_De_1019_6920,JAUEJI010108264.1_De_1019_6920,LTR,Gypsy,unknown,no,-,GAG|Ty3_gypsy RT|Ty3_gypsy RH|Ty3_gypsy INT|Ty3_gypsy,True,5,5902,5902,0,0,1.0,1.0,1.0,1.0,49.972093023255816,20.641203703703702,35.27262180974478,59.21904761904762,0.5956296703157288,-0.7475124736886223,35.27262180974478,59.21904761904762,0.5956296703157288,1.2554283939852977,input_data/ectopic_recombination/JAUEJI010108264.1_De_1019_6920.fa.depth.txt,046890d711959def2427512b4ea2ed9d85ad0b747ba8899d277da85026b0af00,229771,usable,1.0,True,0.5956296703157288,0.0
11,5367,5357,JAUEJI010108925.1_De,11,305,295,5068,5367,300,7,10,gtac,5368,5371,gtac,,,,,,,,,,,,,,perlapsus,SRX20503048,GCA_032275285.1,JAUEJI010108925.1_De_11_5367,JAUEJI010108925.1_De_11_5367,LTR,Gypsy,unknown,no,-,INT|Ty3_gypsy GAG|Ty3_gypsy RT|Ty3_gypsy RH|Ty3_gypsy,True,5,5357,5357,0,0,1.0,1.0,1.0,1.0,39.166101694915255,38.5,38.83025210084033,76.39122217555649,0.5083077740476989,-0.976225799386669,38.83025210084033,76.39122217555649,0.5083077740476989,0.02443249529390054,input_data/ectopic_recombination/JAUEJI010108925.1_De_11_5367.fa.depth.txt,db73de652670e33c7348b7e8a2e685ca0c584b94b74a11de7d69b14caf5a75fb,197637,usable,1.0,True,0.5083077740476989,0.0
5,5482,5478,JAUEJI010109478.1_De,5,109,105,5377,5482,106,1,4,ttgg,5483,5486,ttgg,,,,,,,,,,,,,,perlapsus,SRX20503048,GCA_032275285.1,JAUEJI010109478.1_De_5_5482,JAUEJI010109478.1_De_5_5482,LTR,Gypsy,unknown,no,-,GAG|Ty3_gypsy RT|Ty3_gypsy RH|Ty3_gypsy INT|Ty3_gypsy,True,5,5478,5478,0,0,1.0,1.0,1.0,1.0,14.17142857142857,24.462264150943398,19.341232227488153,61.37801404974369,0.3151166183352412,-1.6660422549792655,19.341232227488153,61.37801404974369,0.3151166183352412,-0.766739442342249,input_data/ectopic_recombination/JAUEJI010109478.1_De_5_5482.fa.depth.txt,d68b53612fdf4d030f9e3b6b2b0e66cb7573d1533955279b8d83a4d5388afb8c,196552,usable,1.0,True,0.3151166183352412,0.0
11,5473,5463,JAUEJI010110473.1_De,11,757,747,4723,5473,751,7,10,gggt,5474,5477,gggt,741.0,751.0,gaaggaagagg,-,16.0,,,,,,,,,perlapsus,SRX20503048,GCA_032275285.1,JAUEJI010110473.1_De_11_5473,JAUEJI010110473.1_De_11_5473,LTR,Gypsy,unknown,no,+,RT|Ty3_gypsy RH|Ty3_gypsy INT|Ty3_gypsy GAG|Ty3_gypsy PROT|Ty3_gypsy,True,6,5463,5463,0,0,1.0,1.0,1.0,1.0,17.92904953145917,15.724367509986685,16.823765020026702,40.550063051702395,0.414888751185811,-1.2692035527138228,16.823765020026702,40.550063051702395,0.414888751185811,0.1838194292869658,input_data/ectopic_recombination/JAUEJI010110473.1_De_11_5473.fa.depth.txt,5aa6b0f0390f65f6325c36acc9b7708cb40ff26c13bc35f3275fdc6f674d810f,200746,usable,1.0,True,0.414888751185811,0.0
13,5401,5389,JAUEJI010123726.1_De,13,112,100,5301,5401,101,9,12,ggat,5402,5405,ggat,,,,,,,,,,,,,,perlapsus,SRX20503048,GCA_032275285.1,JAUEJI010123726.1_De_13_5401,JAUEJI010123726.1_De_13_5401,LTR,Gypsy,unknown,no,+,RT|Ty3_gypsy RH|Ty3_gypsy INT|Ty3_gypsy GAG|Ty3_gypsy,True,5,5389,5389,0,0,1.0,1.0,1.0,1.0,74.1,60.45544554455446,67.24378109452736,723.1491904394757,0.09298742497887837,-3.4268205611589404,67.24378109452736,723.1491904394757,0.09298742497887837,0.291420518590105,input_data/ectopic_recombination/JAUEJI010123726.1_De_13_5401.fa.depth.txt,33bdf52ecdd9069fc0086f14360223fc8b9da37fd7537a10e259169d27ccdb0d,204811,usable,1.0,True,0.0929874249788783,6.938893903907228e-17
1312,7430,6119,JAUEJI010130348.1_De,1312,1619,308,7123,7430,308,1308,1311,gcct,7431,7434,gcct,7092.0,7100.0,gcgggaggg,+,23.0,,,,,,,,,perlapsus,SRX20503048,GCA_032275285.1,JAUEJI010130348.1_De_1312_7430,JAUEJI010130348.1_De_1312_7430,LTR,Gypsy,unknown,no,-,GAG|Ty3_gypsy RT|Ty3_gypsy RH|Ty3_gypsy INT|Ty3_gypsy,True,5,6119,6119,0,0,1.0,1.0,1.0,1.0,46.603896103896105,39.91233766233766,43.258116883116884,108.39578411775395,0.3990756396588649,-1.3252658782180156,43.258116883116884,108.39578411775395,0.3990756396588649,0.22105058737747332,input_data/ectopic_recombination/JAUEJI010130348.1_De_1312_7430.fa.depth.txt,9c774c5e4a12c6c6df46cee8380c23926a80c57d9a82fe6ae1dadbbdd4c2cacd,240024,usable,1.0,True,0.3990756396588649,0.0
10,5225,5216,JAUEJI010132338.1_De,10,207,198,5018,5225,208,6,9,attt,5226,5229,attt,,,,,,,,,,,,,,perlapsus,SRX20503048,GCA_032275285.1,JAUEJI010132338.1_De_10_5225,JAUEJI010132338.1_De_10_5225,LTR,Gypsy,unknown,no,-,GAG|Ty3_gypsy RT|Ty3_gypsy RH|Ty3_gypsy INT|Ty3_gypsy,True,5,5216,5216,0,0,1.0,1.0,1.0,1.0,27.656565656565657,20.302884615384617,23.889162561576356,53.212266112266114,0.4489408985359786,-1.1554025630640323,23.889162561576356,53.212266112266114,0.4489408985359786,0.43668778233462074,input_data/ectopic_recombination/JAUEJI010132338.1_De_10_5225.fa.depth.txt,9e25c2b0aee8d5c3d4ceb28ea5ed1643fa14f4a8b847d32f4a2c0d7c8e670944,192025,usable,1.0,True,0.4489408985359786,0.0
754,7078,6325,JAUEJI010164589.1_De,754,1612,859,6226,7078,853,750,753,tgcc,7079,7082,tgcc,,,,,,,,,,,,,,perlapsus,SRX20503048,GCA_032275285.1,JAUEJI010164589.1_De_754_7078,JAUEJI010164589.1_De_754_7078,LTR,Gypsy,unknown,yes,-,GAG|Ty3_gypsy PROT|Ty3_gypsy RT|Ty3_gypsy RH|Ty3_gypsy INT|Ty3_gypsy,True,6,6325,6325,0,2,1.0,0.9976553341148886,0.9988317757009346,1.0,47.49476135040745,28.16060961313013,37.861565420560744,91.24756123997399,0.41493235442192006,-1.2690519388969794,37.90584795321637,91.24756123997399,0.415417655421244,0.7438076474716769,input_data/ectopic_recombination/JAUEJI010164589.1_De_754_7078.fa.depth.txt,bceb63f65dbdb78e75f9ecbbc3b790eddf7b4d297788b4561d63c088e02fcaec,240833,usable,1.0,True,0.415417655421244,0.0
1696,8683,6988,JAUEJI010165693.1_De,1696,2310,615,8075,8683,609,1692,1695,aatc,8684,8687,aatc,,,,,,,,,,,,,,perlapsus,SRX20503048,GCA_032275285.1,JAUEJI010165693.1_De_1696_8683,JAUEJI010165693.1_De_1696_8683,LTR,Gypsy,unknown,yes,+,GAG|Ty3_gypsy PROT|Ty3_gypsy RT|Ty3_gypsy RH|Ty3_gypsy INT|Ty3_gypsy,True,6,6988,6988,0,0,1.0,1.0,1.0,1.0,28.55121951219512,20.912972085385878,24.750816993464053,55.63063844552394,0.4449134089608046,-1.1684035152548957,24.750816993464053,55.63063844552394,0.4449134089608046,0.44011367303286764,input_data/ectopic_recombination/JAUEJI010165693.1_De_1696_8683.fa.depth.txt,ed7510aa4ee9ba2f27db98785d1003e38b35a37c8a2886e8a54ed0738b41d3a2,271759,usable,1.0,True,0.4449134089608046,0.0
14,6397,6384,JAUEJI010183363.1_De,14,746,733,5659,6397,739,10,13,tctc,6398,6401,tctc,,,,,,,,,,,,,,perlapsus,SRX20503048,GCA_032275285.1,JAUEJI010183363.1_De_14_6397,JAUEJI010183363.1_De_14_6397,LTR,Gypsy,unknown,no,-,GAG|Ty3_gypsy RT|Ty3_gypsy RH|Ty3_gypsy INT|Ty3_gypsy,True,5,6384,6384,0,29,1.0,0.9607577807848444,0.9802989130434783,1.0,15.04774897680764,18.36535859269283,16.713315217391305,37.211319218241044,0.4491460009619442,-1.154743606212252,17.04920304920305,37.211319218241044,0.45817249716977265,-0.2790338029303506,input_data/ectopic_recombination/JAUEJI010183363.1_De_14_6397.fa.depth.txt,7f81efb3795561243924464ab70723c24fd5e6ff12c9bbb732aa3c8f54593456,234900,usable,1.0,True,0.4581724971697726,5.551115123125783e-17
2041,7142,5102,JAUEJI010187778.1_De,2041,2220,180,6963,7142,180,2036,2040,ataac,7143,7147,ataac,2223.0,2232.0,agggggagga,-,3.0,,,,,,,,,perlapsus,SRX20503048,GCA_032275285.1,JAUEJI010187778.1_De_2041_7142,JAUEJI010187778.1_De_2041_7142,LTR,Gypsy,unknown,yes,+,GAG|Ty3_gypsy PROT|Ty3_gypsy RT|Ty3_gypsy RH|Ty3_gypsy INT|Ty3_gypsy,True,6,5102,5102,0,0,1.0,1.0,1.0,1.0,72.10555555555555,104.27777777777777,88.19166666666666,98.86904259805989,0.8920048616754508,-0.1648765216297315,88.19166666666666,98.86904259805989,0.8920048616754508,-0.5291809212786527,input_data/ectopic_recombination/JAUEJI010187778.1_De_2041_7142.fa.depth.txt,520322f4dde8f4031a66cd95ace0e6e9322bd33e7b5609a73c618c7871eaadf9,200127,usable,1.0,True,0.8920048616754508,0.0
5,5902,5898,JAUEJI010325905.1_De,5,444,440,5462,5902,441,1,4,aaag,5903,5906,aaag,,,,,,,,,,,,,,perlapsus,SRX20503048,GCA_032275285.1,JAUEJI010325905.1_De_5_5902,JAUEJI010325905.1_De_5_5902,LTR,Gypsy,unknown,no,-,GAG|Ty3_gypsy RT|Ty3_gypsy RH|Ty3_gypsy INT|Ty3_gypsy,True,5,5898,5898,0,0,1.0,1.0,1.0,1.0,22.275,59.265306122448976,40.79114642451759,81.31532788519036,0.5016415414583445,-0.995271270721942,40.79114642451759,81.31532788519036,0.5016415414583445,-1.3918571860796207,input_data/ectopic_recombination/JAUEJI010325905.1_De_5_5902.fa.depth.txt,8393823b7c08927b4757e71d5d3063bd9ef0d35fe4354b3325b3270d9f46bfb6,212428,usable,1.0,True,0.5016415414583445,0.0
820,7259,6440,JAUEJI010439758.1_De,820,1233,414,6832,7259,428,816,819,aagg,7260,7263,aagg,1237.0,1245.0,gagagaagg,-,4.0,,,,,,,,,perlapsus,SRX20503048,GCA_032275285.1,JAUEJI010439758.1_De_820_7259,JAUEJI010439758.1_De_820_7259,LTR,Gypsy,unknown,no,+,PROT|Bel-Pao RT|Ty3_gypsy RH|Ty3_gypsy INT|Ty3_gypsy,True,5,6440,6440,0,0,1.0,1.0,1.0,1.0,25.71014492753623,37.467289719626166,31.68646080760095,70.50732404430154,0.4494066572104133,-1.1539065990893618,31.68646080760095,70.50732404430154,0.4494066572104133,-0.5346316854117895,input_data/ectopic_recombination/JAUEJI010439758.1_De_820_7259.fa.depth.txt,b4f22d0fb06fe9850a497138c227bbc9be9d5edb1d96da029f290a76752e7ccc,244318,usable,1.0,True,0.4494066572104133,0.0
259,6041,5783,JAUEJI010457446.1_De,259,830,572,5460,6041,582,255,258,gtga,6042,6045,gtga,,,,,,,,,,,,,,perlapsus,SRX20503048,GCA_032275285.1,JAUEJI010457446.1_De_259_6041,JAUEJI010457446.1_De_259_6041,LTR,Gypsy,unknown,no,-,GAG|Ty3_gypsy RT|Ty3_gypsy RH|Ty3_gypsy INT|Ty3_gypsy,True,5,5783,5783,0,0,1.0,1.0,1.0,1.0,68.11538461538461,55.41752577319588,61.711438474870015,43.358392741412835,1.4232870402487883,0.5092266455487605,61.711438474870015,43.358392741412835,1.4232870402487883,0.2952315608299964,input_data/ectopic_recombination/JAUEJI010457446.1_De_259_6041.fa.depth.txt,8f7ec9a18e3beb8432d4b39695c9bb1165da366cac0c41eda5b977ece675ca66,218958,usable,1.0,True,1.4232870402487885,2.220446049250313e-16
1161,7439,6279,JAUEJI010470707.1_De,1161,1569,409,7049,7439,391,1157,1160,cccc,7440,7443,cccc,1568.0,1577.0,agggaaaaaa,-,1.0,,,,,,,,,perlapsus,SRX20503048,GCA_032275285.1,JAUEJI010470707.1_De_1161_7439,JAUEJI010470707.1_De_1161_7439,LTR,Gypsy,unknown,no,+,GAG|Ty3_gypsy RT|Ty3_gypsy RH|Ty3_gypsy INT|Ty3_gypsy,True,5,6279,6279,0,0,1.0,1.0,1.0,1.0,19.628361858190708,53.53964194373402,36.2025,43.620551195473624,0.8299413695569401,-0.2689186726893927,36.2025,43.620551195473624,0.8299413695569401,-1.4247883520220155,input_data/ectopic_recombination/JAUEJI010470707.1_De_1161_7439.fa.depth.txt,f52a2ab3923ed0fcdcf9001ff39e59eb18b147bd21fc7c2f0fe6ff4c70b0df2f,243721,usable,1.0,True,0.8299413695569401,0.0
1560,7411,5852,JAUEJI010481766.1_De,1560,1887,328,7097,7411,315,1556,1559,aagg,7412,7415,aagg,,,,,,,,,,,,,,perlapsus,SRX20503048,GCA_032275285.1,JAUEJI010481766.1_De_1560_7411,JAUEJI010481766.1_De_1560_7411,LTR,Gypsy,unknown,no,+,GAG|Ty3_gypsy RT|Ty3_gypsy RH|Ty3_gypsy INT|Ty3_gypsy,True,5,5852,5852,0,0,1.0,1.0,1.0,1.0,11983.344512195123,6664.996825396825,9377.933125972006,2600.708389326166,3.6059148978258935,1.8503653485358265,9377.933125972006,2600.708389326166,3.6059148978258935,0.8463064919381021,input_data/ectopic_recombination/JAUEJI010481766.1_De_1560_7411.fa.depth.txt,1c9b7f0f06bfdbeb7e321e6a409cf0b04fbe7b5d4b1037d516884cb59c5f53cc,235541,usable,1.0,True,3.6059148978258935,0.0
1009,7011,6003,JAUEJI010529299.1_De,1009,1585,577,6431,7011,581,1005,1008,tttc,7012,7015,tttc,6418.0,6428.0,ggagagggagg,+,3.0,,,,,,,,,perlapsus,SRX20503048,GCA_032275285.1,JAUEJI010529299.1_De_1009_7011,JAUEJI010529299.1_De_1009_7011,LTR,Gypsy,unknown,no,+,GAG|Ty3_gypsy RT|Ty3_gypsy RH|Ty3_gypsy INT|Ty3_gypsy,True,5,6003,6003,0,0,1.0,1.0,1.0,1.0,3423.6412478336224,1090.7676419965576,2253.1753022452504,3923.5269349845203,0.5742729283070769,-0.800191541378089,2253.1753022452504,3923.5269349845203,0.5742729283070769,1.64973723758594,input_data/ectopic_recombination/JAUEJI010529299.1_De_1009_7011.fa.depth.txt,a2e2eb33077d4b3a2a0965b033a0b59ce03ad4fc47f73b6408b55bfc2d195030,244114,usable,1.0,True,0.5742729283070769,0.0
8,6970,6963,JAUEJI010559166.1_De,8,1000,993,5978,6970,993,4,7,aaga,6971,6974,aaga,,,,,,,,,,,,,,perlapsus,SRX20503048,GCA_032275285.1,JAUEJI010559166.1_De_8_6970,JAUEJI010559166.1_De_8_6970,LTR,Gypsy,unknown,yes,-,GAG|Ty3_gypsy PROT|Bel-Pao RT|Ty3_gypsy RH|Ty3_gypsy INT|Ty3_gypsy,True,6,6963,6963,0,0,1.0,1.0,1.0,1.0,25.620342396777442,59.19234642497482,42.40634441087613,98.72312638135423,0.42954823216463073,-1.2191079602688775,42.40634441087613,98.72312638135423,0.42954823216463073,-1.1923721568021495,input_data/ectopic_recombination/JAUEJI010559166.1_De_8_6970.fa.depth.txt,2909d37c7aa2034dfb258c50e9035eb4d44ed28e76225a1a3d9635850e158a50,251720,usable,1.0,True,0.4295482321646307,5.551115123125783e-17
10,6709,6700,JAUEJI010560274.1_De,10,743,734,5968,6709,742,6,9,attg,6710,6713,attg,,,,,,,,,,,,,,perlapsus,SRX20503048,GCA_032275285.1,JAUEJI010560274.1_De_10_6709,JAUEJI010560274.1_De_10_6709,LTR,Gypsy,unknown,no,-,RT|Ty3_gypsy RH|Ty3_gypsy INT|Ty3_gypsy GAG|Ty3_gypsy PROT|Bel-Pao,True,6,6700,6700,0,18,1.0,0.9757412398921833,0.9878048780487805,1.0,28.03133514986376,36.49460916442049,32.28590785907859,29.498277182235835,1.0945014740902053,0.1302738975624377,32.68449931412894,29.498277182235835,1.1080138379678621,-0.37476779654150083,input_data/ectopic_recombination/JAUEJI010560274.1_De_10_6709.fa.depth.txt,2f80b698f219ca93e4c6ad96e34a8bd7b13ad453addaf91a4cefb101cb79dba6,246603,usable,1.0,True,1.108013837967862,2.220446049250313e-16
578,6733,6156,JAUEJI010572450.1_De,578,1318,741,5987,6733,747,574,577,gaca,6734,6737,gaca,,,,,,,,,,,,,,perlapsus,SRX20503048,GCA_032275285.1,JAUEJI010572450.1_De_578_6733,JAUEJI010572450.1_De_578_6733,LTR,Gypsy,unknown,no,+,GAG|Ty3_gypsy RT|Ty3_gypsy RH|Ty3_gypsy INT|Ty3_gypsy,True,5,6156,6156,0,0,1.0,1.0,1.0,1.0,636.502024291498,551.3989290495315,593.7788978494624,1120.5357754927163,0.5299062384584454,-0.9161909829050885,593.7788978494624,1120.5357754927163,0.5299062384584454,0.2068938711379211,input_data/ectopic_recombination/JAUEJI010572450.1_De_578_6733.fa.depth.txt,b1599767139e20ce01725a5cff2ccfa6df19b5507e2514b712dd9bd34dcf4562,239571,usable,1.0,True,0.5299062384584454,0.0
516,6287,5772,JAUEJI010669845.1_De,516,1234,719,5574,6287,714,512,515,ccag,6288,6291,ccag,,,,,,,,,,,,,,perlapsus,SRX20503048,GCA_032275285.1,JAUEJI010669845.1_De_516_6287,JAUEJI010669845.1_De_516_6287,LTR,Gypsy,unknown,no,+,GAG|Ty3_gypsy RT|Ty3_gypsy RH|Ty3_gypsy INT|Ty3_gypsy,True,5,5772,5772,0,0,1.0,1.0,1.0,1.0,57.351877607788595,32.49859943977591,44.96859734822052,94.57501728508873,0.4754807203753008,-1.0725412505057188,44.96859734822052,94.57501728508873,0.4754807203753008,0.8099589899504583,input_data/ectopic_recombination/JAUEJI010669845.1_De_516_6287.fa.depth.txt,8202a7f166814e51672d681092dfd37c8573206c88040849c57348a3d7c32aab,219783,usable,1.0,True,0.4754807203753008,0.0
994,6328,5335,JAUEJI010694187.1_De,994,1571,578,5763,6328,566,990,993,ctgt,6329,6332,ctgt,1585.0,1593.0,gagaaaaaa,-,14.0,,,,,,,,,perlapsus,SRX20503048,GCA_032275285.1,JAUEJI010694187.1_De_994_6328,JAUEJI010694187.1_De_994_6328,LTR,Gypsy,unknown,no,+,RH|Ty3_gypsy INT|Ty3_gypsy GAG|Ty3_gypsy PROT|Ty3_gypsy RT|Ty3_gypsy,True,6,5335,5335,0,0,1.0,1.0,1.0,1.0,60.339100346020764,49.37279151943463,54.91346153846154,87.80481985206394,0.6254037264808617,-0.6771402792709678,54.91346153846154,87.80481985206394,0.6254037264808617,0.2867458625333241,input_data/ectopic_recombination/JAUEJI010694187.1_De_994_6328.fa.depth.txt,3666b35e74a335fb18a275b2d25494e1cc15d36ef5dc84d81f775d7f01a3d0da,203177,usable,1.0,True,0.6254037264808617,0.0
836,6334,5499,JAUEJI010700827.1_De,836,957,122,6211,6334,124,831,835,aaccc,6335,6339,aaccc,,,,,,,,,,,,,,perlapsus,SRX20503048,GCA_032275285.1,JAUEJI010700827.1_De_836_6334,JAUEJI010700827.1_De_836_6334,LTR,Gypsy,unknown,no,+,GAG|Ty3_gypsy RT|Ty3_gypsy RH|Ty3_gypsy INT|Ty3_gypsy,True,5,5499,5499,0,0,1.0,1.0,1.0,1.0,16.418032786885245,42.056451612903224,29.341463414634145,64.94441271654293,0.451793498275182,-1.1462645857182183,29.341463414634145,64.94441271654293,0.451793498275182,-1.3308160399458742,input_data/ectopic_recombination/JAUEJI010700827.1_De_836_6334.fa.depth.txt,d77eafa57c34036b98a4e2036c70321827fc29e8584dca5ecb98e09652d9dc0c,208743,usable,1.0,True,0.451793498275182,0.0
742,6897,6156,JAUEJI010715221.1_De,742,1735,994,5923,6897,975,738,741,tatc,6898,6901,tatc,,,,,,,,,,,,,,perlapsus,SRX20503048,GCA_032275285.1,JAUEJI010715221.1_De_742_6897,JAUEJI010715221.1_De_742_6897,LTR,Gypsy,unknown,no,-,GAG|Ty3_gypsy RT|Ty3_gypsy RH|Ty3_gypsy INT|Ty3_gypsy,True,5,6156,6156,0,0,1.0,1.0,1.0,1.0,128.25352112676057,83.02461538461539,105.85728796343321,216.70790542154288,0.48847912473482824,-1.0336311852731328,105.85728796343321,216.70790542154288,0.48847912473482824,0.6243385480397117,input_data/ectopic_recombination/JAUEJI010715221.1_De_742_6897.fa.depth.txt,ad91bf9239143c1a2abfcb9ae585d0562d4f8db92c92ca52ba2ff335c89e6f23,237761,usable,1.0,True,0.4884791247348282,5.551115123125783e-17
1024,6803,5780,JAUEJI010772757.1_De,1024,1137,114,6688,6803,116,1020,1023,cttt,6804,6807,cttt,,,,,,,,,,,,,,perlapsus,SRX20503048,GCA_032275285.1,JAUEJI010772757.1_De_1024_6803,JAUEJI010772757.1_De_1024_6803,LTR,Gypsy,unknown,no,+,GAG|Ty3_gypsy RT|Ty3_gypsy RH|Ty3_gypsy INT|Ty3_gypsy,True,5,5780,5780,0,100,1.0,1.0,1.0,0.9819819819819819,21695.763157894737,26248.405172413793,23991.878260869566,3361.075135135135,7.138155886510686,2.8355514080050623,23991.878260869566,3422.74623853211,7.009540465132115,-0.2748106676048564,input_data/ectopic_recombination/JAUEJI010772757.1_De_1024_6803.fa.depth.txt,6dd25aaab474e8c6e2c5889b6d3ef82948e40905e2a7cce0529b5ceeac725055,234597,usable,1.0,True,7.009540465132115,0.0
808,6716,5909,JAUEJI010812521.1_De,808,1459,652,6072,6716,645,804,807,cctg,6717,6720,cctg,,,,,,,,,,,,,,perlapsus,SRX20503048,GCA_032275285.1,JAUEJI010812521.1_De_808_6716,JAUEJI010812521.1_De_808_6716,LTR,Gypsy,unknown,no,-,GAG|Ty3_gypsy RT|Ty3_gypsy RH|Ty3_gypsy INT|Ty3_gypsy,True,5,5909,5909,0,0,1.0,1.0,1.0,1.0,33.12883435582822,103.54883720930232,68.14880493446415,85.00411968777104,0.8017117897906807,-0.3188444045530151,68.14880493446415,85.00411968777104,0.8017117897906807,-1.6294901643398447,input_data/ectopic_recombination/JAUEJI010812521.1_De_808_6716.fa.depth.txt,67f62a2a66c65c2d7a8e323855271ac125c67b635aca41ecf8299d44eb43d28b,224619,usable,1.0,True,0.8017117897906807,0.0
8,5971,5964,JAUEJI010816163.1_De,8,362,355,5610,5971,362,4,7,tggg,5972,5975,tggg,339.0,347.0,ggaggaaag,-,23.0,,,,,,,,,perlapsus,SRX20503048,GCA_032275285.1,JAUEJI010816163.1_De_8_5971,JAUEJI010816163.1_De_8_5971,LTR,Gypsy,unknown,no,-,INT|Ty3_gypsy GAG|Ty3_gypsy RT|Ty3_gypsy RH|Ty3_gypsy,True,5,5964,5964,0,0,1.0,1.0,1.0,1.0,30.307042253521125,24.24585635359116,27.246861924686193,42.498761196874405,0.6411213211242985,-0.641330707118707,27.246861924686193,42.498761196874405,0.6411213211242985,0.31607320875303974,input_data/ectopic_recombination/JAUEJI010816163.1_De_8_5971.fa.depth.txt,83bccfc01e0ee01d3203b9bbecd100598b609c6807a2b0ba92ac8a20484a71c2,213693,usable,1.0,True,0.6411213211242985,0.0
7,6033,6027,JAUEJI010823774.1_De,7,505,499,5525,6033,509,3,6,ggca,6034,6037,ggca,,,,,,,,,,,,,,perlapsus,SRX20503048,GCA_032275285.1,JAUEJI010823774.1_De_7_6033,JAUEJI010823774.1_De_7_6033,LTR,Gypsy,unknown,no,-,GAG|Ty3_gypsy RT|Ty3_gypsy RH|Ty3_gypsy INT|Ty1_copia,True,5,6027,6027,0,0,1.0,1.0,1.0,1.0,878.625250501002,3065.5913555992142,1982.9563492063492,2474.6907750547916,0.8012945977714913,-0.31959534463091144,1982.9563492063492,2474.6907750547916,0.8012945977714913,-1.8022600550055903,input_data/ectopic_recombination/JAUEJI010823774.1_De_7_6033.fa.depth.txt,eeffef139258f34dbeefb438710481d3f1a0193d64fbbac5d1764d2558c36860,224688,usable,1.0,True,0.8012945977714913,0.0
654,6528,5875,JAUEJI010825321.1_De,654,883,230,6301,6528,228,650,653,gctg,6529,6532,gctg,860.0,868.0,agggagggg,-,23.0,,,,,,,,,perlapsus,SRX20503048,GCA_032275285.1,JAUEJI010825321.1_De_654_6528,JAUEJI010825321.1_De_654_6528,LTR,Gypsy,unknown,no,-,PROT|Ty3_gypsy RT|Ty3_gypsy RH|Ty3_gypsy INT|Ty3_gypsy GAG|Ty3_gypsy,True,6,5875,5875,0,0,1.0,1.0,1.0,1.0,41.426086956521736,45.026315789473685,43.21834061135371,74.29628945911021,0.5817025443126524,-0.7816464804942039,43.21834061135371,74.29628945911021,0.5817025443126524,-0.11885252726801684,input_data/ectopic_recombination/JAUEJI010825321.1_De_654_6528.fa.depth.txt,76a943ccd76b6eeb83d022f7a0ced8031d72dfbcdca959ed3260ab21114b53ee,223030,usable,1.0,True,0.5817025443126524,0.0
495,6472,5978,JAUEJI010828304.1_De,495,1016,522,5980,6472,493,491,494,cagg,6473,6476,cagg,,,,,,,,,,,,,,perlapsus,SRX20503048,GCA_032275285.1,JAUEJI010828304.1_De_495_6472,JAUEJI010828304.1_De_495_6472,LTR,Gypsy,unknown,no,-,GAG|Ty3_gypsy RT|Ty3_gypsy RH|Ty3_gypsy INT|Ty3_gypsy,True,5,5978,5978,0,0,1.0,1.0,1.0,1.0,3558.367816091954,2418.6774847870183,3004.8039408866994,3248.1349989925448,0.925085916016016,-0.11234073482144588,3004.8039408866994,3248.1349989925448,0.925085916016016,0.5569017314711573,input_data/ectopic_recombination/JAUEJI010828304.1_De_495_6472.fa.depth.txt,c3fc6ebeb58317adf9a727ec30fcad28df09ae2a9c349e8ec19750ea7e4ae32a,236820,usable,1.0,True,0.925085916016016,0.0
757,6460,5704,JASANM010000009.1_De,757,1405,649,5828,6460,633,753,756,aacg,6461,6464,aacg,,,,,,,,,,,,,,santeetlah,SRX19955089,GCA_031753655.1,JASANM010000009.1_De_757_6460,JASANM010000009.1_De_757_6460,LTR,Gypsy,unknown,no,-,GAG|Ty3_gypsy RT|Ty3_gypsy RH|Ty3_gypsy INT|Ty3_gypsy,True,5,5704,5704,0,0,1.0,1.0,1.0,1.0,27.756548536209554,23.589257503949447,25.69890795631825,34.03527815468114,0.7550667821641904,-0.4053238451035801,25.69890795631825,34.03527815468114,0.7550667821641904,0.2301953284930452,input_data/ectopic_recombination/JASANM010000009.1_De_757_6460.fa.depth.txt,2a2d7e1032448efde3dd597a9fda92c4bf708a94f5e8394f9c5c91d9bf0136db,215516,usable,1.0,True,0.7550667821641904,0.0
31,5805,5775,JASANM010001191.1_De,31,635,605,5196,5805,610,27,30,gttt,5806,5809,gttt,,,,,,,,,,,,,,santeetlah,SRX19955089,GCA_031753655.1,JASANM010001191.1_De_31_5805,JASANM010001191.1_De_31_5805,LTR,Gypsy,unknown,no,-,RT|Ty3_gypsy RH|Ty3_gypsy INT|Ty3_gypsy GAG|Ty3_gypsy,True,5,5775,5775,0,0,1.0,1.0,1.0,1.0,38.611570247933884,56.24098360655738,47.46255144032922,44.69517543859649,1.0619166604577854,0.08667054743950345,47.46255144032922,44.69517543859649,1.0619166604577854,-0.5367957015593131,input_data/ectopic_recombination/JASANM010001191.1_De_31_5805.fa.depth.txt,f874e435a2835e22061c590acb913f474e8e23167949480b834fb10797e76904,212705,usable,1.0,True,1.0619166604577854,0.0
5,5736,5732,JASANM010007162.1_De,5,273,269,5482,5736,255,1,4,atca,5737,5740,atca,276.0,285.0,gggggaagag,-,3.0,,,,,,,,,santeetlah,SRX19955089,GCA_031753655.1,JASANM010007162.1_De_5_5736,JASANM010007162.1_De_5_5736,LTR,Gypsy,unknown,no,-,RT|Ty3_gypsy RH|Ty3_gypsy INT|Ty3_gypsy GAG|Ty3_gypsy,True,5,5732,5732,0,0,1.0,1.0,1.0,1.0,230.68029739776952,644.8,432.2080152671756,1270.8945852534562,0.3400817190365004,-1.5560466382806817,432.2080152671756,1270.8945852534562,0.3400817190365004,-1.4809515777203806,input_data/ectopic_recombination/JASANM010007162.1_De_5_5736.fa.depth.txt,a9700d11c8583e26a062da4cdc3bf254b3a2520065294afc263f7e4c758aa803,211539,usable,1.0,True,0.3400817190365004,0.0
8,5711,5704,JASANM010009931.1_De,8,667,660,5064,5711,648,4,7,tcca,5712,5715,tcca,,,,,,,,,,,,,,santeetlah,SRX19955089,GCA_031753655.1,JASANM010009931.1_De_8_5711,JASANM010009931.1_De_8_5711,LTR,Gypsy,unknown,no,-,RH|Ty3_gypsy INT|Ty3_gypsy GAG|Ty3_gypsy RT|Ty3_gypsy,True,5,5704,5704,0,0,1.0,1.0,1.0,1.0,15.309090909090909,33.4537037037037,24.298165137614678,43.839171974522294,0.5542569360510703,-0.8513731755884287,24.298165137614678,43.839171974522294,0.5542569360510703,-1.1028145447662698,input_data/ectopic_recombination/JASANM010009931.1_De_8_5711.fa.depth.txt,944b684983be8b3e942ed14766a79f330bad93dd28775923f3eb6d6c8a094619,204141,usable,1.0,True,0.5542569360510703,0.0
8,5668,5661,JASANM010013364.1_De,8,506,499,5196,5668,473,4,7,ttgg,5669,5672,ttgg,,,,,,,,,,,,,,santeetlah,SRX19955089,GCA_031753655.1,JASANM010013364.1_De_8_5668,JASANM010013364.1_De_8_5668,LTR,Gypsy,unknown,no,+,RT|Ty3_gypsy RH|Ty3_gypsy INT|Ty3_gypsy GAG|Ty3_gypsy PROT|Ty3_gypsy,True,6,5661,5661,0,0,1.0,1.0,1.0,1.0,187.52705410821645,61.44397463002114,126.17181069958848,393.31541906589894,0.3207904002320558,-1.6402971256158225,126.17181069958848,393.31541906589894,0.3207904002320558,1.6019043962487143,input_data/ectopic_recombination/JASANM010013364.1_De_8_5668.fa.depth.txt,79783e8110ab27871c84c6bbf5bca90a0bec52dc593b68aea4930684f1d348dc,206952,usable,1.0,True,0.3207904002320558,0.0
3271,8637,5367,JASANM010029948.1_De,3271,3454,184,8445,8637,193,3267,3270,caag,8638,8641,caag,,,,,,,,,,,,,,santeetlah,SRX19955089,GCA_031753655.1,JASANM010029948.1_De_3271_8637,JASANM010029948.1_De_3271_8637,LTR,Gypsy,unknown,no,+,GAG|Ty3_gypsy RT|Ty3_gypsy RH|Ty3_gypsy INT|Ty3_gypsy,True,5,5367,5367,0,0,1.0,1.0,1.0,1.0,77.44565217391305,82.35233160621762,79.95755968169762,79.19078156312625,1.0096826689096399,0.01390194255603894,79.95755968169762,79.19078156312625,1.0096826689096399,-0.08807374661012976,input_data/ectopic_recombination/JASANM010029948.1_De_3271_8637.fa.depth.txt,e5acc80df9990c91cbcca589e4e17671326436a73d2ee37e0b5f2a9bfc706b6d,209396,usable,1.0,True,1.00968266890964,2.220446049250313e-16
258,6058,5801,JASANM010047653.1_De,258,667,410,5653,6058,406,254,257,cagt,6059,6062,cagt,,,,,,,,,,,,,,santeetlah,SRX19955089,GCA_031753655.1,JASANM010047653.1_De_258_6058,JASANM010047653.1_De_258_6058,LTR,Gypsy,unknown,yes,+,GAG|Ty3_gypsy PROT|Ty3_gypsy RT|Ty3_gypsy RH|Ty3_gypsy INT|Ty3_gypsy,True,6,5801,5801,0,100,1.0,1.0,1.0,0.9799398194583752,64.63414634146342,115.07635467980296,89.73161764705883,111.39398194583751,0.805533800656202,-0.311982968381361,89.73161764705883,113.67430910951893,0.7893746471826573,-0.827360298118914,input_data/ectopic_recombination/JASANM010047653.1_De_258_6058.fa.depth.txt,8e9fde3e08ce20338a39e4d28975ec24d27d5597fff77417fdc1c48b4a9c00ae,221651,usable,1.0,True,0.7893746471826573,0.0
12,5388,5377,JASANM010048760.1_De,12,271,260,5125,5388,264,8,11,atgc,5389,5392,atgc,272.0,295.0,agaagggaagcatgaaaagaagga,-,1.0,,,,,,,,,santeetlah,SRX19955089,GCA_031753655.1,JASANM010048760.1_De_12_5388,JASANM010048760.1_De_12_5388,LTR,Gypsy,unknown,no,-,GAG|Ty3_gypsy RT|Ty3_gypsy RH|Ty3_gypsy INT|Ty3_gypsy,True,5,5377,5377,0,0,1.0,1.0,1.0,1.0,11.711538461538462,13.488636363636363,12.606870229007633,55.07150216361014,0.22891821965477338,-2.1270958029875167,12.606870229007633,55.07150216361014,0.22891821965477338,-0.19601036432872398,input_data/ectopic_recombination/JASANM010048760.1_De_12_5388.fa.depth.txt,23e6e8333353316fa27d5d20fb89d5f4d95f6903967b41276d2d80dbea8eb2c5,198068,usable,1.0,True,0.2289182196547733,8.326672684688674e-17
7,5218,5212,JASANM010065790.1_De,7,462,456,4788,5218,431,3,6,gatg,5219,5222,gatg,471.0,486.0,gggaagatgaaggggg,-,9.0,,,,,,,,,santeetlah,SRX19955089,GCA_031753655.1,JASANM010065790.1_De_7_5218,JASANM010065790.1_De_7_5218,LTR,Gypsy,unknown,no,+,RH|Ty3_gypsy INT|Ty3_gypsy GAG|Ty3_gypsy PROT|Ty3_gypsy RT|Ty3_gypsy,True,6,5212,5212,0,12,1.0,0.9721577726218097,0.9864712514092446,1.0,23.32236842105263,21.02784222737819,22.207440811724915,23.5921387283237,0.9413068084863211,-0.08726306487877857,22.512,23.5921387283237,0.954216159002705,0.1461131301968273,input_data/ectopic_recombination/JASANM010065790.1_De_7_5218.fa.depth.txt,9d7d67df5c1bacc656fd89257fa42cb6eff4b1d6b1324708d5f9cde767412c75,185725,usable,1.0,True,0.954216159002705,0.0
15,5096,5082,JASANM010085040.1_De,15,262,248,4841,5096,256,11,14,cttt,5097,5100,cttt,,,,,,,,,,,,,,santeetlah,SRX19955089,GCA_031753655.1,JASANM010085040.1_De_15_5096,JASANM010085040.1_De_15_5096,LTR,Gypsy,unknown,no,-,RH|Ty3_gypsy INT|Ty3_gypsy GAG|Ty3_gypsy PROT|Ty3_gypsy RT|Ty3_gypsy,True,6,5082,5082,0,0,1.0,1.0,1.0,1.0,16.358870967741936,35.26953125,25.964285714285715,29.072520751419834,0.8930868408793785,-0.1631276297147963,25.964285714285715,29.072520751419834,0.8930868408793785,-1.0852232895601206,input_data/ectopic_recombination/JASANM010085040.1_De_15_5096.fa.depth.txt,7c159cc543bbdcf082e71c81e30f1b3d4a0283d99caabd7d8956a1ac3ee0de05,186568,usable,1.0,True,0.8930868408793785,0.0
449,6148,5700,JASANM010088582.1_De,449,630,182,5973,6148,176,445,448,accc,6149,6152,accc,,,,,,,,,,,,,,santeetlah,SRX19955089,GCA_031753655.1,JASANM010088582.1_De_449_6148,JASANM010088582.1_De_449_6148,LTR,Gypsy,unknown,no,+,GAG|Ty3_gypsy RT|Ty3_gypsy RH|Ty3_gypsy INT|Ty3_gypsy,True,5,5700,5700,0,0,1.0,1.0,1.0,1.0,29.203296703296704,64.4715909090909,46.54189944134078,74.0846125046799,0.6282262654529069,-0.67064383313513,46.54189944134078,74.0846125046799,0.6282262654529069,-1.1291859703257392,input_data/ectopic_recombination/JASANM010088582.1_De_449_6148.fa.depth.txt,adaad99c22e70eac6d0c04d4b8ed442f2b71411f28b2b7b2415931e4c599ae56,216697,usable,1.0,True,0.6282262654529069,0.0
19,5350,5332,JASANM010095215.1_De,19,162,144,5185,5350,166,15,18,cttt,5351,5354,cttt,5161.0,5171.0,ggggtaggagg,+,14.0,,,,,,,,,santeetlah,SRX19955089,GCA_031753655.1,JASANM010095215.1_De_19_5350,JASANM010095215.1_De_19_5350,LTR,Gypsy,unknown,yes,+,GAG|Ty3_gypsy PROT|Ty3_gypsy RT|Ty3_gypsy RH|Ty3_gypsy INT|Ty3_gypsy,True,6,5332,5332,0,0,1.0,1.0,1.0,1.0,91.53472222222223,77.78313253012048,84.17096774193548,43.03006770211071,1.9560965677450404,0.9679775944046313,84.17096774193548,43.03006770211071,1.9560965677450404,0.23347676673069123,input_data/ectopic_recombination/JASANM010095215.1_De_19_5350.fa.depth.txt,e6549e1bb13562fd3b74cbe20d7f42b7a5422fb61be18bd6cb3b6afbcfefaf25,196313,usable,1.0,True,1.9560965677450404,0.0
345,5843,5499,JASANM010129490.1_De,345,688,344,5499,5843,345,341,344,tggg,5844,5847,tggg,5505.0,5517.0,gggagagagagag,+,18.0,,,,,,,,,santeetlah,SRX19955089,GCA_031753655.1,JASANM010129490.1_De_345_5843,JASANM010129490.1_De_345_5843,LTR,Gypsy,unknown,no,+,GAG|Ty3_gypsy PROT|Ty3_gypsy INT|Ty3_gypsy RT|Ty3_gypsy RH|Ty3_gypsy,True,6,5499,5499,0,0,1.0,1.0,1.0,1.0,24.459302325581394,33.60579710144928,29.039187227866474,30.01330561330561,0.9675437821481654,-0.04760114902163404,29.039187227866474,30.01330561330561,0.9675437821481654,-0.4504393729948176,input_data/ectopic_recombination/JASANM010129490.1_De_345_5843.fa.depth.txt,319f400e0b7695f082a3287345c55caa8524e500891329f9ef0640709f8c436c,207830,usable,1.0,True,0.9675437821481654,0.0
1252,7363,6112,JASANM010147208.1_De,1252,1376,125,7241,7363,123,1248,1251,tctt,7364,7367,tctt,,,,,,,,,,,,,,santeetlah,SRX19955089,GCA_031753655.1,JASANM010147208.1_De_1252_7363,JASANM010147208.1_De_1252_7363,LTR,Gypsy,unknown,yes,-,GAG|Ty3_gypsy PROT|Ty3_gypsy RT|Ty3_gypsy RH|Ty3_gypsy INT|Ty3_gypsy,True,6,6112,6112,0,0,1.0,1.0,1.0,1.0,31.968,98.46341463414635,64.9475806451613,121.31701909959072,0.5353542407091703,-0.9014342646932366,64.9475806451613,121.31701909959072,0.5353542407091703,-1.6078767613036904,input_data/ectopic_recombination/JASANM010147208.1_De_1252_7363.fa.depth.txt,9fa8f5a369c33a88b9d9c7588fc4be46304b0b7dce3919e2517e5a37ff837cf3,240939,usable,1.0,True,0.5353542407091703,0.0
80,5282,5203,JASANM010174880.1_De,80,181,102,5177,5282,106,76,79,gggt,5283,5286,gggt,,,,,,,,,,,,,,santeetlah,SRX19955089,GCA_031753655.1,JASANM010174880.1_De_80_5282,JASANM010174880.1_De_80_5282,LTR,Gypsy,unknown,yes,-,GAG|Ty3_gypsy PROT|Bel-Pao RT|Ty3_gypsy RH|Ty3_gypsy INT|Ty3_gypsy,True,6,5203,5203,0,0,1.0,1.0,1.0,1.0,20.45098039215686,20.849056603773583,20.653846153846153,38.52312312312312,0.5361415295388885,-0.899314204257504,20.653846153846153,38.52312312312312,0.5361415295388885,-0.02715456401537781,input_data/ectopic_recombination/JASANM010174880.1_De_80_5282.fa.depth.txt,a220a9091b1b7a985197dfa9b540fb26a0d3c6219f9fb7e6c96fc8a23b18b29f,191479,usable,1.0,True,0.5361415295388885,0.0
1435,7505,6071,JASANM010200337.1_De,1435,1717,283,7252,7505,254,1431,1434,cctc,7506,7509,cctc,,,,,,,,,,,,,,santeetlah,SRX19955089,GCA_031753655.1,JASANM010200337.1_De_1435_7505,JASANM010200337.1_De_1435_7505,LTR,Gypsy,unknown,no,+,PROT|Bel-Pao RT|Ty3_gypsy RH|Ty3_gypsy INT|Ty3_gypsy,True,5,6071,6071,0,0,1.0,1.0,1.0,1.0,162.773851590106,554.4173228346457,348.02048417132215,236.68377303939283,1.4704028066740293,0.5562114255282405,348.02048417132215,236.68377303939283,1.4704028066740293,-1.764979079370735,input_data/ectopic_recombination/JASANM010200337.1_De_1435_7505.fa.depth.txt,fc5b88c6bc60ec1e34454bb247fefae7421aa47f17c2fa5bf63e58e327164933,241353,usable,1.0,True,1.4704028066740291,2.220446049250313e-16
600,6757,6158,JASANM010215825.1_De,600,1263,664,6100,6757,658,596,599,tgct,6758,6761,tgct,1275.0,1284.0,gggagaggaa,-,12.0,,,,,,,,,santeetlah,SRX19955089,GCA_031753655.1,JASANM010215825.1_De_600_6757,JASANM010215825.1_De_600_6757,LTR,Gypsy,unknown,yes,-,GAG|Ty3_gypsy PROT|Ty3_gypsy RT|Ty3_gypsy RH|Ty3_gypsy INT|Ty3_gypsy,True,6,6158,6158,0,0,1.0,1.0,1.0,1.0,49.477409638554214,60.588145896656535,55.00756429652042,135.89205955334987,0.4047886570953397,-1.304759231193034,55.00756429652042,135.89205955334987,0.4047886570953397,-0.2896163258974398,input_data/ectopic_recombination/JASANM010215825.1_De_600_6757.fa.depth.txt,0c547e5e452e1e91f7419a4ae8eaa73f15341c7a39c5241223becc85241ad74a,235701,usable,1.0,True,0.4047886570953397,0.0
275,5370,5096,JASANM010266753.1_De,275,453,179,5189,5370,182,271,274,gtga,5371,5374,gtga,449.0,476.0,ggaaggggcggagggaggaggcaaggag,-,4.0,,,,,,,,,santeetlah,SRX19955089,GCA_031753655.1,JASANM010266753.1_De_275_5370,JASANM010266753.1_De_275_5370,LTR,Gypsy,unknown,yes,+,GAG|Ty3_gypsy PROT|Ty3_gypsy RT|Ty3_gypsy RH|Ty3_gypsy INT|Ty3_gypsy,True,6,5096,5096,0,0,1.0,1.0,1.0,1.0,27.1731843575419,90.17032967032966,58.933518005540165,106.84181626187961,0.5515959955331386,-0.8583161116494156,58.933518005540165,106.84181626187961,0.5515959955331386,-1.7121418658248848,input_data/ectopic_recombination/JASANM010266753.1_De_275_5370.fa.depth.txt,6c4b8f31fb80802ece12121d47da56601d349519ed4c5132c79913826d39e370,195535,usable,1.0,True,0.5515959955331386,0.0
5477,11005,5529,JASANM010309948.1_De,5477,5777,301,10713,11005,293,5473,5476,ggaa,11006,11009,ggaa,5773.0,5797.0,agggaacaaggaaagggaaaaaaaa,-,4.0,,,,,,,,,santeetlah,SRX19955089,GCA_031753655.1,JASANM010309948.1_De_5477_11005,JASANM010309948.1_De_5477_11005,LTR,Gypsy,unknown,no,-,GAG|Ty3_gypsy RT|Ty3_gypsy RH|Ty3_gypsy INT|Ty3_gypsy,True,5,5529,5529,0,0,1.0,1.0,1.0,1.0,82.5016611295681,34.15017064846416,58.65151515151515,151.96980749746706,0.38594189278349067,-1.3735444424809422,58.65151515151515,151.96980749746706,0.38594189278349067,1.2602777522033783,input_data/ectopic_recombination/JASANM010309948.1_De_5477_11005.fa.depth.txt,304b68bdac09889061e26e9ab808a6c9d7cf80172881a160c52768c71e602c80,222916,usable,1.0,True,0.3859418927834906,5.551115123125783e-17
593,6966,6374,JASANM010331002.1_De,593,1475,883,6098,6966,869,589,592,gaac,6967,6970,gaac,,,,,,,,,,,,,,santeetlah,SRX19955089,GCA_031753655.1,JASANM010331002.1_De_593_6966,JASANM010331002.1_De_593_6966,LTR,Gypsy,unknown,no,+,GAG|Ty3_gypsy RT|Ty3_gypsy RH|Ty3_gypsy INT|Ty3_gypsy,True,5,6374,6374,0,100,1.0,1.0,1.0,0.9783643444396365,1984.1370328425821,1039.1542002301496,1515.4212328767123,1868.641929900476,0.8109746488228613,-0.30227127858191283,1515.4212328767123,1909.9652808491817,0.7934286806527432,0.9327714264399473,input_data/ectopic_recombination/JASANM010331002.1_De_593_6966.fa.depth.txt,95f0d26d05e2ea2df0e8fa06445037de9c8c3edacfe75a2835c943a5f5cb1a5e,248751,usable,1.0,True,0.7934286806527432,0.0
1320,6954,5635,JASANM010336539.1_De,1320,1477,158,6799,6954,156,1316,1319,cttc,6955,6958,cttc,,,,,,,,,,,,,,santeetlah,SRX19955089,GCA_031753655.1,JASANM010336539.1_De_1320_6954,JASANM010336539.1_De_1320_6954,LTR,Gypsy,unknown,no,+,GAG|Ty3_gypsy RT|Ty3_gypsy RH|Ty3_gypsy INT|Ty3_gypsy,True,5,5635,5635,0,0,1.0,1.0,1.0,1.0,7404.132911392405,8188.942307692308,7794.03821656051,1183.7985341101296,6.5839228483412064,2.7189474300840084,7794.03821656051,1183.7985341101296,6.5839228483412064,-0.14533699429969438,input_data/ectopic_recombination/JASANM010336539.1_De_1320_6954.fa.depth.txt,44860de8fd85fd509c45045c5885da0cc9a40d1d6a46a0b8ed57943c5cb42ed9,225297,usable,1.0,True,6.5839228483412064,0.0
902,6798,5897,JASANM010400777.1_De,902,1397,496,6321,6798,478,898,901,ggaa,6799,6802,ggaa,6303.0,6316.0,gagggaaaggggaa,+,5.0,,,,,,,,,santeetlah,SRX19955089,GCA_031753655.1,JASANM010400777.1_De_902_6798,JASANM010400777.1_De_902_6798,LTR,Gypsy,unknown,no,-,RT|Ty3_gypsy RH|Ty3_gypsy INT|Ty3_gypsy GAG|Ty3_gypsy,True,5,5897,5897,0,0,1.0,1.0,1.0,1.0,57.189516129032256,46.28451882845188,51.837782340862425,105.55088360755637,0.4911165171633993,-1.0258627510163052,51.837782340862425,105.55088360755637,0.4911165171633993,0.3022779472273574,input_data/ectopic_recombination/JASANM010400777.1_De_902_6798.fa.depth.txt,82944e4d3bff6a03d75113d4921739fd568053812ef3f560afc454f05cf60d82,225220,usable,1.0,True,0.4911165171633993,0.0
1402,6726,5325,JASANM010440664.1_De,1402,1673,272,6468,6726,259,1398,1401,agca,6727,6730,agca,,,,,,,,,,,,,,santeetlah,SRX19955089,GCA_031753655.1,JASANM010440664.1_De_1402_6726,JASANM010440664.1_De_1402_6726,LTR,Gypsy,unknown,no,-,GAG|Ty3_gypsy RT|Ty3_gypsy RH|Ty3_gypsy INT|Ty3_gypsy,True,5,5325,5325,0,0,1.0,1.0,1.0,1.0,20.86764705882353,49.86872586872587,35.013182674199626,44.53170629954109,0.7862528877443989,-0.34693468416491335,35.013182674199626,44.53170629954109,0.7862528877443989,-1.2371001854346535,input_data/ectopic_recombination/JASANM010440664.1_De_1402_6726.fa.depth.txt,c14ddd013c0c164440fd155e58e7409d61c071b3ce850ae7c88edca3fc5695b4,206646,usable,1.0,True,0.7862528877443989,0.0
295,6089,5795,JASANM010467270.1_De,295,525,231,5870,6089,220,291,294,ttca,6090,6093,ttca,,,,,,,,,,,,,,santeetlah,SRX19955089,GCA_031753655.1,JASANM010467270.1_De_295_6089,JASANM010467270.1_De_295_6089,LTR,Gypsy,unknown,yes,+,GAG|Ty3_gypsy PROT|Ty3_gypsy RT|Ty3_gypsy RH|Ty3_gypsy INT|Ty3_gypsy,True,6,5795,5795,0,0,1.0,1.0,1.0,1.0,36.874458874458874,25.686363636363637,31.416851441241686,33.4563997005988,0.939038621082692,-0.09074360016203488,31.416851441241686,33.4563997005988,0.939038621082692,0.5132369573562792,input_data/ectopic_recombination/JASANM010467270.1_De_295_6089.fa.depth.txt,2248a7a2b86612a39e30a1bd1c068527fe3a89bd7cf063228bd0ae32901f16ee,218382,usable,1.0,True,0.939038621082692,0.0
858,6607,5750,JASANM010476127.1_De,858,1208,351,6259,6607,349,854,857,tcaa,6608,6611,tcaa,,,,,,,,,,,,,,santeetlah,SRX19955089,GCA_031753655.1,JASANM010476127.1_De_858_6607,JASANM010476127.1_De_858_6607,LTR,Gypsy,unknown,no,+,RT|Ty3_gypsy RH|Ty3_gypsy INT|Ty3_gypsy GAG|Ty3_gypsy,True,5,5750,5750,0,100,1.0,1.0,1.0,0.9801980198019802,45.806267806267805,54.644699140401144,50.212857142857146,98.44455445544554,0.5100623129498005,-0.9712545868383234,50.212857142857146,100.43333333333334,0.49996206912901237,-0.2520147280921945,input_data/ectopic_recombination/JASANM010476127.1_De_858_6607.fa.depth.txt,9e86fa24a0233f4bc93feeda535613afe6fd8e87f580ed3fe0a249e1422f0bfe,218300,usable,1.0,True,0.4999620691290123,5.551115123125783e-17
747,6302,5556,JASANM010572489.1_De,747,955,209,6094,6302,209,743,746,tacc,6303,6306,tacc,,,,,,,,,,,,,,santeetlah,SRX19955089,GCA_031753655.1,JASANM010572489.1_De_747_6302,JASANM010572489.1_De_747_6302,LTR,Gypsy,unknown,no,+,GAG|Ty3_gypsy RT|Ty3_gypsy RH|Ty3_gypsy INT|Ty3_gypsy,True,5,5556,5556,0,8,1.0,0.9617224880382775,0.9808612440191388,1.0,23.229665071770334,19.028708133971293,21.129186602870814,564.041455819385,0.03746034335752214,-4.738492066543894,21.541463414634148,564.041455819385,0.0381912768864494,0.2810952230047878,input_data/ectopic_recombination/JASANM010572489.1_De_747_6302.fa.depth.txt,2f37b7dbb5b4ca3ff5d9ba6b138f119123828c57c77eb00d6fe6b77571b8bf14,214984,usable,1.0,True,0.0381912768864494,0.0
9,5988,5980,JASANM010630147.1_De,9,494,486,5494,5988,495,5,8,taag,5989,5992,taag,,,,,,,,,,,,,,santeetlah,SRX19955089,GCA_031753655.1,JASANM010630147.1_De_9_5988,JASANM010630147.1_De_9_5988,LTR,Gypsy,unknown,no,-,GAG|Ty3_gypsy RT|Ty3_gypsy RH|Ty3_gypsy INT|Ty3_gypsy,True,5,5980,5980,0,0,1.0,1.0,1.0,1.0,14.709876543209877,14.290909090909091,14.498470948012232,45.72054410882176,0.3171106387864434,-1.656941815468394,14.498470948012232,45.72054410882176,0.3171106387864434,0.04029771566240838,input_data/ectopic_recombination/JASANM010630147.1_De_9_5988.fa.depth.txt,a5a3331861c1eb1588f950103a48a0eff13b5bdeef96b089f2779942a45b8239,214106,usable,1.0,True,0.3171106387864434,0.0
1331,6295,4965,JASANM010659154.1_De,1331,1664,334,5963,6295,333,1327,1330,aaga,6296,6299,aaga,5963.0,5975.0,gaagatgaggaga,+,12.0,,,,,,,,,santeetlah,SRX19955089,GCA_031753655.1,JASANM010659154.1_De_1331_6295,JASANM010659154.1_De_1331_6295,LTR,Gypsy,unknown,no,+,PROT|Ty3_gypsy RT|Ty3_gypsy RH|Ty3_gypsy INT|Ty3_gypsy GAG|Ty3_gypsy,True,6,4965,4965,0,0,1.0,1.0,1.0,1.0,24.775449101796408,11.504504504504505,18.14992503748126,43.02349930200093,0.4218607349922638,-1.245161281016069,18.14992503748126,43.02349930200093,0.4218607349922638,1.0741608701872045,input_data/ectopic_recombination/JASANM010659154.1_De_1331_6295.fa.depth.txt,2fdf629a3c042de5ef5605b8c5a8355591cf87760669c048bff7ef97049b3561,192073,usable,1.0,True,0.4218607349922638,0.0
541,6275,5735,JASANM010659708.1_De,541,1192,652,5632,6275,644,537,540,tgtt,6276,6279,tgtt,5613.0,5621.0,aagaggaga,+,11.0,,,,,,,,,santeetlah,SRX19955089,GCA_031753655.1,JASANM010659708.1_De_541_6275,JASANM010659708.1_De_541_6275,LTR,Gypsy,unknown,no,-,RT|Ty3_gypsy RH|Ty3_gypsy INT|Ty3_gypsy GAG|Ty3_gypsy,True,5,5735,5735,0,0,1.0,1.0,1.0,1.0,44.125766871165645,52.59782608695652,48.335648148148145,79.58661860779455,0.607333858300323,-0.7194382945445097,48.335648148148145,79.58661860779455,0.607333858300323,-0.2507758345741954,input_data/ectopic_recombination/JASANM010659708.1_De_541_6275.fa.depth.txt,be378ca0233d11dda92110dfb39ca7639a950643fea0fa41ea4942863da1a03f,217701,usable,1.0,True,0.607333858300323,0.0
320,5650,5331,JASANM010659929.1_De,320,606,287,5356,5650,295,316,319,ggaa,5651,5654,ggaa,5350.0,5364.0,ggaagggggcggggg,+,8.0,,,,,,,,,santeetlah,SRX19955089,GCA_031753655.1,JASANM010659929.1_De_320_5650,JASANM010659929.1_De_320_5650,LTR,Gypsy,unknown,no,-,GAG|Ty3_gypsy RT|Ty3_gypsy RH|Ty3_gypsy INT|Ty3_gypsy,True,5,5331,5331,0,0,1.0,1.0,1.0,1.0,75.37282229965157,45.898305084745765,60.43298969072165,44.08422825858075,1.3708528441565426,0.45507371159851073,60.43298969072165,44.08422825858075,1.3708528441565426,0.7095110986293666,input_data/ectopic_recombination/JASANM010659929.1_De_320_5650.fa.depth.txt,7c08d79e80294b87f5e2729496135f784dd75229fb5ad6736b4e10d0f00252df,201872,usable,1.0,True,1.3708528441565426,0.0
9,5857,5849,JASANM010660372.1_De,9,382,374,5494,5857,364,5,8,ctga,5858,5861,ctga,,,,,,,,,,,,,,santeetlah,SRX19955089,GCA_031753655.1,JASANM010660372.1_De_9_5857,JASANM010660372.1_De_9_5857,LTR,Gypsy,unknown,no,+,GAG|Ty3_gypsy RT|Ty3_gypsy RH|Ty3_gypsy INT|Ty3_gypsy,True,5,5849,5849,0,0,1.0,1.0,1.0,1.0,28.315508021390375,33.92857142857143,31.0840108401084,32.50772842887889,0.956203719620541,-0.06461007712512751,31.0840108401084,32.50772842887889,0.956203719620541,-0.2567608644231516,input_data/ectopic_recombination/JASANM010660372.1_De_9_5857.fa.depth.txt,691c599a10251de95a7ea27a078ba8423f2253c206ca10a00605d84cd89aadde,209175,usable,1.0,True,0.956203719620541,0.0
1738,7452,5715,JASANM010665791.1_De,1738,2312,575,6867,7452,586,1734,1737,aaat,7453,7456,aaat,6853.0,6861.0,gggaggggg,+,6.0,,,,,,,,,santeetlah,SRX19955089,GCA_031753655.1,JASANM010665791.1_De_1738_7452,JASANM010665791.1_De_1738_7452,LTR,Gypsy,unknown,no,+,GAG|Ty3_gypsy RT|Ty3_gypsy RH|Ty3_gypsy INT|Ty3_gypsy,True,5,5715,5715,0,0,1.0,1.0,1.0,1.0,56.53913043478261,35.996587030716725,46.17054263565891,125.91194554238032,0.3666891368946285,-1.4473705678080269,46.17054263565891,125.91194554238032,0.3666891368946285,0.6441904309390653,input_data/ectopic_recombination/JASANM010665791.1_De_1738_7452.fa.depth.txt,a7250a381696aee88b0a1daaa78194eeb758c70b880279cf2683e4d0956d4875,222663,usable,1.0,True,0.3666891368946285,0.0
600,5839,5240,JASANM010669111.1_De,600,706,107,5729,5839,111,596,599,ttac,5840,5843,ttac,5743.0,5751.0,ggagaaagg,+,22.0,,,,,,,,,santeetlah,SRX19955089,GCA_031753655.1,JASANM010669111.1_De_600_5839,JASANM010669111.1_De_600_5839,LTR,Gypsy,unknown,no,-,GAG|Ty3_gypsy RT|Ty3_gypsy RH|Ty3_gypsy INT|Ty3_gypsy,True,5,5240,5240,0,0,1.0,1.0,1.0,1.0,225.01869158878506,707.2432432432432,470.5550458715596,311.68757467144565,1.5097010086705525,0.5942628568222107,470.5550458715596,311.68757467144565,1.5097010086705525,-1.6499790580886113,input_data/ectopic_recombination/JASANM010669111.1_De_600_5839.fa.depth.txt,05f3f364aadbe586e97de18983c87b6f5a001887dddb9122360a72ad843f486a,202237,usable,1.0,True,1.5097010086705525,0.0
6,5993,5988,JASANM010673536.1_De,6,616,611,5396,5993,598,2,5,aacc,5994,5997,aacc,,,,,,,,,,,,,,santeetlah,SRX19955089,GCA_031753655.1,JASANM010673536.1_De_6_5993,JASANM010673536.1_De_6_5993,LTR,Gypsy,unknown,yes,+,GAG|Ty3_gypsy PROT|Ty3_gypsy RT|Ty3_gypsy RH|Ty3_gypsy INT|Ty3_gypsy,True,6,5988,5988,0,0,1.0,1.0,1.0,1.0,184.27659574468086,92.51672240802675,138.8899917287014,396.3864825277255,0.35039033330049707,-1.5129651210093717,138.8899917287014,396.3864825277255,0.35039033330049707,0.9902200228259138,input_data/ectopic_recombination/JASANM010673536.1_De_6_5993.fa.depth.txt,581e68d2623a054a57813f0df0ecc198bb8c4c90c161a9989d114476edfb9e02,218196,usable,1.0,True,0.350390333300497,5.551115123125783e-17
1187,5948,4762,JASANM010673645.1_De,1187,1344,158,5796,5948,153,1183,1186,ggag,5949,5952,ggag,1359.0,1375.0,ggggcggaagtaaggaa,-,15.0,,,,,,,,,santeetlah,SRX19955089,GCA_031753655.1,JASANM010673645.1_De_1187_5948,JASANM010673645.1_De_1187_5948,LTR,Gypsy,unknown,no,-,GAG|Ty3_gypsy RT|Ty3_gypsy RH|Ty3_gypsy INT|Maverick,True,5,4762,4762,0,53,0.6645569620253164,1.0,0.8295819935691319,1.0,43.00632911392405,17.705882352941178,30.559485530546624,41.39406874859582,0.7382575923170942,-0.43780380662749274,36.83720930232558,41.39406874859582,0.8899151597310709,1.256820630231269,input_data/ectopic_recombination/JASANM010673645.1_De_1187_5948.fa.depth.txt,a73b6ef8f8ff835c58a408e201ceb3a6307a952a70529c0e1088e79cdb039f46,184584,usable,1.0,False,0.8899151597310709,0.0
336,5973,5638,JASANM010674864.1_De,336,572,237,5745,5973,229,332,335,gaag,5974,5977,gaag,,,,,,,,,,,,,,santeetlah,SRX19955089,GCA_031753655.1,JASANM010674864.1_De_336_5973,JASANM010674864.1_De_336_5973,LTR,Gypsy,unknown,yes,+,GAG|Ty3_gypsy PROT|Ty3_gypsy RT|Ty3_gypsy RH|Ty3_gypsy INT|Ty3_gypsy,True,6,5638,5638,0,0,1.0,1.0,1.0,1.0,17.763713080168777,12.969432314410481,15.407725321888412,38.17672080433101,0.4035895435037066,-1.3090392983686854,15.407725321888412,38.17672080433101,0.4035895435037066,0.43929105241294436,input_data/ectopic_recombination/JASANM010674864.1_De_336_5973.fa.depth.txt,bc69143720a2cb87bf8a521a5f1e522a81820906a427281804c391db71cfe92f,213159,usable,1.0,True,0.4035895435037066,0.0
3974,9486,5513,JASANM010675751.1_De,3974,4611,638,8849,9486,638,3968,3973,agtgca,9487,9492,agtgca,,,,,,,,,,,,,,santeetlah,SRX19955089,GCA_031753655.1,JASANM010675751.1_De_3974_9486,JASANM010675751.1_De_3974_9486,LTR,Gypsy,unknown,yes,+,GAG|Ty3_gypsy PROT|Ty3_gypsy RT|Ty3_gypsy RH|Ty3_gypsy INT|Ty3_gypsy,True,6,5513,5513,0,2,1.0,0.9968652037617555,0.9984326018808778,1.0,10.293103448275861,26.573667711598745,18.433385579937305,30.47250413028086,0.6049186342260545,-0.725186991992416,18.46232339089482,30.47250413028086,0.6058682710144785,-1.3267805880013692,input_data/ectopic_recombination/JASANM010675751.1_De_3974_9486.fa.depth.txt,5de0b1a03bcb7358706a591309d9c8d31216afd196cac93936bf0f6163dde939,213282,usable,1.0,True,0.6058682710144785,0.0
27,6044,6018,JASANM010676414.1_De,27,626,600,5425,6044,620,23,26,acct,6045,6048,acct,5396.0,5406.0,acgggaaggag,+,19.0,,,,,,,,,santeetlah,SRX19955089,GCA_031753655.1,JASANM010676414.1_De_27_6044,JASANM010676414.1_De_27_6044,LTR,Gypsy,unknown,no,+,INT|Ty1_copia GAG|Ty3_gypsy RT|Ty3_gypsy RH|Ty3_gypsy,True,5,6018,6018,0,0,1.0,1.0,1.0,1.0,805.905,2034.1225806451612,1430.0811475409837,2516.1192163401415,0.5683678015945244,-0.8151032676037503,1430.0811475409837,2516.1192163401415,0.5683678015945244,-1.33518471239736,input_data/ectopic_recombination/JASANM010676414.1_De_27_6044.fa.depth.txt,dfbe64536f949b753d97c6225ee33b961ac365c0a0330beced2f9973216b3ea9,230687,usable,1.0,True,0.5683678015945244,0.0
1847,7237,5391,JASANM010680174.1_De,1847,2408,562,6669,7237,569,1843,1846,acag,7238,7241,acag,2420.0,2436.0,aaaggaagaggagaaga,-,12.0,,,,,,,,,santeetlah,SRX19955089,GCA_031753655.1,JASANM010680174.1_De_1847_7237,JASANM010680174.1_De_1847_7237,LTR,Gypsy,unknown,yes,+,GAG|Ty3_gypsy PROT|Ty3_gypsy RT|Ty3_gypsy RH|Ty3_gypsy INT|Ty3_gypsy,True,6,5391,5391,0,0,1.0,1.0,1.0,1.0,80.644128113879,101.00527240773286,90.88770999115826,103.89859154929577,0.8747732633895777,-0.19301896842537353,90.88770999115826,103.89859154929577,0.8747732633895777,-0.32299606114999413,input_data/ectopic_recombination/JASANM010680174.1_De_1847_7237.fa.depth.txt,1321247ceec12f957e7d17b45b1d60039fcd7522ece27f3e5f65ab823a7c4f92,211624,usable,1.0,True,0.8747732633895777,0.0
165,5595,5431,JASANM010680397.1_De,165,520,356,5237,5595,359,161,164,cctt,5596,5599,cctt,5222.0,5231.0,gagagggggg,+,6.0,,,,,,,,,santeetlah,SRX19955089,GCA_031753655.1,JASANM010680397.1_De_165_5595,JASANM010680397.1_De_165_5595,LTR,Gypsy,unknown,no,+,GAG|Ty3_gypsy RT|Ty3_gypsy RH|Ty3_gypsy INT|Ty3_gypsy,True,5,5431,5431,0,0,1.0,1.0,1.0,1.0,34.41573033707865,23.610027855153202,28.99020979020979,54.77650551314674,0.5292453309795737,-0.9179914581033918,28.99020979020979,54.77650551314674,0.5292453309795737,0.5342438323489589,input_data/ectopic_recombination/JASANM010680397.1_De_165_5595.fa.depth.txt,98372a4b068ca084dde43028242b13ed709df37d1c1797a8885891d0b700fbe7,205606,usable,1.0,True,0.5292453309795737,0.0
20,5341,5322,JASANM010682613.1_De,20,298,279,5069,5341,273,16,19,cggc,5342,5345,cggc,321.0,329.0,aggggaagg,-,23.0,,,,,,,,,santeetlah,SRX19955089,GCA_031753655.1,JASANM010682613.1_De_20_5341,JASANM010682613.1_De_20_5341,LTR,Gypsy,unknown,no,-,GAG|Ty3_gypsy RT|Ty3_gypsy RH|Ty3_gypsy INT|Ty3_gypsy,True,5,5322,5322,0,0,1.0,1.0,1.0,1.0,116.21505376344086,69.57875457875458,93.15036231884058,91.46058700209643,1.018475447973075,0.02641120218457981,93.15036231884058,91.46058700209643,1.018475447973075,0.7359416089886215,input_data/ectopic_recombination/JASANM010682613.1_De_20_5341.fa.depth.txt,90945f2804fe6ba72aa6071911090b9a18a88d97a6eb69d1fa03fcd784bd0193,197264,usable,1.0,True,1.018475447973075,0.0
801,5941,5141,JASANM010683277.1_De,801,932,132,5816,5941,126,797,800,gaga,5942,5945,gaga,919.0,945.0,aggaaaatagcgaggagaggatagaag,-,13.0,,,,,,,,,santeetlah,SRX19955089,GCA_031753655.1,JASANM010683277.1_De_801_5941,JASANM010683277.1_De_801_5941,LTR,Gypsy,unknown,no,-,GAG|Ty3_gypsy RT|Ty3_gypsy RH|Ty3_gypsy INT|Ty3_gypsy,True,5,5141,5141,0,0,1.0,1.0,1.0,1.0,10.007575757575758,94.13492063492063,51.093023255813954,44.11202129838214,1.1582562247649226,0.21195443580382234,51.093023255813954,44.11202129838214,1.1582562247649226,-3.1709427835261033,input_data/ectopic_recombination/JASANM010683277.1_De_801_5941.fa.depth.txt,f197f80380f44537eef8b5a9e64219b0de64182b7cc29a6a274099609e5f5764,194331,usable,1.0,True,1.1582562247649226,0.0
3266,8786,5521,JASANM010689031.1_De,3266,3466,201,8578,8786,209,3262,3265,taaa,8787,8790,taaa,8574.0,8583.0,agagaaagaa,+,5.0,,,,,,,,,santeetlah,SRX19955089,GCA_031753655.1,JASANM010689031.1_De_3266_8786,JASANM010689031.1_De_3266_8786,LTR,Gypsy,unknown,no,-,GAG|Ty3_gypsy RT|Ty3_gypsy RH|Ty3_gypsy INT|Ty3_gypsy,True,5,5521,5521,0,0,1.0,1.0,1.0,1.0,39.21393034825871,48.25358851674641,43.821951219512194,89.43005282723537,0.4900137015927882,-1.0291060049582856,43.821951219512194,89.43005282723537,0.4900137015927882,-0.29586326621010955,input_data/ectopic_recombination/JASANM010689031.1_De_3266_8786.fa.depth.txt,5c1026fce4f8b57f070e300e1f44f11a3db62da80d8221c0ab3b05ef3f9f2ea6,215049,usable,1.0,True,0.4900137015927882,0.0
4086,9664,5579,JAWLIA010000012.1_De,4086,4481,396,9278,9664,387,4082,4085,ggtt,9665,9668,ggtt,,,,,,,,,,,,,,tilleyi,SRX21394251,GCA_034782015.1,JAWLIA010000012.1_De_4086_9664,JAWLIA010000012.1_De_4086_9664,LTR,Gypsy,unknown,no,-,PROT|Ty3_gypsy RT|Ty3_gypsy RH|Ty3_gypsy INT|Ty3_gypsy,True,5,5579,5579,0,0,1.0,1.0,1.0,1.0,96.90656565656566,86.40568475452196,91.71647509578544,177.84570475396163,0.5157081258873777,-0.955373316976638,91.71647509578544,177.84570475396163,0.5157081258873777,0.1645684689354314,input_data/ectopic_recombination/JAWLIA010000012.1_De_4086_9664.fa.depth.txt,2b6c12e0bea92aa3942505ce8def81832204d2d00d0f5c06c3aec7f4cd4795e5,220532,usable,1.0,True,0.5157081258873777,0.0
119,11554,11436,JAWLIA010000034.1_De,119,373,255,11300,11554,255,115,118,ctgt,11555,11558,ctgt,374.0,386.0,aaaaggggggaaa,-,1.0,,,,,,,,,tilleyi,SRX21394251,GCA_034782015.1,JAWLIA010000034.1_De_119_11554,JAWLIA010000034.1_De_119_11554,LTR,Gypsy,unknown,yes,+,GAG|Ty3_gypsy PROT|Bel-Pao RT|Ty3_gypsy RH|Ty3_gypsy INT|Ty3_gypsy,True,6,11436,11436,0,0,1.0,1.0,1.0,1.0,84.3529411764706,99.65882352941176,92.00588235294117,347.41488193300387,0.264829997612721,-1.9168615476818973,92.00588235294117,347.41488193300387,0.264829997612721,-0.23925294900626284,input_data/ectopic_recombination/JAWLIA010000034.1_De_119_11554.fa.depth.txt,314913d9227f7ba1061c99601f039055403349b9bf0a33f27739696392ca3840,453789,usable,1.0,True,0.264829997612721,0.0
2480,8069,5590,JAWLIA010000037.1_De,2480,2581,102,7968,8069,102,2476,2479,ctgt,8070,8073,ctgt,,,,,,,,,,,,,,tilleyi,SRX21394251,GCA_034782015.1,JAWLIA010000037.1_De_2480_8069,JAWLIA010000037.1_De_2480_8069,LTR,Gypsy,unknown,no,+,GAG|Ty3_gypsy RT|Ty3_gypsy RH|Ty3_gypsy INT|Ty3_gypsy,True,5,5590,5590,0,0,1.0,1.0,1.0,1.0,3242.4411764705883,17624.598039215685,10433.519607843138,3874.194021537319,2.6930813350703104,1.4292578020381077,10433.519607843138,3874.194021537319,2.6930813350703104,-2.4422565223141306,input_data/ectopic_recombination/JAWLIA010000037.1_De_2480_8069.fa.depth.txt,fe919b74a2e97e9e538c6e2f535df51190b24f5d4ea6b81e5492ccfdd8fef359,225734,usable,1.0,True,2.6930813350703104,0.0
20,5707,5688,JAWLIA010000038.1_De,20,604,585,5104,5707,604,16,19,tctt,5708,5711,tctt,592.0,601.0,gaaggagggg,-,12.0,,,,,,,,,tilleyi,SRX21394251,GCA_034782015.1,JAWLIA010000038.1_De_20_5707,JAWLIA010000038.1_De_20_5707,LTR,Gypsy,unknown,no,+,INT|Ty3_gypsy GAG|Ty3_gypsy RT|Ty3_gypsy RH|Ty3_gypsy,True,5,5688,5688,0,0,1.0,1.0,1.0,1.0,27.08205128205128,18.2682119205298,22.60470984020185,51.58479662147144,0.438204884397915,-1.1903225296432594,22.60470984020185,51.58479662147144,0.438204884397915,0.555438545622586,input_data/ectopic_recombination/JAWLIA010000038.1_De_20_5707.fa.depth.txt,c75c7cd0eba8c3c0f21c801e818846835de41ff3f1effd354e82404bfdd8f632,209457,usable,1.0,True,0.438204884397915,0.0
2226,7598,5373,JAWLIA010000053.1_De,2226,2500,275,7316,7598,283,2222,2225,ttaa,7599,7602,ttaa,,,,,,,,,,,,,,tilleyi,SRX21394251,GCA_034782015.1,JAWLIA010000053.1_De_2226_7598,JAWLIA010000053.1_De_2226_7598,LTR,Gypsy,unknown,no,+,GAG|Ty3_gypsy RT|Ty3_gypsy RH|Ty3_gypsy INT|Ty3_gypsy,True,5,5373,5373,0,0,1.0,1.0,1.0,1.0,130.10181818181817,43.54416961130742,86.20250896057348,97.80893042575286,0.881335769498166,-0.18223633601087824,86.20250896057348,97.80893042575286,0.881335769498166,1.5681520228238326,input_data/ectopic_recombination/JAWLIA010000053.1_De_2226_7598.fa.depth.txt,596debcd40aaeddf0bcbf592a56c0f056954eaefcdc3e729bf104c849cb669b3,210155,usable,1.0,True,0.881335769498166,0.0
1177,7132,5956,JAWLIA010000057.1_De,1177,1818,642,6494,7132,639,1173,1176,cgca,7133,7136,cgca,1833.0,1844.0,agagtggaggga,-,15.0,,,,,,,,,tilleyi,SRX21394251,GCA_034782015.1,JAWLIA010000057.1_De_1177_7132,JAWLIA010000057.1_De_1177_7132,LTR,Gypsy,unknown,no,-,PROT|Ty3_gypsy RT|Ty3_gypsy RH|Ty3_gypsy INT|Ty3_gypsy GAG|Ty3_gypsy,True,6,5956,5956,0,0,1.0,1.0,1.0,1.0,61.087227414330215,177.0203442879499,118.91803278688525,118.83743315508022,1.000678234371655,0.000978153693302562,118.91803278688525,118.83743315508022,1.000678234371655,-1.5272812843717327,input_data/ectopic_recombination/JAWLIA010000057.1_De_1177_7132.fa.depth.txt,7cabe383a32668f791775020995c87bdf65c90324786aa0591ac3f4610138322,234638,usable,1.0,True,1.000678234371655,0.0
1001,6375,5375,JAWLIA010000071.1_De,1001,1228,228,6150,6375,226,996,1000,actaa,6376,6380,actaa,,,,,,,,,,,,,,tilleyi,SRX21394251,GCA_034782015.1,JAWLIA010000071.1_De_1001_6375,JAWLIA010000071.1_De_1001_6375,LTR,Gypsy,unknown,no,-,GAG|Ty3_gypsy RT|Ty3_gypsy RH|Ty3_gypsy INT|Ty3_gypsy,True,5,5375,5375,0,0,1.0,1.0,1.0,1.0,84.53947368421052,85.9424778761062,85.23788546255507,66.07498475919529,1.2900174820046855,0.3673906168350162,85.23788546255507,66.07498475919529,1.2900174820046855,-0.023607759737862225,input_data/ectopic_recombination/JAWLIA010000071.1_De_1001_6375.fa.depth.txt,c7a24ac4ae27ae304e016ae7b33469d9afd0d94478f69cb7b43a56f6e3106dd7,209197,usable,1.0,True,1.2900174820046857,2.220446049250313e-16
3430,8640,5211,JAWLIA010000099.1_De,3430,3610,181,8470,8640,171,3426,3429,ctgc,8641,8644,ctgc,,,,,,,,,,,,,,tilleyi,SRX21394251,GCA_034782015.1,JAWLIA010000099.1_De_3430_8640,JAWLIA010000099.1_De_3430_8640,LTR,Gypsy,unknown,no,+,GAG|Ty3_gypsy RT|Ty3_gypsy RH|Ty3_gypsy INT|Ty3_gypsy,True,5,5211,5211,0,0,1.0,1.0,1.0,1.0,85.39779005524862,47.134502923976605,66.8096590909091,83.12986211154559,0.8036782137478146,-0.31531012129000907,66.8096590909091,83.12986211154559,0.8036782137478146,0.8506140805944808,input_data/ectopic_recombination/JAWLIA010000099.1_De_3430_8640.fa.depth.txt,d2fc34269675acfa894c8f238e69f83fd92156e2282f58a23b239baf93248f78,202778,usable,1.0,True,0.8036782137478146,0.0
341,5614,5274,JAWLIA010000135.1_De,341,453,113,5504,5614,111,337,340,ggag,5615,5618,ggag,,,,,,,,,,,,,,tilleyi,SRX21394251,GCA_034782015.1,JAWLIA010000135.1_De_341_5614,JAWLIA010000135.1_De_341_5614,LTR,Gypsy,unknown,no,-,GAG|Ty3_gypsy RT|Ty3_gypsy RH|Ty3_gypsy INT|Ty3_gypsy,True,5,5274,5274,0,2,0.9823008849557522,1.0,0.9910714285714286,1.0,23.41592920353982,85.68468468468468,54.27232142857143,121.06277227722772,0.4482990138726587,-1.1574667690044262,54.76126126126126,121.06277227722772,0.4523377437273673,-1.8494596748934393,input_data/ectopic_recombination/JAWLIA010000135.1_De_341_5614.fa.depth.txt,f7c48e135efde5e7cd8687c64366696ee71d8154e695066689818f121e619fcf,201178,usable,1.0,True,0.4523377437273673,0.0
949,7247,6299,JAWLIA010000165.1_De,949,1548,600,6664,7247,584,945,948,tgca,7248,7251,tgca,,,,,,,,,,,,,,tilleyi,SRX21394251,GCA_034782015.1,JAWLIA010000165.1_De_949_7247,JAWLIA010000165.1_De_949_7247,LTR,Gypsy,unknown,no,+,PROT|Ty3_gypsy RT|Ty3_gypsy RH|Ty3_gypsy INT|Ty3_gypsy,True,5,6299,6299,0,0,1.0,1.0,1.0,1.0,40.925,91.0222602739726,65.63513513513513,119.16852394916911,0.550775766620484,-0.8604630106243015,65.63513513513513,119.16852394916911,0.550775766620484,-1.1436209845404763,input_data/ectopic_recombination/JAWLIA010000165.1_De_949_7247.fa.depth.txt,ba45373c1b0479da8c6a807fad7a6cfe848bdfb5d53a2e40704b68beff5658dc,241605,usable,1.0,True,0.550775766620484,0.0
4190,9899,5710,JAWLIA010000170.1_De,4190,4419,230,9683,9899,217,4186,4189,tgct,9900,9903,tgct,4420.0,4428.0,gaagagaag,-,1.0,,,,,,,,,tilleyi,SRX21394251,GCA_034782015.1,JAWLIA010000170.1_De_4190_9899,JAWLIA010000170.1_De_4190_9899,LTR,Gypsy,unknown,no,+,GAG|Ty3_gypsy RT|Ty3_gypsy RH|Ty3_gypsy INT|Ty3_gypsy,True,5,5710,5710,0,0,1.0,1.0,1.0,1.0,229.01739130434783,5325.682027649769,2703.2371364653245,3272.148964468934,0.8261351074840374,-0.27555035324547283,2703.2371364653245,3272.148964468934,0.8261351074840374,-4.536426354204068,input_data/ectopic_recombination/JAWLIA010000170.1_De_4190_9899.fa.depth.txt,d16501f522f44944da2baa39761c29dafe9836e552547ab5b4ed07eca9c6e6c2,228778,usable,1.0,True,0.8261351074840374,0.0
21,5875,5855,JAWLIA010000180.1_De,21,997,977,4879,5875,997,17,20,tgta,5876,5879,tgta,,,,,,,,,,,,,,tilleyi,SRX21394251,GCA_034782015.1,JAWLIA010000180.1_De_21_5875,JAWLIA010000180.1_De_21_5875,LTR,Gypsy,unknown,no,-,RH|Ty3_gypsy INT|Ty3_gypsy GAG|Ty3_gypsy RT|Ty3_gypsy,True,5,5855,5855,0,3,0.9969293756397134,1.0,0.9984802431610942,1.0,18.88331627430911,27.722166499498496,23.347517730496453,36.175470239628964,0.6453963853362731,-0.6317425971245412,23.383054287163876,36.175470239628964,0.6463787238223252,-0.5420133206640316,input_data/ectopic_recombination/JAWLIA010000180.1_De_21_5875.fa.depth.txt,cb1809ac315aaa917e7b8c2656feac1427e16b966411c4f59ce4648ebab0b257,215486,usable,1.0,True,0.6463787238223252,0.0
1255,7290,6036,JAWLIA010000192.1_De,1255,1896,642,6663,7290,628,1250,1254,atagg,7291,7295,atagg,,,,,,,,,,,,,,tilleyi,SRX21394251,GCA_034782015.1,JAWLIA010000192.1_De_1255_7290,JAWLIA010000192.1_De_1255_7290,LTR,Gypsy,unknown,no,-,GAG|Ty3_gypsy RT|Ty3_gypsy RH|Ty3_gypsy INT|Ty3_gypsy,True,5,6036,6036,0,1,0.9984423676012462,1.0,0.9992125984251968,1.0,1441.6183800623053,1983.7133757961783,1709.6779527559056,1672.052664708351,1.0225024539248693,0.032104305524961955,1711.0252167060678,1672.052664708351,1.023308208419688,-0.4603775799196003,input_data/ectopic_recombination/JAWLIA010000192.1_De_1255_7290.fa.depth.txt,51d2bb73e4cbf3a4ff33c2c5879d98eb4cd27ecefaf1827de5726ee13f42f88a,242363,usable,1.0,True,1.023308208419688,0.0
1557,8334,6778,JAWLIA010000204.1_De,1557,2224,668,7668,8334,667,1553,1556,gcac,8335,8338,gcac,,,,,,,,,,,,,,tilleyi,SRX21394251,GCA_034782015.1,JAWLIA010000204.1_De_1557_8334,JAWLIA010000204.1_De_1557_8334,LTR,Gypsy,unknown,yes,+,GAG|Ty3_gypsy PROT|Ty3_gypsy RT|Ty3_gypsy RH|Ty3_gypsy INT|Ty1_copia,True,6,6778,6778,0,0,1.0,1.0,1.0,1.0,40.630239520958085,43.142428785607194,41.885393258426966,75.80507073305162,0.5525407845858601,-0.8558471370834756,41.885393258426966,75.80507073305162,0.5525407845858601,-0.08553191930372156,input_data/ectopic_recombination/JAWLIA010000204.1_De_1557_8334.fa.depth.txt,11fe9fb2e83c445725a5d8e47e884ec223bb5b0e4763e7f6e6626ba4d02223b1,263777,usable,1.0,True,0.5525407845858601,0.0
7,5388,5382,JAWLIA010000216.1_De,7,244,238,5159,5388,230,3,6,ccaa,5389,5392,ccaa,,,,,,,,,,,,,,tilleyi,SRX21394251,GCA_034782015.1,JAWLIA010000216.1_De_7_5388,JAWLIA010000216.1_De_7_5388,LTR,Gypsy,unknown,no,-,INT|Ty3_gypsy GAG|Ty3_gypsy RT|Ty3_gypsy RH|Ty3_gypsy,True,5,5382,5382,0,0,1.0,1.0,1.0,1.0,59.134453781512605,115.59130434782608,86.88034188034187,170.8249898249898,0.5085926946013624,-0.975417355505981,86.88034188034187,170.8249898249898,0.5085926946013624,-0.9610419201033166,input_data/ectopic_recombination/JAWLIA010000216.1_De_7_5388.fa.depth.txt,e75b95dc4e7e1e269214deebbeab017d3f8b1b86c88c99c1e2676b0abd8ab752,196219,usable,1.0,True,0.5085926946013624,0.0
303,5876,5574,JAWLIA010000242.1_De,303,782,480,5399,5876,478,299,302,tgtt,5877,5880,tgtt,,,,,,,,,,,,,,tilleyi,SRX21394251,GCA_034782015.1,JAWLIA010000242.1_De_303_5876,JAWLIA010000242.1_De_303_5876,LTR,Gypsy,unknown,no,-,INT|Ty3_gypsy GAG|Ty3_gypsy RT|Ty3_gypsy RH|Ty3_gypsy,True,5,5574,5574,0,0,1.0,1.0,1.0,1.0,20.864583333333332,40.28870292887029,30.556367432150314,70.12976603119584,0.43571181199375336,-1.1985538701497287,30.556367432150314,70.12976603119584,0.43571181199375336,-0.932948449626612,input_data/ectopic_recombination/JAWLIA010000242.1_De_303_5876.fa.depth.txt,6966210020b1683645a3c2012f14a43b0375796e85bcd950ab035e3cefe3fa57,211057,usable,1.0,True,0.4357118119937533,5.551115123125783e-17
893,6466,5574,JAWLIA010000255.1_De,893,1303,411,6053,6466,414,888,892,ttgag,6467,6471,ttgag,6051.0,6059.0,aagaagggg,+,6.0,,,,,,,,,tilleyi,SRX21394251,GCA_034782015.1,JAWLIA010000255.1_De_893_6466,JAWLIA010000255.1_De_893_6466,LTR,Gypsy,unknown,no,+,RT|Ty3_gypsy RH|Ty3_gypsy INT|Ty3_gypsy GAG|Ty3_gypsy PROT|Ty3_gypsy,True,6,5574,5574,0,0,1.0,1.0,1.0,1.0,41.87834549878345,94.29710144927536,68.1830303030303,50.639503053274375,1.3464395618436378,0.4291494724794759,68.1830303030303,50.639503053274375,1.3464395618436378,-1.1615156831562508,input_data/ectopic_recombination/JAWLIA010000255.1_De_893_6466.fa.depth.txt,e14e3dcbc59cec1b9fc3f63f517e6ba66eaaef88599196c328ff31a5b9e58615,210708,usable,1.0,True,1.3464395618436378,0.0
2143,8697,6555,JAWLIA010000259.1_De,2143,2781,639,8072,8697,626,2139,2142,aaga,8698,8701,aaga,8085.0,8097.0,aggagggaacagg,+,25.0,,,,,,,,,tilleyi,SRX21394251,GCA_034782015.1,JAWLIA010000259.1_De_2143_8697,JAWLIA010000259.1_De_2143_8697,LTR,Gypsy,unknown,no,+,PROT|Bel-Pao RT|Ty3_gypsy RH|Ty3_gypsy INT|Ty3_gypsy GAG|Ty3_gypsy,True,6,6555,6555,0,0,1.0,1.0,1.0,1.0,30.23474178403756,19.945686900958467,25.14308300395257,51.5461247637051,0.4877783367656075,-1.0357024083703874,25.14308300395257,51.5461247637051,0.4877783367656075,0.5880738314096589,input_data/ectopic_recombination/JAWLIA010000259.1_De_2143_8697.fa.depth.txt,9a14c9552c40ae33c40b963b9f9f57ef7485a0c69e15d15a1141c2bd77d0576e,254429,usable,1.0,True,0.4877783367656075,0.0
881,6102,5222,JAWLIA010000292.1_De,881,1085,205,5904,6102,199,877,880,tgtt,6103,6106,tgtt,,,,,,,,,,,,,,tilleyi,SRX21394251,GCA_034782015.1,JAWLIA010000292.1_De_881_6102,JAWLIA010000292.1_De_881_6102,LTR,Gypsy,unknown,no,-,PROT|Ty3_gypsy RT|Ty3_gypsy RH|Ty3_gypsy INT|Ty3_gypsy GAG|Ty3_gypsy,True,6,5222,5222,0,0,1.0,1.0,1.0,1.0,37.25365853658536,42.688442211055275,39.93069306930693,48.21066832710668,0.8282542942234159,-0.2718543166670775,39.93069306930693,48.21066832710668,0.8282542942234159,-0.19402882380557293,input_data/ectopic_recombination/JAWLIA010000292.1_De_881_6102.fa.depth.txt,76c87440d185434b25075213f89ad6caf8c6f1d08dbda62827d20f71f07a6591,197243,usable,1.0,True,0.8282542942234159,0.0
2576,8562,5987,JAWLIA010000312.1_De,2576,3386,811,7764,8562,799,2572,2575,aatg,8563,8566,aatg,,,,,,,,,,,,,,tilleyi,SRX21394251,GCA_034782015.1,JAWLIA010000312.1_De_2576_8562,JAWLIA010000312.1_De_2576_8562,LTR,Gypsy,unknown,no,+,INT|Ty3_gypsy RT|Ty3_gypsy RH|Ty3_gypsy GAG|Ty3_gypsy PROT|Ty3_gypsy,True,6,5987,5987,0,0,1.0,1.0,1.0,1.0,21.13193588162762,40.35294117647059,30.67080745341615,34.3787982636509,0.892143094072161,-0.16465296708316984,30.67080745341615,34.3787982636509,0.892143094072161,-0.9172771673403823,input_data/ectopic_recombination/JAWLIA010000312.1_De_2576_8562.fa.depth.txt,3f23ce87f7dbad50c4cef2d81bb5a035e4cabe3965b4bbdcde5110b0471953b1,232356,usable,1.0,True,0.892143094072161,0.0
1130,7569,6440,JAWLIA010000347.1_De,1130,1566,437,7126,7569,444,1126,1129,gtgt,7570,7573,gtgt,1566.0,1579.0,ggaggtggggaaag,-,0.0,,,,,,,,,tilleyi,SRX21394251,GCA_034782015.1,JAWLIA010000347.1_De_1130_7569,JAWLIA010000347.1_De_1130_7569,LTR,Gypsy,unknown,yes,+,GAG|Ty3_gypsy PROT|Bel-Pao RT|Ty3_gypsy RH|Ty3_gypsy INT|Ty3_gypsy,True,6,6440,6440,0,0,1.0,1.0,1.0,1.0,45.32036613272311,22.876126126126128,34.00908059023836,90.51933801043353,0.3757106640165483,-1.4123060294654415,34.00908059023836,90.51933801043353,0.3757106640165483,0.9709531193527493,input_data/ectopic_recombination/JAWLIA010000347.1_De_1130_7569.fa.depth.txt,12be6e97c4915be63d236d1dcca30f236add463b00bac7a84b47e34aa92c2cf0,252091,usable,1.0,True,0.3757106640165483,0.0
768,7069,6302,JAWLIA010000349.1_De,768,1462,695,6359,7069,711,764,767,ctta,7070,7073,ctta,,,,,,,,,,,,,,tilleyi,SRX21394251,GCA_034782015.1,JAWLIA010000349.1_De_768_7069,JAWLIA010000349.1_De_768_7069,LTR,Gypsy,unknown,no,+,PROT|Ty3_gypsy RT|Ty3_gypsy RH|Ty3_gypsy INT|Ty3_gypsy GAG|Ty3_gypsy,True,6,6302,6302,0,0,1.0,1.0,1.0,1.0,13.676258992805755,30.350210970464136,22.10810810810811,27.153186274509803,0.814199404983356,-0.2965459277300916,22.10810810810811,27.153186274509803,0.814199404983356,-1.121803488812127,input_data/ectopic_recombination/JAWLIA010000349.1_De_768_7069.fa.depth.txt,440d4a87210b064742a792e455f79cff983ebf0af7fc8f05fff6cbaad694ceb4,237445,usable,1.0,True,0.814199404983356,0.0
903,7501,6599,JAWLIA010000402.1_De,903,1460,558,6956,7501,546,899,902,catc,7502,7505,catc,,,,,,,,,,,,,,tilleyi,SRX21394251,GCA_034782015.1,JAWLIA010000402.1_De_903_7501,JAWLIA010000402.1_De_903_7501,LTR,Gypsy,unknown,yes,-,GAG|Ty3_gypsy PROT|Ty3_gypsy RT|Ty3_gypsy RH|Ty3_gypsy INT|Ty3_gypsy,True,6,6599,6599,0,10,1.0,1.0,1.0,0.9981801637852593,39.71863799283154,55.46520146520147,47.50634057971015,99.84567788899,0.47579766680064456,-1.0715798977426265,47.50634057971015,100.02771194165906,0.4749317929757117,-0.47666582884623304,input_data/ectopic_recombination/JAWLIA010000402.1_De_903_7501.fa.depth.txt,ab9482324450244a7130949742bad23e8de7e53b6e008ed00cb2108f93c584fb,252043,usable,1.0,True,0.4749317929757117,0.0
5,6594,6590,JAWLIA010000415.1_De,5,570,566,6025,6594,570,1,4,caga,6595,6598,caga,557.0,566.0,ggagagggga,-,13.0,,,,,,,,,tilleyi,SRX21394251,GCA_034782015.1,JAWLIA010000415.1_De_5_6594,JAWLIA010000415.1_De_5_6594,LTR,Gypsy,unknown,no,+,PROT|Ty3_gypsy RT|Ty3_gypsy RH|Ty3_gypsy INT|Ty3_gypsy,True,5,6590,6590,0,0,1.0,1.0,1.0,1.0,40.48409893992933,58.14035087719298,49.34330985915493,95.13017968463512,0.5186924908870384,-0.9470486109358632,49.34330985915493,95.13017968463512,0.5186924908870384,-0.5168294562015883,input_data/ectopic_recombination/JAWLIA010000415.1_De_5_6594.fa.depth.txt,04531912012c575012a22645efad52277decf9060707a518b6981e9fdcd71210,238369,usable,1.0,True,0.5186924908870384,0.0
1926,8059,6134,JAWLIA010000416.1_De,1926,2542,617,7461,8059,599,1922,1925,gcag,8060,8063,gcag,,,,,,,,,,,,,,tilleyi,SRX21394251,GCA_034782015.1,JAWLIA010000416.1_De_1926_8059,JAWLIA010000416.1_De_1926_8059,LTR,Gypsy,unknown,no,+,RT|Ty3_gypsy RH|Ty3_gypsy INT|Ty3_gypsy GAG|Ty3_gypsy,True,5,6134,6134,0,24,1.0,0.9599332220367279,0.9802631578947368,1.0,21.243111831442462,18.74457429048414,20.01233552631579,43.82675884505897,0.45662367132978127,-1.1309224442058434,20.415268456375838,43.82675884505897,0.46581743652434054,0.17610667319819992,input_data/ectopic_recombination/JAWLIA010000416.1_De_1926_8059.fa.depth.txt,fe3eb7791018f7b76139a99e9dc1f451cb1c151a6ed6990400294be67a8c7ec7,237845,usable,1.0,True,0.4658174365243405,5.551115123125783e-17
997,7040,6044,JAWLIA010000420.1_De,997,1533,537,6514,7040,527,993,996,cccg,7041,7044,cccg,,,,,,,,,,,,,,tilleyi,SRX21394251,GCA_034782015.1,JAWLIA010000420.1_De_997_7040,JAWLIA010000420.1_De_997_7040,LTR,Gypsy,unknown,no,+,GAG|Ty3_gypsy RT|Ty3_gypsy RH|Ty3_gypsy INT|Ty3_gypsy,True,5,6044,6044,0,7,0.9869646182495344,1.0,0.993421052631579,1.0,18.2756052141527,19.531309297912713,18.897556390977442,39.32309236947791,0.4805714721878152,-1.0571770855263802,19.02270577105014,39.32309236947791,0.48375406471886034,-0.09339731007175033,input_data/ectopic_recombination/JAWLIA010000420.1_De_997_7040.fa.depth.txt,650c241960ae679b33270dad3f6645ce3c5e391c50f7b78216bf990fbb60fddd,228504,usable,1.0,True,0.4837540647188603,5.551115123125783e-17
12,5878,5867,JAWLIA010000435.1_De,12,712,701,5134,5878,745,8,11,caca,5879,5882,caca,,,,,,,,,,,,,,tilleyi,SRX21394251,GCA_034782015.1,JAWLIA010000435.1_De_12_5878,JAWLIA010000435.1_De_12_5878,LTR,Gypsy,unknown,no,+,GAG|Ty3_gypsy INT|Ty3_gypsy RT|Ty3_gypsy RH|Ty3_gypsy,True,5,5867,5867,0,7,0.9914407988587732,0.9986577181208054,0.9951590594744122,1.0,31.523537803138375,24.20536912751678,27.75311203319502,42.65957928070572,0.6505716301273353,-0.6202201836165262,27.88811674774149,42.65957928070572,0.6537363288145427,0.3743080869979567,input_data/ectopic_recombination/JAWLIA010000435.1_De_12_5878.fa.depth.txt,0db15a0863ed48ad2ef4342d1f0d470fc039fda70b82f469a6d78d98daa42b33,215893,usable,1.0,True,0.6537363288145427,0.0
1550,7139,5590,JAWLIA010000444.1_De,1550,2051,502,6634,7139,506,1546,1549,tgat,7140,7143,tgat,2054.0,2062.0,aggggggga,-,3.0,,,,,,,,,tilleyi,SRX21394251,GCA_034782015.1,JAWLIA010000444.1_De_1550_7139,JAWLIA010000444.1_De_1550_7139,LTR,Gypsy,unknown,yes,+,GAG|Ty3_gypsy PROT|Bel-Pao RT|Ty3_gypsy RH|Ty3_gypsy INT|Ty3_gypsy,True,6,5590,5590,0,4,0.9920318725099602,1.0,0.996031746031746,1.0,25.029880478087648,41.53162055335969,33.31349206349206,72.66499345264077,0.4584531076192011,-1.1251539180243753,33.44621513944223,72.66499345264077,0.4602796140240585,-0.7192882979305928,input_data/ectopic_recombination/JAWLIA010000444.1_De_1550_7139.fa.depth.txt,d8af0342e4b17a9cbd34219f312adfa63e4edefc96fa3e0a89e5cfaf591fa218,217441,usable,1.0,True,0.4602796140240585,0.0
1901,7904,6004,JAWLIA010000457.1_De,1901,2891,991,6923,7904,982,1897,1900,gcag,7905,7908,gcag,,,,,,,,,,,,,,tilleyi,SRX21394251,GCA_034782015.1,JAWLIA010000457.1_De_1901_7904,JAWLIA010000457.1_De_1901_7904,LTR,Gypsy,unknown,no,+,INT|Ty3_gypsy GAG|Ty3_gypsy RT|Ty3_gypsy RH|Ty3_gypsy,True,5,6004,6004,0,0,1.0,1.0,1.0,1.0,38.78002018163471,16.418533604887983,27.650278763304613,59.413296948647975,0.46538872917965257,-1.1034918230214485,27.650278763304613,59.413296948647975,0.46538872917965257,1.2151911410073293,input_data/ectopic_recombination/JAWLIA010000457.1_De_1901_7904.fa.depth.txt,f3c466e4b931c7f1a28be01e08f568c33adc359dd080d738596cf4c271029d75,233348,usable,1.0,True,0.4653887291796525,5.551115123125783e-17
812,6214,5403,JAWLIA010000461.1_De,812,1069,258,5956,6214,259,808,811,gttt,6215,6218,gttt,,,,,,,,,,,,,,tilleyi,SRX21394251,GCA_034782015.1,JAWLIA010000461.1_De_812_6214,JAWLIA010000461.1_De_812_6214,LTR,Gypsy,unknown,no,+,GAG|Ty3_gypsy RT|Ty3_gypsy RH|Ty3_gypsy INT|Ty3_gypsy,True,5,5403,5403,0,0,1.0,1.0,1.0,1.0,80.12790697674419,58.23166023166023,69.15860735009672,45.07838722881703,1.5341854844772718,0.6174729165817018,69.15860735009672,45.07838722881703,1.5341854844772718,0.457140850973186,input_data/ectopic_recombination/JAWLIA010000461.1_De_812_6214.fa.depth.txt,926ea62c8460cfdcd1baf87c954b97471389982e4088952b33465b46732336e3,204537,usable,1.0,True,1.5341854844772718,0.0
544,5544,5001,JAWLIA010000470.1_De,544,819,276,5274,5544,271,540,543,acca,5545,5548,acca,,,,,,,,,,,,,,tilleyi,SRX21394251,GCA_034782015.1,JAWLIA010000470.1_De_544_5544,JAWLIA010000470.1_De_544_5544,LTR,Gypsy,unknown,yes,-,GAG|Ty3_gypsy PROT|Ty3_gypsy RT|Ty3_gypsy RH|Ty3_gypsy INT|Ty3_gypsy,True,6,5001,5001,0,11,0.9601449275362319,1.0,0.979890310786106,1.0,14.068840579710145,53.80442804428044,33.75502742230347,60.55994611585092,0.5573820583943427,-0.8432615306984174,34.44776119402985,60.55994611585092,0.5688208692942267,-1.8981837726712691,input_data/ectopic_recombination/JAWLIA010000470.1_De_544_5544.fa.depth.txt,4b7e32b2310e3f27630378c445bca5398f9d94ac048c7ceedf82fa33a069f144,189563,usable,1.0,True,0.5688208692942267,0.0
18,7197,7180,JAWLIA010000511.1_De,18,1000,983,6198,7197,1000,14,17,cctc,7198,7201,cctc,991.0,1001.0,aggaagaggag,-,9.0,,,,,,,,,tilleyi,SRX21394251,GCA_034782015.1,JAWLIA010000511.1_De_18_7197,JAWLIA010000511.1_De_18_7197,LTR,Gypsy,unknown,yes,-,GAG|Ty3_gypsy PROT|Bel-Pao RT|Ty3_gypsy RH|Ty3_gypsy INT|Ty3_gypsy,True,6,7180,7180,0,0,1.0,1.0,1.0,1.0,35.5645981688708,16.426,25.913262733232475,42.725610929382334,0.6065042060150383,-0.7214104446347387,25.913262733232475,42.725610929382334,0.6065042060150383,1.0913422776617117,input_data/ectopic_recombination/JAWLIA010000511.1_De_18_7197.fa.depth.txt,9ce8b3237f2ec28f54c45855a7c6445ce62e78530cf062d9f18ed48f34e32f07,264273,usable,1.0,True,0.6065042060150383,0.0
12,5952,5941,JAWLIA010000538.1_De,12,184,173,5763,5952,190,8,11,ggcc,5953,5956,ggcc,193.0,215.0,gaggaacgggtgaggaaaagggg,-,9.0,,,,,,,,,tilleyi,SRX21394251,GCA_034782015.1,JAWLIA010000538.1_De_12_5952,JAWLIA010000538.1_De_12_5952,LTR,Gypsy,unknown,no,-,GAG|Ty3_gypsy RT|Ty3_gypsy RH|Ty3_gypsy INT|Ty3_gypsy,True,5,5941,5941,0,0,1.0,1.0,1.0,1.0,109.16184971098266,44.78947368421053,75.46831955922865,158.38042309071352,0.47650030279312755,-1.0694509639882317,75.46831955922865,158.38042309071352,0.47650030279312755,1.2758140346542155,input_data/ectopic_recombination/JAWLIA010000538.1_De_12_5952.fa.depth.txt,ba4eba94963aff4a80afbdc10f4b6808c72a5d0a0e305e7d2f03ef41045dfaff,223629,usable,1.0,True,0.4765003027931275,5.551115123125783e-17
6,5580,5575,JAWLIA010000543.1_De,6,126,121,5451,5580,130,2,5,gtgc,5581,5584,gtgc,,,,,,,,,,,,,,tilleyi,SRX21394251,GCA_034782015.1,JAWLIA010000543.1_De_6_5580,JAWLIA010000543.1_De_6_5580,LTR,Gypsy,unknown,yes,+,GAG|Ty3_gypsy PROT|Ty3_gypsy RT|Ty3_gypsy RH|Ty3_gypsy INT|Ty3_gypsy,True,6,5575,5575,0,0,1.0,1.0,1.0,1.0,7.5041322314049586,9.184615384615384,8.374501992031872,63.0214124718257,0.1328834385578992,-2.9117667840975203,8.374501992031872,63.0214124718257,0.1328834385578992,-0.27494975336190247,input_data/ectopic_recombination/JAWLIA010000543.1_De_6_5580.fa.depth.txt,18684175dbee941bb7052c06256caaa2844fdd5754b50c541f5ce7b2a3db476d,199812,usable,1.0,True,0.1328834385578992,0.0
1542,7519,5978,JAWLIA010000545.1_De,1542,1779,238,7285,7519,235,1538,1541,cctg,7520,7523,cctg,,,,,,,,,,,,,,tilleyi,SRX21394251,GCA_034782015.1,JAWLIA010000545.1_De_1542_7519,JAWLIA010000545.1_De_1542_7519,LTR,Gypsy,unknown,no,-,GAG|Ty3_gypsy RT|Ty3_gypsy RH|Ty3_gypsy INT|Ty3_gypsy,True,5,5978,5978,0,0,1.0,1.0,1.0,1.0,52.075630252100844,9.212765957446809,30.78012684989429,56.319346049046324,0.5465284846008169,-0.8716314049894248,30.78012684989429,56.319346049046324,0.5465284846008169,2.436440135995854,input_data/ectopic_recombination/JAWLIA010000545.1_De_1542_7519.fa.depth.txt,b74f657e070473c425d66c58126693d3bd17139efa4e403724dcda0d8dc29498,232134,usable,1.0,True,0.5465284846008169,0.0
1611,7518,5908,JAWLIA010000607.1_De,1611,1926,316,7211,7518,308,1607,1610,ttaa,7519,7522,ttaa,1899.0,1906.0,gaagaaca,-,27.0,,,,,,,,,tilleyi,SRX21394251,GCA_034782015.1,JAWLIA010000607.1_De_1611_7518,JAWLIA010000607.1_De_1611_7518,LTR,Gypsy,unknown,no,+,RT|Ty3_gypsy RH|Ty3_gypsy INT|Ty3_gypsy GAG|Ty3_gypsy,True,5,5908,5908,0,0,1.0,1.0,1.0,1.0,94.85126582278481,198.7012987012987,146.11057692307693,37.90991672975019,3.8541518823336056,1.946413425700047,146.11057692307693,37.90991672975019,3.8541518823336056,-1.062903057068084,input_data/ectopic_recombination/JAWLIA010000607.1_De_1611_7518.fa.depth.txt,106d95fe5a0bf97d8b5bc296bc6679f9b20ad4d2ea05f10b8baaa34c5102709e,229525,usable,1.0,True,3.8541518823336056,0.0
8,7177,7170,JAWLIA010000628.1_De,8,1000,993,6192,7177,986,4,7,cgat,7178,7181,cgat,,,,,,,,,,,,,,tilleyi,SRX21394251,GCA_034782015.1,JAWLIA010000628.1_De_8_7177,JAWLIA010000628.1_De_8_7177,LTR,Gypsy,unknown,no,+,INT|Ty3_gypsy GAG|Ty3_gypsy PROT|Bel-Pao RT|Ty3_gypsy RH|Ty3_gypsy,True,6,7170,7170,0,0,1.0,1.0,1.0,1.0,31.124874118831823,29.510141987829616,30.32036382011117,28.11115392024658,1.0785883747829164,0.10914438942150435,30.32036382011117,28.11115392024658,1.0785883747829164,0.0756095924297201,input_data/ectopic_recombination/JAWLIA010000628.1_De_8_7177.fa.depth.txt,c39ae514eb73f7d1ccffb29ae1e290c764c176fa6dcbe7644828cfc83bf9dc68,256530,usable,1.0,True,1.0785883747829164,0.0
199,6341,6143,JAWLIA010000641.1_De,199,613,415,5919,6341,423,195,198,cagc,6342,6345,cagc,,,,,,,,,,,,,,tilleyi,SRX21394251,GCA_034782015.1,JAWLIA010000641.1_De_199_6341,JAWLIA010000641.1_De_199_6341,LTR,Gypsy,unknown,no,-,RT|Ty3_gypsy RH|Ty3_gypsy INT|Ty3_gypsy PROT|Bel-Pao,True,5,6143,6143,0,0,1.0,1.0,1.0,1.0,72.58554216867469,80.28132387706856,76.47016706443914,160.66201696512724,0.47596917123875954,-1.0710599624073156,76.47016706443914,160.66201696512724,0.47596917123875954,-0.1444357502107713,input_data/ectopic_recombination/JAWLIA010000641.1_De_199_6341.fa.depth.txt,6101cc191523e0b0b2b1d28e85f1048595585add488c833817394a546549d147,234784,usable,1.0,True,0.4759691712387595,5.551115123125783e-17
752,6282,5531,JAWLIA010000658.1_De,752,958,207,6078,6282,205,748,751,cctt,6283,6286,cctt,6069.0,6077.0,gggggggaa,+,1.0,,,,,,,,,tilleyi,SRX21394251,GCA_034782015.1,JAWLIA010000658.1_De_752_6282,JAWLIA010000658.1_De_752_6282,LTR,Gypsy,unknown,yes,+,GAG|Ty3_gypsy PROT|Ty3_gypsy RT|Ty3_gypsy RH|Ty3_gypsy INT|Ty3_gypsy,True,6,5531,5531,0,0,1.0,1.0,1.0,1.0,188.83091787439614,154.55121951219513,171.7742718446602,205.39675717913656,0.8363046924584474,-0.25789943701556023,171.7742718446602,205.39675717913656,0.8363046924584474,0.28816515030140966,input_data/ectopic_recombination/JAWLIA010000658.1_De_752_6282.fa.depth.txt,766b9bb0b87221f24e14ba1b8fbf883cd3a98302eee6f125923a98d77ee539db,214425,usable,1.0,True,0.8363046924584474,0.0
1099,7410,6312,JAWLIA010000660.1_De,1099,1365,267,7133,7410,278,1095,1098,taat,7411,7414,taat,,,,,,,,,,,,,,tilleyi,SRX21394251,GCA_034782015.1,JAWLIA010000660.1_De_1099_7410,JAWLIA010000660.1_De_1099_7410,LTR,Gypsy,unknown,no,-,PROT|Ty3_gypsy RT|Ty3_gypsy RH|Ty3_gypsy INT|Ty3_gypsy,True,5,6312,6312,0,12,0.9925093632958801,0.9640287769784173,0.9779816513761468,1.0,27.292134831460675,17.115107913669064,22.10091743119266,33.806658574648864,0.6537445096027865,-0.6132011697833764,22.598499061913696,33.806658574648864,0.6684629601004103,0.657863345206967,input_data/ectopic_recombination/JAWLIA010000660.1_De_1099_7410.fa.depth.txt,b30f524216cb0f2968ad04eba327760be74e36d0936d1a9cf8080c621f672732,244919,usable,1.0,True,0.6684629601004103,0.0
1197,7286,6090,JAWLIA010000667.1_De,1197,1925,729,6552,7286,735,1193,1196,ctgt,7287,7290,ctgt,,,,,,,,,,,,,,tilleyi,SRX21394251,GCA_034782015.1,JAWLIA010000667.1_De_1197_7286,JAWLIA010000667.1_De_1197_7286,LTR,Gypsy,unknown,yes,+,GAG|Ty3_gypsy PROT|Ty3_gypsy RT|Ty3_gypsy RH|Ty3_gypsy INT|Ty3_gypsy,True,6,6090,6090,0,0,1.0,1.0,1.0,1.0,9.91358024691358,18.66938775510204,14.309426229508198,37.68741893644617,0.37968708479715113,-1.3971171689248236,14.309426229508198,37.68741893644617,0.37968708479715113,-0.8803380994543145,input_data/ectopic_recombination/JAWLIA010000667.1_De_1197_7286.fa.depth.txt,5ea437947e7e20710ff59bafd4d33bd0f519c09a6721dd7a0f64406b0ecc7a60,235735,usable,1.0,True,0.3796870847971511,5.551115123125783e-17
134,6499,6366,JAWLIA010000674.1_De,134,687,554,5955,6499,545,130,133,cacc,6500,6503,cacc,,,,,,,,,,,,,,tilleyi,SRX21394251,GCA_034782015.1,JAWLIA010000674.1_De_134_6499,JAWLIA010000674.1_De_134_6499,LTR,Gypsy,unknown,no,+,GAG|Ty3_gypsy RT|Ty3_gypsy RH|Ty3_gypsy INT|Ty3_gypsy,True,5,6366,6366,0,0,1.0,1.0,1.0,1.0,53.42779783393502,25.875229357798165,39.76433121019108,71.10271501803683,0.5592519385526129,-0.8384297427350309,39.76433121019108,71.10271501803683,0.5592519385526129,1.0318454824604695,input_data/ectopic_recombination/JAWLIA010000674.1_De_134_6499.fa.depth.txt,71b9594d9b4eb16bc3de33290715b20a118735416e4c8a17fd17379db1538e92,241642,usable,1.0,True,0.5592519385526129,0.0
6,6460,6455,JAWLIA010000686.1_De,6,576,571,5897,6460,564,2,5,tgag,6461,6464,tgag,550.0,560.0,ggaggaggaaa,-,26.0,,,,,,,,,tilleyi,SRX21394251,GCA_034782015.1,JAWLIA010000686.1_De_6_6460,JAWLIA010000686.1_De_6_6460,LTR,Gypsy,unknown,no,+,RT|Ty3_gypsy RH|Ty3_gypsy INT|Ty3_gypsy GAG|Ty3_gypsy,True,5,6455,6455,0,0,1.0,1.0,1.0,1.0,97.52714535901926,94.04609929078015,95.79735682819383,100.70714285714286,0.9512468938185075,-0.07210825720936785,95.79735682819383,100.70714285714286,0.9512468938185075,0.052163373166474,input_data/ectopic_recombination/JAWLIA010000686.1_De_6_6460.fa.depth.txt,3de804c3458e97a82ce12da650dc7925bac1d21c8d20c3c5f789a25d6112c5e4,234308,usable,1.0,True,0.9512468938185076,1.1102230246251565e-16
1455,7005,5551,JAWLIA010000696.1_De,1455,1982,528,6479,7005,527,1450,1454,tcctt,7006,7010,tcctt,,,,,,,,,,,,,,tilleyi,SRX21394251,GCA_034782015.1,JAWLIA010000696.1_De_1455_7005,JAWLIA010000696.1_De_1455_7005,LTR,Gypsy,unknown,no,+,GAG|Ty3_gypsy RT|Ty3_gypsy RH|Ty3_gypsy INT|Ty3_gypsy,True,5,5551,5551,0,0,1.0,1.0,1.0,1.0,40.53977272727273,28.307400379506642,34.42938388625593,46.24488434163701,0.744501459489155,-0.4256534178789095,34.42938388625593,46.24488434163701,0.744501459489155,0.5105832659826922,input_data/ectopic_recombination/JAWLIA010000696.1_De_1455_7005.fa.depth.txt,dac4ad11855fbd6c1f109a37eb3ed797fc031bcce611e8b56848b76eeba418dd,215483,usable,1.0,True,0.744501459489155,0.0
1032,6055,5024,JAWLIA010000702.1_De,1032,1246,215,5839,6055,217,1028,1031,caaa,6056,6059,caaa,5830.0,5839.0,aggagggaga,+,0.0,,,,,,,,,tilleyi,SRX21394251,GCA_034782015.1,JAWLIA010000702.1_De_1032_6055,JAWLIA010000702.1_De_1032_6055,LTR,Gypsy,unknown,yes,+,GAG|Ty3_gypsy PROT|Ty3_gypsy RT|Ty3_gypsy RH|Ty3_gypsy INT|Ty3_gypsy,True,6,5024,5024,0,1,1.0,1.0,1.0,0.9997822299651568,11.106976744186046,9.56221198156682,10.331018518518519,37.45143728222997,0.27585105587978065,-1.858038592177429,10.331018518518519,37.45959485950773,0.2757909837857302,0.20604475557625618,input_data/ectopic_recombination/JAWLIA010000702.1_De_1032_6055.fa.depth.txt,12c268dd849d062da799f58880b8aeb411506ead74fd709f7d4a9232c66fe45a,194155,usable,1.0,True,0.2757909837857302,0.0
5,5394,5390,JAWLIA010000714.1_De,5,420,416,4973,5394,422,1,4,tggc,5395,5398,tggc,413.0,423.0,ggagggggggg,-,7.0,,,,,,,,,tilleyi,SRX21394251,GCA_034782015.1,JAWLIA010000714.1_De_5_5394,JAWLIA010000714.1_De_5_5394,LTR,Gypsy,unknown,no,-,INT|Ty3_gypsy RT|Ty3_gypsy RH|Ty3_gypsy GAG|Ty3_gypsy,True,5,5390,5390,0,2,1.0,0.995260663507109,0.9976133651551312,1.0,38.87980769230769,19.492890995260662,29.116945107398568,45.440026362038665,0.640777469524607,-0.6421046730717027,29.1866028708134,45.440026362038665,0.6423104299780151,0.9779689634415883,input_data/ectopic_recombination/JAWLIA010000714.1_De_5_5394.fa.depth.txt,6c6662fbef53a29af8017a97ce7a76eafaae8699f95b2f8258443570e6272891,192888,usable,1.0,True,0.6423104299780151,0.0
1533,6945,5413,JAWLIA010000728.1_De,1533,1698,166,6768,6945,178,1529,1532,ttac,6946,6949,ttac,1701.0,1712.0,agggggggaaga,-,3.0,,,,,,,,,tilleyi,SRX21394251,GCA_034782015.1,JAWLIA010000728.1_De_1533_6945,JAWLIA010000728.1_De_1533_6945,LTR,Gypsy,unknown,yes,+,GAG|Ty3_gypsy PROT|Ty3_gypsy RT|Ty3_gypsy RH|Ty3_gypsy INT|Ty3_gypsy,True,6,5413,5413,0,13,0.9879518072289156,1.0,0.9941860465116279,0.9978299467350562,6.307228915662651,15.252808988764045,10.936046511627907,24.337344643913987,0.4493524939403228,-1.1540804856776707,11.0,24.390272835112693,0.45099946500656585,-1.2104695770886,input_data/ectopic_recombination/JAWLIA010000728.1_De_1533_6945.fa.depth.txt,da90f5b9c6374cff2c235e7c52555e9151feb53c4c1048f08044acf2656ff0f0,208893,usable,1.0,True,0.4509994650065658,5.551115123125783e-17
13,6660,6648,JAWLIA010000755.1_De,13,503,491,6155,6660,506,9,12,gatt,6661,6664,gatt,,,,,,,,,,,,,,tilleyi,SRX21394251,GCA_034782015.1,JAWLIA010000755.1_De_13_6660,JAWLIA010000755.1_De_13_6660,LTR,Gypsy,unknown,no,+,PROT|Bel-Pao RT|Ty3_gypsy RH|Ty3_gypsy INT|Ty3_gypsy,True,5,6648,6648,0,1,1.0,0.9980237154150198,0.9989969909729187,1.0,10.087576374745417,12.505928853754941,11.31494483450351,33.57883560431782,0.33696656333874037,-1.5693226527343511,11.326305220883533,33.57883560431782,0.33730488318144997,-0.2967970602996023,input_data/ectopic_recombination/JAWLIA010000755.1_De_13_6660.fa.depth.txt,dbbefc47bfacdd0773e0ec14b5d97ac29ab3c703d9a6cdfb1ab94c415e5aed1c,244431,usable,1.0,True,0.3373048831814499,5.551115123125783e-17
59,5562,5504,JAWLIA010000768.1_De,59,411,353,5221,5562,342,55,58,gagg,5563,5566,gagg,,,,,,,,,,,,,,tilleyi,SRX21394251,GCA_034782015.1,JAWLIA010000768.1_De_59_5562,JAWLIA010000768.1_De_59_5562,LTR,Gypsy,unknown,no,-,GAG|Ty3_gypsy RT|Ty3_gypsy RH|Ty3_gypsy INT|Ty3_gypsy,True,5,5504,5504,0,0,1.0,1.0,1.0,1.0,52.657223796033996,95.9298245614035,73.95107913669065,54.850696610521936,1.3482249762805147,0.43106125696656267,73.95107913669065,54.850696610521936,1.3482249762805147,-0.8592136633561882,input_data/ectopic_recombination/JAWLIA010000768.1_De_59_5562.fa.depth.txt,11b96092d056257042aa123ff988340addd72a4cc0242dd894433e290bf82e9a,202918,usable,1.0,True,1.3482249762805147,0.0
20,6063,6044,JAWLIA010000791.1_De,20,676,657,5390,6063,674,16,19,tgac,6064,6067,tgac,682.0,691.0,gagagaaaaa,-,6.0,,,,,,,,,tilleyi,SRX21394251,GCA_034782015.1,JAWLIA010000791.1_De_20_6063,JAWLIA010000791.1_De_20_6063,LTR,Gypsy,unknown,no,-,RH|Ty3_gypsy INT|Ty3_gypsy GAG|Ty3_gypsy RT|Ty3_gypsy,True,5,6044,6044,0,0,1.0,1.0,1.0,1.0,3060.759512937595,1384.4035608308604,2211.876033057851,2231.0702312751964,0.9913968650792429,-0.012465398053886294,2211.876033057851,2231.0702312751964,0.9913968650792429,1.1443398357712096,input_data/ectopic_recombination/JAWLIA010000791.1_De_20_6063.fa.depth.txt,30d839f5bf02516787e4dc6f1b9029f895ee8527aca9763debc2b7e16ba8eb5d,231590,usable,1.0,True,0.9913968650792429,0.0
714,7076,6363,JAWLIA010000814.1_De,714,904,191,6896,7076,181,710,713,aaat,7077,7080,aaat,,,,,,,,,,,,,,tilleyi,SRX21394251,GCA_034782015.1,JAWLIA010000814.1_De_714_7076,JAWLIA010000814.1_De_714_7076,LTR,Gypsy,unknown,no,+,RT|Ty3_gypsy RH|Ty3_gypsy INT|Ty3_gypsy PROT|Bel-Pao,True,5,6363,6363,0,0,1.0,1.0,1.0,1.0,9.884816753926701,12.30939226519337,11.064516129032258,34.14939075279586,0.3240033243675479,-1.625919479234342,11.064516129032258,34.14939075279586,0.3240033243675479,-0.3027262701817883,input_data/ectopic_recombination/JAWLIA010000814.1_De_714_7076.fa.depth.txt,790d2595a84c6a4620abff51eaa2b6c237303b55f7406ea024e7a57b37374eab,240562,usable,1.0,True,0.3240033243675479,0.0
6,4992,4987,JAWLIA010000821.1_De,6,107,102,4889,4992,104,2,5,ggag,4993,4996,ggag,4869.0,4896.0,ggaagcaggaaggggggtcaaggaggaa,+,7.0,,,,,,,,,tilleyi,SRX21394251,GCA_034782015.1,JAWLIA010000821.1_De_6_4992,JAWLIA010000821.1_De_6_4992,LTR,Gypsy,unknown,yes,+,GAG|Ty3_gypsy PROT|Ty3_gypsy RT|Ty3_gypsy RH|Ty3_gypsy INT|Ty3_gypsy,True,6,4987,4987,0,0,1.0,1.0,1.0,1.0,29.95098039215686,63.30769230769231,46.79126213592233,78.01464128843338,0.5997753929666495,-0.7375057610321857,46.79126213592233,78.01464128843338,0.5997753929666495,-1.0672416803989655,input_data/ectopic_recombination/JAWLIA010000821.1_De_6_4992.fa.depth.txt,6173efc0bff3c9d9d418b3dd51de0b26bf2b7326860ce32f1619976551bad739,179422,usable,1.0,True,0.5997753929666495,0.0
663,7048,6386,JAWLIA010000834.1_De,663,1536,874,6191,7048,858,659,662,cagc,7049,7052,cagc,1509.0,1516.0,gagaagat,-,27.0,,,,,,,,,tilleyi,SRX21394251,GCA_034782015.1,JAWLIA010000834.1_De_663_7048,JAWLIA010000834.1_De_663_7048,LTR,Gypsy,unknown,no,-,RT|Ty3_gypsy RH|Ty3_gypsy INT|Ty3_gypsy GAG|Ty3_gypsy,True,5,6386,6386,0,0,1.0,1.0,1.0,1.0,52.30434782608695,70.41491841491842,61.275981524249424,44.83884830253545,1.3665824133307305,0.45057246587528477,61.275981524249424,44.83884830253545,1.3665824133307305,-0.42543243634294503,input_data/ectopic_recombination/JAWLIA010000834.1_De_663_7048.fa.depth.txt,0f2d61b5b8149c07704d181ad323cb6913950a4da1c0a6e400f6b15533d2cf7e,242082,usable,1.0,True,1.3665824133307305,0.0
9,5902,5894,JAWLIA010000836.1_De,9,857,849,5034,5902,869,5,8,aaca,5903,5906,aaca,859.0,867.0,aaagaggga,-,2.0,,,,,,,,,tilleyi,SRX21394251,GCA_034782015.1,JAWLIA010000836.1_De_9_5902,JAWLIA010000836.1_De_9_5902,LTR,Gypsy,unknown,no,+,GAG|Ty3_gypsy RT|Ty3_gypsy RH|Ty3_gypsy INT|Ty3_gypsy,True,5,5894,5894,0,0,1.0,1.0,1.0,1.0,28.34982332155477,40.71346375143843,34.60360884749709,68.5021551724138,0.5051462798564936,-0.9852268720435239,34.60360884749709,68.5021551724138,0.5051462798564936,-0.5145532350971118,input_data/ectopic_recombination/JAWLIA010000836.1_De_9_5902.fa.depth.txt,89af20069fe0f52360b13c9c119ba1023ffa02a294141d22ac26af2862441406,211421,usable,1.0,True,0.5051462798564936,0.0
1127,6801,5675,JAWLIA010000862.1_De,1127,1473,347,6467,6801,335,1123,1126,gagc,6802,6805,gagc,1464.0,1477.0,agaaagggggaagg,-,9.0,,,,,,,,,tilleyi,SRX21394251,GCA_034782015.1,JAWLIA010000862.1_De_1127_6801,JAWLIA010000862.1_De_1127_6801,LTR,Gypsy,unknown,no,+,PROT|Ty3_gypsy RT|Ty3_gypsy RH|Ty3_gypsy INT|Ty3_gypsy,True,5,5675,5675,0,35,1.0,0.8985074626865671,0.9501466275659824,0.9997997196074504,13.786743515850144,23.286567164179104,18.45307917888563,32.12497496495093,0.5744153637168077,-0.7998337578753831,19.421296296296298,32.131410256410255,0.6044333610418399,-0.7354699699069787,input_data/ectopic_recombination/JAWLIA010000862.1_De_1127_6801.fa.depth.txt,5a82e185fac1473303f75a0aa5975e8fa03bedd72e297807447b419eb7c719b0,219535,usable,1.0,True,0.6044333610418399,0.0
416,6977,6562,JAWLIA010000876.1_De,416,1349,934,6052,6977,926,412,415,ccca,6978,6981,ccca,6053.0,6079.0,aagagagagtgagggcaagagtggtga,+,27.0,,,,,,,,,tilleyi,SRX21394251,GCA_034782015.1,JAWLIA010000876.1_De_416_6977,JAWLIA010000876.1_De_416_6977,LTR,Gypsy,unknown,no,-,GAG|Ty3_gypsy RT|Ty3_gypsy RH|Ty3_gypsy INT|Ty3_gypsy,True,5,6562,6562,0,1,1.0,0.9989200863930886,0.9994623655913979,1.0,43.724839400428266,14.593952483801296,29.22204301075269,45.2284134410889,0.6460992280619152,-0.6301723435295753,29.237762237762237,45.2284134410889,0.646446780094224,1.5508862661918557,input_data/ectopic_recombination/JAWLIA010000876.1_De_416_6977.fa.depth.txt,ca2ba66637a70d2d46e8b01a5ba566697f2e90e131639a279588ab9bc8d0a0a7,248014,usable,1.0,True,0.646446780094224,0.0
1691,6977,5287,JAWLIA010000879.1_De,1691,2019,329,6651,6977,327,1687,1690,tgac,6978,6981,tgac,,,,,,,,,,,,,,tilleyi,SRX21394251,GCA_034782015.1,JAWLIA010000879.1_De_1691_6977,JAWLIA010000879.1_De_1691_6977,LTR,Gypsy,unknown,yes,+,GAG|Ty3_gypsy PROT|Bel-Pao RT|Ty3_gypsy RH|Ty3_gypsy INT|Ty3_gypsy,True,6,5287,5287,0,0,1.0,1.0,1.0,1.0,34.91793313069909,33.01223241590214,33.96798780487805,61.16044050960915,0.5553914838062883,-0.8484230393810022,33.96798780487805,61.16044050960915,0.5553914838062883,0.07979222899287368,input_data/ectopic_recombination/JAWLIA010000879.1_De_1691_6977.fa.depth.txt,9732c995d2f4c3277d15025ce7ed4e916e07c064ded55d3377a538f2662e6569,205297,usable,1.0,True,0.5553914838062883,0.0
1300,6950,5651,JAWLIA010000888.1_De,1300,1794,495,6470,6950,481,1296,1299,tatg,6951,6954,tatg,,,,,,,,,,,,,,tilleyi,SRX21394251,GCA_034782015.1,JAWLIA010000888.1_De_1300_6950,JAWLIA010000888.1_De_1300_6950,LTR,Gypsy,unknown,yes,-,GAG|Ty3_gypsy PROT|Ty3_gypsy RT|Ty3_gypsy RH|Ty3_gypsy INT|Ty3_gypsy,True,6,5651,5651,0,40,0.9919191919191919,0.9251559251559252,0.9590163934426229,1.0,15.080808080808081,12.837837837837839,13.975409836065573,27.07764705882353,0.5161234949885183,-0.9542117883655745,14.572649572649572,27.07764705882353,0.5381800546034122,0.2242452451297227,input_data/ectopic_recombination/JAWLIA010000888.1_De_1300_6950.fa.depth.txt,b72894cc969dac318f6c176930ffb34dd5c411e2341afbf0dc181eb5ba864b09,218701,usable,1.0,True,0.5381800546034122,0.0
1076,6523,5448,JAWLIA010000906.1_De,1076,1440,365,6158,6523,366,1072,1075,gtat,6524,6527,gtat,,,,,,,,,,,,,,tilleyi,SRX21394251,GCA_034782015.1,JAWLIA010000906.1_De_1076_6523,JAWLIA010000906.1_De_1076_6523,LTR,Gypsy,unknown,no,+,GAG|Ty3_gypsy RT|Ty3_gypsy RH|Ty3_gypsy INT|Ty3_gypsy,True,5,5448,5448,0,0,1.0,1.0,1.0,1.0,30.64109589041096,24.18032786885246,27.406292749658004,29.469790120839516,0.9299792308421527,-0.10472959790928923,27.406292749658004,29.469790120839516,0.9299792308421527,0.33545815510725163,input_data/ectopic_recombination/JAWLIA010000906.1_De_1076_6523.fa.depth.txt,99984a64ba78961b5c44db698663948d7f98f9fe4117e9d688dbae111e931012,211392,usable,1.0,True,0.9299792308421528,1.1102230246251565e-16
8,5640,5633,JAWLIA010000909.1_De,8,322,315,5316,5640,325,4,7,gttc,5641,5644,gttc,331.0,339.0,aggagaagg,-,9.0,,,,,,,,,tilleyi,SRX21394251,GCA_034782015.1,JAWLIA010000909.1_De_8_5640,JAWLIA010000909.1_De_8_5640,LTR,Gypsy,unknown,no,-,GAG|Ty3_gypsy PROT|Ty3_gypsy INT|Ty3_gypsy RT|Ty3_gypsy RH|Ty3_gypsy,True,6,5633,5633,0,0,1.0,1.0,1.0,1.0,37.803174603174604,35.901538461538465,36.8375,45.01061486080513,0.8184180579163292,-0.28909011722967926,36.8375,45.01061486080513,0.8184180579163292,0.0734645437717698,input_data/ectopic_recombination/JAWLIA010000909.1_De_8_5640.fa.depth.txt,82a2e098c3dbb1e9079db1b20fc96337cc256f800089eea1ba23525bd8629bfe,201672,usable,1.0,True,0.8184180579163292,0.0
494,5735,5242,JAWLIA010000930.1_De,494,859,366,5386,5735,350,490,493,cact,5736,5739,cact,843.0,853.0,agggaaaggaa,-,16.0,,,,,,,,,tilleyi,SRX21394251,GCA_034782015.1,JAWLIA010000930.1_De_494_5735,JAWLIA010000930.1_De_494_5735,LTR,Gypsy,unknown,no,-,GAG|Ty3_gypsy RT|Ty3_gypsy RH|Ty3_gypsy INT|Ty3_gypsy,True,5,5242,5242,0,100,1.0,1.0,1.0,0.9779054352629253,90.90163934426229,53.66571428571429,72.69972067039106,99.81661511268229,0.7283328590968633,-0.45733016037124535,72.69972067039106,102.07184816990511,0.712240661591409,0.7548400951150209,input_data/ectopic_recombination/JAWLIA010000930.1_De_494_5735.fa.depth.txt,91d2a7e3cad9839e9eaf47c6056e225e93761a25ed11068c8f61362f86212469,200111,usable,1.0,True,0.712240661591409,0.0
20,6335,6316,JAWLIA010000934.1_De,20,813,794,5527,6335,809,16,19,ccca,6336,6339,ccca,,,,,,,,,,,,,,tilleyi,SRX21394251,GCA_034782015.1,JAWLIA010000934.1_De_20_6335,JAWLIA010000934.1_De_20_6335,LTR,Gypsy,unknown,no,+,INT|Ty3_gypsy GAG|Ty3_gypsy RT|Ty3_gypsy RH|Ty3_gypsy,True,5,6316,6316,0,9,0.9886649874055415,1.0,0.9943855271366189,1.0,17.935768261964736,39.311495673671196,28.723643169058015,61.000424358158284,0.4708761204743402,-1.0865805337423542,28.88582183186951,61.000424358158284,0.4735347685824136,-1.110677534706601,input_data/ectopic_recombination/JAWLIA010000934.1_De_20_6335.fa.depth.txt,6547be4eee52ed0b1cdf5813f306ff8f5087febf7a226ad98d2fae5ce84e8b7f,232878,usable,1.0,True,0.4735347685824136,0.0
1749,6861,5113,JAWLIA010000950.1_De,1749,2135,387,6492,6861,370,1745,1748,atct,6862,6865,atct,,,,,,,,,,,,,,tilleyi,SRX21394251,GCA_034782015.1,JAWLIA010000950.1_De_1749_6861,JAWLIA010000950.1_De_1749_6861,LTR,Gypsy,unknown,no,-,INT|Ty3_gypsy GAG|Ty3_gypsy PROT|Ty3_gypsy RT|Ty3_gypsy RH|Ty3_gypsy,True,6,5113,5113,0,2,0.9948320413436692,1.0,0.9973579920739762,1.0,28.281653746770026,40.01891891891892,34.018494055482165,41.465335169880625,0.8204080327847523,-0.2855864772748729,34.10860927152318,41.465335169880625,0.8225812990967649,-0.4934461928972772,input_data/ectopic_recombination/JAWLIA010000950.1_De_1749_6861.fa.depth.txt,c64297d551553a39489e44cef2c0c6037be45544f944540bfe7bf50997fcaaef,198043,usable,1.0,True,0.8225812990967649,0.0
124,6844,6721,JAWLIA010000966.1_De,124,804,681,6179,6844,666,120,123,cgac,6845,6848,cgac,802.0,814.0,ggaggagagagag,-,2.0,,,,,,,,,tilleyi,SRX21394251,GCA_034782015.1,JAWLIA010000966.1_De_124_6844,JAWLIA010000966.1_De_124_6844,LTR,Gypsy,unknown,no,+,RT|Ty3_gypsy RH|Ty3_gypsy INT|Ty3_gypsy PROT|Bel-Pao,True,5,6721,6721,0,0,1.0,1.0,1.0,1.0,64.6431718061674,80.63363363363364,72.5493689680772,105.68589505024191,0.6864621710738981,-0.5427478750361997,72.5493689680772,105.68589505024191,0.6864621710738981,-0.3166861361454438,input_data/ectopic_recombination/JAWLIA010000966.1_De_124_6844.fa.depth.txt,d20392a3131e8061b8fea8abaa7da83fb2a7a1279708ce0d9aa4c593e08e3348,257313,usable,1.0,True,0.6864621710738981,0.0
6,5925,5920,JAWLIA010001036.1_De,6,531,526,5401,5925,525,2,5,tgga,5926,5929,tgga,,,,,,,,,,,,,,tilleyi,SRX21394251,GCA_034782015.1,JAWLIA010001036.1_De_6_5925,JAWLIA010001036.1_De_6_5925,LTR,Gypsy,unknown,no,+,INT|Ty3_gypsy GAG|Ty3_gypsy PROT|Ty3_gypsy RT|Ty3_gypsy RH|Ty3_gypsy,True,6,5920,5920,0,0,1.0,1.0,1.0,1.0,44.88212927756654,66.52190476190476,55.691722169362514,104.83795440542205,0.5312171768822898,-0.9126262979723914,55.691722169362514,104.83795440542205,0.5312171768822898,-0.5625083883061209,input_data/ectopic_recombination/JAWLIA010001036.1_De_6_5925.fa.depth.txt,a9a95472902feadb1d08e06266b2010ad090b941c870c250660ce3a377dbeb57,214845,usable,1.0,True,0.5312171768822898,0.0
18,6077,6060,JAWLIA010001039.1_De,18,928,911,5155,6077,923,14,17,cgta,6078,6081,cgta,940.0,948.0,gggaaggga,-,12.0,,,,,,,,,tilleyi,SRX21394251,GCA_034782015.1,JAWLIA010001039.1_De_18_6077,JAWLIA010001039.1_De_18_6077,LTR,Gypsy,unknown,no,-,GAG|Ty3_gypsy RT|Ty3_gypsy RH|Ty3_gypsy INT|Ty3_gypsy,True,5,6060,6060,0,0,1.0,1.0,1.0,1.0,29.972557628979143,32.484290357529794,31.236641221374047,68.4046379555135,0.4566450778043528,-1.1308548123839022,31.236641221374047,68.4046379555135,0.4566450778043528,-0.11426847261652355,input_data/ectopic_recombination/JAWLIA010001039.1_De_18_6077.fa.depth.txt,1996dbd87042efa676e1c2b2cf08303f277779fbb39a6a348c705ddc3af1760a,223262,usable,1.0,True,0.4566450778043528,0.0
6,6726,6721,JAWLIA010001058.1_De,6,946,941,5792,6726,935,2,5,cctc,6727,6730,cctc,,,,,,,,,,,,,,tilleyi,SRX21394251,GCA_034782015.1,JAWLIA010001058.1_De_6_6726,JAWLIA010001058.1_De_6_6726,LTR,Gypsy,unknown,no,+,RH|Ty3_gypsy INT|Ty3_gypsy GAG|Ty3_gypsy RT|Ty3_gypsy,True,5,6721,6721,0,0,1.0,1.0,1.0,1.0,55.85759829968119,165.00320855614973,110.25586353944563,138.1902992776058,0.7978553061670152,-0.3258009624783822,110.25586353944563,138.1902992776058,0.7978553061670152,-1.5541771492802336,input_data/ectopic_recombination/JAWLIA010001058.1_De_6_6726.fa.depth.txt,116ffaf0b153648eba751cb13f6c85e8f8bcfefcff72f49dba819dd52fc3d0fb,245527,usable,1.0,True,0.7978553061670152,0.0
934,6385,5452,JAWLIA010001065.1_De,934,1303,370,6018,6385,368,930,933,ggga,6386,6389,ggga,1302.0,1331.0,agggaagaaaaacggaggaggagaagaaag,-,1.0,,,,,,,,,tilleyi,SRX21394251,GCA_034782015.1,JAWLIA010001065.1_De_934_6385,JAWLIA010001065.1_De_934_6385,LTR,Gypsy,unknown,no,-,GAG|Ty3_gypsy RT|Ty3_gypsy RH|Ty3_gypsy INT|Ty3_gypsy,True,5,5452,5452,0,0,1.0,1.0,1.0,1.0,23.164864864864864,33.94565217391305,28.540650406504064,77.291472210437,0.36926001782962675,-1.4372910338104339,28.540650406504064,77.291472210437,0.36926001782962675,-0.5415752096605871,input_data/ectopic_recombination/JAWLIA010001065.1_De_934_6385.fa.depth.txt,5b9c324f5db8302b52ab949c8f646d3c7398e113b071c2547966df608a6bffc5,206801,usable,1.0,True,0.3692600178296267,5.551115123125783e-17
68,6689,6622,JAWLIA010001092.1_De,68,647,580,6117,6689,573,64,67,aaat,6690,6693,aaat,,,,,,,,,,,,,,tilleyi,SRX21394251,GCA_034782015.1,JAWLIA010001092.1_De_68_6689,JAWLIA010001092.1_De_68_6689,LTR,Gypsy,unknown,no,+,RT|Ty3_gypsy RH|Ty3_gypsy INT|Ty3_gypsy GAG|Ty3_gypsy PROT|Ty3_gypsy,True,6,6622,6622,0,0,1.0,1.0,1.0,1.0,19.646551724137932,15.633507853403142,17.65221162185603,30.807094532821356,0.5729917699005878,-0.8034136777356876,17.65221162185603,30.807094532821356,0.5729917699005878,0.3204727759223924,input_data/ectopic_recombination/JAWLIA010001092.1_De_68_6689.fa.depth.txt,2b7d4318dd041abd14b90c8462a0d2aaeb6c4ec3156d9df09f116eb998e4b7cb,243591,usable,1.0,True,0.5729917699005878,0.0
1012,6499,5488,JAWLIA010001109.1_De,1012,1341,330,6147,6499,353,1008,1011,ctct,6500,6503,ctct,6146.0,6165.0,gaaaagaaatggaaaaagga,+,18.0,,,,,,,,,tilleyi,SRX21394251,GCA_034782015.1,JAWLIA010001109.1_De_1012_6499,JAWLIA010001109.1_De_1012_6499,LTR,Gypsy,unknown,no,-,GAG|Ty3_gypsy INT|Ty3_gypsy RT|Ty3_gypsy RH|Ty3_gypsy,True,5,5488,5488,0,0,1.0,1.0,1.0,1.0,43.35454545454545,55.830028328611895,49.80234260614934,47.07117585848075,1.0580220633510373,0.0813697128538628,49.80234260614934,47.07117585848075,1.0580220633510373,-0.3611778136270803,input_data/ectopic_recombination/JAWLIA010001109.1_De_1012_6499.fa.depth.txt,4641fdd5428f70573a4a3eb275373df502a87db760d241254bc618caed4b25c4,212922,usable,1.0,True,1.058022063351037,2.220446049250313e-16
80,6258,6179,JAWLIA010001122.1_De,80,1051,972,5278,6258,981,76,79,tgaa,6259,6262,tgaa,,,,,,,,,,,,,,tilleyi,SRX21394251,GCA_034782015.1,JAWLIA010001122.1_De_80_6258,JAWLIA010001122.1_De_80_6258,LTR,Gypsy,unknown,yes,-,GAG|Ty3_gypsy PROT|Ty3_gypsy RT|Ty3_gypsy RH|Ty3_gypsy INT|Ty3_gypsy,True,6,6179,6179,0,0,1.0,1.0,1.0,1.0,41.60493827160494,45.664627930682975,43.644137224782384,67.71202082347374,0.6445552310211404,-0.6336241085171825,43.644137224782384,67.71202082347374,0.6445552310211404,-0.1327984096267614,input_data/ectopic_recombination/JAWLIA010001122.1_De_80_6258.fa.depth.txt,3a41f58dfd6173957d288bd9198ee1255bfeab123c632271065596b17011e7c2,227633,usable,1.0,True,0.6445552310211404,0.0
78,5718,5641,JAWLIA010001135.1_De,78,187,110,5608,5718,111,74,77,tgcg,5719,5722,tgcg,5578.0,5585.0,gaaggagg,+,23.0,,,,,,,,,tilleyi,SRX21394251,GCA_034782015.1,JAWLIA010001135.1_De_78_5718,JAWLIA010001135.1_De_78_5718,LTR,Gypsy,unknown,no,-,GAG|Ty3_gypsy RT|Ty3_gypsy RH|Ty3_gypsy INT|Ty3_gypsy,True,5,5641,5641,0,0,1.0,1.0,1.0,1.0,50.763636363636365,26.28828828828829,38.470588235294116,53.737269372693724,0.7159014345980653,-0.48216712416482743,38.470588235294116,53.737269372693724,0.7159014345980653,0.9363334200626138,input_data/ectopic_recombination/JAWLIA010001135.1_De_78_5718.fa.depth.txt,b25cc2f745c109620cc4e983b384a245a055a8b9500c1fbc6ffd32a143a8ca1d,207965,usable,1.0,True,0.7159014345980653,0.0
602,6483,5882,JAWLIA010001263.1_De,602,1344,743,5743,6483,741,598,601,atct,6484,6487,atct,,,,,,,,,,,,,,tilleyi,SRX21394251,GCA_034782015.1,JAWLIA010001263.1_De_602_6483,JAWLIA010001263.1_De_602_6483,LTR,Gypsy,unknown,no,+,RH|Ty3_gypsy INT|Ty3_gypsy GAG|Ty3_gypsy RT|Ty3_gypsy,True,5,5882,5882,0,0,1.0,1.0,1.0,1.0,20.380888290713326,53.45614035087719,36.89622641509434,84.80741246020919,0.4350589806333932,-1.2007170955370843,36.89622641509434,84.80741246020919,0.4350589806333932,-1.3696040648665129,input_data/ectopic_recombination/JAWLIA010001263.1_De_602_6483.fa.depth.txt,3049627da35f34b4175ffe858b7344ce04d1fe12a05a90b0341288bac540da64,222865,usable,1.0,True,0.4350589806333932,0.0
909,6482,5574,JAWLIA010001268.1_De,909,1071,163,6323,6482,160,905,908,caaa,6483,6486,caaa,,,,,,,,,,,,,,tilleyi,SRX21394251,GCA_034782015.1,JAWLIA010001268.1_De_909_6482,JAWLIA010001268.1_De_909_6482,LTR,Gypsy,unknown,no,+,PROT|Ty3_gypsy RT|Ty3_gypsy RH|Ty3_gypsy INT|Ty3_gypsy,True,5,5574,5574,0,1,1.0,0.99375,0.9969040247678018,1.0,13.319018404907975,28.3375,20.758513931888544,24.982098647876594,0.8309355520719216,-0.2671915099638087,20.822981366459626,24.982098647876594,0.8335160972646916,-1.061290957325797,input_data/ectopic_recombination/JAWLIA010001268.1_De_909_6482.fa.depth.txt,b8b8bdc65e81ddeacdb9a65655fd0e29b5144f42546a7f9c0124ee53d0ecd0e3,210240,usable,1.0,True,0.8335160972646916,0.0
507,5688,5182,JAWLIA010001284.1_De,507,747,241,5457,5688,232,503,506,ccgg,5689,5692,ccgg,,,,,,,,,,,,,,tilleyi,SRX21394251,GCA_034782015.1,JAWLIA010001284.1_De_507_5688,JAWLIA010001284.1_De_507_5688,LTR,Gypsy,unknown,yes,+,GAG|Ty3_gypsy PROT|Ty3_gypsy RT|Ty3_gypsy RH|Ty3_gypsy INT|Ty3_gypsy,True,6,5182,5182,0,2,0.991701244813278,1.0,0.9957716701902748,1.0,4.551867219917012,11.306034482758621,7.864693446088795,90.09811000212359,0.08729032657736578,-3.5180344050164325,7.898089171974522,90.09811000212359,0.08766098613820386,-1.2246358348380633,input_data/ectopic_recombination/JAWLIA010001284.1_De_507_5688.fa.depth.txt,756a1f99ea840be7f14dac2b1fed63f3a6f2f4b6f9b8bcf5e95576110731c3a5,197144,usable,1.0,True,0.0876609861382038,5.551115123125783e-17
835,6430,5596,JAWLIA010001315.1_De,835,961,127,6309,6430,122,831,834,atgt,6431,6434,atgt,6295.0,6305.0,ggagggggggg,+,4.0,,,,,,,,,tilleyi,SRX21394251,GCA_034782015.1,JAWLIA010001315.1_De_835_6430,JAWLIA010001315.1_De_835_6430,LTR,Gypsy,unknown,no,+,GAG|Ty3_gypsy RT|Ty3_gypsy RH|Ty3_gypsy INT|Ty3_gypsy,True,5,5596,5596,0,0,1.0,1.0,1.0,1.0,4754.9842519685035,4789.188524590164,4771.74297188755,2377.3039087338693,2.0072078098037274,1.0051899892232088,4771.74297188755,2377.3039087338693,2.0072078098037274,-0.01033958145362826,input_data/ectopic_recombination/JAWLIA010001315.1_De_835_6430.fa.depth.txt,779fe159e8beb43705f0c11950bd66b32e36b0cf64be8919e3aedac985a05e0b,219575,usable,1.0,True,2.007207809803728,4.440892098500626e-16
605,6418,5814,JAWLIA010001326.1_De,605,891,287,6141,6418,278,601,604,actc,6419,6422,actc,6154.0,6162.0,gggagaaga,+,21.0,,,,,,,,,tilleyi,SRX21394251,GCA_034782015.1,JAWLIA010001326.1_De_605_6418,JAWLIA010001326.1_De_605_6418,LTR,Gypsy,unknown,no,+,INT|Ty3_gypsy GAG|Ty3_gypsy RT|Ty3_gypsy RH|Ty3_gypsy,True,5,5814,5814,0,0,1.0,1.0,1.0,1.0,31.1602787456446,37.33453237410072,34.19823008849558,40.43322537626214,0.8457952530438728,-0.2416196315049017,34.19823008849558,40.43322537626214,0.8457952530438728,-0.25702965646204456,input_data/ectopic_recombination/JAWLIA010001326.1_De_605_6418.fa.depth.txt,a1693ccee7d8063cdb7ecaa81a3ea8df97909ee42d2a28bf880284c17df163fa,219881,usable,1.0,True,0.8457952530438728,0.0
792,5948,5157,JAWLIA010001337.1_De,792,1003,212,5748,5948,201,788,791,gaac,5949,5952,gaac,5734.0,5745.0,aaaaggggagga,+,3.0,,,,,,,,,tilleyi,SRX21394251,GCA_034782015.1,JAWLIA010001337.1_De_792_5948,JAWLIA010001337.1_De_792_5948,LTR,Gypsy,unknown,yes,+,GAG|Ty3_gypsy PROT|Ty3_gypsy RT|Ty3_gypsy RH|Ty3_gypsy INT|Ty3_gypsy,True,6,5157,5157,0,1,1.0,0.9950248756218906,0.9975786924939467,1.0,9.929245283018869,7.741293532338308,8.864406779661017,17.377951096121418,0.5100950469149071,-0.9711620028292243,8.885922330097088,17.377951096121418,0.5113331416889725,0.3396920583509411,input_data/ectopic_recombination/JAWLIA010001337.1_De_792_5948.fa.depth.txt,0467df5ebb2208a7e61f426945f806446b1d40971617638cc30ed4b94d62fe73,193656,usable,1.0,True,0.5113331416889725,0.0
5,5460,5456,JAWLIA010001348.1_De,5,364,360,5096,5460,365,1,4,aaac,5461,5464,aaac,,,,,,,,,,,,,,tilleyi,SRX21394251,GCA_034782015.1,JAWLIA010001348.1_De_5_5460,JAWLIA010001348.1_De_5_5460,LTR,Gypsy,unknown,no,-,RT|Ty3_gypsy RH|Ty3_gypsy INT|Ty3_gypsy GAG|Ty3_gypsy,True,5,5456,5456,0,0,1.0,1.0,1.0,1.0,32.61944444444445,32.323287671232876,32.47034482758621,52.88015218769816,0.6140365238044831,-0.7036036230957338,32.47034482758621,52.88015218769816,0.6140365238044831,0.012958722425529421,input_data/ectopic_recombination/JAWLIA010001348.1_De_5_5460.fa.depth.txt,bf37883d07f65c5a23718d2f57f7a488c9093103553b754357d3e9aa795691c8,195589,usable,1.0,True,0.6140365238044831,0.0
6,6126,6121,JAWLIA010001371.1_De,6,696,691,5425,6126,702,2,5,gcag,6127,6130,gcag,,,,,,,,,,,,,,tilleyi,SRX21394251,GCA_034782015.1,JAWLIA010001371.1_De_6_6126,JAWLIA010001371.1_De_6_6126,LTR,Gypsy,unknown,no,+,RH|Ty3_gypsy INT|Ty3_gypsy GAG|Ty3_gypsy RT|Ty3_gypsy,True,5,6121,6121,0,0,1.0,1.0,1.0,1.0,1685.9522431259045,1345.4273504273503,1514.3452979181623,3415.1577834179357,0.4434188385880623,-1.1732580306807154,1514.3452979181623,3415.1577834179357,0.4434188385880623,0.3253909255501408,input_data/ectopic_recombination/JAWLIA010001371.1_De_6_6126.fa.depth.txt,1a9a404c5423228406e8f1737e24f82f9068af4c6e098beaf5cef895f407063d,229880,usable,1.0,True,0.4434188385880623,0.0
929,6367,5439,JAWLIA010001383.1_De,929,1393,465,5897,6367,471,925,928,cacc,6368,6371,cacc,,,,,,,,,,,,,,tilleyi,SRX21394251,GCA_034782015.1,JAWLIA010001383.1_De_929_6367,JAWLIA010001383.1_De_929_6367,LTR,Gypsy,unknown,yes,-,GAG|Ty3_gypsy PROT|Ty3_gypsy RT|Ty3_gypsy RH|Ty3_gypsy INT|Ty3_gypsy,True,6,5439,5439,0,0,1.0,1.0,1.0,1.0,24.486021505376343,24.872611464968152,24.680555555555557,40.5709526982012,0.6083306877003611,-0.7170723110022581,24.680555555555557,40.5709526982012,0.6083306877003611,-0.022150814713547955,input_data/ectopic_recombination/JAWLIA010001383.1_De_929_6367.fa.depth.txt,efb7a4a12dd098286710273db463db537397d09cf1e8a71eae3a92354c7241bf,205359,usable,1.0,True,0.6083306877003611,0.0
8,5492,5485,JAWLIA010001405.1_De,8,398,391,5112,5492,381,4,7,agag,5493,5496,agag,,,,,,,,,,,,,,tilleyi,SRX21394251,GCA_034782015.1,JAWLIA010001405.1_De_8_5492,JAWLIA010001405.1_De_8_5492,LTR,Gypsy,unknown,no,-,GAG|Ty3_gypsy RT|Ty3_gypsy RH|Ty3_gypsy INT|Ty3_gypsy,True,5,5485,5485,0,1,1.0,0.9973753280839895,0.9987046632124352,1.0,19.74168797953964,72.71391076115485,45.884715025906736,59.031614682792274,0.7772905293624323,-0.3634741565783292,45.94422827496757,59.031614682792274,0.7782986882850813,-1.8547881857559791,input_data/ectopic_recombination/JAWLIA010001405.1_De_8_5492.fa.depth.txt,3eb603c2b42a09b647ecdc7d48d58643b4c84fc644a868ea264aa6bc02870055,196683,usable,1.0,True,0.7782986882850813,0.0
938,6341,5404,JAWLIA010001409.1_De,938,1166,229,6127,6341,215,934,937,gttc,6342,6345,gttc,6096.0,6110.0,ggagcaagcggagga,+,17.0,,,,,,,,,tilleyi,SRX21394251,GCA_034782015.1,JAWLIA010001409.1_De_938_6341,JAWLIA010001409.1_De_938_6341,LTR,Gypsy,unknown,no,+,GAG|Ty3_gypsy RT|Ty3_gypsy RH|Ty3_gypsy INT|Ty3_gypsy,True,5,5404,5404,0,0,1.0,1.0,1.0,1.0,23.820960698689955,53.6,38.240990990990994,30.828024193548387,1.240461949520397,0.3108774820419855,38.240990990990994,30.828024193548387,1.240461949520397,-1.1534283764605004,input_data/ectopic_recombination/JAWLIA010001409.1_De_938_6341.fa.depth.txt,e4e7938521da0d2e14e033a16f08ec94e6980a93f62160e30a6e091ff85acc27,204040,usable,1.0,True,1.240461949520397,0.0
252,5941,5690,JAWLIA010001491.1_De,252,394,143,5803,5941,139,248,251,ccat,5942,5945,ccat,,,,,,,,,,,,,,tilleyi,SRX21394251,GCA_034782015.1,JAWLIA010001491.1_De_252_5941,JAWLIA010001491.1_De_252_5941,LTR,Gypsy,unknown,yes,+,GAG|Ty3_gypsy PROT|Ty3_gypsy RT|Ty3_gypsy RH|Ty3_gypsy INT|Ty3_gypsy,True,6,5690,5690,0,0,1.0,1.0,1.0,1.0,27.32867132867133,42.21582733812949,34.666666666666664,49.54918639053255,0.699641491455256,-0.5153122456767516,34.666666666666664,49.54918639053255,0.699641491455256,-0.6181986960980647,input_data/ectopic_recombination/JAWLIA010001491.1_De_252_5941.fa.depth.txt,f84e9f2abb8ec2f8725acd203e2d7012de5f6e42dd7057c84c4884b54001a116,215315,usable,1.0,True,0.699641491455256,0.0
13,5224,5212,JAWLIA010001505.1_De,13,216,204,5012,5224,213,9,12,cctg,5225,5228,cctg,,,,,,,,,,,,,,tilleyi,SRX21394251,GCA_034782015.1,JAWLIA010001505.1_De_13_5224,JAWLIA010001505.1_De_13_5224,LTR,Gypsy,unknown,no,-,RT|Ty3_gypsy RH|Ty3_gypsy INT|Ty3_gypsy PROT|Ty3_gypsy,True,5,5212,5212,0,0,1.0,1.0,1.0,1.0,19.333333333333332,25.525821596244132,22.496402877697843,39.47049009384776,0.5699549923046013,-0.8110800965619953,22.496402877697843,39.47049009384776,0.5699549923046013,-0.3920165402678247,input_data/ectopic_recombination/JAWLIA010001505.1_De_13_5224.fa.depth.txt,7426375ec328d5a2d6899e7bc3dc615947fc4e7cb3532a78048a0133c761f18e,191680,usable,1.0,True,0.5699549923046013,0.0
855,6225,5371,JAWLIA010001517.1_De,855,1150,296,5938,6225,288,851,854,gaag,6226,6229,gaag,,,,,,,,,,,,,,tilleyi,SRX21394251,GCA_034782015.1,JAWLIA010001517.1_De_855_6225,JAWLIA010001517.1_De_855_6225,LTR,Gypsy,unknown,no,+,GAG|Ty3_gypsy RT|Ty3_gypsy RH|Ty3_gypsy INT|Ty3_gypsy,True,5,5371,5371,0,0,1.0,1.0,1.0,1.0,60.9054054054054,18.78125,40.13184931506849,51.450386463338205,0.780010648582107,-0.35843427533333083,40.13184931506849,51.450386463338205,0.780010648582107,1.6711670747263143,input_data/ectopic_recombination/JAWLIA010001517.1_De_855_6225.fa.depth.txt,47bfecb5fb0b03751e897fe8cb4537337ec61335ce149b2bb37d5f6478192040,203191,usable,1.0,True,0.780010648582107,0.0
426,6192,5767,JAWLIA010001558.1_De,426,1025,600,5606,6192,587,422,425,gcaa,6193,6196,gcaa,,,,,,,,,,,,,,tilleyi,SRX21394251,GCA_034782015.1,JAWLIA010001558.1_De_426_6192,JAWLIA010001558.1_De_426_6192,LTR,Gypsy,unknown,yes,-,GAG|Ty3_gypsy PROT|Ty3_gypsy RT|Ty3_gypsy RH|Ty3_gypsy INT|Ty3_gypsy,True,6,5767,5767,0,0,1.0,1.0,1.0,1.0,27.348333333333333,8.485519591141397,18.02021903959562,49.14890829694323,0.36664535722182806,-1.4475428240360448,18.02021903959562,49.14890829694323,0.36664535722182806,1.6319171520981237,input_data/ectopic_recombination/JAWLIA010001558.1_De_426_6192.fa.depth.txt,916f3570b1d49de6fa9115b6c0a647c32aa72843246e6d38d3d023827e87edc9,217800,usable,1.0,True,0.366645357221828,5.551115123125783e-17
54,6179,6126,JAWLIA010001576.1_De,54,383,330,5865,6179,315,50,53,cgaa,6180,6183,cgaa,,,,,,,,,,,,,,tilleyi,SRX21394251,GCA_034782015.1,JAWLIA010001576.1_De_54_6179,JAWLIA010001576.1_De_54_6179,LTR,Gypsy,unknown,no,-,RH|Ty3_gypsy INT|Ty3_gypsy GAG|Ty3_gypsy RT|Ty3_gypsy,True,5,6126,6126,0,0,1.0,1.0,1.0,1.0,36.484848484848484,52.615873015873014,44.36279069767442,82.00456121145777,0.5409795509213212,-0.8863540338148997,44.36279069767442,82.00456121145777,0.5409795509213212,-0.5222086913371263,input_data/ectopic_recombination/JAWLIA010001576.1_De_54_6179.fa.depth.txt,74e56acda8750c211d99e70bfe8added48ace1f4ae35b32e26178f2ab02cc4f6,226956,usable,1.0,True,0.5409795509213212,0.0
1053,6153,5101,JAWLIA010001602.1_De,1053,1238,186,5964,6153,190,1049,1052,taga,6154,6157,taga,1211.0,1219.0,aaggggagg,-,27.0,,,,,,,,,tilleyi,SRX21394251,GCA_034782015.1,JAWLIA010001602.1_De_1053_6153,JAWLIA010001602.1_De_1053_6153,LTR,Gypsy,unknown,yes,+,GAG|Ty3_gypsy PROT|Ty3_gypsy RT|Ty3_gypsy RH|Ty3_gypsy INT|Ty3_gypsy,True,6,5101,5101,0,0,1.0,1.0,1.0,1.0,66.27956989247312,46.373684210526314,56.22074468085106,105.12677248677248,0.5347899811908047,-0.9029556567966595,56.22074468085106,105.12677248677248,0.5347899811908047,0.5106286082328242,input_data/ectopic_recombination/JAWLIA010001602.1_De_1053_6153.fa.depth.txt,20cddd7c170607949d0601e66fd0f80d0913661ffd37e9d492fd5f1efa18f93f,200746,usable,1.0,True,0.5347899811908047,0.0
751,5815,5065,JAWLIA010001697.1_De,751,966,216,5599,5815,217,747,750,cggg,5816,5819,cggg,,,,,,,,,,,,,,tilleyi,SRX21394251,GCA_034782015.1,JAWLIA010001697.1_De_751_5815,JAWLIA010001697.1_De_751_5815,LTR,Gypsy,unknown,yes,-,GAG|Ty3_gypsy PROT|Bel-Pao RT|Ty3_gypsy RH|Ty3_gypsy INT|Ty3_gypsy,True,6,5065,5065,0,0,1.0,1.0,1.0,1.0,41.85648148148148,65.06912442396313,53.48960739030023,51.27849740932643,1.0431196328418868,0.06090462651555385,53.48960739030023,51.27849740932643,1.0431196328418868,-0.6304338791879901,input_data/ectopic_recombination/JAWLIA010001697.1_De_751_5815.fa.depth.txt,bc6bec474bc69f703d5c7bb285aa90fb1c4f31925c2180a3ba0911a51b0e1664,191639,usable,1.0,True,1.0431196328418868,0.0
20,5946,5927,JAWLIA010001728.1_De,20,714,695,5229,5946,718,16,19,caaa,5947,5950,caaa,,,,,,,,,,,,,,tilleyi,SRX21394251,GCA_034782015.1,JAWLIA010001728.1_De_20_5946,JAWLIA010001728.1_De_20_5946,LTR,Gypsy,unknown,no,-,PROT|Ty3_gypsy RT|Ty3_gypsy RH|Ty3_gypsy INT|Ty3_gypsy,True,5,5927,5927,0,25,0.9640287769784173,1.0,0.9823071479122435,1.0,22.276258992805754,107.63927576601671,65.65251238499646,114.02813469206912,0.5757571371511939,-0.7964677049459874,66.8350144092219,114.02813469206912,0.5861274025897961,-2.247287890964134,input_data/ectopic_recombination/JAWLIA010001728.1_De_20_5946.fa.depth.txt,8bab0a96a765edf4a2717de5298855677175b1462f593905f365758b9a394c18,221436,usable,1.0,True,0.5861274025897961,0.0
93,5166,5074,JAWLIA010001747.1_De,93,251,159,5012,5166,155,89,92,ggca,5167,5170,ggca,268.0,277.0,aaaaaaaaaa,-,17.0,,,,,,,,,tilleyi,SRX21394251,GCA_034782015.1,JAWLIA010001747.1_De_93_5166,JAWLIA010001747.1_De_93_5166,LTR,Gypsy,unknown,yes,+,GAG|Ty3_gypsy PROT|Ty3_gypsy RT|Ty3_gypsy RH|Ty3_gypsy INT|Ty3_gypsy,True,6,5074,5074,0,0,1.0,1.0,1.0,1.0,31.50314465408805,15.664516129032258,23.68471337579618,52.81512605042017,0.4484456470516699,-1.1569949580836751,23.68471337579618,52.81512605042017,0.4484456470516699,0.9853833501558227,input_data/ectopic_recombination/JAWLIA010001747.1_De_93_5166.fa.depth.txt,4642144635893ceb4ad056fcaf66a7ec6b6102a9280c6fa81b5ba936465c404c,186641,usable,1.0,True,0.4484456470516699,0.0
6,5967,5962,JAWLIA010001770.1_De,6,896,891,5102,5967,866,2,5,ccca,5968,5971,ccca,5093.0,5102.0,aaaaaaaagg,+,0.0,,,,,,,,,tilleyi,SRX21394251,GCA_034782015.1,JAWLIA010001770.1_De_6_5967,JAWLIA010001770.1_De_6_5967,LTR,Gypsy,unknown,no,-,RH|Ty3_gypsy INT|Ty3_gypsy GAG|Ty3_gypsy RT|Ty3_gypsy,True,5,5962,5962,0,1,1.0,0.9988452655889145,0.9994308480364257,1.0,30.681257014590347,22.575057736720556,26.685828116107,52.83543400713437,0.5050744565191537,-0.9854320136903817,26.701025056947607,52.83543400713437,0.5053620843417728,0.4343448311034446,input_data/ectopic_recombination/JAWLIA010001770.1_De_6_5967.fa.depth.txt,0669a81d2b11f18dcba66c7187c28a0f57ef7aded33699ae180ca65a4c289eba,213957,usable,1.0,True,0.5053620843417728,0.0
10,5588,5579,JAWLIA010001780.1_De,10,525,516,5067,5588,522,6,9,gtaa,5589,5592,gtaa,547.0,556.0,gggaaaggag,-,22.0,,,,,,,,,tilleyi,SRX21394251,GCA_034782015.1,JAWLIA010001780.1_De_10_5588,JAWLIA010001780.1_De_10_5588,LTR,Gypsy,unknown,no,-,GAG|Ty3_gypsy RT|Ty3_gypsy RH|Ty3_gypsy INT|Ty3_gypsy,True,5,5579,5579,0,0,1.0,1.0,1.0,1.0,50.92829457364341,25.013409961685824,37.895953757225435,61.41995155252147,0.6169974543991592,-0.6966635577546223,37.895953757225435,61.41995155252147,0.6169974543991592,1.0113065795577212,input_data/ectopic_recombination/JAWLIA010001780.1_De_10_5588.fa.depth.txt,40d1f93a334b5795175d8e1cbace5385ca6f15bfc5875d6afb3f7371d1340dde,205514,usable,1.0,True,0.6169974543991592,0.0
479,5978,5500,JAWLIA010001791.1_De,479,1124,646,5327,5978,652,475,478,aaaa,5979,5982,aaaa,,,,,,,,,,,,,,tilleyi,SRX21394251,GCA_034782015.1,JAWLIA010001791.1_De_479_5978,JAWLIA010001791.1_De_479_5978,LTR,Gypsy,unknown,yes,+,GAG|Ty3_gypsy PROT|Ty3_gypsy RT|Ty3_gypsy RH|Ty3_gypsy INT|Ty3_gypsy,True,6,5500,5500,0,0,1.0,1.0,1.0,1.0,23.23374613003096,26.802147239263803,25.02619414483821,46.56949071870538,0.5373946280839622,-0.8959461949642015,25.02619414483821,46.56949071870538,0.5373946280839622,-0.20207458641003986,input_data/ectopic_recombination/JAWLIA010001791.1_De_479_5978.fa.depth.txt,a89ab38f4f0c31760a880e48c4c00b042588aaabaaabb72335ecc620a9c32f06,207517,usable,1.0,True,0.5373946280839622,0.0
405,5810,5406,JAWLIA010002019.1_De,405,814,410,5408,5810,403,401,404,agat,5811,5814,agat,813.0,821.0,gggagaaga,-,1.0,,,,,,,,,tilleyi,SRX21394251,GCA_034782015.1,JAWLIA010002019.1_De_405_5810,JAWLIA010002019.1_De_405_5810,LTR,Gypsy,unknown,yes,+,GAG|Ty3_gypsy PROT|Ty3_gypsy RT|Ty3_gypsy RH|Ty3_gypsy INT|Ty3_gypsy,True,6,5406,5406,0,19,0.9536585365853658,1.0,0.976629766297663,1.0,18.073170731707318,38.354838709677416,28.12669126691267,65.42303505334205,0.4299203062649087,-1.2178588406819553,28.799748110831235,65.42303505334205,0.44020807178006394,-1.0648741459823867,input_data/ectopic_recombination/JAWLIA010002019.1_De_405_5810.fa.depth.txt,d2751fbc44c946e595bb0e8e92f429a6118c3616d07d7c3ca880932d73d585d7,204574,usable,1.0,True,0.4402080717800639,5.551115123125783e-17
514,5760,5247,JAWLIA010002084.1_De,514,670,157,5623,5760,138,510,513,ccag,5761,5764,ccag,5596.0,5612.0,aggaagtaaaaaaaggg,+,11.0,,,,,,,,,tilleyi,SRX21394251,GCA_034782015.1,JAWLIA010002084.1_De_514_5760,JAWLIA010002084.1_De_514_5760,LTR,Gypsy,unknown,no,-,GAG|Ty3_gypsy RT|Ty3_gypsy RH|Ty3_gypsy INT|Ty3_gypsy,True,5,5247,5247,0,0,1.0,1.0,1.0,1.0,53.37579617834395,18.905797101449274,37.25084745762712,44.23142164781906,0.8421806505390464,-0.24779836553571385,37.25084745762712,44.23142164781906,0.8421806505390464,1.4731495908967591,input_data/ectopic_recombination/JAWLIA010002084.1_De_514_5760.fa.depth.txt,2177e8486c460a082e67fd6790fc326840e5c1c518218466f9f8ec777c9143b2,198431,usable,1.0,True,0.8421806505390464,0.0
359,5690,5332,JAWLIA010002193.1_De,359,782,424,5276,5690,415,355,358,aata,5691,5694,aata,5263.0,5271.0,ggaaggggg,+,5.0,,,,,,,,,tilleyi,SRX21394251,GCA_034782015.1,JAWLIA010002193.1_De_359_5690,JAWLIA010002193.1_De_359_5690,LTR,Gypsy,unknown,yes,-,GAG|Ty3_gypsy PROT|Bel-Pao RT|Ty3_gypsy RH|Ty3_gypsy INT|Ty3_gypsy,True,6,5332,5332,0,0,1.0,1.0,1.0,1.0,23.037735849056602,20.15180722891566,21.610250297973778,39.09971066102827,0.5526959134128144,-0.8554421494618721,21.610250297973778,39.09971066102827,0.5526959134128144,0.18870751411189832,input_data/ectopic_recombination/JAWLIA010002193.1_De_359_5690.fa.depth.txt,4e83a9a68ff34e4bb9196c14166b466d3fb234deeb6cd89fcc9a31add59d7a4e,201655,usable,1.0,True,0.5526959134128144,0.0
18,5120,5103,JAWLIA010002268.1_De,18,550,533,4568,5120,553,14,17,attt,5121,5124,attt,,,,,,,,,,,,,,tilleyi,SRX21394251,GCA_034782015.1,JAWLIA010002268.1_De_18_5120,JAWLIA010002268.1_De_18_5120,LTR,Gypsy,unknown,yes,-,GAG|Ty3_gypsy PROT|Ty3_gypsy RT|Ty3_gypsy RH|Ty3_gypsy INT|Ty3_gypsy,True,6,5103,5103,0,0,1.0,1.0,1.0,1.0,26.701688555347094,29.38155515370705,28.066298342541437,31.28653223798855,0.8970728404493146,-0.15670296114920051,28.066298342541437,31.28653223798855,0.8970728404493146,-0.13555902349915028,input_data/ectopic_recombination/JAWLIA010002268.1_De_18_5120.fa.depth.txt,241ace35976994f97a17e889facc338a7d065bc8b159835e9fc12ad9ddcab068,186918,usable,1.0,True,0.8970728404493146,0.0
257,5626,5370,JAWLIA010002305.1_De,257,497,241,5383,5626,244,253,256,gaca,5627,5630,gaca,,,,,,,,,,,,,,tilleyi,SRX21394251,GCA_034782015.1,JAWLIA010002305.1_De_257_5626,JAWLIA010002305.1_De_257_5626,LTR,Gypsy,unknown,yes,+,GAG|Ty3_gypsy PROT|Ty3_gypsy RT|Ty3_gypsy RH|Ty3_gypsy INT|Ty3_gypsy,True,6,5370,5370,0,0,1.0,1.0,1.0,1.0,32.863070539419084,13.942622950819672,23.344329896907215,39.45936540429887,0.591604291090905,-0.7572955780942003,23.344329896907215,39.45936540429887,0.591604291090905,1.2079192955299727,input_data/ectopic_recombination/JAWLIA010002305.1_De_257_5626.fa.depth.txt,b98578c7509bdd51d2a7ffada8fbfbf09c52f7048195bcaeae7d6432369f6508,202803,usable,1.0,True,0.591604291090905,0.0
35,5596,5562,JAWLIA010002343.1_De,35,297,263,5344,5596,253,31,34,aggc,5597,5600,aggc,,,,,,,,,,,,,,tilleyi,SRX21394251,GCA_034782015.1,JAWLIA010002343.1_De_35_5596,JAWLIA010002343.1_De_35_5596,LTR,Gypsy,unknown,no,+,PROT|Ty3_gypsy RT|Ty3_gypsy RH|Ty3_gypsy INT|Ty3_gypsy,True,5,5562,5562,0,33,0.8745247148288974,1.0,0.936046511627907,1.0,19.0532319391635,29.802371541501977,24.323643410852714,34.42925089179548,0.7064819239691635,-0.5012754466192475,25.985507246376812,34.42925089179548,0.7547508752962493,-0.6320236179070617,input_data/ectopic_recombination/JAWLIA010002343.1_De_35_5596.fa.depth.txt,bb7a26c74098cf03a91bf9fddb1031438ddce3bf5b2fef1c809b09b5bd5bd0f8,204325,usable,1.0,True,0.7547508752962493,0.0
7,5560,5554,JAWLIA010002401.1_De,7,281,275,5293,5560,268,3,6,acct,5561,5564,acct,,,,,,,,,,,,,,tilleyi,SRX21394251,GCA_034782015.1,JAWLIA010002401.1_De_7_5560,JAWLIA010002401.1_De_7_5560,LTR,Gypsy,unknown,yes,-,GAG|Ty3_gypsy PROT|Ty3_gypsy RT|Ty3_gypsy RH|Ty3_gypsy INT|Ty3_gypsy,True,6,5554,5554,0,0,1.0,1.0,1.0,1.0,5.738181818181818,3.8843283582089554,4.823204419889502,17.25204549990022,0.27957290165490223,-1.8387035644411942,4.823204419889502,17.25204549990022,0.27957290165490223,0.5087697511510428,input_data/ectopic_recombination/JAWLIA010002401.1_De_7_5560.fa.depth.txt,2043fdc9a1c566435bca2098f80c2a378bf371299bc2da167d91df8d7ab750dd,196845,usable,1.0,True,0.2795729016549022,5.551115123125783e-17
459,5558,5100,JAWLIA010002421.1_De,459,793,335,5228,5558,331,455,458,acca,5559,5562,acca,,,,,,,,,,,,,,tilleyi,SRX21394251,GCA_034782015.1,JAWLIA010002421.1_De_459_5558,JAWLIA010002421.1_De_459_5558,LTR,Gypsy,unknown,yes,+,GAG|Ty3_gypsy PROT|Ty3_gypsy RT|Ty3_gypsy RH|Ty3_gypsy INT|Ty3_gypsy,True,6,5100,5100,0,94,1.0,0.716012084592145,0.8588588588588588,1.0,15.155223880597015,2.915407854984894,9.072072072072071,43.9722598105548,0.2063135283735059,-2.277089670282159,10.562937062937063,43.9722598105548,0.24021819912020095,2.1965143651103114,input_data/ectopic_recombination/JAWLIA010002421.1_De_459_5558.fa.depth.txt,fa205c909e71585420cd2092e07c19915c86d70a2263f198c036fc1ddca08923,192129,usable,1.0,False,0.2402181991202009,5.551115123125783e-17
36,5532,5497,JAWLIA010002477.1_De,36,538,503,4999,5532,534,32,35,ttac,5533,5536,ttac,,,,,,,,,,,,,,tilleyi,SRX21394251,GCA_034782015.1,JAWLIA010002477.1_De_36_5532,JAWLIA010002477.1_De_36_5532,LTR,Gypsy,unknown,no,+,INT|Ty3_gypsy GAG|Ty3_gypsy PROT|Bel-Pao RT|Ty3_gypsy RH|Ty3_gypsy,True,6,5497,5497,0,0,1.0,1.0,1.0,1.0,25.03976143141153,44.829588014981276,35.2304725168756,67.79932735426009,0.5196286437001345,-0.9444471356466941,35.2304725168756,67.79932735426009,0.5196286437001345,-0.8277080003304957,input_data/ectopic_recombination/JAWLIA010002477.1_De_36_5532.fa.depth.txt,870d586b81bf293bfa6f191092cbce0c98df73e731599e2590767fc41a48870b,202634,usable,1.0,True,0.5196286437001345,0.0
5,5514,5510,JAWLIA010002502.1_De,5,712,708,4812,5514,703,1,4,tact,5515,5518,tact,,,,,,,,,,,,,,tilleyi,SRX21394251,GCA_034782015.1,JAWLIA010002502.1_De_5_5514,JAWLIA010002502.1_De_5_5514,LTR,Gypsy,unknown,no,+,RT|Ty3_gypsy RH|Ty3_gypsy INT|Ty3_gypsy GAG|Ty3_gypsy PROT|Ty3_gypsy,True,6,5510,5510,0,0,1.0,1.0,1.0,1.0,45.94209039548023,37.85633001422475,41.91353649893692,60.00414735301293,0.6985106588108589,-0.5176459645121189,41.91353649893692,60.00414735301293,0.6985106588108589,0.27596822258023973,input_data/ectopic_recombination/JAWLIA010002502.1_De_5_5514.fa.depth.txt,0d49e7cffd40998f64b94434450df75217ac4eeb52bd0b03c6ae4ca657eb894d,197255,usable,1.0,True,0.6985106588108589,0.0
16,5511,5496,JAWLIA010002507.1_De,16,393,378,5124,5511,388,12,15,ccct,5512,5515,ccct,,,,,,,,,,,,,,tilleyi,SRX21394251,GCA_034782015.1,JAWLIA010002507.1_De_16_5511,JAWLIA010002507.1_De_16_5511,LTR,Gypsy,unknown,no,+,GAG|Ty3_gypsy RT|Ty3_gypsy RH|Ty3_gypsy INT|Ty3_gypsy,True,5,5496,5496,0,49,0.8703703703703703,1.0,0.9360313315926893,1.0,111.84126984126983,59.94845360824742,85.55613577023499,49.89175475687104,1.7148351704036284,0.7780699115179137,91.40306834030683,49.89175475687104,1.8320275321187998,0.8941106774698738,input_data/ectopic_recombination/JAWLIA010002507.1_De_16_5511.fa.depth.txt,462ef153a17d58e5087d8b455d9660b6faafb2e13c6297e4c44df9836e6741eb,202592,usable,1.0,True,1.8320275321188,2.220446049250313e-16
12,5347,5336,JAWLIA010002529.1_De,12,247,236,5103,5347,245,8,11,cagg,5348,5351,cagg,,,,,,,,,,,,,,tilleyi,SRX21394251,GCA_034782015.1,JAWLIA010002529.1_De_12_5347,JAWLIA010002529.1_De_12_5347,LTR,Gypsy,unknown,no,-,RH|Ty3_gypsy INT|Ty3_gypsy GAG|Ty3_gypsy RT|Ty3_gypsy,True,5,5336,5336,0,2,1.0,0.9918367346938776,0.9958419958419958,1.0,25.3135593220339,25.040816326530614,25.174636174636174,44.972193614830076,0.5597822599059202,-0.8370623277894905,25.27974947807933,44.972193614830076,0.5621195553543792,0.015324445552327346,input_data/ectopic_recombination/JAWLIA010002529.1_De_12_5347.fa.depth.txt,b40af482deb7c32629d833cb9baf06e3a2f4aab3f5d9ecccab9179246c73d596,196405,usable,1.0,True,0.5621195553543792,0.0
5,5463,5459,JAWLIA010002581.1_De,5,429,425,5049,5463,415,1,4,gtga,5464,5467,gtga,,,,,,,,,,,,,,tilleyi,SRX21394251,GCA_034782015.1,JAWLIA010002581.1_De_5_5463,JAWLIA010002581.1_De_5_5463,LTR,Gypsy,unknown,no,-,RH|Ty3_gypsy INT|Ty3_gypsy GAG|Ty3_gypsy RT|Ty3_gypsy,True,5,5459,5459,0,0,1.0,1.0,1.0,1.0,47.138823529411766,49.4144578313253,48.26309523809524,62.23446633470448,0.775504283728095,-0.3667933444497096,48.26309523809524,62.23446633470448,0.775504283728095,-0.06731997046782524,input_data/ectopic_recombination/JAWLIA010002581.1_De_5_5463.fa.depth.txt,174791a5ccff5334ec6e02fe3dabb299ffa4dbc55fa556877eb2f9c8c1107aa0,195900,usable,1.0,True,0.775504283728095,0.0
10,4910,4901,JAWLIA010002608.1_De,10,122,113,4794,4910,117,6,9,ttgt,4911,4914,ttgt,4805.0,4814.0,ggagaagagg,+,20.0,,,,,,,,,tilleyi,SRX21394251,GCA_034782015.1,JAWLIA010002608.1_De_10_4910,JAWLIA010002608.1_De_10_4910,LTR,Gypsy,unknown,yes,+,GAG|Ty3_gypsy PROT|Ty3_gypsy RT|Ty3_gypsy RH|Ty3_gypsy INT|Ty3_gypsy,True,6,4901,4901,0,0,1.0,1.0,1.0,1.0,9.699115044247788,14.034188034188034,11.904347826086957,41.56733033611646,0.2863871153097284,-1.8039615083498182,11.904347826086957,41.56733033611646,0.2863871153097284,-0.5110064982229247,input_data/ectopic_recombination/JAWLIA010002608.1_De_10_4910.fa.depth.txt,017acb315aed621f482d7cfef7fdd2afe2237d66322466bc98e6804be229f25a,180031,usable,1.0,True,0.2863871153097284,0.0
15,5441,5427,JAWLIA010002622.1_De,15,781,767,4676,5441,766,11,14,gctg,5442,5445,gctg,776.0,784.0,aaggaggaa,-,5.0,,,,,,,,,tilleyi,SRX21394251,GCA_034782015.1,JAWLIA010002622.1_De_15_5441,JAWLIA010002622.1_De_15_5441,LTR,Gypsy,unknown,yes,+,GAG|Ty3_gypsy PROT|Ty3_gypsy RT|Ty3_gypsy RH|Ty3_gypsy INT|Ty3_gypsy,True,6,5427,5427,0,31,0.9608865710560626,0.9986945169712794,0.9797782126549249,1.0,12.41329856584094,34.557441253263704,23.4781474233529,52.66255778120185,0.44582239094610665,-1.1654590186762022,23.96271637816245,52.66255778120185,0.4550237851666988,-1.440863132631915,input_data/ectopic_recombination/JAWLIA010002622.1_De_15_5441.fa.depth.txt,18f2d343d236b4fac97d517462449661511b548655f474d69608352af7f19e70,199188,usable,1.0,True,0.4550237851666988,0.0
14,5431,5418,JAWLIA010002640.1_De,14,485,472,4962,5431,470,10,13,cgac,5432,5435,cgac,,,,,,,,,,,,,,tilleyi,SRX21394251,GCA_034782015.1,JAWLIA010002640.1_De_14_5431,JAWLIA010002640.1_De_14_5431,LTR,Gypsy,unknown,no,+,PROT|Bel-Pao RT|Ty3_gypsy RH|Ty3_gypsy INT|Ty3_gypsy GAG|Ty3_gypsy,True,6,5418,5418,0,0,1.0,1.0,1.0,1.0,31.389830508474578,39.01914893617021,35.196390658174096,70.0676943699732,0.5023198062195287,-0.9933219340099125,35.196390658174096,70.0676943699732,0.5023198062195287,-0.3094554483086819,input_data/ectopic_recombination/JAWLIA010002640.1_De_14_5431.fa.depth.txt,6cfe586fbdf679c767a80ba7334fe9b5e994e2f3b326c6045a3e868ad9f8620d,199794,usable,1.0,True,0.5023198062195287,0.0
28,5424,5397,JAWLIA010002677.1_De,28,354,327,5076,5424,349,24,27,ccac,5425,5428,ccac,,,,,,,,,,,,,,tilleyi,SRX21394251,GCA_034782015.1,JAWLIA010002677.1_De_28_5424,JAWLIA010002677.1_De_28_5424,LTR,Gypsy,unknown,no,-,INT|Ty3_gypsy GAG|Ty3_gypsy RT|Ty3_gypsy RH|Ty3_gypsy,True,5,5397,5397,0,0,1.0,1.0,1.0,1.0,43.27217125382263,32.74785100286533,37.8387573964497,62.03939843253548,0.6099149629504761,-0.7133199851326807,37.8387573964497,62.03939843253548,0.6099149629504761,0.3967528544395211,input_data/ectopic_recombination/JAWLIA010002677.1_De_28_5424.fa.depth.txt,6d25c403b9b40912e6dcfbf7141fdd52f09a5301f4a4e0ed2a686901ca4a3376,199032,usable,1.0,True,0.6099149629504761,0.0
11,5379,5369,JAWLIA010002743.1_De,11,430,420,4961,5379,419,7,10,gttc,5380,5383,gttc,440.0,449.0,aagggaggag,-,10.0,,,,,,,,,tilleyi,SRX21394251,GCA_034782015.1,JAWLIA010002743.1_De_11_5379,JAWLIA010002743.1_De_11_5379,LTR,Gypsy,unknown,no,-,RT|Ty3_gypsy RH|Ty3_gypsy INT|Ty3_gypsy GAG|Ty3_gypsy,True,5,5369,5369,0,0,1.0,1.0,1.0,1.0,50.74285714285714,27.90453460620525,39.3373063170441,73.63620309050772,0.5342114974164792,-0.9045170685825557,39.3373063170441,73.63620309050772,0.5342114974164792,0.8512296527734804,input_data/ectopic_recombination/JAWLIA010002743.1_De_11_5379.fa.depth.txt,954c55f398f8c29492b4685eb9560e1686e7ed3bebe2b2452b022f24eea9e040,197840,usable,1.0,True,0.5342114974164792,0.0
16,5353,5338,JAWLIA010002806.1_De,16,251,236,5106,5353,248,12,15,tgga,5354,5357,tgga,,,,,,,,,,,,,,tilleyi,SRX21394251,GCA_034782015.1,JAWLIA010002806.1_De_16_5353,JAWLIA010002806.1_De_16_5353,LTR,Gypsy,unknown,yes,-,GAG|Ty3_gypsy PROT|Ty3_gypsy RT|Ty3_gypsy RH|Ty3_gypsy INT|Ty3_gypsy,True,6,5338,5338,0,0,1.0,1.0,1.0,1.0,18.593220338983052,16.754032258064516,17.65082644628099,32.38401318500206,0.5450475314917294,-0.8755460476449466,17.65082644628099,32.38401318500206,0.5450475314917294,0.1461268956369728,input_data/ectopic_recombination/JAWLIA010002806.1_De_16_5353.fa.depth.txt,6e51ff601ca9138d55d858753ea7f71823bd879ade2494ecee7782944a813ee6,196202,usable,1.0,True,0.5450475314917294,0.0
10,5347,5338,JAWLIA010002807.1_De,10,206,197,5151,5347,197,6,9,ccaa,5348,5351,ccaa,,,,,,,,,,,,,,tilleyi,SRX21394251,GCA_034782015.1,JAWLIA010002807.1_De_10_5347,JAWLIA010002807.1_De_10_5347,LTR,Gypsy,unknown,no,+,RT|Ty3_gypsy RH|Ty3_gypsy GAG|Ty3_gypsy INT|Ty3_gypsy,True,5,5338,5338,0,0,1.0,1.0,1.0,1.0,16.401015228426395,26.395939086294415,21.398477157360407,39.222289644012946,0.5455693013226922,-0.8741656273499397,21.398477157360407,39.222289644012946,0.5455693013226922,-0.6702784518129243,input_data/ectopic_recombination/JAWLIA010002807.1_De_10_5347.fa.depth.txt,da8337dfa99df657a86466af767b151001bbf79a75e9b8e50f94bcf4618736df,196356,usable,1.0,True,0.5455693013226922,0.0
9,5283,5275,JAWLIA010002900.1_De,9,361,353,4942,5283,342,5,8,agga,5284,5287,agga,4936.0,4962.0,agaaaggtggaggaaaggaagaggaaa,+,20.0,,,,,,,,,tilleyi,SRX21394251,GCA_034782015.1,JAWLIA010002900.1_De_9_5283,JAWLIA010002900.1_De_9_5283,LTR,Gypsy,unknown,no,+,RT|Ty3_gypsy RH|Ty3_gypsy INT|Ty3_gypsy GAG|Ty3_gypsy PROT|Ty3_gypsy,True,6,5275,5275,0,25,1.0,0.9269005847953217,0.9640287769784173,1.0,30.835694050991503,12.385964912280702,21.7568345323741,34.41528384279476,0.6321852416431297,-0.6615807389502261,22.56865671641791,34.41528384279476,0.6557742431969777,1.282006376076592,input_data/ectopic_recombination/JAWLIA010002900.1_De_9_5283.fa.depth.txt,0502b1ef1e0c91f62ef94d4cf179d7b1883b7ff1b483ebcb5bf5b0f5cb8d4fa9,188453,usable,1.0,True,0.6557742431969777,0.0
18,5288,5271,JAWLIA010002919.1_De,18,244,227,5049,5288,240,14,17,ccac,5289,5292,ccac,,,,,,,,,,,,,,tilleyi,SRX21394251,GCA_034782015.1,JAWLIA010002919.1_De_18_5288,JAWLIA010002919.1_De_18_5288,LTR,Gypsy,unknown,no,+,PROT|Bel-Pao RT|Ty3_gypsy RH|Ty3_gypsy INT|Ty3_gypsy GAG|Ty3_gypsy,True,6,5271,5271,0,0,1.0,1.0,1.0,1.0,25.88546255506608,58.87916666666667,42.84154175588865,63.42485428809326,0.6754692972772235,-0.5660378999811977,42.84154175588865,63.42485428809326,0.6754692972772235,-1.1702135713601003,input_data/ectopic_recombination/JAWLIA010002919.1_De_18_5288.fa.depth.txt,af9fb6d2e1b04c73f4077c6cf69eaa7ae809d4fec10d93835e0a3dca0644993b,194446,usable,1.0,True,0.6754692972772235,0.0
8,5212,5205,JAWLIA010003072.1_De,8,175,168,5043,5212,170,4,7,aata,5213,5216,aata,,,,,,,,,,,,,,tilleyi,SRX21394251,GCA_034782015.1,JAWLIA010003072.1_De_8_5212,JAWLIA010003072.1_De_8_5212,LTR,Gypsy,unknown,no,-,RH|Ty3_gypsy INT|Ty3_gypsy GAG|Ty3_gypsy PROT|Ty3_gypsy RT|Ty3_gypsy,True,6,5205,5205,0,17,1.0,1.0,1.0,0.9965070885555783,16.470238095238095,28.523529411764706,22.532544378698226,24.270186973494965,0.9284042353404863,-0.10717499067676946,22.532544378698226,24.355257731958762,0.925161401561816,-0.7742161630032289,input_data/ectopic_recombination/JAWLIA010003072.1_De_8_5212.fa.depth.txt,3a56db4c8c27d1153309899b2ff38a6f38765d1f7bdcfd69ca1d924337f60560,185289,usable,1.0,True,0.925161401561816,0.0
122,4978,4857,JAWLIA010003134.1_De,122,227,106,4870,4978,109,118,121,atgt,4979,4982,atgt,4860.0,4867.0,gggggaga,+,3.0,,,,,,,,,tilleyi,SRX21394251,GCA_034782015.1,JAWLIA010003134.1_De_122_4978,JAWLIA010003134.1_De_122_4978,LTR,Gypsy,unknown,yes,+,GAG|Ty3_gypsy PROT|Ty3_gypsy RT|Ty3_gypsy RH|Ty3_gypsy INT|Ty3_gypsy,True,6,4857,4857,0,0,1.0,1.0,1.0,1.0,13.566037735849056,5.495412844036697,9.474418604651163,16.679233089185697,0.5680368248342357,-0.8159436347284776,9.474418604651163,16.679233089185697,0.5680368248342357,1.230284986701736,input_data/ectopic_recombination/JAWLIA010003134.1_De_122_4978.fa.depth.txt,5411df4e43f247515782f73c56d4326ff5cdc160f5d74a30254223885c9ab922,182256,usable,1.0,True,0.5680368248342357,0.0
10,5127,5118,JAWLIA010003274.1_De,10,154,145,4980,5127,148,6,9,ttat,5128,5131,ttat,155.0,163.0,aaagaaagg,-,1.0,,,,,,,,,tilleyi,SRX21394251,GCA_034782015.1,JAWLIA010003274.1_De_10_5127,JAWLIA010003274.1_De_10_5127,LTR,Gypsy,unknown,no,+,RT|Ty3_gypsy RH|Ty3_gypsy INT|Ty3_gypsy GAG|Ty3_gypsy,True,5,5118,5118,0,0,1.0,1.0,1.0,1.0,18.806896551724137,10.952702702702704,14.839590443686006,56.4120207253886,0.2630572394476795,-1.9265513406840815,14.839590443686006,56.4120207253886,0.2630572394476795,0.7534281823033014,input_data/ectopic_recombination/JAWLIA010003274.1_De_10_5127.fa.depth.txt,d20835af1211fff821c4bea01cd436dff24c5e7f9d53589a7427d321e282fa34,188564,usable,1.0,True,0.2630572394476795,0.0
7,5069,5063,JAWLIA010003381.1_De,7,302,296,4785,5069,285,3,6,atgg,5070,5073,atgg,314.0,324.0,gagagaaggga,-,12.0,,,,,,,,,tilleyi,SRX21394251,GCA_034782015.1,JAWLIA010003381.1_De_7_5069,JAWLIA010003381.1_De_7_5069,LTR,Gypsy,unknown,yes,+,GAG|Ty3_gypsy PROT|Ty3_gypsy RT|Ty3_gypsy RH|Ty3_gypsy INT|Ty3_gypsy,True,6,5063,5063,0,0,1.0,1.0,1.0,1.0,19.94256756756757,33.77894736842105,26.729776247848537,51.86769299419902,0.5153453856302814,-0.9563884409945264,26.729776247848537,51.86769299419902,0.5153453856302814,-0.7457463993001847,input_data/ectopic_recombination/JAWLIA010003381.1_De_7_5069.fa.depth.txt,ebd75451a88fc6e097a073da8982ab461df2c218a889acc2d6e5fefce5b7db66,181024,usable,1.0,True,0.5153453856302814,0.0
8,4939,4932,JAWLIA010003703.1_De,8,231,224,4720,4939,220,4,7,tacc,4940,4943,tacc,,,,,,,,,,,,,,tilleyi,SRX21394251,GCA_034782015.1,JAWLIA010003703.1_De_8_4939,JAWLIA010003703.1_De_8_4939,LTR,Gypsy,unknown,no,+,INT|Ty3_gypsy GAG|Ty3_gypsy PROT|Ty3_gypsy RT|Ty3_gypsy RH|Ty3_gypsy,True,6,4932,4932,0,0,1.0,1.0,1.0,1.0,45.379464285714285,68.55909090909091,56.86486486486486,45.49197860962567,1.2499976172246068,0.3219253447901465,56.86486486486486,45.49197860962567,1.2499976172246068,-0.5899827970028151,input_data/ectopic_recombination/JAWLIA010003703.1_De_8_4939.fa.depth.txt,96ef018afff463d547fc9840ab0ee8a48924cf11e58d394c870961035055851a,176206,usable,1.0,True,1.2499976172246068,0.0
43,5971,5929,JASBQI010000404.1_De,43,912,870,5107,5971,865,39,42,tgta,5972,5975,tgta,,,,,,,,,,,,,,valentinei,SRX19953382,GCA_030264875.1,JASBQI010000404.1_De_43_5971,JASBQI010000404.1_De_43_5971,LTR,Gypsy,unknown,no,-,GAG|Ty3_gypsy RT|Ty3_gypsy RH|Ty3_gypsy INT|Ty3_gypsy,True,5,5929,5929,0,0,1.0,1.0,1.0,1.0,42.685057471264365,24.815028901734102,33.77579250720461,36.52694325226514,0.9246816048619146,-0.1129714061892837,33.77579250720461,36.52694325226514,0.9246816048619146,0.7705380782332116,input_data/ectopic_recombination/JASBQI010000404.1_De_43_5971.fa.depth.txt,bb95d3aee22483abefbc91ed5c9ee2225678902d2882dd11da0effce0ff3f56c,218090,usable,1.0,True,0.9246816048619146,0.0
7,5970,5964,JASBQI010000736.1_De,7,608,602,5369,5970,602,3,6,accg,5971,5974,accg,,,,,,,,,,,,,,valentinei,SRX19953382,GCA_030264875.1,JASBQI010000736.1_De_7_5970,JASBQI010000736.1_De_7_5970,LTR,Gypsy,unknown,no,-,GAG|Ty3_gypsy RT|Ty3_gypsy RH|Ty3_gypsy INT|Ty3_gypsy,True,5,5964,5964,0,0,1.0,1.0,1.0,1.0,13408.152823920265,6133.154485049834,9770.65365448505,7701.104411764706,1.2687340843683104,0.34338972452683436,9770.65365448505,7701.104411764706,1.2687340843683104,1.1283454904751835,input_data/ectopic_recombination/JASBQI010000736.1_De_7_5970.fa.depth.txt,85147bea30ceb7e2b69308941ed7b2dd8803022b058a0d87fad78c74f615cc91,226120,usable,1.0,True,1.2687340843683104,0.0
8,5544,5537,JASBQI010001512.1_De,8,278,271,5268,5544,277,4,7,ttag,5545,5548,ttag,5237.0,5248.0,gaaaggcagaaa,+,20.0,,,,,,,,,valentinei,SRX19953382,GCA_030264875.1,JASBQI010001512.1_De_8_5544,JASBQI010001512.1_De_8_5544,LTR,Gypsy,unknown,no,-,RH|Ty3_gypsy INT|Ty3_gypsy PROT|Ty3_gypsy RT|Ty3_gypsy,True,5,5537,5537,0,1,1.0,0.9963898916967509,0.9981751824817519,1.0,68.60516605166052,59.628158844765345,64.06751824817518,88.41771898175988,0.7246004419249039,-0.4647424092139194,64.18464351005484,88.41771898175988,0.7259251228059367,0.20075278215139877,input_data/ectopic_recombination/JASBQI010001512.1_De_8_5544.fa.depth.txt,05737edb6730526eaed73acf5bf97efabe59e79a1c3a3d83b7a01d7d33045910,200060,usable,1.0,True,0.7259251228059367,0.0
9,5820,5812,JASBQI010013018.1_De,9,400,392,5429,5820,392,5,8,cttg,5821,5824,cttg,,,,,,,,,,,,,,valentinei,SRX19953382,GCA_030264875.1,JASBQI010013018.1_De_9_5820,JASBQI010013018.1_De_9_5820,LTR,Gypsy,unknown,no,+,GAG|Ty3_gypsy RT|Ty3_gypsy RH|Ty3_gypsy INT|Ty3_gypsy,True,5,5812,5812,0,0,1.0,1.0,1.0,1.0,5694.339285714285,15508.359693877552,10601.349489795919,7967.04276054097,1.3306505071495407,0.4121316998662574,10601.349489795919,7967.04276054097,1.3306505071495407,-1.4453655812528834,input_data/ectopic_recombination/JASBQI010013018.1_De_9_5820.fa.depth.txt,d13d401a66188d945f6881c2ce63744fc18fd60424f8c2d5cb52a82ad28419d6,220585,usable,1.0,True,1.3306505071495407,0.0
15,5723,5709,JASBQI010016009.1_De,15,1000,986,4729,5723,995,11,14,tgga,5724,5727,tgga,,,,,,,,,,,,,,valentinei,SRX19953382,GCA_030264875.1,JASBQI010016009.1_De_15_5723,JASBQI010016009.1_De_15_5723,LTR,Gypsy,unknown,no,-,RT|Ty3_gypsy RH|Ty3_gypsy INT|Ty3_gypsy GAG|Ty3_gypsy PROT|Ty3_gypsy,True,6,5709,5709,0,0,1.0,1.0,1.0,1.0,58.79006085192698,31.387939698492463,45.02675416456335,26.157457081545065,1.721373527411087,0.7835601872513887,45.02675416456335,26.157457081545065,1.721373527411087,0.8947793903362289,input_data/ectopic_recombination/JASBQI010016009.1_De_15_5723.fa.depth.txt,715ff321288b288df94217b386c4de5746cbcb6af66281bfb5982f23064f584b,209901,usable,1.0,True,1.721373527411087,0.0
12,5773,5762,JASBQI010016120.1_De,12,301,290,5482,5773,292,8,11,ccgc,5774,5777,ccgc,,,,,,,,,,,,,,valentinei,SRX19953382,GCA_030264875.1,JASBQI010016120.1_De_12_5773,JASBQI010016120.1_De_12_5773,LTR,Gypsy,unknown,no,-,GAG|Ty3_gypsy RT|Ty3_gypsy RH|Ty3_gypsy INT|Ty3_gypsy,True,5,5762,5762,0,0,1.0,1.0,1.0,1.0,11828.831034482759,10518.982876712329,11171.656357388316,6551.556177606178,1.7051912636533693,0.769933568955276,11171.656357388316,6551.556177606178,1.7051912636533693,0.16930470405285045,input_data/ectopic_recombination/JASBQI010016120.1_De_12_5773.fa.depth.txt,bba9720f8a2519939483ab4c156d25c5a8d420f459b95ae98913b0537b1c6d69,224432,usable,1.0,True,1.7051912636533693,0.0
19,5772,5754,JASBQI010016340.1_De,19,545,527,5234,5772,539,15,18,gttc,5773,5776,gttc,5223.0,5232.0,ggaggggaaa,+,2.0,,,,,,,,,valentinei,SRX19953382,GCA_030264875.1,JASBQI010016340.1_De_19_5772,JASBQI010016340.1_De_19_5772,LTR,Gypsy,unknown,no,-,GAG|Ty3_gypsy RT|Ty3_gypsy RH|Ty3_gypsy INT|Ty3_gypsy,True,5,5754,5754,0,0,1.0,1.0,1.0,1.0,74.47817836812145,43.567717996289424,58.848968105065666,116.87542662116041,0.503518744755632,-0.9898826076928091,58.848968105065666,116.87542662116041,0.503518744755632,0.7667485850663159,input_data/ectopic_recombination/JASBQI010016340.1_De_19_5772.fa.depth.txt,559183f9d002b254c11f954bac9910f2018010e80121733527c9e6dff27019b8,214702,usable,1.0,True,0.503518744755632,0.0
306,5749,5444,JASBQI010018445.1_De,306,563,258,5475,5749,275,302,305,gtta,5750,5753,gtta,,,,,,,,,,,,,,valentinei,SRX19953382,GCA_030264875.1,JASBQI010018445.1_De_306_5749,JASBQI010018445.1_De_306_5749,LTR,Gypsy,unknown,yes,+,GAG|Ty3_gypsy PROT|Ty3_gypsy RT|Ty3_gypsy RH|Ty3_gypsy INT|Ty3_gypsy,True,6,5444,5444,0,0,1.0,1.0,1.0,1.0,21.511627906976745,30.752727272727274,26.27954971857411,43.221950722867035,0.6080139669556985,-0.717823630056852,26.27954971857411,43.221950722867035,0.6080139669556985,-0.5057162460974765,input_data/ectopic_recombination/JASBQI010018445.1_De_306_5749.fa.depth.txt,74744f212284971dc59a0fbc984189260acaebde0051cfd588e55c9395a4b8ed,205907,usable,1.0,True,0.6080139669556985,0.0
9,5370,5362,JASBQI010020989.1_De,9,282,274,5090,5370,281,5,8,ggtg,5371,5374,ggtg,,,,,,,,,,,,,,valentinei,SRX19953382,GCA_030264875.1,JASBQI010020989.1_De_9_5370,JASBQI010020989.1_De_9_5370,LTR,Gypsy,unknown,no,+,PROT|Ty3_gypsy RT|Ty3_gypsy RH|Ty3_gypsy INT|Ty3_gypsy,True,5,5362,5362,0,0,1.0,1.0,1.0,1.0,6.248175182481752,9.09608540925267,7.69009009009009,27.557312252964426,0.27905805978095133,-1.8413627798444183,7.69009009009009,27.557312252964426,0.27905805978095133,-0.5079485718459649,input_data/ectopic_recombination/JASBQI010020989.1_De_9_5370.fa.depth.txt,9320a758bd196a8ed4a44c3389e9cbf016de97d6d0ba761e8a6832cb0caba0ec,191543,usable,1.0,True,0.2790580597809513,5.551115123125783e-17
49,5697,5649,JASBQI010025086.1_De,49,163,115,5584,5697,114,45,48,tagc,5698,5701,tagc,5553.0,5560.0,ggggaggg,+,24.0,,,,,,,,,valentinei,SRX19953382,GCA_030264875.1,JASBQI010025086.1_De_49_5697,JASBQI010025086.1_De_49_5697,LTR,Gypsy,unknown,yes,+,GAG|Ty3_gypsy PROT|Ty3_gypsy RT|Ty3_gypsy RH|Ty3_gypsy INT|Ty3_gypsy,True,6,5649,5649,0,0,1.0,1.0,1.0,1.0,36.65217391304348,32.99122807017544,34.8296943231441,63.8,0.5459199737169922,-0.8732386125762551,34.8296943231441,63.8,0.5459199737169922,0.14966335237993034,input_data/ectopic_recombination/JASBQI010025086.1_De_49_5697.fa.depth.txt,a3133683194bc042bf16ba7f64336ee4e27780a39dcb6d578c0cdf554c7ce677,208624,usable,1.0,True,0.5459199737169922,0.0
17,5518,5502,JASBQI010043902.1_De,17,469,453,5070,5518,449,13,16,gtca,5519,5522,gtca,,,,,,,,,,,,,,valentinei,SRX19953382,GCA_030264875.1,JASBQI010043902.1_De_17_5518,JASBQI010043902.1_De_17_5518,LTR,Gypsy,unknown,no,+,RH|Ty3_gypsy INT|Ty3_gypsy GAG|Ty3_gypsy RT|Ty3_gypsy,True,5,5502,5502,0,0,1.0,1.0,1.0,1.0,26.483443708609272,36.628062360801785,31.533259423503328,52.999347826086954,0.5949744801950612,-0.7491003056022553,31.533259423503328,52.999347826086954,0.5949744801950612,-0.46043554465706005,input_data/ectopic_recombination/JASBQI010043902.1_De_17_5518.fa.depth.txt,e7b4365ab4ebd1b6353d83a20321674a033555ea46e361bd72c2d04e36c93869,202666,usable,1.0,True,0.5949744801950612,0.0
18,5459,5442,JASBQI010050997.1_De,18,455,438,5024,5459,436,14,17,gata,5460,5463,gata,,,,,,,,,,,,,,valentinei,SRX19953382,GCA_030264875.1,JASBQI010050997.1_De_18_5459,JASBQI010050997.1_De_18_5459,LTR,Gypsy,unknown,no,-,RT|Ty3_gypsy RH|Ty3_gypsy INT|Ty3_gypsy GAG|Ty3_gypsy,True,5,5442,5442,0,30,1.0,0.9311926605504587,0.965675057208238,1.0,39.454337899543376,38.137614678899084,38.797482837528605,82.51379159369527,0.4701939165342276,-1.0886722216613742,40.176540284360186,82.51379159369527,0.48690697043947256,0.04834611601797664,input_data/ectopic_recombination/JASBQI010050997.1_De_18_5459.fa.depth.txt,b008aaada057a69e8a7cba3e79a5a7d82ae6517a4e02fac288016c5a8028b128,201218,usable,1.0,True,0.4869069704394725,5.551115123125783e-17
8,5624,5617,JASBQI010057630.1_De,8,127,120,5494,5624,131,4,7,ttct,5625,5628,ttct,,,,,,,,,,,,,,valentinei,SRX19953382,GCA_030264875.1,JASBQI010057630.1_De_8_5624,JASBQI010057630.1_De_8_5624,LTR,Gypsy,unknown,no,+,GAG|Ty3_gypsy RT|Ty3_gypsy RH|Ty3_gypsy INT|Ty3_gypsy,True,5,5617,5617,0,0,1.0,1.0,1.0,1.0,1060.9416666666666,2542.709923664122,1834.2948207171314,6849.260715616847,0.26780916902970225,-1.9007227395752808,1834.2948207171314,6849.260715616847,0.26780916902970225,-1.2606254633685712,input_data/ectopic_recombination/JASBQI010057630.1_De_8_5624.fa.depth.txt,b2a55aa601c09dfeaf141e9a5e2891901f57e947830904db1e2f0f201bc72e77,212405,usable,1.0,True,0.2678091690297022,5.551115123125783e-17
18,5408,5391,JASBQI010059067.1_De,18,384,367,5029,5408,380,14,17,gata,5409,5412,gata,,,,,,,,,,,,,,valentinei,SRX19953382,GCA_030264875.1,JASBQI010059067.1_De_18_5408,JASBQI010059067.1_De_18_5408,LTR,Gypsy,unknown,no,-,RH|Ty3_gypsy INT|Ty3_gypsy GAG|Ty3_gypsy PROT|Bel-Pao RT|Ty3_gypsy,True,6,5391,5391,0,4,0.989100817438692,1.0,0.9946452476572959,1.0,35.37057220708447,29.473684210526315,32.370816599732265,34.429586563307495,0.940203465418045,-0.08895509683580821,32.54508748317631,34.429586563307495,0.9452651260663251,0.259104335961729,input_data/ectopic_recombination/JASBQI010059067.1_De_18_5408.fa.depth.txt,43710b7ff9fe3dad1db397acd44700138976f892700581c94ff71210d20cd4e9,198368,usable,1.0,True,0.9452651260663252,1.1102230246251565e-16
17,5294,5278,JASBQI010063057.1_De,17,259,243,5045,5294,250,13,16,agga,5295,5298,agga,5057.0,5072.0,aggagaagaacaaaca,+,27.0,,,,,,,,,valentinei,SRX19953382,GCA_030264875.1,JASBQI010063057.1_De_17_5294,JASBQI010063057.1_De_17_5294,LTR,Gypsy,unknown,no,+,RT|Ty3_gypsy RH|Ty3_gypsy INT|Ty3_gypsy GAG|Ty3_gypsy,True,5,5278,5278,0,0,1.0,1.0,1.0,1.0,51.547325102880656,62.876,57.2920892494929,63.12560083594566,0.9075888148516287,-0.1398892655790968,57.2920892494929,63.12560083594566,0.9075888148516287,-0.28411258615368035,input_data/ectopic_recombination/JASBQI010063057.1_De_17_5294.fa.depth.txt,b77bf18163bd8605bbc77967a3b9d831d348d05bc30f629c982e0385eb05a929,194496,usable,1.0,True,0.9075888148516288,1.1102230246251565e-16
6,5362,5357,JASBQI010065048.1_De,6,180,175,5186,5362,177,2,5,aagg,5363,5366,aagg,,,,,,,,,,,,,,valentinei,SRX19953382,GCA_030264875.1,JASBQI010065048.1_De_6_5362,JASBQI010065048.1_De_6_5362,LTR,Gypsy,unknown,no,+,RH|Ty3_gypsy INT|Ty3_gypsy GAG|Ty3_gypsy RT|Ty3_gypsy,True,5,5357,5357,0,0,1.0,1.0,1.0,1.0,58.285714285714285,39.08474576271186,48.63068181818182,130.04855144855145,0.3739425105201623,-1.4191116059580624,48.63068181818182,130.04855144855145,0.3739425105201623,0.5705210179256697,input_data/ectopic_recombination/JASBQI010065048.1_De_6_5362.fa.depth.txt,d20fc3f33b1f0875f7f9e2d7069edb8721c031fd0fb8f5b3974bf58ddb13998f,194023,usable,1.0,True,0.3739425105201623,0.0
418,5685,5268,JASBQI010077563.1_De,418,736,319,5381,5685,305,414,417,atgg,5686,5689,atgg,733.0,745.0,ggaaggagggggg,-,3.0,,,,,,,,,valentinei,SRX19953382,GCA_030264875.1,JASBQI010077563.1_De_418_5685,JASBQI010077563.1_De_418_5685,LTR,Gypsy,unknown,yes,+,GAG|Ty3_gypsy PROT|Ty3_gypsy RT|Ty3_gypsy RH|Ty3_gypsy INT|Ty3_gypsy,True,6,5268,5268,0,0,1.0,1.0,1.0,1.0,193.36050156739813,168.40327868852458,181.16185897435898,249.40740740740742,0.7263691999268922,-0.4612250652414701,181.16185897435898,249.40740740740742,0.7263691999268922,0.19882155558980988,input_data/ectopic_recombination/JASBQI010077563.1_De_418_5685.fa.depth.txt,55190368c1083f1dfe6463c7cd2049be5902957045710828def264c839e652d7,204250,usable,1.0,True,0.7263691999268922,0.0
1536,6723,5188,JASBQI010096389.1_De,1536,1787,252,6474,6723,250,1532,1535,tgaa,6724,6727,tgaa,6443.0,6457.0,gggaaaggaaggaga,+,17.0,,,,,,,,,valentinei,SRX19953382,GCA_030264875.1,JASBQI010096389.1_De_1536_6723,JASBQI010096389.1_De_1536_6723,LTR,Gypsy,unknown,no,+,PROT|Ty3_gypsy RT|Ty3_gypsy RH|Ty3_gypsy INT|Ty3_gypsy GAG|Ty3_gypsy,True,6,5188,5188,0,0,1.0,1.0,1.0,1.0,47.09126984126984,27.272,37.221115537848604,71.5631668800683,0.5201155449174986,-0.9430959378602929,37.221115537848604,71.5631668800683,0.5201155449174986,0.77706587278355,input_data/ectopic_recombination/JASBQI010096389.1_De_1536_6723.fa.depth.txt,730ba167148ac7b58d4fd0f871af80ee87eb51b03ed078da3108fa784e08f631,202250,usable,1.0,True,0.5201155449174986,0.0
8,7051,7044,JASBQI010103033.1_De,8,795,788,6266,7051,786,4,7,gcat,7052,7055,gcat,,,,,,,,,,,,,,valentinei,SRX19953382,GCA_030264875.1,JASBQI010103033.1_De_8_7051,JASBQI010103033.1_De_8_7051,LTR,Gypsy,unknown,yes,-,GAG|Ty3_gypsy PROT|Ty3_gypsy RT|Ty3_gypsy RH|Ty3_gypsy INT|Ty3_gypsy,True,6,7044,7044,0,0,1.0,1.0,1.0,1.0,50.06218274111675,33.67557251908397,41.87928843710292,65.68043875685558,0.6376219347763059,-0.6492268346796151,41.87928843710292,65.68043875685558,0.6376219347763059,0.5650932387177078,input_data/ectopic_recombination/JASBQI010103033.1_De_8_7051.fa.depth.txt,3fd5b170d43c028aebd605c3f68757988cae95f15e8ba6133103685502daaa20,252940,usable,1.0,True,0.6376219347763059,0.0
2266,7977,5712,JASBQI010104139.1_De,2266,2531,266,7727,7977,251,2262,2265,ccag,7978,7981,ccag,,,,,,,,,,,,,,valentinei,SRX19953382,GCA_030264875.1,JASBQI010104139.1_De_2266_7977,JASBQI010104139.1_De_2266_7977,LTR,Gypsy,unknown,no,+,GAG|Ty3_gypsy RT|Ty3_gypsy RH|Ty3_gypsy INT|Ty3_gypsy,True,5,5712,5712,0,0,1.0,1.0,1.0,1.0,1192.687969924812,126.86454183266932,675.2379110251451,1933.2769971126083,0.34927116602205877,-1.5175805485016196,675.2379110251451,1933.2769971126083,0.34927116602205877,3.227785743501785,input_data/ectopic_recombination/JASBQI010104139.1_De_2266_7977.fa.depth.txt,c8766c5ed9e116b9eda749331d098dc8b35a1d3f26605b2a24abd6fe572323ad,230141,usable,1.0,True,0.3492711660220587,5.551115123125783e-17
1103,7482,6380,JASBQI010121874.1_De,1103,1568,466,7016,7482,467,1099,1102,gatt,7483,7486,gatt,,,,,,,,,,,,,,valentinei,SRX19953382,GCA_030264875.1,JASBQI010121874.1_De_1103_7482,JASBQI010121874.1_De_1103_7482,LTR,Gypsy,unknown,yes,-,GAG|Ty3_gypsy PROT|Bel-Pao RT|Ty3_gypsy RH|Ty3_gypsy INT|Ty3_gypsy,True,6,6380,6380,0,0,1.0,1.0,1.0,1.0,20.957081545064376,38.773019271948606,29.874598070739548,40.617404075637964,0.7355122453199348,-0.4431787342158456,29.874598070739548,40.617404075637964,0.7355122453199348,-0.8720846519853604,input_data/ectopic_recombination/JASBQI010121874.1_De_1103_7482.fa.depth.txt,e91e27b410689bebdd84ceb8dbdf9c6db6e08c9d573902696934f6fdcbb3cef7,247804,usable,1.0,True,0.7355122453199348,0.0
471,6211,5741,JASBQI010153991.1_De,471,860,390,5826,6211,386,467,470,cctg,6212,6215,cctg,,,,,,,,,,,,,,valentinei,SRX19953382,GCA_030264875.1,JASBQI010153991.1_De_471_6211,JASBQI010153991.1_De_471_6211,LTR,Gypsy,unknown,yes,+,GAG|Ty3_gypsy PROT|Ty3_gypsy RT|Ty3_gypsy RH|Ty3_gypsy INT|Ty3_gypsy,True,6,5741,5741,0,0,1.0,1.0,1.0,1.0,42.212820512820514,50.715025906735754,46.44201030927835,85.76858006042296,0.5414804614529062,-0.8850188136992947,46.44201030927835,85.76858006042296,0.5414804614529062,-0.2618979741255881,input_data/ectopic_recombination/JASBQI010153991.1_De_471_6211.fa.depth.txt,9f8d1c8d33abd41a205062f3207973a5ba3d86dff1548c931fe4284d1cfad0b0,218637,usable,1.0,True,0.5414804614529062,0.0
605,7540,6936,JASBQI010200522.1_De,605,1402,798,6775,7540,766,601,604,ttga,7541,7544,ttga,,,,,,,,,,,,,,valentinei,SRX19953382,GCA_030264875.1,JASBQI010200522.1_De_605_7540,JASBQI010200522.1_De_605_7540,LTR,Gypsy,unknown,no,+,INT|Ty3_gypsy PROT|Ty3_gypsy RT|Ty3_gypsy RH|Ty3_gypsy,True,5,6936,6936,0,0,1.0,1.0,1.0,1.0,29.793233082706767,39.27284595300261,34.43606138107417,58.85927029039464,0.5850575654638018,-0.7733495123737363,34.43606138107417,58.85927029039464,0.5850575654638018,-0.39278823837459964,input_data/ectopic_recombination/JASBQI010200522.1_De_605_7540.fa.depth.txt,17bc7d6dcc7b6bf6e45f2a4b3c472c3a754c4acf61a4d886b0a8b1727c9800bc,262730,usable,1.0,True,0.5850575654638018,0.0
576,6598,6023,JASBQI010209381.1_De,576,1414,839,5757,6598,842,571,575,ggcag,6599,6603,ggcag,,,,,,,,,,,,,,valentinei,SRX19953382,GCA_030264875.1,JASBQI010209381.1_De_576_6598,JASBQI010209381.1_De_576_6598,LTR,Gypsy,unknown,yes,-,GAG|Ty3_gypsy PROT|Ty3_gypsy RT|Ty3_gypsy RH|Ty3_gypsy INT|Ty3_gypsy,True,6,6023,6023,0,1,0.99880810488677,1.0,0.9994051160023796,1.0,210.70917759237187,168.0083135391924,189.32064247471743,468.0278673422386,0.40450720071392554,-1.3057627102993348,189.43333333333334,468.0278673422386,0.4047479788095886,0.32585275486228443,input_data/ectopic_recombination/JASBQI010209381.1_De_576_6598.fa.depth.txt,b05a5bd0085da8f37da3baa37f87f98e1fe7832dcec18767357f4d4750188948,232946,usable,1.0,True,0.4047479788095886,0.0
1389,7017,5629,JASBQI010224892.1_De,1389,1597,209,6799,7017,219,1385,1388,agta,7018,7021,agta,,,,,,,,,,,,,,valentinei,SRX19953382,GCA_030264875.1,JASBQI010224892.1_De_1389_7017,JASBQI010224892.1_De_1389_7017,LTR,Gypsy,unknown,no,-,GAG|Ty3_gypsy RT|Ty3_gypsy RH|Ty3_gypsy INT|Ty3_gypsy,True,5,5629,5629,0,0,1.0,1.0,1.0,1.0,289.02392344497605,3428.945205479452,1895.6658878504672,5704.67121707364,0.33230063849725217,-1.589439029796225,1895.6658878504672,5704.67121707364,0.33230063849725217,-3.5662207363989804,input_data/ectopic_recombination/JASBQI010224892.1_De_1389_7017.fa.depth.txt,0b17d6c0739150371cdf7ddb9a38841b2c422d025a4e7d4366e9e0f4696e28d3,229706,usable,1.0,True,0.3323006384972521,5.551115123125783e-17
2469,8584,6116,JASBQI010232650.1_De,2469,3169,701,7873,8584,712,2465,2468,actt,8585,8588,actt,,,,,,,,,,,,,,valentinei,SRX19953382,GCA_030264875.1,JASBQI010232650.1_De_2469_8584,JASBQI010232650.1_De_2469_8584,LTR,Gypsy,unknown,no,+,PROT|Ty3_gypsy RT|Ty3_gypsy RH|Ty3_gypsy INT|Ty3_gypsy GAG|Ty3_gypsy,True,6,6116,6116,0,0,1.0,1.0,1.0,1.0,163.15263908701854,39.34129213483146,100.76503892427459,173.44269615139274,0.5809702060692133,-0.7834639151789693,100.76503892427459,173.44269615139274,0.5809702060692133,2.0383005248500083,input_data/ectopic_recombination/JASBQI010232650.1_De_2469_8584.fa.depth.txt,56be9cb873c6d7ef716fa25095a7781279c1eccc08e6051043777815f6906766,241403,usable,1.0,True,0.5809702060692133,0.0
65,4227,4163,JASBQI010256262.1_De,65,302,238,3991,4227,237,61,64,ggaa,4228,4231,ggaa,305.0,315.0,aagaaaggaaa,-,3.0,,,,,,,,,valentinei,SRX19953382,GCA_030264875.1,JASBQI010256262.1_De_65_4227,JASBQI010256262.1_De_65_4227,LTR,Gypsy,unknown,no,+,PROT|Ty3_gypsy RT|Ty3_gypsy RH|Ty3_gypsy INT|Ty3_gypsy,True,5,4163,4163,0,0,1.0,1.0,1.0,1.0,9.655462184873949,5.649789029535865,7.656842105263158,22.20065075921909,0.34489268753005187,-1.5357805540154381,7.656842105263158,22.20065075921909,0.34489268753005187,0.7236470752680394,input_data/ectopic_recombination/JASBQI010256262.1_De_65_4227.fa.depth.txt,fde381e247bda9c2d7f968570b9a2d0ba2c08d08bd85dfa5090f6ea7510c7a7b,152004,usable,1.0,True,0.3448926875300518,5.551115123125783e-17
1645,7570,5926,JASBQI010276977.1_De,1645,2126,482,7097,7570,474,1641,1644,gcag,7571,7574,gcag,,,,,,,,,,,,,,valentinei,SRX19953382,GCA_030264875.1,JASBQI010276977.1_De_1645_7570,JASBQI010276977.1_De_1645_7570,LTR,Gypsy,unknown,no,+,GAG|Ty3_gypsy RT|Ty3_gypsy RH|Ty3_gypsy INT|Ty3_gypsy,True,5,5926,5926,0,0,1.0,1.0,1.0,1.0,3802.948132780083,2852.7679324894516,3331.833682008368,1426.217907444668,2.336132273067558,1.2241219627008355,3331.833682008368,1426.217907444668,2.336132273067558,0.41469270358339505,input_data/ectopic_recombination/JASBQI010276977.1_De_1645_7570.fa.depth.txt,16b9c10ca53fade3c36d268b265e5147dcbce61e9f816f0e87d954e02460f1dc,238406,usable,1.0,True,2.336132273067558,0.0
961,7031,6071,JASBQI010301351.1_De,961,1719,759,6268,7031,764,957,960,aggt,7032,7035,aggt,6237.0,6244.0,agaggagg,+,24.0,,,,,,,,,valentinei,SRX19953382,GCA_030264875.1,JASBQI010301351.1_De_961_7031,JASBQI010301351.1_De_961_7031,LTR,Gypsy,unknown,yes,-,GAG|Ty3_gypsy PROT|Ty3_gypsy RT|Ty3_gypsy RH|Ty3_gypsy INT|Ty3_gypsy,True,6,6071,6071,0,0,1.0,1.0,1.0,1.0,38.69828722002635,30.793193717277486,34.732764281024295,85.2401055408971,0.4074697474929798,-1.2952351441621126,34.732764281024295,85.2401055408971,0.4074697474929798,0.32494171225739577,input_data/ectopic_recombination/JASBQI010301351.1_De_961_7031.fa.depth.txt,105424dbc6576fceac79ad093293efc57472b446a5701ca160af1877e11532b8,230282,usable,1.0,True,0.4074697474929798,0.0
249,5856,5608,JASBQI010332366.1_De,249,829,581,5281,5856,576,245,248,ttat,5857,5860,ttat,830.0,838.0,gagagggga,-,1.0,,,,,,,,,valentinei,SRX19953382,GCA_030264875.1,JASBQI010332366.1_De_249_5856,JASBQI010332366.1_De_249_5856,LTR,Gypsy,unknown,no,+,GAG|Ty3_gypsy RT|Ty3_gypsy RH|Ty3_gypsy INT|Ty3_gypsy,True,5,5608,5608,0,0,1.0,1.0,1.0,1.0,21.874354561101548,28.786458333333332,25.315471045808124,49.9413614917996,0.5069039026892557,-0.9802158235053253,25.315471045808124,49.9413614917996,0.5069039026892557,-0.38838767075891034,input_data/ectopic_recombination/JASBQI010332366.1_De_249_5856.fa.depth.txt,d2ecd2e47c6d2df3bd6ad02a18d7189c79cc33c752211f3d8cea8997a101162e,212168,usable,1.0,True,0.5069039026892557,0.0
278,6009,5732,JASBQI010352308.1_De,278,712,435,5569,6009,441,274,277,ttat,6010,6013,ttat,,,,,,,,,,,,,,valentinei,SRX19953382,GCA_030264875.1,JASBQI010352308.1_De_278_6009,JASBQI010352308.1_De_278_6009,LTR,Gypsy,unknown,no,+,INT|Ty3_gypsy GAG|Ty3_gypsy RT|Ty3_gypsy RH|Ty3_gypsy,True,5,5732,5732,0,0,1.0,1.0,1.0,1.0,61.698850574712644,69.57142857142857,65.662100456621,144.9932042833608,0.45286329646386253,-1.1428524779001556,65.662100456621,144.9932042833608,0.45286329646386253,-0.1719383894567246,input_data/ectopic_recombination/JASBQI010352308.1_De_278_6009.fa.depth.txt,37af1820ec0b4a73b6b8d2c7212721bbb30aee5cf7ef2a84002ec2d19cf06def,219799,usable,1.0,True,0.4528632964638625,5.551115123125783e-17
4534,10557,6024,JASBQI010376703.1_De,4534,5100,567,10017,10557,541,4530,4533,caat,10558,10561,caat,,,,,,,,,,,,,,valentinei,SRX19953382,GCA_030264875.1,JASBQI010376703.1_De_4534_10557,JASBQI010376703.1_De_4534_10557,LTR,Gypsy,unknown,no,-,GAG|Ty3_gypsy RT|Ty3_gypsy RH|Ty3_gypsy INT|Ty3_gypsy,True,5,6024,6024,0,0,1.0,1.0,1.0,1.0,1363.5449735449736,18817.508317929758,9885.741877256318,3689.0642799023594,2.679742375624306,1.422094309908953,9885.741877256318,3689.0642799023594,2.679742375624306,-3.7861508255713066,input_data/ectopic_recombination/JASBQI010376703.1_De_4534_10557.fa.depth.txt,8a8181a823e2422958973be5a71a3038a940e8766f34711a2beb6ec9590c273c,250419,usable,1.0,True,2.679742375624306,0.0
685,6768,6084,JASBQI010378918.1_De,685,999,315,6461,6768,308,681,684,gaac,6769,6772,gaac,,,,,,,,,,,,,,valentinei,SRX19953382,GCA_030264875.1,JASBQI010378918.1_De_685_6768,JASBQI010378918.1_De_685_6768,LTR,Gypsy,unknown,no,-,PROT|Ty3_gypsy RT|Ty3_gypsy RH|Ty3_gypsy GAG|Ty3_gypsy,True,5,6084,6084,0,0,1.0,1.0,1.0,1.0,34.095238095238095,13.181818181818182,23.75601926163724,42.27797106757004,0.5619006461703091,-0.8316130355246241,23.75601926163724,42.27797106757004,0.5619006461703091,1.3383135067316763,input_data/ectopic_recombination/JASBQI010378918.1_De_685_6768.fa.depth.txt,bf927d418149a8d3f2cd288caf1978d47c0016c7fe991eb895ab1dc40dc01292,230069,usable,1.0,True,0.5619006461703091,0.0
1331,6855,5525,JASBQI010412182.1_De,1331,2053,723,6150,6855,706,1327,1330,aagg,6856,6859,aagg,2030.0,2045.0,gaaggggtaaagaaga,-,23.0,,,,,,,,,valentinei,SRX19953382,GCA_030264875.1,JASBQI010412182.1_De_1331_6855,JASBQI010412182.1_De_1331_6855,LTR,Gypsy,unknown,no,+,INT|Ty3_gypsy GAG|Ty3_gypsy PROT|Bel-Pao RT|Ty3_gypsy RH|Ty3_gypsy,True,6,5525,5525,0,0,1.0,1.0,1.0,1.0,33.43015214384509,21.270538243626063,27.422673198040588,52.063232421875,0.5267186058643301,-0.9248956725815575,27.422673198040588,52.063232421875,0.5267186058643301,0.6401908227327086,input_data/ectopic_recombination/JASBQI010412182.1_De_1331_6855.fa.depth.txt,0c1a8eea56731424e11fc0f75e59a5fbfdd377c4537e37561f69fff4046a84e6,214391,usable,1.0,True,0.5267186058643301,0.0
22,5866,5845,JASBQI010427697.1_De,22,305,284,5560,5866,307,18,21,gtag,5867,5870,gtag,,,,,,,,,,,,,,valentinei,SRX19953382,GCA_030264875.1,JASBQI010427697.1_De_22_5866,JASBQI010427697.1_De_22_5866,LTR,Gypsy,unknown,no,-,GAG|Ty3_gypsy RT|Ty3_gypsy RH|Ty3_gypsy INT|Ty3_gypsy,True,5,5845,5845,0,3,1.0,0.990228013029316,0.9949238578680203,1.0,34.08450704225352,38.22149837133551,36.233502538071065,74.37057480015227,0.48720213115788474,-1.0374076508791863,36.41836734693877,74.37057480015227,0.4896878563168535,-0.16300888757448134,input_data/ectopic_recombination/JASBQI010427697.1_De_22_5866.fa.depth.txt,dc1f662813ae6bbb339de5188e1a223ca01311bbd9b5d20389be2eca84315846,215965,usable,1.0,True,0.4896878563168535,0.0
7,6476,6470,JASBQI010428805.1_De,7,1000,994,5477,6476,1000,3,6,tcta,6477,6480,tcta,,,,,,,,,,,,,,valentinei,SRX19953382,GCA_030264875.1,JASBQI010428805.1_De_7_6476,JASBQI010428805.1_De_7_6476,LTR,Gypsy,unknown,no,-,GAG|Ty3_gypsy RT|Ty3_gypsy RH|Ty3_gypsy INT|Ty3_gypsy,True,5,6470,6470,0,0,1.0,1.0,1.0,1.0,864.1307847082495,4192.852,2533.4994984954865,2083.6510277033067,1.2158943435398695,0.282017869674867,2533.4994984954865,2083.6510277033067,1.2158943435398695,-2.277947829908783,input_data/ectopic_recombination/JASBQI010428805.1_De_7_6476.fa.depth.txt,1c4ba273e42f92ed9e70e87366f2329092a30a232e2cff1e6020c4b7548f5015,240687,usable,1.0,True,1.2158943435398697,2.220446049250313e-16
11,5742,5732,JASBQI010445437.1_De,11,915,905,4851,5742,892,7,10,tcgt,5743,5746,tcgt,,,,,,,,,,,,,,valentinei,SRX19953382,GCA_030264875.1,JASBQI010445437.1_De_11_5742,JASBQI010445437.1_De_11_5742,LTR,Gypsy,unknown,no,-,PROT|Ty3_gypsy RT|Ty3_gypsy RH|Ty3_gypsy INT|Ty3_gypsy GAG|Ty3_gypsy,True,6,5732,5732,0,0,1.0,1.0,1.0,1.0,412.18342541436465,372.16255605381167,392.3177518085698,556.407878017789,0.7050902176407124,-0.5041202299778996,392.3177518085698,556.407878017789,0.7050902176407124,0.14716562766525154,input_data/ectopic_recombination/JASBQI010445437.1_De_11_5742.fa.depth.txt,55513619af4680fd763eea849a9e36ae6e1c02e500fcd5e28f7777d328b8ae73,216859,usable,1.0,True,0.7050902176407124,0.0
879,6668,5790,JASBQI010454307.1_De,879,1084,206,6479,6668,190,875,878,tgtt,6669,6672,tgtt,1087.0,1097.0,aagagaagggg,-,3.0,,,,,,,,,valentinei,SRX19953382,GCA_030264875.1,JASBQI010454307.1_De_879_6668,JASBQI010454307.1_De_879_6668,LTR,Gypsy,unknown,yes,+,GAG|Ty3_gypsy PROT|Ty3_gypsy RT|Ty3_gypsy RH|Ty3_gypsy INT|Ty3_gypsy,True,6,5790,5790,0,0,1.0,1.0,1.0,1.0,49.689320388349515,20.28421052631579,35.58080808080808,68.08527994067482,0.5225917865331674,-0.9362436445902891,35.58080808080808,68.08527994067482,0.5225917865331674,1.2718924615097742,input_data/ectopic_recombination/JASBQI010454307.1_De_879_6668.fa.depth.txt,8f280090fad4f774a03b09a105d25b6daaf4228920fe909ddfa651f1ef20d770,219611,usable,1.0,True,0.5225917865331674,0.0
1379,6738,5360,JASBQI010466498.1_De,1379,1631,253,6485,6738,254,1375,1378,aaaa,6739,6742,aaaa,1629.0,1636.0,gaggaaaa,-,2.0,,,,,,,,,valentinei,SRX19953382,GCA_030264875.1,JASBQI010466498.1_De_1379_6738,JASBQI010466498.1_De_1379_6738,LTR,Gypsy,unknown,no,-,GAG|Ty3_gypsy RT|Ty3_gypsy RH|Ty3_gypsy INT|Ty3_gypsy,True,5,5360,5360,0,0,1.0,1.0,1.0,1.0,45.201581027667984,122.39763779527559,83.87573964497041,54.46342468576138,1.540037926900664,0.6229658809706539,83.87573964497041,54.46342468576138,1.540037926900664,-1.4271412053527714,input_data/ectopic_recombination/JASBQI010466498.1_De_1379_6738.fa.depth.txt,3eaf3df449258254ff2aa0d708610c419f1046ba465b9a63e580974280ee80c0,208229,usable,1.0,True,1.540037926900664,0.0
26,6127,6102,JASBQI010484237.1_De,26,1000,975,5131,6127,997,22,25,ggaa,6128,6131,ggaa,,,,,,,,,,,,,,valentinei,SRX19953382,GCA_030264875.1,JASBQI010484237.1_De_26_6127,JASBQI010484237.1_De_26_6127,LTR,Gypsy,unknown,no,+,RH|Ty3_gypsy INT|Ty3_gypsy GAG|Ty3_gypsy RT|Ty3_gypsy,True,5,6102,6102,0,0,1.0,1.0,1.0,1.0,23.503589743589743,49.45737211634905,36.62525354969574,78.86755447941889,0.4643893650747519,-1.1065931612919748,36.62525354969574,78.86755447941889,0.4643893650747519,-1.057447412130253,input_data/ectopic_recombination/JASBQI010484237.1_De_26_6127.fa.depth.txt,e7122482f687bd9a2cf1ea587ee6ee9fa8af9e92e5de828faac06cf2afdb6cd2,225363,usable,1.0,True,0.4643893650747519,0.0
910,6604,5695,JASBQI010507516.1_De,910,1074,165,6441,6604,164,906,909,ggga,6605,6608,ggga,1094.0,1105.0,cagaaggaagag,-,20.0,,,,,,,,,valentinei,SRX19953382,GCA_030264875.1,JASBQI010507516.1_De_910_6604,JASBQI010507516.1_De_910_6604,LTR,Gypsy,unknown,no,-,GAG|Ty3_gypsy RT|Ty3_gypsy RH|Ty3_gypsy INT|Ty3_gypsy,True,5,5695,5695,0,0,1.0,1.0,1.0,1.0,12548.036363636364,9442.353658536585,10999.91489361702,7106.672754379426,1.5478291000297457,0.6302461884393271,10999.91489361702,7106.672754379426,1.5478291000297457,0.41022428356890095,input_data/ectopic_recombination/JASBQI010507516.1_De_910_6604.fa.depth.txt,f7abe838eb903625dacf37406730e93bf85a77b2fc557b87f4967d61a8008225,226992,usable,1.0,True,1.5478291000297455,2.220446049250313e-16
1182,6679,5498,JASBQI010515281.1_De,1182,1863,682,6010,6679,670,1178,1181,tgga,6680,6683,tgga,,,,,,,,,,,,,,valentinei,SRX19953382,GCA_030264875.1,JASBQI010515281.1_De_1182_6679,JASBQI010515281.1_De_1182_6679,LTR,Gypsy,unknown,no,+,PROT|Ty3_gypsy RT|Ty3_gypsy RH|Ty3_gypsy INT|Ty3_gypsy GAG|Ty3_gypsy,True,6,5498,5498,0,0,1.0,1.0,1.0,1.0,28.035190615835777,17.982089552238804,23.05325443786982,39.42209358417752,0.5847800647280309,-0.7740339645276362,23.05325443786982,39.42209358417752,0.5847800647280309,0.6266143257724087,input_data/ectopic_recombination/JASBQI010515281.1_De_1182_6679.fa.depth.txt,41d06d8c0ec1c1353c9cee8cc74930ede64e9280684d6ee3895cc1a24519e011,212917,usable,1.0,True,0.5847800647280309,0.0
1207,6612,5406,JASBQI010526374.1_De,1207,1364,158,6452,6612,161,1203,1206,ccca,6613,6616,ccca,,,,,,,,,,,,,,valentinei,SRX19953382,GCA_030264875.1,JASBQI010526374.1_De_1207_6612,JASBQI010526374.1_De_1207_6612,LTR,Gypsy,unknown,no,+,GAG|Ty3_gypsy RT|Ty3_gypsy RH|Ty3_gypsy INT|Ty3_gypsy,True,5,5406,5406,0,0,1.0,1.0,1.0,1.0,407.74050632911394,109.20496894409938,257.0689655172414,94.25751916650285,2.727304599043578,1.4474758366628162,257.0689655172414,94.25751916650285,2.727304599043578,1.895790463950594,input_data/ectopic_recombination/JASBQI010526374.1_De_1207_6612.fa.depth.txt,992bd58dc65a48a601c187f0ac7634f58fa6b926047d9689305517c6eeddddae,211755,usable,1.0,True,2.727304599043578,0.0
12,5762,5751,JASBQI010533027.1_De,12,528,517,5224,5762,539,8,11,aaca,5763,5766,aaca,,,,,,,,,,,,,,valentinei,SRX19953382,GCA_030264875.1,JASBQI010533027.1_De_12_5762,JASBQI010533027.1_De_12_5762,LTR,Gypsy,unknown,yes,+,GAG|Ty3_gypsy PROT|Ty3_gypsy RT|Ty3_gypsy RH|Ty3_gypsy INT|Ty3_gypsy,True,6,5751,5751,0,0,1.0,1.0,1.0,1.0,163.88588007736945,466.22634508348796,318.20549242424244,415.49392971246004,0.765848715634557,-0.3848686619531029,318.20549242424244,415.49392971246004,0.765848715634557,-1.5054905206589384,input_data/ectopic_recombination/JASBQI010533027.1_De_12_5762.fa.depth.txt,b745b73d4ca6e698776e9a21ff402d59ac8c9db80147dc563d1167d68fe1ad46,216542,usable,1.0,True,0.765848715634557,0.0
3079,8707,5629,JASBQI010554094.1_De,3079,3293,215,8502,8707,206,3075,3078,tctg,8708,8711,tctg,3293.0,3302.0,ggaggggggg,-,0.0,,,,,,,,,valentinei,SRX19953382,GCA_030264875.1,JASBQI010554094.1_De_3079_8707,JASBQI010554094.1_De_3079_8707,LTR,Gypsy,unknown,no,+,GAG|Ty3_gypsy RT|Ty3_gypsy RH|Ty3_gypsy INT|Ty3_gypsy,True,5,5629,5629,0,0,1.0,1.0,1.0,1.0,8331.348837209302,6426.368932038835,7399.220902612827,13595.598694316437,0.5442364892475113,-0.8776944071501445,7399.220902612827,13595.598694316437,0.5442364892475113,0.37452061442436263,input_data/ectopic_recombination/JASBQI010554094.1_De_3079_8707.fa.depth.txt,c5c4289678592f5698dc5721a66ea8cbd261e7eab93b6c03eb6ea50b767c4d54,232559,usable,1.0,True,0.5442364892475113,0.0
10,6471,6462,JASBQI010562968.1_De,10,1000,991,5479,6471,993,6,9,ttgt,6472,6475,ttgt,,,,,,,,,,,,,,valentinei,SRX19953382,GCA_030264875.1,JASBQI010562968.1_De_10_6471,JASBQI010562968.1_De_10_6471,LTR,Gypsy,unknown,no,+,GAG|Ty3_gypsy RT|Ty3_gypsy RH|Ty3_gypsy INT|Ty3_gypsy,True,5,6462,6462,0,0,1.0,1.0,1.0,1.0,4324.354187689203,4022.87915407855,4173.464717741936,8226.868691380081,0.5072968676544933,-0.9790978424279302,4173.464717741936,8226.868691380081,0.5072968676544933,0.10424379249391864,input_data/ectopic_recombination/JASBQI010562968.1_De_10_6471.fa.depth.txt,65557e980ba2d6b5263f3e0aacf333645db5082529b87dd7c2a9d7ed6de62d7f,250606,usable,1.0,True,0.5072968676544933,0.0
533,6582,6050,JASBQI010564078.1_De,533,842,310,6281,6582,302,529,532,agct,6583,6586,agct,819.0,829.0,gaaaaaggggg,-,23.0,,,,,,,,,valentinei,SRX19953382,GCA_030264875.1,JASBQI010564078.1_De_533_6582,JASBQI010564078.1_De_533_6582,LTR,Gypsy,unknown,no,-,GAG|Ty3_gypsy RT|Ty3_gypsy RH|Ty3_gypsy INT|Ty3_gypsy,True,5,6050,6050,0,100,1.0,1.0,1.0,0.9816108863552777,3154.2645161290325,20741.145695364237,11832.758169934641,7520.855277675616,1.5733261355338373,0.6538177587049064,11832.758169934641,7661.748032971151,1.5443940624272936,-2.7169261398362763,input_data/ectopic_recombination/JASBQI010564078.1_De_533_6582.fa.depth.txt,15ff978e76164213106eedde01f9982821d35472bd686c2951728e4cf606e3be,240842,usable,1.0,True,1.5443940624272936,0.0
7,5216,5210,JASBQI010565188.1_De,7,121,115,5099,5216,118,3,6,acca,5217,5220,acca,,,,,,,,,,,,,,valentinei,SRX19953382,GCA_030264875.1,JASBQI010565188.1_De_7_5216,JASBQI010565188.1_De_7_5216,LTR,Gypsy,unknown,no,+,RT|Ty3_gypsy RH|Ty3_gypsy INT|Ty3_gypsy GAG|Ty3_gypsy,True,5,5210,5210,0,0,1.0,1.0,1.0,1.0,33.278260869565216,32.36440677966102,32.81545064377682,46.52461322081575,0.7053352703444881,-0.5036189112949029,32.81545064377682,46.52461322081575,0.7053352703444881,0.03956910661908257,input_data/ectopic_recombination/JASBQI010565188.1_De_7_5216.fa.depth.txt,129bb216aa498bc8dea0c7bd8aca5ac07c452386b5581dc7e6f981732d120c07,186715,usable,1.0,True,0.7053352703444881,0.0
3408,9109,5702,JASBQI010576270.1_De,3408,3743,336,8769,9109,341,3404,3407,tggg,9110,9113,tggg,8768.0,8776.0,gggggaggg,+,7.0,,,,,,,,,valentinei,SRX19953382,GCA_030264875.1,JASBQI010576270.1_De_3408_9109,JASBQI010576270.1_De_3408_9109,LTR,Gypsy,unknown,yes,-,GAG|Ty3_gypsy PROT|Ty3_gypsy RT|Ty3_gypsy RH|Ty3_gypsy INT|Ty3_gypsy,True,6,5702,5702,0,7,1.0,0.9794721407624634,0.9896602658788775,1.0,213.13690476190476,115.15542521994135,163.78434268833087,208.77830845771143,0.784489269494708,-0.35017438122190103,165.4955223880597,208.77830845771143,0.7926854260416677,0.8853279450888254,input_data/ectopic_recombination/JASBQI010576270.1_De_3408_9109.fa.depth.txt,ac0c8037db0b3f7f87525207bd62cdacdfb2c87b4a1e2061c4244b04969f214d,225850,usable,1.0,True,0.7926854260416677,0.0
1054,6529,5476,JASBQI010578887.1_De,1054,1346,293,6236,6529,294,1050,1053,cttt,6530,6533,cttt,6248.0,6255.0,aaaggaga,+,19.0,,,,,,,,,valentinei,SRX19953382,GCA_030264875.1,JASBQI010578887.1_De_1054_6529,JASBQI010578887.1_De_1054_6529,LTR,Gypsy,unknown,no,+,GAG|Ty3_gypsy INT|Ty3_gypsy RT|Ty3_gypsy RH|Ty3_gypsy,True,5,5476,5476,0,6,1.0,0.9795918367346939,0.989778534923339,1.0,23.2901023890785,13.46938775510204,18.37137989778535,34.51094293311515,0.5323349157219636,-0.9095938994920421,18.561101549053355,34.51094293311515,0.5378323503077325,0.7680926886669416,input_data/ectopic_recombination/JASBQI010578887.1_De_1054_6529.fa.depth.txt,b1cc16026b18d2336233df112faa5bc7e3bdfdfd644e5f72319cc213d91d44ec,212322,usable,1.0,True,0.5378323503077325,0.0
9,5819,5811,JASBQI010583313.1_De,9,365,357,5458,5819,362,5,8,ccct,5820,5823,ccct,,,,,,,,,,,,,,valentinei,SRX19953382,GCA_030264875.1,JASBQI010583313.1_De_9_5819,JASBQI010583313.1_De_9_5819,LTR,Gypsy,unknown,no,+,GAG|Ty3_gypsy RT|Ty3_gypsy RH|Ty3_gypsy INT|Ty3_gypsy,True,5,5811,5811,0,0,1.0,1.0,1.0,1.0,3080.641456582633,6764.842541436464,4935.552155771906,4815.870974076984,1.0248514095039394,0.035414752353585176,4935.552155771906,4815.870974076984,1.0248514095039394,-1.1346980636181536,input_data/ectopic_recombination/JASBQI010583313.1_De_9_5819.fa.depth.txt,5a64352efffe85c7ceecd40fc984d112f81b67642f79feeb42a94b1cf71b0358,218966,usable,1.0,True,1.0248514095039394,0.0
6,5725,5720,JASBQI010588741.1_De,6,210,205,5527,5725,199,2,5,ttgt,5726,5729,ttgt,,,,,,,,,,,,,,valentinei,SRX19953382,GCA_030264875.1,JASBQI010588741.1_De_6_5725,JASBQI010588741.1_De_6_5725,LTR,Gypsy,unknown,no,-,RH|Ty3_gypsy INT|Ty3_gypsy GAG|Ty3_gypsy RT|Ty3_gypsy,True,5,5720,5720,0,0,1.0,1.0,1.0,1.0,3548.521951219512,1513.9497487437186,2546.3440594059407,7253.338412340106,0.3510582182507637,-1.5102177930843608,2546.3440594059407,7253.338412340106,0.3510582182507637,1.2286277891278332,input_data/ectopic_recombination/JASBQI010588741.1_De_6_5725.fa.depth.txt,e17a2f8565fd16a332980b1a2a9c17f6fde2bae7fe726bd8d3f7e1a84d0df0fb,215920,usable,1.0,True,0.3510582182507637,0.0
25,6378,6354,JASBQI010588852.1_De,25,957,933,5429,6378,950,21,24,aagg,6379,6382,aagg,,,,,,,,,,,,,,valentinei,SRX19953382,GCA_030264875.1,JASBQI010588852.1_De_25_6378,JASBQI010588852.1_De_25_6378,LTR,Gypsy,unknown,no,-,RH|Ty3_gypsy INT|Ty3_gypsy GAG|Ty3_gypsy PROT|Ty3_gypsy RT|Ty3_gypsy,True,6,6354,6354,0,3,1.0,0.9968421052631579,0.9984067976633032,1.0,78.45016077170418,58.846315789473685,68.55974508762613,102.5142026392306,0.6687828937118355,-0.5803901485940525,68.66914893617022,102.5142026392306,0.6698501004571203,0.41178373359693166,input_data/ectopic_recombination/JASBQI010588852.1_De_25_6378.fa.depth.txt,e60f6f8f173ef84b21dd5870125f946da0191db6f0cf2f9ec2c9c946b73e84d8,236124,usable,1.0,True,0.6698501004571203,0.0
5,5587,5583,JASBQI010589295.1_De,5,136,132,5457,5587,131,1,4,gtta,5588,5591,gtta,140.0,150.0,ggagggggagg,-,4.0,,,,,,,,,valentinei,SRX19953382,GCA_030264875.1,JASBQI010589295.1_De_5_5587,JASBQI010589295.1_De_5_5587,LTR,Gypsy,unknown,no,+,GAG|Ty3_gypsy RT|Ty3_gypsy RH|Ty3_gypsy INT|Ty3_gypsy,True,5,5583,5583,0,0,1.0,1.0,1.0,1.0,8888.931818181818,5434.221374045802,7168.144486692016,9750.926691729323,0.7351244362007144,-0.4439396159660558,7168.144486692016,9750.926691729323,0.7351244362007144,0.7098851364961718,input_data/ectopic_recombination/JASBQI010589295.1_De_5_5587.fa.depth.txt,550fa54fa91a7cfcba00b7182b6e060f247c4847fd8f3d0555c353510f065c4d,212516,usable,1.0,True,0.7351244362007144,0.0
6,5330,5325,JASBQI010590732.1_De,6,242,237,5088,5330,243,2,5,agtt,5331,5334,agtt,,,,,,,,,,,,,,valentinei,SRX19953382,GCA_030264875.1,JASBQI010590732.1_De_6_5330,JASBQI010590732.1_De_6_5330,LTR,Gypsy,unknown,no,-,GAG|Ty3_gypsy RT|Ty3_gypsy RH|Ty3_gypsy INT|Ty3_gypsy,True,5,5325,5325,0,0,1.0,1.0,1.0,1.0,200.24894514767934,385.917695473251,294.24375,90.87698658410733,3.2378246799334085,1.6950248694458,294.24375,90.87698658410733,3.2378246799334085,-0.9447687549459947,input_data/ectopic_recombination/JASBQI010590732.1_De_6_5330.fa.depth.txt,064ec1e2232b7ac215cd1f6369478ecf1b45505398d78cec54a4c33397dd5c0e,192570,usable,1.0,True,3.2378246799334085,0.0
20,5827,5808,JASBQI010592061.1_De,20,434,415,5393,5827,435,16,19,gtct,5828,5831,gtct,,,,,,,,,,,,,,valentinei,SRX19953382,GCA_030264875.1,JASBQI010592061.1_De_20_5827,JASBQI010592061.1_De_20_5827,LTR,Gypsy,unknown,no,+,PROT|Ty3_gypsy RT|Ty3_gypsy RH|Ty3_gypsy INT|Ty3_gypsy,True,5,5808,5808,0,0,1.0,1.0,1.0,1.0,72.58554216867469,140.20229885057472,107.18941176470588,211.61536910044373,0.5065294275191712,-0.9812820080865929,107.18941176470588,211.61536910044373,0.5065294275191712,-0.9449879554895264,input_data/ectopic_recombination/JASBQI010592061.1_De_20_5827.fa.depth.txt,3aacb9a6664336cf34c695da7caba5898062e7fd272f570af6719956515caaeb,218574,usable,1.0,True,0.5065294275191712,0.0
15,5396,5382,JASBQI010599254.1_De,15,282,268,5120,5396,277,11,14,gcca,5397,5400,gcca,,,,,,,,,,,,,,valentinei,SRX19953382,GCA_030264875.1,JASBQI010599254.1_De_15_5396,JASBQI010599254.1_De_15_5396,LTR,Gypsy,unknown,no,-,GAG|Ty3_gypsy RT|Ty3_gypsy RH|Ty3_gypsy INT|Ty3_gypsy,True,5,5382,5382,0,0,1.0,1.0,1.0,1.0,22.78731343283582,16.15523465703971,19.41651376146789,51.5639859416994,0.37655183956145455,-1.4090796017565594,19.41651376146789,51.5639859416994,0.37655183956145455,0.4835685305985699,input_data/ectopic_recombination/JASBQI010599254.1_De_15_5396.fa.depth.txt,cc353fca899ac3fdbfd096461fe599d53273002eff5158a86ebb771f0bb77703,198207,usable,1.0,True,0.3765518395614545,5.551115123125783e-17
7,5268,5262,JASBQI010599476.1_De,7,170,164,5111,5268,158,3,6,cgga,5269,5272,cgga,5113.0,5127.0,ggaaaggaacgggag,+,16.0,,,,,,,,,valentinei,SRX19953382,GCA_030264875.1,JASBQI010599476.1_De_7_5268,JASBQI010599476.1_De_7_5268,LTR,Gypsy,unknown,no,-,GAG|Ty3_gypsy RT|Ty3_gypsy RH|Ty3_gypsy INT|Ty3_gypsy,True,5,5262,5262,0,0,1.0,1.0,1.0,1.0,20.76829268292683,32.87341772151899,26.70807453416149,62.83663967611336,0.42503982822484165,-1.2343300600129112,26.70807453416149,62.83663967611336,0.42503982822484165,-0.649995213043887,input_data/ectopic_recombination/JASBQI010599476.1_De_7_5268.fa.depth.txt,7697d69c12da6c5e9337776c6249c9c939998e90289e384111f06bb277e5ee57,188641,usable,1.0,True,0.4250398282248416,5.551115123125783e-17
546,6230,5685,JASBQI010599920.1_De,546,1141,596,5650,6230,581,542,545,gttt,6231,6234,gttt,,,,,,,,,,,,,,valentinei,SRX19953382,GCA_030264875.1,JASBQI010599920.1_De_546_6230,JASBQI010599920.1_De_546_6230,LTR,Gypsy,unknown,no,+,INT|Ty3_gypsy GAG|Ty3_gypsy RT|Ty3_gypsy RH|Ty3_gypsy,True,5,5685,5685,0,0,1.0,1.0,1.0,1.0,31.100671140939596,57.42685025817556,44.096006796941374,78.7435669920142,0.5599950380888052,-0.8365140508535286,44.096006796941374,78.7435669920142,0.5599950380888052,-0.8742770224093308,input_data/ectopic_recombination/JASBQI010599920.1_De_546_6230.fa.depth.txt,875f90e7f99452c33b3ce48fbc30b0b9682b2b9908250d5a0c7cf7d1a7e02285,215929,usable,1.0,True,0.5599950380888052,0.0
468,6213,5746,JASBQI010601470.1_De,468,1215,748,5473,6213,741,464,467,caca,6214,6217,caca,,,,,,,,,,,,,,valentinei,SRX19953382,GCA_030264875.1,JASBQI010601470.1_De_468_6213,JASBQI010601470.1_De_468_6213,LTR,Gypsy,unknown,yes,+,GAG|Ty3_gypsy PROT|Bel-Pao RT|Ty3_gypsy RH|Ty3_gypsy INT|Ty3_gypsy,True,6,5746,5746,0,0,1.0,1.0,1.0,1.0,113.73262032085562,39.58029689608637,76.83075889858966,71.2024900164435,1.0790459558485437,0.10975630955524544,76.83075889858966,71.2024900164435,1.0790459558485437,1.5110095857141974,input_data/ectopic_recombination/JASBQI010601470.1_De_468_6213.fa.depth.txt,b0eee433a8dec86166f43001b21454926e348cb690ccf4ed6e0b3add03282681,218231,usable,1.0,True,1.0790459558485437,0.0
730,6206,5477,JASBQI010601914.1_De,730,1045,316,5916,6206,291,726,729,actc,6207,6210,actc,1018.0,1025.0,agaggaag,-,27.0,,,,,,,,,valentinei,SRX19953382,GCA_030264875.1,JASBQI010601914.1_De_730_6206,JASBQI010601914.1_De_730_6206,LTR,Gypsy,unknown,no,+,GAG|Ty3_gypsy RT|Ty3_gypsy RH|Ty3_gypsy INT|Ty3_gypsy,True,5,5477,5477,0,0,1.0,1.0,1.0,1.0,24.018987341772153,41.34707903780069,32.32619439868204,59.847433264887066,0.5401433718235675,-0.8885856980462142,32.32619439868204,59.847433264887066,0.5401433718235675,-0.7712275293933758,input_data/ectopic_recombination/JASBQI010601914.1_De_730_6206.fa.depth.txt,ca34141f2e6bba73ee1ab7ffbf4bc744af47cf81c671905349d21b29d2727b6f,207594,usable,1.0,True,0.5401433718235675,0.0
334,6183,5850,JASBQI010603683.1_De,334,933,600,5587,6183,597,330,333,aaaa,6184,6187,aaaa,5590.0,5598.0,aaaaagaaa,+,11.0,,,,,,,,,valentinei,SRX19953382,GCA_030264875.1,JASBQI010603683.1_De_334_6183,JASBQI010603683.1_De_334_6183,LTR,Gypsy,unknown,no,+,PROT|Ty3_gypsy RT|Ty3_gypsy RH|Ty3_gypsy INT|Ty3_gypsy GAG|Ty3_gypsy,True,6,5850,5850,0,0,1.0,1.0,1.0,1.0,51.96333333333333,28.045226130653266,40.03425229741019,84.36041263700838,0.47456207296747405,-1.0753312900322427,40.03425229741019,84.36041263700838,0.47456207296747405,0.8780599830446796,input_data/ectopic_recombination/JASBQI010603683.1_De_334_6183.fa.depth.txt,9aec104438446524304b16fb25420029b6bfd37e8d5cc619316488e22080313a,222410,usable,1.0,True,0.474562072967474,5.551115123125783e-17
7,5683,5677,JASBQI010604015.1_De,7,154,148,5529,5683,155,3,6,acac,5684,5687,acac,,,,,,,,,,,,,,valentinei,SRX19953382,GCA_030264875.1,JASBQI010604015.1_De_7_5683,JASBQI010604015.1_De_7_5683,LTR,Gypsy,unknown,no,-,GAG|Ty3_gypsy RT|Ty3_gypsy RH|Ty3_gypsy INT|Ty3_gypsy,True,5,5677,5677,0,0,1.0,1.0,1.0,1.0,892.1418918918919,2175.6,1548.6963696369637,3454.526423520655,0.44830931356970816,-1.1574336233790696,1548.6963696369637,3454.526423520655,0.44830931356970816,-1.2855914360829521,input_data/ectopic_recombination/JASBQI010604015.1_De_7_5683.fa.depth.txt,ec2e787b5ec3026755c0e39cdd3c6bc7f1b18b07bb013793356f3e733c293b5d,212186,usable,1.0,True,0.4483093135697081,5.551115123125783e-17
10,5523,5514,JASBQI010605571.1_De,10,393,384,5127,5523,397,6,9,aaag,5524,5527,aaag,5119.0,5136.0,agagggaaggaaaaagag,+,9.0,,,,,,,,,valentinei,SRX19953382,GCA_030264875.1,JASBQI010605571.1_De_10_5523,JASBQI010605571.1_De_10_5523,LTR,Gypsy,unknown,no,-,GAG|Ty3_gypsy RT|Ty3_gypsy RH|Ty3_gypsy INT|Ty3_gypsy,True,5,5514,5514,0,0,1.0,1.0,1.0,1.0,17.541666666666668,34.869017632241814,26.34955185659411,65.40967673779843,0.40283874146357673,-1.3117256592346005,26.34955185659411,65.40967673779843,0.40283874146357673,-0.9711535298958894,input_data/ectopic_recombination/JASBQI010605571.1_De_10_5523.fa.depth.txt,15f1bc16f51298891d5a23f7f42123b60bb55c772777a1e4912fb352e9e3163f,203122,usable,1.0,True,0.4028387414635767,5.551115123125783e-17
538,6144,5607,JASBQI010607119.1_De,538,875,338,5808,6144,337,534,537,atca,6145,6148,atca,848.0,855.0,aagagaga,-,27.0,,,,,,,,,valentinei,SRX19953382,GCA_030264875.1,JASBQI010607119.1_De_538_6144,JASBQI010607119.1_De_538_6144,LTR,Gypsy,unknown,no,+,INT|Ty3_gypsy PROT|Ty3_gypsy RT|Ty3_gypsy RH|Ty3_gypsy,True,5,5607,5607,0,0,1.0,1.0,1.0,1.0,18.920118343195266,29.0,23.95259259259259,52.71208434712084,0.45440420141346377,-1.137951920849461,23.95259259259259,52.71208434712084,0.45440420141346377,-0.6031629621303128,input_data/ectopic_recombination/JASBQI010607119.1_De_538_6144.fa.depth.txt,f07b256452b5e864d52b9c98415627d9d6c7ba9d1c59c3117b7b087d495b4084,211803,usable,1.0,True,0.4544042014134637,5.551115123125783e-17
32,6128,6097,JASBQI010607672.1_De,32,922,891,5217,6128,912,28,31,acat,6129,6132,acat,918.0,926.0,gaggagaga,-,4.0,,,,,,,,,valentinei,SRX19953382,GCA_030264875.1,JASBQI010607672.1_De_32_6128,JASBQI010607672.1_De_32_6128,LTR,Gypsy,unknown,no,-,GAG|Ty3_gypsy RT|Ty3_gypsy RH|Ty3_gypsy INT|Ty3_gypsy,True,5,6097,6097,0,0,1.0,1.0,1.0,1.0,49.200897867564535,24.29605263157895,36.603438713255684,84.37796925943177,0.43380326683038956,-1.204887177372205,36.603438713255684,84.37796925943177,0.43380326683038956,1.0031614435805538,input_data/ectopic_recombination/JASBQI010607672.1_De_32_6128.fa.depth.txt,7e61863c1a1d7066931243b64f711f5b787586cfc4a4fe49ce671af4d1c30188,225218,usable,1.0,True,0.4338032668303895,5.551115123125783e-17
523,5952,5430,JASBQI010611877.1_De,523,786,264,5707,5952,246,519,522,aatc,5953,5956,aatc,,,,,,,,,,,,,,valentinei,SRX19953382,GCA_030264875.1,JASBQI010611877.1_De_523_5952,JASBQI010611877.1_De_523_5952,LTR,Gypsy,unknown,no,-,PROT|Ty3_gypsy RT|Ty3_gypsy RH|Ty3_gypsy INT|Ty3_gypsy,True,5,5430,5430,0,21,1.0,1.0,1.0,0.9957317073170732,31.386363636363637,12.284552845528456,22.172549019607843,27.20691056910569,0.8149601904740141,-0.29519850721046087,22.172549019607843,27.323535415390896,0.8114817018561372,1.31853787855519,input_data/ectopic_recombination/JASBQI010611877.1_De_523_5952.fa.depth.txt,c7fa57eacebf3b27cf4ea6d14abf5d2138b537b4dad7f34461a68d2140e8c4d5,204843,usable,1.0,True,0.8114817018561372,0.0
22,6052,6031,JASBQI010612650.1_De,22,810,789,5260,6052,793,18,21,aaga,6053,6056,aaga,,,,,,,,,,,,,,valentinei,SRX19953382,GCA_030264875.1,JASBQI010612650.1_De_22_6052,JASBQI010612650.1_De_22_6052,LTR,Gypsy,unknown,no,-,RH|Ty3_gypsy INT|Ty3_gypsy GAG|Ty3_gypsy RT|Ty3_gypsy,True,5,6031,6031,0,0,1.0,1.0,1.0,1.0,36.52217997465146,31.134930643127365,33.821744627054365,79.48909867385929,0.42548909462193907,-1.2328059390900319,33.821744627054365,79.48909867385929,0.42548909462193907,0.2268714149582349,input_data/ectopic_recombination/JASBQI010612650.1_De_22_6052.fa.depth.txt,6bfd09e05ea3fe823ec03fdb9760d489aa0e705a9f151213bab6af2d0403b24e,222660,usable,1.0,True,0.425489094621939,5.551115123125783e-17
612,6048,5437,JASBQI010613425.1_De,612,1166,555,5510,6048,539,608,611,gtca,6049,6052,gtca,5520.0,5532.0,gggggaggagaga,+,22.0,,,,,,,,,valentinei,SRX19953382,GCA_030264875.1,JASBQI010613425.1_De_612_6048,JASBQI010613425.1_De_612_6048,LTR,Gypsy,unknown,no,+,GAG|Ty3_gypsy RT|Ty3_gypsy RH|Ty3_gypsy INT|Ty3_gypsy,True,5,5437,5437,0,0,1.0,1.0,1.0,1.0,32.34054054054054,37.58441558441559,34.924131627056674,44.702509785862304,0.7812566183499129,-0.35613158850347765,34.924131627056674,44.702509785862304,0.7812566183499129,-0.21372288391035804,input_data/ectopic_recombination/JASBQI010613425.1_De_612_6048.fa.depth.txt,c7dc613e2f289796c68ab2ca05bfd4cb607d75a34f40a3694e7f4b1842b0f702,205670,usable,1.0,True,0.7812566183499129,0.0
646,6027,5382,JASBQI010615419.1_De,646,813,168,5860,6027,168,642,645,ccag,6028,6031,ccag,823.0,834.0,agaaggaaaaag,-,10.0,,,,,,,,,valentinei,SRX19953382,GCA_030264875.1,JASBQI010615419.1_De_646_6027,JASBQI010615419.1_De_646_6027,LTR,Gypsy,unknown,no,-,GAG|Ty3_gypsy RT|Ty3_gypsy RH|Ty3_gypsy INT|Ty3_gypsy,True,5,5382,5382,0,0,1.0,1.0,1.0,1.0,120.64285714285714,278.7142857142857,199.67857142857142,162.16924296472453,1.2312974259367173,0.30017929398708837,199.67857142857142,162.16924296472453,1.2312974259367173,-1.2046634147260915,input_data/ectopic_recombination/JASBQI010615419.1_De_646_6027.fa.depth.txt,44804dedbce704835998d1f4fc092fc1d9d7856c47a60f83167742d297656e48,208156,usable,1.0,True,1.231297425936717,2.220446049250313e-16
388,6423,6036,JASCRD010000331.1_De,388,1216,829,5593,6423,831,384,387,caat,6424,6427,caat,,,,,,,,,,,,,,welteri,SRX19958882,GCA_030264495.1,JASCRD010000331.1_De_388_6423,JASCRD010000331.1_De_388_6423,LTR,Gypsy,unknown,no,+,GAG|Ty3_gypsy RT|Ty3_gypsy RH|Ty3_gypsy INT|Ty3_gypsy,True,5,6036,6036,0,100,1.0,1.0,1.0,0.9771480804387569,142.4897466827503,42.6028880866426,92.48614457831326,117.5201096892139,0.7869814351169017,-0.34559849191278236,92.48614457831326,120.26847521047708,0.7689973986654186,1.7300552551706814,input_data/ectopic_recombination/JASCRD010000331.1_De_388_6423.fa.depth.txt,608e503bbc333ca5c5505fb9c59e98b8f0ba23691675be6396e474a52a5820ff,232018,usable,1.0,True,0.7689973986654186,0.0
630,6378,5749,JASCRD010001987.1_De,630,1625,996,5420,6378,959,626,629,acac,6379,6382,acac,1605.0,1614.0,aaaagaggag,-,20.0,,,,,,,,,welteri,SRX19958882,GCA_030264495.1,JASCRD010001987.1_De_630_6378,JASCRD010001987.1_De_630_6378,LTR,Gypsy,unknown,no,+,PROT|Ty3_gypsy RT|Ty3_gypsy RH|Ty3_gypsy INT|Ty3_gypsy GAG|Ty3_gypsy,True,6,5749,5749,0,0,1.0,1.0,1.0,1.0,788.7690763052209,382.44629822732014,589.4526854219948,1026.8012651555086,0.5740669644896887,-0.8007090588535309,589.4526854219948,1026.8012651555086,0.5740669644896887,1.043375132660589,input_data/ectopic_recombination/JASCRD010001987.1_De_630_6378.fa.depth.txt,4e50deb4de1e43527a28e0a325c2dbe7782dd77c79cade29b097b1260c059739,225230,usable,1.0,True,0.5740669644896887,0.0
245,5983,5739,JASCRD010005186.1_De,245,418,174,5803,5983,181,241,244,acta,5984,5987,acta,,,,,,,,,,,,,,welteri,SRX19958882,GCA_030264495.1,JASCRD010005186.1_De_245_5983,JASCRD010005186.1_De_245_5983,LTR,Gypsy,unknown,no,+,GAG|Ty3_gypsy RT|Ty3_gypsy RH|Ty3_gypsy INT|Ty3_gypsy,True,5,5739,5739,0,0,1.0,1.0,1.0,1.0,12690.068965517241,3798.1215469613257,8156.428169014084,4509.927005943537,1.8085499295808782,0.854833427777701,8156.428169014084,4509.927005943537,1.8085499295808782,1.7402088620806913,input_data/ectopic_recombination/JASCRD010005186.1_De_245_5983.fa.depth.txt,5e428b1c6019b46202808efde75d29c8842c0e7b0c120d7c37cbfb18f7bd2620,228172,usable,1.0,True,1.8085499295808785,2.220446049250313e-16
494,6310,5817,JASCRD010008943.1_De,494,1059,566,5765,6310,546,490,493,cgtt,6311,6314,cgtt,5743.0,5751.0,aaaagaggg,+,14.0,,,,,,,,,welteri,SRX19958882,GCA_030264495.1,JASCRD010008943.1_De_494_6310,JASCRD010008943.1_De_494_6310,LTR,Gypsy,unknown,no,+,INT|Ty3_gypsy RT|Ty3_gypsy RH|Ty3_gypsy GAG|Ty3_gypsy,True,5,5817,5817,0,0,1.0,1.0,1.0,1.0,22.436395759717314,18.184981684981686,20.348920863309353,31.406588735387885,0.6479188502373349,-0.6261149634000777,20.348920863309353,31.406588735387885,0.6479188502373349,0.29575955352895594,input_data/ectopic_recombination/JASCRD010008943.1_De_494_6310.fa.depth.txt,4412cdfd9d4b70df9eac3212cc72d1941a52936970d2f0a642ac2e0b659f70e2,219808,usable,1.0,True,0.6479188502373349,0.0
7,6263,6257,JASCRD010011261.1_De,7,779,773,5521,6263,743,3,6,ggtc,6264,6267,ggtc,,,,,,,,,,,,,,welteri,SRX19958882,GCA_030264495.1,JASCRD010011261.1_De_7_6263,JASCRD010011261.1_De_7_6263,LTR,Gypsy,unknown,no,-,RT|Ty3_gypsy RH|Ty3_gypsy INT|Ty3_gypsy GAG|Ty3_gypsy,True,5,6257,6257,0,0,1.0,1.0,1.0,1.0,18.767141009055628,40.149394347240914,29.2467018469657,77.39358785066442,0.37789567145276903,-1.403940101320949,29.2467018469657,77.39358785066442,0.37789567145276903,-1.077091346629313,input_data/ectopic_recombination/JASCRD010011261.1_De_7_6263.fa.depth.txt,5a5155e160ba18779c7665a4ccbe731293e4b0a980d8cafadcc0c11c22355b4a,224703,usable,1.0,True,0.377895671452769,5.551115123125783e-17
5,5886,5882,JASCRD010012586.1_De,5,429,425,5458,5886,429,1,4,gttt,5887,5890,gttt,,,,,,,,,,,,,,welteri,SRX19958882,GCA_030264495.1,JASCRD010012586.1_De_5_5886,JASCRD010012586.1_De_5_5886,LTR,Gypsy,unknown,no,+,GAG|Ty3_gypsy RT|Ty3_gypsy RH|Ty3_gypsy INT|Ty3_gypsy,True,5,5882,5882,0,0,1.0,1.0,1.0,1.0,2244.6188235294117,7320.585081585082,4794.489461358314,4745.055091487669,1.01041808133257,0.014952361355510065,4794.489461358314,4745.055091487669,1.01041808133257,-1.7052656888148852,input_data/ectopic_recombination/JASCRD010012586.1_De_5_5886.fa.depth.txt,8d5ddf1b8240c3de39e2ee7a36600d509361148eb81abb13730791acdb4cfa0c,220045,usable,1.0,True,1.01041808133257,0.0
785,6218,5434,JASCRD010018000.1_De,785,1151,367,5863,6218,356,781,784,attt,6219,6222,attt,5877.0,5889.0,gggggaggagaga,+,26.0,,,,,,,,,welteri,SRX19958882,GCA_030264495.1,JASCRD010018000.1_De_785_6218,JASCRD010018000.1_De_785_6218,LTR,Gypsy,unknown,yes,+,GAG|Ty3_gypsy PROT|Ty3_gypsy RT|Ty3_gypsy RH|Ty3_gypsy INT|Ty3_gypsy,True,6,5434,5434,0,0,1.0,1.0,1.0,1.0,55.14441416893733,28.1938202247191,41.87413554633471,109.67183188282742,0.3818130401165609,-1.3890617187295051,41.87413554633471,109.67183188282742,0.3818130401165609,0.9554968129946328,input_data/ectopic_recombination/JASCRD010018000.1_De_785_6218.fa.depth.txt,5ed75da7a025ace0322dfd43dd42b23e88626ceee3c7ca918ac65e4054d92c93,208101,usable,1.0,True,0.3818130401165609,0.0
42,6216,6175,JASCRD010018662.1_De,42,1035,994,5226,6216,991,38,41,ttcg,6217,6220,ttcg,,,,,,,,,,,,,,welteri,SRX19958882,GCA_030264495.1,JASCRD010018662.1_De_42_6216,JASCRD010018662.1_De_42_6216,LTR,Gypsy,unknown,no,-,RH|Ty3_gypsy INT|Ty3_gypsy GAG|Ty3_gypsy RT|Ty3_gypsy,True,5,6175,6175,0,0,1.0,1.0,1.0,1.0,96.7354124748491,48.06559031281534,72.43727959697733,103.46873508353222,0.7000885778539515,-0.5143906260497613,72.43727959697733,103.46873508353222,0.7000885778539515,1.0015473316065922,input_data/ectopic_recombination/JASCRD010018662.1_De_42_6216.fa.depth.txt,be0bf654c64a9dfd7800e25a543a372ac81e0e346671215795048582ce54b4e3,228683,usable,1.0,True,0.7000885778539515,0.0
728,6202,5475,JASCRD010020877.1_De,728,1062,335,5879,6202,324,724,727,aata,6203,6206,aata,,,,,,,,,,,,,,welteri,SRX19958882,GCA_030264495.1,JASCRD010020877.1_De_728_6202,JASCRD010020877.1_De_728_6202,LTR,Gypsy,unknown,no,-,RT|Ty3_gypsy RH|Ty3_gypsy INT|Ty3_gypsy GAG|Ty3_gypsy,True,5,5475,5475,0,0,1.0,1.0,1.0,1.0,109.34328358208955,29.564814814814813,70.11987860394537,80.13392857142857,0.8750335825784826,-0.19258970823986515,70.11987860394537,80.13392857142857,0.8750335825784826,1.8692986808607432,input_data/ectopic_recombination/JASCRD010020877.1_De_728_6202.fa.depth.txt,b4840911918c885296fe7f290c92ffcc4ebbe3de973e268cc5ea6677cb6cb465,208321,usable,1.0,True,0.8750335825784826,0.0
10,6184,6175,JASCRD010022206.1_De,10,999,990,5185,6184,1000,6,9,gaaa,6185,6188,gaaa,,,,,,,,,,,,,,welteri,SRX19958882,GCA_030264495.1,JASCRD010022206.1_De_10_6184,JASCRD010022206.1_De_10_6184,LTR,Gypsy,unknown,no,-,INT|Ty3_gypsy GAG|Ty3_gypsy RT|Ty3_gypsy RH|Ty3_gypsy,True,5,6175,6175,0,0,1.0,1.0,1.0,1.0,56.02626262626263,51.491,53.74723618090452,134.74599761051374,0.3988781643538095,-1.3259799462447233,53.74723618090452,134.74599761051374,0.3988781643538095,0.12065940836954626,input_data/ectopic_recombination/JASCRD010022206.1_De_10_6184.fa.depth.txt,4d6d22089070223c3ab59b96c0bd13f08e5885e02b0268496d8501add9347e0c,229782,usable,1.0,True,0.3988781643538095,0.0
405,5960,5556,JASCRD010027627.1_De,405,934,530,5439,5960,522,401,404,gaga,5961,5964,gaga,922.0,931.0,agagaaggag,-,12.0,,,,,,,,,welteri,SRX19958882,GCA_030264495.1,JASCRD010027627.1_De_405_5960,JASCRD010027627.1_De_405_5960,LTR,Gypsy,unknown,no,+,INT|Ty3_gypsy GAG|Ty3_gypsy RT|Ty3_gypsy RH|Ty3_gypsy,True,5,5556,5556,0,0,1.0,1.0,1.0,1.0,29.671698113207547,57.030651340996165,43.247148288973385,68.38787744227353,0.632380326841968,-0.6611356082932452,43.247148288973385,68.38787744227353,0.632380326841968,-0.931134907941116,input_data/ectopic_recombination/JASCRD010027627.1_De_405_5960.fa.depth.txt,28a2e7417ca6c7758ddd5059ff9bd350b2725d0a9948cb4fbc693eebab83a445,210638,usable,1.0,True,0.632380326841968,0.0
1019,6080,5062,JASCRD010032165.1_De,1019,1212,194,5895,6080,186,1015,1018,aaat,6081,6084,aaat,5883.0,5891.0,gggaaaaaa,+,4.0,,,,,,,,,welteri,SRX19958882,GCA_030264495.1,JASCRD010032165.1_De_1019_6080,JASCRD010032165.1_De_1019_6080,LTR,Gypsy,unknown,no,+,PROT|Ty3_gypsy RT|Ty3_gypsy RH|Ty3_gypsy INT|Ty3_gypsy GAG|Ty3_gypsy,True,6,5062,5062,0,0,1.0,1.0,1.0,1.0,129.51030927835052,124.98387096774194,127.29473684210527,149.62387868432293,0.85076485091442,-0.233167664855074,127.29473684210527,149.62387868432293,0.85076485091442,0.051124087811364016,input_data/ectopic_recombination/JASCRD010032165.1_De_1019_6080.fa.depth.txt,29787b1b009d550b4d0ef9829e9459d1157675d4af2931fa3a99272209ee3bb1,199811,usable,1.0,True,0.85076485091442,0.0
1172,6034,4863,JASCRD010036685.1_De,1172,1325,154,5893,6034,142,1168,1171,aaac,6035,6038,aaac,5884.0,5895.0,aaggaagggaaa,+,2.0,,,,,,,,,welteri,SRX19958882,GCA_030264495.1,JASCRD010036685.1_De_1172_6034,JASCRD010036685.1_De_1172_6034,LTR,Gypsy,unknown,yes,+,GAG|Ty3_gypsy PROT|Ty3_gypsy RT|Ty3_gypsy RH|Ty3_gypsy INT|Ty3_gypsy,True,6,4863,4863,0,0,1.0,1.0,1.0,1.0,204.42207792207793,184.8732394366197,195.0439189189189,162.84694547843222,1.1977130940091898,0.26028235936031496,195.0439189189189,162.84694547843222,1.1977130940091898,0.1446424350965552,input_data/ectopic_recombination/JASCRD010036685.1_De_1172_6034.fa.depth.txt,328fb584511737fd481713b245a0c7ee5f366d712d179e64728a367a5b9159d7,192462,usable,1.0,True,1.1977130940091898,0.0
263,5856,5594,JASCRD010037680.1_De,263,712,450,5410,5856,447,259,262,ccag,5857,5860,ccag,,,,,,,,,,,,,,welteri,SRX19958882,GCA_030264495.1,JASCRD010037680.1_De_263_5856,JASCRD010037680.1_De_263_5856,LTR,Gypsy,unknown,no,+,RT|Ty3_gypsy RH|Ty3_gypsy INT|Ty3_gypsy GAG|Ty3_gypsy,True,5,5594,5594,0,0,1.0,1.0,1.0,1.0,42.882222222222225,58.15436241610738,50.492753623188406,91.16968277624015,0.5538327225193262,-0.8524777988175882,50.492753623188406,91.16968277624015,0.5538327225193262,-0.4351344567476789,input_data/ectopic_recombination/JASCRD010037680.1_De_263_5856.fa.depth.txt,b2886bff3eb4f43f5d610d559a9fb3396a81f422371f6e518335b6f970f4b83a,212294,usable,1.0,True,0.5538327225193262,0.0
9,5988,5980,JASCRD010042766.1_De,9,512,504,5480,5988,509,5,8,agac,5989,5992,agac,5470.0,5497.0,gagaaaaggaaaggaggcgcagagaggg,+,17.0,,,,,,,,,welteri,SRX19958882,GCA_030264495.1,JASCRD010042766.1_De_9_5988,JASCRD010042766.1_De_9_5988,LTR,Gypsy,unknown,no,+,RT|Ty3_gypsy RH|Ty3_gypsy INT|Ty3_gypsy GAG|Ty3_gypsy,True,5,5980,5980,0,0,1.0,1.0,1.0,1.0,742.1587301587301,2710.436149312377,1731.1549851924976,7224.578618884639,0.23962020160834802,-2.061178552655502,1731.1549851924976,7224.578618884639,0.23962020160834802,-1.8680198192622781,input_data/ectopic_recombination/JASCRD010042766.1_De_9_5988.fa.depth.txt,8f263c4e6a2c2d25e1a682d0eedeeefed1344b526ffaa7df87e9229e9f34eb36,225001,usable,1.0,True,0.239620201608348,2.7755575615628914e-17
23,5978,5956,JASCRD010043982.1_De,23,697,675,5286,5978,693,19,22,caag,5979,5982,caag,5304.0,5312.0,aaggaaaaa,+,26.0,,,,,,,,,welteri,SRX19958882,GCA_030264495.1,JASCRD010043982.1_De_23_5978,JASCRD010043982.1_De_23_5978,LTR,Gypsy,unknown,no,+,PROT|Ty3_gypsy RT|Ty3_gypsy RH|Ty3_gypsy INT|Ty3_gypsy,True,5,5956,5956,0,0,1.0,1.0,1.0,1.0,95.58814814814815,94.0952380952381,94.83187134502924,163.0987358326068,0.5814384204814321,-0.7823016893804272,94.83187134502924,163.0987358326068,0.5814384204814321,0.022590934444374648,input_data/ectopic_recombination/JASCRD010043982.1_De_23_5978.fa.depth.txt,9e6a6b5f709c852980d766b05618424954c244afc444f74c8519af0a2ee1e069,223641,usable,1.0,True,0.5814384204814321,0.0
3111,9593,6483,JASCRD010045421.1_De,3111,3489,379,9226,9593,368,3107,3110,ttct,9594,9597,ttct,,,,,,,,,,,,,,welteri,SRX19958882,GCA_030264495.1,JASCRD010045421.1_De_3111_9593,JASCRD010045421.1_De_3111_9593,LTR,Gypsy,unknown,yes,-,GAG|Ty3_gypsy PROT|Ty3_gypsy RT|Ty3_gypsy RH|Ty3_gypsy INT|Ty3_gypsy,True,6,6483,6483,0,0,1.0,1.0,1.0,1.0,74.86015831134564,45.39945652173913,60.34672021419009,88.70903068340307,0.6802770783232175,-0.5558056160179096,60.34672021419009,88.70903068340307,0.6802770783232175,0.7153249243376577,input_data/ectopic_recombination/JASCRD010045421.1_De_3111_9593.fa.depth.txt,13c57e5afa5c2594bcd0ddda58320cf249138922a6cec5f13b67c159a03a4065,252962,usable,1.0,True,0.6802770783232175,0.0
13,5604,5592,JASCRD010048743.1_De,13,478,466,5133,5604,472,9,12,cctc,5605,5608,cctc,,,,,,,,,,,,,,welteri,SRX19958882,GCA_030264495.1,JASCRD010048743.1_De_13_5604,JASCRD010048743.1_De_13_5604,LTR,Gypsy,unknown,no,-,INT|Ty3_gypsy GAG|Ty3_gypsy RT|Ty3_gypsy RH|Ty3_gypsy,True,5,5592,5592,0,0,1.0,1.0,1.0,1.0,102.7274678111588,665.6016949152543,385.9648187633262,721.1948861194671,0.5351740925952579,-0.9019198170787917,385.9648187633262,721.1948861194671,0.5351740925952579,-2.6899155441297022,input_data/ectopic_recombination/JASCRD010048743.1_De_13_5604.fa.depth.txt,99c4c3c4e21bba5ea77e8c1f1f022ef06188df9cadcfec0daa911eb63e339730,211823,usable,1.0,True,0.5351740925952579,0.0
146,5244,5099,JASCRD010049517.1_De,146,415,270,4993,5244,252,142,145,ttct,5245,5248,ttct,,,,,,,,,,,,,,welteri,SRX19958882,GCA_030264495.1,JASCRD010049517.1_De_146_5244,JASCRD010049517.1_De_146_5244,LTR,Gypsy,unknown,yes,-,GAG|Ty3_gypsy PROT|Ty3_gypsy RT|Ty3_gypsy RH|Ty3_gypsy INT|Ty3_gypsy,True,6,5099,5099,0,0,1.0,1.0,1.0,1.0,8.218518518518518,9.36111111111111,8.770114942528735,30.193358094821935,0.2904650391979017,-1.7835635657190854,8.770114942528735,30.193358094821935,0.2904650391979017,-0.17766720496211877,input_data/ectopic_recombination/JASCRD010049517.1_De_146_5244.fa.depth.txt,1de5e48d297995308dd484b3242a4d755a1326b28ba394023d755a5d6caba115,192307,usable,1.0,True,0.2904650391979017,0.0
5,5716,5712,JASCRD010050624.1_De,5,646,642,5070,5716,647,1,4,taga,5717,5720,taga,,,,,,,,,,,,,,welteri,SRX19958882,GCA_030264495.1,JASCRD010050624.1_De_5_5716,JASCRD010050624.1_De_5_5716,LTR,Gypsy,unknown,no,+,RT|Ty3_gypsy RH|Ty3_gypsy INT|Ty3_gypsy GAG|Ty3_gypsy,True,5,5712,5712,0,0,1.0,1.0,1.0,1.0,39.99844236760124,26.556414219474497,33.25135764158262,56.88559801040018,0.5845303346464495,-0.7746501984308474,33.25135764158262,56.88559801040018,0.5845303346464495,0.5818957688614518,input_data/ectopic_recombination/JASCRD010050624.1_De_5_5716.fa.depth.txt,95a5da010ffbde4ca188f2f76f7fe94eae2349eefca7c4fd1e134330b1debb79,204715,usable,1.0,True,0.5845303346464495,0.0
13,6477,6465,JASCRD010055375.1_De,13,1000,988,5485,6477,993,9,12,cctt,6478,6481,cctt,,,,,,,,,,,,,,welteri,SRX19958882,GCA_030264495.1,JASCRD010055375.1_De_13_6477,JASCRD010055375.1_De_13_6477,LTR,Gypsy,unknown,no,-,GAG|Ty3_gypsy RT|Ty3_gypsy RH|Ty3_gypsy INT|Ty3_gypsy,True,5,6465,6465,0,0,1.0,1.0,1.0,1.0,2005.3147773279352,6991.004028197382,4504.451287228672,4961.204950936663,0.9079349335040559,-0.13933918335635787,4504.451287228672,4961.204950936663,0.9079349335040559,-1.8014144553003337,input_data/ectopic_recombination/JASCRD010055375.1_De_13_6477.fa.depth.txt,7ea57d4f3675244fb77207b5e3873c23248a7f1f524d5e535e8593da29685380,249645,usable,1.0,True,0.907934933504056,1.1102230246251565e-16
8,5861,5854,JASCRD010057589.1_De,8,522,515,5347,5861,515,4,7,ttct,5862,5865,ttct,,,,,,,,,,,,,,welteri,SRX19958882,GCA_030264495.1,JASCRD010057589.1_De_8_5861,JASCRD010057589.1_De_8_5861,LTR,Gypsy,unknown,no,+,PROT|Ty3_gypsy RT|Ty3_gypsy RH|Ty3_gypsy INT|Ty3_gypsy,True,5,5854,5854,0,1,0.9980582524271845,1.0,0.9990291262135922,1.0,34.53398058252427,55.83300970873786,45.18349514563107,62.31322553897181,0.7251028133244765,-0.4637425235432005,45.22740524781341,62.31322553897181,0.7258074807815458,-0.6852256352781773,input_data/ectopic_recombination/JASCRD010057589.1_De_8_5861.fa.depth.txt,b912e8aa6c44fdba5e2765dec77bdc71c8cd0651e35563161d8f3f1fe33d81ed,209510,usable,1.0,True,0.7258074807815458,0.0
5,5801,5797,JASCRD010062897.1_De,5,936,932,4892,5801,910,1,4,gaat,5802,5805,gaat,,,,,,,,,,,,,,welteri,SRX19958882,GCA_030264495.1,JASCRD010062897.1_De_5_5801,JASCRD010062897.1_De_5_5801,LTR,Gypsy,unknown,yes,+,GAG|Ty3_gypsy PROT|Bel-Pao RT|Ty3_gypsy RH|Ty3_gypsy INT|Ty3_gypsy,True,6,5797,5797,0,0,1.0,1.0,1.0,1.0,23.051502145922747,16.6,19.864277958740498,41.47989886219975,0.4788892572937933,-1.0622360222760787,19.864277958740498,41.47989886219975,0.4788892572937933,0.46182275465726697,input_data/ectopic_recombination/JASCRD010062897.1_De_5_5801.fa.depth.txt,71074950dd280145522fc542df348cede110a274917849dcd81b9b5111284684,207274,usable,1.0,True,0.4788892572937933,0.0
2337,8160,5824,JASCRD010071969.1_De,2337,2662,326,7831,8160,330,2333,2336,tatc,8161,8164,tatc,,,,,,,,,,,,,,welteri,SRX19958882,GCA_030264495.1,JASCRD010071969.1_De_2337_8160,JASCRD010071969.1_De_2337_8160,LTR,Gypsy,unknown,no,+,GAG|Ty3_gypsy RT|Ty3_gypsy RH|Ty3_gypsy INT|Ty3_gypsy,True,5,5824,5824,0,0,1.0,1.0,1.0,1.0,2925.294478527607,12759.521212121212,7872.390243902439,2442.5412151702785,3.2230327148660316,1.6884188323116531,7872.390243902439,2442.5412151702785,3.2230327148660316,-2.1247303909165827,input_data/ectopic_recombination/JASCRD010071969.1_De_2337_8160.fa.depth.txt,002ca949208eb40cc7390a2cd58b79101c4dd4bf432664f4e6a028207e6d8948,235146,usable,1.0,True,3.223032714866032,4.440892098500626e-16
282,5693,5412,JASCRD010079826.1_De,282,554,273,5413,5693,281,278,281,gtgg,5694,5697,gtgg,,,,,,,,,,,,,,welteri,SRX19958882,GCA_030264495.1,JASCRD010079826.1_De_282_5693,JASCRD010079826.1_De_282_5693,LTR,Gypsy,unknown,no,-,RT|Ty3_gypsy RH|Ty3_gypsy INT|Ty3_gypsy GAG|Ty3_gypsy,True,5,5412,5412,0,0,1.0,1.0,1.0,1.0,68.8974358974359,111.24199288256227,90.37545126353791,169.71778509674763,0.5325043053797772,-0.909134905088898,90.37545126353791,169.71778509674763,0.5325043053797772,-0.6872171915591555,input_data/ectopic_recombination/JASCRD010079826.1_De_282_5693.fa.depth.txt,16605213601b31117bfcff185a642fd9204a4cddda92256e645f6d626f28a758,208772,usable,1.0,True,0.5325043053797772,0.0
30,5662,5633,JASCRD010082700.1_De,30,630,601,5043,5662,620,26,29,taga,5663,5666,taga,,,,,,,,,,,,,,welteri,SRX19958882,GCA_030264495.1,JASCRD010082700.1_De_30_5662,JASCRD010082700.1_De_30_5662,LTR,Gypsy,unknown,no,-,RT|Ty3_gypsy RH|Ty3_gypsy INT|Ty3_gypsy GAG|Ty3_gypsy,True,5,5633,5633,0,0,1.0,1.0,1.0,1.0,53.445923460898506,52.053225806451614,52.73873873873874,114.00271985494106,0.46260947814091086,-1.1121332700572106,52.73873873873874,114.00271985494106,0.46260947814091086,0.0377346215128056,input_data/ectopic_recombination/JASCRD010082700.1_De_30_5662.fa.depth.txt,6b4e5fea5a6be1c8578504418d42f722b39bf5004d9c254d9dc41b651e7d11a8,209503,usable,1.0,True,0.4626094781409108,5.551115123125783e-17
10,6092,6083,JASCRD010097398.1_De,10,1000,991,5100,6092,993,6,9,ttct,6093,6096,ttct,,,,,,,,,,,,,,welteri,SRX19958882,GCA_030264495.1,JASCRD010097398.1_De_10_6092,JASCRD010097398.1_De_10_6092,LTR,Gypsy,unknown,no,-,RH|Ty3_gypsy INT|Ty3_gypsy GAG|Ty3_gypsy RT|Ty3_gypsy,True,5,6083,6083,0,0,1.0,1.0,1.0,1.0,66.63673057517659,98.37965760322255,82.5241935483871,167.8006830934374,0.49179891301416623,-1.0238595486292617,82.5241935483871,167.8006830934374,0.49179891301416623,-0.5585714651643988,input_data/ectopic_recombination/JASCRD010097398.1_De_10_6092.fa.depth.txt,6ac71c2ef1bbb92b119de0fc17fe271f293486f34c76c98629fd76ab565ecdbc,228041,usable,1.0,True,0.4917989130141662,5.551115123125783e-17
10,5538,5529,JASCRD010103925.1_De,10,246,237,5301,5538,238,6,9,caat,5539,5542,caat,,,,,,,,,,,,,,welteri,SRX19958882,GCA_030264495.1,JASCRD010103925.1_De_10_5538,JASCRD010103925.1_De_10_5538,LTR,Gypsy,unknown,no,+,GAG|Ty3_gypsy RT|Ty3_gypsy RH|Ty3_gypsy INT|Ty3_gypsy,True,5,5529,5529,0,100,1.0,1.0,1.0,0.9802136921250495,184.34599156118142,144.3109243697479,164.2863157894737,328.88840522358527,0.49951993800994104,-1.0013858314962911,164.2863157894737,335.5272507064998,0.48963628272680015,0.3521533168221425,input_data/ectopic_recombination/JASCRD010103925.1_De_10_5538.fa.depth.txt,59108b7c4041b85e87a5b80149b9535f9ec108c7b1c8720782220b0415d17d39,208689,usable,1.0,True,0.4896362827268001,5.551115123125783e-17
5562,11878,6317,JASCRD010110669.1_De,5562,6560,999,10887,11878,992,5558,5561,gcga,11879,11882,gcga,,,,,,,,,,,,,,welteri,SRX19958882,GCA_030264495.1,JASCRD010110669.1_De_5562_11878,JASCRD010110669.1_De_5562_11878,LTR,Gypsy,unknown,yes,+,GAG|Ty3_gypsy PROT|Ty3_gypsy RT|Ty3_gypsy RH|Ty3_gypsy INT|Ty3_gypsy,True,6,6317,6317,0,1,1.0,0.998991935483871,0.9994977398292315,1.0,102.95395395395396,197.52116935483872,150.07132094424912,244.14239482200648,0.6146876745993237,-0.702074537704971,150.1467336683417,244.14239482200648,0.6149965628780169,-0.9366658838739805,input_data/ectopic_recombination/JASCRD010110669.1_De_5562_11878.fa.depth.txt,682b665e328ed1607adf02d1db3f8abd732b25d123dcbcdb109245e8943fe60f,255972,usable,1.0,True,0.6149965628780169,0.0
13,5441,5429,JASCRD010121852.1_De,13,257,245,5189,5441,253,9,12,ccaa,5442,5445,ccaa,,,,,,,,,,,,,,welteri,SRX19958882,GCA_030264495.1,JASCRD010121852.1_De_13_5441,JASCRD010121852.1_De_13_5441,LTR,Gypsy,unknown,no,-,PROT|Ty3_gypsy RT|Ty3_gypsy RH|Ty3_gypsy INT|Ty3_gypsy,True,5,5429,5429,0,0,1.0,1.0,1.0,1.0,34.22857142857143,33.683794466403164,33.95180722891566,46.15331575745285,0.7356309437731592,-0.4429459279581417,33.95180722891566,46.15331575745285,0.7356309437731592,0.022810518391683885,input_data/ectopic_recombination/JASCRD010121852.1_De_13_5441.fa.depth.txt,09ee5cdb04e948e21fdf9f4bd6f2f13778df7a19e3ca8466a4874ccfb8154dfb,199930,usable,1.0,True,0.7356309437731592,0.0
5,5716,5712,JASCRD010125061.1_De,5,286,282,5421,5716,296,1,4,catc,5717,5720,catc,289.0,299.0,ggggagggggg,-,3.0,,,,,,,,,welteri,SRX19958882,GCA_030264495.1,JASCRD010125061.1_De_5_5716,JASCRD010125061.1_De_5_5716,LTR,Gypsy,unknown,no,+,GAG|Ty3_gypsy RT|Ty3_gypsy RH|Ty3_gypsy INT|Ty3_gypsy,True,5,5712,5712,0,0,1.0,1.0,1.0,1.0,2797.0070921985816,4301.310810810811,3567.377162629758,6141.087845734321,0.5809031318624931,-0.7836304869081848,3567.377162629758,6141.087845734321,0.5809031318624931,-0.6208022892152888,input_data/ectopic_recombination/JASCRD010125061.1_De_5_5716.fa.depth.txt,3b2c9301996e197a60022cc9a7375fb7c5d924be32135a2fa913536b9d945cf4,215926,usable,1.0,True,0.5809031318624931,0.0
75,5398,5324,JASCRD010128939.1_De,75,200,126,5288,5398,111,71,74,acct,5399,5402,acct,211.0,231.0,gggagcgaatgaaggagaagg,-,11.0,,,,,,,,,welteri,SRX19958882,GCA_030264495.1,JASCRD010128939.1_De_75_5398,JASCRD010128939.1_De_75_5398,LTR,Gypsy,unknown,no,+,INT|Ty3_gypsy GAG|Ty3_gypsy RT|Ty3_gypsy RH|Ty3_gypsy,True,5,5324,5324,0,0,1.0,1.0,1.0,1.0,18.936507936507937,40.711711711711715,29.135021097046412,81.58895223117752,0.35709517404383423,-1.4856194581072488,29.135021097046412,81.58895223117752,0.35709517404383423,-1.0842853464388698,input_data/ectopic_recombination/JASCRD010128939.1_De_75_5398.fa.depth.txt,f86056499f41fa257ab7d5ab68e1080e9b2639d064c9f3656ecad2c9fb7ced48,196526,usable,1.0,True,0.3570951740438342,5.551115123125783e-17
13,5383,5371,JASCRD010129271.1_De,13,290,278,5092,5383,292,9,12,gact,5384,5387,gact,5061.0,5070.0,aacagaaaaa,+,22.0,,,,,,,,,welteri,SRX19958882,GCA_030264495.1,JASCRD010129271.1_De_13_5383,JASCRD010129271.1_De_13_5383,LTR,Gypsy,unknown,no,+,PROT|Ty3_gypsy INT|Ty3_gypsy RT|Ty3_gypsy RH|Ty3_gypsy,True,5,5371,5371,0,2,0.9928057553956835,1.0,0.9964912280701754,1.0,22.906474820143885,15.332191780821917,19.026315789473685,48.88314934388669,0.38922033553169805,-1.3613410065455394,19.093309859154928,48.88314934388669,0.39059082967089415,0.5640466773139985,input_data/ectopic_recombination/JASCRD010129271.1_De_13_5383.fa.depth.txt,3d94049b8ec3c50a75cde4205c7cbfb11ac381a66b293ea8ce929dce11cffb77,197410,usable,1.0,True,0.3905908296708941,5.551115123125783e-17
61,5655,5595,JASCRD010135021.1_De,61,255,195,5454,5655,202,57,60,cctc,5656,5659,cctc,,,,,,,,,,,,,,welteri,SRX19958882,GCA_030264495.1,JASCRD010135021.1_De_61_5655,JASCRD010135021.1_De_61_5655,LTR,Gypsy,unknown,no,-,RT|Ty3_gypsy RH|Ty3_gypsy INT|Ty3_gypsy GAG|Ty3_gypsy,True,5,5595,5595,0,100,1.0,1.0,1.0,0.9807618314736437,42.64102564102564,60.13861386138614,51.544080604534,50.92439399769142,1.0121687576070257,0.017449848792373338,51.544080604534,51.92330325617889,0.9926964844710692,-0.4911762995590811,input_data/ectopic_recombination/JASCRD010135021.1_De_61_5655.fa.depth.txt,0daeca3dadb7388468a689a0634e290d552ec7decfe9afecdd148edc2be904ba,206173,usable,1.0,True,0.9926964844710692,0.0
14,5291,5278,JASCRD010147643.1_De,14,219,206,5083,5291,209,10,13,ttaa,5292,5295,ttaa,5062.0,5071.0,agagagaaga,+,12.0,,,,,,,,,welteri,SRX19958882,GCA_030264495.1,JASCRD010147643.1_De_14_5291,JASCRD010147643.1_De_14_5291,LTR,Gypsy,unknown,no,+,INT|Ty3_gypsy RT|Ty3_gypsy RH|Ty3_gypsy PROT|Ty3_gypsy,True,5,5278,5278,0,0,1.0,1.0,1.0,1.0,28.800970873786408,25.282296650717704,27.0289156626506,56.55685790664199,0.4779069535168846,-1.0651983360258444,27.0289156626506,56.55685790664199,0.4779069535168846,0.18456768578750518,input_data/ectopic_recombination/JASCRD010147643.1_De_14_5291.fa.depth.txt,891cd32b8dcca415b48ac8201a5002ff2a7a845843471bffa0f001cc0b8b978e,194146,usable,1.0,True,0.4779069535168846,0.0
2209,8132,5924,JASCRD010174856.1_De,2209,2563,355,7773,8132,360,2205,2208,ctgc,8133,8136,ctgc,,,,,,,,,,,,,,welteri,SRX19958882,GCA_030264495.1,JASCRD010174856.1_De_2209_8132,JASCRD010174856.1_De_2209_8132,LTR,Gypsy,unknown,no,+,GAG|Ty3_gypsy RT|Ty3_gypsy RH|Ty3_gypsy INT|Ty3_gypsy,True,5,5924,5924,0,0,1.0,1.0,1.0,1.0,496.72957746478875,5716.144444444444,3124.6867132867133,2421.518717604147,1.2903830519956838,0.36779939524727456,3124.6867132867133,2421.518717604147,1.2903830519956838,-3.523184540325904,input_data/ectopic_recombination/JASCRD010174856.1_De_2209_8132.fa.depth.txt,4490b2af6f342d0d9f701c4802b0b04b1f30068a8422b49bc743bab195e60365,237939,usable,1.0,True,1.2903830519956838,0.0
1217,6687,5471,JASCRD010191471.1_De,1217,1601,385,6306,6687,382,1213,1216,ggaa,6688,6691,ggaa,1574.0,1591.0,aagagtagggcagaggag,-,27.0,,,,,,,,,welteri,SRX19958882,GCA_030264495.1,JASCRD010191471.1_De_1217_6687,JASCRD010191471.1_De_1217_6687,LTR,Gypsy,unknown,no,-,GAG|Ty3_gypsy RT|Ty3_gypsy RH|Ty3_gypsy INT|Ty3_gypsy,True,5,5471,5471,0,0,1.0,1.0,1.0,1.0,51.41818181818182,40.67801047120419,46.06910039113429,78.10799319727892,0.5898128796469863,-0.7616707682490648,46.06910039113429,78.10799319727892,0.5898128796469863,0.33436573346438764,input_data/ectopic_recombination/JASCRD010191471.1_De_1217_6687.fa.depth.txt,b7f5e1467672e59aa5edf6e556df90761ee8ccee84d7013d44b05aad3ccebf4f,213027,usable,1.0,True,0.5898128796469863,0.0
2039,8054,6016,JASCRD010203641.1_De,2039,2197,159,7902,8054,153,2035,2038,cttc,8055,8058,cttc,,,,,,,,,,,,,,welteri,SRX19958882,GCA_030264495.1,JASCRD010203641.1_De_2039_8054,JASCRD010203641.1_De_2039_8054,LTR,Gypsy,unknown,no,-,PROT|Ty3_gypsy RT|Ty3_gypsy RH|Ty3_gypsy INT|Ty3_gypsy,True,5,6016,6016,0,0,1.0,1.0,1.0,1.0,20.31446540880503,36.549019607843135,28.275641025641026,100.41602384291726,0.2815849497274774,-1.8283578686315545,28.275641025641026,100.41602384291726,0.2815849497274774,-0.8318488611043358,input_data/ectopic_recombination/JASCRD010203641.1_De_2039_8054.fa.depth.txt,93c5828c3a5a0e842e8c51a421b5280e455566151d61a1b610f04eb4b36f359c,236162,usable,1.0,True,0.2815849497274774,0.0
693,5749,5057,JASCRD010214709.1_De,693,882,190,5564,5749,186,689,692,acct,5750,5753,acct,893.0,906.0,ggaaggaagggaga,-,11.0,,,,,,,,,welteri,SRX19958882,GCA_030264495.1,JASCRD010214709.1_De_693_5749,JASCRD010214709.1_De_693_5749,LTR,Gypsy,unknown,yes,+,GAG|Ty3_gypsy PROT|Ty3_gypsy RT|Ty3_gypsy RH|Ty3_gypsy INT|Ty3_gypsy,True,6,5057,5057,0,0,1.0,1.0,1.0,1.0,118.38947368421053,135.06451612903226,126.63829787234043,153.9051484725486,0.8228334082984128,-0.2813277242039329,126.63829787234043,153.9051484725486,0.8228334082984128,-0.18935861752305622,input_data/ectopic_recombination/JASCRD010214709.1_De_693_5749.fa.depth.txt,8414f7d124f134b1b3fe71d0d4b3f04c0dcd5406c04742a2951b78f33c4a35b5,195498,usable,1.0,True,0.8228334082984128,0.0
1911,7065,5155,JASCRD010215815.1_De,1911,2168,258,6814,7065,252,1907,1910,gtga,7066,7069,gtga,,,,,,,,,,,,,,welteri,SRX19958882,GCA_030264495.1,JASCRD010215815.1_De_1911_7065,JASCRD010215815.1_De_1911_7065,LTR,Gypsy,unknown,yes,-,GAG|Ty3_gypsy PROT|Ty3_gypsy RT|Ty3_gypsy RH|Ty3_gypsy INT|Ty3_gypsy,True,6,5155,5155,0,0,1.0,1.0,1.0,1.0,33.63565891472868,28.416666666666668,31.05686274509804,57.8962325080732,0.536422862070816,-0.8985573694023926,31.05686274509804,57.8962325080732,0.536422862070816,0.23937834327039215,input_data/ectopic_recombination/JASCRD010215815.1_De_1911_7065.fa.depth.txt,d91ef5576bcd23fabb38b1d3c12830656e6779076e94aaef9772924c5996a24f,200154,usable,1.0,True,0.536422862070816,0.0
138,4711,4574,JASCRD010222790.1_De,138,806,669,4044,4711,668,134,137,ctta,4712,4715,ctta,,,,,,,,,,,,,,welteri,SRX19958882,GCA_030264495.1,JASCRD010222790.1_De_138_4711,JASCRD010222790.1_De_138_4711,LTR,Gypsy,unknown,no,-,PROT|Ty3_gypsy RT|Ty3_gypsy RH|Ty3_gypsy INT|Ty3_gypsy GAG|Ty3_gypsy,True,6,4574,4574,0,0,1.0,1.0,1.0,1.0,54.03437967115097,33.721556886227546,43.88556469708302,85.2375656472042,0.5148617791212396,-0.9577429195643835,43.88556469708302,85.2375656472042,0.5148617791212396,0.6722606276082327,input_data/ectopic_recombination/JASCRD010222790.1_De_138_4711.fa.depth.txt,d4d29e4ddf701cfc6d96c12a6c384a6f68dfa3ea5340ffaf62f0e4a4a609daa5,173710,usable,1.0,True,0.5148617791212396,0.0
7,6427,6421,JASCRD010237953.1_De,7,1000,994,5436,6427,992,3,6,agcc,6428,6431,agcc,,,,,,,,,,,,,,welteri,SRX19958882,GCA_030264495.1,JASCRD010237953.1_De_7_6427,JASCRD010237953.1_De_7_6427,LTR,Gypsy,unknown,no,+,GAG|Ty3_gypsy RT|Ty3_gypsy RH|Ty3_gypsy INT|Ty3_gypsy,True,5,6421,6421,0,0,1.0,1.0,1.0,1.0,3157.5181086519115,7330.423387096775,5241.869587109768,7729.216685456595,0.6781889809057812,-0.5602407509866125,5241.869587109768,7729.216685456595,0.6781889809057812,-1.2149754846221357,input_data/ectopic_recombination/JASCRD010237953.1_De_7_6427.fa.depth.txt,23adeb3b3707b79fca3abead29d02a6d768826a8987d6ba337d16ab3cd762ef4,243386,usable,1.0,True,0.6781889809057812,0.0
1600,7299,5700,JASCRD010249020.1_De,1600,1774,175,7113,7299,187,1596,1599,ttgt,7300,7303,ttgt,,,,,,,,,,,,,,welteri,SRX19958882,GCA_030264495.1,JASCRD010249020.1_De_1600_7299,JASCRD010249020.1_De_1600_7299,LTR,Gypsy,unknown,no,-,GAG|Ty3_gypsy RT|Ty3_gypsy RH|Ty3_gypsy INT|Ty3_gypsy,True,5,5700,5700,0,0,1.0,1.0,1.0,1.0,734.5828571428572,798.7272727272727,767.7182320441989,123.21506182090671,6.230717419596628,2.6393982881457148,767.7182320441989,123.21506182090671,6.230717419596628,-0.12069893734954407,input_data/ectopic_recombination/JASCRD010249020.1_De_1600_7299.fa.depth.txt,14311c5302c61534a121dfc5553a7cfee40f84c937b12c400f51ebc052c3bd9d,224632,usable,1.0,True,6.230717419596628,0.0
372,6337,5966,JASCRD010280017.1_De,372,610,239,6091,6337,247,368,371,ctca,6338,6341,ctca,,,,,,,,,,,,,,welteri,SRX19958882,GCA_030264495.1,JASCRD010280017.1_De_372_6337,JASCRD010280017.1_De_372_6337,LTR,Gypsy,unknown,no,-,GAG|Ty3_gypsy RT|Ty3_gypsy RH|Ty3_gypsy INT|Ty3_gypsy,True,5,5966,5966,0,0,1.0,1.0,1.0,1.0,153.87029288702928,18.534412955465587,85.08847736625515,57.86405109489051,1.4704894620447444,0.556296445489674,85.08847736625515,57.86405109489051,1.4704894620447444,3.019713164983643,input_data/ectopic_recombination/JASCRD010280017.1_De_372_6337.fa.depth.txt,00da2293ba14568ddd3d4faf140bf4b47e0ccb27e0564c8c04cba792d17da908,226264,usable,1.0,True,1.4704894620447444,0.0
1401,7295,5895,JASCRD010305490.1_De,1401,1564,164,7136,7295,160,1397,1400,gggg,7296,7299,gggg,1558.0,1571.0,gggggggggggggg,-,6.0,,,,,,,,,welteri,SRX19958882,GCA_030264495.1,JASCRD010305490.1_De_1401_7295,JASCRD010305490.1_De_1401_7295,LTR,Gypsy,unknown,yes,+,GAG|Ty3_gypsy PROT|Ty3_gypsy RT|Ty3_gypsy RH|Ty3_gypsy INT|Ty3_gypsy,True,6,5895,5895,0,0,1.0,1.0,1.0,1.0,22.073170731707318,66.35625,43.94135802469136,81.53652845090647,0.5389162239246997,-0.8918670755685238,43.94135802469136,81.53652845090647,0.5389162239246997,-1.5664533553839624,input_data/ectopic_recombination/JASCRD010305490.1_De_1401_7295.fa.depth.txt,7bd9d7e286d7f09b43d8d98a3be7c5264a61dd7fa7e02af77f26a2ceba31d890,230278,usable,1.0,True,0.5389162239246997,0.0
693,6362,5670,JASCRD010308811.1_De,693,937,245,6115,6362,248,689,692,gaca,6363,6366,gaca,,,,,,,,,,,,,,welteri,SRX19958882,GCA_030264495.1,JASCRD010308811.1_De_693_6362,JASCRD010308811.1_De_693_6362,LTR,Gypsy,unknown,no,+,GAG|Ty3_gypsy RT|Ty3_gypsy RH|Ty3_gypsy INT|Ty3_gypsy,True,5,5670,5670,0,0,1.0,1.0,1.0,1.0,2599.9591836734694,11211.197580645161,6931.778904665314,4410.587212671431,1.5716226820661443,0.6522548944084781,6931.778904665314,4410.587212671431,1.5716226820661443,-2.1081664364422497,input_data/ectopic_recombination/JASCRD010308811.1_De_693_6362.fa.depth.txt,d2678e724c93b8222b3a7ef1e37bcc679764c81c8c80c94dcc6e90b030583350,225703,usable,1.0,True,1.5716226820661443,0.0
2212,7727,5516,JASCRD010314349.1_De,2212,2701,490,7248,7727,480,2208,2211,tcgt,7728,7731,tcgt,,,,,,,,,,,,,,welteri,SRX19958882,GCA_030264495.1,JASCRD010314349.1_De_2212_7727,JASCRD010314349.1_De_2212_7727,LTR,Gypsy,unknown,no,+,GAG|Ty3_gypsy RT|Ty3_gypsy RH|Ty3_gypsy INT|Ty1_copia,True,5,5516,5516,0,0,1.0,1.0,1.0,1.0,62.27755102040816,30.454166666666666,46.5298969072165,84.81236251649803,0.5486216340001768,-0.8661165812513381,46.5298969072165,84.81236251649803,0.5486216340001768,1.0201151296011617,input_data/ectopic_recombination/JASCRD010314349.1_De_2212_7727.fa.depth.txt,84deb8190def9ceaeef4e0e61d33e4018975018e6898ba3ad66d4fcca449d38b,214882,usable,1.0,True,0.5486216340001768,0.0
1016,6888,5873,JASCRD010340939.1_De,1016,1461,446,6438,6888,451,1012,1015,ctac,6889,6892,ctac,,,,,,,,,,,,,,welteri,SRX19958882,GCA_030264495.1,JASCRD010340939.1_De_1016_6888,JASCRD010340939.1_De_1016_6888,LTR,Gypsy,unknown,no,+,GAG|Ty3_gypsy RT|Ty3_gypsy RH|Ty3_gypsy INT|Ty3_gypsy,True,5,5873,5873,0,0,1.0,1.0,1.0,1.0,7417.82735426009,12100.824833702882,9772.377926421404,3260.031752411576,2.9976327436664953,1.5838236416758718,9772.377926421404,3260.031752411576,2.9976327436664953,-0.7059991628171705,input_data/ectopic_recombination/JASCRD010340939.1_De_1016_6888.fa.depth.txt,f48b875d218d6f2d1103efc0c0fce1fa637c68f7a0ea4fe954eaf3b6ea6c7dc0,237267,usable,1.0,True,2.997632743666496,4.440892098500626e-16
721,6250,5530,JASCRD010347585.1_De,721,1383,663,5575,6250,676,717,720,tggt,6251,6254,tggt,,,,,,,,,,,,,,welteri,SRX19958882,GCA_030264495.1,JASCRD010347585.1_De_721_6250,JASCRD010347585.1_De_721_6250,LTR,Gypsy,unknown,no,-,PROT|Bel-Pao RT|Ty3_gypsy RH|Ty3_gypsy INT|Ty3_gypsy GAG|Ty3_gypsy,True,6,5530,5530,0,100,1.0,1.0,1.0,0.9761393462180864,42.529411764705884,34.094674556213015,38.27109783420463,55.59818659031257,0.6883515485174653,-0.5387825419217881,38.27109783420463,56.95722317281838,0.6719270305380459,0.3147731490019301,input_data/ectopic_recombination/JASCRD010347585.1_De_721_6250.fa.depth.txt,80f3c8f0ecb322204e41edc12d26fc930f8e9f2ab8253bd43a9599676bbd8281,209245,usable,1.0,True,0.6719270305380459,0.0
13,6245,6233,JASCRD010381921.1_De,13,259,247,5989,6245,257,9,12,ttac,6246,6249,ttac,,,,,,,,,,,,,,welteri,SRX19958882,GCA_030264495.1,JASCRD010381921.1_De_13_6245,JASCRD010381921.1_De_13_6245,LTR,Gypsy,unknown,no,+,GAG|Ty3_gypsy RT|Ty3_gypsy RH|Ty3_gypsy INT|Ty3_gypsy,True,5,6233,6233,0,0,1.0,1.0,1.0,1.0,15.149797570850202,28.980544747081712,22.202380952380953,45.02722988305114,0.4930878717177809,-1.0200833269962084,22.202380952380953,45.02722988305114,0.4930878717177809,-0.9136191869623823,input_data/ectopic_recombination/JASCRD010381921.1_De_13_6245.fa.depth.txt,92f48caa588acaf3b1eda4fce7765dfb3ee853b562ab4c4d9c0830973b851592,229503,usable,1.0,True,0.4930878717177809,0.0
400,6572,6173,JASCRD010431755.1_De,400,1096,697,5881,6572,692,396,399,tttg,6573,6576,tttg,1107.0,1117.0,ggggagggggg,-,11.0,,,,,,,,,welteri,SRX19958882,GCA_030264495.1,JASCRD010431755.1_De_400_6572,JASCRD010431755.1_De_400_6572,LTR,Gypsy,unknown,no,+,GAG|Ty3_gypsy RT|Ty3_gypsy RH|Ty3_gypsy INT|Ty3_gypsy,True,5,6173,6173,0,0,1.0,1.0,1.0,1.0,9154.051649928264,4230.541907514451,6701.158387329014,6852.77550167224,0.9778750793300862,-0.03227791799404775,6701.158387329014,6852.77550167224,0.9778750793300862,1.1134762554990678,input_data/ectopic_recombination/JASCRD010431755.1_De_400_6572.fa.depth.txt,09bf4fa9274f813b55937c3130e373640f43ced991335cb39a22caad3198d466,245790,usable,1.0,True,0.9778750793300862,0.0
6,6252,6247,JASCRD010433970.1_De,6,950,945,5314,6252,939,2,5,atca,6253,6256,atca,,,,,,,,,,,,,,welteri,SRX19958882,GCA_030264495.1,JASCRD010433970.1_De_6_6252,JASCRD010433970.1_De_6_6252,LTR,Gypsy,unknown,no,+,GAG|Ty3_gypsy RT|Ty3_gypsy RH|Ty3_gypsy INT|Ty3_gypsy,True,5,6247,6247,0,0,1.0,1.0,1.0,1.0,490.93333333333334,3616.5889243876463,2048.7839702760084,2003.379555351822,1.0226639104920947,0.03233209392730584,2048.7839702760084,2003.379555351822,1.0226639104920947,-2.8797614439866797,input_data/ectopic_recombination/JASCRD010433970.1_De_6_6252.fa.depth.txt,7d86d1dcc36b5941b85e3f728d78d38a6074a70f0ea9c47ee4b4352199815dbd,232353,usable,1.0,True,1.0226639104920947,0.0
2102,8538,6437,JASCRD010442826.1_De,2102,2872,771,7761,8538,778,2098,2101,cccc,8539,8542,cccc,7774.0,7787.0,aaggaaggatgaga,+,26.0,,,,,,,,,welteri,SRX19958882,GCA_030264495.1,JASCRD010442826.1_De_2102_8538,JASCRD010442826.1_De_2102_8538,LTR,Gypsy,unknown,no,+,PROT|Ty3_gypsy RT|Ty3_gypsy RH|Ty3_gypsy INT|Ty3_gypsy GAG|Ty3_gypsy,True,6,6437,6437,0,0,1.0,1.0,1.0,1.0,77.3177691309987,62.12596401028278,69.687540348612,172.3934124386252,0.40423551783582146,-1.3067320063354888,69.687540348612,172.3934124386252,0.40423551783582146,0.31333871583577433,input_data/ectopic_recombination/JASCRD010442826.1_De_2102_8538.fa.depth.txt,efd584624a234a1219d82639b7729eab03b8d832ebb554c9bf4159f6f511d60f,253958,usable,1.0,True,0.4042355178358214,5.551115123125783e-17
5,5762,5758,JASCRD010458337.1_De,5,547,543,5228,5762,535,1,4,agaa,5763,5766,agaa,5223.0,5231.0,aagaaaagg,+,3.0,,,,,,,,,welteri,SRX19958882,GCA_030264495.1,JASCRD010458337.1_De_5_5762,JASCRD010458337.1_De_5_5762,LTR,Gypsy,unknown,no,+,RH|Ty3_gypsy INT|Ty3_gypsy GAG|Ty3_gypsy RT|Ty3_gypsy,True,5,5758,5758,0,0,1.0,1.0,1.0,1.0,46.25230202578269,71.11214953271028,58.5899814471243,151.62457264957266,0.3864148166968597,-1.3717776809278166,58.5899814471243,151.62457264957266,0.3864148166968597,-0.6151669689004577,input_data/ectopic_recombination/JASCRD010458337.1_De_5_5762.fa.depth.txt,7a5e2f6689a46bbc49cb021cd02b69bbe80709532da25d6f29fb026efc354b4d,209458,usable,1.0,True,0.3864148166968597,0.0
836,7027,6192,JASCRD010462769.1_De,836,1513,678,6347,7027,681,831,835,aaaag,7028,7032,aaaag,6350.0,6359.0,aaaaggagag,+,12.0,,,,,,,,,welteri,SRX19958882,GCA_030264495.1,JASCRD010462769.1_De_836_7027,JASCRD010462769.1_De_836_7027,LTR,Gypsy,unknown,no,-,INT|Ty3_gypsy GAG|Ty3_gypsy RT|Ty3_gypsy RH|Ty3_gypsy,True,5,6192,6192,0,0,1.0,1.0,1.0,1.0,3871.929203539823,7861.7400881057265,5871.238410596026,8063.220566935651,0.7281505400797108,-0.4576913464217396,5871.238410596026,8063.220566935651,0.7281505400797108,-1.0217015561667677,input_data/ectopic_recombination/JASCRD010462769.1_De_836_7027.fa.depth.txt,fb9a179b4d017242ed02903aa944f43ebb976954a381dcdaaece8dde636a4c20,246943,usable,1.0,True,0.7281505400797108,0.0
147,6932,6786,JASCRD010494882.1_De,147,718,572,6364,6932,569,140,146,tgcgcaa,6933,6939,tgcgcaa,,,,,,,,,,,,,,welteri,SRX19958882,GCA_030264495.1,JASCRD010494882.1_De_147_6932,JASCRD010494882.1_De_147_6932,LTR,Gypsy,unknown,no,+,RT|Ty3_gypsy RH|Ty3_gypsy INT|Ty3_gypsy GAG|Ty3_gypsy PROT|Ty3_gypsy,True,6,6786,6786,0,0,1.0,1.0,1.0,1.0,39.32692307692308,33.73286467486819,36.537248028045575,72.40478299379983,0.5046247846799615,-0.9867170287698217,36.537248028045575,72.40478299379983,0.5046247846799615,0.21836200017417576,input_data/ectopic_recombination/JASCRD010494882.1_De_147_6932.fa.depth.txt,063220ff6cbc7cc320a922c6880043a7d3d9219409953377297972cc1584c5b8,257357,usable,1.0,True,0.5046247846799615,0.0
1806,6990,5185,JASCRD010509276.1_De,1806,1933,128,6864,6990,127,1802,1805,ctta,6991,6994,ctta,1944.0,1956.0,agggaaataagga,-,11.0,,,,,,,,,welteri,SRX19958882,GCA_030264495.1,JASCRD010509276.1_De_1806_6990,JASCRD010509276.1_De_1806_6990,LTR,Gypsy,unknown,no,+,RT|Ty3_gypsy RH|Ty3_gypsy INT|Ty3_gypsy GAG|Ty3_gypsy,True,5,5185,5185,0,0,1.0,1.0,1.0,1.0,73.0546875,65.75590551181102,69.41960784313726,166.33793103448275,0.4173408158404122,-1.2607020721269413,69.41960784313726,166.33793103448275,0.4173408158404122,0.15076823423371205,input_data/ectopic_recombination/JASCRD010509276.1_De_1806_6990.fa.depth.txt,98b89bed276cd5ff8ee5749def73cc6fa3479475c4da85abf7127984f74dbd3f,204300,usable,1.0,True,0.4173408158404122,0.0
58,6604,6547,JASCRD010549152.1_De,58,516,459,6139,6604,466,54,57,ctct,6605,6608,ctct,,,,,,,,,,,,,,welteri,SRX19958882,GCA_030264495.1,JASCRD010549152.1_De_58_6604,JASCRD010549152.1_De_58_6604,LTR,Gypsy,unknown,yes,+,GAG|Ty3_gypsy PROT|Bel-Pao RT|Ty3_gypsy RH|Ty3_gypsy INT|Ty3_gypsy,True,6,6547,6547,0,0,1.0,1.0,1.0,1.0,8.751633986928105,25.51716738197425,17.197837837837838,57.30665243685521,0.30010194465272094,-1.7364754272948904,17.197837837837838,57.30665243685521,0.30010194465272094,-1.4916838009169535,input_data/ectopic_recombination/JASCRD010549152.1_De_58_6604.fa.depth.txt,1ca1f04a17b6c0e6e31b293112f627a527e939cb12b4723ed1ee94197d565d26,241175,usable,1.0,True,0.3001019446527209,5.551115123125783e-17
1263,6986,5724,JASCRD010575723.1_De,1263,1842,580,6426,6986,561,1259,1262,cacc,6987,6990,cacc,,,,,,,,,,,,,,welteri,SRX19958882,GCA_030264495.1,JASCRD010575723.1_De_1263_6986,JASCRD010575723.1_De_1263_6986,LTR,Gypsy,unknown,yes,-,GAG|Ty3_gypsy PROT|Ty3_gypsy RT|Ty3_gypsy RH|Ty3_gypsy INT|Ty3_gypsy,True,6,5724,5724,0,0,1.0,1.0,1.0,1.0,44.29827586206896,25.24420677361854,34.92988606485539,58.848134409775255,0.5935597859675428,-0.752534743074342,34.92988606485539,58.848134409775255,0.5935597859675428,0.7991953900446646,input_data/ectopic_recombination/JASCRD010575723.1_De_1263_6986.fa.depth.txt,d5d33b5f6bb2e5a662b27d1155158948f1250ed29e03b0698a05ea5a7631ead1,222279,usable,1.0,True,0.5935597859675428,0.0
11,6211,6201,JASCRD010656624.1_De,11,1000,990,5220,6211,992,7,10,catg,6212,6215,catg,,,,,,,,,,,,,,welteri,SRX19958882,GCA_030264495.1,JASCRD010656624.1_De_11_6211,JASCRD010656624.1_De_11_6211,LTR,Gypsy,unknown,no,+,RT|Ty3_gypsy RH|Ty3_gypsy INT|Ty3_gypsy GAG|Ty3_gypsy PROT|Ty3_gypsy,True,6,6201,6201,0,2,0.997979797979798,1.0,0.9989909182643795,1.0,108.45050505050504,107.59173387096774,108.02068617558022,166.97771983882436,0.6469167639841259,-0.6283479961353496,108.12979797979798,166.97771983882436,0.6475702152608775,0.011416684546014374,input_data/ectopic_recombination/JASCRD010656624.1_De_11_6211.fa.depth.txt,5d5b2f68bcf6a02397dedb3ee11b79c4919ff380221d332f1df7a0dbff8cda43,232555,usable,1.0,True,0.6475702152608775,0.0
7,6365,6359,JASCRD010664382.1_De,7,998,992,5370,6365,996,3,6,gtga,6366,6369,gtga,,,,,,,,,,,,,,welteri,SRX19958882,GCA_030264495.1,JASCRD010664382.1_De_7_6365,JASCRD010664382.1_De_7_6365,LTR,Gypsy,unknown,yes,-,GAG|Ty3_gypsy PROT|Ty3_gypsy RT|Ty3_gypsy RH|Ty3_gypsy INT|Ty3_gypsy,True,6,6359,6359,0,0,1.0,1.0,1.0,1.0,58.07056451612903,96.63253012048193,77.39034205231388,146.1324639670556,0.5295903453031554,-0.9170512735545855,77.39034205231388,146.1324639670556,0.5295903453031554,-0.7297787420866398,input_data/ectopic_recombination/JASCRD010664382.1_De_7_6365.fa.depth.txt,c1a5b84fe1c7f4bc723ed3cc51372c1eb9a58b96e0ab8de1196a0badea5429a6,231365,usable,1.0,True,0.5295903453031554,0.0
13,6117,6105,JASCRD010666594.1_De,13,304,292,5813,6117,305,9,12,agag,6118,6121,agag,311.0,320.0,ggggggaaga,-,7.0,,,,,,,,,welteri,SRX19958882,GCA_030264495.1,JASCRD010666594.1_De_13_6117,JASCRD010666594.1_De_13_6117,LTR,Gypsy,unknown,no,+,GAG|Ty3_gypsy RT|Ty3_gypsy RH|Ty3_gypsy INT|Ty3_gypsy,True,5,6105,6105,0,0,1.0,1.0,1.0,1.0,86.98287671232876,51.17377049180328,68.68844221105527,57.23075526506899,1.200201568071556,0.26327671986423823,68.68844221105527,57.23075526506899,1.200201568071556,0.7595685044578434,input_data/ectopic_recombination/JASCRD010666594.1_De_13_6117.fa.depth.txt,7d40832a6c2532d3dade3dbff541348138066dd460eef83df0fb451208ba9116,225796,usable,1.0,True,1.200201568071556,0.0
134,5740,5607,JASCRD010667703.1_De,134,233,100,5638,5740,103,130,133,aggg,5741,5744,aggg,,,,,,,,,,,,,,welteri,SRX19958882,GCA_030264495.1,JASCRD010667703.1_De_134_5740,JASCRD010667703.1_De_134_5740,LTR,Gypsy,unknown,no,-,GAG|Ty3_gypsy RT|Ty3_gypsy RH|Ty3_gypsy INT|Ty3_gypsy,True,5,5607,5607,0,0,1.0,1.0,1.0,1.0,121.93,133.01941747572815,127.55665024630542,69.59030347890452,1.8329658568736193,0.8741799126765555,127.55665024630542,69.59030347890452,1.8329658568736193,-0.12509244914493955,input_data/ectopic_recombination/JASCRD010667703.1_De_134_5740.fa.depth.txt,064500b4164b51a0599dc406f7cfd9e3eaea2227480475660ac1c7d54f532fcb,212561,usable,1.0,True,1.8329658568736196,2.220446049250313e-16
9,5328,5320,JASCRD010716473.1_De,9,433,425,4899,5328,430,5,8,ctgg,5329,5332,ctgg,,,,,,,,,,,,,,welteri,SRX19958882,GCA_030264495.1,JASCRD010716473.1_De_9_5328,JASCRD010716473.1_De_9_5328,LTR,Gypsy,unknown,no,-,RT|Ty3_gypsy RH|Ty3_gypsy INT|Ty3_gypsy GAG|Ty3_gypsy PROT|Bel-Pao,True,6,5320,5320,0,0,1.0,1.0,1.0,1.0,40.89176470588235,47.723255813953486,44.32748538011696,94.42105263157895,0.4694661216400347,-1.0909070433031194,44.32748538011696,94.42105263157895,0.4694661216400347,-0.2203853003408693,input_data/ectopic_recombination/JASCRD010716473.1_De_9_5328.fa.depth.txt,cecd8a4560fb4471cbc5b13c4085a56c10fe5f22c85d3f2859f1197a37b6fbf0,192203,usable,1.0,True,0.4694661216400347,0.0
1049,6725,5677,JASCRD010748637.1_De,1049,1263,215,6515,6725,211,1045,1048,acca,6726,6729,acca,,,,,,,,,,,,,,welteri,SRX19958882,GCA_030264495.1,JASCRD010748637.1_De_1049_6725,JASCRD010748637.1_De_1049_6725,LTR,Gypsy,unknown,yes,+,GAG|Ty3_gypsy PROT|Ty3_gypsy RT|Ty3_gypsy RH|Ty3_gypsy INT|Ty3_gypsy,True,6,5677,5677,0,0,1.0,1.0,1.0,1.0,13.530232558139534,18.81042654028436,16.145539906103288,51.78346981527328,0.31178945643656425,-1.6813559526241837,16.145539906103288,51.78346981527328,0.31178945643656425,-0.46084110920426546,input_data/ectopic_recombination/JASCRD010748637.1_De_1049_6725.fa.depth.txt,a420dd1bbce3ce69774f393ca9c2f7eab1b66dcf89199620e39c67ffc90fa7ca,220189,usable,1.0,True,0.3117894564365642,5.551115123125783e-17
10,5692,5683,JASCRD010802970.1_De,10,210,201,5486,5692,207,6,9,tgga,5693,5696,tgga,,,,,,,,,,,,,,welteri,SRX19958882,GCA_030264495.1,JASCRD010802970.1_De_10_5692,JASCRD010802970.1_De_10_5692,LTR,Gypsy,unknown,no,-,GAG|Ty3_gypsy RT|Ty3_gypsy RH|Ty3_gypsy INT|Ty3_gypsy,True,5,5683,5683,0,0,1.0,1.0,1.0,1.0,5814.721393034826,32470.2077294686,19338.460784313724,3509.4999052132703,5.510318081384458,2.4621356003192885,19338.460784313724,3509.4999052132703,5.510318081384458,-2.481232806723953,input_data/ectopic_recombination/JASCRD010802970.1_De_10_5692.fa.depth.txt,b6178132367081229fdd6ab551d84d1b0afaed6f4e5770f195cb833fd157ceac,219292,usable,1.0,True,5.510318081384458,0.0
9,6661,6653,JASCRD010804079.1_De,9,939,931,5739,6661,923,5,8,catg,6662,6665,catg,928.0,938.0,gatgagggaga,-,11.0,,,,,,,,,welteri,SRX19958882,GCA_030264495.1,JASCRD010804079.1_De_9_6661,JASCRD010804079.1_De_9_6661,LTR,Gypsy,unknown,no,-,GAG|Ty3_gypsy RT|Ty3_gypsy RH|Ty3_gypsy INT|Ty3_gypsy,True,5,6653,6653,0,0,1.0,1.0,1.0,1.0,30.980665950590762,46.019501625135426,38.467637540453076,63.88956032506772,0.6020958251196464,-0.7319349809535753,38.467637540453076,63.88956032506772,0.6020958251196464,-0.5633695806145939,input_data/ectopic_recombination/JASCRD010804079.1_De_9_6661.fa.depth.txt,6c3aca6c320e512d322e26270e9a7a961ce9975b4f440a9fab445c05949055e1,239298,usable,1.0,True,0.6020958251196464,0.0
12,5859,5848,JASCRD010835110.1_De,12,166,155,5691,5859,169,8,11,agac,5860,5863,agac,5679.0,5693.0,gagaggcggaaagag,+,2.0,,,,,,,,,welteri,SRX19958882,GCA_030264495.1,JASCRD010835110.1_De_12_5859,JASCRD010835110.1_De_12_5859,LTR,Gypsy,unknown,no,+,GAG|Ty3_gypsy RT|Ty3_gypsy RH|Ty3_gypsy INT|Ty3_gypsy,True,5,5848,5848,0,0,1.0,1.0,1.0,1.0,30.303225806451614,112.9171597633136,73.39506172839506,69.34051412020276,1.0584729960490875,0.08198446352309392,73.39506172839506,69.34051412020276,1.0584729960490875,-1.8804855860280587,input_data/ectopic_recombination/JASCRD010835110.1_De_12_5859.fa.depth.txt,d39a9c3b8533f37ce384b54753c31aca9d113fe27ae759bb22ed0f45508ef6ac,216245,usable,1.0,True,1.0584729960490875,0.0
127,6638,6512,JASCRD010836218.1_De,127,1113,987,5650,6638,989,123,126,tcta,6639,6642,tcta,,,,,,,,,,,,,,welteri,SRX19958882,GCA_030264495.1,JASCRD010836218.1_De_127_6638,JASCRD010836218.1_De_127_6638,LTR,Gypsy,unknown,no,-,INT|Ty3_gypsy GAG|Ty3_gypsy PROT|Ty3_gypsy RT|Ty3_gypsy RH|Ty3_gypsy,True,6,6512,6512,0,0,1.0,1.0,1.0,1.0,59.59979736575481,49.623862487360974,54.60678137651822,102.0302028218695,0.5352021251183244,-0.9018442504110133,54.60678137651822,102.0302028218695,0.5352021251183244,0.2618625353428466,input_data/ectopic_recombination/JASCRD010836218.1_De_127_6638.fa.depth.txt,b5490589851a95ab135ea673c35dfc3cbd23c5a280ec23dc7de2bf0e8353b9c7,247319,usable,1.0,True,0.5352021251183244,0.0
6,5850,5845,JASCRD010841757.1_De,6,291,286,5571,5850,280,2,5,caca,5851,5854,caca,,,,,,,,,,,,,,welteri,SRX19958882,GCA_030264495.1,JASCRD010841757.1_De_6_5850,JASCRD010841757.1_De_6_5850,LTR,Gypsy,unknown,no,+,GAG|Ty3_gypsy RT|Ty3_gypsy RH|Ty3_gypsy INT|Ty3_gypsy,True,5,5845,5845,0,0,1.0,1.0,1.0,1.0,24.702797202797203,60.55,42.436395759717314,62.60731199090737,0.6778185232721773,-0.5610290318810911,42.436395759717314,62.60731199090737,0.6778185232721773,-1.2764074310648916,input_data/ectopic_recombination/JASCRD010841757.1_De_6_5850.fa.depth.txt,edcfdbcffe53701cd8e81df997660735b97461a795af438d4ef225b732415f26,210258,usable,1.0,True,0.6778185232721773,0.0
469,6568,6100,JASCRD010875023.1_De,469,1459,991,5579,6568,990,465,468,atag,6569,6572,atag,,,,,,,,,,,,,,welteri,SRX19958882,GCA_030264495.1,JASCRD010875023.1_De_469_6568,JASCRD010875023.1_De_469_6568,LTR,Gypsy,unknown,no,+,GAG|Ty3_gypsy RT|Ty3_gypsy RH|Ty3_gypsy INT|Ty3_gypsy,True,5,6100,6100,0,0,1.0,1.0,1.0,1.0,42.75075681130171,43.217171717171716,42.98384654215043,134.9735372663268,0.318461288136323,-1.6508100844406837,42.98384654215043,134.9735372663268,0.318461288136323,-0.015474691292929086,input_data/ectopic_recombination/JASCRD010875023.1_De_469_6568.fa.depth.txt,c16ebf1c8ee610eb6e3cad2f7afbd824a86980776baaaa59768fee012b329b61,232090,usable,1.0,True,0.318461288136323,0.0
1491,7659,6169,JASCRD010897202.1_De,1491,2446,956,6709,7659,951,1486,1490,atcca,7660,7664,atcca,,,,,,,,,,,,,,welteri,SRX19958882,GCA_030264495.1,JASCRD010897202.1_De_1491_7659,JASCRD010897202.1_De_1491_7659,LTR,Gypsy,unknown,no,+,RT|Ty3_gypsy RH|Ty3_gypsy INT|Ty3_gypsy GAG|Ty3_gypsy,True,5,6169,6169,0,100,1.0,1.0,1.0,0.97653683716565,138.02301255230125,66.60462670872765,102.40744625065548,129.03965274519004,0.7936122274978202,-0.33349384081760247,102.40744625065548,132.14007688611244,0.7749915745767075,1.0456415227878146,input_data/ectopic_recombination/JASCRD010897202.1_De_1491_7659.fa.depth.txt,091c5731beca8e23a788941b614195c3a2bb5dc49892c3c4dc7d49c020160bc8,243101,usable,1.0,True,0.7749915745767075,0.0
8,5711,5704,JASCRD010910929.1_De,8,558,551,5145,5711,567,4,7,aagg,5712,5715,aagg,,,,,,,,,,,,,,welteri,SRX19958882,GCA_030264495.1,JASCRD010910929.1_De_8_5711,JASCRD010910929.1_De_8_5711,LTR,Gypsy,unknown,no,+,RH|Ty3_gypsy INT|Ty3_gypsy GAG|Ty3_gypsy RT|Ty3_gypsy,True,5,5704,5704,0,0,1.0,1.0,1.0,1.0,172.96914700544465,89.29453262786596,130.5330948121646,199.92978630614914,0.6528946847983994,-0.6150777983263459,130.5330948121646,199.92978630614914,0.6528946847983994,0.9499795792374586,input_data/ectopic_recombination/JASCRD010910929.1_De_8_5711.fa.depth.txt,19dc6e42df4eabae5de8415d13dff42dfafc46c2b221f5a9d960ec445744a95b,209338,usable,1.0,True,0.6528946847983994,0.0
17,5900,5884,JASCRD010915350.1_De,17,677,661,5231,5900,670,13,16,agcc,5901,5904,agcc,5224.0,5234.0,gggagagagag,+,3.0,,,,,,,,,welteri,SRX19958882,GCA_030264495.1,JASCRD010915350.1_De_17_5900,JASCRD010915350.1_De_17_5900,LTR,Gypsy,unknown,yes,+,GAG|Ty3_gypsy PROT|Ty3_gypsy RT|Ty3_gypsy RH|Ty3_gypsy INT|Ty3_gypsy,True,6,5884,5884,0,0,1.0,1.0,1.0,1.0,45.83812405446294,44.53731343283582,45.18332081141998,47.820997144739735,0.9448427157355941,-0.08185390535671906,45.18332081141998,47.820997144739735,0.9448427157355941,0.041078869242005905,input_data/ectopic_recombination/JASCRD010915350.1_De_17_5900.fa.depth.txt,12adc2b1d0b6cfef007a6e5de6287c73e7bcb2550b2ef4b7e83ff64f115fc1c1,216574,usable,1.0,True,0.944842715735594,1.1102230246251565e-16
10,5705,5696,JASCRD010917551.1_De,10,239,230,5463,5705,243,6,9,acgg,5706,5709,acgg,,,,,,,,,,,,,,welteri,SRX19958882,GCA_030264495.1,JASCRD010917551.1_De_10_5705,JASCRD010917551.1_De_10_5705,LTR,Gypsy,unknown,no,-,GAG|Ty3_gypsy RT|Ty3_gypsy RH|Ty3_gypsy INT|Ty3_gypsy,True,5,5696,5696,0,0,1.0,1.0,1.0,1.0,23.98695652173913,23.366255144032923,23.668076109936575,63.79915757227647,0.37097787824429507,-1.430594934722662,23.668076109936575,63.79915757227647,0.37097787824429507,0.037041262019647095,input_data/ectopic_recombination/JASCRD010917551.1_De_10_5705.fa.depth.txt,80a50819175c87b4d4c5fadaf4d1cd941580c5364971b67da78aaf3d476b56b1,210090,usable,1.0,True,0.370977878244295,5.551115123125783e-17
649,6431,5783,JASCRD010917995.1_De,649,859,211,6218,6431,214,645,648,ggag,6432,6435,ggag,,,,,,,,,,,,,,welteri,SRX19958882,GCA_030264495.1,JASCRD010917995.1_De_649_6431,JASCRD010917995.1_De_649_6431,LTR,Gypsy,unknown,no,-,GAG|Ty3_gypsy RT|Ty3_gypsy RH|Ty3_gypsy INT|Ty3_gypsy,True,5,5783,5783,0,0,1.0,1.0,1.0,1.0,32.99052132701422,49.78504672897196,41.44705882352941,58.6224337439343,0.7070170270407438,-0.5001831351123159,41.44705882352941,58.6224337439343,0.7070170270407438,-0.5863766155956415,input_data/ectopic_recombination/JASCRD010917995.1_De_649_6431.fa.depth.txt,9eba07690d7dee3980cf106ab564915222fbdf45c387ebe3ae2d5da540eab215,219299,usable,1.0,True,0.7070170270407438,0.0
27,5873,5847,JASBQO010049990.1_De,27,644,618,5256,5873,618,23,26,ttct,5874,5877,ttct,,,,,,,,,,,,,,wrighti,SRX19958881,GCA_030265035.1,JASBQO010049990.1_De_27_5873,JASBQO010049990.1_De_27_5873,LTR,Gypsy,unknown,no,-,GAG|Ty3_gypsy RT|Ty3_gypsy RH|Ty3_gypsy INT|Ty1_copia,True,5,5847,5847,0,0,1.0,1.0,1.0,1.0,6935.4012944983815,178.4061488673139,3556.903721682848,2075.149642160052,1.7140468568716893,0.7774065489209011,3556.903721682848,2075.149642160052,1.7140468568716893,5.276808489890952,input_data/ectopic_recombination/JASBQO010049990.1_De_27_5873.fa.depth.txt,11a4346331956bdf6228a43a63bc7d535204a09aaa990920bc3e8aae55f65b9c,221480,usable,1.0,True,1.7140468568716891,2.220446049250313e-16
9,5767,5759,JASBQO010118700.1_De,9,793,785,4995,5767,773,5,8,ggcg,5768,5771,ggcg,,,,,,,,,,,,,,wrighti,SRX19958881,GCA_030265035.1,JASBQO010118700.1_De_9_5767,JASBQO010118700.1_De_9_5767,LTR,Gypsy,unknown,yes,+,GAG|Ty3_gypsy PROT|Ty3_gypsy RT|Ty3_gypsy RH|Ty3_gypsy INT|Ty3_gypsy,True,6,5759,5759,0,0,1.0,1.0,1.0,1.0,296.70191082802546,213.04786545924966,255.19704749679076,527.8117114972625,0.48350016101928484,-1.0484117247267453,255.19704749679076,527.8117114972625,0.48350016101928484,0.47688391412235925,input_data/ectopic_recombination/JASBQO010118700.1_De_9_5767.fa.depth.txt,76fe73b83b7f7d80fd34c2e009ae345997343262f6919d3550f709799972f40c,212014,usable,1.0,True,0.4835001610192848,5.551115123125783e-17
8,5254,5247,JASBQO010195184.1_De,8,215,208,5039,5254,216,4,7,gctt,5255,5258,gctt,211.0,219.0,aaagaaaag,-,4.0,,,,,,,,,wrighti,SRX19958881,GCA_030265035.1,JASBQO010195184.1_De_8_5254,JASBQO010195184.1_De_8_5254,LTR,Gypsy,unknown,no,+,GAG|Ty3_gypsy INT|Ty3_gypsy RT|Ty3_gypsy RH|Ty3_gypsy,True,5,5247,5247,0,0,1.0,1.0,1.0,1.0,57.35576923076923,23.89814814814815,40.31132075471698,111.7211279286751,0.36082092529939813,-1.470645086808828,40.31132075471698,111.7211279286751,0.36082092529939813,1.2456891789276532,input_data/ectopic_recombination/JASBQO010195184.1_De_8_5254.fa.depth.txt,91c8acf9bb2f2b88170018c78844f0eb7fd64ef5c94e69d255f8f8fbeec36c1b,190353,usable,1.0,True,0.3608209252993981,5.551115123125783e-17
5,5576,5572,JASBQO010298278.1_De,5,124,120,5461,5576,116,1,4,gagc,5577,5580,gagc,,,,,,,,,,,,,,wrighti,SRX19958881,GCA_030265035.1,JASBQO010298278.1_De_5_5576,JASBQO010298278.1_De_5_5576,LTR,Gypsy,unknown,no,-,GAG|Ty3_gypsy RT|Ty3_gypsy RH|Ty3_gypsy INT|Ty3_gypsy,True,5,5572,5572,0,0,1.0,1.0,1.0,1.0,34677.316666666666,609.3103448275862,17932.025423728814,1641.22976011994,10.925968965136455,3.4496893251128506,17932.025423728814,1641.22976011994,10.925968965136455,5.829508633919826,input_data/ectopic_recombination/JASBQO010298278.1_De_5_5576.fa.depth.txt,1c67ef125a7ee1b66cb716702fb2f9d2d23e9f6e90c69f763f4e19c10d156a3b,204586,usable,1.0,True,10.925968965136455,0.0
748,5520,4773,JASBQO010364230.1_De,748,853,106,5414,5520,107,744,747,aaga,5521,5524,aaga,,,,,,,,,,,,,,wrighti,SRX19958881,GCA_030265035.1,JASBQO010364230.1_De_748_5520,JASBQO010364230.1_De_748_5520,LTR,Gypsy,unknown,yes,-,GAG|Ty3_gypsy PROT|Ty3_gypsy RT|Ty3_gypsy RH|Ty3_gypsy INT|Ty3_gypsy,True,6,4773,4773,0,0,1.0,1.0,1.0,1.0,55.08490566037736,27.962616822429908,41.460093896713616,82.48004385964913,0.5026681844066855,-0.9923217160813703,41.460093896713616,82.48004385964913,0.5026681844066855,0.9656248577901211,input_data/ectopic_recombination/JASBQO010364230.1_De_748_5520.fa.depth.txt,a93072d44734e60f4394d941125d0a24a25b45e22a2e2dc16559375f71776e56,181261,usable,1.0,True,0.5026681844066855,0.0
1661,8201,6541,JASBQO010376245.1_De,1661,2655,995,7208,8201,994,1657,1660,gaag,8202,8205,gaag,,,,,,,,,,,,,,wrighti,SRX19958881,GCA_030265035.1,JASBQO010376245.1_De_1661_8201,JASBQO010376245.1_De_1661_8201,LTR,Gypsy,unknown,yes,+,GAG|Ty3_gypsy PROT|Ty3_gypsy RT|Ty3_gypsy RH|Ty3_gypsy INT|Ty3_gypsy,True,6,6541,6541,0,0,1.0,1.0,1.0,1.0,267.62613065326633,119.85412474849095,193.77727501256913,315.75395430579965,0.6136970649776908,-0.7044014111223117,193.77727501256913,315.75395430579965,0.6136970649776908,1.1556262399160582,input_data/ectopic_recombination/JASBQO010376245.1_De_1661_8201.fa.depth.txt,3a61cf4e78fea8b5b9b1fbefefc7a5014b665862a247876e1f95ff2fef216012,258777,usable,1.0,True,0.6136970649776908,0.0
6,5379,5374,JASBQO010378124.1_De,6,165,160,5229,5379,151,2,5,tgta,5380,5383,tgta,,,,,,,,,,,,,,wrighti,SRX19958881,GCA_030265035.1,JASBQO010378124.1_De_6_5379,JASBQO010378124.1_De_6_5379,LTR,Gypsy,unknown,no,+,RT|Ty3_gypsy RH|Ty3_gypsy GAG|Ty3_gypsy INT|Ty3_gypsy,True,5,5374,5374,0,0,1.0,1.0,1.0,1.0,92.85625,99.06622516556291,95.87138263665595,143.15642899466718,0.6696966619656831,-0.5784203177848187,95.87138263665595,143.15642899466718,0.6696966619656831,-0.09290982355236065,input_data/ectopic_recombination/JASBQO010378124.1_De_6_5379.fa.depth.txt,79f4262349cdee5ad1ce3407b518d9dfc3eac58b1162be3143bb7edc265ee536,196411,usable,1.0,True,0.6696966619656831,0.0
10,5283,5274,JASBQO010388935.1_De,10,285,276,5009,5283,275,6,9,tgga,5284,5287,tgga,,,,,,,,,,,,,,wrighti,SRX19958881,GCA_030265035.1,JASBQO010388935.1_De_10_5283,JASBQO010388935.1_De_10_5283,LTR,Gypsy,unknown,no,-,RH|Ty3_gypsy INT|Ty3_gypsy GAG|Ty3_gypsy PROT|Ty3_gypsy RT|Ty3_gypsy,True,6,5274,5274,0,0,1.0,1.0,1.0,1.0,250.11231884057972,526.3236363636364,387.96733212341195,556.0683887359729,0.6976971537715353,-0.5193271466516324,387.96733212341195,556.0683887359729,0.6976971537715353,-1.0718627426812206,input_data/ectopic_recombination/JASBQO010388935.1_De_10_5283.fa.depth.txt,41b908c093e4c5b5186fdde426acc6a29e556768e363703b4773e649491c16f1,199459,usable,1.0,True,0.6976971537715353,0.0
2117,13917,11801,JASBQO010404956.1_De,2117,3085,969,12931,13917,987,2113,2116,tagc,13918,13921,tagc,3096.0,3104.0,gggaagggg,-,11.0,,,,,,,,,wrighti,SRX19958881,GCA_030265035.1,JASBQO010404956.1_De_2117_13917,JASBQO010404956.1_De_2117_13917,LTR,Gypsy,unknown,no,-,PROT|Ty3_gypsy RT|Retrovirus RH|Retrovirus INT|Ty3_gypsy,True,5,11801,11801,0,3,1.0,0.9969604863221885,0.9984662576687117,1.0,95.24871001031991,113.6160081053698,104.51687116564418,277.9280853224987,0.37605724892598097,-1.41097578815851,104.6774193548387,277.9280853224987,0.37663490983062914,-0.25317623062403644,input_data/ectopic_recombination/JASBQO010404956.1_De_2117_13917.fa.depth.txt,418d74877a3bf58aecea8337a65e3db2ca2161ea38be768700f371d4464abb05,483741,usable,1.0,True,0.3766349098306291,5.551115123125783e-17
1771,8187,6417,JASBQO010421531.1_De,1771,2114,344,7848,8187,340,1767,1770,acca,8188,8191,acca,,,,,,,,,,,,,,wrighti,SRX19958881,GCA_030265035.1,JASBQO010421531.1_De_1771_8187,JASBQO010421531.1_De_1771_8187,LTR,Gypsy,unknown,yes,+,GAG|Ty3_gypsy PROT|Ty3_gypsy RT|Ty3_gypsy RH|Ty3_gypsy INT|Ty3_gypsy,True,6,6417,6417,0,0,1.0,1.0,1.0,1.0,136.24418604651163,623.6029411764706,378.4985380116959,328.22082679225537,1.1531825743991055,0.20562094172178705,378.4985380116959,328.22082679225537,1.1531825743991055,-2.1903045153728065,input_data/ectopic_recombination/JASBQO010421531.1_De_1771_8187.fa.depth.txt,ce582a5230e76fa6f96d82cde0b4f94a2ae59b698d4f3689a851af911e5788cf,254891,usable,1.0,True,1.1531825743991055,0.0
1684,8857,7174,JASBQO010422633.1_De,1684,2674,991,7867,8857,991,1680,1683,gtgg,8858,8861,gtgg,2650.0,2659.0,aaggggaaga,-,24.0,,,,,,,,,wrighti,SRX19958881,GCA_030265035.1,JASBQO010422633.1_De_1684_8857,JASBQO010422633.1_De_1684_8857,LTR,Gypsy,unknown,no,+,INT|Ty3_gypsy PROT|Bel-Pao RT|Ty3_gypsy RH|Ty3_gypsy,True,5,7174,7174,0,0,1.0,1.0,1.0,1.0,76.01210898082745,80.17457114026236,78.0933400605449,124.23247303543914,0.6286064999951151,-0.6697709047388706,78.0933400605449,124.23247303543914,0.6286064999951151,-0.07642591339661171,input_data/ectopic_recombination/JASBQO010422633.1_De_1684_8857.fa.depth.txt,7d2759664b7e8a06f68d1a8adf466b8dc220c4cf41a312fef421397875008aef,281782,usable,1.0,True,0.6286064999951151,0.0
94,5005,4912,JASBQO010426714.1_De,94,289,196,4801,5005,205,90,93,gaga,5006,5009,gaga,308.0,320.0,ggaaaggcgagag,-,19.0,,,,,,,,,wrighti,SRX19958881,GCA_030265035.1,JASBQO010426714.1_De_94_5005,JASBQO010426714.1_De_94_5005,LTR,Gypsy,unknown,yes,+,GAG|Ty3_gypsy PROT|Ty3_gypsy RT|Ty3_gypsy RH|Ty3_gypsy INT|Ty3_gypsy,True,6,4912,4912,0,0,1.0,1.0,1.0,1.0,54.14795918367347,135.51707317073172,95.74563591022444,218.94236311239194,0.43730977664233184,-1.1932724927391252,95.74563591022444,218.94236311239194,0.43730977664233184,-1.315548228308673,input_data/ectopic_recombination/JASBQO010426714.1_De_94_5005.fa.depth.txt,53d7de28a275efb0cf0d6e841649b4e37b306b91123ec30d60a988a92bdf28e4,184591,usable,1.0,True,0.4373097766423318,5.551115123125783e-17
814,6825,6012,JASBQO010455774.1_De,814,1807,994,5837,6825,989,810,813,acga,6826,6829,acga,1813.0,1822.0,agagaagaga,-,6.0,,,,,,,,,wrighti,SRX19958881,GCA_030265035.1,JASBQO010455774.1_De_814_6825,JASBQO010455774.1_De_814_6825,LTR,Gypsy,unknown,no,-,INT|Ty3_gypsy GAG|Ty3_gypsy PROT|Ty3_gypsy RT|Ty3_gypsy RH|Ty3_gypsy,True,6,6012,6012,0,0,1.0,1.0,1.0,1.0,191.8963782696177,339.3670374115268,265.4457892082703,298.5346239761727,0.8891624886681707,-0.1694810085938988,265.4457892082703,298.5346239761727,0.8891624886681707,-0.8208888047925127,input_data/ectopic_recombination/JASBQO010455774.1_De_814_6825.fa.depth.txt,78ed99e3429ea846d6a0723bf562cae432a9255b5c668ae80cd0caa9d460b8c8,232402,usable,1.0,True,0.8891624886681707,0.0
6,6899,6894,JASBQO010485600.1_De,6,374,369,6531,6899,369,2,5,tctg,6900,6903,tctg,,,,,,,,,,,,,,wrighti,SRX19958881,GCA_030265035.1,JASBQO010485600.1_De_6_6899,JASBQO010485600.1_De_6_6899,LTR,Gypsy,unknown,no,+,PROT|Bel-Pao RT|Ty3_gypsy RH|Ty3_gypsy INT|Ty3_gypsy,True,5,6894,6894,0,0,1.0,1.0,1.0,1.0,77.53929539295393,91.37669376693766,84.4579945799458,342.41699155295646,0.24665246370194793,-2.01944839704277,84.4579945799458,342.41699155295646,0.24665246370194793,-0.2354981893875315,input_data/ectopic_recombination/JASBQO010485600.1_De_6_6899.fa.depth.txt,959e92e1f36492b6602fbce1d69e324b01bc678f1b64931c16059a1082b8bd0d,253231,usable,1.0,True,0.2466524637019479,2.7755575615628914e-17
293,6493,6201,JASBQO010487810.1_De,293,628,336,6160,6493,334,288,292,catag,6494,6498,catag,,,,,,,,,,,,,,wrighti,SRX19958881,GCA_030265035.1,JASBQO010487810.1_De_293_6493,JASBQO010487810.1_De_293_6493,LTR,Gypsy,unknown,no,-,GAG|Ty3_gypsy RT|Ty3_gypsy RH|Ty3_gypsy INT|Ty3_gypsy,True,5,6201,6201,0,0,1.0,1.0,1.0,1.0,397.13392857142856,376.7215568862275,386.9582089552239,417.6396673295968,0.926536053027359,-0.11008097992807414,386.9582089552239,417.6396673295968,0.926536053027359,0.07602873844280414,input_data/ectopic_recombination/JASBQO010487810.1_De_293_6493.fa.depth.txt,f4fde3ad79719ec76c38f0beead047d1e8a0cf0485c22a6ec96226b88a359764,240652,usable,1.0,True,0.926536053027359,0.0
3011,8119,5109,JASBQO010503250.1_De,3011,3155,145,7981,8119,139,3007,3010,ccga,8120,8123,ccga,7975.0,7982.0,agagggga,+,1.0,,,,,,,,,wrighti,SRX19958881,GCA_030265035.1,JASBQO010503250.1_De_3011_8119,JASBQO010503250.1_De_3011_8119,LTR,Gypsy,unknown,yes,+,GAG|Ty3_gypsy PROT|Ty3_gypsy RT|Ty3_gypsy RH|Ty3_gypsy INT|Ty3_gypsy,True,6,5109,5109,0,0,1.0,1.0,1.0,1.0,1330.703448275862,1401.7194244604316,1365.4612676056338,703.8507772020725,1.9399868719809847,0.9560468896330148,1365.4612676056338,703.8507772020725,1.9399868719809847,-0.07498104957408967,input_data/ectopic_recombination/JASBQO010503250.1_De_3011_8119.fa.depth.txt,73107dd178fa18852779064ba1b2b72cfce72468ea43bf0326a9523926a276e1,204125,usable,1.0,True,1.9399868719809847,0.0
45,6299,6255,JASBQO010512093.1_De,45,323,279,6007,6299,293,41,44,aaaa,6300,6303,aaaa,326.0,335.0,gaagaagagg,-,3.0,,,,,,,,,wrighti,SRX19958881,GCA_030265035.1,JASBQO010512093.1_De_45_6299,JASBQO010512093.1_De_45_6299,LTR,Gypsy,unknown,no,+,INT|Ty3_gypsy PROT|Ty3_gypsy RT|Ty3_gypsy RH|Ty3_gypsy,True,5,6255,6255,0,0,1.0,1.0,1.0,1.0,82.53405017921148,100.95904436860069,91.97202797202797,171.59370051029387,0.5359872052325755,-0.8997295329502688,91.97202797202797,171.59370051029387,0.5359872052325755,-0.2891225011401599,input_data/ectopic_recombination/JASBQO010512093.1_De_45_6299.fa.depth.txt,1a6ea8b119fb1d00f368398d6fe1067c1b40020822ed804d282d41b44c35d1e7,235208,usable,1.0,True,0.5359872052325755,0.0
2566,9075,6510,JASBQO010526459.1_De,2566,2886,321,8757,9075,319,2562,2565,aaca,9076,9079,aaca,8771.0,8780.0,ggagaaggag,+,23.0,,,,,,,,,wrighti,SRX19958881,GCA_030265035.1,JASBQO010526459.1_De_2566_9075,JASBQO010526459.1_De_2566_9075,LTR,Gypsy,unknown,no,+,INT|Ty3_gypsy GAG|Ty3_gypsy PROT|Ty3_gypsy RT|Ty3_gypsy RH|Ty3_gypsy,True,6,6510,6510,0,0,1.0,1.0,1.0,1.0,109.96261682242991,204.68652037617554,157.1765625,218.08330494037477,0.7207179960106206,-0.47249322563253066,157.1765625,218.08330494037477,0.7207179960106206,-0.8933777470537572,input_data/ectopic_recombination/JASBQO010526459.1_De_2566_9075.fa.depth.txt,f29b04e10fa9e04f9dbb99b9238b357e7fa3b8a3200291750b8a42d68f3ab369,258232,usable,1.0,True,0.7207179960106206,0.0
17,6953,6937,JASBQO010543029.1_De,17,720,704,6235,6953,719,13,16,ggaa,6954,6957,ggaa,,,,,,,,,,,,,,wrighti,SRX19958881,GCA_030265035.1,JASBQO010543029.1_De_17_6953,JASBQO010543029.1_De_17_6953,LTR,Gypsy,unknown,yes,-,GAG|Ty3_gypsy PROT|Ty3_gypsy RT|Ty3_gypsy RH|Ty3_gypsy INT|Ty3_gypsy,True,6,6937,6937,0,0,1.0,1.0,1.0,1.0,378.72727272727275,472.2990264255911,426.00632466619817,331.4200217627856,1.2853970692546537,0.3622140881012991,426.00632466619817,331.4200217627856,1.2853970692546537,-0.31816434310577935,input_data/ectopic_recombination/JASBQO010543029.1_De_17_6953.fa.depth.txt,eede17b39069d91d7c7c89b28d5a966de74ff11db338e44ff2ea77afb764272a,261816,usable,1.0,True,1.2853970692546537,0.0
377,6714,6338,JASBQO010550761.1_De,377,548,172,6529,6714,186,372,376,acagg,6715,6719,acagg,,,,,,,,,,,,,,wrighti,SRX19958881,GCA_030265035.1,JASBQO010550761.1_De_377_6714,JASBQO010550761.1_De_377_6714,LTR,Gypsy,unknown,yes,-,GAG|Ty3_gypsy PROT|Ty3_gypsy RT|Ty3_gypsy RH|Ty3_gypsy INT|Ty3_gypsy,True,6,6338,6338,0,0,1.0,1.0,1.0,1.0,713.8372093023256,87.23118279569893,388.28212290502796,415.2316053511706,0.9350977090885197,-0.09681097368124872,388.28212290502796,415.2316053511706,0.9350977090885197,3.0254436479363234,input_data/ectopic_recombination/JASBQO010550761.1_De_377_6714.fa.depth.txt,17bce87125b2855a7db620b90bad66fbc97287c04f7939846199c0b9107314e6,246068,usable,1.0,True,0.9350977090885196,1.1102230246251565e-16
2242,7584,5343,JASBQO010559601.1_De,2242,2482,241,7345,7584,240,2238,2241,gaag,7585,7588,gaag,7314.0,7324.0,agaatggagag,+,21.0,,,,,,,,,wrighti,SRX19958881,GCA_030265035.1,JASBQO010559601.1_De_2242_7584,JASBQO010559601.1_De_2242_7584,LTR,Gypsy,unknown,yes,+,GAG|Ty3_gypsy PROT|Ty3_gypsy RT|Ty3_gypsy RH|Ty3_gypsy INT|Ty3_gypsy,True,6,5343,5343,0,100,1.0,1.0,1.0,0.9794323323735088,29.29460580912863,124.48333333333333,76.79002079002079,282.0604689428219,0.2722466607172356,-1.87701374143179,76.79002079002079,287.9836203275934,0.2666471818871814,-2.068612657287245,input_data/ectopic_recombination/JASBQO010559601.1_De_2242_7584.fa.depth.txt,0b2725886725472b6c004194c92692eb570ce0dc0a716ab72546e7a05dfe242d,211262,usable,1.0,True,0.2666471818871814,0.0
1052,7879,6828,JASBQO010566222.1_De,1052,1748,697,7189,7879,691,1048,1051,gccc,7880,7883,gccc,,,,,,,,,,,,,,wrighti,SRX19958881,GCA_030265035.1,JASBQO010566222.1_De_1052_7879,JASBQO010566222.1_De_1052_7879,LTR,Gypsy,unknown,no,+,PROT|Ty3_gypsy RT|Ty3_gypsy RH|Ty3_gypsy INT|Ty3_gypsy,True,5,6828,6828,0,0,1.0,1.0,1.0,1.0,244.23242467718794,71.44138929088278,158.21037463976944,201.45716911764706,0.7853300795037861,-0.34862893900627556,158.21037463976944,201.45716911764706,0.7853300795037861,1.7663113318531178,input_data/ectopic_recombination/JASBQO010566222.1_De_1052_7879.fa.depth.txt,91037ffeb19d148e253206ad10cb9868c535dfda6896efd5b038073bf2f8e5a8,269301,usable,1.0,True,0.7853300795037861,0.0
879,6353,5475,JASBQO010567328.1_De,879,1076,198,6172,6353,182,875,878,ggtt,6354,6357,ggtt,1094.0,1102.0,agggaaagg,-,18.0,,,,,,,,,wrighti,SRX19958881,GCA_030265035.1,JASBQO010567328.1_De_879_6353,JASBQO010567328.1_De_879_6353,LTR,Gypsy,unknown,no,+,GAG|Ty3_gypsy RT|Ty3_gypsy RH|Ty3_gypsy INT|Ty3_gypsy,True,5,5475,5475,0,0,1.0,1.0,1.0,1.0,1092.1919191919192,1776.8791208791208,1420.121052631579,867.1368007850834,1.63771281687715,0.7116823936140688,1420.121052631579,867.1368007850834,1.63771281687715,-0.7018647505110382,input_data/ectopic_recombination/JASBQO010567328.1_De_879_6353.fa.depth.txt,ef8f13a29fd4c50ef487b21b958169bc73b4cd13200d081692ce6a9be49dd300,214489,usable,1.0,True,1.63771281687715,0.0
316,7520,7205,JASBQO010570634.1_De,316,1312,997,6527,7520,994,312,315,gttg,7521,7524,gttg,1310.0,1328.0,agagaaaaaggacaaggag,-,2.0,,,,,,,,,wrighti,SRX19958881,GCA_030265035.1,JASBQO010570634.1_De_316_7520,JASBQO010570634.1_De_316_7520,LTR,Gypsy,unknown,no,+,RH|Ty3_gypsy INT|Ty3_gypsy PROT|Bel-Pao RT|Ty3_gypsy,True,5,7205,7205,0,0,1.0,1.0,1.0,1.0,360.64994984954865,276.2334004024145,318.50527373179307,318.61008822401226,0.9996710258209228,-0.0004746875009823945,318.50527373179307,318.61008822401226,0.9996710258209228,0.38410118916993513,input_data/ectopic_recombination/JASBQO010570634.1_De_316_7520.fa.depth.txt,ea1cc529e6ff03eecf2450d6504d84d496ec61426382d270af32eb4adaa4799f,279353,usable,1.0,True,0.9996710258209228,0.0
27,7415,7389,JASBQO010642491.1_De,27,863,837,6547,7415,869,23,26,tgtt,7416,7419,tgtt,,,,,,,,,,,,,,wrighti,SRX19958881,GCA_030265035.1,JASBQO010642491.1_De_27_7415,JASBQO010642491.1_De_27_7415,LTR,Gypsy,unknown,no,-,PROT|Bel-Pao RT|Ty3_gypsy RH|Ty3_gypsy INT|Ty3_gypsy,True,5,7389,7389,0,0,1.0,1.0,1.0,1.0,370.2174432497013,124.25316455696202,244.9284876905041,304.7675523491114,0.8036567075550695,-0.3153487279017518,244.9284876905041,304.7675523491114,0.8036567075550695,1.5712435872064043,input_data/ectopic_recombination/JASBQO010642491.1_De_27_7415.fa.depth.txt,0ed5e4817c051c9b7098eb774098e8308891482824a346f98d1610d7bc4cff36,278578,usable,1.0,True,0.8036567075550695,0.0
714,6373,5660,JASBQO010697787.1_De,714,959,246,6131,6373,243,710,713,aaac,6374,6377,aaac,,,,,,,,,,,,,,wrighti,SRX19958881,GCA_030265035.1,JASBQO010697787.1_De_714_6373,JASBQO010697787.1_De_714_6373,LTR,Gypsy,unknown,no,-,GAG|Ty3_gypsy RT|Ty3_gypsy RH|Ty3_gypsy INT|Ty3_gypsy,True,5,5660,5660,0,0,1.0,1.0,1.0,1.0,335.7154471544715,431.2798353909465,383.2044989775051,316.34770837362214,1.2113395761505623,0.2766033540117828,383.2044989775051,316.34770837362214,1.2113395761505623,-0.3609098598489482,input_data/ectopic_recombination/JASBQO010697787.1_De_714_6373.fa.depth.txt,a4bee60fee2bcfa94d35e15750e0fb2b0204d360eb75b973ece5655359a8508a,219175,usable,1.0,True,1.2113395761505623,0.0
340,7334,6995,JASBQO010703325.1_De,340,932,593,6759,7334,576,336,339,gttg,7335,7338,gttg,,,,,,,,,,,,,,wrighti,SRX19958881,GCA_030265035.1,JASBQO010703325.1_De_340_7334,JASBQO010703325.1_De_340_7334,LTR,Gypsy,unknown,no,-,RH|Ty3_gypsy INT|Ty3_gypsy PROT|Bel-Pao RT|Ty3_gypsy,True,5,6995,6995,0,0,1.0,1.0,1.0,1.0,148.41315345699832,145.01041666666666,146.73652694610777,195.88431170614487,0.7490979020628974,-0.41677381333218927,146.73652694610777,195.88431170614487,0.7490979020628974,0.03334875723199454,input_data/ectopic_recombination/JASBQO010703325.1_De_340_7334.fa.depth.txt,9e53757b171c853c22f6b91ba8aa1588cbde3b95f5ad8f75d672694170eb7f2e,269628,usable,1.0,True,0.7490979020628974,0.0
1562,6963,5402,JASBQO010825005.1_De,1562,2183,622,6347,6963,617,1558,1561,aaaa,6964,6967,aaaa,,,,,,,,,,,,,,wrighti,SRX19958881,GCA_030265035.1,JASBQO010825005.1_De_1562_6963,JASBQO010825005.1_De_1562_6963,LTR,Gypsy,unknown,no,+,RT|Ty3_gypsy RH|Ty3_gypsy INT|Ty3_gypsy GAG|Ty3_gypsy PROT|Ty3_gypsy,True,6,5402,5402,0,0,1.0,1.0,1.0,1.0,56.37942122186495,87.74878444084278,72.00080710250202,125.50588517895748,0.5736847080902768,-0.8016700322859289,72.00080710250202,125.50588517895748,0.5736847080902768,-0.6336696216572373,input_data/ectopic_recombination/JASBQO010825005.1_De_1562_6963.fa.depth.txt,ecc91f98fc5f8696dafec09e6593deeeb5e9c3ff48ec26417c0829fe2cbe54db,213090,usable,1.0,True,0.5736847080902768,0.0
9,6844,6836,JASBQO010827215.1_De,9,890,882,5957,6844,888,5,8,ggaa,6845,6848,ggaa,,,,,,,,,,,,,,wrighti,SRX19958881,GCA_030265035.1,JASBQO010827215.1_De_9_6844,JASBQO010827215.1_De_9_6844,LTR,Gypsy,unknown,yes,-,GAG|Ty3_gypsy PROT|Ty3_gypsy RT|Ty3_gypsy RH|Ty3_gypsy INT|Ty3_gypsy,True,6,6836,6836,0,0,1.0,1.0,1.0,1.0,65.42063492063492,147.26013513513513,106.47909604519774,331.7293722858271,0.3209818151208282,-1.6394365295589453,106.47909604519774,331.7293722858271,0.3209818151208282,-1.1644550477109625,input_data/ectopic_recombination/JASBQO010827215.1_De_9_6844.fa.depth.txt,75fb21ba46ca8141cd00453b73e1437684f2b3d0b85e2c4f6259f166a9b04ba2,250701,usable,1.0,True,0.3209818151208282,0.0
1246,6797,5552,JASBQO010850442.1_De,1246,1439,194,6608,6797,190,1242,1245,agaa,6798,6801,agaa,,,,,,,,,,,,,,wrighti,SRX19958881,GCA_030265035.1,JASBQO010850442.1_De_1246_6797,JASBQO010850442.1_De_1246_6797,LTR,Gypsy,unknown,no,-,GAG|Ty3_gypsy RT|Ty3_gypsy RH|Ty3_gypsy INT|Ty3_gypsy,True,5,5552,5552,0,0,1.0,1.0,1.0,1.0,570.9896907216495,168.68421052631578,371.9322916666667,681.3374613003095,0.5458855747588669,-0.873329521083516,371.9322916666667,681.3374613003095,0.5458855747588669,1.756132541275406,input_data/ectopic_recombination/JASBQO010850442.1_De_1246_6797.fa.depth.txt,1e4cda3659cd659b48744461fd49ca4bf20867767e1e4694965039e98197565b,220876,usable,1.0,True,0.5458855747588669,0.0
11,6238,6228,JASBQO010991013.1_De,11,1000,990,5244,6238,995,7,10,aatt,6239,6242,aatt,,,,,,,,,,,,,,wrighti,SRX19958881,GCA_030265035.1,JASBQO010991013.1_De_11_6238,JASBQO010991013.1_De_11_6238,LTR,Gypsy,unknown,yes,-,GAG|Ty3_gypsy PROT|Ty3_gypsy RT|Ty3_gypsy RH|Ty3_gypsy INT|Ty3_gypsy,True,6,6228,6228,0,0,1.0,1.0,1.0,1.0,148.210101010101,1474.8251256281408,813.1884130982368,1020.8053264199858,0.7966145865932422,-0.3280461981465145,813.1884130982368,1020.8053264199858,0.7966145865932422,-3.310458374572864,input_data/ectopic_recombination/JASBQO010991013.1_De_11_6238.fa.depth.txt,d3ffd6e7f44278fcd7253af9be9f97096088923a1f6710240711b8210ccf431a,237903,usable,1.0,True,0.7966145865932422,0.0
972,6521,5550,JASBQO010994338.1_De,972,1148,177,6345,6521,177,968,971,catc,6522,6525,catc,1131.0,1140.0,gaggaaaaaa,-,17.0,,,,,,,,,wrighti,SRX19958881,GCA_030265035.1,JASBQO010994338.1_De_972_6521,JASBQO010994338.1_De_972_6521,LTR,Gypsy,unknown,no,-,RH|Ty3_gypsy INT|Ty3_gypsy GAG|Ty3_gypsy RT|Ty3_gypsy,True,5,5550,5550,0,0,1.0,1.0,1.0,1.0,227.25423728813558,140.10169491525423,183.67796610169492,236.09815242494227,0.7779729075181467,-0.3622081798684205,183.67796610169492,236.09815242494227,0.7779729075181467,0.6958639093027297,input_data/ectopic_recombination/JASBQO010994338.1_De_972_6521.fa.depth.txt,c44417c4ee53bf8d92c9a7122e2938e0e5c33cfb5f57192576b6c967d6280f65,214933,usable,1.0,True,0.7779729075181467,0.0
16,6463,6448,JASBQO011016474.1_De,16,367,352,6105,6463,359,12,15,tttg,6464,6467,tttg,,,,,,,,,,,,,,wrighti,SRX19958881,GCA_030265035.1,JASBQO011016474.1_De_16_6463,JASBQO011016474.1_De_16_6463,LTR,Bel-Pao,unknown,no,-,PROT|Bel-Pao RT|Ty3_gypsy RH|Ty3_gypsy INT|Bel-Pao,True,5,6448,6448,0,4,1.0,0.9888579387186629,0.9943741209563994,1.0,63.14204545454545,15.428969359331477,39.050632911392405,65.02074254837022,0.6005873107699726,-0.7355541009823496,39.271570014144274,65.02074254837022,0.6039852587799865,1.9983272803932364,input_data/ectopic_recombination/JASBQO011016474.1_De_16_6463.fa.depth.txt,c985f031d0194d382c106eaa1568e3777ae3a6af9bfd2adda481625365bf0de2,238151,usable,1.0,True,0.6039852587799865,0.0
5,6284,6280,JASBQO011048579.1_De,5,355,351,5933,6284,352,1,4,gtgc,6285,6288,gtgc,5917.0,5926.0,agggaaagga,+,7.0,,,,,,,,,wrighti,SRX19958881,GCA_030265035.1,JASBQO011048579.1_De_5_6284,JASBQO011048579.1_De_5_6284,LTR,Gypsy,unknown,no,-,GAG|Ty3_gypsy RT|Ty3_gypsy RH|Ty3_gypsy INT|Ty3_gypsy,True,5,6280,6280,0,0,1.0,1.0,1.0,1.0,43.7977207977208,51.84659090909091,47.827880512091035,221.93706293706293,0.2155019980851693,-2.214226849172982,47.827880512091035,221.93706293706293,0.2155019980851693,-0.24086311289582144,input_data/ectopic_recombination/JASBQO011048579.1_De_5_6284.fa.depth.txt,0d4ff48a306f854dc3c09f62b18842f07f8c650d64af4f792bc643785aaf99d7,230315,usable,1.0,True,0.2155019980851693,0.0
4967,10746,5780,JASBQO011057434.1_De,4967,5966,1000,9754,10746,993,4963,4966,atgc,10747,10750,atgc,,,,,,,,,,,,,,wrighti,SRX19958881,GCA_030265035.1,JASBQO011057434.1_De_4967_10746,JASBQO011057434.1_De_4967_10746,LTR,Gypsy,unknown,no,+,INT|Ty3_gypsy PROT|Ty3_gypsy RT|Ty3_gypsy RH|Ty3_gypsy,True,5,5780,5780,0,0,1.0,1.0,1.0,1.0,94.302,82.98590130916415,88.66382338183642,144.49273831528916,0.6136213100783534,-0.7045795087047437,88.66382338183642,144.49273831528916,0.6136213100783534,0.18338491253528966,input_data/ectopic_recombination/JASBQO011057434.1_De_4967_10746.fa.depth.txt,3763d8b0cfb3e16ad9649fde7fd8898a058dcd9c066ecab90c5bd1febfe2eafa,233820,usable,1.0,True,0.6136213100783534,0.0
512,6174,5663,JASBQO011181415.1_De,512,858,347,5823,6174,352,508,511,ttca,6175,6178,ttca,,,,,,,,,,,,,,wrighti,SRX19958881,GCA_030265035.1,JASBQO011181415.1_De_512_6174,JASBQO011181415.1_De_512_6174,LTR,Gypsy,unknown,no,+,PROT|Ty3_gypsy RT|Ty3_gypsy RH|Ty3_gypsy INT|Ty3_gypsy,True,5,5663,5663,0,0,1.0,1.0,1.0,1.0,158.38040345821327,77.9715909090909,117.88841201716738,153.63678485092666,0.7673189212567432,-0.3821017642449591,117.88841201716738,153.63678485092666,0.7673189212567432,1.017698837169857,input_data/ectopic_recombination/JASBQO011181415.1_De_512_6174.fa.depth.txt,e6a904d7ce136fbc12dcefb25cf2110e7d069fa6b874ad4edae6f4337f7d8cd0,218309,usable,1.0,True,0.7673189212567432,0.0
731,6048,5318,JASBQO011256738.1_De,731,1110,380,5672,6048,377,727,730,catc,6049,6052,catc,,,,,,,,,,,,,,wrighti,SRX19958881,GCA_030265035.1,JASBQO011256738.1_De_731_6048,JASBQO011256738.1_De_731_6048,LTR,Gypsy,unknown,no,+,RT|Ty3_gypsy RH|Ty3_gypsy INT|Ty3_gypsy GAG|Ty3_gypsy PROT|Ty3_gypsy,True,6,5318,5318,0,0,1.0,1.0,1.0,1.0,460.58684210526314,324.9893899204244,393.0568031704095,457.64196448147334,0.858874040573964,-0.2194815285572977,393.0568031704095,457.64196448147334,0.858874040573964,0.5024279804130727,input_data/ectopic_recombination/JASBQO011256738.1_De_731_6048.fa.depth.txt,95ef8f044fc3180dad3a39b10643aa09ac7d2ee1f9a4540314f2a9774d8c0ed9,206206,usable,1.0,True,0.858874040573964,0.0
13,5979,5967,JASBQO011304369.1_De,13,738,726,5252,5979,728,9,12,aaat,5980,5983,aaat,,,,,,,,,,,,,,wrighti,SRX19958881,GCA_030265035.1,JASBQO011304369.1_De_13_5979,JASBQO011304369.1_De_13_5979,LTR,Gypsy,unknown,no,-,INT|Ty3_gypsy GAG|Ty3_gypsy RT|Ty3_gypsy RH|Ty3_gypsy,True,5,5967,5967,0,0,1.0,1.0,1.0,1.0,200.46831955922866,257.82554945054943,229.18638239339754,443.47906049191226,0.5167918912319812,-0.9523446614096769,229.18638239339754,443.47906049191226,0.5167918912319812,-0.3622222445827804,input_data/ectopic_recombination/JASBQO011304369.1_De_13_5979.fa.depth.txt,cc036f43807a3c15d862181856f2f8f59c177057d3057e4c9ecaa320bed323a0,225390,usable,1.0,True,0.5167918912319812,0.0
