Specimen,Museum,Species,Clade,State,County,LatDD,LongDD,SVL,TL,AG,CW,FL,HL,SG,TW,TO,FI,HW,ED,IN,ES,ON,IO,IC
RAP0758,,carolinensis,carolinensis,North Carolina,Mitchell,36.1109695,-82.3589843,37.56,4.49,18.75,5.21,3.36,2.06,9.08,3.66,1.84,1.65,5.75,2.02,1.86,2.35,1.68,1.96,3.07
RAP0759,,carolinensis,carolinensis,North Carolina,Mitchell,36.1109695,-82.3589843,43.96,27.10,23.42,6.01,2.87,2.96,10.26,5.18,2.85,1.72,6.46,2.35,2.51,2.63,1.60,2.10,3.43
RAP0768,,carolinensis,carolinensis,North Carolina,Mitchell,36.082145,-82.2792714,34.80,27.47,18.58,4.83,3.07,2.58,7.57,3.61,1.94,1.21,5.34,1.94,2.02,2.19,1.52,1.47,2.71
RAP0769,,carolinensis,carolinensis,North Carolina,Mitchell,36.136275,-82.2394658,16.80,7.43,8.33,2.51,1.40,1.64,3.96,1.49,1.03,0.63,2.88,1.41,1.02,1.17,0.70,0.86,1.45
RAP0770,,carolinensis,carolinensis,North Carolina,Mitchell,36.136275,-82.2394658,45.76,23.71,24.14,6.83,3.46,3.17,10.44,4.85,2.98,1.79,6.89,2.33,2.49,2.76,1.86,2.16,3.51
RAP0774,,carolinensis,carolinensis,North Carolina,Mitchell,36.136275,-82.2394658,42.47,30.92,21.89,6.20,2.20,1.61,9.63,4.68,2.76,1.27,6.65,2.45,2.48,2.53,1.33,1.70,3.10
RAP0783,,carolinensis,carolinensis,North Carolina,Burke,35.9488909,-81.9334562,36.45,26.13,19.52,4.92,2.47,2.78,8.81,3.32,2.44,1.57,5.50,2.08,1.98,2.53,1.60,1.63,2.93
RAP0784,,carolinensis,carolinensis,North Carolina,Burke,35.8174325,-81.9388853,41.36,28.10,22.28,6.27,3.21,2.68,9.50,4.37,2.43,1.22,6.34,2.30,2.29,2.79,1.66,1.98,3.09
RAP0785,,carolinensis,carolinensis,North Carolina,Burke,35.8174325,-81.9388853,42.65,22.66,23.24,5.88,3.96,2.94,9.57,4.41,2.36,1.63,6.28,2.12,2.21,2.80,1.96,1.96,3.08
RAP0786,,carolinensis,carolinensis,North Carolina,Burke,35.8174325,-81.9388853,20.38,11.23,10.38,2.85,1.82,1.17,5.06,1.94,1.04,0.47,3.45,1.41,1.20,1.29,0.81,0.88,1.69
RAP0795,,carolinensis,carolinensis,North Carolina,McDowell,35.7268532,-82.1864388,36.03,26.26,18.98,4.91,3.02,2.37,8.21,3.41,2.22,1.33,5.41,2.12,1.88,2.14,1.41,1.63,2.52
RAP0796,,carolinensis,carolinensis,North Carolina,McDowell,35.7268532,-82.1864388,29.40,18.62,14.64,4.22,2.08,1.95,6.30,2.62,1.74,0.90,4.82,1.82,1.68,1.90,1.20,1.13,2.42
RAP0802,,carolinensis,carolinensis,North Carolina,McDowell,35.6310592,-82.2609134,20.03,12.21,10.45,2.82,1.45,1.41,5.47,1.73,1.08,0.59,3.56,1.44,1.30,1.52,0.89,1.03,1.87
RAP0803,,carolinensis,carolinensis,North Carolina,McDowell,35.6310592,-82.2609134,34.42,32.02,17.92,4.79,2.85,2.65,8.03,3.19,2.30,1.22,5.15,1.99,1.72,1.93,1.31,1.36,2.51
RAP0810,,carolinensis,carolinensis,North Carolina,Buncombe,35.7232987,-82.4052189,21.34,13.28,11.53,2.73,1.68,1.66,5.19,1.76,1.16,0.70,3.52,1.56,1.21,1.28,0.80,0.99,1.61
RAP0811,,carolinensis,carolinensis,North Carolina,Buncombe,35.7232987,-82.4052189,46.10,28.36,24.75,6.83,4.45,3.43,10.23,5.32,3.07,2.18,7.07,2.41,2.40,1.95,1.04,2.12,3.17
RAP0812,,carolinensis,carolinensis,North Carolina,Buncombe,35.7232987,-82.4052189,38.98,35.54,21.17,5.25,3.12,2.83,9.19,3.81,2.77,1.59,5.69,2.34,2.02,2.31,1.45,1.84,2.83
RAP0813,MNHN-RA 2021.0126,carolinensis,carolinensis,North Carolina,Buncombe,35.7515827,-82.3347442,35.87,27.04,18.86,4.81,2.94,2.72,8.92,3.74,1.99,1.72,5.84,2.39,2.16,2.21,1.42,1.89,2.85
RAP0814,,carolinensis,carolinensis,North Carolina,Buncombe,35.7515827,-82.3347442,33.37,7.05,17.48,4.17,3.12,2.14,8.32,3.09,2.44,1.40,5.27,2.23,2.02,2.06,1.23,1.51,2.52
RAP0815,,carolinensis,carolinensis,North Carolina,Buncombe,35.7536468,-82.3350345,46.74,32.61,26.27,6.67,3.72,2.94,10.03,5.39,3.40,2.31,7.21,2.63,2.45,2.38,1.49,2.24,3.16
RAP0816,,carolinensis,carolinensis,North Carolina,Buncombe,35.7536468,-82.3350345,35.00,24.66,17.56,4.36,2.66,2.54,8.21,3.19,2.64,1.84,5.49,1.98,1.80,1.79,1.06,1.70,2.76
RAP0817,BMNH 2021.756,carolinensis,carolinensis,North Carolina,Buncombe,35.7567295,-82.3360719,42.54,36.88,21.81,6.28,3.42,2.82,9.91,4.79,2.15,1.98,6.55,2.45,2.36,3.00,1.96,1.76,3.33
RAP0818,,carolinensis,carolinensis,North Carolina,Buncombe,35.7567295,-82.3360719,45.45,29.79,24.97,6.25,3.95,2.83,9.77,4.77,3.11,2.08,6.79,2.38,2.52,2.35,1.42,1.82,3.22
RAP0819,,carolinensis,carolinensis,North Carolina,Buncombe,35.7683872,-82.3375773,34.53,25.88,18.15,4.70,2.53,1.32,8.14,3.68,1.86,0.95,5.39,2.22,1.86,1.86,1.25,1.74,2.74
RAP0820,,carolinensis,carolinensis,North Carolina,Buncombe,35.7683872,-82.3375773,48.94,41.09,26.21,7.48,2.93,3.32,11.47,5.84,3.39,1.17,7.66,2.51,2.72,3.29,1.94,2.29,3.92
RAP0821,,carolinensis,carolinensis,North Carolina,Buncombe,35.7123539,-82.2454018,43.19,40.90,24.01,5.55,4.10,3.22,9.51,4.14,2.87,1.75,6.06,2.10,2.00,2.77,1.79,2.17,3.31
RAP0822,,carolinensis,carolinensis,North Carolina,Buncombe,35.7123539,-82.2454018,42.46,37.45,22.41,5.85,3.29,2.92,10.00,4.47,3.25,2.10,6.68,2.45,2.51,2.64,1.83,1.89,3.37
RAP0823,,carolinensis,carolinensis,North Carolina,Buncombe,35.7123539,-82.2454018,42.10,36.37,22.12,5.91,3.65,1.79,9.73,4.41,2.59,1.63,6.47,2.45,2.43,2.78,1.65,2.12,3.42
RAP1881,,carolinensis,carolinensis,North Carolina,Buncombe,35.673048,-82.467036,21.39,19.43,11.37,2.88,2.22,1.89,4.97,2.02,1.40,0.77,3.65,1.43,1.43,1.32,0.72,1.05,1.80
RAP1882,,carolinensis,carolinensis,North Carolina,Buncombe,35.673048,-82.467036,33.59,20.67,17.96,4.66,3.25,2.52,7.08,3.63,2.30,1.43,5.09,1.86,1.81,1.54,1.05,1.28,2.09
RAP1883,,carolinensis,carolinensis,North Carolina,Buncombe,35.673048,-82.467036,38.29,35.00,21.20,5.65,3.56,2.78,8.28,4.12,2.62,1.59,5.87,1.78,2.15,2.26,1.32,1.74,3.01
RAP1884,,carolinensis,carolinensis,North Carolina,Buncombe,35.673048,-82.467036,43.63,39.63,23.38,5.97,3.94,3.09,9.66,4.32,2.71,1.31,6.69,2.22,2.70,2.90,1.89,2.03,3.44
RAP1885,,carolinensis,carolinensis,North Carolina,Buncombe,35.673048,-82.467036,37.51,39.29,19.49,5.50,3.34,2.84,8.56,3.97,2.27,1.19,5.96,2.13,2.41,2.52,1.29,1.96,3.05
RAP1886,,carolinensis,carolinensis,North Carolina,Buncombe,35.673048,-82.467036,40.73,42.26,22.09,5.80,3.46,2.75,9.14,4.22,1.92,1.21,6.05,2.26,2.42,2.47,1.36,1.55,2.82
RAP1887,,carolinensis,carolinensis,North Carolina,Buncombe,35.673048,-82.467036,49.43,39.93,26.35,7.03,4.95,3.96,10.15,4.69,2.60,1.77,7.24,2.29,2.64,2.63,1.49,1.98,3.07
RAP1889,,carolinensis,carolinensis,North Carolina,Buncombe,35.770847,-82.36237,24.04,21.41,12.20,3.37,2.19,2.04,6.28,2.06,1.46,0.87,4.11,1.65,1.41,1.54,1.05,0.92,1.91
RAP1890,,carolinensis,carolinensis,North Carolina,Buncombe,35.770847,-82.36237,26.07,23.71,13.68,3.32,2.38,2.27,6.42,2.48,1.55,0.98,4.19,1.72,1.67,1.59,0.99,1.15,2.07
RAP1891,,carolinensis,carolinensis,North Carolina,Buncombe,35.770847,-82.36237,28.53,22.86,15.27,3.88,2.54,2.43,6.94,2.61,1.82,1.01,4.58,1.93,1.68,1.83,1.09,1.24,2.38
RAP1892,,carolinensis,carolinensis,North Carolina,Buncombe,35.770847,-82.36237,30.18,34.99,15.81,4.43,3.17,2.27,7.13,2.97,2.11,1.25,5.23,1.95,1.92,1.72,1.23,1.38,2.35
RAP1900,,carolinensis,carolinensis,North Carolina,Buncombe,35.8036,-82.35425,39.44,36.39,21.19,5.17,3.86,3.10,8.67,3.48,2.47,1.44,5.95,2.22,2.11,1.97,1.38,1.49,2.79
RAP2541,,carolinensis,carolinensis,North Carolina,Caldwell,36.05656,-81.52494,24.93,27.72,12.53,3.33,1.83,2.38,5.74,2.47,1.62,0.77,4.03,1.68,1.43,1.77,1.07,1.17,2.19
RAP2542,,carolinensis,carolinensis,North Carolina,Caldwell,36.05656,-81.52494,27.50,32.44,14.56,3.82,2.11,2.32,6.34,2.86,1.70,0.93,4.34,1.63,1.70,1.94,1.08,1.28,2.42
RAP2543,,carolinensis,carolinensis,North Carolina,Caldwell,36.05656,-81.52494,29.31,35.32,16.01,4.04,2.43,2.33,6.64,2.72,1.67,1.03,4.26,1.65,1.60,1.76,1.03,1.19,2.46
RAP2680,,carolinensis,carolinensis,North Carolina,Madison,35.740087,-82.948837,45.16,32.40,24.06,6.29,4.44,3.74,10.36,4.72,3.06,1.90,6.78,2.29,2.85,2.89,1.68,2.15,3.63
RAP2681,,carolinensis,carolinensis,North Carolina,Madison,35.740087,-82.948837,47.27,31.47,25.30,6.88,3.61,3.01,10.48,4.60,2.69,1.51,6.96,2.19,2.92,3.10,1.83,2.01,3.83
RAP2691,,carolinensis,carolinensis,North Carolina,Madison,35.860552,-82.908509,22.41,11.51,12.18,3.00,2.15,2.14,5.64,1.91,1.47,0.75,3.67,1.73,1.51,1.32,0.69,1.09,1.77
RAP2692,,carolinensis,carolinensis,North Carolina,Madison,35.860552,-82.908509,23.95,20.06,12.44,3.20,1.97,2.24,5.84,2.05,1.78,0.88,3.86,1.55,1.44,1.40,0.79,1.17,2.09
RAP2693,,carolinensis,carolinensis,North Carolina,Madison,35.860552,-82.908509,33.75,19.97,18.24,4.59,2.91,2.54,7.71,3.23,2.19,1.40,5.19,2.17,2.03,1.89,1.07,1.67,2.60
RAP2699,,carolinensis,carolinensis,North Carolina,Madison,35.907434,-82.790798,35.91,42.34,19.71,5.07,3.44,2.77,8.16,3.49,2.15,1.27,5.07,1.92,1.97,2.03,1.31,1.64,2.52
RAP2700,,carolinensis,carolinensis,North Carolina,Madison,35.907434,-82.790798,42.11,51.27,22.63,5.97,3.74,3.49,9.61,4.86,2.53,1.40,6.47,2.30,2.73,2.81,1.52,1.99,3.57
RAP2701,,carolinensis,carolinensis,North Carolina,Madison,35.99544,-82.70445,24.96,25.90,13.08,3.40,2.40,2.22,6.09,2.23,1.61,0.86,3.86,1.40,1.54,1.70,1.02,1.18,2.15
RAP2702,,carolinensis,carolinensis,North Carolina,Madison,35.99544,-82.70445,24.11,25.94,13.02,3.19,2.18,2.06,6.05,2.43,1.82,1.02,3.76,1.51,1.45,1.36,0.79,1.17,1.99
RAP2703,,carolinensis,carolinensis,North Carolina,Madison,35.99544,-82.70445,31.71,31.36,17.84,4.21,2.80,1.98,6.85,3.15,2.06,0.94,4.54,1.75,1.80,2.27,1.39,1.39,2.76
RAP2704,,carolinensis,carolinensis,North Carolina,Yancey,36.038047,-82.39037,20.28,22.38,10.82,2.62,1.94,1.99,5.24,1.71,1.28,0.70,3.28,1.45,1.15,1.55,1.01,1.07,1.96
RAP2705,,carolinensis,carolinensis,North Carolina,Yancey,36.038047,-82.39037,32.98,26.58,17.28,4.46,3.02,2.62,7.72,3.20,2.17,1.10,5.05,2.03,1.94,2.15,1.26,1.62,2.69
RAP2706,,carolinensis,carolinensis,North Carolina,Yancey,36.038047,-82.39037,29.46,34.54,16.21,4.35,2.90,2.36,6.91,3.08,1.99,1.17,4.50,1.86,1.63,1.61,1.11,1.21,2.22
RAP2712,,carolinensis,carolinensis,North Carolina,Madison,35.964025,-82.60595,34.05,32.44,19.12,4.60,2.66,2.74,7.27,3.19,1.77,1.08,4.96,1.84,1.98,1.78,0.96,1.51,2.50
RAP2713,,carolinensis,carolinensis,North Carolina,Madison,35.964025,-82.60595,37.95,36.02,20.00,5.03,3.11,3.08,9.24,4.07,2.59,1.34,5.61,2.07,2.17,2.15,1.34,1.42,2.86
RAP2791,,carolinensis,carolinensis,North Carolina,Buncombe,35.53607,-82.19881,19.10,15.68,9.65,2.65,1.96,1.68,5.09,1.72,1.27,0.76,3.41,1.56,1.37,1.35,0.64,1.12,1.87
RAP2792,,carolinensis,carolinensis,North Carolina,Buncombe,35.53607,-82.19881,34.98,3.03,18.34,4.66,3.04,3.08,8.50,3.22,2.47,1.16,5.17,2.03,2.03,2.35,1.52,1.61,2.93
RAP2841,,carolinensis,carolinensis,Tennessee,Cocke,35.854063,-82.970493,23.48,26.12,12.28,3.25,2.61,2.20,5.76,1.98,1.55,0.97,3.92,1.72,1.55,1.25,0.77,1.16,1.83
RAP2842,,carolinensis,carolinensis,Tennessee,Cocke,35.854063,-82.970493,26.25,29.50,14.56,3.42,2.40,2.51,6.00,2.34,1.43,0.91,4.03,1.69,1.54,1.49,0.95,1.00,1.93
RAP0935,,campi,conanti A,North Carolina,Transylvania,35.0828156,-82.7655505,44.58,27.26,23.07,6.38,3.19,3.28,9.67,5.14,3.24,1.82,6.97,2.56,2.55,2.75,1.77,1.74,3.03
RAP1354,,campi,conanti A,Georgia,Monroe,33.06324,-83.858433,22.96,13.68,12.20,3.34,2.07,1.74,5.40,2.59,1.49,0.92,3.95,1.68,1.43,1.26,0.72,0.86,1.80
RAP1355,,campi,conanti A,Georgia,Monroe,33.06324,-83.858434,45.21,23.15,23.98,6.73,3.21,2.46,9.75,5.35,2.33,1.71,6.99,2.55,2.64,2.57,1.53,2.08,3.42
RAP1356,,campi,conanti A,Georgia,Monroe,33.06324,-83.858435,45.92,27.07,24.63,7.00,2.67,3.10,9.42,5.99,2.95,1.89,7.10,2.35,2.67,3.08,1.94,2.16,3.45
RAP1357,,campi,conanti A,Georgia,Monroe,33.06324,-83.858436,40.52,30.03,22.06,6.49,2.90,2.61,8.39,5.24,2.30,1.47,6.33,2.29,2.16,2.39,1.57,1.83,2.66
RAP1358,,campi,conanti A,Georgia,Monroe,33.06324,-83.858437,48.37,34.79,26.96,7.52,4.47,3.64,9.55,6.32,3.02,1.48,7.62,2.57,2.61,2.69,1.56,1.97,3.16
RAP1359,,campi,conanti A,Georgia,Jasper,33.318497,-83.670846,41.08,34.89,22.02,6.96,3.30,3.17,8.51,5.46,2.77,0.85,6.78,2.43,2.22,2.60,1.69,1.37,2.79
RAP1360,,campi,conanti A,Georgia,Newton,33.469797,-83.751694,42.08,34.71,22.34,6.59,3.38,3.22,9.23,5.74,3.26,1.47,6.81,2.40,2.45,2.88,1.85,1.89,3.30
RAP1408,,campi,conanti A,Georgia,Wayne,31.666559,-81.846154,33.82,24.63,17.29,5.05,3.04,2.36,7.56,3.99,2.23,1.15,5.49,2.07,1.93,1.82,1.00,1.13,1.99
RAP1409,,campi,conanti A,Georgia,Pulaski,32.367636,-83.481783,21.40,14.16,10.25,3.05,1.71,1.65,5.09,2.45,1.47,0.80,3.91,1.42,1.36,1.40,0.93,1.00,1.87
RAP1410,,campi,conanti A,Georgia,Pulaski,32.367636,-83.481783,22.70,11.85,11.76,3.64,2.19,1.52,5.65,2.40,1.29,0.61,3.90,1.73,1.45,1.18,0.66,1.10,1.69
RAP1411,,campi,conanti A,Georgia,Pulaski,32.367636,-83.481783,23.05,13.37,12.04,3.31,2.05,1.76,5.36,2.52,1.47,0.83,3.85,1.59,1.41,1.30,0.82,0.83,1.72
RAP1412,,campi,conanti A,Georgia,Pulaski,32.367636,-83.481783,22.18,13.51,10.97,3.29,1.96,1.40,5.31,2.34,1.52,0.70,3.93,1.41,1.52,1.51,0.93,1.10,1.91
RAP1413,,campi,conanti A,Georgia,Pulaski,32.367636,-83.481783,23.64,14.37,12.40,3.28,1.76,1.77,5.50,2.45,1.54,0.65,4.00,1.68,1.60,1.26,0.71,0.90,1.70
RAP1414,,campi,conanti A,Georgia,Pulaski,32.367636,-83.481783,44.04,24.35,24.06,7.26,3.35,2.07,9.39,5.39,2.57,1.45,7.43,2.56,2.65,2.61,1.57,1.94,3.15
RAP1415,,campi,conanti A,Georgia,Pulaski,32.367636,-83.481783,41.89,25.75,22.27,6.80,3.59,2.80,9.15,5.61,2.75,1.29,6.70,2.36,2.48,2.32,1.63,1.44,2.65
RAP1643,,campi,conanti A,Georgia,Wayne,31.666559,-81.846154,43.47,27.13,22.87,6.34,3.32,2.88,9.53,5.05,3.09,1.50,7.06,2.36,2.32,2.79,1.82,2.02,3.26
RAP1746,,campi,conanti A,Georgia,Effingham,32.53196,-81.27638,50.00,15.35,26.59,7.78,3.83,3.38,10.60,5.98,3.09,1.63,8.38,2.32,3.32,3.01,1.78,2.65,3.80
RAP1747,,campi,conanti A,Georgia,Effingham,32.53196,-81.27638,52.98,28.14,28.85,8.01,4.54,3.58,11.93,6.75,3.12,1.86,8.68,2.62,3.45,3.15,1.77,1.84,3.95
RAP1748,,campi,conanti A,Georgia,Effingham,32.53196,-81.27638,50.03,45.76,26.35,7.72,4.65,3.20,11.54,6.33,3.04,2.03,8.68,2.93,3.38,3.25,1.98,2.25,3.81
RAP1749,MNHN-RA 2021.0154,campi,conanti A,Georgia,Effingham,32.53196,-81.27638,39.16,37.64,21.51,5.95,2.95,2.82,8.52,4.60,2.63,1.56,6.13,2.22,2.27,1.65,0.86,1.59,2.58
RAP1750,,campi,conanti A,Georgia,Effingham,32.53196,-81.27638,27.96,28.95,15.04,4.22,2.54,1.75,6.18,3.08,1.77,0.87,4.63,1.83,1.65,1.59,1.01,1.06,1.92
RAP1751,,campi,conanti A,Georgia,Effingham,32.53196,-81.27638,37.78,35.70,21.63,5.38,3.23,2.90,7.64,3.90,2.65,1.20,6.05,2.15,2.17,1.75,1.06,1.61,2.59
RAP1752,BMNH 2021.7568,campi,conanti A,Georgia,Effingham,32.53196,-81.27638,34.68,33.61,19.73,5.03,2.78,2.35,7.50,3.68,2.34,1.23,5.21,1.91,1.69,1.61,0.92,1.31,2.46
RAP1753,,campi,conanti A,Georgia,Effingham,32.53196,-81.27638,31.29,31.94,17.21,4.62,2.52,2.07,6.63,3.47,2.09,1.06,5.00,1.72,1.91,1.55,0.82,1.24,2.14
RAP1756,,campi,conanti A,Georgia,Effingham,32.53196,-81.27638,20.13,15.89,10.78,2.75,1.52,1.83,4.65,1.66,1.50,0.83,3.52,1.50,1.10,1.12,0.59,0.86,1.39
RAP1763,,campi,conanti A,Georgia,Effingham,32.347824,-81.243411,42.17,41.47,24.01,5.68,3.85,2.74,9.11,4.05,2.46,1.32,6.12,2.18,2.41,2.18,1.32,1.48,2.78
RAP1764,,campi,conanti A,Georgia,Effingham,32.347824,-81.243411,24.31,22.34,12.53,3.94,2.24,1.65,5.85,2.49,1.35,0.64,4.18,1.61,1.55,1.43,0.84,1.07,1.80
RAP1765,,campi,conanti A,Georgia,Effingham,32.347824,-81.243411,36.33,35.46,19.84,5.13,2.85,2.63,7.69,3.92,2.35,1.19,5.58,1.99,1.92,2.04,1.26,1.58,2.70
RAP1766,,campi,conanti A,Georgia,Effingham,32.347824,-81.243411,38.23,40.47,20.98,5.71,3.24,2.23,9.12,4.26,2.46,1.37,5.88,2.30,1.86,1.86,1.25,1.92,2.73
RAP1767,,campi,conanti A,Georgia,Effingham,32.347824,-81.243411,38.65,39.98,20.88,5.85,3.11,2.30,8.83,4.05,2.41,1.25,6.32,1.88,2.41,2.36,1.38,1.73,2.96
RAP1768,,campi,conanti A,Georgia,Effingham,32.347824,-81.243411,47.38,40.07,25.03,6.92,3.52,2.92,10.27,5.22,3.03,1.27,7.25,2.48,2.62,2.46,1.75,1.75,2.89
RAP1830,,campi,conanti A,North Carolina,Transylvania,35.220063,-82.639326,23.71,24.35,12.94,3.35,2.31,1.85,5.64,2.49,1.52,0.96,3.91,1.69,1.56,1.16,0.90,0.98,1.64
RAP1831,,campi,conanti A,North Carolina,Transylvania,35.220063,-82.639326,25.92,26.24,14.19,3.10,2.84,2.10,5.87,2.37,1.77,0.87,4.05,1.55,1.57,1.33,0.95,1.19,1.76
RAP1832,,campi,conanti A,North Carolina,Transylvania,35.220063,-82.639326,33.16,19.28,17.58,5.06,3.31,2.42,8.09,3.45,1.63,1.01,5.24,1.75,2.05,2.20,1.48,1.38,2.62
RAP1833,,campi,conanti A,North Carolina,Transylvania,35.220063,-82.639326,33.58,40.11,18.18,4.67,3.11,2.42,7.48,3.40,2.02,1.27,5.09,1.68,2.08,1.88,1.15,1.53,2.63
RAP1834,,campi,conanti A,North Carolina,Transylvania,35.220063,-82.639326,37.38,21.63,20.17,5.32,3.45,2.73,8.86,4.13,2.39,1.21,5.91,2.14,2.11,2.39,1.59,1.55,2.67
RAP1835,,campi,conanti A,North Carolina,Transylvania,35.220063,-82.639326,33.66,25.10,19.62,4.61,2.83,2.43,7.25,3.46,1.98,0.89,4.75,1.93,2.02,1.75,1.06,1.35,2.11
RAP1836,,campi,conanti A,North Carolina,Transylvania,35.220063,-82.639326,39.02,40.02,21.46,5.50,3.51,2.62,8.72,3.82,2.05,1.21,5.78,1.87,2.24,2.60,1.77,1.89,2.88
RAP1837,,campi,conanti A,North Carolina,Transylvania,35.220063,-82.639326,38.01,44.57,20.62,5.36,2.87,2.24,8.73,3.71,2.29,1.23,5.67,2.05,2.16,2.00,1.17,1.46,2.40
RAP1862,,campi,conanti A,North Carolina,Transylvania,35.155209,-82.874841,25.31,28.08,13.42,3.53,2.29,1.64,5.97,2.77,1.45,0.94,4.04,1.55,1.72,1.34,0.81,0.95,1.85
RAP1863,,campi,conanti A,North Carolina,Transylvania,35.155209,-82.874841,31.63,30.55,17.17,4.41,2.47,1.76,6.37,3.26,1.64,1.06,4.47,1.71,1.84,1.42,1.07,1.21,2.01
RAP1864,,campi,conanti A,North Carolina,Transylvania,35.155209,-82.874841,32.36,34.81,18.49,4.54,3.34,2.39,7.11,3.41,2.05,0.59,4.90,1.73,1.87,1.90,1.09,1.22,2.33
RAP1865,,campi,conanti A,North Carolina,Transylvania,35.155209,-82.874841,32.81,34.53,18.63,4.57,2.91,2.27,7.13,3.49,1.98,1.09,4.71,1.78,1.75,1.54,0.94,1.37,2.43
RAP1866,,campi,conanti A,North Carolina,Transylvania,35.155209,-82.874841,34.95,38.10,18.82,5.17,3.09,2.52,8.22,4.04,2.12,1.26,5.51,1.89,1.98,2.25,1.48,1.48,2.58
RAP1867,,campi,conanti A,North Carolina,Transylvania,35.155209,-82.874841,38.29,35.90,22.00,5.82,3.09,2.53,8.30,4.12,2.14,1.49,5.59,2.06,2.17,2.14,1.29,1.71,2.80
RAP1870,,campi,conanti A,North Carolina,Transylvania,35.216597,-82.793598,30.72,17.82,16.73,4.67,3.13,1.81,6.90,3.17,2.37,1.35,4.80,2.02,1.78,1.50,0.96,1.20,2.16
RAP1871,,campi,conanti A,North Carolina,Transylvania,35.216597,-82.793598,32.44,31.21,16.98,4.49,3.12,2.03,8.13,3.20,1.89,1.14,5.03,1.95,1.90,2.00,1.42,1.47,2.27
RAP1872,,campi,conanti A,North Carolina,Transylvania,35.216597,-82.793598,32.64,25.51,17.69,4.25,3.18,2.20,7.65,2.93,2.04,1.01,4.90,2.07,1.73,1.78,1.35,1.35,2.50
RAP1873,,campi,conanti A,North Carolina,Transylvania,35.216597,-82.793598,37.89,38.85,20.18,5.15,3.40,2.53,8.72,3.73,1.81,1.52,5.72,2.01,2.34,2.44,1.64,1.58,2.86
RAP2052,,campi,conanti A,Georgia,Madison,34.189892,-83.135322,31.97,29.03,17.21,4.48,3.20,2.66,7.12,3.26,2.20,1.10,5.08,2.00,1.82,1.61,0.96,1.33,2.25
RAP2053,,campi,conanti A,Georgia,Madison,34.189892,-83.135322,35.42,20.75,19.49,4.75,2.75,2.56,7.67,3.40,2.38,1.24,5.52,1.73,2.26,2.55,1.59,1.52,3.07
RAP2054,,campi,conanti A,Georgia,Madison,34.189892,-83.135322,53.09,43.43,29.05,7.14,4.20,3.51,11.76,5.71,2.96,1.37,7.87,2.47,3.55,3.98,2.39,2.59,4.66
RAP2055,,campi,conanti A,Georgia,Madison,34.189892,-83.135322,38.19,44.47,21.41,5.90,2.89,2.87,8.05,4.42,2.37,1.50,5.84,2.14,1.79,2.15,1.50,1.52,2.45
RAP2056,,campi,conanti A,Georgia,Madison,34.189892,-83.135322,39.34,43.55,21.88,5.55,3.28,2.89,8.46,4.29,2.36,1.47,5.95,1.98,2.61,2.29,1.11,2.15,3.22
RAP2621,,campi,conanti A,North Carolina,Transylvania,35.091737,-82.810883,37.52,5.28,20.27,5.34,3.59,2.87,8.76,3.59,2.62,1.43,5.80,2.06,2.15,2.37,1.47,1.53,2.81
RAP2622,,campi,conanti A,North Carolina,Transylvania,35.091737,-82.810883,38.49,39.14,20.52,5.70,3.76,2.86,8.89,4.74,2.62,1.32,5.98,2.13,2.23,2.69,1.66,1.61,3.10
RAP2623,,campi,conanti A,North Carolina,Transylvania,35.091737,-82.810883,36.72,29.12,19.83,5.07,3.19,2.69,8.14,3.86,2.15,1.33,5.35,1.96,2.10,2.12,1.37,1.39,2.73
RAP2746,,campi,conanti A,Georgia,Clarke,33.891004,-83.366464,37.43,6.43,20.81,5.35,3.16,2.80,8.18,4.14,2.69,1.67,5.52,2.03,2.30,2.26,1.30,1.38,2.70
RAP2747,GSU 27119,campi,conanti A,Georgia,Clarke,33.891004,-83.366464,36.80,23.62,20.09,4.92,3.21,2.77,8.46,3.95,2.43,1.32,5.88,2.14,1.99,2.45,1.45,1.42,2.93
RAP2748,,campi,conanti A,Georgia,Clarke,33.891004,-83.366464,44.17,38.66,23.99,6.24,4.11,3.02,9.56,4.84,2.80,1.59,6.92,2.26,2.53,2.62,1.70,1.62,3.14
RAP2749,AMNH A-193892,campi,conanti A,Georgia,Clarke,33.891004,-83.366464,40.88,47.87,22.56,5.54,3.53,3.02,9.12,4.44,2.69,1.58,5.93,2.18,2.27,2.28,1.33,1.47,2.68
RAP2751,,campi,conanti A,Georgia,Burke,33.086003,-81.763556,23.60,16.46,12.70,3.38,1.81,2.04,5.64,2.31,1.50,0.76,3.80,1.58,1.41,1.36,0.84,0.89,1.76
RAP2752,,campi,conanti A,Georgia,Burke,33.086003,-81.763556,35.30,37.08,19.60,5.03,3.15,2.48,8.00,3.91,2.42,1.15,5.17,2.02,1.85,1.82,1.06,1.33,2.40
RAP2753,,campi,conanti A,Georgia,Burke,33.086003,-81.763556,47.52,49.14,25.15,6.92,4.03,3.22,10.76,5.05,3.16,1.62,7.47,2.38,2.59,2.65,1.80,2.11,3.22
RAP2754,,campi,conanti A,Georgia,Burke,33.086003,-81.763556,56.98,40.40,30.49,8.41,3.94,3.68,12.58,5.66,3.02,1.46,8.61,2.86,2.95,3.34,2.24,2.43,3.82
RAP2756,,campi,conanti A,Georgia,McDuffie,33.642196,-82.516722,20.18,18.57,10.97,2.80,2.07,1.77,4.90,1.70,1.40,0.65,3.48,1.54,1.29,1.26,0.63,0.90,1.50
RAP2757,,campi,conanti A,Georgia,McDuffie,33.642196,-82.516722,32.73,23.68,17.88,4.71,2.68,2.64,7.49,3.36,2.29,1.01,5.09,2.10,1.75,1.67,0.94,1.04,2.17
RAP2758,,campi,conanti A,Georgia,McDuffie,33.642196,-82.516722,46.15,30.18,25.67,6.64,3.84,3.45,10.06,5.35,3.07,1.76,6.84,2.38,2.48,2.52,1.45,1.61,3.15
RAP3065,,campi,conanti A,North Carolina,Transylvania,35.103265,-82.692746,16.57,11.28,8.95,2.42,1.36,1.41,4.16,1.59,1.03,0.60,2.98,1.29,1.03,1.14,0.70,0.74,1.48
RAP3066,,campi,conanti A,North Carolina,Transylvania,35.103265,-82.692746,29.02,15.46,15.73,3.99,1.95,2.32,6.64,2.83,2.10,1.06,4.51,1.95,1.57,1.63,0.99,1.23,2.07
RAP3067,,campi,conanti A,North Carolina,Transylvania,35.103265,-82.692746,29.04,24.21,15.70,3.96,2.47,2.51,7.06,2.55,2.07,1.04,4.61,1.93,1.68,1.93,1.20,1.45,2.24
RAP3068,,campi,conanti A,North Carolina,Transylvania,35.103265,-82.692746,32.78,26.50,18.28,4.09,2.64,2.65,7.43,2.46,2.25,1.12,4.65,1.84,1.72,1.86,1.23,1.21,2.33
RAP3069,,campi,conanti A,North Carolina,Transylvania,35.082816,-82.765551,18.23,14.93,9.19,2.61,1.43,1.65,4.25,1.61,1.26,0.67,3.07,1.37,1.07,1.26,0.74,0.66,1.59
RAP3070,,campi,conanti A,North Carolina,Transylvania,35.082816,-82.765551,42.00,35.11,23.35,5.83,3.52,3.12,9.48,4.42,2.69,1.42,6.13,2.14,2.59,2.59,1.68,1.75,2.78
RAP1484,BMNH 2021.7569,conanti,conanti B,Mississippi,Franklin,31.426,-90.98507,46.79,34.58,25.20,6.50,3.69,3.11,10.27,4.36,2.67,1.31,7.01,2.68,2.60,2.17,1.27,1.82,3.03
RAP1485,,conanti,conanti B,Mississippi,Franklin,31.426,-90.98507,53.05,45.36,29.06,8.66,4.10,3.36,11.76,6.30,2.96,1.70,8.78,2.95,3.25,3.60,2.50,2.74,4.03
RAP1486,MNHN-RA 2021.0150,conanti,conanti B,Mississippi,Franklin,31.426,-90.98507,44.82,38.11,24.66,6.73,4.03,3.87,10.06,4.83,3.17,1.36,6.86,2.49,2.55,2.88,1.86,1.91,3.28
RAP1487,,conanti,conanti B,Mississippi,Franklin,31.426,-90.98507,50.30,39.70,26.72,7.91,3.81,3.51,11.81,5.60,2.83,1.50,7.83,2.68,2.64,3.09,2.04,2.08,3.65
RAP1488,,conanti,conanti B,Mississippi,Franklin,31.426,-90.98507,49.77,26.42,27.48,7.47,4.31,3.38,10.88,5.50,2.74,1.61,7.93,2.80,2.89,3.07,1.85,2.02,3.47
RAP1489,,conanti,conanti B,Mississippi,Franklin,31.426,-90.98507,43.52,32.56,24.71,5.50,3.11,3.68,8.85,3.63,2.20,0.92,6.49,2.54,2.32,2.16,1.09,1.91,2.85
RAP1490,,conanti,conanti B,Mississippi,Amite,31.160439,-90.843299,57.83,36.97,32.61,8.49,4.28,4.16,12.44,5.80,3.31,1.59,8.44,2.92,3.11,3.36,2.14,2.08,3.59
RAP1544,,conanti,conanti B,Mississippi,Warren,32.430812,-90.724281,42.69,36.84,23.55,6.34,3.62,3.25,9.10,4.05,3.09,1.85,6.58,2.27,2.46,2.26,1.35,2.00,3.10
RAP1545,,conanti,conanti B,Mississippi,Warren,32.430812,-90.724281,49.65,42.21,28.20,6.60,4.67,3.39,9.90,4.54,2.90,1.81,6.67,2.60,2.60,2.37,1.49,1.85,3.21
RAP1546,,conanti,conanti B,Mississippi,Warren,32.430812,-90.724281,49.57,41.82,28.12,6.88,4.63,3.17,10.24,5.58,2.98,1.93,7.51,2.77,2.76,2.12,1.31,2.11,3.00
RAP2204,,conanti,conanti B,Mississippi,Amite,31.156414,-90.840551,40.99,46.64,22.80,6.23,4.64,3.26,8.52,5.53,2.64,1.26,6.66,1.81,2.63,2.34,1.05,1.99,3.56
RAP2205,,conanti,conanti B,Mississippi,Amite,31.156414,-90.840551,53.25,46.02,28.44,8.20,4.51,3.74,11.03,6.00,2.91,1.90,8.63,2.65,3.47,2.59,1.15,2.24,3.88
RAP2206,,conanti,conanti B,Mississippi,Amite,31.156414,-90.840551,43.72,46.18,25.15,6.72,3.90,3.25,8.48,4.38,2.68,1.29,6.54,2.14,2.40,2.10,1.08,1.69,3.10
RAP2207,,conanti,conanti B,Mississippi,Amite,31.156414,-90.840551,39.39,43.32,21.47,5.59,4.17,3.16,8.79,4.66,2.38,1.27,6.17,1.73,2.79,2.66,1.33,1.85,3.31
RAP2989,,conanti,conanti B,Louisiana,West Feliciana,30.942675,-91.516697,46.93,39.71,26.53,6.27,3.22,3.55,9.63,4.36,2.95,1.58,6.49,2.20,2.27,2.56,1.62,1.84,3.36
RAP2990,,conanti,conanti B,Louisiana,West Feliciana,30.944275,-91.517328,32.65,33.33,17.78,4.22,3.44,2.70,7.73,2.95,2.30,1.31,5.23,1.94,2.04,2.09,1.24,1.39,2.62
RAP2991,,conanti,conanti B,Louisiana,West Feliciana,30.944275,-91.517328,34.04,31.13,18.81,4.65,2.92,2.78,7.85,2.91,2.07,1.24,5.30,2.05,1.84,2.12,1.30,1.65,2.57
RAP2992,,conanti,conanti B,Louisiana,West Feliciana,30.944275,-91.517328,42.93,46.43,23.97,5.90,3.60,3.39,9.47,4.15,2.83,1.48,6.25,2.24,2.14,2.57,1.68,1.94,3.20
RAP2993,,conanti,conanti B,Louisiana,West Feliciana,30.944275,-91.517328,50.00,50.11,26.94,7.29,3.52,3.73,11.20,5.43,3.12,1.89,7.54,2.38,2.74,3.04,1.98,2.15,3.67
RAP0830,,tilleyi,conanti Beta,North Carolina,Haywood,35.7557385,-82.9973467,45.30,10.81,24.18,6.15,4.26,3.18,9.87,4.87,3.14,1.62,6.61,2.25,2.30,2.90,1.95,1.97,3.29
RAP0833,,tilleyi,conanti Beta,North Carolina,Haywood,35.7646218,-82.976684,46.19,35.09,24.78,6.93,2.90,2.18,10.54,5.02,2.57,1.76,6.76,2.38,2.36,2.39,1.48,1.75,3.25
RAP0835,,tilleyi,conanti Beta,North Carolina,Haywood,35.7612744,-82.9792612,48.30,45.66,25.46,6.61,3.93,2.37,10.95,5.12,3.14,1.66,7.31,2.58,2.55,3.16,2.01,2.16,3.62
RAP1931,,tilleyi,conanti Beta,Tennessee,Cocke,35.897256,-83.143416,42.82,36.01,24.53,6.46,3.78,2.85,9.01,4.96,2.80,1.47,6.39,2.33,2.16,2.37,1.45,1.88,3.19
RAP1934,,tilleyi,conanti Beta,Tennessee,Cocke,35.78725,-83.10235,22.36,21.76,11.64,2.84,2.05,1.78,5.61,2.14,1.21,0.60,3.71,1.61,1.64,1.30,0.67,0.92,1.77
RAP1935,BMNH 2021.757,tilleyi,conanti Beta,Tennessee,Cocke,35.78725,-83.10235,34.70,37.42,18.44,4.47,3.47,2.96,7.74,3.14,2.24,1.27,5.42,1.92,1.87,2.13,1.37,1.44,2.43
RAP1936,,tilleyi,conanti Beta,Tennessee,Cocke,35.78725,-83.10235,39.08,40.00,20.49,5.09,3.47,2.44,9.38,4.33,2.58,1.38,6.04,2.23,2.41,2.23,1.48,1.47,2.65
RAP1941,NCSM 109130,tilleyi,conanti Beta,North Carolina,Madison,35.82404,-82.93764,22.77,20.67,12.47,2.92,1.91,1.77,5.52,2.07,1.36,0.70,3.80,1.56,1.40,1.46,0.82,0.95,1.89
RAP1942,MNHN-RA 2021.0159,tilleyi,conanti Beta,North Carolina,Madison,35.82404,-82.93764,35.09,31.89,19.19,4.94,3.72,2.89,7.80,3.31,2.14,1.37,5.47,2.01,2.17,1.82,1.32,1.33,2.28
RAP1943,AMNH A-193893,tilleyi,conanti Beta,North Carolina,Madison,35.82404,-82.93764,36.97,36.13,20.50,5.17,3.61,3.17,8.55,4.27,1.87,1.43,5.52,1.85,2.20,2.24,1.44,1.50,2.67
RAP2284,,tilleyi,conanti Beta,Tennessee,Cocke,35.78725,-83.10235,26.64,22.36,13.92,3.76,2.39,2.09,6.71,2.76,1.68,0.94,4.26,1.65,1.70,1.53,0.83,1.29,2.12
RAP2285,,tilleyi,conanti Beta,Tennessee,Cocke,35.78725,-83.10235,32.94,37.01,18.18,4.31,2.73,2.58,7.42,3.16,2.18,0.99,4.77,1.95,1.47,1.68,1.10,1.47,2.39
RAP2286,,tilleyi,conanti Beta,Tennessee,Cocke,35.78725,-83.10235,35.14,18.93,19.36,4.48,2.77,2.12,8.04,3.02,2.25,1.09,5.13,2.07,1.82,2.01,1.20,1.53,2.57
RAP2669,,tilleyi,conanti Beta,North Carolina,Haywood,35.681938,-83.028033,35.38,47.09,19.70,4.74,3.07,3.05,7.86,3.54,2.35,1.11,5.23,1.84,2.10,1.87,1.20,1.68,2.76
RAP2670,,tilleyi,conanti Beta,North Carolina,Haywood,35.681938,-83.028033,38.42,39.63,21.25,4.95,3.16,3.13,9.10,3.65,2.51,1.38,5.50,2.03,2.43,2.44,1.49,1.78,3.13
RAP2671,,tilleyi,conanti Beta,North Carolina,Haywood,35.681938,-83.028033,42.82,48.09,24.04,5.97,3.07,3.33,9.57,4.66,2.67,1.46,6.12,2.24,2.53,2.53,1.48,2.00,3.26
RAP2673,,tilleyi,conanti Beta,North Carolina,Haywood,35.683407,-83.046534,23.06,23.67,12.20,3.04,2.05,1.88,5.68,1.97,1.55,0.74,3.81,1.75,1.39,1.36,0.83,1.02,1.77
RAP2674,,tilleyi,conanti Beta,North Carolina,Haywood,35.683407,-83.046534,37.01,27.78,19.83,4.74,3.38,2.75,9.24,3.21,2.44,1.33,5.27,2.12,2.14,2.23,1.41,1.65,2.89
RAP2682,,tilleyi,conanti Beta,North Carolina,Haywood,35.76574,-82.99596,35.59,11.82,19.38,4.81,2.77,2.99,8.42,3.21,2.58,1.37,5.37,2.08,2.06,2.31,1.49,1.63,2.93
RAP2683,,tilleyi,conanti Beta,North Carolina,Haywood,35.76574,-82.99596,23.28,26.30,12.53,3.11,2.09,2.14,6.04,1.97,1.62,0.79,3.76,1.60,1.52,1.69,0.93,1.08,2.05
RAP2684,,tilleyi,conanti Beta,North Carolina,Haywood,35.76574,-82.99596,26.55,24.99,14.62,3.41,2.43,2.37,5.96,2.20,1.92,1.08,4.04,1.49,1.77,1.38,0.83,1.17,2.09
RAP2685,,tilleyi,conanti Beta,North Carolina,Haywood,35.76574,-82.99596,31.87,34.14,17.15,3.92,3.05,2.16,7.37,3.07,2.34,1.14,4.59,1.81,1.65,1.67,0.98,1.27,2.31
RAP2688,,tilleyi,conanti Beta,North Carolina,Madison,35.793351,-82.962035,20.06,18.10,10.56,2.84,1.73,1.75,5.24,1.74,1.25,0.63,3.48,1.49,1.37,1.33,0.76,1.11,1.82
RAP2689,,tilleyi,conanti Beta,North Carolina,Madison,35.793351,-82.962035,36.67,40.57,20.14,4.78,3.13,3.11,8.55,3.55,2.02,1.30,5.27,1.92,2.06,2.12,1.32,1.51,2.81
RAP2690,,tilleyi,conanti Beta,North Carolina,Madison,35.793351,-82.962035,36.55,37.24,20.82,4.59,2.87,2.97,8.10,3.54,2.12,1.18,5.09,2.08,2.22,2.07,1.22,1.49,2.69
RAP2856,,tilleyi,conanti Beta,North Carolina,Madison,35.82404,-82.93764,45.86,49.59,26.01,5.90,4.31,3.31,9.52,4.65,3.13,1.62,6.46,2.33,2.61,2.54,1.44,1.89,3.47
RAP2857,,tilleyi,conanti Beta,North Carolina,Madison,35.82404,-82.93764,51.67,47.38,28.44,7.39,5.03,2.82,10.68,5.77,3.21,1.70,7.86,2.54,3.22,3.72,2.36,2.41,4.36
RAP3007,,tilleyi,conanti Beta,Tennessee,Cocke,35.78725,-83.10235,41.47,45.44,23.07,5.50,4.20,3.28,8.72,4.43,2.60,1.49,5.59,2.06,2.02,2.72,1.82,2.04,3.28
RAP3008,,tilleyi,conanti Beta,Tennessee,Cocke,35.78725,-83.10235,39.11,55.42,21.51,5.54,3.27,2.87,7.77,4.55,2.72,1.46,5.73,2.09,2.34,2.44,1.42,1.69,3.10
RAP3009,,tilleyi,conanti Beta,Tennessee,Cocke,35.78725,-83.10235,35.52,43.73,19.82,4.80,2.99,2.94,7.82,3.72,2.17,1.40,5.21,2.11,1.87,1.96,1.19,1.51,2.71
RAP3010,,tilleyi,conanti Beta,Tennessee,Cocke,35.78725,-83.10235,35.56,43.15,19.83,4.64,3.30,2.97,7.40,3.81,2.34,1.24,5.22,2.00,1.88,2.18,1.31,1.41,2.89
RAP3011,,tilleyi,conanti Beta,Tennessee,Cocke,35.78725,-83.10235,33.76,44.07,18.56,4.83,3.11,3.15,7.61,3.72,2.32,1.37,5.14,2.21,2.00,2.24,1.50,1.37,2.39
RAP0695,MNHN-RA 2021.0119,conanti,conanti C,Florida,Santa Rosa,30.580289,-86.80121,37.29,31.83,20.59,5.57,3.22,1.92,8.58,3.70,2.76,1.48,6.12,2.73,1.94,1.74,1.18,1.59,2.38
RAP0696,,conanti,conanti C,Florida,Santa Rosa,30.580289,-86.80121,39.07,17.21,21.19,5.32,2.85,2.96,8.86,3.85,2.72,0.90,6.34,2.47,2.18,2.06,1.19,1.39,2.62
RAP0697,,conanti,conanti C,Florida,Santa Rosa,30.580289,-86.80121,29.20,11.42,16.22,3.97,2.12,1.77,6.45,2.60,2.03,1.07,4.84,1.88,1.37,1.16,0.84,1.19,1.83
RAP0698,,conanti,conanti C,Florida,Santa Rosa,30.580289,-86.80121,34.25,13.34,17.72,4.80,2.98,1.93,8.31,3.55,2.00,1.00,5.23,2.20,1.81,1.87,1.24,1.59,2.25
RAP0699,BMNH 2021.7571,conanti,conanti C,Florida,Escambia,30.934575,-87.345964,45.64,35.55,25.43,7.24,3.30,2.74,9.71,5.51,3.02,1.32,7.14,2.62,2.61,2.55,1.81,1.94,3.04
RAP0700,,conanti,conanti C,Florida,Escambia,30.934575,-87.345964,46.11,38.24,24.06,6.72,3.06,2.31,10.13,4.92,3.04,1.68,6.59,2.37,2.17,2.23,1.70,1.91,2.97
RAP0701,,conanti,conanti C,Florida,Escambia,30.934575,-87.345964,44.64,25.68,24.33,7.22,5.44,3.07,9.60,5.29,3.18,1.12,6.98,2.26,2.14,2.39,1.60,1.87,2.85
RAP0702,,conanti,conanti C,Florida,Escambia,30.934575,-87.345964,24.51,14.42,13.11,3.17,1.51,1.91,5.92,1.89,1.69,0.60,4.03,1.71,1.31,1.19,0.86,1.08,1.72
RAP0703,,conanti,conanti C,Florida,Washington,30.487481,-85.843486,24.90,14.57,13.20,3.27,2.40,1.77,6.00,2.16,1.78,0.66,4.18,1.56,1.38,1.42,0.85,1.05,1.89
RAP0704,,conanti,conanti C,Florida,Washington,30.487481,-85.843486,42.59,19.03,21.95,6.47,2.90,1.57,9.22,4.93,2.70,1.21,6.48,2.30,1.89,2.38,1.75,2.08,3.24
RAP0705,,conanti,conanti C,Florida,Washington,30.487481,-85.843486,37.78,25.97,20.97,5.67,2.45,1.65,7.75,4.32,2.46,0.92,5.69,2.01,1.65,1.93,1.37,1.27,2.38
RAP0706,,conanti,conanti C,Florida,Washington,30.487481,-85.843486,46.40,41.43,25.10,7.03,3.33,1.37,9.97,5.31,2.65,1.73,6.95,2.28,2.18,2.62,1.90,1.83,3.40
RAP1017,,conanti,conanti C,Alabama,Butler,31.5539892,-86.8317677,42.55,37.86,23.69,6.40,3.85,2.94,9.07,5.16,3.03,1.81,6.96,2.29,2.12,2.81,1.96,1.75,3.25
RAP1018,,conanti,conanti C,Alabama,Butler,31.5539892,-86.8317677,51.52,42.78,27.41,8.00,4.63,3.27,11.04,5.98,3.84,1.58,8.16,2.79,3.01,3.43,2.39,1.95,3.70
RAP1019,,conanti,conanti C,Alabama,Monroe,31.7361168,-87.0663362,31.02,25.57,16.13,4.18,3.13,2.68,7.21,3.13,2.15,1.12,5.44,2.15,1.91,2.01,1.24,1.39,2.40
RAP1020,,conanti,conanti C,Alabama,Monroe,31.7361168,-87.0663362,26.33,19.03,14.57,3.53,2.27,1.84,6.21,2.49,1.85,0.87,4.55,1.80,1.50,1.57,0.91,1.10,2.09
RAP1021,,conanti,conanti C,Alabama,Monroe,31.7361168,-87.0663362,30.81,21.78,15.93,3.94,2.62,2.49,7.44,2.76,2.37,1.09,5.01,2.11,1.64,1.83,1.10,1.50,2.54
RAP1022,,conanti,conanti C,Alabama,Monroe,31.7361168,-87.0663362,32.61,25.06,16.79,4.54,2.85,1.56,7.79,3.45,2.26,1.20,5.29,2.09,1.85,1.89,1.04,1.47,2.39
RAP1023,,conanti,conanti C,Alabama,Monroe,31.7361168,-87.0663362,45.37,17.90,24.26,6.19,3.32,2.49,9.83,4.30,2.67,1.44,7.04,2.21,2.11,2.66,1.70,1.71,3.31
RAP1024,,conanti,conanti C,Alabama,Monroe,31.7361168,-87.0663362,48.00,26.73,25.58,7.01,5.37,2.97,10.38,5.07,3.31,1.91,7.43,2.76,2.77,2.86,1.53,1.99,3.48
RAP1025,,conanti,conanti C,Alabama,Monroe,31.7160201,-87.0930812,28.89,19.81,15.25,3.87,2.97,1.53,6.96,2.84,2.07,1.14,4.80,1.87,1.67,1.87,1.07,1.37,2.54
RAP1026,,conanti,conanti C,Alabama,Monroe,31.7160201,-87.0930812,31.29,25.42,17.31,4.32,2.94,2.56,7.36,3.23,2.43,1.30,5.26,2.02,1.68,2.03,1.19,1.35,2.53
RAP1027,,conanti,conanti C,Alabama,Monroe,31.7160201,-87.0930812,47.76,34.77,26.40,5.73,3.15,2.73,9.92,3.91,3.15,1.42,6.54,2.66,2.17,2.06,1.22,1.63,2.97
RAP1028,,conanti,conanti C,Alabama,Monroe,31.7160201,-87.0930812,34.90,20.63,18.93,5.22,3.74,2.59,7.54,3.51,2.57,1.43,5.81,2.24,1.64,1.84,1.30,1.42,2.49
RAP1029,,conanti,conanti C,Alabama,Monroe,31.7160201,-87.0930812,34.19,23.94,17.77,4.71,2.38,2.57,8.27,3.37,2.53,1.25,5.74,2.29,1.90,2.04,1.29,1.46,2.45
RAP1040,USNM 596047,conanti,conanti C,Alabama,Clarke,31.4301591,-87.8783502,36.00,30.87,18.88,4.90,2.68,2.93,8.45,3.65,2.77,1.57,5.80,2.25,2.19,2.37,1.54,1.61,2.94
RAP1041,,conanti,conanti C,Mississippi,Jackson,30.5643774,-88.626655,24.45,18.11,13.14,3.39,2.14,1.50,6.13,2.29,1.70,0.88,4.31,1.77,1.38,1.58,0.98,0.93,1.96
RAP1042,,conanti,conanti C,Mississippi,Jackson,30.5643774,-88.626655,25.91,19.70,14.16,3.49,2.42,1.85,6.54,2.54,1.85,0.89,4.54,1.88,1.35,1.67,1.07,1.07,2.12
RAP1043,,conanti,conanti C,Mississippi,Jackson,30.5643774,-88.626655,39.23,27.74,22.20,5.40,3.32,2.13,8.67,3.72,2.57,1.46,5.91,2.29,1.82,1.98,1.30,1.43,2.70
RAP1044,,conanti,conanti C,Mississippi,Jackson,30.5643774,-88.626655,34.07,27.27,18.01,4.94,2.73,2.63,7.78,4.02,2.17,1.13,5.88,2.38,1.92,2.09,1.27,1.40,2.58
RAP1045,,conanti,conanti C,Mississippi,Jackson,30.5643774,-88.626655,40.07,18.73,22.90,5.10,2.73,2.28,8.59,3.81,2.02,0.89,6.24,2.48,1.83,2.22,1.26,1.62,2.57
RAP1046,USNM 596048,conanti,conanti C,Mississippi,Jackson,30.568112,-88.627874,46.42,27.30,25.05,6.28,3.49,2.72,10.00,4.75,3.00,1.77,7.14,2.55,2.33,3.05,2.10,2.05,3.34
RAP1073,,conanti,conanti C,Alabama,Shelby,33.221292,-86.8880194,32.87,20.27,16.88,4.96,2.72,1.76,7.87,3.72,2.22,1.56,5.93,2.43,2.00,1.75,1.04,1.45,2.49
RAP1074,,conanti,conanti C,Alabama,Shelby,33.221292,-86.8880194,35.03,24.40,18.56,5.20,3.29,2.67,7.90,3.93,2.15,1.33,5.82,2.11,2.12,2.50,1.51,1.71,2.92
RAP1108,AMNH 193773,conanti,conanti C,Alabama,Clarke,31.666345,-87.642268,48.35,35.79,25.42,7.38,4.77,2.90,10.28,5.92,3.38,1.86,8.03,3.13,2.87,3.35,2.30,2.12,3.16
RAP1114,,conanti,conanti C,Alabama,Macon,32.478731,-85.604132,32.03,18.36,17.43,4.85,2.84,1.80,6.90,3.26,2.37,1.14,5.07,2.04,1.83,1.34,0.70,1.29,2.08
RAP1115,,conanti,conanti C,Alabama,Macon,32.510493,-85.584098,35.99,25.72,19.93,6.38,3.68,2.79,7.50,5.14,2.93,1.50,6.08,2.36,2.18,2.23,1.36,1.61,2.69
RAP1116,,conanti,conanti C,Alabama,Macon,32.510493,-85.584098,50.20,25.76,26.10,7.89,3.58,3.53,12.14,7.01,3.33,1.99,7.84,2.62,2.79,3.21,2.22,2.11,3.36
RAP1117,,conanti,conanti C,Alabama,Macon,32.510493,-85.584098,52.26,32.11,28.19,7.78,4.72,3.07,11.34,7.06,3.36,2.09,8.23,2.77,2.85,3.07,1.75,2.24,3.55
RAP1127,,conanti,conanti C,Alabama,Tallapoosa,32.594521,-85.884796,44.84,33.12,22.84,6.86,4.40,2.34,9.81,5.97,3.52,1.89,7.37,2.81,2.70,2.42,1.57,1.84,2.99
RAP1129,,conanti,conanti C,Alabama,Monroe,31.742852,-87.368765,47.11,32.37,25.99,6.70,4.35,3.63,9.94,5.29,3.51,1.71,6.65,2.67,2.30,1.82,1.03,1.56,2.67
RAP1130,,conanti,conanti C,Alabama,Monroe,31.742852,-87.368765,49.34,25.28,26.47,7.19,4.24,3.15,11.00,5.21,2.98,1.60,7.79,2.89,2.85,2.63,1.78,2.06,3.17
RAP1131,,conanti,conanti C,Alabama,Monroe,31.742852,-87.368765,48.21,30.24,25.86,6.99,3.90,3.65,11.18,5.21,3.59,1.96,7.75,2.73,2.91,2.54,1.38,2.12,3.18
RAP1132,,conanti,conanti C,Alabama,Monroe,31.742852,-87.368765,43.36,24.49,24.59,6.42,4.37,2.35,8.97,4.71,3.09,1.76,6.56,2.67,2.08,2.18,1.33,1.71,2.58
RAP1133,,conanti,conanti C,Alabama,Monroe,31.742852,-87.368765,30.29,23.13,15.78,4.62,3.78,2.03,7.10,3.29,2.33,0.85,5.20,2.13,1.73,1.60,1.02,1.14,2.14
RAP1138,,conanti,conanti C,Alabama,Perry,32.614174,-87.079536,37.60,30.30,21.32,6.31,3.10,3.39,8.36,4.94,3.00,1.40,6.58,2.20,2.32,2.55,1.47,1.58,2.65
RAP1147,,conanti,conanti C,Alabama,Jefferson,33.701231,-86.691672,37.61,26.79,20.38,6.47,2.96,2.54,7.86,5.35,2.61,1.53,6.52,2.27,2.03,1.78,1.08,1.36,2.30
RAP1148,,conanti,conanti C,Alabama,Jefferson,33.701231,-86.691672,51.65,33.21,28.37,8.64,3.75,2.71,11.62,6.84,2.95,1.62,9.07,2.54,3.03,2.59,1.43,2.19,3.87
RAP1149,,conanti,conanti C,Alabama,Jefferson,33.701231,-86.691672,51.83,33.71,28.50,9.30,5.30,3.59,11.80,7.25,3.68,2.24,8.74,2.64,3.56,3.07,1.78,2.39,4.01
RAP1402,,conanti,conanti C,Alabama,Bibb,32.96612,-87.31616,20.34,10.90,10.74,3.20,2.00,1.66,4.92,2.23,1.30,0.74,3.91,1.49,1.46,1.18,0.53,1.19,1.74
RAP1494,,conanti,conanti C,Louisiana,Tangipahoa,30.807422,-90.382983,34.41,29.98,18.80,5.66,3.18,2.47,7.52,3.89,2.33,1.23,6.00,2.02,1.95,2.27,1.56,1.48,2.43
RAP1495,,conanti,conanti C,Louisiana,Tangipahoa,30.807422,-90.382983,38.13,31.65,20.78,6.05,3.22,3.54,8.13,4.42,1.93,1.37,6.46,2.34,2.23,2.37,1.46,1.65,2.81
RAP1496,,conanti,conanti C,Louisiana,Tangipahoa,30.807422,-90.382983,50.45,38.12,28.51,7.32,3.25,3.88,11.26,5.78,2.80,1.35,7.66,2.43,2.90,2.75,1.83,1.76,3.29
RAP1572,,conanti,conanti C,Mississippi,Marion,31.32674,-89.94323,28.22,18.30,15.31,3.61,2.50,2.42,6.75,2.45,2.08,1.03,4.78,2.02,1.81,1.53,0.95,1.32,2.02
RAP1573,,conanti,conanti C,Mississippi,Marion,31.32674,-89.94323,34.60,19.57,18.31,4.53,3.17,2.47,8.35,3.13,2.45,1.28,5.44,2.26,2.03,2.01,1.20,1.43,2.49
RAP1574,,conanti,conanti C,Mississippi,Marion,31.32674,-89.94323,34.03,21.58,18.33,4.86,3.51,2.65,7.59,3.32,2.53,1.38,5.51,2.20,2.06,1.77,1.10,1.33,2.33
RAP1575,,conanti,conanti C,Mississippi,Marion,31.32674,-89.94323,37.77,21.04,20.46,5.10,3.44,2.67,8.68,3.61,2.81,1.00,6.10,2.45,2.03,2.15,1.31,1.81,2.66
RAP1576,,conanti,conanti C,Mississippi,Marion,31.32674,-89.94323,38.64,28.44,21.42,5.80,3.70,3.10,8.75,4.18,2.51,1.37,6.09,2.46,2.17,1.85,1.08,1.52,2.58
RAP2013,,conanti,conanti C,Alabama,Tuscaloosa,33.257972,-87.374396,27.08,26.13,14.49,3.99,2.36,2.29,6.63,2.93,1.70,1.16,4.86,1.89,1.83,1.61,0.65,1.12,2.15
RAP2017,,conanti,conanti C,Alabama,Elmore,32.625892,-86.245568,33.16,37.32,17.11,5.42,4.26,3.11,8.19,3.80,2.51,1.23,5.86,1.90,2.43,2.53,1.47,1.36,2.84
RAP2018,,conanti,conanti C,Alabama,Elmore,32.625892,-86.245568,49.73,47.16,27.13,8.95,4.39,3.69,11.05,7.95,2.32,1.76,8.60,2.57,3.36,3.24,1.78,2.60,4.37
RAP2226,,conanti,conanti C,Alabama,Baldwin,30.969257,-87.859049,36.88,39.17,20.02,5.15,3.28,2.71,8.20,3.42,2.30,1.23,5.99,1.95,2.26,2.20,1.44,1.87,2.95
RAP2405,,conanti,conanti C,Alabama,Covington,31.0962,-86.53986,9.72,5.22,4.90,1.14,0.77,1.01,2.56,0.44,0.64,0.47,1.81,0.75,0.74,0.81,0.49,0.32,0.98
RAP2407,,conanti,conanti C,Alabama,Covington,31.0962,-86.53986,32.64,19.71,17.43,4.80,2.90,2.26,7.69,3.80,2.50,1.15,5.28,2.03,1.98,2.09,1.16,1.35,2.50
RAP2408,,conanti,conanti C,Alabama,Covington,31.0962,-86.53986,29.03,32.24,15.86,4.21,2.20,2.37,6.71,3.30,1.95,1.14,4.92,1.93,1.74,1.66,0.94,1.22,2.38
RAP2409,,conanti,conanti C,Alabama,Covington,31.0962,-86.53986,36.48,35.65,19.66,4.86,2.78,2.28,8.28,3.79,2.49,1.34,5.69,2.14,1.94,1.80,1.06,1.51,2.75
RAP2410,AMNH A-193894,conanti,conanti C,Alabama,Covington,31.0962,-86.53986,39.45,43.95,21.91,5.50,3.49,2.29,8.93,4.37,1.90,1.05,5.86,2.11,2.06,2.29,1.41,1.57,2.82
RAP2411,,conanti,conanti C,Alabama,Covington,31.0962,-86.53986,39.04,42.46,21.82,5.78,3.78,2.78,8.41,4.89,2.19,1.23,6.15,2.29,2.31,2.28,1.34,1.42,2.89
RAP2412,,conanti,conanti C,Alabama,Baldwin,31.093782,-87.834034,41.50,41.17,23.07,6.03,3.61,3.04,8.51,5.62,2.57,1.31,6.43,2.20,2.28,2.24,1.39,1.48,2.69
RAP2413,,conanti,conanti C,Alabama,Baldwin,31.093782,-87.834034,36.96,43.99,20.44,5.58,3.20,2.88,8.35,4.95,2.32,1.35,6.18,2.38,2.56,2.58,1.51,1.52,2.80
RAP2414,,conanti,conanti C,Alabama,Baldwin,31.093782,-87.834034,38.31,43.89,21.64,5.66,3.31,2.92,8.26,5.14,2.34,1.07,5.95,2.03,2.27,2.20,1.14,1.56,2.91
RAP2415,,conanti,conanti C,Alabama,Baldwin,31.093782,-87.834034,45.90,51.87,24.96,6.83,3.87,3.56,9.80,5.61,2.80,1.45,7.27,2.62,2.69,2.77,1.63,1.59,3.36
RAP2416,,conanti,conanti C,Alabama,Baldwin,31.093782,-87.834034,44.90,47.97,24.66,6.72,3.50,2.98,9.65,5.62,2.74,1.57,7.26,2.23,2.45,2.81,1.80,1.46,3.04
RAP2418,,conanti,conanti C,Alabama,Baldwin,31.076869,-87.835115,35.63,42.86,20.26,5.04,3.18,2.68,7.24,4.01,2.19,1.32,5.71,2.24,1.96,1.70,1.04,1.30,2.12
RAP2419,,conanti,conanti C,Alabama,Baldwin,31.076869,-87.835115,40.25,33.79,22.91,5.42,3.69,2.62,8.74,4.36,2.58,1.30,6.17,2.60,2.08,2.40,1.50,1.50,2.68
RAP2420,,conanti,conanti C,Alabama,Baldwin,30.968292,-87.865396,18.57,16.63,9.59,2.71,1.64,1.65,4.52,1.86,1.27,0.58,3.42,1.33,1.33,1.13,0.58,0.85,1.61
RAP2421,,conanti,conanti C,Alabama,Baldwin,30.958255,-87.859144,35.49,34.93,18.96,5.23,2.97,2.85,8.26,4.57,2.57,1.30,5.83,2.00,2.09,2.31,1.45,1.52,2.67
RAP2423,,conanti,conanti C,Alabama,Mobile,30.736992,-88.144039,16.02,14.20,8.46,2.35,1.11,1.52,3.90,1.57,1.00,0.46,2.91,1.20,1.07,1.28,0.70,0.74,1.45
RAP2424,,conanti,conanti C,Alabama,Mobile,30.736992,-88.144039,38.76,33.86,21.96,5.67,3.36,3.13,8.18,4.17,2.37,1.17,5.93,2.24,2.16,2.10,1.39,1.41,2.52
RAP2425,,conanti,conanti C,Alabama,Mobile,30.736992,-88.144039,41.55,54.81,22.85,6.65,3.51,3.00,9.41,6.13,2.56,1.28,7.28,2.21,2.57,2.06,1.22,1.67,3.04
RAP2428,,conanti,conanti C,Alabama,Mobile,30.697151,-88.189031,36.57,43.23,20.23,5.24,3.00,2.66,7.69,4.05,2.23,1.13,5.98,2.19,2.03,2.43,1.58,1.31,2.46
RAP2429,,conanti,conanti C,Alabama,Mobile,30.697151,-88.189031,36.80,38.75,19.47,5.53,3.40,3.07,8.27,4.03,2.35,1.18,6.14,2.09,2.28,2.51,1.64,1.60,2.83
RAP2430,,conanti,conanti C,Alabama,Mobile,30.697151,-88.189031,43.28,47.01,24.55,6.20,3.80,3.40,8.95,5.02,2.89,1.58,7.27,2.32,2.64,3.29,2.27,1.81,2.91
RAP2431,,conanti,conanti C,Alabama,Mobile,30.697151,-88.189031,42.56,49.70,23.78,6.09,2.97,2.93,8.71,5.43,2.34,1.30,6.40,1.83,1.99,2.53,1.53,1.74,2.81
RAP2432,,conanti,conanti C,Alabama,Mobile,31.85914,-86.624028,34.52,37.26,18.54,5.18,2.78,2.42,7.75,3.95,2.28,1.26,5.58,2.22,2.11,1.85,0.98,1.45,2.70
RAP2433,,conanti,conanti C,Alabama,Mobile,31.85914,-86.624028,35.92,40.33,19.12,5.01,3.39,2.71,8.34,3.88,2.50,1.40,6.01,2.01,2.57,2.64,1.50,1.69,3.13
RAP2434,,conanti,conanti C,Alabama,Mobile,31.85914,-86.624028,40.46,42.70,21.65,5.67,3.33,2.79,9.03,4.26,2.52,1.23,6.43,2.13,2.57,2.61,1.44,1.65,3.29
RAP2435,,conanti,conanti C,Alabama,Mobile,31.85914,-86.624028,43.65,41.60,24.64,6.09,3.48,2.41,9.18,4.80,2.99,1.70,6.76,2.30,2.49,2.24,1.16,1.53,3.13
RAP2436,,conanti,conanti C,Alabama,Mobile,31.85914,-86.624028,40.45,48.00,21.93,6.36,3.58,3.07,8.93,4.79,2.81,1.23,6.76,2.31,2.74,3.45,2.02,2.00,3.92
RAP0573,MNHN-RA 2021.0111,conanti,conanti D,Alabama,Jackson,34.888833,-85.953833,65.35,42.61,35.43,9.10,4.50,3.66,14.55,6.10,3.86,1.71,10.08,3.03,3.82,4.41,2.98,3.24,5.01
RAP0574,BMNH 2021.7572,conanti,conanti D,Alabama,Jackson,34.888833,-85.953833,61.78,44.40,31.77,8.55,4.64,2.62,13.88,6.47,3.74,1.70,9.88,3.18,3.93,4.06,3.00,3.40,4.86
RAP0575,,conanti,conanti D,Alabama,Jackson,34.888833,-85.953833,61.43,43.67,30.94,8.36,3.55,2.70,14.00,6.02,3.57,1.48,10.15,3.37,3.88,3.85,2.70,2.76,5.38
RAP0576,,conanti,conanti D,Alabama,Jackson,34.888833,-85.953833,64.11,38.79,34.27,8.68,4.48,2.93,14.40,6.36,2.90,2.11,10.24,2.84,3.87,3.58,2.18,3.69,5.07
RAP0577,,conanti,conanti D,Alabama,Jackson,34.888833,-85.953833,47.80,30.00,25.35,6.32,3.81,2.33,10.50,4.35,3.01,1.53,7.14,2.46,2.18,2.44,1.77,2.20,3.54
RAP0580,,conanti,conanti D,Alabama,Jackson,34.8214,-86.022167,51.15,29.44,28.25,8.33,3.89,2.29,10.28,7.43,3.62,1.78,7.53,2.31,2.66,2.66,1.71,1.83,3.44
RAP0587,,conanti,conanti D,Alabama,Jackson,34.89477,-86.02156,20.47,10.42,9.77,3.10,1.79,1.63,4.82,1.91,1.26,0.61,3.77,1.60,1.44,1.44,0.78,0.94,1.98
RAP0588,,conanti,conanti D,Alabama,Jackson,34.88741,-85.9961,21.18,9.06,10.65,3.78,1.47,1.27,5.26,2.00,1.12,0.70,3.97,1.50,1.43,1.58,1.04,1.19,2.07
RAP0589,,conanti,conanti D,Alabama,Jackson,34.88741,-85.9961,55.32,17.87,27.07,9.07,4.75,3.65,12.41,6.56,3.68,1.68,9.02,2.76,3.48,4.00,2.49,2.34,4.26
RAP0590,,conanti,conanti D,Alabama,Jackson,34.88741,-85.9961,60.16,49.26,31.83,9.46,3.38,3.22,12.87,7.94,3.67,1.57,9.87,2.77,3.31,4.23,3.04,2.25,4.50
RAP0613,,conanti,conanti D,Tennessee,Coffee,35.46947,-86.19535,63.96,42.99,34.69,10.65,4.77,4.30,12.48,8.31,2.59,2.81,11.18,3.28,4.15,3.34,2.22,3.36,4.86
RAP0614,,conanti,conanti D,Alabama,Jackson,34.97208,-86.08099,20.59,12.27,10.22,2.95,2.10,1.60,5.31,1.58,1.14,0.51,3.90,1.46,1.30,0.85,0.58,1.01,1.55
RAP0615,,conanti,conanti D,Alabama,Jackson,34.93077,-86.0061,48.15,36.17,26.87,6.15,3.97,2.28,10.29,4.71,3.05,1.58,7.03,2.36,1.94,2.49,1.78,2.32,3.27
RAP0616,,conanti,conanti D,Alabama,Jackson,34.93077,-86.0061,46.97,31.29,26.02,6.61,4.05,2.25,10.35,4.98,2.13,1.71,7.22,2.48,2.48,2.64,1.82,2.14,3.38
RAP0617,,conanti,conanti D,Alabama,Jackson,34.86747,-86.06198,47.09,31.81,25.51,6.85,4.53,2.50,9.97,5.10,2.59,1.86,7.15,2.82,2.38,2.57,1.82,2.31,3.15
RAP0618,,conanti,conanti D,Alabama,Jackson,34.86747,-86.06198,44.36,32.54,23.53,6.51,4.37,3.07,10.88,4.13,2.11,1.88,7.40,2.52,2.63,2.97,2.31,2.00,3.38
RAP0619,,conanti,conanti D,Alabama,Jackson,34.86747,-86.06198,49.04,26.92,27.28,6.62,2.75,1.79,9.59,4.55,3.42,1.40,7.56,2.84,2.36,2.37,1.60,2.08,3.11
RAP1170,,conanti,conanti D,Alabama,Jackson,34.796934,-86.315591,37.53,22.72,19.59,5.38,3.98,2.36,8.18,4.08,2.77,1.58,6.40,2.43,2.23,2.17,1.25,1.51,2.83
RAP1171,,conanti,conanti D,Alabama,Jackson,34.796934,-86.315591,57.91,35.33,30.35,8.83,4.96,4.56,13.60,6.13,3.82,2.36,9.32,3.38,3.68,3.94,2.58,2.62,4.54
RAP1172,,conanti,conanti D,Alabama,Jackson,34.796934,-86.315591,28.83,16.56,15.56,4.09,3.08,2.19,7.09,3.04,2.26,1.24,5.13,2.01,1.72,1.47,0.86,1.45,2.10
RAP1173,,conanti,conanti D,Alabama,Jackson,34.796934,-86.315591,53.40,39.98,27.24,8.65,5.14,3.52,12.66,6.58,3.80,2.49,8.79,2.97,3.15,3.06,1.69,2.29,3.80
RAP1388,,conanti,conanti D,Georgia,Walker,34.711401,-85.379739,26.68,14.34,14.17,4.28,2.77,1.97,6.03,3.06,2.14,1.20,4.94,1.85,1.69,1.70,1.03,1.23,2.22
RAP1389,,conanti,conanti D,Georgia,Walker,34.711401,-85.379739,48.65,36.65,25.27,7.19,4.52,3.17,11.30,5.64,3.51,2.02,7.50,2.66,2.93,2.68,1.60,1.95,3.58
RAP1390,,conanti,conanti D,Georgia,Walker,34.711401,-85.379739,55.70,43.14,30.85,8.54,5.60,3.47,11.78,7.59,3.66,2.55,8.74,2.76,3.38,3.03,1.95,2.01,3.98
RAP1391,,conanti,conanti D,Georgia,Chattooga,34.391272,-85.315646,24.76,12.19,12.34,3.69,2.67,1.91,5.87,2.65,1.76,1.05,4.48,2.07,1.59,1.38,0.81,0.88,1.86
RAP1392,,conanti,conanti D,Georgia,Chattooga,34.391272,-85.315646,28.41,16.13,15.07,4.05,2.96,1.95,6.54,3.03,1.90,0.92,4.88,1.96,1.77,1.62,0.94,1.22,2.13
RAP1393,,conanti,conanti D,Georgia,Chattooga,34.391272,-85.315646,42.54,30.31,22.31,6.23,3.82,3.32,9.50,4.82,3.37,1.86,6.86,2.52,2.48,2.27,1.30,1.68,3.04
RAP1394,,conanti,conanti D,Georgia,Chattooga,34.391272,-85.315646,22.55,13.39,11.82,3.25,2.20,1.60,5.41,2.28,1.44,0.76,4.19,1.76,1.44,1.33,0.69,0.95,1.79
RAP1398,,conanti,conanti D,Alabama,Cleburne,33.609398,-85.720671,58.48,17.17,31.65,9.29,5.02,4.03,11.95,6.24,3.68,1.83,8.99,2.66,3.31,3.44,2.11,2.33,4.16
RAP1399,,conanti,conanti D,Alabama,Clay,33.39204,-85.77391,46.54,44.55,24.67,8.13,4.68,3.66,9.91,6.48,3.20,1.31,7.71,2.44,2.77,2.37,1.48,2.19,3.25
RAP1603,,conanti,conanti D,Alabama,Winston,34.176296,-87.277527,52.52,19.75,28.98,7.78,4.20,3.13,11.67,6.78,1.97,1.43,8.76,2.85,3.18,3.46,2.00,2.12,3.89
RAP1604,,conanti,conanti D,Alabama,Winston,34.176296,-87.277527,46.47,17.12,25.54,6.97,4.32,3.35,9.41,5.12,3.17,1.76,7.21,2.81,2.43,2.20,1.46,1.61,2.90
RAP1605,,conanti,conanti D,Alabama,Winston,34.176296,-87.277527,50.26,10.90,27.20,8.11,4.26,3.14,10.44,6.27,2.28,1.54,7.76,2.90,2.61,3.07,1.90,1.87,3.51
RAP1606,,conanti,conanti D,Alabama,Winston,34.176296,-87.277527,64.53,34.16,34.93,10.31,5.35,3.58,13.93,7.79,2.26,0.85,9.79,3.24,3.57,3.96,2.38,3.03,4.44
RAP1607,,conanti,conanti D,Alabama,Winston,34.176296,-87.277527,50.49,41.96,27.16,8.24,4.38,3.21,10.23,6.63,3.19,2.10,7.89,2.86,2.55,2.39,1.45,2.01,3.22
RAP1608,,conanti,conanti D,Alabama,Blount,33.930138,-86.792765,44.72,34.56,23.94,7.73,3.74,3.12,9.93,5.57,2.71,1.60,7.33,2.61,2.57,2.52,1.69,1.91,3.20
RAP1609,,conanti,conanti D,Alabama,Blount,33.930138,-86.792765,51.23,29.86,26.27,8.38,4.11,2.86,11.22,6.72,3.11,1.86,8.19,2.82,3.11,3.26,2.00,2.41,3.67
RAP1610,,conanti,conanti D,Alabama,Clay,33.464205,-85.855409,27.03,19.07,14.16,4.04,2.31,1.79,6.29,2.95,1.98,1.00,4.77,1.98,1.81,1.81,0.99,1.17,2.44
RAP1611,,conanti,conanti D,Alabama,Talladega,33.504951,-85.901801,51.75,39.67,27.18,9.01,4.72,3.09,11.85,7.17,3.23,1.90,8.58,2.88,3.21,3.05,1.67,1.95,3.89
RAP2185,,conanti,conanti D,Georgia,Haralson,33.81199,-85.13778,32.07,33.46,16.79,5.16,2.82,2.59,7.53,3.90,2.16,1.46,5.45,1.74,2.52,2.32,1.17,1.46,2.85
RAP2186,,conanti,conanti D,Georgia,Haralson,33.81199,-85.13778,35.90,32.98,18.94,5.51,3.10,2.37,7.84,3.96,2.41,1.57,5.80,2.18,2.39,1.82,1.09,1.27,2.53
RAP2187,,conanti,conanti D,Georgia,Haralson,33.81199,-85.13778,47.56,47.86,25.82,7.54,3.88,3.75,10.63,6.27,2.85,1.44,7.78,2.66,3.39,2.42,1.17,2.05,3.36
RAP2188,,conanti,conanti D,Georgia,Haralson,33.81199,-85.13778,54.79,53.60,31.14,8.89,4.55,3.59,10.99,8.39,2.87,1.86,8.42,2.74,2.70,3.01,2.02,2.18,3.86
RAP2189,,conanti,conanti D,Georgia,Haralson,33.81199,-85.13778,54.60,55.53,30.89,9.05,3.99,3.53,10.91,7.98,2.83,1.65,8.47,2.86,3.04,2.84,1.79,1.98,3.51
RAP2232,,conanti,conanti D,Alabama,Lamar,33.974124,-87.980904,50.40,41.15,27.43,7.00,4.71,2.83,10.71,5.59,3.26,1.87,7.66,2.62,3.05,2.84,1.67,2.10,3.70
RAP2233,,conanti,conanti D,Alabama,Lamar,33.974124,-87.980904,59.24,46.12,31.85,9.24,5.41,3.00,13.77,6.97,3.94,1.98,9.55,3.19,3.80,3.86,2.25,2.51,4.47
RAP2401,,conanti,conanti D,Alabama,Dekalb,34.243557,-85.96671,47.63,41.19,25.45,7.07,5.14,4.26,11.02,6.04,3.59,1.85,7.96,2.53,2.77,3.07,2.07,2.17,3.75
RAP2402,,conanti,conanti D,Alabama,Dekalb,34.243557,-85.96671,52.82,41.70,30.68,8.11,4.43,3.61,11.50,6.90,3.38,1.76,8.37,2.98,3.00,2.51,1.30,2.07,3.50
RAP2403,,conanti,conanti D,Alabama,Dekalb,34.243557,-85.96671,51.15,54.07,28.58,8.61,4.15,3.29,10.98,7.13,3.62,1.99,8.22,2.64,2.91,2.77,1.43,1.83,3.95
RAP2404,,conanti,conanti D,Alabama,Dekalb,34.243557,-85.96671,61.26,61.22,32.72,9.88,5.09,4.04,14.20,8.27,3.95,2.63,10.01,3.11,3.58,3.96,2.52,2.95,4.60
RAP2437,,conanti,conanti D,Tennessee,Bradley,35.148908,-85.012456,21.87,21.36,11.83,3.13,2.29,1.78,5.36,2.34,1.42,0.89,3.77,1.46,1.55,1.28,0.67,1.01,1.93
RAP2438,,conanti,conanti D,Tennessee,Bradley,35.148908,-85.012456,21.91,22.54,11.96,3.29,2.08,2.00,5.39,2.25,1.46,0.94,3.94,1.75,1.46,1.26,0.57,0.90,1.84
RAP2439,,conanti,conanti D,Tennessee,Bradley,35.148908,-85.012456,45.88,52.29,24.94,6.85,4.41,3.43,10.30,5.95,3.31,1.78,7.38,2.61,2.82,2.85,1.75,1.93,3.53
RAP2440,,conanti,conanti D,Tennessee,Bradley,35.148908,-85.012456,61.38,54.03,34.53,9.96,5.19,4.26,13.66,9.42,3.26,1.94,11.08,2.90,3.85,3.39,1.93,2.32,4.55
RAP2441,,conanti,conanti D,Tennessee,Polk,35.119751,-84.563763,40.18,45.10,20.95,6.24,3.71,2.98,9.80,5.39,2.58,1.62,6.61,2.37,2.54,2.88,1.74,1.81,3.60
RAP2442,,conanti,conanti D,Tennessee,Polk,35.119751,-84.563763,59.49,54.09,33.09,9.12,5.86,3.69,13.58,7.31,4.03,2.46,9.63,2.90,3.28,4.20,2.68,2.60,4.53
RAP2443,,conanti,conanti D,Tennessee,Polk,35.119751,-84.563763,55.94,64.02,31.20,8.53,5.05,3.97,12.16,7.16,3.91,2.33,9.13,2.94,3.47,4.13,2.63,2.53,4.36
RAP2444,,conanti,conanti D,Tennessee,Polk,35.119751,-84.563763,60.51,58.45,32.11,9.55,5.59,3.65,13.83,8.80,4.18,2.48,9.74,3.09,4.02,4.53,3.07,2.67,4.78
RAP2445,,conanti,conanti D,Tennessee,Monroe,35.32205,-84.11603,42.80,50.71,23.73,6.33,4.07,3.35,9.40,5.36,2.72,1.69,6.59,2.35,2.56,2.69,1.48,1.49,3.21
RAP2446,,conanti,conanti D,Tennessee,Monroe,35.32205,-84.11603,54.56,27.64,31.85,7.74,4.51,3.86,11.56,6.71,3.78,1.98,8.19,2.53,2.90,3.58,2.34,2.14,3.77
RAP2447,,conanti,conanti D,Tennessee,Monroe,35.32205,-84.11603,61.83,48.81,34.62,9.93,4.85,3.54,13.21,8.72,3.96,2.61,10.43,2.98,3.89,2.92,1.43,2.92,4.65
RAP2470,,conanti,conanti D,Tennessee,Monroe,35.462301,-84.032117,56.02,43.35,30.32,8.19,5.67,4.07,12.09,6.81,3.45,1.92,8.98,2.75,3.71,4.38,2.68,2.46,4.64
RAP2471,,conanti,conanti D,Tennessee,Monroe,35.462301,-84.032117,52.24,31.66,27.58,8.16,4.72,3.72,12.29,7.04,3.55,1.93,8.46,2.61,3.28,4.33,2.70,2.46,4.22
RAP2472,,conanti,conanti D,Tennessee,Monroe,35.536774,-84.041934,30.46,34.59,16.50,4.53,3.30,2.60,6.90,3.14,2.10,1.06,4.95,2.19,1.88,1.74,0.97,1.32,2.21
RAP2473,,conanti,conanti D,Tennessee,Monroe,35.536774,-84.041934,48.07,48.09,26.66,7.57,4.39,3.23,9.99,6.05,3.28,1.55,7.27,2.60,2.79,2.63,1.60,1.60,3.43
RAP2474,,conanti,conanti D,Tennessee,Monroe,35.536774,-84.041934,51.97,55.13,28.37,8.49,5.29,4.02,11.37,6.80,3.58,1.50,8.73,3.42,3.21,3.40,2.08,2.28,3.75
RAP2717,,conanti,conanti D,Georgia,Murray,34.695386,-84.704703,26.72,23.82,14.39,4.48,2.44,2.23,6.73,2.70,1.96,1.29,4.98,1.73,1.90,1.71,0.93,1.12,2.50
RAP2718,,conanti,conanti D,Georgia,Murray,34.695386,-84.704703,50.95,51.08,26.91,8.12,4.03,4.12,12.39,5.60,3.40,1.99,8.31,3.23,3.26,3.66,2.34,2.32,4.05
RAP2719,,conanti,conanti D,Georgia,Murray,34.695386,-84.704703,58.29,54.68,31.27,9.53,3.79,4.16,13.23,6.91,3.94,2.17,9.16,3.20,3.15,3.45,2.13,2.37,4.61
RAP2720,,conanti,conanti D,Georgia,Murray,34.94083,-84.66549,24.54,23.87,12.68,3.81,1.96,2.05,6.28,2.44,1.74,0.90,4.38,1.62,1.53,1.62,0.88,1.13,2.10
RAP2721,,conanti,conanti D,Georgia,Murray,34.94083,-84.66549,41.19,44.59,22.46,6.02,3.86,3.50,9.64,4.37,2.94,1.64,6.60,2.07,2.44,2.79,1.74,1.44,3.24
RAP2722,,conanti,conanti D,Georgia,Murray,34.94083,-84.66549,41.94,43.77,22.77,7.07,4.42,3.67,9.38,5.50,3.13,1.79,7.04,2.46,2.40,2.69,1.84,1.79,3.44
RAP2723,,conanti,conanti D,Georgia,Murray,34.94083,-84.66549,43.26,47.79,23.67,6.78,4.03,3.55,10.02,5.04,3.29,1.85,7.09,2.40,2.53,2.94,1.90,1.96,3.37
RAP2731,,conanti,conanti D,Georgia,Bartow,34.2523092,-84.6878894,22.14,17.08,11.52,3.31,1.89,1.99,5.72,1.77,1.39,0.96,4.14,1.62,1.54,1.55,0.85,1.12,2.36
RAP2732,,conanti,conanti D,Georgia,Bartow,34.2523092,-84.6878894,49.38,7.80,26.49,7.06,4.16,3.10,11.83,4.58,2.97,1.85,7.70,2.87,2.83,3.21,2.16,1.94,4.00
RAP2733,,conanti,conanti D,Georgia,Bartow,34.2523092,-84.6878894,49.62,44.11,26.14,7.57,4.25,3.40,11.91,5.47,3.00,1.78,8.06,2.68,2.86,3.24,2.10,2.02,4.10
RAP2765,,conanti,conanti D,Georgia,Cherokee,34.339238,-84.362206,36.13,38.85,18.76,5.26,3.22,3.05,8.53,4.15,2.85,1.55,5.93,2.47,2.11,2.12,1.31,1.47,2.58
RAP2766,,conanti,conanti D,Georgia,Cherokee,34.339238,-84.362206,49.54,12.04,28.45,7.33,3.52,3.66,10.69,5.70,3.36,2.04,7.29,2.38,2.75,3.32,2.11,2.24,3.78
RAP2767,,conanti,conanti D,Georgia,Fulton,34.173373,-84.337726,22.15,21.21,11.62,3.10,1.76,1.98,5.46,1.96,1.48,0.82,3.68,1.61,1.41,1.31,0.69,0.93,1.86
RAP2768,,conanti,conanti D,Georgia,Fulton,34.173373,-84.337726,46.71,49.26,25.41,6.62,4.28,3.70,10.09,5.16,3.42,1.95,7.13,2.76,2.82,2.90,1.71,1.73,3.32
RAP2769,,conanti,conanti D,Georgia,Fulton,34.173373,-84.337726,51.30,59.15,27.24,8.15,3.92,3.90,11.98,6.27,3.38,1.88,8.22,2.44,3.19,3.86,2.42,2.01,4.40
RAP2770,,conanti,conanti D,Georgia,Fulton,34.173373,-84.337726,58.34,54.07,31.61,9.72,4.07,3.45,13.87,7.39,3.20,1.89,9.39,2.91,3.64,3.99,2.52,2.24,4.53
RAP1511,,catahoula,conanti E,Texas,Newton,30.545113,-93.787667,45.88,32.28,24.38,6.10,3.43,3.59,10.80,4.24,2.46,1.26,6.83,2.52,2.70,2.59,1.73,2.04,3.01
RAP1512,,catahoula,conanti E,Texas,Newton,30.545113,-93.787668,53.56,33.25,30.74,7.26,3.81,3.55,11.41,5.63,3.11,1.74,7.62,2.53,2.70,2.54,1.79,1.86,3.06
RAP1515,,catahoula,conanti E,Louisiana,Vernon,30.931945,-93.467222,32.10,22.04,16.47,3.59,1.79,1.71,7.55,2.96,2.09,0.86,4.92,2.02,1.76,1.69,0.89,1.34,2.08
RAP1516,MNHN-RA 2021.0151,catahoula,conanti E,Louisiana,Vernon,30.931945,-93.467222,46.59,31.52,25.61,6.67,4.18,3.50,10.06,4.87,2.82,1.51,6.95,2.55,2.29,2.19,1.42,1.96,2.87
RAP1517,LSUMZ 129465,catahoula,conanti E,Louisiana,Vernon,30.931945,-93.467222,54.77,38.47,32.10,7.42,4.59,3.40,11.41,5.51,2.76,1.28,7.60,2.47,2.61,2.48,1.56,2.07,3.19
RAP1520,,catahoula,conanti E,Texas,Newton,31.037458,-93.854325,38.90,24.74,21.06,4.71,3.45,2.99,9.10,3.43,2.62,1.19,5.80,2.24,2.04,2.16,1.35,1.45,2.48
RAP1524,,catahoula,conanti E,Texas,Tyler,30.722079,-94.153523,50.84,38.19,28.06,6.59,4.42,3.07,10.53,4.64,2.83,1.46,7.10,2.62,2.28,2.51,1.73,1.90,3.13
RAP1526,,catahoula,conanti E,Texas,Jasper,31.054673,-93.907847,41.02,27.48,22.81,5.66,3.66,2.94,9.07,3.84,2.22,0.97,6.26,2.57,2.27,2.21,1.36,1.66,2.80
RAP1527,,catahoula,conanti E,Texas,Jasper,31.055343,-93.906532,20.36,9.18,10.62,2.62,1.83,1.41,5.11,1.55,1.04,0.47,3.62,1.62,1.27,1.23,0.70,0.94,1.70
RAP1533,,catahoula,conanti E,Louisiana,Grant,31.5674,-92.5112,18.93,8.64,9.63,2.59,1.73,0.63,4.38,1.88,1.18,0.81,3.41,1.35,1.13,1.02,0.60,0.76,1.34
RAP1534,,catahoula,conanti E,Louisiana,Grant,31.5674,-92.5112,26.37,14.86,14.27,3.74,2.78,1.98,6.05,2.27,1.59,0.59,4.50,1.87,1.56,1.41,0.90,1.19,1.92
RAP1535,,catahoula,conanti E,Louisiana,Grant,31.5674,-92.5112,47.32,28.04,27.52,7.46,3.67,3.56,9.93,3.79,2.40,1.36,6.92,2.66,2.30,2.17,1.36,2.02,3.09
RAP1536,,catahoula,conanti E,Louisiana,Union,32.75053,-92.276144,48.23,40.60,26.61,7.89,4.03,3.47,10.22,5.96,2.41,1.33,7.78,2.76,2.88,2.51,1.49,2.16,3.50
RAP1537,,catahoula,conanti E,Louisiana,Union,32.75053,-92.276144,49.66,35.53,27.46,7.64,3.70,3.43,10.69,5.41,2.69,1.65,7.83,2.65,2.84,2.90,1.78,2.37,3.68
RAP1538,,catahoula,conanti E,Louisiana,Union,32.75053,-92.276144,52.20,40.08,28.22,7.88,3.78,3.48,10.50,5.59,2.92,1.71,7.59,2.86,2.64,2.70,1.76,2.01,3.34
RAP1539,BMNH 2021.7573,catahoula,conanti E,Louisiana,Union,32.75053,-92.276144,43.96,27.59,23.58,6.47,3.79,2.81,9.89,4.95,2.92,1.46,6.97,2.37,2.44,2.37,1.59,1.77,3.26
RAP1580,,catahoula,conanti E,Louisiana,Rapides,31.211422,-92.551898,54.38,23.87,29.68,7.99,4.24,3.81,12.02,5.44,2.98,1.28,8.58,2.90,2.85,3.13,2.20,2.41,3.65
RAP1581,,catahoula,conanti E,Louisiana,Rapides,31.211422,-92.551898,47.00,24.92,26.72,6.15,3.74,3.31,10.31,4.57,2.56,1.34,7.07,2.46,2.34,2.22,1.45,1.70,2.75
RAP1582,,catahoula,conanti E,Louisiana,Rapides,31.211422,-92.551898,44.00,31.19,23.99,6.17,3.76,2.81,9.41,4.47,2.70,1.17,6.64,2.30,2.20,2.69,1.81,1.70,3.29
RAP1585,,catahoula,conanti E,Louisiana,Rapides,31.203847,-92.577216,34.57,25.03,18.97,4.60,2.71,2.80,8.24,3.46,2.00,1.03,5.50,2.10,1.89,2.07,1.27,1.45,2.70
RAP1586,LSUMZ 129466,catahoula,conanti E,Louisiana,Rapides,31.203847,-92.577216,39.79,31.17,21.54,5.46,3.40,2.74,8.86,3.86,2.50,1.16,6.24,2.35,2.07,2.13,1.20,1.67,2.85
RAP1587,AMNH A-193895,catahoula,conanti E,Louisiana,Rapides,31.203847,-92.577216,49.64,39.73,26.80,7.11,3.84,2.97,11.08,5.03,2.71,1.55,7.58,2.63,2.84,2.42,1.38,2.11,3.44
RAP1588,,catahoula,conanti E,Louisiana,Rapides,31.203635,-92.600781,31.24,8.90,16.74,4.20,2.89,2.18,7.13,2.87,1.89,0.96,4.95,1.89,1.62,1.69,1.12,1.29,2.23
RAP1589,,catahoula,conanti E,Louisiana,Rapides,31.203635,-92.600781,42.22,14.82,23.06,5.63,3.45,2.81,9.07,4.39,2.73,1.54,6.50,2.22,2.21,2.46,1.75,1.64,2.72
RAP1590,,catahoula,conanti E,Louisiana,Rapides,31.203635,-92.600781,43.07,29.42,23.76,5.40,3.45,3.31,9.34,3.76,2.53,1.41,6.36,2.53,2.31,2.32,1.46,1.85,2.83
RAP1592,,catahoula,conanti E,Louisiana,Catahoula,31.86817,-91.751795,58.01,40.21,32.80,8.93,5.03,4.46,12.57,6.10,3.42,1.57,9.12,3.35,3.17,3.48,2.18,2.68,4.36
RAP1593,,catahoula,conanti E,Louisiana,Catahoula,31.86817,-91.751795,48.76,39.77,26.82,6.95,3.76,3.06,9.83,4.63,3.01,1.75,7.42,2.97,2.53,2.79,1.73,1.98,3.40
RAP1594,,catahoula,conanti E,Louisiana,Catahoula,31.86817,-91.751795,45.42,30.79,24.33,6.56,3.80,3.31,10.18,4.72,2.59,1.47,7.00,2.50,2.50,2.55,1.48,1.80,3.27
RAP2974,,catahoula,conanti E,Louisiana,Catahoula,31.823771,-91.752907,31.30,27.81,17.20,4.42,2.96,2.86,7.27,2.71,2.06,0.93,5.24,2.05,1.70,1.84,1.08,1.36,2.37
RAP2975,,catahoula,conanti E,Louisiana,Catahoula,31.823771,-91.752907,46.34,42.53,25.49,6.39,3.32,3.26,9.66,4.70,2.68,1.32,6.84,2.25,2.30,2.64,1.70,1.73,3.46
RAP2976,,catahoula,conanti E,Louisiana,Catahoula,31.823771,-91.752907,56.02,52.14,30.24,7.32,4.33,4.66,12.49,4.97,3.57,1.92,8.70,2.86,3.09,3.61,2.46,2.49,4.07
RAP2977,,catahoula,conanti E,Louisiana,Catahoula,31.824238,-91.753158,61.69,52.96,34.19,8.43,3.69,4.84,13.86,6.00,3.33,1.66,8.83,3.38,3.29,3.67,2.30,2.25,4.30
RAP2979,,catahoula,conanti E,Louisiana,Catahoula,31.865898,-91.754782,49.80,43.88,29.36,6.93,3.39,4.09,10.59,4.81,2.44,1.79,7.52,2.51,2.64,2.81,1.62,2.25,3.63
RAP2980,,catahoula,conanti E,Louisiana,Catahoula,31.866366,-91.756069,46.87,45.03,25.78,6.58,3.14,3.73,10.51,4.65,2.85,1.33,6.80,2.27,2.36,2.96,1.93,1.98,3.43
RAP2981,,catahoula,conanti E,Louisiana,Catahoula,31.866366,-91.756069,61.30,39.73,33.63,8.84,4.87,5.02,13.31,5.96,3.72,2.12,9.28,2.91,3.41,4.15,2.86,2.86,4.71
RAP2982,,catahoula,conanti E,Louisiana,Catahoula,31.866366,-91.756069,64.27,42.47,35.18,9.45,5.34,5.15,14.03,6.74,3.80,2.06,9.74,3.14,3.68,4.18,2.47,2.56,4.37
RAP2984,,catahoula,conanti E,Louisiana,Vernon,30.931945,-93.467222,41.91,39.62,22.75,5.95,3.64,3.33,10.13,3.78,2.75,1.09,6.65,2.41,2.34,2.52,1.66,1.74,3.11
RAP2985,,catahoula,conanti E,Louisiana,Vernon,30.931945,-93.467222,58.19,56.08,32.61,7.67,4.37,4.31,12.91,5.87,3.15,1.92,8.74,2.79,3.06,3.33,2.21,2.36,4.04
RAP0939,,anicetus,conanti F,North Carolina,Polk,35.2829088,-82.3001916,40.08,35.02,21.09,6.48,3.39,2.48,9.63,5.09,2.37,1.40,6.58,2.12,2.27,2.55,1.63,1.85,3.16
RAP0942,,anicetus,conanti F,North Carolina,Polk,35.2829088,-82.3001916,22.91,17.15,11.77,2.96,2.25,1.37,5.78,1.99,1.20,0.69,3.62,1.73,1.29,1.40,0.89,1.03,1.96
RAP1210,,anicetus,conanti F,North Carolina,Henderson,35.47187,-82.36341,34.82,25.31,19.53,4.66,3.24,2.57,7.38,3.64,2.26,1.21,5.07,1.99,1.92,2.21,1.49,1.65,2.63
RAP1841,,anicetus,conanti F,North Carolina,Henderson,35.32742,-82.31934,21.93,23.58,11.41,3.18,2.27,1.73,5.39,2.24,1.46,0.75,3.92,1.68,1.64,1.41,0.76,1.19,1.86
RAP1842,,anicetus,conanti F,North Carolina,Henderson,35.32742,-82.31934,37.63,43.73,21.03,5.37,3.78,3.12,7.50,4.05,2.28,1.52,5.66,2.13,2.38,2.21,1.46,1.52,2.62
RAP1843,,anicetus,conanti F,North Carolina,Henderson,35.32742,-82.31934,37.89,17.37,19.99,5.57,4.47,3.29,8.96,4.06,2.39,1.47,6.20,2.35,2.27,2.53,1.69,1.98,2.89
RAP1844,MNHN-RA 2021.0157,anicetus,conanti F,North Carolina,Henderson,35.32742,-82.31934,36.90,42.76,19.45,5.17,4.08,2.98,8.58,3.99,2.68,1.30,5.52,2.04,2.25,2.29,1.55,1.64,2.85
RAP1845,,anicetus,conanti F,North Carolina,Henderson,35.32742,-82.31934,42.84,31.87,22.57,6.44,4.49,2.89,9.67,4.02,2.04,1.37,6.71,2.21,2.65,2.92,1.86,1.91,3.08
RAP1846,,anicetus,conanti F,North Carolina,Henderson,35.32742,-82.31934,45.16,57.02,24.26,6.51,4.46,3.42,10.15,4.75,2.08,1.11,6.73,2.24,2.57,2.78,1.84,2.34,3.25
RAP1847,BMNH 2021.7574,anicetus,conanti F,North Carolina,Henderson,35.32742,-82.31934,45.38,44.93,24.07,6.82,4.72,3.11,9.97,5.01,2.94,0.99,6.76,2.40,2.72,2.89,1.87,2.30,3.48
RAP1848,,anicetus,conanti F,North Carolina,Henderson,35.32742,-82.31934,44.55,50.92,24.77,6.76,5.03,3.66,10.02,4.80,3.02,1.83,7.14,2.20,2.36,2.82,1.80,1.87,3.14
RAP1851,,anicetus,conanti F,North Carolina,Henderson,35.481205,-82.305984,32.64,36.80,17.83,4.69,2.67,2.21,7.21,3.39,1.96,1.08,5.03,1.90,1.91,1.81,1.06,1.38,2.49
RAP1852,,anicetus,conanti F,North Carolina,Henderson,35.481205,-82.305984,40.46,41.64,21.50,6.51,3.48,2.67,9.32,4.63,2.10,1.26,6.37,2.14,2.49,2.63,1.70,1.94,2.97
RAP1853,,anicetus,conanti F,North Carolina,Henderson,35.481205,-82.305984,42.17,56.87,22.77,6.72,4.05,2.39,9.08,5.30,2.44,1.53,6.33,2.35,2.76,2.42,1.40,1.80,3.06
RAP2625,,anicetus,conanti F,North Carolina,Henderson,35.266121,-82.544588,40.89,47.78,22.61,6.04,3.15,3.08,9.93,4.63,2.97,1.56,5.80,2.33,2.42,2.09,1.11,1.75,2.82
RAP2626,,anicetus,conanti F,North Carolina,Henderson,35.266121,-82.544588,39.13,41.90,21.87,5.30,3.76,2.54,8.50,4.14,2.67,1.34,5.79,1.99,2.20,2.14,1.08,1.62,3.18
RAP2628,,anicetus,conanti F,North Carolina,Henderson,35.248848,-82.403566,38.98,32.10,21.37,5.40,3.66,3.16,8.75,4.56,2.71,1.37,5.65,2.05,2.25,2.51,1.52,1.60,2.84
RAP2629,,anicetus,conanti F,North Carolina,Henderson,35.248848,-82.403566,34.41,43.76,18.56,4.74,3.06,2.56,7.78,3.62,2.24,1.25,5.12,1.80,2.09,2.19,1.33,1.67,2.76
RAP2630,,anicetus,conanti F,North Carolina,Henderson,35.248848,-82.403566,42.64,54.02,23.97,6.08,3.31,3.38,9.47,4.78,2.71,1.56,6.34,2.11,2.57,2.46,1.49,1.74,3.01
RAP2795,,anicetus,conanti F,North Carolina,Buncombe,35.5108643,-82.2716248,34.08,32.23,17.78,4.63,2.93,3.10,7.84,3.15,2.12,1.10,5.26,2.09,2.12,2.01,1.28,1.45,2.81
RAP2796,,anicetus,conanti F,North Carolina,Buncombe,35.5108643,-82.2716248,36.72,41.46,19.63,4.98,3.77,2.77,8.80,4.05,2.04,1.34,5.44,2.13,2.26,2.14,1.26,1.48,2.90
RAP2944,,anicetus,conanti F,South Carolina,Spartanburg,34.82085,-82.07887,27.65,23.80,14.53,3.80,2.62,2.53,6.70,2.71,2.02,1.16,4.51,1.82,1.60,1.64,1.01,1.28,2.20
RAP2945,,anicetus,conanti F,South Carolina,Spartanburg,34.82085,-82.07887,35.31,40.52,19.20,4.93,3.07,2.75,7.96,3.55,2.48,1.39,5.71,1.92,2.08,2.26,1.45,1.32,2.57
RAP2946,,anicetus,conanti F,South Carolina,Spartanburg,34.82085,-82.07887,35.67,39.33,19.34,4.88,3.18,2.78,8.09,3.84,2.47,1.40,5.63,2.03,1.87,2.20,1.37,1.55,2.75
RAP2948,,anicetus,conanti F,South Carolina,Spartanburg,34.84174,-82.18478,51.00,24.40,28.35,7.58,4.22,4.11,11.52,5.36,3.47,1.98,7.49,2.59,2.93,3.18,1.90,1.84,3.69
RAP2949,,anicetus,conanti F,South Carolina,Spartanburg,34.84174,-82.18478,43.37,41.79,24.50,5.49,3.48,2.97,9.17,4.23,3.22,1.66,6.04,2.25,2.23,2.50,1.61,1.31,2.97
RAP2950,,anicetus,conanti F,South Carolina,Spartanburg,34.84174,-82.18478,50.04,52.40,27.31,7.18,4.11,3.26,10.64,5.43,3.29,1.87,7.74,2.40,2.86,3.29,2.00,2.02,3.60
RAP2951,,anicetus,conanti F,South Carolina,Greenville,35.02091,-82.33623,31.02,37.85,16.56,4.05,2.50,2.92,7.88,2.95,2.02,1.24,5.02,1.76,1.98,2.23,1.38,1.42,2.64
RAP2953,,anicetus,conanti F,South Carolina,Greenville,35.129254,-82.394225,17.07,14.42,8.49,2.41,1.43,1.62,4.59,1.54,0.95,0.56,3.10,1.36,1.24,1.36,0.84,0.86,1.80
RAP2954,USNM 596928,anicetus,conanti F,South Carolina,Greenville,35.129254,-82.394225,33.01,40.74,17.51,5.07,3.14,2.69,8.22,3.65,2.28,1.28,5.31,2.03,2.09,2.18,1.28,1.66,2.86
RAP2955,USNM 596929,anicetus,conanti F,South Carolina,Greenville,35.129254,-82.394225,39.09,49.84,21.31,5.50,4.00,3.14,8.75,4.35,2.87,1.48,5.96,2.13,2.35,2.55,1.58,1.87,3.35
RAP2956,,anicetus,conanti F,South Carolina,Greenville,35.129254,-82.394225,41.50,33.45,21.52,6.07,3.77,3.80,9.78,4.81,3.32,1.75,6.47,2.02,2.70,3.14,1.92,1.92,3.60
RAP2957,,anicetus,conanti F,South Carolina,Greenville,35.129254,-82.394225,39.09,44.43,19.92,5.77,3.44,3.08,9.34,4.15,2.98,1.56,6.07,2.17,2.46,2.80,1.75,1.73,3.24
RAP2958,AMNH A-193896,anicetus,conanti F,South Carolina,Greenville,35.129254,-82.394225,45.71,53.98,24.02,7.12,4.01,3.61,10.47,5.27,3.16,1.82,7.37,2.65,2.81,3.58,2.16,2.07,3.88
RAP3057,,anicetus,conanti F,North Carolina,Polk,35.282909,-82.300192,26.23,31.82,13.99,3.77,2.62,2.57,6.08,2.74,1.95,0.97,4.22,1.81,1.58,1.60,0.89,1.18,2.15
RAP3058,,anicetus,conanti F,North Carolina,Polk,35.282909,-82.300192,32.67,20.69,17.70,4.87,3.05,2.79,7.66,3.43,2.19,1.34,5.12,2.02,1.81,2.11,1.26,1.39,2.54
RAP3059,,anicetus,conanti F,North Carolina,Polk,35.282909,-82.300192,35.03,42.22,18.91,5.11,3.57,2.82,8.54,3.51,2.56,1.46,5.52,1.97,2.07,2.57,1.67,1.72,3.20
RAP3060,,anicetus,conanti F,North Carolina,Polk,35.282909,-82.300192,43.31,39.96,22.04,6.57,4.19,3.82,10.16,4.98,3.09,1.57,6.64,2.14,2.68,3.17,1.95,1.90,3.42
RAP3061,,anicetus,conanti F,North Carolina,Polk,35.253251,-82.329786,16.83,13.88,8.62,2.43,1.52,1.40,4.35,1.72,1.12,0.58,3.09,1.34,1.08,1.19,0.69,0.80,1.46
RAP3062,,anicetus,conanti F,North Carolina,Polk,35.253251,-82.329786,22.44,17.53,11.27,3.29,2.31,1.95,5.56,2.28,1.52,0.90,3.74,1.41,1.25,1.55,1.02,1.02,1.83
RAP3063,,anicetus,conanti F,North Carolina,Polk,35.253251,-82.329786,33.40,10.49,18.15,4.49,2.65,2.53,7.57,2.56,2.21,1.24,4.88,1.83,1.71,2.05,1.32,1.33,2.57
RAP3064,,anicetus,conanti F,North Carolina,Polk,35.253251,-82.329786,40.14,49.17,21.69,5.98,3.29,3.46,9.57,4.42,2.88,1.59,6.50,2.03,2.45,2.73,1.68,2.12,3.58
RAP1914,,conanti,conanti Gamma,Tennessee,Blount,35.69118,-83.88972,55.21,53.26,30.27,8.64,4.73,4.24,11.04,7.03,3.92,1.52,8.92,3.17,3.66,3.50,2.24,2.40,3.90
RAP1917,,conanti,conanti Gamma,Tennessee,Sevier,35.75314,-83.70561,58.29,47.75,31.26,8.22,5.51,3.48,12.33,7.01,3.20,1.95,8.75,3.10,3.94,3.78,2.29,2.60,3.87
RAP1918,,conanti,conanti Gamma,Tennessee,Sevier,35.75314,-83.70561,48.98,44.82,26.39,8.61,4.73,4.02,10.98,6.94,3.59,1.64,8.42,2.58,3.37,3.28,1.73,2.04,4.08
RAP1919,,conanti,conanti Gamma,Tennessee,Sevier,35.75314,-83.70561,44.62,50.01,23.54,7.66,4.85,3.17,9.92,5.62,3.16,2.01,7.69,2.92,3.18,2.50,1.59,2.40,3.84
RAP1920,BMNH 2021.7575,conanti,conanti Gamma,Tennessee,Sevier,35.80182,-83.47596,48.00,32.75,25.96,8.06,4.75,3.30,10.73,6.06,2.62,2.10,8.07,2.85,2.95,3.00,1.88,1.96,3.53
RAP1921,,conanti,conanti Gamma,Tennessee,Sevier,35.80182,-83.47596,32.79,31.07,17.03,4.98,3.78,2.71,7.94,4.10,2.26,1.39,5.63,2.24,2.14,1.82,1.25,1.36,2.71
RAP1922,,conanti,conanti Gamma,Tennessee,Sevier,35.80182,-83.47596,38.61,34.36,21.51,6.73,4.87,3.06,7.88,4.98,2.53,1.74,6.43,2.25,2.73,2.57,1.37,1.71,3.22
RAP1924,USNM 596930,conanti,conanti Gamma,Tennessee,Cocke,35.87703,-83.28496,49.69,44.16,25.61,7.76,4.37,3.88,11.14,6.82,3.56,2.29,8.45,2.80,3.37,3.17,1.80,2.50,3.79
RAP1925,MNHN-RA 2021.0158,conanti,conanti Gamma,Tennessee,Cocke,35.87703,-83.28496,47.89,52.11,25.59,7.66,4.85,3.26,11.12,5.71,3.25,1.69,7.15,2.42,3.14,2.73,1.44,2.00,3.57
RAP1926,,conanti,conanti Gamma,Tennessee,Cocke,35.87703,-83.28496,57.84,46.33,30.55,9.46,4.54,4.06,12.52,7.09,3.31,2.54,9.44,3.02,3.77,3.83,2.43,2.68,4.26
RAP2234,,conanti,conanti Gamma,Tennessee,Knox,35.97568,-83.73269,48.12,50.59,25.44,7.01,4.10,3.17,10.68,5.16,3.11,1.70,7.78,3.04,3.53,3.24,1.98,2.21,3.64
RAP2235,,conanti,conanti Gamma,Tennessee,Knox,35.97568,-83.73269,46.68,57.06,26.38,6.53,4.26,3.37,9.84,5.39,2.93,1.66,6.99,2.57,2.56,2.80,1.74,2.23,3.49
RAP2236,,conanti,conanti Gamma,Tennessee,Cocke,35.99758,-83.2246,33.15,34.84,17.47,4.30,3.63,1.91,7.64,3.42,2.26,1.15,5.48,2.05,2.56,2.08,0.87,1.67,2.75
RAP2237,,conanti,conanti Gamma,Tennessee,Cocke,35.99758,-83.2246,31.05,35.15,15.96,4.63,3.38,2.38,6.93,3.45,1.88,1.24,5.24,1.88,2.22,1.61,0.81,1.59,2.58
RAP2238,,conanti,conanti Gamma,Tennessee,Cocke,35.99758,-83.2246,48.25,34.09,26.77,7.48,4.39,3.50,10.19,6.36,3.08,1.59,7.08,2.40,2.68,2.90,1.71,2.35,3.62
RAP2239,,conanti,conanti Gamma,Tennessee,Cocke,35.99758,-83.2246,51.47,48.35,28.18,7.64,4.52,3.49,11.04,6.64,2.91,1.81,8.00,2.59,2.87,2.92,1.74,2.18,3.70
RAP2480,,conanti,conanti Gamma,Tennessee,Blount,35.650763,-83.950657,40.12,33.87,21.35,6.06,3.63,2.95,9.23,5.53,2.74,1.60,6.76,2.26,2.83,2.98,1.80,1.69,3.13
RAP2481,,conanti,conanti Gamma,Tennessee,Blount,35.650763,-83.950657,50.83,43.53,28.78,6.80,4.49,2.12,10.02,6.24,3.20,1.80,7.61,2.35,2.31,2.77,1.76,1.74,3.63
RAP0607,BMNH 2021.7516,fuscus,fuscus A,Tennessee,Franklin,35.20456,-85.93232,56.35,43.23,32.77,8.67,3.90,2.89,11.03,6.28,3.76,2.34,8.55,2.64,2.46,2.72,2.00,2.90,4.21
RAP0608,,fuscus,fuscus A,Tennessee,Franklin,35.20456,-85.93232,33.44,21.98,18.56,5.03,2.48,2.07,7.79,3.59,2.21,1.28,5.84,2.18,1.83,2.01,1.40,1.52,2.76
RAP0609,,fuscus,fuscus A,Tennessee,Franklin,35.20456,-85.93232,30.38,16.25,16.84,4.79,1.63,1.82,6.98,3.50,2.24,1.11,5.23,1.71,1.47,1.64,1.16,1.49,2.66
RAP0610,USNM 596931,fuscus,fuscus A,Tennessee,Franklin,35.20244,-85.94279,53.01,44.13,28.60,8.13,4.38,3.35,10.48,7.25,3.86,2.08,8.38,2.50,2.14,2.51,1.83,2.36,3.87
RAP0611,USNM 596932,fuscus,fuscus A,Tennessee,Franklin,35.20244,-85.94279,31.47,18.25,17.17,4.31,2.37,2.12,6.93,3.46,2.21,1.39,5.60,1.92,1.95,2.06,1.48,1.78,2.56
RAP0622,MNHN-RA 2021.0113,fuscus,fuscus A,Tennessee,Grundy,35.26814,-85.79224,44.61,29.79,24.39,6.79,3.67,2.45,9.96,5.06,2.95,1.94,7.21,2.60,2.06,2.53,1.85,1.94,3.10
RAP0624,,fuscus,fuscus A,Tennessee,Grundy,35.27993,-85.69151,60.35,41.62,34.00,9.98,5.74,3.96,14.34,7.37,2.90,2.70,10.81,2.85,3.34,3.49,2.20,3.11,4.36
RAP0625,,fuscus,fuscus A,Tennessee,Grundy,35.28023,-85.69177,49.97,36.97,28.05,7.32,4.27,3.93,11.07,5.46,3.60,2.34,7.94,3.04,2.94,2.71,1.66,2.05,3.52
RAP2896,,fuscus,fuscus A,Virginia,Scott,36.699033,-82.69821,26.88,17.48,14.32,3.67,2.69,2.36,6.63,2.45,1.86,0.84,4.55,1.84,1.69,1.70,0.96,1.29,2.49
RAP2897,,fuscus,fuscus A,Virginia,Scott,36.699033,-82.69821,31.22,31.40,16.70,4.22,2.54,2.65,7.64,3.10,1.88,1.40,5.03,2.10,1.88,1.94,1.17,1.35,2.62
RAP2898,,fuscus,fuscus A,Virginia,Scott,36.699033,-82.69821,43.14,46.89,22.71,6.86,3.82,3.38,9.90,4.56,2.82,1.66,6.95,2.27,2.46,2.60,1.65,2.10,3.57
RAP2899,,fuscus,fuscus A,Virginia,Scott,36.699033,-82.69821,58.47,32.56,32.78,8.67,5.32,3.51,12.63,6.93,2.74,1.89,8.97,3.43,3.77,4.16,2.68,2.28,4.60
RAP2914,,fuscus,fuscus A,Kentucky,Letcher,37.025876,-82.907328,25.81,16.95,13.31,3.62,2.31,2.25,6.11,2.25,1.74,1.07,4.26,1.71,1.64,1.63,0.95,1.06,2.21
RAP2915,,fuscus,fuscus A,Kentucky,Letcher,37.025876,-82.907328,36.65,36.79,19.93,4.75,3.28,2.95,8.54,3.55,2.37,1.31,5.65,2.13,2.22,2.18,1.32,1.53,2.82
RAP2916,,fuscus,fuscus A,Kentucky,Letcher,37.025876,-82.907328,40.89,41.47,22.11,5.22,3.68,3.27,9.05,4.05,2.91,1.59,6.18,2.14,2.49,2.55,1.62,1.56,3.34
RAP2926,,fuscus,fuscus A,Kentucky,Carter,38.36863,-83.10708,38.00,11.41,20.20,5.02,3.77,3.46,8.72,3.79,2.60,1.35,5.83,2.28,2.25,2.42,1.63,1.48,2.98
RAP2927,,fuscus,fuscus A,Kentucky,Carter,38.36863,-83.10708,43.53,40.94,23.55,6.27,3.78,3.17,9.27,4.66,2.69,1.81,6.41,2.25,2.36,2.31,1.32,1.85,3.09
RAP2928,,fuscus,fuscus A,Kentucky,Carter,38.36863,-83.10708,43.05,42.70,23.36,6.08,4.05,3.18,9.68,4.92,2.82,1.90,6.35,2.35,2.61,2.35,1.27,1.62,3.21
RAP2929,,fuscus,fuscus A,Kentucky,Carter,38.36863,-83.10708,52.11,49.90,29.05,7.34,4.70,3.91,11.64,5.88,3.30,2.21,7.89,2.59,2.77,2.69,1.66,2.03,3.55
RAP3024,,fuscus,fuscus A,Kentucky,Pulaski,37.104717,-84.408492,30.03,20.17,15.82,4.14,2.29,2.68,7.11,2.81,2.14,1.16,4.98,2.14,1.82,1.72,1.01,1.27,2.35
RAP3025,,fuscus,fuscus A,Kentucky,Pulaski,37.104717,-84.408492,29.72,29.08,16.46,4.05,2.80,2.76,7.06,2.94,2.03,1.22,4.90,2.21,1.69,1.82,1.09,1.32,2.19
RAP3026,,fuscus,fuscus A,Kentucky,Pulaski,37.104717,-84.408492,32.90,35.38,17.99,4.47,3.18,3.03,8.09,3.26,2.38,1.39,5.42,2.12,2.04,2.15,1.17,1.48,2.82
RAP3027,,fuscus,fuscus A,Kentucky,Pulaski,37.104717,-84.408492,57.26,47.43,33.27,7.87,4.47,4.64,12.30,5.31,3.62,1.96,8.14,2.78,2.84,3.21,2.07,2.07,3.99
RAP3028,,fuscus,fuscus A,Kentucky,Pulaski,37.104717,-84.408492,59.92,60.41,33.66,8.05,4.72,4.38,12.72,5.90,3.63,2.29,8.52,2.83,3.12,3.39,2.12,2.18,4.37
RAP3030,,fuscus,fuscus A,Kentucky,Rockcastle,37.391079,-84.290232,48.10,44.84,26.97,6.86,3.92,4.08,10.66,4.88,3.27,1.89,7.29,2.61,2.66,2.53,1.40,1.77,3.49
RAP3031,,fuscus,fuscus A,Kentucky,Rockcastle,37.391079,-84.290232,60.62,53.82,34.06,9.38,4.92,4.32,11.96,7.14,3.96,2.55,9.78,3.23,3.54,4.62,2.75,2.89,4.82
RAP3032,,fuscus,fuscus A,Kentucky,Adair,37.214382,-85.246524,49.25,50.14,27.50,7.62,4.56,4.25,10.76,5.72,3.28,2.05,7.72,2.84,2.51,3.09,1.87,1.86,3.54
RAP3033,,fuscus,fuscus A,Kentucky,Adair,37.214382,-85.246524,52.05,54.91,28.98,8.37,4.52,4.50,11.28,6.65,3.25,2.20,8.39,2.94,2.97,3.01,1.75,2.13,3.91
RAP3034,,fuscus,fuscus A,Kentucky,Adair,37.214382,-85.246524,68.37,34.24,37.26,10.35,4.88,5.75,15.45,6.55,3.75,2.66,10.42,3.39,4.61,5.83,3.78,3.15,5.55
RAP3037,,fuscus,fuscus A,Tennessee,Campbell,36.34093,-84.25625,28.28,26.49,15.06,3.97,2.09,2.36,6.62,3.12,1.95,0.89,4.70,1.95,1.64,1.72,0.94,1.22,2.23
RAP3038,,fuscus,fuscus A,Tennessee,Campbell,36.34093,-84.25625,31.72,32.13,17.67,4.47,2.98,2.71,7.33,3.04,2.26,1.18,5.18,1.71,2.14,2.22,1.21,1.62,2.74
RAP0950,,fuscus,fuscus B,North Carolina,Wilkes,36.3718891,-81.1571914,37.60,24.71,19.75,5.05,2.78,1.75,8.67,3.97,2.75,1.53,5.55,1.97,2.08,2.35,1.63,1.56,2.75
RAP0952,,fuscus,fuscus B,North Carolina,Wilkes,36.3707315,-81.1561614,45.09,39.29,24.59,6.28,3.88,3.35,11.01,4.86,3.51,1.94,6.99,2.33,2.38,3.17,2.19,1.93,3.42
RAP0953,,fuscus,fuscus B,North Carolina,Wilkes,36.3707315,-81.1561614,33.31,4.41,16.55,4.73,2.56,2.22,7.79,3.47,2.17,1.28,5.27,2.05,1.86,1.98,1.26,1.59,2.30
RAP0954,,fuscus,fuscus B,North Carolina,Wilkes,36.3707315,-81.1561614,42.68,19.24,24.10,5.77,3.65,3.64,9.87,4.59,2.95,1.94,6.39,2.54,2.32,2.27,1.30,1.70,2.94
RAP1047,,fuscus,fuscus B,Tennessee,Carter,36.395453,-82.246781,31.88,23.50,17.78,3.77,2.78,2.16,7.74,2.66,1.93,1.20,4.82,2.09,1.78,1.62,1.05,1.30,2.20
RAP1048,,fuscus,fuscus B,Tennessee,Carter,36.395453,-82.246781,56.85,47.65,32.26,7.08,4.14,4.29,11.36,5.19,3.61,2.04,7.93,2.83,2.78,3.06,2.05,2.28,3.60
RAP1174,,fuscus,fuscus B,West Virginia,Pendleton,38.609437,-79.185227,34.24,21.44,18.86,4.44,3.01,2.42,7.32,3.02,2.34,1.34,5.00,2.08,1.95,2.02,1.26,1.16,2.42
RAP1177,MNHN-RA 2021.0138,fuscus,fuscus B,Virginia,Bath,38.149008,-79.768881,58.15,37.12,31.20,8.59,5.20,3.05,12.55,6.98,3.56,2.21,9.12,3.06,3.70,3.70,2.19,2.35,3.94
RAP1178,,fuscus,fuscus B,Virginia,Bath,38.149008,-79.768881,61.19,33.86,34.29,8.26,4.17,3.80,12.74,6.36,4.17,2.63,9.19,3.38,3.39,3.25,1.97,2.37,3.81
RAP1179,,fuscus,fuscus B,Virginia,Bath,38.149008,-79.768881,42.75,24.67,23.23,5.46,3.53,2.96,9.24,4.40,2.68,1.70,6.12,2.59,2.16,2.42,1.40,1.55,2.57
RAP1180,,fuscus,fuscus B,West Virginia,Wyoming,37.598044,-81.506314,57.37,31.71,30.92,8.70,4.58,3.28,12.54,6.07,4.21,2.31,8.80,3.24,3.48,4.31,2.79,2.21,4.40
RAP1184,,fuscus,fuscus B,West Virginia,McDowell,37.371667,-81.923333,43.02,29.09,22.88,5.04,4.13,3.14,9.29,3.97,2.99,1.75,6.42,2.49,2.39,2.69,1.67,1.62,3.13
RAP1188,,fuscus,fuscus B,West Virginia,McDowell,37.390694,-81.8925,38.31,30.45,20.62,5.52,3.38,2.39,8.14,4.01,2.85,1.67,5.82,2.35,1.88,2.25,1.37,1.41,2.74
RAP1189,,fuscus,fuscus B,West Virginia,McDowell,37.322205,-81.414562,48.28,28.58,26.93,6.84,3.93,3.12,9.54,5.70,3.21,1.93,6.97,2.67,2.42,2.92,1.87,1.70,3.27
RAP1190,,fuscus,fuscus B,West Virginia,McDowell,37.322205,-81.414562,45.07,29.78,24.88,6.06,3.26,3.38,9.35,4.97,3.36,1.66,6.36,2.50,2.18,2.42,1.49,1.78,2.82
RAP1194,,fuscus,fuscus B,West Virginia,Summers,37.491701,-80.839984,57.51,39.82,31.26,6.93,4.28,3.65,12.97,5.52,3.50,2.04,8.21,3.20,3.44,3.45,2.16,1.94,3.74
RAP1424,,fuscus,fuscus B,Virginia,Smyth,36.700887,-81.620638,33.82,20.22,18.59,4.23,2.82,2.69,7.91,3.07,1.99,1.20,4.96,2.11,1.95,1.64,1.01,1.26,2.26
RAP1425,,fuscus,fuscus B,Virginia,Smyth,36.700887,-81.620638,30.57,20.22,15.69,3.95,2.64,1.84,7.29,3.05,2.21,1.25,5.04,2.04,1.90,1.68,1.07,1.33,2.28
RAP1426,,fuscus,fuscus B,Virginia,Smyth,36.700887,-81.620638,41.82,27.78,22.53,5.33,3.46,2.60,9.72,4.28,2.43,1.62,6.12,2.18,2.42,2.70,1.78,1.72,2.96
RAP1434,,fuscus,fuscus B,Virginia,Washington,36.841097,-82.08641,48.57,23.76,27.68,6.09,4.49,3.46,9.83,5.10,2.83,1.72,7.15,2.47,2.34,2.86,1.94,1.73,3.27
RAP1435,,fuscus,fuscus B,Virginia,Washington,36.841097,-82.08641,53.58,31.45,30.75,7.32,4.63,4.04,11.28,5.34,2.98,1.74,7.46,2.77,2.81,2.56,1.63,2.05,3.48
RAP1443,,fuscus,fuscus B,Virginia,Washington,36.925,-81.839,59.36,35.18,33.58,8.57,4.72,3.91,12.78,5.99,3.81,2.21,8.90,3.37,3.46,3.76,2.59,2.67,4.02
RAP1444,,fuscus,fuscus B,Virginia,Washington,36.925,-81.839,59.06,36.89,32.74,8.88,4.84,4.34,12.42,6.76,3.25,2.50,9.40,3.22,3.32,3.43,2.44,2.52,4.00
RAP1455,,fuscus,fuscus B,Virginia,Albemarle,38.08436,-78.72977,30.18,23.97,15.77,4.06,2.96,2.51,7.08,3.18,2.03,1.14,5.08,1.91,1.83,1.83,1.14,1.37,2.27
RAP1945,,fuscus,fuscus B,West Virginia,Summers,37.473043,-80.866447,57.76,53.51,31.21,8.03,5.37,3.46,12.50,6.69,3.98,2.32,9.31,2.81,3.71,3.88,2.55,3.11,4.75
RAP1947,,fuscus,fuscus B,West Virginia,Summers,37.603021,-80.804202,50.43,50.85,27.62,6.80,4.27,3.64,10.62,6.36,3.17,1.75,7.86,2.62,3.35,3.20,2.01,2.17,3.69
RAP1952,,fuscus,fuscus B,West Virginia,Mercer,37.525,-81.133611,44.48,41.34,23.42,5.84,4.46,2.93,9.72,4.91,3.14,1.69,6.98,2.52,2.80,2.77,1.86,1.88,3.20
RAP1955,,fuscus,fuscus B,West Virginia,Wyoming,37.620861,-81.457339,38.88,39.21,20.75,5.46,3.62,2.78,8.62,3.92,2.78,1.58,6.09,2.16,2.55,2.56,1.42,1.77,3.04
RAP1961,,fuscus,fuscus B,Virginia,Botetourt,37.543573,-79.955137,43.90,40.58,23.16,5.98,4.23,3.03,9.93,5.40,2.97,1.77,7.01,2.63,2.35,2.58,1.65,1.92,3.29
RAP1962,,fuscus,fuscus B,Virginia,Botetourt,37.543573,-79.955137,56.63,55.56,30.62,8.27,5.09,3.67,12.36,7.18,3.58,2.27,8.80,2.99,4.10,3.55,2.33,2.05,3.73
RAP1963,,fuscus,fuscus B,Virginia,Botetourt,37.543573,-79.955137,72.30,44.02,39.64,9.82,6.10,4.39,15.06,8.25,4.06,2.22,10.88,3.92,4.28,4.41,2.70,2.79,4.66
RAP1968,,fuscus,fuscus B,Virginia,Shenandoah,38.93663,-78.320122,62.06,10.04,36.16,7.66,4.24,3.93,12.35,5.44,2.63,1.94,8.91,3.30,3.17,2.75,1.69,2.18,3.47
RAP1969,,fuscus,fuscus B,Virginia,Shenandoah,38.93663,-78.320122,41.14,41.98,22.20,5.36,4.04,2.84,8.60,4.43,2.74,1.70,6.28,2.24,2.35,2.02,1.28,1.38,2.75
RAP1970,,fuscus,fuscus B,Virginia,Shenandoah,38.93663,-78.320122,67.33,54.41,38.51,9.70,6.17,3.85,13.66,8.11,3.59,2.18,10.48,3.09,3.77,3.76,2.42,2.95,4.43
RAP1989,,fuscus,fuscus B,Virginia,Amelia,37.46435,-77.91856,31.76,32.92,16.70,4.68,2.79,2.66,7.10,3.21,2.21,1.05,5.32,1.98,1.96,1.69,1.05,1.39,2.27
RAP1990,BMNH 2021.7517,fuscus,fuscus B,Virginia,Amelia,37.46435,-77.91856,50.25,55.30,28.20,7.68,3.07,3.26,9.46,5.54,3.27,1.33,7.43,2.91,2.38,2.41,1.64,2.02,3.18
RAP1991,,fuscus,fuscus B,Virginia,Amelia,37.46435,-77.91856,53.12,47.10,30.76,7.56,3.99,3.08,9.96,6.05,2.68,1.86,7.83,2.83,2.89,2.72,1.53,2.43,3.67
RAP1992,,fuscus,fuscus B,Virginia,Amelia,37.46435,-77.91856,52.63,33.13,29.78,8.50,4.48,3.94,10.34,6.91,2.94,1.61,8.20,2.64,2.86,2.64,1.37,2.22,3.65
RAP1993,,fuscus,fuscus B,Virginia,Amelia,37.46435,-77.91856,59.35,26.35,31.57,9.55,4.34,4.15,13.04,7.58,3.49,1.96,9.28,2.88,3.54,3.11,1.66,2.67,4.30
RAP1994,,fuscus,fuscus B,Virginia,Amelia,37.46435,-77.91856,66.28,54.65,38.53,11.43,4.75,4.54,13.78,8.43,3.61,2.10,10.71,3.59,3.92,3.57,2.07,2.92,4.68
RAP2251,,fuscus,fuscus B,Virginia,Montgomery,37.222212,-80.389662,36.04,36.15,20.03,4.97,3.13,2.60,7.91,3.65,2.48,1.27,5.41,2.34,2.14,1.91,1.10,1.64,2.47
RAP2252,,fuscus,fuscus B,Virginia,Montgomery,37.222212,-80.389662,47.12,37.10,26.78,6.75,3.68,3.31,9.74,5.62,2.94,1.73,6.96,2.69,2.47,2.64,1.57,1.82,3.28
RAP2253,,fuscus,fuscus B,Virginia,Montgomery,37.222212,-80.389662,51.04,32.49,29.40,6.98,3.99,3.56,9.89,5.00,3.47,1.86,7.51,2.83,2.52,2.67,1.70,1.68,3.20
RAP2254,,fuscus,fuscus B,Virginia,Montgomery,37.222212,-80.389662,48.27,49.10,27.64,6.77,4.02,3.57,9.91,5.05,2.98,1.84,6.76,2.54,2.41,2.55,1.58,1.77,3.33
RAP2255,,fuscus,fuscus B,Virginia,Montgomery,37.222212,-80.389662,50.98,48.82,28.30,7.02,4.38,3.76,11.71,5.60,3.48,2.06,7.59,2.77,3.12,3.31,2.04,2.30,3.86
RAP2523,,fuscus,fuscus B,North Carolina,Surry,36.420948,-80.9298,37.31,39.23,19.86,4.95,3.17,2.73,7.65,4.21,2.39,1.19,5.60,1.85,2.16,2.06,1.15,1.72,2.95
RAP2524,,fuscus,fuscus B,North Carolina,Surry,36.420948,-80.9298,46.01,54.98,24.51,6.03,3.34,3.52,9.42,4.92,3.17,1.46,6.76,2.35,2.55,2.63,1.59,1.88,3.37
RAP2539,,fuscus,fuscus B,North Carolina,Wilkes,36.255197,-81.398259,26.95,23.10,14.02,3.83,1.96,2.07,6.28,2.37,1.57,0.73,4.27,1.74,1.61,1.66,0.99,0.94,2.07
RAP2540,,fuscus,fuscus B,North Carolina,Wilkes,36.255197,-81.398259,48.11,50.23,25.64,6.79,3.61,3.40,9.91,5.00,2.96,1.58,7.34,2.32,2.82,3.12,1.86,2.19,3.77
RAP2551,,fuscus,fuscus B,North Carolina,Watauga,36.176867,-81.507761,36.83,31.09,20.55,5.40,3.95,2.93,8.45,4.13,2.52,1.27,6.02,2.05,1.92,2.32,1.59,1.77,3.20
RAP2848,,fuscus,fuscus B,Tennessee,Hawkins,36.462246,-82.721804,23.17,17.38,12.47,3.26,1.90,2.08,5.85,2.09,1.50,0.92,3.92,1.56,1.56,1.64,0.93,1.18,2.22
RAP2849,,fuscus,fuscus B,Tennessee,Hawkins,36.462246,-82.721804,40.19,44.77,22.13,5.53,3.27,3.22,9.32,4.55,2.75,1.53,6.07,2.10,2.34,2.54,1.63,1.70,3.18
RAP2859,,fuscus,fuscus B,West Virginia,Berkeley,39.456752,-78.177226,29.25,28.83,15.88,3.84,3.16,2.17,6.50,2.78,1.85,1.00,4.56,1.73,1.59,1.83,1.16,1.12,2.27
RAP2860,,fuscus,fuscus B,West Virginia,Berkeley,39.456752,-78.177226,50.49,44.99,27.14,6.68,4.90,3.32,10.99,5.74,3.62,1.82,7.56,2.66,2.80,3.30,2.07,1.99,3.65
RAP2883,,fuscus,fuscus B,West Virginia,Fayette,37.97679,-80.959758,47.83,29.67,26.33,7.02,4.36,4.18,10.96,5.67,2.97,2.15,7.68,2.28,2.96,3.46,2.16,2.31,4.06
RAP2884,,fuscus,fuscus B,West Virginia,Fayette,37.97679,-80.959758,52.81,56.79,29.86,7.27,4.33,4.32,11.56,5.73,3.43,1.96,8.13,2.49,3.15,3.31,1.92,2.27,4.19
RAP2917,,fuscus,fuscus B,Kentucky,Breathitt,37.475121,-83.156309,51.26,51.30,30.17,6.37,4.79,4.11,10.55,5.10,3.32,1.99,7.17,2.80,2.79,3.02,1.95,2.05,3.63
RAP2918,,fuscus,fuscus B,Kentucky,Breathitt,37.475121,-83.156309,50.44,46.98,28.19,6.42,4.61,3.94,10.56,4.80,3.35,1.95,7.13,2.58,2.63,2.88,1.78,1.75,3.71
RAP2919,,fuscus,fuscus B,Kentucky,Breathitt,37.475121,-83.156309,57.22,57.43,31.74,7.95,4.75,4.82,12.69,6.04,2.77,2.00,8.22,2.91,3.34,4.04,2.65,2.78,4.89
RAP2924,,fuscus,fuscus B,Kentucky,Menifee,37.848664,-83.644093,45.56,45.78,25.19,5.62,3.65,3.75,10.30,3.94,3.48,1.70,6.36,2.62,2.45,2.57,1.50,1.60,3.22
RAP2925,,fuscus,fuscus B,Kentucky,Menifee,37.848664,-83.644093,58.35,64.98,32.18,8.10,4.84,4.85,12.84,6.70,3.76,2.39,8.56,2.91,3.23,3.64,2.44,1.99,3.79
RAP0748,,lycos,fuscus C,North Carolina,Caldwell,36.0430871,-81.74698,37.80,24.54,19.59,5.30,2.58,2.35,8.85,4.19,2.87,1.56,6.25,2.53,1.89,2.39,1.81,1.80,2.89
RAP0749,,lycos,fuscus C,North Carolina,Caldwell,36.0430871,-81.74698,44.17,22.20,23.56,6.87,4.08,2.31,10.08,5.31,2.98,1.51,7.21,2.75,2.27,2.76,1.85,1.70,3.47
RAP0790,,lycos,fuscus C,North Carolina,McDowell,35.747441,-81.9802809,38.25,33.93,20.87,5.51,3.23,2.87,8.68,4.37,2.74,1.56,6.30,2.50,2.05,2.58,1.74,1.44,2.81
RAP0791,,lycos,fuscus C,North Carolina,McDowell,35.747441,-81.9802809,58.95,47.08,30.88,9.49,5.70,3.85,12.57,7.14,4.13,2.51,9.68,3.27,3.22,3.39,2.19,2.88,4.30
RAP1009,,lycos,fuscus C,North Carolina,Burke,35.6042364,-81.7817008,21.95,17.24,10.98,3.23,2.01,1.85,5.77,2.01,1.66,0.90,4.08,1.80,1.29,1.45,0.92,0.97,1.86
RAP1010,,lycos,fuscus C,North Carolina,Burke,35.6042364,-81.7817008,38.47,30.67,20.49,5.95,4.13,3.08,8.53,3.82,3.05,1.68,6.35,2.52,2.12,1.93,1.22,1.64,2.90
RAP1011,USNM 596925,lycos,fuscus C,North Carolina,Burke,35.6042364,-81.7817008,46.10,36.10,25.02,6.69,3.42,3.62,10.13,5.23,3.78,1.99,7.08,2.55,2.45,2.96,1.96,1.75,3.48
RAP1012,BMNH 2021.7518,lycos,fuscus C,North Carolina,Burke,35.6042364,-81.7817008,50.33,42.03,26.81,7.09,5.21,3.33,11.69,5.43,3.44,2.21,7.96,2.85,2.92,3.16,2.15,2.47,4.06
RAP1013,MNHN-RA 2021.0134,lycos,fuscus C,North Carolina,Burke,35.6042364,-81.7817008,52.90,41.62,29.17,7.36,4.01,4.35,10.83,5.37,3.41,2.17,7.75,2.95,2.88,3.16,2.05,2.03,3.85
RAP1014,,lycos,fuscus C,North Carolina,Burke,35.6042364,-81.7817008,57.91,32.58,32.90,8.21,4.89,3.85,11.57,5.76,3.37,2.43,8.24,3.05,2.62,3.20,2.24,1.74,3.79
RAP1015,USNM 596926,lycos,fuscus C,North Carolina,Burke,35.6042364,-81.7817008,64.45,59.75,33.13,10.06,5.05,4.97,14.50,7.64,4.47,2.58,10.56,3.63,3.91,5.10,3.65,2.79,5.20
RAP1673,,lycos,fuscus C,South Carolina,Florence,33.995115,-79.52011,47.47,35.60,25.51,7.14,3.94,3.08,10.34,5.73,2.97,1.74,7.41,2.45,3.03,2.87,1.78,2.31,3.44
RAP1674,,lycos,fuscus C,South Carolina,Florence,33.995115,-79.52011,47.55,43.11,25.33,7.37,4.25,3.21,10.42,5.78,2.76,2.07,7.68,2.62,2.81,2.67,1.55,1.86,3.36
RAP1675,,lycos,fuscus C,South Carolina,Florence,33.995115,-79.52011,43.73,29.13,23.00,6.54,3.84,3.32,10.04,4.79,2.79,1.58,7.06,2.60,2.84,2.69,1.61,1.84,3.37
RAP1676,,lycos,fuscus C,South Carolina,Florence,33.995115,-79.52011,45.63,27.18,24.52,6.68,4.30,3.32,9.47,5.24,2.93,1.43,6.65,2.52,2.41,2.61,1.57,1.72,3.21
RAP1677,,lycos,fuscus C,South Carolina,Florence,33.995115,-79.52011,59.10,46.72,33.75,8.33,4.74,3.81,12.87,6.62,3.33,2.04,9.11,3.24,3.34,2.92,1.58,2.95,3.87
RAP1980,,lycos,fuscus C,Virginia,Sussex,36.952419,-77.080607,22.84,11.73,11.43,3.16,1.90,1.69,5.86,1.97,1.69,0.98,4.25,1.87,1.66,1.48,0.88,1.18,1.70
RAP1981,,lycos,fuscus C,Virginia,Sussex,36.952419,-77.080607,25.21,23.85,13.51,3.51,2.03,1.71,6.13,2.26,1.55,1.11,4.35,1.89,1.48,1.48,0.86,1.18,1.97
RAP1982,,lycos,fuscus C,Virginia,Sussex,36.952419,-77.080607,27.26,25.03,14.36,4.19,2.58,1.60,6.53,2.73,1.79,1.06,4.72,1.82,1.54,1.83,1.12,0.97,2.35
RAP1983,,lycos,fuscus C,Virginia,Sussex,36.952419,-77.080607,48.92,51.37,27.37,8.14,4.43,3.79,10.53,6.27,3.86,2.20,7.67,2.63,2.76,2.42,1.52,2.21,3.17
RAP2527,,lycos,fuscus C,North Carolina,Wilkes,36.297202,-81.139437,60.08,37.94,31.88,9.15,5.18,4.04,12.87,7.55,3.93,2.59,9.53,3.07,3.59,4.02,2.55,2.04,4.51
RAP2528,,lycos,fuscus C,North Carolina,Wilkes,36.297202,-81.139437,74.32,30.71,39.75,10.71,6.48,5.17,15.35,8.31,4.11,2.78,11.11,3.26,4.40,4.86,3.00,3.17,5.96
RAP2545,,lycos,fuscus C,North Carolina,Caldwell,36.09823,-81.52357,34.64,40.60,18.29,4.98,2.85,3.07,8.03,3.39,2.56,1.21,5.66,2.28,1.88,2.01,1.25,1.34,2.66
RAP2546,,lycos,fuscus C,North Carolina,Caldwell,36.09823,-81.52357,69.81,73.11,38.40,10.59,5.05,4.46,15.46,8.39,4.13,2.83,11.22,3.23,3.93,4.16,2.46,2.68,5.38
RAP2789,,lycos,fuscus C,North Carolina,Buncombe,35.61304,-82.42741,30.58,35.10,16.47,4.15,2.12,2.94,7.10,3.29,2.38,1.31,4.66,1.76,1.74,1.67,1.04,1.19,2.36
RAP2790,,lycos,fuscus C,North Carolina,Buncombe,35.61304,-82.42741,33.03,36.19,17.45,4.51,2.78,2.98,7.67,3.05,2.26,1.33,5.14,1.84,1.79,1.96,1.22,1.40,2.52
RAP2845,,lycos,fuscus C,Tennessee,Cocke,36.075667,-83.164783,22.98,21.77,12.36,3.13,2.30,2.07,5.84,1.84,1.71,1.03,3.97,1.71,1.34,1.44,0.82,0.85,1.88
RAP2846,,lycos,fuscus C,Tennessee,Cocke,36.075667,-83.164783,34.74,35.82,18.89,4.95,2.91,2.61,8.10,3.50,2.61,1.30,5.58,2.16,2.37,2.41,1.23,1.49,2.93
RAP2847,,lycos,fuscus C,Tennessee,Cocke,36.075667,-83.164783,49.80,31.17,27.64,6.04,4.15,3.92,11.56,3.84,3.62,1.73,7.37,2.57,2.58,3.11,2.12,2.24,3.56
RAP2851,,lycos,fuscus C,Tennessee,Washington,36.278782,-82.377079,23.87,20.97,12.82,3.35,1.59,1.81,5.67,2.19,1.40,0.84,4.03,1.56,1.63,1.28,0.59,1.06,2.15
RAP2931,,lycos,fuscus C,Virginia,Pittsylvania,36.80377,-79.31442,41.31,40.10,22.42,5.86,4.24,3.30,9.36,4.48,2.99,2.00,6.49,2.40,2.29,2.66,1.72,1.86,3.33
RAP2932,,lycos,fuscus C,Virginia,Pittsylvania,36.80377,-79.31442,42.37,41.62,22.97,5.80,3.84,3.65,10.29,4.38,3.33,1.88,6.92,2.32,2.40,2.95,1.86,1.71,3.37
RAP2933,,lycos,fuscus C,Virginia,Pittsylvania,36.80377,-79.31442,52.71,47.91,28.30,7.67,3.99,3.92,11.94,5.60,3.34,2.07,8.39,2.76,3.00,3.40,2.11,2.25,4.06
RAP2940,AMNH A-193897,lycos,fuscus C,North Carolina,Burke,35.604236,-81.781701,22.51,22.53,11.46,3.27,2.16,2.00,5.78,2.18,1.63,0.90,3.97,1.82,1.53,1.49,0.83,1.10,2.07
RAP2941,,lycos,fuscus C,North Carolina,Burke,35.604236,-81.781701,50.05,37.24,27.02,7.52,3.83,3.91,11.66,5.98,3.64,2.24,7.87,2.68,2.76,3.05,1.87,1.98,3.95
RAP2942,,lycos,fuscus C,North Carolina,Burke,35.604236,-81.781701,51.74,53.37,28.75,7.08,4.65,4.39,11.24,5.27,3.51,2.12,7.57,2.95,2.65,2.96,1.93,2.14,3.86
RAP2943,NCSM 109134,lycos,fuscus C,North Carolina,Burke,35.604236,-81.781701,58.35,54.91,30.34,9.50,4.75,4.49,13.94,7.28,3.95,2.74,9.71,3.22,3.52,4.00,2.61,2.42,4.79
RAP2969,,lycos,fuscus C,South Carolina,Barnwell,33.39159,-81.27278,52.56,55.34,29.72,7.10,3.93,3.90,10.55,6.31,2.72,1.42,7.55,2.61,2.54,2.30,1.34,1.76,3.10
RAP2970,,lycos,fuscus C,South Carolina,Barnwell,33.39159,-81.27278,52.59,53.40,29.40,7.65,4.15,3.65,11.53,5.43,3.14,1.80,8.16,2.20,2.81,3.18,2.19,2.08,3.81
RAP2971,,lycos,fuscus C,South Carolina,Barnwell,33.39159,-81.27278,58.76,56.93,33.87,8.50,4.25,3.47,12.76,6.36,3.17,1.62,8.90,2.97,3.10,3.25,2.09,2.38,3.72
RAP2972,,lycos,fuscus C,South Carolina,Barnwell,33.39159,-81.27278,60.43,42.27,33.64,9.20,4.37,3.81,13.03,6.91,3.73,2.26,9.46,2.78,3.11,3.68,2.58,2.19,4.27
RAP3012,,lycos,fuscus C,Virginia,Sussex,36.952419,-77.080607,55.84,51.51,30.62,6.74,4.94,4.82,13.14,4.40,3.58,2.42,8.56,3.02,2.65,3.65,2.53,1.99,3.88
RAP3013,,lycos,fuscus C,Virginia,Sussex,36.952419,-77.080607,49.16,51.31,26.88,6.33,4.19,3.63,10.76,4.80,3.22,2.19,7.02,2.40,2.51,2.82,1.86,2.00,3.36
RAP3014,,lycos,fuscus C,Virginia,Sussex,36.952419,-77.080607,53.11,53.65,29.74,6.18,5.17,4.26,11.23,4.24,3.68,2.16,8.06,2.78,2.83,3.17,2.31,2.08,3.75
RAP3015,,lycos,fuscus C,Virginia,Sussex,36.952419,-77.080607,40.02,39.11,21.42,5.51,3.40,3.32,9.02,3.93,2.57,1.89,6.10,2.33,2.14,2.54,1.59,1.62,3.02
RAP3016,,lycos,fuscus C,Virginia,Sussex,36.952419,-77.080607,45.66,44.57,24.71,6.12,3.66,2.91,10.67,3.29,3.27,1.96,6.78,2.73,2.32,2.83,1.79,1.61,3.34
RAP3052,,lycos,fuscus C,North Carolina,Buncombe,35.684417,-82.616056,45.18,21.24,24.57,6.16,3.66,3.43,10.83,4.71,3.08,1.82,6.75,2.42,2.48,2.67,1.62,1.78,3.26
RAP3053,,lycos,fuscus C,North Carolina,Buncombe,35.684417,-82.616056,42.01,37.21,23.53,6.10,3.49,3.16,9.16,4.85,3.13,1.65,6.08,2.08,2.17,2.61,1.64,1.70,3.27
RAP3054,,lycos,fuscus C,North Carolina,Buncombe,35.684417,-82.616056,42.51,38.21,22.63,5.80,3.31,3.86,9.95,4.30,2.87,1.55,6.25,2.01,2.60,2.87,1.80,1.82,3.34
RAP3055,,lycos,fuscus C,North Carolina,Buncombe,35.684417,-82.616056,61.02,57.02,33.90,8.32,5.35,4.24,12.96,6.34,3.73,2.20,9.05,2.71,3.82,3.78,2.40,2.68,4.52
RAP0956,MNHN-RA 2021.0132,bairdi,fuscus D,North Carolina,Nash,35.9761012,-77.9021951,46.10,7.41,25.36,6.66,3.76,2.94,10.18,4.84,3.27,1.89,6.84,2.54,2.18,2.46,1.65,1.75,3.10
RAP0957,,bairdi,fuscus D,North Carolina,Nash,35.9761012,-77.9021951,35.38,21.28,18.91,4.67,2.78,2.26,7.98,3.59,1.67,1.31,5.37,2.15,1.95,2.12,1.28,1.21,2.54
RAP0958,,bairdi,fuscus D,North Carolina,Nash,35.9761012,-77.9021951,38.41,23.77,20.64,5.14,3.09,2.56,8.10,3.72,2.60,1.42,6.19,2.29,2.06,2.10,1.22,1.41,2.96
RAP0959,,bairdi,fuscus D,North Carolina,Nash,35.9761012,-77.9021951,36.07,18.88,19.26,4.26,2.14,2.18,8.30,3.17,2.49,1.37,5.44,2.13,1.89,2.12,1.27,1.29,2.53
RAP0960,,bairdi,fuscus D,North Carolina,Nash,35.9761012,-77.9021951,29.60,16.35,16.56,3.85,2.54,2.22,7.13,2.45,2.12,1.22,4.80,2.03,1.66,1.75,1.00,1.16,2.37
RAP0961,,bairdi,fuscus D,North Carolina,Nash,35.9761012,-77.9021951,32.25,18.37,17.13,4.07,2.61,2.27,7.38,2.89,2.05,1.18,5.07,2.05,1.82,1.68,1.01,1.45,2.37
RAP0962,,bairdi,fuscus D,North Carolina,Nash,35.9761012,-77.9021951,29.84,16.11,16.00,4.03,2.14,1.97,7.02,2.69,2.08,1.12,4.95,1.99,1.67,1.77,1.11,1.33,2.32
RAP0963,,bairdi,fuscus D,North Carolina,Nash,35.9761012,-77.9021951,25.50,11.34,13.48,3.18,2.14,1.60,6.49,2.02,1.31,1.11,4.26,1.77,1.44,1.64,1.01,1.05,2.17
RAP1984,,bairdi,fuscus D,Virginia,Mecklenburg,36.596792,-78.290385,35.76,35.95,18.86,5.71,3.40,2.08,7.89,4.35,2.55,1.46,6.05,2.16,2.35,2.23,1.32,1.68,2.97
RAP1985,,bairdi,fuscus D,Virginia,Mecklenburg,36.596792,-78.290385,35.86,37.62,19.92,5.14,3.15,2.86,7.75,3.91,2.55,1.44,5.81,2.20,2.31,1.95,1.18,1.59,2.40
RAP1986,,bairdi,fuscus D,Virginia,Mecklenburg,36.596792,-78.290385,34.69,32.58,18.22,5.14,3.34,2.63,8.14,3.68,2.59,1.25,5.63,2.22,2.10,2.23,1.37,1.47,2.70
RAP1987,BMNH 2021.7519,bairdi,fuscus D,Virginia,Mecklenburg,36.596792,-78.290385,42.99,46.27,23.06,6.55,4.19,3.13,9.21,4.78,3.03,1.87,6.42,2.39,2.34,2.41,1.48,1.87,3.02
RAP1988,,bairdi,fuscus D,Virginia,Mecklenburg,36.596792,-78.290385,54.88,52.30,29.98,8.87,3.54,3.81,11.56,6.91,2.96,1.51,7.87,2.91,2.80,2.61,1.89,1.73,3.27
RAP2934,,bairdi,fuscus D,North Carolina,Montgomery,35.38092,-79.99077,39.94,19.72,21.83,5.02,3.40,3.49,9.32,3.27,2.72,1.51,5.89,2.11,2.06,2.64,1.74,1.48,3.04
RAP2935,,bairdi,fuscus D,North Carolina,Montgomery,35.38092,-79.99077,38.49,32.28,20.96,5.20,3.13,3.09,9.28,3.52,2.05,1.50,5.87,2.25,1.71,2.44,1.81,1.38,2.97
RAP2936,AMNH A-193898,bairdi,fuscus D,North Carolina,Montgomery,35.38092,-79.99077,42.06,41.53,23.27,5.55,3.02,3.65,9.20,3.81,2.76,1.42,6.28,2.49,2.20,2.40,1.46,1.54,3.04
RAP2937,NCSM 109133,bairdi,fuscus D,North Carolina,Montgomery,35.38092,-79.99077,55.40,48.70,31.54,7.31,3.78,3.92,11.47,5.15,3.52,2.05,7.57,2.82,2.68,2.86,1.73,1.72,3.49
RAP2938,AMNH A-193899,bairdi,fuscus D,North Carolina,Montgomery,35.38092,-79.99077,54.04,57.74,30.21,7.61,5.07,4.09,12.24,5.17,3.86,1.79,8.33,2.87,3.06,3.49,2.26,2.08,3.94
RAP2965,,bairdi,fuscus D,North Carolina,Bladen,34.6303,-78.6063,47.28,52.09,26.32,6.62,3.88,4.19,10.17,4.54,3.13,1.77,6.65,2.47,2.39,2.53,1.62,1.99,3.16
RAP2966,,bairdi,fuscus D,North Carolina,Bladen,34.6303,-78.6063,47.58,49.03,27.24,6.35,3.37,3.59,9.91,4.71,3.12,1.68,6.56,2.44,2.24,2.43,1.49,1.52,3.01
RAP2967,,bairdi,fuscus D,North Carolina,Richmond,34.8177,-79.88788,23.98,20.07,12.61,3.32,2.39,1.54,5.63,1.94,1.55,0.89,4.14,1.53,1.38,1.37,0.86,1.07,1.87
RAP2968,,bairdi,fuscus D,North Carolina,Richmond,35.103056,-79.78332,50.65,57.55,27.81,7.61,4.16,3.90,12.04,5.84,3.55,1.49,7.72,2.49,2.64,3.16,2.12,2.02,4.11
RAP2519,,fuscus,fuscus E,North Carolina,Surry,36.546143,-80.736122,20.29,19.52,10.49,2.98,1.62,1.70,4.99,2.01,1.36,0.67,3.46,1.56,1.45,1.25,0.57,0.87,1.65
RAP2520,NCSM 109132,fuscus,fuscus E,North Carolina,Surry,36.546143,-80.736122,46.49,48.66,26.03,6.53,3.71,3.77,9.40,5.06,3.15,1.76,6.66,2.11,2.27,2.44,1.45,1.93,3.19
RAP2865,,fuscus,fuscus E,Virginia,Carroll,36.6121,-80.77138,43.24,49.40,22.52,5.85,3.82,3.36,9.70,4.75,2.92,1.77,6.58,2.24,2.70,3.00,1.98,1.87,3.20
RAP2866,,fuscus,fuscus E,Virginia,Carroll,36.6121,-80.77138,43.14,46.23,22.39,5.54,3.74,3.50,10.18,4.33,3.16,2.03,6.20,2.22,2.51,2.67,1.73,1.67,3.09
RAP2867,USNM 596933,fuscus,fuscus E,Virginia,Carroll,36.595811,-80.78067,45.91,42.12,25.73,6.17,4.03,3.38,9.55,4.65,2.77,1.79,6.60,2.53,2.70,2.71,1.69,1.69,3.33
RAP2868,,fuscus,fuscus E,Virginia,Carroll,36.595811,-80.78067,41.43,41.11,23.08,5.14,4.39,2.99,9.43,3.90,3.12,1.59,5.83,2.30,2.24,2.33,1.37,1.65,2.86
RAP2871,,fuscus,fuscus E,North Carolina,Surry,36.44614,-80.858687,26.54,29.44,14.01,3.66,2.44,2.31,6.31,2.62,2.01,1.07,4.45,1.83,1.66,1.47,0.85,1.18,1.93
RAP2872,,fuscus,fuscus E,North Carolina,Surry,36.44614,-80.858687,44.04,57.79,23.30,6.11,4.68,3.76,9.91,4.94,3.49,1.94,6.97,2.63,2.67,2.96,1.73,1.73,3.50
RAP2873,,fuscus,fuscus E,North Carolina,Surry,36.44614,-80.858687,52.18,62.43,28.09,7.41,4.49,3.94,11.30,6.14,3.67,2.04,8.24,2.70,3.35,3.42,2.04,2.21,4.44
RAP2874,,fuscus,fuscus E,North Carolina,Surry,36.47759,-80.59387,25.15,17.17,13.59,3.31,1.99,2.02,5.97,2.42,1.62,0.91,4.05,1.76,1.65,1.48,0.73,1.11,2.08
RAP2875,,fuscus,fuscus E,North Carolina,Surry,36.47759,-80.59387,28.56,8.15,15.06,3.71,2.57,2.60,6.59,2.69,2.03,1.01,4.64,1.98,1.73,1.69,0.97,1.15,2.17
RAP2876,,fuscus,fuscus E,North Carolina,Surry,36.47759,-80.59387,49.72,56.72,27.31,7.07,4.30,3.94,11.32,5.69,3.19,1.92,7.82,2.59,3.01,2.91,1.83,2.33,3.74
RAP2877,,fuscus,fuscus E,North Carolina,Surry,36.47759,-80.59387,54.92,62.13,31.87,7.06,4.55,3.85,11.22,5.00,2.93,2.05,7.55,2.79,3.08,3.02,1.76,1.89,3.62
RAP2878,,fuscus,fuscus E,North Carolina,Surry,36.536374,-80.518414,30.74,32.83,16.24,4.12,2.77,2.65,6.96,2.73,2.34,1.28,4.92,2.14,1.80,1.79,1.11,1.28,2.28
RAP2879,,fuscus,fuscus E,North Carolina,Surry,36.536374,-80.518414,47.79,32.17,25.93,7.00,4.16,3.99,10.85,5.25,3.76,2.06,7.50,2.75,3.22,3.08,1.87,2.07,3.77
RAP2880,,fuscus,fuscus E,North Carolina,Surry,36.536374,-80.518414,47.58,53.11,26.31,6.47,3.83,3.39,10.70,5.06,3.27,1.92,7.50,2.70,2.80,3.14,1.90,2.00,3.85
RAP0866,,santeetlah,santeetlah,North Carolina,Jackson,35.4374004,-83.248318,46.63,37.77,25.94,7.49,4.00,2.34,9.96,5.11,2.43,1.44,7.39,2.57,2.69,2.42,1.44,1.82,3.39
RAP0870,,santeetlah,santeetlah,North Carolina,Jackson,35.2837986,-82.9320017,36.29,26.41,20.70,5.07,2.81,2.05,8.01,4.20,2.29,1.48,5.70,2.17,1.92,1.81,1.06,1.44,2.69
RAP0871,,santeetlah,santeetlah,North Carolina,Jackson,35.2837986,-82.9320017,21.03,14.43,10.97,2.69,1.80,1.50,5.16,2.00,1.21,0.58,3.64,1.45,1.21,1.27,0.77,0.70,1.69
RAP0872,,santeetlah,santeetlah,North Carolina,Jackson,35.2837986,-82.9320017,23.69,15.21,12.33,3.10,2.16,1.53,5.72,2.26,1.48,0.69,4.03,1.55,1.26,1.42,0.89,1.37,1.88
RAP0873,,santeetlah,santeetlah,North Carolina,Jackson,35.2837986,-82.9320017,14.07,4.80,7.50,2.26,1.17,0.93,3.77,1.30,0.79,0.42,2.89,1.22,0.88,1.12,0.68,0.78,1.29
RAP0896,,santeetlah,santeetlah,North Carolina,Haywood,35.5356539,-83.1586715,38.72,25.50,20.87,5.80,3.16,2.06,7.84,4.65,2.37,1.46,5.93,2.33,2.12,2.15,1.10,1.78,2.76
RAP0898,,santeetlah,santeetlah,North Carolina,Haywood,35.5356539,-83.1586715,33.15,24.24,18.39,4.93,3.11,1.98,7.35,4.04,2.33,1.45,5.49,2.18,1.63,1.76,1.10,1.36,2.67
RAP0920,,santeetlah,santeetlah,North Carolina,Haywood,35.5455055,-83.1221851,43.41,30.97,23.64,6.38,2.67,2.31,9.91,4.62,2.85,1.77,6.85,2.63,2.41,2.73,1.55,2.04,3.30
RAP0921,,santeetlah,santeetlah,North Carolina,Haywood,35.5455055,-83.1221851,47.87,33.48,26.11,7.05,3.96,2.17,10.78,5.08,2.91,1.76,7.07,2.63,2.53,2.79,1.87,1.77,3.29
RAP0923,,santeetlah,santeetlah,North Carolina,Jackson,35.3417309,-83.0294169,54.92,43.93,28.98,8.55,4.74,3.55,12.86,6.00,3.29,2.43,8.67,3.10,3.09,3.44,2.37,2.34,4.15
RAP0926,,santeetlah,santeetlah,North Carolina,Swain,35.3549861,-83.3452396,36.99,29.10,19.52,5.20,2.84,1.99,8.34,4.20,2.65,1.36,5.46,2.01,1.91,2.22,1.50,1.66,2.71
RAP0929,MNHN-RA 2021.0130,santeetlah,santeetlah,North Carolina,Swain,35.3549861,-83.3452396,37.34,26.08,20.46,5.72,3.22,2.24,7.89,4.09,2.50,1.66,5.37,2.10,1.80,2.06,1.35,1.59,2.53
RAP0930,BMNH 2021.7557,santeetlah,santeetlah,North Carolina,Swain,35.3549861,-83.3452396,45.12,35.41,26.68,5.92,3.25,3.11,9.55,4.30,3.06,1.64,6.23,2.49,2.21,2.35,1.56,1.54,3.01
RAP1233,,santeetlah,santeetlah,North Carolina,Haywood,35.527052,-83.14852,37.98,20.26,20.56,5.04,3.13,2.79,8.45,4.36,2.33,1.31,5.75,2.07,1.99,2.29,1.39,1.78,2.87
RAP1694,,santeetlah,santeetlah,North Carolina,Haywood,35.711306,-83.068138,20.16,6.82,10.20,2.96,1.84,1.60,4.84,2.11,1.00,0.58,3.47,1.42,1.27,1.34,0.83,0.94,1.81
RAP1695,,santeetlah,santeetlah,North Carolina,Haywood,35.711306,-83.068138,24.42,13.76,13.18,3.29,2.36,1.89,5.52,2.38,1.52,0.76,4.12,1.66,1.50,1.46,1.02,1.29,1.69
RAP1696,,santeetlah,santeetlah,North Carolina,Haywood,35.711306,-83.068138,37.49,15.57,20.80,4.99,3.26,2.80,8.07,3.75,2.32,1.25,5.40,2.08,2.16,2.13,1.30,1.43,2.64
RAP1697,,santeetlah,santeetlah,North Carolina,Haywood,35.711306,-83.068138,33.68,23.13,17.80,4.46,3.45,2.56,7.81,3.40,2.12,1.05,5.20,1.99,2.02,2.07,1.29,1.59,2.55
RAP2456,,santeetlah,santeetlah,North Carolina,Graham,35.33603,-84.027809,15.07,8.49,8.21,2.12,1.38,1.05,3.48,1.45,0.98,0.65,2.89,1.18,1.09,0.84,0.33,0.71,1.15
RAP2457,,santeetlah,santeetlah,North Carolina,Graham,35.33603,-84.027809,38.71,19.15,21.58,4.96,3.88,2.32,8.83,4.14,2.35,1.42,5.55,2.21,1.90,2.07,1.21,1.48,2.75
RAP2458,,santeetlah,santeetlah,North Carolina,Graham,35.33603,-84.027809,36.34,28.29,20.59,5.05,2.32,2.97,8.47,3.47,2.31,1.22,5.70,2.09,2.33,2.20,1.35,1.28,2.51
RAP2459,,santeetlah,santeetlah,North Carolina,Graham,35.33603,-84.027809,44.73,41.89,23.33,7.10,3.19,3.67,10.59,5.77,2.53,1.53,7.07,2.56,2.63,2.69,1.62,1.50,3.28
RAP2460,,santeetlah,santeetlah,North Carolina,Graham,35.33603,-84.027809,51.00,35.32,27.24,7.87,3.88,3.03,11.15,6.20,2.80,1.60,7.37,2.23,2.95,3.25,1.95,2.17,3.56
RAP2461,,santeetlah,santeetlah,North Carolina,Graham,35.33603,-84.027809,51.66,36.93,29.09,7.14,3.11,3.36,11.31,5.98,2.96,1.61,7.77,2.09,2.86,3.18,1.88,2.08,3.75
RAP2605,,santeetlah,santeetlah,North Carolina,Jackson,35.364269,-83.0627,38.36,17.16,22.09,5.17,3.00,2.84,7.55,4.10,1.82,1.26,5.46,2.05,2.11,2.29,1.44,1.43,2.81
RAP2606,,santeetlah,santeetlah,North Carolina,Jackson,35.364269,-83.0627,39.28,38.55,22.07,5.76,2.66,2.96,8.04,4.41,2.50,1.49,5.80,2.17,1.97,2.65,1.73,1.49,2.91
RAP2607,,santeetlah,santeetlah,North Carolina,Jackson,35.364269,-83.0627,51.13,43.33,27.91,6.99,4.03,3.52,11.24,4.87,2.43,1.90,7.39,2.35,2.68,3.19,2.12,2.20,3.75
RAP2783,,santeetlah,santeetlah,North Carolina,Henderson,35.436574,-82.659776,35.37,39.19,19.35,4.78,3.60,2.96,8.07,3.74,2.31,1.34,5.46,2.06,2.04,2.23,1.39,1.36,2.69
RAP2784,,santeetlah,santeetlah,North Carolina,Henderson,35.436574,-82.659776,34.67,31.07,18.56,4.59,3.07,2.82,8.11,3.50,2.19,1.09,5.21,2.14,2.00,2.18,1.30,1.50,2.78
RAP2785,,santeetlah,santeetlah,North Carolina,Henderson,35.436574,-82.659776,38.35,44.53,20.66,4.99,3.81,2.74,8.33,3.72,2.29,1.36,5.67,2.10,2.19,2.19,1.41,1.56,2.73
RAP2787,,santeetlah,santeetlah,North Carolina,Buncombe,35.50086,-82.61127,42.30,46.77,22.51,5.83,3.65,3.77,9.94,5.01,2.66,1.47,6.34,2.12,2.47,2.86,1.80,1.84,3.47
RAP2828,,santeetlah,santeetlah,North Carolina,Jackson,35.364269,-83.0627,46.15,42.10,25.16,6.42,3.13,3.36,9.95,5.04,2.62,1.42,6.99,2.30,2.59,2.64,1.63,1.73,3.28
RAP2829,,santeetlah,santeetlah,North Carolina,Jackson,35.3671437,-83.0502499,34.49,32.40,18.71,4.40,2.99,2.85,8.02,3.26,2.32,1.10,5.14,1.98,1.97,2.15,1.34,1.55,2.68
RAP2830,,santeetlah,santeetlah,North Carolina,Jackson,35.3671437,-83.0502499,38.01,36.13,21.01,4.61,2.29,2.84,8.53,4.02,2.15,1.32,5.59,2.03,2.31,2.17,1.28,1.37,2.88
RAP2835,,santeetlah,santeetlah,North Carolina,Graham,35.352532,-83.710439,44.32,42.79,24.31,6.24,3.62,3.47,10.04,5.45,2.87,1.67,6.86,2.40,2.73,2.95,1.92,2.06,3.56
RAP2836,,santeetlah,santeetlah,North Carolina,Graham,35.352532,-83.710439,35.33,35.60,19.02,4.99,2.85,2.85,8.11,3.98,2.40,1.33,5.61,1.88,2.09,2.38,1.55,1.54,2.88
RAP2837,,santeetlah,santeetlah,North Carolina,Graham,35.352532,-83.710439,43.24,32.70,23.46,5.80,3.68,3.90,10.10,4.74,3.05,1.49,6.47,2.37,2.59,2.82,1.72,1.71,3.43