bootstrap_replicate,species,tree_tip,nucleus_area_um2,cell_area_um2,relative_iod_index
1,D. aeneus,aeneus,38.6064,206.5968,0.5928635177261614
1,D. amphileucus,amphileucus,44.1648,319.5216,1.0143995892420539
1,D. anicetus,anicetus,41.76,243.4824,0.9058668398533009
1,D. apalachicolae,apalachicolae,45.8064,298.584,0.8803281424205379
1,D. auriculatus,auriculatus,49.716,316.0296,1.110469130806846
1,D. bairdi,bairdi,43.8624,305.5248,1.1460308422982886
1,D. brimleyorum,brimleyorum,43.9488,329.2056,1.0867661204156478
1,D. campi,campi,35.8344,256.6296,0.8843260660146699
1,D. folkertsi,folkertsi,44.3016,269.7408,1.0267791870415648
1,D. fuscus,fuscus,47.7576,273.5208,1.0
1,D. gvnigeusgwotli,gvnigeusgwotli,46.8648,271.62,0.8736713178484108
1,D. intermedius,intermedius,47.3328,325.152,1.0630363086797066
1,D. kanawha,kanawha,40.896,290.664,1.0062664070904646
1,D. marmoratus,marmoratus,46.7856,275.5296,1.019481708435208
1,D. mavrokoilius,mavrokoilius,40.752,271.44,0.9143852628361858
1,D. monticola,monticola,39.6,260.8848,1.067687131418093
1,D. ochrophaeus,ochrophaeus,51.6312,267.8832,0.8092206821515893
1,D. ocoee,ocoee,44.1504,292.8528,0.9838298893643032
1,D. orestes,orestes,47.1024,255.5856,0.8042267732273839
1,D. perlapsus,perlapsus,43.2576,299.8656,0.7808516509779951
1,D. tilleyi,tilleyi,41.1552,267.0624,0.9942399596577017
1,D. valtos,valtos,50.7888,312.7824,1.3608181522004892
1,D. welteri,welteri,48.6864,306.7776,0.8859925996332518
1,D. wrighti,wrighti,42.9696,225.5976,0.9192035537897311
2,D. aeneus,aeneus,38.6856,209.9232,0.5415934229828852
2,D. amphileucus,amphileucus,44.2872,316.2528,1.0414577023227385
2,D. anicetus,anicetus,40.0464,244.1952,0.926672521393643
2,D. apalachicolae,apalachicolae,46.2384,301.0248,0.88383604400978
2,D. auriculatus,auriculatus,48.9024,316.656,0.9755917426650368
2,D. bairdi,bairdi,43.8768,306.972,1.097986045232274
2,D. brimleyorum,brimleyorum,44.496,329.7888,1.1316849223716383
2,D. campi,campi,35.8992,257.4504,0.8817436998777507
2,D. folkertsi,folkertsi,43.9848,268.0704,1.0306888533007337
2,D. fuscus,fuscus,45.4392,272.9376,1.0
2,D. gvnigeusgwotli,gvnigeusgwotli,46.692,271.62,0.9124990256723717
2,D. intermedius,intermedius,50.1192,325.152,1.1099300800733496
2,D. kanawha,kanawha,43.128,286.452,1.024039585574572
2,D. marmoratus,marmoratus,47.952,273.888,1.024652271393643
2,D. mavrokoilius,mavrokoilius,45.0792,269.3088,0.9142036045232275
2,D. monticola,monticola,40.572,260.4312,1.0987898453545233
2,D. ochrophaeus,ochrophaeus,51.9552,267.5736,0.7541443031784841
2,D. ocoee,ocoee,43.3944,293.292,0.9206467542787287
2,D. orestes,orestes,46.584,255.3264,0.7928810770171149
2,D. perlapsus,perlapsus,43.8624,291.8592,0.808500827017115
2,D. tilleyi,tilleyi,42.0192,264.2832,1.005208817237164
2,D. valtos,valtos,50.5152,312.7104,1.3730372023227384
2,D. welteri,welteri,48.6792,303.0624,0.8407304327628362
2,D. wrighti,wrighti,41.2848,203.6736,0.8462907536674817
3,D. aeneus,aeneus,38.7504,208.296,0.582863304400978
3,D. amphileucus,amphileucus,44.928,319.7808,1.004019947432763
3,D. anicetus,anicetus,42.1344,242.6544,0.9477691253056235
3,D. apalachicolae,apalachicolae,44.352,299.0448,0.9641242353300734
3,D. auriculatus,auriculatus,49.3488,314.6688,1.0146078337408313
3,D. bairdi,bairdi,44.4096,306.0,1.1299254957212714
3,D. brimleyorum,brimleyorum,46.2528,327.1896,1.0977574297066015
3,D. campi,campi,36.7056,252.9864,0.902323511002445
3,D. folkertsi,folkertsi,43.7256,269.208,1.1106774853300736
3,D. fuscus,fuscus,46.2888,272.808,1.0
3,D. gvnigeusgwotli,gvnigeusgwotli,47.2536,272.4336,0.9337223502444988
3,D. intermedius,intermedius,46.5768,319.032,1.0857329480440099
3,D. kanawha,kanawha,41.7024,291.9384,0.9442692157701712
3,D. marmoratus,marmoratus,47.3976,276.5664,1.0995929871638142
3,D. mavrokoilius,mavrokoilius,43.56,269.3088,0.9406563863080685
3,D. monticola,monticola,39.6144,260.1504,1.0305154889975552
3,D. ochrophaeus,ochrophaeus,52.3152,270.6192,0.8439285599022005
3,D. ocoee,ocoee,44.1504,291.96,1.062330087408313
3,D. orestes,orestes,45.5328,256.1112,0.8351157524449878
3,D. perlapsus,perlapsus,44.7696,292.4424,0.856771544621027
3,D. tilleyi,tilleyi,41.616,265.8888,1.0230895635696822
3,D. valtos,valtos,49.6368,313.236,1.3954504804400978
3,D. welteri,welteri,48.7872,301.824,0.9845482200488999
3,D. wrighti,wrighti,45.936,247.5216,0.9649080317848411
4,D. aeneus,aeneus,38.2104,212.328,0.5952456662591687
4,D. amphileucus,amphileucus,44.5608,318.8592,1.1021994572127138
4,D. anicetus,anicetus,41.9112,243.2448,1.018472120415648
4,D. apalachicolae,apalachicolae,44.3016,297.1152,1.0350906332518337
4,D. auriculatus,auriculatus,49.5144,316.9224,1.2556876601466993
4,D. bairdi,bairdi,45.2016,308.4624,1.2266237414425427
4,D. brimleyorum,brimleyorum,46.9872,329.4,1.2036240354523229
4,D. campi,campi,37.728,257.292,0.9595952988997555
4,D. folkertsi,folkertsi,44.6184,267.9408,1.1340450702933984
4,D. fuscus,fuscus,47.3112,273.3552,1.0
4,D. gvnigeusgwotli,gvnigeusgwotli,46.7136,272.4048,1.001534577017115
4,D. intermedius,intermedius,49.0032,325.152,1.1999972891198043
4,D. kanawha,kanawha,40.3056,288.5616,1.0601194486552568
4,D. marmoratus,marmoratus,48.4992,276.12,1.2004575690709047
4,D. mavrokoilius,mavrokoilius,43.416,267.1488,0.9031692707823962
4,D. monticola,monticola,39.5928,259.5168,1.1563219168704157
4,D. ochrophaeus,ochrophaeus,52.6608,271.0368,0.8372250965770172
4,D. ocoee,ocoee,43.992,293.1552,1.013101238386308
4,D. orestes,orestes,47.808,256.3848,0.9204294174816626
4,D. perlapsus,perlapsus,43.38,294.2352,0.9338482701711492
4,D. tilleyi,tilleyi,41.7888,265.3488,1.0953135268948657
4,D. valtos,valtos,50.5152,311.796,1.5092907237163815
4,D. welteri,welteri,48.8088,303.3216,1.0441961289731052
4,D. wrighti,wrighti,41.2848,203.6736,0.9895690354523228
5,D. aeneus,aeneus,37.62,207.936,0.5537973753056236
5,D. amphileucus,amphileucus,44.4096,317.664,0.9282156515892421
5,D. anicetus,anicetus,40.8816,246.2256,0.8471512469437653
5,D. apalachicolae,apalachicolae,43.9848,295.3872,0.8490346595354523
5,D. auriculatus,auriculatus,50.4792,314.6688,1.0617326173594133
5,D. bairdi,bairdi,44.0064,308.16,1.039580143031785
5,D. brimleyorum,brimleyorum,45.756,327.312,1.014924751833741
5,D. campi,campi,36.3384,258.8256,0.8071892408312958
5,D. folkertsi,folkertsi,45.0432,269.4744,0.940975121026895
5,D. fuscus,fuscus,46.8864,273.2328,1.0
5,D. gvnigeusgwotli,gvnigeusgwotli,46.4544,271.4904,0.8860019095354523
5,D. intermedius,intermedius,48.5136,325.4976,1.0302703178484107
5,D. kanawha,kanawha,42.3504,288.6192,1.060309075794621
5,D. marmoratus,marmoratus,47.2032,274.5,0.9977825281173593
5,D. mavrokoilius,mavrokoilius,42.876,267.7032,0.8509698985330073
5,D. monticola,monticola,39.204,257.9544,0.9348787279951101
5,D. ochrophaeus,ochrophaeus,52.6392,267.7248,0.7655125476772616
5,D. ocoee,ocoee,43.0416,295.6752,0.9149826253056236
5,D. orestes,orestes,47.1312,255.5856,0.8334389926650367
5,D. perlapsus,perlapsus,42.5808,293.5512,0.829240011002445
5,D. tilleyi,tilleyi,41.7456,264.4272,0.9212374358190709
5,D. valtos,valtos,50.7888,315.4968,1.245701806845966
5,D. welteri,welteri,48.6432,303.4368,0.8359003710268949
5,D. wrighti,wrighti,39.5784,226.5408,0.7877343973105134
6,D. aeneus,aeneus,38.8296,210.4128,0.7214643905867971
6,D. amphileucus,amphileucus,44.676,320.0832,1.1303788844743277
6,D. anicetus,anicetus,41.6952,243.8784,1.0524412799511003
6,D. apalachicolae,apalachicolae,45.6336,295.308,1.1565124486552567
6,D. auriculatus,auriculatus,49.176,316.0296,1.2272311045232276
6,D. bairdi,bairdi,44.6544,305.604,1.327522676650367
6,D. brimleyorum,brimleyorum,45.6768,329.7888,1.2195232548899757
6,D. campi,campi,36.3384,256.8384,1.0090182646699266
6,D. folkertsi,folkertsi,47.0448,268.8048,1.1824491656479217
6,D. fuscus,fuscus,45.4392,271.9656,1.0
6,D. gvnigeusgwotli,gvnigeusgwotli,46.3392,271.8072,1.0790210892420538
6,D. intermedius,intermedius,49.0752,323.8128,1.280755043398533
6,D. kanawha,kanawha,40.9896,288.5904,1.09295206601467
6,D. marmoratus,marmoratus,47.0592,275.8176,1.291606706601467
6,D. mavrokoilius,mavrokoilius,43.416,268.7544,1.0914017909535454
6,D. monticola,monticola,39.3552,260.4312,1.1818264480440097
6,D. ochrophaeus,ochrophaeus,51.6312,275.4504,0.952178141198044
6,D. ocoee,ocoee,43.8768,295.6752,1.1566816693154036
6,D. orestes,orestes,47.0736,255.0816,0.9991774834963325
6,D. perlapsus,perlapsus,41.7816,293.0256,0.9928558166259169
6,D. tilleyi,tilleyi,41.832,264.7512,1.132684239608802
6,D. valtos,valtos,49.536,313.3944,1.523665150977995
6,D. welteri,welteri,48.8736,305.5968,0.9523623398533008
6,D. wrighti,wrighti,39.5784,197.6976,1.0537014058679708
7,D. aeneus,aeneus,38.8296,207.936,0.6401328887530562
7,D. amphileucus,amphileucus,44.4312,317.664,1.1476967151589244
7,D. anicetus,anicetus,42.2064,246.2256,1.01478456601467
7,D. apalachicolae,apalachicolae,45.504,300.0528,1.1343195097799512
7,D. auriculatus,auriculatus,48.2976,314.2368,1.1758105189486552
7,D. bairdi,bairdi,43.9416,306.6048,1.251014578239609
7,D. brimleyorum,brimleyorum,44.5824,327.6432,1.218319664425428
7,D. campi,campi,37.0728,257.904,0.9952069804400978
7,D. folkertsi,folkertsi,44.4672,268.8048,1.0941225843520783
7,D. fuscus,fuscus,47.5776,271.8864,1.0
7,D. gvnigeusgwotli,gvnigeusgwotli,47.016,272.304,0.9832162909535453
7,D. intermedius,intermedius,48.852,327.3768,1.2357359834963324
7,D. kanawha,kanawha,40.68,287.064,1.1542569773838631
7,D. marmoratus,marmoratus,48.1392,274.0752,1.1955345177261614
7,D. mavrokoilius,mavrokoilius,40.0608,268.6464,1.0510827114914425
7,D. monticola,monticola,39.204,259.5024,1.0928709969437653
7,D. ochrophaeus,ochrophaeus,51.3072,275.4504,0.9015164162591687
7,D. ocoee,ocoee,42.6384,292.0896,1.1951591809290953
7,D. orestes,orestes,47.5344,256.1112,0.9286850855745722
7,D. perlapsus,perlapsus,41.544,297.4176,1.0954732310513446
7,D. tilleyi,tilleyi,41.8104,264.2976,1.142919893031785
7,D. valtos,valtos,50.7888,312.7104,1.5438671601466993
7,D. welteri,welteri,48.8448,302.5872,0.9363792738386308
7,D. wrighti,wrighti,43.2072,203.6736,1.0138176674816626
8,D. aeneus,aeneus,37.656,210.4128,0.5211598820293399
8,D. amphileucus,amphileucus,44.5608,320.5656,0.9292382970660147
8,D. anicetus,anicetus,40.5648,244.296,0.8751632658924205
8,D. apalachicolae,apalachicolae,45.6336,296.3088,0.9379798001222495
8,D. auriculatus,auriculatus,48.3408,316.9008,0.9250160739608803
8,D. bairdi,bairdi,44.208,306.6048,1.1062766442542786
8,D. brimleyorum,brimleyorum,43.9344,327.024,1.0424293184596578
8,D. campi,campi,37.512,256.4208,0.8323724688264059
8,D. folkertsi,folkertsi,46.4112,270.072,0.9684859676039119
8,D. fuscus,fuscus,44.9136,275.256,1.0
8,D. gvnigeusgwotli,gvnigeusgwotli,46.4544,271.7568,0.8780717487775062
8,D. intermedius,intermedius,48.852,325.4976,1.029989803178484
8,D. kanawha,kanawha,40.9968,288.036,0.9741876167481663
8,D. marmoratus,marmoratus,48.2544,276.0336,0.9761991332518337
8,D. mavrokoilius,mavrokoilius,40.752,270.7488,0.8862681674816627
8,D. monticola,monticola,39.6288,258.2064,1.0493192713936432
8,D. ochrophaeus,ochrophaeus,51.588,278.6112,0.7536414077017115
8,D. ocoee,ocoee,43.8768,293.2488,0.947806946821516
8,D. orestes,orestes,47.5344,255.4704,0.8107546870415648
8,D. perlapsus,perlapsus,44.5392,294.0768,0.767213467603912
8,D. tilleyi,tilleyi,42.1992,264.2328,0.9904130146699268
8,D. valtos,valtos,50.7888,314.352,1.344261728606357
8,D. welteri,welteri,48.7296,306.7776,0.8663552652811736
8,D. wrighti,wrighti,42.9696,237.0312,0.7949476656479217
9,D. aeneus,aeneus,37.6632,208.9872,0.58184293398533
9,D. amphileucus,amphileucus,44.2872,318.3264,0.9895047591687041
9,D. anicetus,anicetus,42.0624,244.2168,0.8518262121026895
9,D. apalachicolae,apalachicolae,46.5408,298.4688,0.8165358520782396
9,D. auriculatus,auriculatus,48.4488,312.912,0.9846643184596576
9,D. bairdi,bairdi,44.208,306.972,1.0732061693154034
9,D. brimleyorum,brimleyorum,45.1008,328.752,0.9187493288508558
9,D. campi,campi,35.9568,257.292,0.786891326405868
9,D. folkertsi,folkertsi,45.0144,270.072,0.9110343111246944
9,D. fuscus,fuscus,45.8568,273.8736,1.0
9,D. gvnigeusgwotli,gvnigeusgwotli,44.8992,271.7208,0.8499684767726161
9,D. intermedius,intermedius,50.1192,325.2456,0.9528757035452322
9,D. kanawha,kanawha,40.9824,288.6624,1.039305043398533
9,D. marmoratus,marmoratus,48.3552,273.8016,0.9840816100244498
9,D. mavrokoilius,mavrokoilius,42.9984,269.352,0.9338871473105135
9,D. monticola,monticola,39.8232,260.1504,0.9379048227383864
9,D. ochrophaeus,ochrophaeus,51.8112,273.4344,0.7163551479217604
9,D. ocoee,ocoee,42.9336,292.2696,0.9563974187041565
9,D. orestes,orestes,45.8928,255.456,0.785803152200489
9,D. perlapsus,perlapsus,43.6824,291.9672,0.8064659015892421
9,D. tilleyi,tilleyi,41.5008,264.7512,0.9080050647921761
9,D. valtos,valtos,50.652,311.796,1.2754733386308068
9,D. welteri,welteri,48.8448,310.7016,0.8062030476772617
9,D. wrighti,wrighti,44.892,247.6224,0.7356528300733497
10,D. aeneus,aeneus,37.62,213.1776,0.6126131320293399
10,D. amphileucus,amphileucus,45.5904,316.4904,0.9788165281173593
10,D. anicetus,anicetus,41.184,247.8384,0.9094002811735942
10,D. apalachicolae,apalachicolae,46.0008,300.8376,0.9705791418092911
10,D. auriculatus,auriculatus,50.076,316.9224,1.1259986375305624
10,D. bairdi,bairdi,44.0064,305.6688,1.1611314627139366
10,D. brimleyorum,brimleyorum,43.9776,324.1296,1.0326229083129583
10,D. campi,campi,37.0872,257.4504,0.8604223563569682
10,D. folkertsi,folkertsi,45.576,268.8408,1.0300558325183373
10,D. fuscus,fuscus,48.312,272.9376,1.0
10,D. gvnigeusgwotli,gvnigeusgwotli,47.2392,272.4336,0.9153731778728607
10,D. intermedius,intermedius,48.852,325.4904,1.0255118019559903
10,D. kanawha,kanawha,41.9904,290.2608,1.326537229828851
10,D. marmoratus,marmoratus,48.9096,273.7296,1.05894813202934
10,D. mavrokoilius,mavrokoilius,42.9984,268.0488,0.8415269278728607
10,D. monticola,monticola,39.6072,263.3616,1.0641275916870416
10,D. ochrophaeus,ochrophaeus,51.264,274.7952,0.8161109260391198
10,D. ocoee,ocoee,43.8768,292.7808,0.9638729315403424
10,D. orestes,orestes,45.9216,254.6136,0.8243274235941321
10,D. perlapsus,perlapsus,45.0648,294.2352,0.9133602536674816
10,D. tilleyi,tilleyi,41.5728,264.0528,0.9911690709046456
10,D. valtos,valtos,49.968,314.7552,1.4142436136919316
10,D. welteri,welteri,48.636,304.6752,0.90535179400978
10,D. wrighti,wrighti,45.3672,238.716,0.870562369193154
11,D. aeneus,aeneus,36.8208,212.328,0.7359901118581907
11,D. amphileucus,amphileucus,44.4528,319.6368,1.1366272952322738
11,D. anicetus,anicetus,41.4432,244.2744,1.0597775696821516
11,D. apalachicolae,apalachicolae,44.2512,301.2336,0.98167272799511
11,D. auriculatus,auriculatus,48.5568,315.1728,1.200320978606357
11,D. bairdi,bairdi,45.2016,305.6688,1.294269782396088
11,D. brimleyorum,brimleyorum,43.8696,324.1296,1.2020804682151591
11,D. campi,campi,38.9232,249.4512,0.9898743184596577
11,D. folkertsi,folkertsi,46.728,269.4384,1.1475930501222495
11,D. fuscus,fuscus,48.1824,272.808,1.0
11,D. gvnigeusgwotli,gvnigeusgwotli,46.1376,272.4192,1.0582179651589243
11,D. intermedius,intermedius,48.8736,325.7424,1.2167436106356968
11,D. kanawha,kanawha,41.724,288.5616,1.1388076130806846
11,D. marmoratus,marmoratus,47.2032,278.136,1.2068861619804403
11,D. mavrokoilius,mavrokoilius,42.552,269.5968,1.061872532396088
11,D. monticola,monticola,39.6,259.5312,1.1655557188264059
11,D. ochrophaeus,ochrophaeus,51.1488,274.8528,0.9193425207823961
11,D. ocoee,ocoee,43.812,292.2696,1.1094675727383865
11,D. orestes,orestes,46.0512,255.9888,0.8668220684596578
11,D. perlapsus,perlapsus,44.6616,299.0088,1.050777696821516
11,D. tilleyi,tilleyi,42.0192,264.4776,1.1054966839853302
11,D. valtos,valtos,49.536,313.7904,1.5394474541564793
11,D. welteri,welteri,49.248,303.3216,0.9957452469437653
11,D. wrighti,wrighti,42.0912,247.6224,1.044929813569682
12,D. aeneus,aeneus,37.6632,207.8208,0.5945978551344744
12,D. amphileucus,amphileucus,44.4096,318.5136,0.9782638135696822
12,D. anicetus,anicetus,41.7024,247.032,0.9564363636919315
12,D. apalachicolae,apalachicolae,44.6688,302.1264,0.9242357402200488
12,D. auriculatus,auriculatus,49.3344,312.156,1.0988687053789732
12,D. bairdi,bairdi,44.208,306.1368,1.1819060458435207
12,D. brimleyorum,brimleyorum,45.1008,330.8832,1.0624446699266503
12,D. campi,campi,36.7128,249.9696,0.8785978911980441
12,D. folkertsi,folkertsi,44.136,269.0424,1.0406861130806846
12,D. fuscus,fuscus,47.376,271.6272,1.0
12,D. gvnigeusgwotli,gvnigeusgwotli,47.0304,271.62,0.9606627224938875
12,D. intermedius,intermedius,47.196,322.5024,1.0786427023227385
12,D. kanawha,kanawha,41.7024,283.4568,1.0411214449877753
12,D. marmoratus,marmoratus,46.5552,276.0768,1.0946184180929097
12,D. mavrokoilius,mavrokoilius,41.1624,269.316,0.8649993422982886
12,D. monticola,monticola,39.7152,258.9552,1.0463549107579464
12,D. ochrophaeus,ochrophaeus,51.264,274.1472,0.8203790574572127
12,D. ocoee,ocoee,44.2512,293.2488,1.0385975629584352
12,D. orestes,orestes,45.792,255.0384,0.8845815715158925
12,D. perlapsus,perlapsus,41.8896,291.8592,0.8255915262836186
12,D. tilleyi,tilleyi,41.7672,264.672,1.021100152811736
12,D. valtos,valtos,50.5152,314.7552,1.445856295232274
12,D. welteri,welteri,48.924,301.3272,0.9833273300733496
12,D. wrighti,wrighti,44.892,249.3072,0.9562189767726161
13,D. aeneus,aeneus,36.8712,210.9456,0.6795993863080685
13,D. amphileucus,amphileucus,44.6832,318.78,1.0931266424205381
13,D. anicetus,anicetus,42.0624,246.2256,1.0129227958435207
13,D. apalachicolae,apalachicolae,44.3952,300.8376,1.0833377457212714
13,D. auriculatus,auriculatus,49.716,316.7712,1.2872725366748166
13,D. bairdi,bairdi,45.0072,308.16,1.245684142420538
13,D. brimleyorum,brimleyorum,45.6768,330.8544,1.1818533227383865
13,D. campi,campi,36.6696,257.6448,0.9920333905867971
13,D. folkertsi,folkertsi,43.5312,266.4072,1.138862253056235
13,D. fuscus,fuscus,47.7072,271.9656,1.0
13,D. gvnigeusgwotli,gvnigeusgwotli,45.6768,272.4336,1.0279971161369192
13,D. intermedius,intermedius,49.2768,323.7408,1.2358576766503668
13,D. kanawha,kanawha,40.9896,287.5104,1.2526168447432764
13,D. marmoratus,marmoratus,47.5488,274.7808,1.2381535079462105
13,D. mavrokoilius,mavrokoilius,43.4016,269.6112,0.9397724816625918
13,D. monticola,monticola,39.6072,262.0368,1.0854918343520783
13,D. ochrophaeus,ochrophaeus,52.6608,268.5384,0.8469247744498778
13,D. ocoee,ocoee,42.984,292.3416,1.1260183172371638
13,D. orestes,orestes,46.0224,256.1112,0.9814365525672372
13,D. perlapsus,perlapsus,44.5536,289.6704,1.0202909388753056
13,D. tilleyi,tilleyi,41.8752,267.0624,1.0941492597799511
13,D. valtos,valtos,49.572,309.3336,1.5514846790953547
13,D. welteri,welteri,48.636,303.4368,1.048421044621027
13,D. wrighti,wrighti,44.892,247.5216,0.99109879400978
14,D. aeneus,aeneus,38.2536,209.9232,0.5971096124694377
14,D. amphileucus,amphileucus,44.2512,316.4904,0.9940542347188265
14,D. anicetus,anicetus,41.8752,243.54,0.9424652341075795
14,D. apalachicolae,apalachicolae,46.9296,293.8752,0.9096270788508558
14,D. auriculatus,auriculatus,47.736,312.7104,1.0957316809290953
14,D. bairdi,bairdi,43.8696,305.5248,1.1725039077017116
14,D. brimleyorum,brimleyorum,44.0784,327.1896,1.1043634572127141
14,D. campi,campi,36.7128,258.1632,0.8924954547677262
14,D. folkertsi,folkertsi,44.4888,269.3952,1.017265793398533
14,D. fuscus,fuscus,45.4392,273.6072,1.0
14,D. gvnigeusgwotli,gvnigeusgwotli,44.8992,273.0384,0.9293755385085576
14,D. intermedius,intermedius,48.9384,327.2832,1.100155631418093
14,D. kanawha,kanawha,41.724,288.7704,1.2619794920537897
14,D. marmoratus,marmoratus,48.4992,273.9312,1.1390457347188265
14,D. mavrokoilius,mavrokoilius,43.7688,272.1816,0.8607075433985331
14,D. monticola,monticola,39.9816,260.3808,1.0565719761613692
14,D. ochrophaeus,ochrophaeus,52.1352,266.5728,0.8140114217603912
14,D. ocoee,ocoee,42.9336,298.1448,1.0543073636919316
14,D. orestes,orestes,46.8288,256.4064,0.8292196998777506
14,D. perlapsus,perlapsus,45.0288,299.8656,0.8704263099022005
14,D. tilleyi,tilleyi,41.8536,264.2832,1.0123781668704155
14,D. valtos,valtos,50.7888,319.1688,1.3792328135696823
14,D. welteri,welteri,48.7872,304.5456,0.9167020580684597
14,D. wrighti,wrighti,41.2848,226.5408,0.8830747408312959
15,D. aeneus,aeneus,38.9016,210.4128,0.5062847799511002
15,D. amphileucus,amphileucus,44.1648,319.5216,1.0249695067237166
15,D. anicetus,anicetus,44.496,242.1936,0.8638506784841076
15,D. apalachicolae,apalachicolae,45.6336,297.8928,0.8474952683374084
15,D. auriculatus,auriculatus,49.176,314.7048,0.8924426253056235
15,D. bairdi,bairdi,44.0064,306.6048,1.077075630195599
15,D. brimleyorum,brimleyorum,45.2448,330.6384,0.9934415391198044
15,D. campi,campi,37.0728,259.1136,0.8480991240831296
15,D. folkertsi,folkertsi,46.3104,270.3888,0.9570472701711492
15,D. fuscus,fuscus,46.6416,272.2392,1.0
15,D. gvnigeusgwotli,gvnigeusgwotli,46.5696,271.8072,0.8600558325183374
15,D. intermedius,intermedius,50.1768,325.2384,1.0124457695599023
15,D. kanawha,kanawha,42.192,279.54,0.953833805012225
15,D. marmoratus,marmoratus,47.2032,276.1416,0.9568151674816626
15,D. mavrokoilius,mavrokoilius,43.416,269.3088,0.8641477328850855
15,D. monticola,monticola,39.3624,258.9264,1.0381661124694377
15,D. ochrophaeus,ochrophaeus,52.6608,275.148,0.7683427830073349
15,D. ocoee,ocoee,42.6384,295.8624,0.9350259804400978
15,D. orestes,orestes,47.2032,256.4928,0.7303922701711492
15,D. perlapsus,perlapsus,41.8896,298.6632,0.7589213202933985
15,D. tilleyi,tilleyi,41.544,264.2832,0.9129378184596578
15,D. valtos,valtos,49.8096,314.1936,1.2708515929095354
15,D. welteri,welteri,48.0528,303.3216,0.8402365055012225
15,D. wrighti,wrighti,44.892,247.5216,0.8643477047677262
16,D. aeneus,aeneus,38.8296,207.8208,0.5385811075794622
16,D. amphileucus,amphileucus,44.6688,319.5504,1.0598218288508559
16,D. anicetus,anicetus,41.1696,246.0672,0.9173210244498778
16,D. apalachicolae,apalachicolae,43.2792,300.312,0.8922962218826406
16,D. auriculatus,auriculatus,48.6792,315.1008,1.0523765140586796
16,D. bairdi,bairdi,44.0064,308.3616,1.135590619804401
16,D. brimleyorum,brimleyorum,45.1008,334.2384,0.998389435207824
16,D. campi,campi,37.728,258.1632,0.8757171613691932
16,D. folkertsi,folkertsi,46.4112,265.8528,1.0393878080684598
16,D. fuscus,fuscus,45.3024,273.3552,1.0
16,D. gvnigeusgwotli,gvnigeusgwotli,46.5696,275.1192,0.9149195097799512
16,D. intermedius,intermedius,47.0592,325.1952,1.0740128869193155
16,D. kanawha,kanawha,41.76,288.6192,1.2338072536674818
16,D. marmoratus,marmoratus,46.728,276.408,1.0798026338630808
16,D. mavrokoilius,mavrokoilius,43.992,269.3088,0.9637013893643033
16,D. monticola,monticola,39.204,259.5312,0.984804511613692
16,D. ochrophaeus,ochrophaeus,54.0,268.0704,0.8071044975550122
16,D. ocoee,ocoee,42.8256,293.3856,0.9986849547677261
16,D. orestes,orestes,47.5344,255.6,0.7678580171149144
16,D. perlapsus,perlapsus,43.38,294.192,0.8651133349633252
16,D. tilleyi,tilleyi,41.3136,264.816,0.9851814034229829
16,D. valtos,valtos,49.9536,312.7104,1.3586417316625918
16,D. welteri,welteri,48.8088,303.984,0.85371808801956
16,D. wrighti,wrighti,40.3848,226.5408,0.9137316522004891
17,D. aeneus,aeneus,35.928,213.2856,0.6323890837408312
17,D. amphileucus,amphileucus,45.5976,319.6368,1.19243745599022
17,D. anicetus,anicetus,40.5,242.4888,1.0450720592909537
17,D. apalachicolae,apalachicolae,46.8288,300.2544,1.119158847188264
17,D. auriculatus,auriculatus,48.3408,314.2368,1.242854491442543
17,D. bairdi,bairdi,44.0064,306.972,1.2933183942542787
17,D. brimleyorum,brimleyorum,44.496,327.1896,1.069710672371638
17,D. campi,campi,38.1888,257.6448,0.9750642646699267
17,D. folkertsi,folkertsi,43.74,269.208,1.0948743007334965
17,D. fuscus,fuscus,48.24,272.6784,1.0
17,D. gvnigeusgwotli,gvnigeusgwotli,46.5696,273.24,0.98676675
17,D. intermedius,intermedius,49.8024,326.16,1.271162803178484
17,D. kanawha,kanawha,41.7024,291.78,1.1722891161369193
17,D. marmoratus,marmoratus,48.2904,274.0752,1.2486556699266504
17,D. mavrokoilius,mavrokoilius,43.704,270.5256,1.0313710171149144
17,D. monticola,monticola,39.7152,260.0784,1.0797800513447433
17,D. ochrophaeus,ochrophaeus,52.9632,275.4432,0.9361199260391199
17,D. ocoee,ocoee,44.2224,292.5216,1.2185566344743277
17,D. orestes,orestes,45.9936,255.0816,0.878765174205379
17,D. perlapsus,perlapsus,44.424,287.9712,0.9274321809290954
17,D. tilleyi,tilleyi,42.9624,264.8304,1.1310178771393642
17,D. valtos,valtos,48.8808,313.7904,1.5348221204156478
17,D. welteri,welteri,48.7008,302.8032,1.0520328636919316
17,D. wrighti,wrighti,40.4784,197.6976,1.0825426980440098
18,D. aeneus,aeneus,35.8488,207.144,0.5647378429095354
18,D. amphileucus,amphileucus,44.4096,319.4928,1.0648634529339853
18,D. anicetus,anicetus,42.1344,242.5032,0.9264068526894865
18,D. apalachicolae,apalachicolae,45.2016,301.2336,0.9819072536674818
18,D. auriculatus,auriculatus,49.176,313.3224,1.074453947432763
18,D. bairdi,bairdi,44.4096,306.0,1.1264601577017117
18,D. brimleyorum,brimleyorum,45.6984,329.7888,1.12333559596577
18,D. campi,campi,38.2176,257.4504,0.8845460183374083
18,D. folkertsi,folkertsi,44.5104,268.7328,1.0038532952322738
18,D. fuscus,fuscus,48.1104,270.9144,1.0
18,D. gvnigeusgwotli,gvnigeusgwotli,47.0304,272.304,0.9588295177261614
18,D. intermedius,intermedius,49.2768,323.7408,1.0811508025672372
18,D. kanawha,kanawha,41.7456,287.5104,0.9261956442542788
18,D. marmoratus,marmoratus,47.952,274.0608,1.0677248202933987
18,D. mavrokoilius,mavrokoilius,40.32,268.9128,0.9248194303178485
18,D. monticola,monticola,38.8656,258.9552,0.9939397267726161
18,D. ochrophaeus,ochrophaeus,52.4664,275.4576,0.7761950782396089
18,D. ocoee,ocoee,42.156,291.5136,1.0333333496332517
18,D. orestes,orestes,47.0736,255.3552,0.8193141460880196
18,D. perlapsus,perlapsus,42.9192,291.8592,0.7954392255501223
18,D. tilleyi,tilleyi,41.5728,263.9232,0.9949795611246944
18,D. valtos,valtos,50.2488,309.1464,1.3768931344743278
18,D. welteri,welteri,48.9168,302.7168,0.8939627744498778
18,D. wrighti,wrighti,41.2848,238.716,0.8908167029339853
19,D. aeneus,aeneus,38.9088,207.936,0.5448239511002445
19,D. amphileucus,amphileucus,44.1288,319.6656,1.0545487683374084
19,D. anicetus,anicetus,43.9344,243.9576,0.8929032114914426
19,D. apalachicolae,apalachicolae,46.0008,298.9728,0.8825795415647921
19,D. auriculatus,auriculatus,47.736,312.1488,1.0329386234718825
19,D. bairdi,bairdi,44.0064,306.972,1.0785354260391198
19,D. brimleyorum,brimleyorum,45.1656,326.664,0.98954131601467
19,D. campi,campi,37.512,249.8688,0.8687178777506113
19,D. folkertsi,folkertsi,44.424,268.3368,0.9827601888753057
19,D. fuscus,fuscus,47.376,270.7992,1.0
19,D. gvnigeusgwotli,gvnigeusgwotli,46.62,272.4336,0.8780539223716382
19,D. intermedius,intermedius,48.8736,324.3312,1.0632890336185818
19,D. kanawha,kanawha,42.9912,286.8768,0.877143011002445
19,D. marmoratus,marmoratus,47.7936,273.888,1.0122887151589244
19,D. mavrokoilius,mavrokoilius,42.552,268.8048,0.8860926191931541
19,D. monticola,monticola,39.42,256.8456,0.925360924205379
19,D. ochrophaeus,ochrophaeus,51.3072,273.0168,0.7525973233496333
19,D. ocoee,ocoee,42.2352,292.2696,0.9759228147921761
19,D. orestes,orestes,46.0512,256.4712,0.7799325317848411
19,D. perlapsus,perlapsus,43.5024,296.64,0.8374900372860635
19,D. tilleyi,tilleyi,41.6016,262.9728,0.9380082090464549
19,D. valtos,valtos,49.4928,315.7416,1.2666603801955991
19,D. welteri,welteri,48.2544,302.2416,0.8684411051344743
19,D. wrighti,wrighti,40.464,225.6984,0.8844732353300734
20,D. aeneus,aeneus,38.2536,209.232,0.5874643942542788
20,D. amphileucus,amphileucus,44.676,320.328,1.020742890586797
20,D. anicetus,anicetus,40.86,246.6936,0.9055984883863082
20,D. apalachicolae,apalachicolae,43.5312,298.584,0.9068747872860636
20,D. auriculatus,auriculatus,49.0032,316.8864,0.9264898795843521
20,D. bairdi,bairdi,44.4096,306.0,1.0810522524449877
20,D. brimleyorum,brimleyorum,43.6608,329.0112,1.0279292958435209
20,D. campi,campi,37.3968,256.4208,0.8605752921760391
20,D. folkertsi,folkertsi,45.9936,270.072,0.9803329254278728
20,D. fuscus,fuscus,45.4392,273.4416,1.0
20,D. gvnigeusgwotli,gvnigeusgwotli,46.62,273.0384,0.9014077066014671
20,D. intermedius,intermedius,48.672,325.908,1.0786891839853303
20,D. kanawha,kanawha,40.9392,288.6264,0.932581924205379
20,D. marmoratus,marmoratus,47.6064,274.4856,1.0770107756723717
20,D. mavrokoilius,mavrokoilius,41.328,271.44,0.9861291265281175
20,D. monticola,monticola,39.42,258.9264,1.0139968062347189
20,D. ochrophaeus,ochrophaeus,50.5656,273.4344,0.7973818575794622
20,D. ocoee,ocoee,42.6096,293.3856,0.8617858765281174
20,D. orestes,orestes,46.0512,255.6,0.8724566522004891
20,D. perlapsus,perlapsus,42.9192,293.5512,0.8009753606356969
20,D. tilleyi,tilleyi,42.5952,263.2464,0.9444494694376528
20,D. valtos,valtos,50.6448,319.5072,1.3313396234718826
20,D. welteri,welteri,48.7872,304.6752,0.861133305012225
20,D. wrighti,wrighti,44.0136,226.5408,0.8352832848410758
21,D. aeneus,aeneus,37.62,207.756,0.5914722463325184
21,D. amphileucus,amphileucus,44.2872,319.5216,1.0343832775061124
21,D. anicetus,anicetus,41.472,244.1952,0.9344506026894865
21,D. apalachicolae,apalachicolae,45.2016,300.2832,0.9743524138141809
21,D. auriculatus,auriculatus,50.0976,313.6752,1.0520358942542787
21,D. bairdi,bairdi,43.8768,305.208,1.127501075794621
21,D. brimleyorum,brimleyorum,45.0144,328.8168,0.9387474608801957
21,D. campi,campi,37.0368,257.256,0.8967935079462103
21,D. folkertsi,folkertsi,44.4672,268.7328,1.0501832011002445
21,D. fuscus,fuscus,47.592,274.0032,1.0
21,D. gvnigeusgwotli,gvnigeusgwotli,47.0232,275.0112,0.9294662273838631
21,D. intermedius,intermedius,49.2768,325.2528,1.1096744859413203
21,D. kanawha,kanawha,40.8312,289.2384,0.9269729138141809
21,D. marmoratus,marmoratus,48.4272,274.4856,1.0578165348410757
21,D. mavrokoilius,mavrokoilius,41.1624,268.1424,1.0093021051344744
21,D. monticola,monticola,39.5856,262.2096,0.999105555623472
21,D. ochrophaeus,ochrophaeus,52.812,267.0192,0.7823606161369193
21,D. ocoee,ocoee,41.7384,293.292,1.0404682567237165
21,D. orestes,orestes,45.8928,255.6,0.8555489755501223
21,D. perlapsus,perlapsus,43.2576,297.4176,0.8478530452322739
21,D. tilleyi,tilleyi,42.1992,264.2328,1.0043028948655257
21,D. valtos,valtos,50.3784,313.7904,1.3954951173594132
21,D. welteri,welteri,48.8088,303.4368,0.9667476454767726
21,D. wrighti,wrighti,41.2632,237.132,0.9362593209046455
22,D. aeneus,aeneus,35.9928,208.5408,0.6193193991442543
22,D. amphileucus,amphileucus,44.5608,317.9304,1.0357687139364302
22,D. anicetus,anicetus,41.7024,243.2232,0.9173816344743276
22,D. apalachicolae,apalachicolae,45.8712,300.6144,0.8781220690709046
22,D. auriculatus,auriculatus,47.9592,312.5304,1.0402750415647923
22,D. bairdi,bairdi,44.0064,309.2184,1.1131731998777505
22,D. brimleyorum,brimleyorum,44.9136,328.6224,1.0544810183374085
22,D. campi,campi,36.6624,257.6448,0.8484115476772617
22,D. folkertsi,folkertsi,45.576,268.7328,0.9940735800733497
22,D. fuscus,fuscus,47.2464,275.0112,1.0
22,D. gvnigeusgwotli,gvnigeusgwotli,46.08,271.8576,0.887540195599022
22,D. intermedius,intermedius,47.0592,326.9376,1.0281016265281173
22,D. kanawha,kanawha,40.9392,287.2872,1.0847096063569681
22,D. marmoratus,marmoratus,48.4128,274.2192,1.1187419755501224
22,D. mavrokoilius,mavrokoilius,42.552,268.0488,0.9117917597799512
22,D. monticola,monticola,39.6,258.8472,0.9853669083129585
22,D. ochrophaeus,ochrophaeus,51.264,275.4576,0.7788854376528117
22,D. ocoee,ocoee,44.1072,292.5216,1.0636645953545232
22,D. orestes,orestes,47.2176,256.3848,0.755379391198044
22,D. perlapsus,perlapsus,42.3,296.6616,0.8575333105134475
22,D. tilleyi,tilleyi,42.5952,263.0304,0.9696035067237164
22,D. valtos,valtos,50.7816,315.1296,1.3899455421760392
22,D. welteri,welteri,48.708,309.0528,0.8307767903422983
22,D. wrighti,wrighti,44.892,247.5216,0.8618887707823961
23,D. aeneus,aeneus,36.8712,209.4336,0.5735570018337408
23,D. amphileucus,amphileucus,43.2936,316.9152,1.1258771259168705
23,D. anicetus,anicetus,41.6952,244.2168,0.9519333068459658
23,D. apalachicolae,apalachicolae,46.5264,300.1536,0.9455937420537898
23,D. auriculatus,auriculatus,50.3856,316.8864,1.1140341149144255
23,D. bairdi,bairdi,43.8696,302.8824,1.1853852493887531
23,D. brimleyorum,brimleyorum,45.18,330.084,1.1697451839853301
23,D. campi,campi,37.1232,257.9688,0.9435383447432764
23,D. folkertsi,folkertsi,44.4888,268.8048,1.0862961136919316
23,D. fuscus,fuscus,48.24,272.1888,1.0
23,D. gvnigeusgwotli,gvnigeusgwotli,46.62,272.52,0.9829586564792177
23,D. intermedius,intermedius,48.852,325.044,1.1906432243276284
23,D. kanawha,kanawha,41.724,288.036,0.9767418233496333
23,D. marmoratus,marmoratus,47.1456,276.1416,1.1302068753056236
23,D. mavrokoilius,mavrokoilius,41.1624,268.6464,1.0011555152811735
23,D. monticola,monticola,40.176,258.9552,1.1489899070904646
23,D. ochrophaeus,ochrophaeus,51.84,267.0192,0.8218581442542787
23,D. ocoee,ocoee,44.2224,292.4496,1.0369395097799512
23,D. orestes,orestes,46.0512,255.3408,0.8190396968215159
23,D. perlapsus,perlapsus,42.3,290.6928,0.9076686491442544
23,D. tilleyi,tilleyi,42.0192,263.0016,1.043851912591687
23,D. valtos,valtos,50.2488,316.9368,1.4656337347188264
23,D. welteri,welteri,48.2328,304.5456,0.9195287420537898
23,D. wrighti,wrighti,44.0136,247.5216,1.0019863514669927
24,D. aeneus,aeneus,37.6632,211.4784,0.5865300684596577
24,D. amphileucus,amphileucus,43.3296,320.3928,1.052340109413203
24,D. anicetus,anicetus,41.4432,243.4824,0.8935662365525673
24,D. apalachicolae,apalachicolae,44.6688,300.2832,0.900573403422983
24,D. auriculatus,auriculatus,49.5144,317.1456,1.0381540556234718
24,D. bairdi,bairdi,44.9424,306.0,1.1161121760391197
24,D. brimleyorum,brimleyorum,45.1008,331.1064,1.0417161454767727
24,D. campi,campi,37.728,258.228,0.8667197451100245
24,D. folkertsi,folkertsi,44.8704,266.6304,0.9768591026894866
24,D. fuscus,fuscus,48.2112,271.368,1.0
24,D. gvnigeusgwotli,gvnigeusgwotli,47.0304,272.4192,0.8827266204156479
24,D. intermedius,intermedius,49.2768,323.6688,1.0025129046454768
24,D. kanawha,kanawha,40.896,291.8592,0.9886872212713935
24,D. marmoratus,marmoratus,48.3552,274.5,1.075724565403423
24,D. mavrokoilius,mavrokoilius,43.992,269.604,0.9247987426650367
24,D. monticola,monticola,39.6216,260.1072,0.9377744706601467
24,D. ochrophaeus,ochrophaeus,52.3152,273.4344,0.793420575183374
24,D. ocoee,ocoee,43.4448,294.6384,0.9882046191931539
24,D. orestes,orestes,46.0512,255.4704,0.7832098991442543
24,D. perlapsus,perlapsus,42.6384,290.6928,0.8189701900977996
24,D. tilleyi,tilleyi,41.5008,264.672,0.9478781619804402
24,D. valtos,valtos,49.608,314.1936,1.366120531784841
24,D. welteri,welteri,48.9024,310.9248,0.9293479052567237
24,D. wrighti,wrighti,42.9696,247.6224,0.979272717603912
25,D. aeneus,aeneus,36.8352,209.4336,0.5281536937652812
25,D. amphileucus,amphileucus,44.4312,319.5504,0.9437190825183375
25,D. anicetus,anicetus,44.2152,249.3864,0.850283511613692
25,D. apalachicolae,apalachicolae,46.1088,297.1152,0.8376967035452323
25,D. auriculatus,auriculatus,48.1824,314.2368,1.0087269400977996
25,D. bairdi,bairdi,44.8992,305.5248,1.080674751222494
25,D. brimleyorum,brimleyorum,45.2448,331.3584,1.019643435207824
25,D. campi,campi,36.7128,258.228,0.8122140177261614
25,D. folkertsi,folkertsi,44.8704,267.0192,0.9427934504889977
25,D. fuscus,fuscus,47.2464,271.188,1.0
25,D. gvnigeusgwotli,gvnigeusgwotli,45.6768,275.2272,0.8382106601466993
25,D. intermedius,intermedius,46.5768,323.5248,1.051774185819071
25,D. kanawha,kanawha,41.4,288.612,0.968599577017115
25,D. marmoratus,marmoratus,48.2904,273.9312,1.0314525764058682
25,D. mavrokoilius,mavrokoilius,43.3872,269.8344,0.8412204113691931
25,D. monticola,monticola,39.3768,258.9408,0.9249471063569683
25,D. ochrophaeus,ochrophaeus,51.3072,274.1472,0.7273611442542788
25,D. ocoee,ocoee,42.5376,292.5936,0.8952730764058681
25,D. orestes,orestes,47.2032,255.6144,0.8823628575794622
25,D. perlapsus,perlapsus,44.5464,289.4688,0.7839577548899757
25,D. tilleyi,tilleyi,41.832,262.908,0.9297608294621027
25,D. valtos,valtos,50.7744,316.9368,1.2950456051344743
25,D. welteri,welteri,48.4632,302.2416,0.8739312114914425
25,D. wrighti,wrighti,44.0136,250.8912,0.8321929174816626
26,D. aeneus,aeneus,37.6632,206.5968,0.547841814792176
26,D. amphileucus,amphileucus,44.928,319.8456,1.0186814070904646
26,D. anicetus,anicetus,40.86,244.2528,0.9157602408312959
26,D. apalachicolae,apalachicolae,43.6464,298.4688,0.9903809944987776
26,D. auriculatus,auriculatus,49.716,316.656,1.0705427542787287
26,D. bairdi,bairdi,45.5544,305.5104,1.1345913960880196
26,D. brimleyorum,brimleyorum,46.2528,329.4,1.0320383410757945
26,D. campi,campi,38.2032,252.3024,0.8982492921760391
26,D. folkertsi,folkertsi,45.0144,267.2856,1.0185643771393644
26,D. fuscus,fuscus,47.4768,271.008,1.0
26,D. gvnigeusgwotli,gvnigeusgwotli,46.4544,271.7568,0.9230265739608802
26,D. intermedius,intermedius,49.2768,327.2832,1.0696052536674816
26,D. kanawha,kanawha,41.4,289.1448,0.9942713013447434
26,D. marmoratus,marmoratus,48.2904,276.2064,1.0820898312958434
26,D. mavrokoilius,mavrokoilius,40.9968,268.6464,0.9592261228606357
26,D. monticola,monticola,39.8592,260.1,1.0173295317848412
26,D. ochrophaeus,ochrophaeus,51.768,267.7104,0.8243386473105135
26,D. ocoee,ocoee,44.0352,295.7832,1.0773591546454768
26,D. orestes,orestes,46.3176,256.5792,0.9188598392420538
26,D. perlapsus,perlapsus,42.5808,294.0768,0.9833282261613693
26,D. tilleyi,tilleyi,41.652,264.0528,0.9966321613691933
26,D. valtos,valtos,51.6384,317.3184,1.3513699523227385
26,D. welteri,welteri,48.2328,305.7264,0.8504299828850856
26,D. wrighti,wrighti,42.9696,247.6224,0.9325844443765282
27,D. aeneus,aeneus,36.072,208.0512,0.5241787029339854
27,D. amphileucus,amphileucus,44.4096,319.5216,0.9411752102689487
27,D. anicetus,anicetus,42.0624,247.9104,0.8523477121026896
27,D. apalachicolae,apalachicolae,45.8712,298.08,0.8515823068459658
27,D. auriculatus,auriculatus,48.3192,312.7104,0.9923736619804401
27,D. bairdi,bairdi,44.4096,307.3536,1.03425945599022
27,D. brimleyorum,brimleyorum,43.8696,330.084,1.0079856356968215
27,D. campi,campi,36.6624,259.1064,0.8018935672371638
27,D. folkertsi,folkertsi,44.136,269.3016,0.963820131418093
27,D. fuscus,fuscus,45.432,273.3552,1.0
27,D. gvnigeusgwotli,gvnigeusgwotli,46.5696,275.6016,0.8420081069682153
27,D. intermedius,intermedius,48.5136,327.2832,0.9915496369193154
27,D. kanawha,kanawha,40.9968,288.036,0.9501094205378974
27,D. marmoratus,marmoratus,46.8432,274.5,0.9486202995110026
27,D. mavrokoilius,mavrokoilius,43.1928,268.9128,0.8117540855745722
27,D. monticola,monticola,39.6288,258.5808,0.9663218533007336
27,D. ochrophaeus,ochrophaeus,52.632,275.1552,0.7443772854523227
27,D. ocoee,ocoee,42.3936,293.1984,0.901710012224939
27,D. orestes,orestes,45.8928,254.8728,0.8037873783618582
27,D. perlapsus,perlapsus,44.424,297.4176,0.7817636014669928
27,D. tilleyi,tilleyi,41.8536,264.816,0.9078725415647922
27,D. valtos,valtos,50.9184,317.916,1.2734829712713935
27,D. welteri,welteri,47.4768,305.7264,0.8887427371638142
27,D. wrighti,wrighti,42.0912,237.132,0.8114371650366748
28,D. aeneus,aeneus,38.7504,208.0512,0.6235011955990221
28,D. amphileucus,amphileucus,45.1872,319.5504,1.0779004547677262
28,D. anicetus,anicetus,40.86,244.1376,0.9788340831295844
28,D. apalachicolae,apalachicolae,43.9488,301.1976,1.0792192579462103
28,D. auriculatus,auriculatus,49.176,312.912,1.0495268569682152
28,D. bairdi,bairdi,45.3744,305.9064,1.187741097188264
28,D. brimleyorum,brimleyorum,45.0,327.1896,1.1458512707823962
28,D. campi,campi,36.6624,258.8832,0.931551488997555
28,D. folkertsi,folkertsi,46.8936,269.7336,1.0848110721271393
28,D. fuscus,fuscus,47.2464,273.1464,1.0
28,D. gvnigeusgwotli,gvnigeusgwotli,46.62,272.5344,0.9682731265281174
28,D. intermedius,intermedius,47.16,328.392,1.1173961167481663
28,D. kanawha,kanawha,40.896,287.5104,1.0807638850855745
28,D. marmoratus,marmoratus,48.3048,273.7296,1.1280569278728605
28,D. mavrokoilius,mavrokoilius,40.32,267.6096,0.9283761827628362
28,D. monticola,monticola,39.7872,260.0784,1.0946622744498777
28,D. ochrophaeus,ochrophaeus,52.7904,272.7216,0.8616325825183374
28,D. ocoee,ocoee,42.7176,295.9704,1.1107802157701712
28,D. orestes,orestes,47.0736,254.6136,0.8256465470660147
28,D. perlapsus,perlapsus,41.544,294.192,0.9884355959657701
28,D. tilleyi,tilleyi,41.8536,265.3488,1.064151869193154
28,D. valtos,valtos,49.5288,314.5968,1.4327716466992666
28,D. welteri,welteri,48.4704,310.212,0.9573696344743277
28,D. wrighti,wrighti,42.9696,249.3072,0.9196239315403424
29,D. aeneus,aeneus,37.656,209.4336,0.5249121222493888
29,D. amphileucus,amphileucus,44.4096,318.8592,1.0091311002444987
29,D. anicetus,anicetus,42.1344,245.16,0.8315451656479218
29,D. apalachicolae,apalachicolae,45.8712,302.1264,0.8933227231051345
29,D. auriculatus,auriculatus,49.7664,312.7104,0.8910202359413204
29,D. bairdi,bairdi,43.9416,305.3664,1.0494824944987775
29,D. brimleyorum,brimleyorum,45.2448,330.6528,0.9764417457212714
29,D. campi,campi,35.712,258.2928,0.784660423594132
29,D. folkertsi,folkertsi,43.4376,266.796,0.9353305348410759
29,D. fuscus,fuscus,46.8864,271.8864,1.0
29,D. gvnigeusgwotli,gvnigeusgwotli,46.1376,272.52,0.8439202231051345
29,D. intermedius,intermedius,49.2768,325.1952,0.9587395953545234
29,D. kanawha,kanawha,42.0768,288.5904,0.9551689938875305
29,D. marmoratus,marmoratus,47.2608,273.9312,1.016988773227384
29,D. mavrokoilius,mavrokoilius,41.5512,269.064,0.9171501784841076
29,D. monticola,monticola,39.6216,259.5312,0.9390608227383863
29,D. ochrophaeus,ochrophaeus,52.632,267.4512,0.7155807444987775
29,D. ocoee,ocoee,43.992,292.2696,0.941300849022005
29,D. orestes,orestes,45.6624,255.1824,0.7280100372860636
29,D. perlapsus,perlapsus,43.38,290.6928,0.8021645244498778
29,D. tilleyi,tilleyi,41.5296,265.6296,0.8810898331295843
29,D. valtos,valtos,50.7888,313.2504,1.2185464235941321
29,D. welteri,welteri,48.636,304.6752,0.7712685299511003
29,D. wrighti,wrighti,42.0912,264.7152,0.8666373881418094
30,D. aeneus,aeneus,35.928,208.1808,0.6668396925427873
30,D. amphileucus,amphileucus,44.4096,319.4928,1.1213157891198045
30,D. anicetus,anicetus,41.9112,246.1464,1.0116261436430318
30,D. apalachicolae,apalachicolae,45.8064,302.1264,1.066612719437653
30,D. auriculatus,auriculatus,50.2848,315.9144,1.0889265898533007
30,D. bairdi,bairdi,44.7624,306.0,1.2414152188264058
30,D. brimleyorum,brimleyorum,46.188,329.7888,1.2197186008557457
30,D. campi,campi,37.0296,257.256,0.9785709064792177
30,D. folkertsi,folkertsi,44.8704,267.0192,1.1101307237163813
30,D. fuscus,fuscus,46.2888,273.6072,1.0
30,D. gvnigeusgwotli,gvnigeusgwotli,47.016,271.6848,1.02337243398533
30,D. intermedius,intermedius,49.0752,325.2528,1.2511630305623473
30,D. kanawha,kanawha,41.3784,289.2384,1.1104024431540342
30,D. marmoratus,marmoratus,47.2608,273.6648,1.2281665385085574
30,D. mavrokoilius,mavrokoilius,43.7688,269.064,1.057963033618582
30,D. monticola,monticola,39.6,260.1,1.2637909822738387
30,D. ochrophaeus,ochrophaeus,52.6392,271.0368,0.8632214394865526
30,D. ocoee,ocoee,42.7176,292.5216,1.1936148539119806
30,D. orestes,orestes,45.792,254.2752,0.9806886558679706
30,D. perlapsus,perlapsus,41.544,293.5512,0.9009202689486553
30,D. tilleyi,tilleyi,41.8752,267.0624,1.1111043856968217
30,D. valtos,valtos,49.7952,314.7552,1.5152386473105135
30,D. welteri,welteri,48.7872,307.4688,0.9308493166259169
30,D. wrighti,wrighti,47.2896,249.2064,1.031309543398533
31,D. aeneus,aeneus,37.8576,211.4784,0.676078109413203
31,D. amphileucus,amphileucus,43.1352,317.0016,1.0307001711491441
31,D. anicetus,anicetus,42.1344,246.7728,0.9438110372860636
31,D. apalachicolae,apalachicolae,44.8992,300.8016,0.9395276314180929
31,D. auriculatus,auriculatus,49.3488,312.6816,1.0375125146699267
31,D. bairdi,bairdi,43.7184,304.7832,1.1995541699266503
31,D. brimleyorum,brimleyorum,45.2304,330.3792,1.1169931283618582
31,D. campi,campi,36.7128,254.6352,0.9216477053789732
31,D. folkertsi,folkertsi,44.7264,266.6304,1.0622989816625918
31,D. fuscus,fuscus,46.5192,273.3552,1.0
31,D. gvnigeusgwotli,gvnigeusgwotli,46.7136,273.24,0.9469476619804401
31,D. intermedius,intermedius,48.852,325.4976,1.1206045629584351
31,D. kanawha,kanawha,41.7528,288.6768,1.2476097102689487
31,D. marmoratus,marmoratus,48.3264,277.236,1.0918295592909535
31,D. mavrokoilius,mavrokoilius,42.1632,269.0208,0.970135696821516
31,D. monticola,monticola,39.312,258.8328,1.0258762469437652
31,D. ochrophaeus,ochrophaeus,51.0768,269.9784,0.8614593966992665
31,D. ocoee,ocoee,44.1792,293.112,1.0700442426650367
31,D. orestes,orestes,46.0512,256.4064,0.994154087408313
31,D. perlapsus,perlapsus,43.2576,296.64,0.9310675018337409
31,D. tilleyi,tilleyi,42.0336,264.7512,1.048776002444988
31,D. valtos,valtos,50.7888,313.6896,1.4166570250611248
31,D. welteri,welteri,48.8952,307.4688,0.9730158410757946
31,D. wrighti,wrighti,39.5784,203.6736,0.9194878728606357
32,D. aeneus,aeneus,36.072,209.4336,0.608287423594132
32,D. amphileucus,amphileucus,44.4096,319.176,1.0735226778728606
32,D. anicetus,anicetus,41.1552,244.296,0.9041588001222495
32,D. apalachicolae,apalachicolae,46.368,299.0448,0.9667721815403423
32,D. auriculatus,auriculatus,49.356,312.4008,0.987771696821516
32,D. bairdi,bairdi,44.9424,305.8128,1.145454751833741
32,D. brimleyorum,brimleyorum,45.288,327.7152,1.0961776717603913
32,D. campi,campi,36.7128,256.0032,0.87301206601467
32,D. folkertsi,folkertsi,45.5472,270.2304,1.0089024706601466
32,D. fuscus,fuscus,46.944,273.6864,1.0
32,D. gvnigeusgwotli,gvnigeusgwotli,46.692,272.6352,0.9227525971882641
32,D. intermedius,intermedius,48.672,325.152,1.0495271833740831
32,D. kanawha,kanawha,41.7528,284.2344,1.0416521583129585
32,D. marmoratus,marmoratus,48.3552,276.0336,1.0533953410757946
32,D. mavrokoilius,mavrokoilius,41.1624,269.1072,0.958683391809291
32,D. monticola,monticola,39.4848,259.5312,1.0030581479217604
32,D. ochrophaeus,ochrophaeus,51.264,272.7216,0.7830781723716382
32,D. ocoee,ocoee,44.1072,292.8528,1.0107104944987775
32,D. orestes,orestes,47.2896,257.6592,0.9605915837408313
32,D. perlapsus,perlapsus,42.2352,295.4592,0.8952985910757947
32,D. tilleyi,tilleyi,41.544,265.9896,1.000852794621027
32,D. valtos,valtos,49.5792,311.8752,1.333108062958435
32,D. welteri,welteri,48.6,303.1776,0.8800686234718827
32,D. wrighti,wrighti,39.5784,215.1072,0.9010998196821516
33,D. aeneus,aeneus,35.8992,210.9456,0.5955195660146699
33,D. amphileucus,amphileucus,44.568,318.7008,1.0018709303178484
33,D. anicetus,anicetus,41.7024,241.9488,0.9068908111246944
33,D. apalachicolae,apalachicolae,44.2656,300.4344,0.9535159639364303
33,D. auriculatus,auriculatus,47.8152,312.2784,1.132174064180929
33,D. bairdi,bairdi,44.0064,308.16,1.0997267842298288
33,D. brimleyorum,brimleyorum,45.2448,328.3632,1.0204464724938875
33,D. campi,campi,36.0144,260.6976,0.8385592078239609
33,D. folkertsi,folkertsi,47.0448,270.0792,1.0193857695599022
33,D. fuscus,fuscus,46.8216,274.392,1.0
33,D. gvnigeusgwotli,gvnigeusgwotli,47.232,274.1256,0.9169789865525673
33,D. intermedius,intermedius,48.9384,326.2608,1.104829879584352
33,D. kanawha,kanawha,40.896,283.8384,1.0769117768948655
33,D. marmoratus,marmoratus,47.0592,277.056,1.0867725189486552
33,D. mavrokoilius,mavrokoilius,41.8392,266.9184,0.820728836797066
33,D. monticola,monticola,39.6072,260.1,0.9718877145476773
33,D. ochrophaeus,ochrophaeus,52.2792,267.8976,0.7821140452322739
33,D. ocoee,ocoee,42.2424,294.5448,1.0042340910757948
33,D. orestes,orestes,45.144,255.4848,0.7983816020782396
33,D. perlapsus,perlapsus,43.8624,291.8592,0.8776654517114915
33,D. tilleyi,tilleyi,42.1632,263.9232,0.9887524297066015
33,D. valtos,valtos,50.6448,314.9136,1.3355857610024449
33,D. welteri,welteri,48.636,303.984,0.9329535042787287
33,D. wrighti,wrighti,42.9696,209.1312,0.9012915183374084
34,D. aeneus,aeneus,35.64,212.436,0.6450112579462103
34,D. amphileucus,amphileucus,45.6912,319.9104,1.271399773838631
34,D. anicetus,anicetus,40.5648,245.1816,1.113596578239609
34,D. apalachicolae,apalachicolae,44.2152,300.312,1.1740166907090466
34,D. auriculatus,auriculatus,49.5144,313.6752,1.2579577444987775
34,D. bairdi,bairdi,44.8992,306.6048,1.3330616283618584
34,D. brimleyorum,brimleyorum,43.92,331.74,1.332972031784841
34,D. campi,campi,36.7488,258.5952,1.057385771393643
34,D. folkertsi,folkertsi,46.9224,266.4072,1.211896836797066
34,D. fuscus,fuscus,48.1104,272.3112,1.0
34,D. gvnigeusgwotli,gvnigeusgwotli,45.6912,271.62,1.11195777200489
34,D. intermedius,intermedius,48.9384,324.5256,1.249900902200489
34,D. kanawha,kanawha,43.128,288.5904,1.3556791680929097
34,D. marmoratus,marmoratus,47.1456,273.7008,1.232132966992665
34,D. mavrokoilius,mavrokoilius,44.3664,269.8344,1.2505812536674819
34,D. monticola,monticola,39.6072,258.4728,1.2701333875305623
34,D. ochrophaeus,ochrophaeus,52.1352,270.6192,0.9622307163814181
34,D. ocoee,ocoee,43.4448,296.7552,1.1666607371638142
34,D. orestes,orestes,46.3176,255.7368,1.12327808801956
34,D. perlapsus,perlapsus,43.6824,290.5632,1.0544475965770173
34,D. tilleyi,tilleyi,41.652,265.3488,1.1521844614914425
34,D. valtos,valtos,49.5792,315.4968,1.5976928783618582
34,D. welteri,welteri,48.5496,310.212,1.0733866369193152
34,D. wrighti,wrighti,44.892,226.5408,1.0552281106356969
35,D. aeneus,aeneus,37.584,212.328,0.6471326479217604
35,D. amphileucus,amphileucus,44.9208,318.3264,1.1448101803178483
35,D. anicetus,anicetus,42.6888,242.8272,0.9861320018337408
35,D. apalachicolae,apalachicolae,45.6336,297.8928,0.9783214272616138
35,D. auriculatus,auriculatus,49.7664,312.4008,1.2257847432762836
35,D. bairdi,bairdi,43.9344,306.6048,1.2121941528117361
35,D. brimleyorum,brimleyorum,45.2016,328.1688,1.060696501222494
35,D. campi,campi,37.5048,252.9864,0.9288562200488998
35,D. folkertsi,folkertsi,45.9648,270.3888,1.0797214217603912
35,D. fuscus,fuscus,47.2464,271.7208,1.0
35,D. gvnigeusgwotli,gvnigeusgwotli,46.7136,273.24,0.9673223202933986
35,D. intermedius,intermedius,50.0472,325.2456,1.1450754333740831
35,D. kanawha,kanawha,43.0776,288.6768,0.9851203722493889
35,D. marmoratus,marmoratus,47.16,274.0608,1.1595959834963325
35,D. mavrokoilius,mavrokoilius,43.6896,269.8344,0.8963171949877751
35,D. monticola,monticola,39.5352,258.9264,1.0650047334963324
35,D. ochrophaeus,ochrophaeus,50.4792,271.8864,0.8348910929095354
35,D. ocoee,ocoee,42.9336,296.3592,1.1109778765281173
35,D. orestes,orestes,46.3176,255.9888,0.8990319205378974
35,D. perlapsus,perlapsus,42.5808,290.2104,0.97980586797066
35,D. tilleyi,tilleyi,41.472,264.2832,1.0648466619804402
35,D. valtos,valtos,49.7952,314.9136,1.4222913624694375
35,D. welteri,welteri,48.8664,305.7264,1.0059257328850857
35,D. wrighti,wrighti,46.2456,191.7216,0.9593074321515892
36,D. aeneus,aeneus,38.9808,207.756,0.6311685452322738
36,D. amphileucus,amphileucus,44.568,319.32,1.0840410042787287
36,D. anicetus,anicetus,41.7024,242.5032,0.9955628710268949
36,D. apalachicolae,apalachicolae,46.9296,298.4688,0.9507768184596577
36,D. auriculatus,auriculatus,49.176,312.912,1.261555032396088
36,D. bairdi,bairdi,45.4032,307.3032,1.2158465861858192
36,D. brimleyorum,brimleyorum,44.0784,325.0224,1.1446278520782398
36,D. campi,campi,36.2592,249.8688,0.9240133808068459
36,D. folkertsi,folkertsi,46.4112,267.4944,1.0815208905867972
36,D. fuscus,fuscus,48.4848,272.0376,1.0
36,D. gvnigeusgwotli,gvnigeusgwotli,46.3392,274.3344,1.0158060916870415
36,D. intermedius,intermedius,46.8,326.16,1.1588579920537898
36,D. kanawha,kanawha,41.3784,288.6768,1.1025813673594131
36,D. marmoratus,marmoratus,46.5408,273.9312,1.1190989064792176
36,D. mavrokoilius,mavrokoilius,40.752,269.5968,1.069181336797066
36,D. monticola,monticola,40.3488,262.0728,1.1143285220048902
36,D. ochrophaeus,ochrophaeus,52.6176,267.7248,0.8435155207823961
36,D. ocoee,ocoee,43.1424,293.1984,1.039830404645477
36,D. orestes,orestes,46.8288,254.664,0.8232736668704157
36,D. perlapsus,perlapsus,42.5808,290.5632,0.9426379235941321
36,D. tilleyi,tilleyi,42.0192,265.0896,1.050429500611247
36,D. valtos,valtos,49.9824,313.2504,1.4797001913202934
36,D. welteri,welteri,48.8088,302.8464,0.8587923490220049
36,D. wrighti,wrighti,41.2848,226.5408,1.0053576118581908
37,D. aeneus,aeneus,37.8504,212.436,0.6466370580684596
37,D. amphileucus,amphileucus,44.676,320.8752,1.0911223838630806
37,D. anicetus,anicetus,41.184,242.0208,0.9783600733496333
37,D. apalachicolae,apalachicolae,44.1,297.1008,1.0578835733496335
37,D. auriculatus,auriculatus,47.736,316.7712,1.0367855947432765
37,D. bairdi,bairdi,44.208,307.3536,1.1871659223716382
37,D. brimleyorum,brimleyorum,45.2304,330.8688,1.0821043520782396
37,D. campi,campi,36.6696,257.9688,0.9552935696821516
37,D. folkertsi,folkertsi,45.5472,268.8048,1.0981153007334965
37,D. fuscus,fuscus,45.432,273.3552,1.0
37,D. gvnigeusgwotli,gvnigeusgwotli,46.08,275.6016,0.9678042310513447
37,D. intermedius,intermedius,49.14,326.5848,1.157841488997555
37,D. kanawha,kanawha,41.3496,288.7344,1.0815546754278729
37,D. marmoratus,marmoratus,47.6064,278.8272,1.1711804865525672
37,D. mavrokoilius,mavrokoilius,43.992,269.604,0.9098879712713936
37,D. monticola,monticola,39.312,260.1288,1.05841197799511
37,D. ochrophaeus,ochrophaeus,51.1488,269.352,0.8393477744498778
37,D. ocoee,ocoee,41.7384,293.292,1.0521909590464547
37,D. orestes,orestes,47.5344,255.7368,0.7972735256723716
37,D. perlapsus,perlapsus,44.424,289.6704,0.9731667200488998
37,D. tilleyi,tilleyi,42.5952,264.8304,1.0541111937652812
37,D. valtos,valtos,50.7744,313.2,1.4191381136919317
37,D. welteri,welteri,48.8952,302.8464,0.9470295317848411
37,D. wrighti,wrighti,42.9696,225.5976,0.9130017334963326
38,D. aeneus,aeneus,37.656,208.296,0.6118772726161369
38,D. amphileucus,amphileucus,44.5608,316.4904,1.0487485055012224
38,D. anicetus,anicetus,40.86,243.6192,0.943074120415648
38,D. apalachicolae,apalachicolae,47.0016,299.0736,0.8951882304400979
38,D. auriculatus,auriculatus,48.9024,312.7104,0.9769749400977995
38,D. bairdi,bairdi,43.9992,306.1368,1.1461545861858191
38,D. brimleyorum,brimleyorum,46.0656,328.3632,1.0695178551344744
38,D. campi,campi,37.728,256.8384,0.8838636240831296
38,D. folkertsi,folkertsi,44.7264,267.6744,1.0256205806845966
38,D. fuscus,fuscus,47.412,272.556,1.0
38,D. gvnigeusgwotli,gvnigeusgwotli,46.7424,274.2264,0.880388446821516
38,D. intermedius,intermedius,49.428,326.16,1.0843723239608802
38,D. kanawha,kanawha,40.68,287.5104,0.940200444376528
38,D. marmoratus,marmoratus,48.8376,275.0256,1.067732054400978
38,D. mavrokoilius,mavrokoilius,42.7536,269.6112,0.860251738997555
38,D. monticola,monticola,39.3768,256.5216,1.0947861809290955
38,D. ochrophaeus,ochrophaeus,50.8608,274.1472,0.8306500244498778
38,D. ocoee,ocoee,44.0352,295.8912,1.05508979400978
38,D. orestes,orestes,47.1024,254.8584,0.9719600189486552
38,D. perlapsus,perlapsus,43.38,293.5512,0.8461878355745721
38,D. tilleyi,tilleyi,43.488,264.816,0.9924858349633253
38,D. valtos,valtos,50.1768,314.7552,1.3054821259168705
38,D. welteri,welteri,48.8088,304.6752,0.8453253123471882
38,D. wrighti,wrighti,45.936,247.6224,0.8494126589242055
39,D. aeneus,aeneus,39.1824,207.8208,0.5963685158924206
39,D. amphileucus,amphileucus,44.4096,319.6368,1.1442495085574573
39,D. anicetus,anicetus,41.1552,242.352,1.001458163814181
39,D. apalachicolae,apalachicolae,44.3448,292.6512,1.0332403386308069
39,D. auriculatus,auriculatus,49.176,314.2368,1.1801032176039121
39,D. bairdi,bairdi,44.0064,305.9064,1.2574345501222495
39,D. brimleyorum,brimleyorum,45.0,326.3328,1.1251096827628362
39,D. campi,campi,36.3384,257.9688,0.9605854755501222
39,D. folkertsi,folkertsi,45.5184,270.3672,1.1788167756723718
39,D. fuscus,fuscus,47.3112,271.6272,1.0
39,D. gvnigeusgwotli,gvnigeusgwotli,45.5328,271.8072,1.0473853966992666
39,D. intermedius,intermedius,49.14,326.16,1.255849065403423
39,D. kanawha,kanawha,40.9896,286.9704,1.2185374272616136
39,D. marmoratus,marmoratus,49.32,276.0336,1.2234148062347188
39,D. mavrokoilius,mavrokoilius,40.7664,265.9248,0.9722798404645477
39,D. monticola,monticola,39.2688,257.364,1.1169538343520784
39,D. ochrophaeus,ochrophaeus,53.3304,267.696,0.8632739315403424
39,D. ocoee,ocoee,44.1072,291.4488,1.067720270782396
39,D. orestes,orestes,46.584,255.5856,0.854041043398533
39,D. perlapsus,perlapsus,43.38,293.5512,0.9271184645476773
39,D. tilleyi,tilleyi,41.832,264.672,1.0692006943765282
39,D. valtos,valtos,50.7888,315.7416,1.4603812750611247
39,D. welteri,welteri,48.672,304.1136,0.9347646271393644
39,D. wrighti,wrighti,44.0136,249.2064,0.9543026314180929
40,D. aeneus,aeneus,37.6632,208.7424,0.6449932432762836
40,D. amphileucus,amphileucus,45.396,318.8592,1.0880064553789732
40,D. anicetus,anicetus,43.5312,243.8784,1.009474685207824
40,D. apalachicolae,apalachicolae,46.0152,298.9728,1.1565994174816627
40,D. auriculatus,auriculatus,48.78,316.7712,1.2091486448655258
40,D. bairdi,bairdi,44.5176,306.1368,1.2449778875305624
40,D. brimleyorum,brimleyorum,43.9776,330.8688,1.1877727243276284
40,D. campi,campi,37.728,256.8384,0.9865514694376528
40,D. folkertsi,folkertsi,44.3016,269.0424,1.1242701980440097
40,D. fuscus,fuscus,48.1104,273.6864,1.0
40,D. gvnigeusgwotli,gvnigeusgwotli,47.232,272.3544,0.9905708661369194
40,D. intermedius,intermedius,48.9384,323.5248,1.1361163808068462
40,D. kanawha,kanawha,42.6672,287.5104,1.1049262481662592
40,D. marmoratus,marmoratus,47.952,276.0552,1.1843127481662592
40,D. mavrokoilius,mavrokoilius,39.7152,266.7096,1.0670250372860637
40,D. monticola,monticola,39.5352,261.792,1.11909627200489
40,D. ochrophaeus,ochrophaeus,52.9632,267.7104,0.8926962744498778
40,D. ocoee,ocoee,42.2352,291.96,1.0949307976772618
40,D. orestes,orestes,45.9216,255.5856,0.9569246668704157
40,D. perlapsus,perlapsus,44.9712,290.5632,0.9353216014669927
40,D. tilleyi,tilleyi,41.6232,263.5848,1.1131893759168705
40,D. valtos,valtos,50.5152,314.7552,1.5207575140586798
40,D. welteri,welteri,48.636,303.4368,0.9148541045232274
40,D. wrighti,wrighti,40.4784,215.1072,1.0028191674816627
41,D. aeneus,aeneus,37.584,210.4128,0.5738217652811736
41,D. amphileucus,amphileucus,44.568,316.332,1.0445133533007336
41,D. anicetus,anicetus,40.4352,242.6544,0.8569871986552567
41,D. apalachicolae,apalachicolae,46.8576,301.0104,0.8446910403422984
41,D. auriculatus,auriculatus,49.5144,312.912,1.01139218398533
41,D. bairdi,bairdi,44.9424,307.3032,1.0719730568459658
41,D. brimleyorum,brimleyorum,44.028,327.1896,1.0393373398533008
41,D. campi,campi,36.6696,258.2928,0.8692181515892421
41,D. folkertsi,folkertsi,44.9928,269.3016,0.9680391693154035
41,D. fuscus,fuscus,47.4768,272.9376,1.0
41,D. gvnigeusgwotli,gvnigeusgwotli,47.0304,272.0952,0.8990828643031785
41,D. intermedius,intermedius,50.0256,321.2784,1.0421241589242054
41,D. kanawha,kanawha,41.724,288.5616,0.9641723190709047
41,D. marmoratus,marmoratus,47.2608,275.5296,1.0611973410757947
41,D. mavrokoilius,mavrokoilius,41.328,268.9128,0.9344464645476772
41,D. monticola,monticola,39.7152,258.9408,0.9438501821515892
41,D. ochrophaeus,ochrophaeus,53.3088,275.148,0.7764621246943766
41,D. ocoee,ocoee,44.2512,294.3936,0.9519488985330073
41,D. orestes,orestes,46.0224,256.3632,0.7496738911980441
41,D. perlapsus,perlapsus,43.5024,299.1312,0.8263279767726162
41,D. tilleyi,tilleyi,43.5168,263.0016,0.9340239938875305
41,D. valtos,valtos,49.7952,306.8496,1.3270489095354525
41,D. welteri,welteri,48.924,307.4688,0.8562426778728606
41,D. wrighti,wrighti,42.1632,226.5408,0.8662551974327629
42,D. aeneus,aeneus,38.0448,207.936,0.5071918398533007
42,D. amphileucus,amphileucus,44.3808,319.6656,0.9378670647921761
42,D. anicetus,anicetus,41.76,243.2232,0.8653983526894866
42,D. apalachicolae,apalachicolae,44.2656,300.8016,0.8370689749388753
42,D. auriculatus,auriculatus,49.5072,316.0296,0.9743443019559903
42,D. bairdi,bairdi,44.0064,306.6408,1.06940679400978
42,D. brimleyorum,brimleyorum,45.1008,330.084,0.9234693502444987
42,D. campi,campi,37.3968,257.9688,0.7939580715158925
42,D. folkertsi,folkertsi,43.9848,267.0192,0.965390577017115
42,D. fuscus,fuscus,45.3168,272.6784,1.0
42,D. gvnigeusgwotli,gvnigeusgwotli,46.8936,272.9376,0.8692224272616138
42,D. intermedius,intermedius,50.0472,323.6688,0.9815722004889976
42,D. kanawha,kanawha,40.9464,289.1592,0.8531316925427873
42,D. marmoratus,marmoratus,47.2032,276.0768,1.0486871271393643
42,D. mavrokoilius,mavrokoilius,42.9984,270.0576,0.9392844040342299
42,D. monticola,monticola,39.5352,258.4584,0.9399065678484108
42,D. ochrophaeus,ochrophaeus,50.6448,275.4504,0.7747533636919315
42,D. ocoee,ocoee,43.1424,296.8416,0.9774057683374083
42,D. orestes,orestes,47.4192,255.3408,0.8635384517114915
42,D. perlapsus,perlapsus,44.6616,290.5632,0.8421533924205379
42,D. tilleyi,tilleyi,41.652,264.0528,0.9440603924205379
42,D. valtos,valtos,49.7952,318.42,1.2860235403422984
42,D. welteri,welteri,48.4272,302.832,0.8998315152811737
42,D. wrighti,wrighti,41.2848,237.132,0.7656752817848411
43,D. aeneus,aeneus,36.8784,213.5448,0.6043986687041565
43,D. amphileucus,amphileucus,44.9208,318.5928,1.0933504590464547
43,D. anicetus,anicetus,41.688,242.8272,0.9198426668704156
43,D. apalachicolae,apalachicolae,44.6688,302.2992,0.9491935403422983
43,D. auriculatus,auriculatus,49.3632,315.9144,1.0582078202933987
43,D. bairdi,bairdi,44.208,306.0,1.140903458435208
43,D. brimleyorum,brimleyorum,44.0784,326.3328,1.020115957212714
43,D. campi,campi,36.3384,258.8832,0.8625614584352078
43,D. folkertsi,folkertsi,46.4112,267.408,1.0151499480440098
43,D. fuscus,fuscus,47.376,272.3616,1.0
43,D. gvnigeusgwotli,gvnigeusgwotli,46.62,272.0304,0.9255544731051345
43,D. intermedius,intermedius,50.1696,325.152,1.1093490299511002
43,D. kanawha,kanawha,40.9968,289.2384,1.0380441301955992
43,D. marmoratus,marmoratus,48.3264,274.7808,1.0476017903422983
43,D. mavrokoilius,mavrokoilius,43.3872,268.488,0.8761926204156479
43,D. monticola,monticola,39.1392,258.0984,0.9857603465770172
43,D. ochrophaeus,ochrophaeus,52.9632,274.5,0.7788512218826406
43,D. ocoee,ocoee,42.3936,295.8912,0.9643097573349634
43,D. orestes,orestes,46.0512,255.6,0.8527632921760391
43,D. perlapsus,perlapsus,42.876,294.0768,0.7895898056234719
43,D. tilleyi,tilleyi,41.7456,264.5568,1.0033968960880195
43,D. valtos,valtos,49.608,314.1936,1.3662938221271392
43,D. welteri,welteri,49.5504,303.4368,0.8962929755501223
43,D. wrighti,wrighti,42.9696,247.6224,0.8806211907090464
44,D. aeneus,aeneus,38.4624,207.756,0.5403118209046456
44,D. amphileucus,amphileucus,43.8192,317.0016,0.9685154908312958
44,D. anicetus,anicetus,41.7024,242.4888,0.8726852701711492
44,D. apalachicolae,apalachicolae,45.8064,299.0736,0.9047445880195599
44,D. auriculatus,auriculatus,48.8448,315.1368,1.100905751833741
44,D. bairdi,bairdi,45.0288,306.2736,1.098582119804401
44,D. brimleyorum,brimleyorum,45.1008,327.7152,0.9131814003667481
44,D. campi,campi,37.3968,256.4208,0.8434059449877751
44,D. folkertsi,folkertsi,45.1512,268.7688,0.965814968215159
44,D. fuscus,fuscus,45.8712,271.6272,1.0
44,D. gvnigeusgwotli,gvnigeusgwotli,46.3392,273.3408,0.831867533007335
44,D. intermedius,intermedius,48.9384,326.9304,1.0733195000000002
44,D. kanawha,kanawha,40.896,286.1352,0.9769295360635697
44,D. marmoratus,marmoratus,48.1032,274.0752,1.0256569737163814
44,D. mavrokoilius,mavrokoilius,43.4016,271.9872,0.9255325629584352
44,D. monticola,monticola,39.1032,256.0608,1.0574232188264059
44,D. ochrophaeus,ochrophaeus,50.5656,267.0192,0.7415834633251833
44,D. ocoee,ocoee,44.1504,293.112,0.9629463367970661
44,D. orestes,orestes,46.8288,255.4848,0.8335039046454767
44,D. perlapsus,perlapsus,44.5392,294.192,0.8862314553789731
44,D. tilleyi,tilleyi,41.5296,263.5848,0.9539881503667482
44,D. valtos,valtos,49.7952,313.2,1.3015223429095355
44,D. welteri,welteri,48.7872,302.9616,0.8644867438875307
44,D. wrighti,wrighti,43.848,247.6224,0.8466790556234719
45,D. aeneus,aeneus,35.928,213.5448,0.5599751534229829
45,D. amphileucus,amphileucus,44.1288,317.0016,0.940680326405868
45,D. anicetus,anicetus,41.8824,247.5792,0.8470270171149145
45,D. apalachicolae,apalachicolae,43.5312,295.308,0.8313193080684598
45,D. auriculatus,auriculatus,48.78,312.5304,0.8512826705378974
45,D. bairdi,bairdi,44.8056,305.9064,0.9912390959657701
45,D. brimleyorum,brimleyorum,45.6984,328.3632,0.8113877506112469
45,D. campi,campi,37.3968,248.9328,0.7788481008557457
45,D. folkertsi,folkertsi,43.9848,269.208,0.9129064761613692
45,D. fuscus,fuscus,47.2464,272.3112,1.0
45,D. gvnigeusgwotli,gvnigeusgwotli,45.5472,272.772,0.8282365268948656
45,D. intermedius,intermedius,49.2768,325.152,0.9502512157701712
45,D. kanawha,kanawha,41.8752,288.7704,0.8027581607579463
45,D. marmoratus,marmoratus,47.6064,273.7296,0.9651622121026895
45,D. mavrokoilius,mavrokoilius,40.0608,269.0208,0.8278678679706601
45,D. monticola,monticola,39.4848,262.0368,0.8082506729828851
45,D. ochrophaeus,ochrophaeus,51.2208,274.7952,0.6942716136919316
45,D. ocoee,ocoee,42.156,291.6864,0.9102803404645476
45,D. orestes,orestes,46.0512,256.4064,0.6880790782396088
45,D. perlapsus,perlapsus,42.3,290.6928,0.8234999107579463
45,D. tilleyi,tilleyi,42.2352,266.5296,0.870728619193154
45,D. valtos,valtos,49.5288,314.5968,1.2122165806845966
45,D. welteri,welteri,48.4704,307.8144,0.7416288086797066
45,D. wrighti,wrighti,45.936,247.6224,0.7244547328850856
46,D. aeneus,aeneus,38.6064,208.296,0.5805020244498778
46,D. amphileucus,amphileucus,44.4096,318.4344,1.0948574046454767
46,D. anicetus,anicetus,40.4352,245.2608,0.9192276063569682
46,D. apalachicolae,apalachicolae,46.3824,300.312,0.8725329303178485
46,D. auriculatus,auriculatus,49.176,317.6712,1.1499807139364302
46,D. bairdi,bairdi,43.8696,306.972,1.1221553533007336
46,D. brimleyorum,brimleyorum,45.1152,330.6384,1.0584766387530564
46,D. campi,campi,37.8504,252.2016,0.8641257738386309
46,D. folkertsi,folkertsi,44.7264,268.7688,1.0191108924205379
46,D. fuscus,fuscus,46.6416,274.32,1.0
46,D. gvnigeusgwotli,gvnigeusgwotli,45.8208,274.2264,0.9172228765281174
46,D. intermedius,intermedius,49.428,326.9304,1.1107523123471883
46,D. kanawha,kanawha,42.6672,288.6768,0.9431287121026894
46,D. marmoratus,marmoratus,46.6992,274.9032,1.120349891809291
46,D. mavrokoilius,mavrokoilius,40.3344,269.352,0.9901818997555013
46,D. monticola,monticola,39.6216,260.1288,1.0592872548899757
46,D. ochrophaeus,ochrophaeus,51.588,270.6192,0.7811338349633252
46,D. ocoee,ocoee,44.0352,293.1984,1.047094600244499
46,D. orestes,orestes,45.0,254.6136,0.8524693655256724
46,D. perlapsus,perlapsus,44.4816,294.0768,0.8517253172371638
46,D. tilleyi,tilleyi,42.2352,263.124,0.9873648765281174
46,D. valtos,valtos,49.5792,318.42,1.3812045684596577
46,D. welteri,welteri,48.6864,303.4368,0.9810724828850856
46,D. wrighti,wrighti,42.0912,266.2992,0.8723215189486553
47,D. aeneus,aeneus,38.0664,210.4128,0.6424427548899756
47,D. amphileucus,amphileucus,45.4032,318.3264,0.9797638019559902
47,D. anicetus,anicetus,41.9112,246.1464,0.8610363154034231
47,D. apalachicolae,apalachicolae,46.5408,294.1992,0.9107728251833741
47,D. auriculatus,auriculatus,48.9024,315.1368,0.9362102444987775
47,D. bairdi,bairdi,44.8992,308.16,1.0428664242053791
47,D. brimleyorum,brimleyorum,45.0864,325.6344,0.9031479235941321
47,D. campi,campi,36.6624,257.7096,0.8144485843520782
47,D. folkertsi,folkertsi,45.576,268.4088,0.9898189272616137
47,D. fuscus,fuscus,47.4768,273.0168,1.0
47,D. gvnigeusgwotli,gvnigeusgwotli,44.3808,271.7568,0.8666909749388754
47,D. intermedius,intermedius,49.2768,326.9376,1.0637215806845965
47,D. kanawha,kanawha,40.896,283.8384,0.8786436259168705
47,D. marmoratus,marmoratus,48.1032,274.0752,1.0573074229828852
47,D. mavrokoilius,mavrokoilius,42.9984,272.376,0.8890386931540343
47,D. monticola,monticola,39.5352,260.0496,0.9776842561124695
47,D. ochrophaeus,ochrophaeus,51.3072,272.7216,0.7814646442542788
47,D. ocoee,ocoee,43.3944,294.5304,0.990682717603912
47,D. orestes,orestes,46.0512,255.6144,0.8922930440097799
47,D. perlapsus,perlapsus,43.8624,296.64,0.866874804400978
47,D. tilleyi,tilleyi,42.0192,264.7512,0.9409191283618583
47,D. valtos,valtos,50.6448,317.3328,1.2997967597799511
47,D. welteri,welteri,48.4056,304.416,0.8377468459657702
47,D. wrighti,wrighti,42.0912,219.7224,0.8233226644254279
48,D. aeneus,aeneus,37.656,208.5408,0.6108214926650366
48,D. amphileucus,amphileucus,44.6688,321.2856,1.1504313019559902
48,D. anicetus,anicetus,42.1344,246.7728,0.9764024993887531
48,D. apalachicolae,apalachicolae,44.3952,300.0528,1.040671523227384
48,D. auriculatus,auriculatus,48.0168,315.4464,1.1272663508557457
48,D. bairdi,bairdi,44.5176,307.008,1.2428093850855746
48,D. brimleyorum,brimleyorum,45.1152,334.0008,1.181288455378973
48,D. campi,campi,38.2248,247.7952,0.9700216442542787
48,D. folkertsi,folkertsi,45.2664,269.136,1.0890788954767725
48,D. fuscus,fuscus,46.2888,273.3552,1.0
48,D. gvnigeusgwotli,gvnigeusgwotli,46.7424,272.3544,1.0159160831295844
48,D. intermedius,intermedius,47.2968,323.6688,1.1635396454767726
48,D. kanawha,kanawha,42.192,288.5616,1.0802057891198045
48,D. marmoratus,marmoratus,48.2904,277.6104,1.201701209046455
48,D. mavrokoilius,mavrokoilius,42.876,268.9128,0.9810826674816625
48,D. monticola,monticola,39.8952,259.5312,1.1259791051344743
48,D. ochrophaeus,ochrophaeus,51.6312,267.8976,0.8507319058679707
48,D. ocoee,ocoee,44.2224,294.5304,1.0093132102689488
48,D. orestes,orestes,46.0512,254.8584,0.8825726167481662
48,D. perlapsus,perlapsus,42.0192,293.0256,0.9924492396088019
48,D. tilleyi,tilleyi,41.7024,263.4624,1.0838219498777508
48,D. valtos,valtos,51.7968,313.74,1.497415402811736
48,D. welteri,welteri,48.7872,303.3216,0.9910583636919316
48,D. wrighti,wrighti,41.2848,215.1072,0.8760991589242054
49,D. aeneus,aeneus,37.656,213.1776,0.6134989125916871
49,D. amphileucus,amphileucus,44.4096,320.0184,1.09869208801956
49,D. anicetus,anicetus,42.48,242.1936,0.9657614498777506
49,D. apalachicolae,apalachicolae,45.504,298.4688,1.03361513997555
49,D. auriculatus,auriculatus,48.5712,312.7104,1.0827837872860637
49,D. bairdi,bairdi,43.8768,307.3032,1.19230136002445
49,D. brimleyorum,brimleyorum,44.496,329.2056,1.1334926998777506
49,D. campi,campi,36.6768,258.8832,0.9322703111246945
49,D. folkertsi,folkertsi,43.2288,267.9408,1.073850618581907
49,D. fuscus,fuscus,47.2464,272.556,1.0
49,D. gvnigeusgwotli,gvnigeusgwotli,46.08,272.0808,0.9822352536674817
49,D. intermedius,intermedius,47.2968,325.152,1.1148980391198045
49,D. kanawha,kanawha,41.3208,283.8384,1.1302487145476774
49,D. marmoratus,marmoratus,47.2032,274.0176,1.1020063942542788
49,D. mavrokoilius,mavrokoilius,40.752,268.1424,0.8778724058679707
49,D. monticola,monticola,40.3488,260.1,1.1457813410757947
49,D. ochrophaeus,ochrophaeus,51.9552,269.352,0.8333440226161369
49,D. ocoee,ocoee,44.2368,292.5216,1.0520083117359416
49,D. orestes,orestes,45.9936,256.4064,0.9571299419315403
49,D. perlapsus,perlapsus,41.2704,290.628,0.8320676228606357
49,D. tilleyi,tilleyi,42.1632,266.6304,1.0587274853300734
49,D. valtos,valtos,48.6504,312.1704,1.4256431564792176
49,D. welteri,welteri,48.9024,310.212,0.9666867011002446
49,D. wrighti,wrighti,46.2456,197.6976,0.9002251546454768
50,D. aeneus,aeneus,35.7696,208.296,0.5411278435207824
50,D. amphileucus,amphileucus,45.7776,316.8288,0.9508577316625917
50,D. anicetus,anicetus,41.4432,243.936,0.867815913202934
50,D. apalachicolae,apalachicolae,44.9712,300.8016,0.8443031705378973
50,D. auriculatus,auriculatus,50.2632,317.4408,1.0009205391198044
50,D. bairdi,bairdi,45.0288,306.0,1.070271140586797
50,D. brimleyorum,brimleyorum,43.9488,330.8832,0.9753909449877751
50,D. campi,campi,37.4472,258.516,0.8500158007334964
50,D. folkertsi,folkertsi,45.576,267.9408,0.9594762860635697
50,D. fuscus,fuscus,47.7072,271.9008,1.0
50,D. gvnigeusgwotli,gvnigeusgwotli,46.4544,272.3688,0.8909031735941321
50,D. intermedius,intermedius,47.2608,323.8128,1.0781966913202934
50,D. kanawha,kanawha,41.9904,288.756,1.2449431350855746
50,D. marmoratus,marmoratus,48.3264,276.408,1.0443979125916871
50,D. mavrokoilius,mavrokoilius,40.716,269.1072,0.9782766173594133
50,D. monticola,monticola,39.8592,260.604,0.9563683942542788
50,D. ochrophaeus,ochrophaeus,52.3152,267.5736,0.7516021509779951
50,D. ocoee,ocoee,43.8768,294.5304,0.9783188893643033
50,D. orestes,orestes,45.3384,255.6,0.7470659523227384
50,D. perlapsus,perlapsus,41.9544,289.8576,0.8741314388753056
50,D. tilleyi,tilleyi,41.832,264.4776,0.9741718166259169
50,D. valtos,valtos,50.652,311.6736,1.2736597591687042
50,D. welteri,welteri,48.1896,303.984,0.9154430085574572
50,D. wrighti,wrighti,43.848,247.6224,0.8436387995110024
51,D. aeneus,aeneus,38.6064,210.4128,0.6956322732273839
51,D. amphileucus,amphileucus,44.9424,317.448,1.0558034498777507
51,D. anicetus,anicetus,42.3432,245.7288,0.9433185819070905
51,D. apalachicolae,apalachicolae,46.6848,296.712,0.9420015421760392
51,D. auriculatus,auriculatus,49.176,315.1728,0.9850738606356968
51,D. bairdi,bairdi,43.9416,306.6048,1.1375496411980441
51,D. brimleyorum,brimleyorum,46.8864,331.1208,1.0391563037897311
51,D. campi,campi,37.728,257.9688,0.8800810189486553
51,D. folkertsi,folkertsi,44.3232,268.8408,1.03630352200489
51,D. fuscus,fuscus,46.944,273.8376,1.0
51,D. gvnigeusgwotli,gvnigeusgwotli,46.5048,272.4336,0.954792847799511
51,D. intermedius,intermedius,47.16,325.4976,1.1130387359413203
51,D. kanawha,kanawha,41.724,290.7432,1.0182079847188263
51,D. marmoratus,marmoratus,48.1032,276.5664,1.132677144254279
51,D. mavrokoilius,mavrokoilius,42.552,269.5968,0.9089773618581908
51,D. monticola,monticola,39.6072,263.3976,1.1377675806845966
51,D. ochrophaeus,ochrophaeus,51.9552,270.6192,0.8257072720048899
51,D. ocoee,ocoee,42.984,292.4496,1.0421231350855746
51,D. orestes,orestes,45.9216,256.4712,0.8616019003667481
51,D. perlapsus,perlapsus,41.328,291.7944,0.9337610055012225
51,D. tilleyi,tilleyi,42.9696,264.7512,0.9788294804400978
51,D. valtos,valtos,49.608,314.1936,1.352870959046455
51,D. welteri,welteri,48.2112,307.1232,0.9715697713936431
51,D. wrighti,wrighti,42.9696,237.0312,0.9001108184596577
52,D. aeneus,aeneus,38.8296,207.8208,0.49869593581907096
52,D. amphileucus,amphileucus,44.4096,319.5504,0.9065046039119805
52,D. anicetus,anicetus,40.1328,244.1376,0.8183411393643032
52,D. apalachicolae,apalachicolae,46.3824,297.8928,0.7913134193154034
52,D. auriculatus,auriculatus,49.356,315.8784,0.930581141198044
52,D. bairdi,bairdi,45.2088,304.8624,1.0130592200489
52,D. brimleyorum,brimleyorum,43.884,328.1688,0.9068456320293399
52,D. campi,campi,36.6624,256.0032,0.7634817310513448
52,D. folkertsi,folkertsi,44.5968,268.7688,0.9026787787286064
52,D. fuscus,fuscus,48.2112,272.556,1.0
52,D. gvnigeusgwotli,gvnigeusgwotli,47.016,272.6352,0.8297037292176039
52,D. intermedius,intermedius,48.7584,325.9152,0.9906071564792177
52,D. kanawha,kanawha,40.9968,289.6272,0.9764838435207824
52,D. marmoratus,marmoratus,47.1024,278.136,0.9464839731051345
52,D. mavrokoilius,mavrokoilius,43.7688,269.0208,0.7146398007334964
52,D. monticola,monticola,39.42,261.0576,0.960722326405868
52,D. ochrophaeus,ochrophaeus,52.6608,272.304,0.710435891809291
52,D. ocoee,ocoee,43.8768,294.4368,0.8990672952322738
52,D. orestes,orestes,47.2032,256.4712,0.6955361540342299
52,D. perlapsus,perlapsus,44.6616,294.192,0.7475967658924205
52,D. tilleyi,tilleyi,43.0776,265.5504,0.8515237848410758
52,D. valtos,valtos,49.9536,314.1936,1.1725563233496332
52,D. welteri,welteri,48.888,304.416,0.7566876784841076
52,D. wrighti,wrighti,43.848,247.6224,0.7619797145476772
53,D. aeneus,aeneus,36.8352,211.4784,0.5398104743276283
53,D. amphileucus,amphileucus,45.396,318.4344,0.9541657866748167
53,D. anicetus,anicetus,40.5648,244.2528,0.8769330715158925
53,D. apalachicolae,apalachicolae,44.8992,300.4344,0.9047261803178485
53,D. auriculatus,auriculatus,49.3632,316.944,1.095810229217604
53,D. bairdi,bairdi,44.0064,302.8824,1.1078446564792177
53,D. brimleyorum,brimleyorum,44.028,328.8168,0.9660295262836186
53,D. campi,campi,36.6696,256.0032,0.8285419688264059
53,D. folkertsi,folkertsi,45.5472,269.3016,0.9681476271393643
53,D. fuscus,fuscus,47.7072,272.9376,1.0
53,D. gvnigeusgwotli,gvnigeusgwotli,46.62,272.6352,0.9026397371638142
53,D. intermedius,intermedius,47.16,326.1672,1.0378480262836187
53,D. kanawha,kanawha,41.4,288.7704,0.9888824908312959
53,D. marmoratus,marmoratus,47.952,273.6576,1.0159989235941322
53,D. mavrokoilius,mavrokoilius,41.8392,270.0576,0.9003424077017116
53,D. monticola,monticola,39.6432,258.4728,0.9587220898533008
53,D. ochrophaeus,ochrophaeus,52.2864,275.1552,0.7213338435207824
53,D. ocoee,ocoee,42.6096,292.5216,0.9436636687041565
53,D. orestes,orestes,46.8288,255.348,0.8638204657701711
53,D. perlapsus,perlapsus,42.3,297.4176,0.9192376937652812
53,D. tilleyi,tilleyi,41.8104,264.8304,0.9455915831295844
53,D. valtos,valtos,51.8184,323.2152,1.3096901253056237
53,D. welteri,welteri,48.924,302.7168,0.9081005201711492
53,D. wrighti,wrighti,42.9696,247.7232,0.8224207432762837
54,D. aeneus,aeneus,37.62,208.0512,0.5847529040342299
54,D. amphileucus,amphileucus,44.7912,320.8752,1.1371881833740831
54,D. anicetus,anicetus,41.184,246.7728,0.9362384596577017
54,D. apalachicolae,apalachicolae,46.3968,299.0448,0.9243027059902201
54,D. auriculatus,auriculatus,48.2976,312.408,1.073236106968215
54,D. bairdi,bairdi,44.0064,305.9064,1.1575789229828852
54,D. brimleyorum,brimleyorum,46.26,330.8544,1.0889722353300733
54,D. campi,campi,35.8776,257.6448,0.9118778386308068
54,D. folkertsi,folkertsi,46.8936,269.0424,1.0594389077017115
54,D. fuscus,fuscus,47.376,271.5048,1.0
54,D. gvnigeusgwotli,gvnigeusgwotli,46.6704,272.772,0.9436842469437654
54,D. intermedius,intermedius,49.0536,325.4472,1.0965985195599022
54,D. kanawha,kanawha,40.6152,290.2608,1.0003276338630807
54,D. marmoratus,marmoratus,48.3264,276.3216,1.0990179951100245
54,D. mavrokoilius,mavrokoilius,42.7536,268.3008,0.9446105183374083
54,D. monticola,monticola,39.6288,263.4336,1.042696216992665
54,D. ochrophaeus,ochrophaeus,54.2952,278.0928,0.8547126503667482
54,D. ocoee,ocoee,42.3144,292.2696,1.0105987334963327
54,D. orestes,orestes,48.2688,256.3632,1.0083354455990219
54,D. perlapsus,perlapsus,42.5808,291.7944,0.8457143416870415
54,D. tilleyi,tilleyi,41.5728,263.5848,1.029176642420538
54,D. valtos,valtos,49.7952,314.1936,1.352541664425428
54,D. welteri,welteri,48.6432,304.5456,0.9180335568459659
54,D. wrighti,wrighti,41.2848,238.716,0.888081173594132
55,D. aeneus,aeneus,35.4888,208.116,0.6155775684596577
55,D. amphileucus,amphileucus,44.4096,321.696,1.113337108190709
55,D. anicetus,anicetus,42.0624,243.936,0.9664174266503668
55,D. apalachicolae,apalachicolae,44.3016,300.312,0.9236833557457212
55,D. auriculatus,auriculatus,49.3488,316.7784,1.1009483282396089
55,D. bairdi,bairdi,43.8624,307.5984,1.1626785562347188
55,D. brimleyorum,brimleyorum,45.1656,330.084,1.1173009951100246
55,D. campi,campi,37.4472,249.8688,0.9050696705378973
55,D. folkertsi,folkertsi,44.5968,267.0192,1.0684109859413202
55,D. fuscus,fuscus,45.3096,272.4336,1.0
55,D. gvnigeusgwotli,gvnigeusgwotli,45.6768,274.2264,0.9516360311735942
55,D. intermedius,intermedius,48.8304,324.8496,1.1641848215158925
55,D. kanawha,kanawha,41.4216,288.6624,0.9583262848410757
55,D. marmoratus,marmoratus,48.1032,273.7872,1.1177166986552567
55,D. mavrokoilius,mavrokoilius,42.0408,269.3592,1.0128706595354524
55,D. monticola,monticola,39.5352,260.0496,0.9390372194376528
55,D. ochrophaeus,ochrophaeus,52.6032,274.1472,0.8541984706601466
55,D. ocoee,ocoee,43.5744,291.96,1.0492282371638142
55,D. orestes,orestes,47.6064,256.4064,0.9392194841075795
55,D. perlapsus,perlapsus,44.6544,298.6632,0.9066131888753056
55,D. tilleyi,tilleyi,42.2352,266.7456,1.0338037683374082
55,D. valtos,valtos,49.9824,316.9368,1.424838641198044
55,D. welteri,welteri,48.8664,310.212,0.8767370623471883
55,D. wrighti,wrighti,41.2848,215.1072,0.8411358954767727
56,D. aeneus,aeneus,38.2536,209.232,0.5553628215158924
56,D. amphileucus,amphileucus,44.5608,319.6368,0.9496960507334964
56,D. anicetus,anicetus,41.7024,242.7408,0.889198457212714
56,D. apalachicolae,apalachicolae,44.1792,300.3336,0.9132308838630807
56,D. auriculatus,auriculatus,50.076,314.2368,1.1195523392420539
56,D. bairdi,bairdi,45.0072,305.9064,1.1237706149144253
56,D. brimleyorum,brimleyorum,46.1088,325.1448,1.0662281161369194
56,D. campi,campi,36.6624,258.5952,0.8485276075794621
56,D. folkertsi,folkertsi,45.9936,269.7408,1.0382241051344745
56,D. fuscus,fuscus,46.944,272.1168,1.0
56,D. gvnigeusgwotli,gvnigeusgwotli,46.2456,270.6624,0.8615369590464549
56,D. intermedius,intermedius,48.852,326.9376,1.0760317444987775
56,D. kanawha,kanawha,40.9896,288.6912,1.0885825317848412
56,D. marmoratus,marmoratus,48.2904,276.12,1.0503247127139366
56,D. mavrokoilius,mavrokoilius,42.3504,268.6464,0.8719711356968216
56,D. monticola,monticola,39.42,260.1072,0.9507874737163815
56,D. ochrophaeus,ochrophaeus,52.6032,271.8864,0.7704116155256724
56,D. ocoee,ocoee,42.3144,292.7808,0.9807259523227385
56,D. orestes,orestes,46.0512,256.3632,0.7471995733496333
56,D. perlapsus,perlapsus,44.424,290.2752,0.7862884125916871
56,D. tilleyi,tilleyi,41.8536,262.908,0.9817529058679706
56,D. valtos,valtos,50.7816,313.7904,1.3116755470660149
56,D. welteri,welteri,48.7656,303.4368,0.8736871112469438
56,D. wrighti,wrighti,42.9696,237.0312,0.8902631265281175
57,D. aeneus,aeneus,37.656,208.9872,0.5818736161369193
57,D. amphileucus,amphileucus,44.2872,319.5504,0.9891764119804402
57,D. anicetus,anicetus,41.1696,242.8272,0.8869765048899756
57,D. apalachicolae,apalachicolae,44.352,297.8928,0.884207446210269
57,D. auriculatus,auriculatus,49.7664,316.8936,1.0123080605134476
57,D. bairdi,bairdi,43.992,307.3032,1.1024283545232274
57,D. brimleyorum,brimleyorum,45.2664,328.8168,1.012726055012225
57,D. campi,campi,35.9568,257.4504,0.8673906259168704
57,D. folkertsi,folkertsi,44.7264,268.8408,0.9592306656479218
57,D. fuscus,fuscus,48.1104,272.9376,1.0
57,D. gvnigeusgwotli,gvnigeusgwotli,46.7136,272.5344,0.895320663202934
57,D. intermedius,intermedius,49.14,323.7408,0.989345988386308
57,D. kanawha,kanawha,41.76,287.8128,0.8923292084352079
57,D. marmoratus,marmoratus,46.728,276.408,1.021659577628362
57,D. mavrokoilius,mavrokoilius,42.9984,269.0208,0.9778358221271394
57,D. monticola,monticola,39.4848,259.5312,0.9375969987775061
57,D. ochrophaeus,ochrophaeus,51.0768,267.7248,0.7294768942542788
57,D. ocoee,ocoee,43.092,291.672,1.0167313905867972
57,D. orestes,orestes,46.8576,255.6,0.832530956601467
57,D. perlapsus,perlapsus,41.2416,293.0256,0.8294139523227384
57,D. tilleyi,tilleyi,41.0688,266.5296,0.9373682665036674
57,D. valtos,valtos,49.6368,312.1704,1.2987272463325183
57,D. welteri,welteri,48.9024,307.4472,0.796941913814181
57,D. wrighti,wrighti,45.936,247.5216,0.8844262915647921
58,D. aeneus,aeneus,35.7696,211.4784,0.5614565812958435
58,D. amphileucus,amphileucus,43.848,319.7304,0.9151498007334964
58,D. anicetus,anicetus,41.1768,245.16,0.8870296858190709
58,D. apalachicolae,apalachicolae,44.6256,301.0248,0.9489849498777506
58,D. auriculatus,auriculatus,49.5144,315.1368,1.0059438533007337
58,D. bairdi,bairdi,43.992,307.2672,1.0951013838630808
58,D. brimleyorum,brimleyorum,46.1088,329.6952,1.0475856723716384
58,D. campi,campi,37.7928,252.468,0.8609578850855746
58,D. folkertsi,folkertsi,46.728,269.3016,1.0023286625916872
58,D. fuscus,fuscus,47.4768,271.9656,1.0
58,D. gvnigeusgwotli,gvnigeusgwotli,46.3392,271.5624,0.8822982542787287
58,D. intermedius,intermedius,47.196,325.2384,0.9790296222493888
58,D. kanawha,kanawha,40.8312,288.6624,0.9886491540342299
58,D. marmoratus,marmoratus,48.4992,275.5296,0.9858967940097799
58,D. mavrokoilius,mavrokoilius,42.9984,269.604,0.9906407402200489
58,D. monticola,monticola,40.3056,259.5168,0.9290551900977996
58,D. ochrophaeus,ochrophaeus,52.4664,274.8528,0.7553742127139365
58,D. ocoee,ocoee,43.4448,292.3704,0.9399106454767726
58,D. orestes,orestes,46.3176,255.4704,0.9009193343520783
58,D. perlapsus,perlapsus,43.5024,287.1936,0.8533433471882641
58,D. tilleyi,tilleyi,41.6016,267.1488,0.9592256699266504
58,D. valtos,valtos,50.5152,314.5968,1.296470598410758
58,D. welteri,welteri,50.6232,302.8032,0.865215805012225
58,D. wrighti,wrighti,48.6432,176.7024,0.8040378337408314
59,D. aeneus,aeneus,36.0576,208.296,0.5421648722493888
59,D. amphileucus,amphileucus,44.1432,318.78,0.9470831864303179
59,D. anicetus,anicetus,42.6888,242.9856,0.8259767921760391
59,D. apalachicolae,apalachicolae,44.3016,299.5488,0.8244641815403423
59,D. auriculatus,auriculatus,48.4488,316.8936,0.950672968215159
59,D. bairdi,bairdi,43.9992,305.208,1.0294147328850856
59,D. brimleyorum,brimleyorum,44.028,328.8168,0.9103827995110025
59,D. campi,campi,36.6768,259.1352,0.7996134517114915
59,D. folkertsi,folkertsi,43.5312,269.3016,0.9037770250611248
59,D. fuscus,fuscus,45.1944,273.6864,1.0
59,D. gvnigeusgwotli,gvnigeusgwotli,47.2608,273.7224,0.8170650623471882
59,D. intermedius,intermedius,49.2768,325.1952,0.9895798025672372
59,D. kanawha,kanawha,40.9968,288.7704,0.8562887328850856
59,D. marmoratus,marmoratus,49.32,275.0256,0.9885909303178485
59,D. mavrokoilius,mavrokoilius,45.3456,271.8288,0.8478159535452323
59,D. monticola,monticola,39.3552,260.0784,0.9993464951100244
59,D. ochrophaeus,ochrophaeus,51.264,266.184,0.7274754266503668
59,D. ocoee,ocoee,43.3512,291.96,0.87862229400978
59,D. orestes,orestes,46.0512,255.3552,0.7709716246943765
59,D. perlapsus,perlapsus,43.38,290.2104,0.8052540800733496
59,D. tilleyi,tilleyi,41.7024,265.9896,0.8741158716381419
59,D. valtos,valtos,49.5792,314.9136,1.2151088502444989
59,D. welteri,welteri,48.6432,310.9248,0.8568580776283619
59,D. wrighti,wrighti,45.936,247.7232,0.8840260715158924
60,D. aeneus,aeneus,37.6632,207.756,0.6566350378973106
60,D. amphileucus,amphileucus,45.1728,320.0184,1.079143652811736
60,D. anicetus,anicetus,41.7024,242.7408,1.066789534229829
60,D. apalachicolae,apalachicolae,45.504,293.6592,1.1007559095354524
60,D. auriculatus,auriculatus,49.7664,316.8936,1.221426968215159
60,D. bairdi,bairdi,43.9992,307.5984,1.2909433099022007
60,D. brimleyorum,brimleyorum,45.216,330.084,1.2172613209046454
60,D. campi,campi,36.6696,258.3072,1.020164164425428
60,D. folkertsi,folkertsi,45.576,268.8048,1.1900311008557456
60,D. fuscus,fuscus,47.3112,273.528,1.0
60,D. gvnigeusgwotli,gvnigeusgwotli,46.08,271.368,1.0849866589242054
60,D. intermedius,intermedius,49.824,325.2528,1.3048771308068459
60,D. kanawha,kanawha,40.8888,286.2288,1.3128462444987776
60,D. marmoratus,marmoratus,46.728,274.0608,1.2523263135696823
60,D. mavrokoilius,mavrokoilius,41.328,269.316,1.1622068331295845
60,D. monticola,monticola,39.6144,260.1504,1.1439133526894867
60,D. ochrophaeus,ochrophaeus,52.6392,272.7216,0.9150494297066015
60,D. ocoee,ocoee,44.1936,293.112,1.218171771393643
60,D. orestes,orestes,47.1312,256.4064,1.0109777451100244
60,D. perlapsus,perlapsus,41.2992,290.2104,1.0397510666259169
60,D. tilleyi,tilleyi,42.6024,262.692,1.1207866460880196
60,D. valtos,valtos,50.2488,313.2,1.5920231803178486
60,D. welteri,welteri,48.7656,306.7776,1.013060129584352
60,D. wrighti,wrighti,42.1632,226.5408,0.9536879645476772
61,D. aeneus,aeneus,36.7776,208.296,0.48791102200489
61,D. amphileucus,amphileucus,44.4096,318.5136,0.9235211228606357
61,D. anicetus,anicetus,42.48,242.3376,0.8193297652811736
61,D. apalachicolae,apalachicolae,44.9712,301.0608,0.8251007958435208
61,D. auriculatus,auriculatus,48.9024,315.1728,1.051312618581907
61,D. bairdi,bairdi,43.8192,309.7152,1.002127153422983
61,D. brimleyorum,brimleyorum,45.18,329.4,0.9660897457212714
61,D. campi,campi,36.7488,258.3,0.8150268019559903
61,D. folkertsi,folkertsi,44.4888,270.2376,0.8767831674816626
61,D. fuscus,fuscus,46.404,271.7208,1.0
61,D. gvnigeusgwotli,gvnigeusgwotli,45.6768,273.0384,0.8039866748166259
61,D. intermedius,intermedius,48.0816,326.2608,0.9757582805623471
61,D. kanawha,kanawha,43.0416,288.0648,0.8427372341075795
61,D. marmoratus,marmoratus,47.7,274.2192,0.9589870592909535
61,D. mavrokoilius,mavrokoilius,41.328,269.0208,0.9088993881418094
61,D. monticola,monticola,39.42,260.1,0.9067509107579462
61,D. ochrophaeus,ochrophaeus,51.8112,282.4272,0.7096090360635697
61,D. ocoee,ocoee,44.28,294.5016,0.8695334193154034
61,D. orestes,orestes,45.7632,254.664,0.7912071784841076
61,D. perlapsus,perlapsus,42.5808,299.8224,0.7208475745721271
61,D. tilleyi,tilleyi,42.0192,264.1824,0.909844630806846
61,D. valtos,valtos,50.2488,315.5472,1.193537487775061
61,D. welteri,welteri,48.8448,306.7776,0.8018339657701712
61,D. wrighti,wrighti,43.848,225.6984,0.8475292732273839
62,D. aeneus,aeneus,37.62,211.4784,0.6133881589242055
62,D. amphileucus,amphileucus,44.4312,318.5424,1.0418127163814181
62,D. anicetus,anicetus,41.1552,244.1952,0.905420011613692
62,D. apalachicolae,apalachicolae,45.8712,296.712,0.8614198331295844
62,D. auriculatus,auriculatus,49.3488,316.656,1.0223665568459657
62,D. bairdi,bairdi,44.0064,307.008,1.1204934101466992
62,D. brimleyorum,brimleyorum,45.0,328.8168,1.0468358429095355
62,D. campi,campi,38.1888,247.7952,0.8995590574572128
62,D. folkertsi,folkertsi,46.2816,268.8768,0.9897405531784842
62,D. fuscus,fuscus,45.9792,274.0392,1.0
62,D. gvnigeusgwotli,gvnigeusgwotli,46.08,271.8576,0.9046387897310514
62,D. intermedius,intermedius,50.0976,325.1952,1.098798074572127
62,D. kanawha,kanawha,43.0416,288.7704,0.8976315226161369
62,D. marmoratus,marmoratus,48.3264,276.6312,0.992080270782396
62,D. mavrokoilius,mavrokoilius,42.876,268.1424,0.9259655470660146
62,D. monticola,monticola,39.6144,260.1288,0.9611754162591687
62,D. ochrophaeus,ochrophaeus,52.3152,274.0824,0.7781035482885086
62,D. ocoee,ocoee,44.2656,294.5304,0.9424547677261613
62,D. orestes,orestes,46.584,255.7368,1.0238989425427871
62,D. perlapsus,perlapsus,44.424,290.6928,0.9337432218826406
62,D. tilleyi,tilleyi,42.9624,267.2352,0.95370166198044
62,D. valtos,valtos,49.5792,314.7552,1.3120605617359413
62,D. welteri,welteri,48.672,303.4368,0.8746377273838631
62,D. wrighti,wrighti,45.3672,238.716,0.8399807872860636
63,D. aeneus,aeneus,37.62,208.296,0.5796486986552568
63,D. amphileucus,amphileucus,45.6048,318.4344,0.9797193771393644
63,D. anicetus,anicetus,41.8824,244.2744,0.9243574211491443
63,D. apalachicolae,apalachicolae,45.504,300.8016,0.9530701943765282
63,D. auriculatus,auriculatus,49.2336,313.1136,1.1518601069682153
63,D. bairdi,bairdi,43.9992,306.3744,1.1390891375305625
63,D. brimleyorum,brimleyorum,45.684,326.664,0.9485072842298289
63,D. campi,campi,37.3968,257.7744,0.8795408447432763
63,D. folkertsi,folkertsi,44.172,268.8768,1.014196502444988
63,D. fuscus,fuscus,46.1808,273.4416,1.0
63,D. gvnigeusgwotli,gvnigeusgwotli,46.692,272.4192,0.9102193355745721
63,D. intermedius,intermedius,48.852,325.1952,1.0641258215158924
63,D. kanawha,kanawha,40.68,286.8768,1.0956369290953545
63,D. marmoratus,marmoratus,46.5552,274.0608,1.0444689645476772
63,D. mavrokoilius,mavrokoilius,44.856,269.604,0.9131971075794622
63,D. monticola,monticola,39.5856,258.9552,1.052395054400978
63,D. ochrophaeus,ochrophaeus,54.1656,275.5944,0.8070736968215159
63,D. ocoee,ocoee,42.2496,292.5216,1.0272732982885087
63,D. orestes,orestes,45.3384,255.204,0.8650732310513448
63,D. perlapsus,perlapsus,43.2576,289.4688,0.8611221399755502
63,D. tilleyi,tilleyi,41.8104,263.124,0.9871748722493887
63,D. valtos,valtos,49.5288,313.74,1.3838382897310515
63,D. welteri,welteri,48.636,304.6752,0.8677619889975551
63,D. wrighti,wrighti,42.9696,225.6984,0.8700990305623473
64,D. aeneus,aeneus,35.8992,212.328,0.5726285415647921
64,D. amphileucus,amphileucus,44.4312,319.176,1.1015553557457214
64,D. anicetus,anicetus,41.1696,242.1072,0.9436491002444988
64,D. apalachicolae,apalachicolae,44.6256,298.9728,0.8923324101466993
64,D. auriculatus,auriculatus,48.1824,315.9936,1.0806505409535454
64,D. bairdi,bairdi,44.8992,305.6688,1.135286412591687
64,D. brimleyorum,brimleyorum,45.1152,325.1448,1.11027788997555
64,D. campi,campi,36.7128,257.976,0.9089826809290953
64,D. folkertsi,folkertsi,43.8336,269.1,1.0580431797066014
64,D. fuscus,fuscus,47.7072,270.7992,1.0
64,D. gvnigeusgwotli,gvnigeusgwotli,46.8936,272.6352,0.9507769113691932
64,D. intermedius,intermedius,48.9384,323.5248,1.1525119767726162
64,D. kanawha,kanawha,41.0976,286.8768,1.1233666051344742
64,D. marmoratus,marmoratus,49.5576,274.6224,1.1041105012224939
64,D. mavrokoilius,mavrokoilius,44.0568,269.064,0.839605489608802
64,D. monticola,monticola,39.312,258.7392,1.0687903227383864
64,D. ochrophaeus,ochrophaeus,50.8608,275.4432,0.8273291797066015
64,D. ocoee,ocoee,43.8768,295.6752,0.9788049443765281
64,D. orestes,orestes,44.316,255.06,0.9031790965770171
64,D. perlapsus,perlapsus,41.5296,296.64,0.8889178746943766
64,D. tilleyi,tilleyi,41.652,263.9232,0.975674553789731
64,D. valtos,valtos,49.968,316.1088,1.3891324712713937
64,D. welteri,welteri,48.636,304.1136,0.9098412781173595
64,D. wrighti,wrighti,40.4784,215.1072,0.9429357885085574
65,D. aeneus,aeneus,38.4624,200.6064,0.6513891534229829
65,D. amphileucus,amphileucus,44.928,318.78,1.0604873410757945
65,D. anicetus,anicetus,40.5648,244.2168,0.9001227231051345
65,D. apalachicolae,apalachicolae,43.9488,300.8016,0.9266025330073351
65,D. auriculatus,auriculatus,48.8016,315.1728,0.9579614975550123
65,D. bairdi,bairdi,44.5176,307.3032,1.0949322872860636
65,D. brimleyorum,brimleyorum,45.2664,327.7152,0.948861446821516
65,D. campi,campi,36.6696,246.9528,0.8883982114914426
65,D. folkertsi,folkertsi,44.8704,266.6304,1.0206297279951102
65,D. fuscus,fuscus,47.7576,273.528,1.0
65,D. gvnigeusgwotli,gvnigeusgwotli,46.872,272.3688,0.9648374737163815
65,D. intermedius,intermedius,49.428,326.592,1.0455716760391198
65,D. kanawha,kanawha,42.0768,287.064,1.0357054070904645
65,D. marmoratus,marmoratus,47.16,276.1416,1.061241380195599
65,D. mavrokoilius,mavrokoilius,41.1624,268.9128,0.9046991693154034
65,D. monticola,monticola,39.6072,260.1504,1.0747236900977997
65,D. ochrophaeus,ochrophaeus,52.6176,268.7112,0.8053946124694377
65,D. ocoee,ocoee,43.668,293.9904,0.9542368679706602
65,D. orestes,orestes,46.0512,254.6784,0.7806560140586798
65,D. perlapsus,perlapsus,42.3,290.628,0.9321140684596577
65,D. tilleyi,tilleyi,42.9912,263.2464,0.9617935641809291
65,D. valtos,valtos,50.2488,312.7824,1.3614458300733498
65,D. welteri,welteri,48.7872,307.1232,0.887142759779951
65,D. wrighti,wrighti,39.5784,203.6736,0.9132442878973105
66,D. aeneus,aeneus,37.8576,209.4336,0.5621614938875307
66,D. amphileucus,amphileucus,44.928,318.3264,1.0213568129584354
66,D. anicetus,anicetus,40.4352,244.296,0.8865751583129584
66,D. apalachicolae,apalachicolae,46.2384,297.8928,0.9165947805623472
66,D. auriculatus,auriculatus,50.2632,316.8864,1.0007625036674817
66,D. bairdi,bairdi,45.2016,307.6992,1.0708917872860635
66,D. brimleyorum,brimleyorum,43.9056,325.8,0.9069298422982885
66,D. campi,campi,37.0368,257.904,0.835432609413203
66,D. folkertsi,folkertsi,44.1504,267.0192,0.9648017102689487
66,D. fuscus,fuscus,47.6928,271.8864,1.0
66,D. gvnigeusgwotli,gvnigeusgwotli,46.6704,275.1192,0.9134242218826406
66,D. intermedius,intermedius,49.2768,325.4976,1.0013003551344744
66,D. kanawha,kanawha,41.364,288.6192,1.0508537732273837
66,D. marmoratus,marmoratus,46.5408,276.408,1.047174707212714
66,D. mavrokoilius,mavrokoilius,41.04,269.064,0.8537528312958436
66,D. monticola,monticola,39.1392,258.9408,1.0380960733496334
66,D. ochrophaeus,ochrophaeus,51.3072,274.1472,0.7251825910757946
66,D. ocoee,ocoee,43.0416,293.1552,0.9687028985330074
66,D. orestes,orestes,45.792,255.3408,0.8167687683374084
66,D. perlapsus,perlapsus,42.3,292.32,0.8528988013447433
66,D. tilleyi,tilleyi,41.5656,263.7144,0.9444929688264059
66,D. valtos,valtos,50.7744,318.4992,1.272010564792176
66,D. welteri,welteri,48.4272,302.8464,0.7969364352078241
66,D. wrighti,wrighti,47.2896,247.5216,0.9033896845965771
67,D. aeneus,aeneus,38.0448,206.8272,0.6448044706601467
67,D. amphileucus,amphileucus,43.9848,316.008,1.014102586185819
67,D. anicetus,anicetus,40.8816,244.2744,0.934945184596577
67,D. apalachicolae,apalachicolae,46.1088,300.312,0.8745954266503667
67,D. auriculatus,auriculatus,49.5072,314.2368,1.070453097799511
67,D. bairdi,bairdi,44.6544,307.6488,1.1192020293398535
67,D. brimleyorum,brimleyorum,44.496,329.4,1.0008592701711492
67,D. campi,campi,36.7128,258.3072,0.881390250611247
67,D. folkertsi,folkertsi,46.9224,268.8768,0.9999219755501224
67,D. fuscus,fuscus,47.412,271.8864,1.0
67,D. gvnigeusgwotli,gvnigeusgwotli,45.216,272.5344,0.9123985440097799
67,D. intermedius,intermedius,49.0032,326.16,1.113975655256724
67,D. kanawha,kanawha,42.192,288.612,1.0281408447432765
67,D. marmoratus,marmoratus,47.0592,276.0552,1.1098277047677263
67,D. mavrokoilius,mavrokoilius,41.328,270.5184,0.9624170776283619
67,D. monticola,monticola,39.6072,258.9552,1.057788794621027
67,D. ochrophaeus,ochrophaeus,51.9552,267.7248,0.8124194969437653
67,D. ocoee,ocoee,43.1352,295.7832,0.9922502463325183
67,D. orestes,orestes,46.0224,255.6,0.8670704724938876
67,D. perlapsus,perlapsus,43.0416,298.1952,0.9049226008557457
67,D. tilleyi,tilleyi,41.9976,266.5296,0.9995209388753057
67,D. valtos,valtos,49.5648,313.74,1.3896044229828852
67,D. welteri,welteri,47.5056,304.5456,0.9499732866748166
67,D. wrighti,wrighti,39.5784,203.6736,0.925314836797066
68,D. aeneus,aeneus,37.6704,209.9232,0.5515899614914426
68,D. amphileucus,amphileucus,44.9208,317.664,0.9668574101466993
68,D. anicetus,anicetus,41.9112,246.7728,0.8632898227383863
68,D. apalachicolae,apalachicolae,45.504,296.3088,0.8593718551344743
68,D. auriculatus,auriculatus,49.7664,313.4736,1.050535403422983
68,D. bairdi,bairdi,43.4448,301.9176,1.0593845672371638
68,D. brimleyorum,brimleyorum,43.8912,330.4008,0.9411859749388753
68,D. campi,campi,36.2664,249.768,0.8007928050122249
68,D. folkertsi,folkertsi,44.4672,266.6304,0.9781658753056235
68,D. fuscus,fuscus,46.2888,274.0608,1.0
68,D. gvnigeusgwotli,gvnigeusgwotli,46.4544,271.7208,0.9056100476772616
68,D. intermedius,intermedius,48.9384,325.7424,1.0788199150366748
68,D. kanawha,kanawha,42.192,288.6192,1.144414555012225
68,D. marmoratus,marmoratus,47.7,274.608,1.013852577017115
68,D. mavrokoilius,mavrokoilius,41.1624,269.3592,0.8990055250611247
68,D. monticola,monticola,41.0976,266.292,1.0156267982885085
68,D. ochrophaeus,ochrophaeus,52.6032,266.5872,0.7844524223716383
68,D. ocoee,ocoee,43.0416,292.5936,0.946589109413203
68,D. orestes,orestes,45.792,255.204,0.7015846448655256
68,D. perlapsus,perlapsus,44.7696,290.5632,0.736709304400978
68,D. tilleyi,tilleyi,42.4008,266.4288,0.9296560268948656
68,D. valtos,valtos,50.7744,314.1936,1.2700883257946212
68,D. welteri,welteri,47.5056,305.9424,0.8569269944987776
68,D. wrighti,wrighti,44.0136,225.5976,0.896295033007335
69,D. aeneus,aeneus,36.8784,210.9456,0.6203177903422983
69,D. amphileucus,amphileucus,44.5608,318.78,1.0762107817848412
69,D. anicetus,anicetus,44.352,244.296,0.9999251399755502
69,D. apalachicolae,apalachicolae,46.368,296.712,0.9668054804400978
69,D. auriculatus,auriculatus,49.0752,316.9224,1.2488424034229828
69,D. bairdi,bairdi,44.0064,305.6688,1.215854381418093
69,D. brimleyorum,brimleyorum,45.756,331.1208,1.1127338618581908
69,D. campi,campi,36.2592,257.6448,0.9326221057457214
69,D. folkertsi,folkertsi,45.5184,267.9408,1.1358283001222493
69,D. fuscus,fuscus,45.3888,273.1464,1.0
69,D. gvnigeusgwotli,gvnigeusgwotli,46.08,272.3544,1.0138090061124694
69,D. intermedius,intermedius,49.428,325.1952,1.2112004077017116
69,D. kanawha,kanawha,40.9392,287.064,1.017234935207824
69,D. marmoratus,marmoratus,48.2544,276.0552,1.1464305048899754
69,D. mavrokoilius,mavrokoilius,42.0408,268.6464,1.0885303086797067
69,D. monticola,monticola,39.5856,260.1504,1.100007783618582
69,D. ochrophaeus,ochrophaeus,51.6312,275.4432,0.8637708679706602
69,D. ocoee,ocoee,43.8768,295.7832,1.093299618581907
69,D. orestes,orestes,46.3176,255.5856,1.001700433374083
69,D. perlapsus,perlapsus,42.3,289.3968,1.0067336546454768
69,D. tilleyi,tilleyi,41.7888,264.4776,1.064713389364303
69,D. valtos,valtos,50.6448,315.9648,1.4658007481662594
69,D. welteri,welteri,48.888,305.7264,0.9246406277506113
69,D. wrighti,wrighti,42.1632,237.132,0.8980900207823961
70,D. aeneus,aeneus,37.8576,212.328,0.6883828856968216
70,D. amphileucus,amphileucus,44.9208,318.8592,1.255130599633252
70,D. anicetus,anicetus,41.76,242.3376,1.0868835073349632
70,D. apalachicolae,apalachicolae,46.368,299.1024,1.134384174816626
70,D. auriculatus,auriculatus,48.5712,315.1728,1.2630943759168705
70,D. bairdi,bairdi,44.0064,303.5232,1.3188508979217604
70,D. brimleyorum,brimleyorum,46.1088,330.3792,1.2044311522004891
70,D. campi,campi,37.4976,249.3504,1.0435325403422984
70,D. folkertsi,folkertsi,47.7936,270.2304,1.1984612011002445
70,D. fuscus,fuscus,45.8712,274.5792,1.0
70,D. gvnigeusgwotli,gvnigeusgwotli,46.6704,272.3544,1.0335097689486552
70,D. intermedius,intermedius,48.8304,325.2528,1.3187021479217604
70,D. kanawha,kanawha,41.8752,288.6552,1.0921233190709045
70,D. marmoratus,marmoratus,47.7576,277.056,1.2428463966992667
70,D. mavrokoilius,mavrokoilius,42.876,270.7488,1.193935445599022
70,D. monticola,monticola,39.7152,258.2064,1.175135304400978
70,D. ochrophaeus,ochrophaeus,54.2592,273.4344,0.9600359651589242
70,D. ocoee,ocoee,43.1424,293.1984,1.1825339578239609
70,D. orestes,orestes,45.9936,255.132,0.9595973636919316
70,D. perlapsus,perlapsus,42.3,290.2752,0.9939401387530562
70,D. tilleyi,tilleyi,41.5728,263.7648,1.1813267469437654
70,D. valtos,valtos,48.816,313.74,1.6180406473105136
70,D. welteri,welteri,48.672,304.416,0.9814626888753056
70,D. wrighti,wrighti,44.0136,249.2064,1.059788903422983
71,D. aeneus,aeneus,38.3976,197.0424,0.5920873056234719
71,D. amphileucus,amphileucus,44.2512,317.5776,1.2302091253056235
71,D. anicetus,anicetus,41.1696,244.2744,1.013068130195599
71,D. apalachicolae,apalachicolae,45.2664,300.8016,1.0267641063569684
71,D. auriculatus,auriculatus,48.24,316.9152,1.0836701210268949
71,D. bairdi,bairdi,44.7624,306.0,1.2201153031784842
71,D. brimleyorum,brimleyorum,44.496,330.4008,1.1186339859413204
71,D. campi,campi,35.568,258.2928,0.971859815403423
71,D. folkertsi,folkertsi,45.2664,268.7328,1.1157354694376527
71,D. fuscus,fuscus,45.8712,273.4416,1.0
71,D. gvnigeusgwotli,gvnigeusgwotli,45.8208,275.6448,1.020720294621027
71,D. intermedius,intermedius,49.2768,325.2456,1.193053424205379
71,D. kanawha,kanawha,40.9968,290.2752,1.4089985140586798
71,D. marmoratus,marmoratus,48.9096,274.0752,1.2177739394865528
71,D. mavrokoilius,mavrokoilius,39.96,267.6096,0.9256505965770171
71,D. monticola,monticola,39.6432,260.1,1.0041268759168704
71,D. ochrophaeus,ochrophaeus,52.1352,271.8864,0.895432163814181
71,D. ocoee,ocoee,42.768,292.5216,1.131052446821516
71,D. orestes,orestes,47.2752,255.8808,0.8627022946210269
71,D. perlapsus,perlapsus,43.2216,294.0768,0.9271692732273838
71,D. tilleyi,tilleyi,41.7168,264.2328,1.1004129547677262
71,D. valtos,valtos,49.7952,309.3336,1.4650788588019559
71,D. welteri,welteri,48.1104,302.2416,0.9872580061124695
71,D. wrighti,wrighti,42.1632,237.0312,0.9176014431540342
72,D. aeneus,aeneus,36.0576,205.92,0.6103733826405867
72,D. amphileucus,amphileucus,44.8128,321.2856,1.1151921081907092
72,D. anicetus,anicetus,43.416,244.1376,1.053795111246944
72,D. apalachicolae,apalachicolae,44.2512,298.08,1.1492246344743278
72,D. auriculatus,auriculatus,49.5144,312.4008,1.1371399535452322
72,D. bairdi,bairdi,45.0072,306.936,1.2614746253056235
72,D. brimleyorum,brimleyorum,46.26,330.8544,1.2550473795843522
72,D. campi,campi,37.8504,256.212,0.967536533007335
72,D. folkertsi,folkertsi,46.8936,270.2376,1.1409815171149145
72,D. fuscus,fuscus,46.1808,272.0448,1.0
72,D. gvnigeusgwotli,gvnigeusgwotli,46.872,272.8368,0.9810926026894866
72,D. intermedius,intermedius,48.8304,324.2592,1.2687488221271395
72,D. kanawha,kanawha,41.3496,288.6624,1.0468756308068459
72,D. marmoratus,marmoratus,47.1024,274.9032,1.221941738997555
72,D. mavrokoilius,mavrokoilius,40.4352,269.352,1.0534895812958436
72,D. monticola,monticola,39.42,260.4096,1.1159255048899754
72,D. ochrophaeus,ochrophaeus,54.0,270.6192,0.8915448355745721
72,D. ocoee,ocoee,43.092,295.7832,1.1150154284841076
72,D. orestes,orestes,45.8928,255.4704,0.9923843899755502
72,D. perlapsus,perlapsus,42.5808,290.6928,0.9721853105134475
72,D. tilleyi,tilleyi,43.0488,264.4776,1.1163493636919315
72,D. valtos,valtos,49.2408,312.7104,1.5457776937652812
72,D. welteri,welteri,49.5504,307.8144,0.9984564437652812
72,D. wrighti,wrighti,42.1632,226.5408,0.9942359914425428
73,D. aeneus,aeneus,38.7504,209.4336,0.6186401613691932
73,D. amphileucus,amphileucus,45.396,319.7808,1.084650532396088
73,D. anicetus,anicetus,41.6952,242.5896,0.9610006546454769
73,D. apalachicolae,apalachicolae,45.2016,296.712,0.9339075935207825
73,D. auriculatus,auriculatus,48.4272,312.4008,1.134792759779951
73,D. bairdi,bairdi,43.5528,306.6048,1.1851952133251835
73,D. brimleyorum,brimleyorum,43.9776,330.6168,0.9885137347188264
73,D. campi,campi,37.512,257.904,0.9403814731051345
73,D. folkertsi,folkertsi,44.3232,268.8768,1.0929506210268949
73,D. fuscus,fuscus,47.7576,272.556,1.0
73,D. gvnigeusgwotli,gvnigeusgwotli,46.296,271.8072,0.9865669896088021
73,D. intermedius,intermedius,49.2768,325.2456,1.1912610165036677
73,D. kanawha,kanawha,41.3496,287.5104,1.160474369804401
73,D. marmoratus,marmoratus,46.6992,274.2192,1.1813439798288508
73,D. mavrokoilius,mavrokoilius,42.6744,269.0208,0.9700375348410758
73,D. monticola,monticola,39.5352,259.5312,1.1437125825183374
73,D. ochrophaeus,ochrophaeus,52.7904,273.4344,0.8671969981662592
73,D. ocoee,ocoee,43.4448,293.2488,1.0722130403422985
73,D. orestes,orestes,47.304,256.5792,0.8025847487775061
73,D. perlapsus,perlapsus,42.2352,290.628,0.878898880195599
73,D. tilleyi,tilleyi,43.0776,263.2464,1.050227762224939
73,D. valtos,valtos,49.9536,311.8752,1.4406807298288509
73,D. welteri,welteri,48.7296,304.6752,0.8862742891198044
73,D. wrighti,wrighti,43.848,247.6224,0.9577493643031786
74,D. aeneus,aeneus,35.676,225.1728,0.6551740067237164
74,D. amphileucus,amphileucus,44.6688,318.8592,1.1452983288508558
74,D. anicetus,anicetus,40.5,242.7408,1.0296667976772618
74,D. apalachicolae,apalachicolae,46.1088,294.0912,1.0686069168704158
74,D. auriculatus,auriculatus,48.78,315.1008,1.1964828312958435
74,D. bairdi,bairdi,44.2008,306.936,1.2646289853300734
74,D. brimleyorum,brimleyorum,45.2448,331.1064,1.0390093013447432
74,D. campi,campi,36.0144,258.2352,1.0044657359413205
74,D. folkertsi,folkertsi,47.376,269.7336,1.1452640727383863
74,D. fuscus,fuscus,46.944,272.4336,1.0
74,D. gvnigeusgwotli,gvnigeusgwotli,46.692,272.4048,1.0724341363080685
74,D. intermedius,intermedius,49.824,325.4904,1.2404987927872861
74,D. kanawha,kanawha,42.9912,286.1352,1.2620583001222494
74,D. marmoratus,marmoratus,47.3976,274.5,1.2107739822738386
74,D. mavrokoilius,mavrokoilius,40.2048,269.1072,0.9461602298288508
74,D. monticola,monticola,39.5856,260.8848,1.0875022995110024
74,D. ochrophaeus,ochrophaeus,52.812,267.696,0.9448919297066015
74,D. ocoee,ocoee,42.3216,293.1984,1.0889784290953546
74,D. orestes,orestes,46.0224,255.4704,0.9134609639364303
74,D. perlapsus,perlapsus,43.9632,290.628,0.9780162029339853
74,D. tilleyi,tilleyi,42.0552,265.3488,1.1440956363080685
74,D. valtos,valtos,49.284,313.7904,1.5590061925427872
74,D. welteri,welteri,49.8528,307.4688,1.0150884003667482
74,D. wrighti,wrighti,44.892,203.6736,1.0047028337408312
75,D. aeneus,aeneus,39.0528,205.6032,0.6332025446210269
75,D. amphileucus,amphileucus,44.9208,320.0184,1.2240417799511003
75,D. anicetus,anicetus,41.688,244.1376,1.0408414511002446
75,D. apalachicolae,apalachicolae,45.2016,297.1152,1.0941132897310513
75,D. auriculatus,auriculatus,48.5568,314.6688,1.195459761613692
75,D. bairdi,bairdi,43.8696,306.0432,1.24596808801956
75,D. brimleyorum,brimleyorum,45.0,326.4984,1.1648230727383864
75,D. campi,campi,35.9568,257.4504,0.9718871864303179
75,D. folkertsi,folkertsi,45.9936,270.6624,1.1254745378973106
75,D. fuscus,fuscus,46.4112,272.0448,1.0
75,D. gvnigeusgwotli,gvnigeusgwotli,47.0016,272.4048,1.0471867683374083
75,D. intermedius,intermedius,49.14,325.2024,1.2622721693154035
75,D. kanawha,kanawha,41.8752,288.5904,1.1659892206601468
75,D. marmoratus,marmoratus,48.9096,274.0608,1.234497685207824
75,D. mavrokoilius,mavrokoilius,41.8392,271.44,1.1164745825183373
75,D. monticola,monticola,39.4848,260.5824,1.118271064792176
75,D. ochrophaeus,ochrophaeus,51.768,268.7112,0.9044379309290954
75,D. ocoee,ocoee,44.5248,293.1984,1.1533001088019559
75,D. orestes,orestes,46.5624,254.6784,1.098620858190709
75,D. perlapsus,perlapsus,41.4216,289.6704,0.9806987481662592
75,D. tilleyi,tilleyi,41.8536,266.4288,1.1028903685819071
75,D. valtos,valtos,48.9024,316.1088,1.4749276558679707
75,D. welteri,welteri,48.4632,302.4576,1.0052380079462104
75,D. wrighti,wrighti,40.3848,226.5408,0.9195843001222495
76,D. aeneus,aeneus,35.9136,208.0512,0.7525686980440098
76,D. amphileucus,amphileucus,45.396,319.7808,1.1053361589242054
76,D. anicetus,anicetus,41.1984,244.1376,0.992643761613692
76,D. apalachicolae,apalachicolae,45.5688,300.8376,1.1301507341075796
76,D. auriculatus,auriculatus,48.9024,312.8832,1.2097198135696823
76,D. bairdi,bairdi,43.9344,305.208,1.2503968667481664
76,D. brimleyorum,brimleyorum,46.2672,329.7888,1.0226760623471882
76,D. campi,campi,37.4472,257.4504,0.9784342114914425
76,D. folkertsi,folkertsi,45.576,268.8768,1.1109200055012225
76,D. fuscus,fuscus,47.5776,273.1464,1.0
76,D. gvnigeusgwotli,gvnigeusgwotli,47.016,272.8368,0.9991627231051345
76,D. intermedius,intermedius,48.672,326.5776,1.1578319932762835
76,D. kanawha,kanawha,41.3496,288.0864,1.0016331986552567
76,D. marmoratus,marmoratus,47.5488,276.2064,1.1257060580684597
76,D. mavrokoilius,mavrokoilius,40.8744,269.064,1.0197118184596579
76,D. monticola,monticola,39.42,258.5808,1.0995613997555012
76,D. ochrophaeus,ochrophaeus,50.8896,275.2992,0.9229448312958435
76,D. ocoee,ocoee,44.2656,291.8304,1.081712370415648
76,D. orestes,orestes,45.468,255.4704,0.9967311760391199
76,D. perlapsus,perlapsus,42.9192,296.64,0.9604103514669927
76,D. tilleyi,tilleyi,42.9696,263.4624,1.072984738997555
76,D. valtos,valtos,50.7888,306.684,1.520423466381418
76,D. welteri,welteri,48.6792,304.416,0.9745879003667482
76,D. wrighti,wrighti,42.1632,215.1072,1.013915326405868
77,D. aeneus,aeneus,38.2536,210.9456,0.5913865629584352
77,D. amphileucus,amphileucus,44.4096,317.0016,0.9753163630806846
77,D. anicetus,anicetus,41.9112,244.296,0.9008389938875306
77,D. apalachicolae,apalachicolae,44.9712,298.08,0.9186512023227384
77,D. auriculatus,auriculatus,48.5712,316.9008,1.0445023074572128
77,D. bairdi,bairdi,44.4096,306.936,1.0822528838630807
77,D. brimleyorum,brimleyorum,45.1008,326.3328,1.0553274193154034
77,D. campi,campi,38.2032,257.6448,0.8540878288508558
77,D. folkertsi,folkertsi,45.2664,266.4072,1.0110294834963325
77,D. fuscus,fuscus,45.8712,273.1464,1.0
77,D. gvnigeusgwotli,gvnigeusgwotli,46.8936,271.4616,0.9069273881418094
77,D. intermedius,intermedius,48.0816,320.328,1.064234173594132
77,D. kanawha,kanawha,41.0976,288.6192,1.0557449517114916
77,D. marmoratus,marmoratus,47.2032,275.5512,1.0703965042787287
77,D. mavrokoilius,mavrokoilius,41.328,269.1072,0.9292236179706601
77,D. monticola,monticola,39.6288,258.9408,1.0075765323960881
77,D. ochrophaeus,ochrophaeus,51.0768,269.352,0.8014308973105135
77,D. ocoee,ocoee,42.6096,293.3856,1.0318043325183375
77,D. orestes,orestes,46.0224,255.06,0.8991066607579462
77,D. perlapsus,perlapsus,43.8624,298.6632,0.8275179376528118
77,D. tilleyi,tilleyi,42.9624,264.2328,0.951231292787286
77,D. valtos,valtos,49.4928,314.5968,1.2830019223716382
77,D. welteri,welteri,48.6864,310.212,0.8966375922982885
77,D. wrighti,wrighti,39.5784,215.1072,0.8986859278728607
78,D. aeneus,aeneus,36.8712,214.956,0.5335955715158924
78,D. amphileucus,amphileucus,44.0928,316.9152,1.030412032396088
78,D. anicetus,anicetus,41.184,242.3376,0.9088295690709047
78,D. apalachicolae,apalachicolae,44.8992,298.08,0.9999196748166259
78,D. auriculatus,auriculatus,49.3488,312.7608,1.1256350323960882
78,D. bairdi,bairdi,43.776,304.6104,1.0983987487775062
78,D. brimleyorum,brimleyorum,45.1656,331.1208,1.0555299303178485
78,D. campi,campi,36.6624,258.2928,0.8532334064792176
78,D. folkertsi,folkertsi,44.3232,266.6304,0.9852666619804401
78,D. fuscus,fuscus,47.3112,273.6072,1.0
78,D. gvnigeusgwotli,gvnigeusgwotli,45.5472,271.62,0.9371390244498777
78,D. intermedius,intermedius,48.8736,325.4976,1.017009020782396
78,D. kanawha,kanawha,41.4,289.2384,0.9229117035452322
78,D. marmoratus,marmoratus,48.3408,275.5512,0.9994927707823961
78,D. mavrokoilius,mavrokoilius,42.552,268.8048,1.0019104046454768
78,D. monticola,monticola,40.968,260.4312,0.986827630806846
78,D. ochrophaeus,ochrophaeus,50.8536,274.5,0.7903538202933985
78,D. ocoee,ocoee,42.6384,291.996,1.0050432750611247
78,D. orestes,orestes,45.7632,255.3408,0.8261016662591687
78,D. perlapsus,perlapsus,43.8624,300.7296,0.8225809394865525
78,D. tilleyi,tilleyi,42.1632,266.5296,0.9936246185819072
78,D. valtos,valtos,50.7888,319.0032,1.351780152811736
78,D. welteri,welteri,48.4272,303.1776,0.8385312921760392
78,D. wrighti,wrighti,42.9696,225.6984,0.867017869193154
79,D. aeneus,aeneus,38.0664,209.232,0.6164097218826406
79,D. amphileucus,amphileucus,44.4312,321.2856,0.9958034260391198
79,D. anicetus,anicetus,41.1696,244.1952,0.9130987487775061
79,D. apalachicolae,apalachicolae,45.504,299.5488,0.9154479541564793
79,D. auriculatus,auriculatus,48.7656,312.3936,1.0836912127139364
79,D. bairdi,bairdi,44.4096,307.3032,1.1524102267726162
79,D. brimleyorum,brimleyorum,45.2664,333.432,0.9359409731051345
79,D. campi,campi,37.728,257.9688,0.8668341705378974
79,D. folkertsi,folkertsi,44.5104,270.0864,1.0090136491442543
79,D. fuscus,fuscus,47.3112,271.9008,1.0
79,D. gvnigeusgwotli,gvnigeusgwotli,46.7712,272.4336,0.9420206332518338
79,D. intermedius,intermedius,48.5136,327.7728,1.0931418954767727
79,D. kanawha,kanawha,41.724,285.3936,1.0247328239608802
79,D. marmoratus,marmoratus,48.2544,273.888,1.0420577995110025
79,D. mavrokoilius,mavrokoilius,40.9968,268.488,0.945137989608802
79,D. monticola,monticola,39.6144,258.9408,1.1110559737163814
79,D. ochrophaeus,ochrophaeus,51.2208,267.8976,0.8229086479217604
79,D. ocoee,ocoee,44.1504,291.672,0.9874922823960881
79,D. orestes,orestes,45.5328,255.6,1.0581374370415648
79,D. perlapsus,perlapsus,44.6544,296.2368,0.9025014761613692
79,D. tilleyi,tilleyi,42.9696,263.4624,0.9783610036674818
79,D. valtos,valtos,50.6448,312.7104,1.3308092885085576
79,D. welteri,welteri,48.6792,308.628,0.9325495385085575
79,D. wrighti,wrighti,47.2896,209.1312,0.9129517341075795
80,D. aeneus,aeneus,37.656,208.296,0.5153089614914426
80,D. amphileucus,amphileucus,44.2512,318.3264,0.994087521393643
80,D. anicetus,anicetus,41.4432,243.1368,0.8552589578239609
80,D. apalachicolae,apalachicolae,45.8064,300.6216,0.9175577059902201
80,D. auriculatus,auriculatus,48.5712,312.5304,0.921189435819071
80,D. bairdi,bairdi,43.8264,305.208,1.0938567768948655
80,D. brimleyorum,brimleyorum,45.0,328.8168,0.9733609474327629
80,D. campi,campi,37.5048,257.6448,0.8163731870415648
80,D. folkertsi,folkertsi,45.576,268.8768,0.9689356552567238
80,D. fuscus,fuscus,47.2464,274.32,1.0
80,D. gvnigeusgwotli,gvnigeusgwotli,46.7136,272.3544,0.8831335030562348
80,D. intermedius,intermedius,47.8872,324.2592,0.9816536466992667
80,D. kanawha,kanawha,42.9912,288.5616,0.8770705128361859
80,D. marmoratus,marmoratus,47.1024,273.7872,1.060382174205379
80,D. mavrokoilius,mavrokoilius,43.1928,269.3592,0.9075844621026895
80,D. monticola,monticola,39.42,262.0368,0.9368645048899755
80,D. ochrophaeus,ochrophaeus,52.6104,267.7248,0.7383936827628362
80,D. ocoee,ocoee,42.3936,293.1984,0.9352530378973105
80,D. orestes,orestes,45.792,256.3848,0.7540934492665037
80,D. perlapsus,perlapsus,42.0192,290.5632,0.8081609614914426
80,D. tilleyi,tilleyi,42.6312,264.0528,0.9390967720048901
80,D. valtos,valtos,49.6368,313.6896,1.3327039957212714
80,D. welteri,welteri,48.6432,303.552,0.8575443392420539
80,D. wrighti,wrighti,40.4784,215.1072,0.8491435036674817
81,D. aeneus,aeneus,38.0448,210.9456,0.5497107377750612
81,D. amphileucus,amphileucus,44.4312,319.4928,0.8990306992665037
81,D. anicetus,anicetus,41.1984,242.6544,0.8314700831295844
81,D. apalachicolae,apalachicolae,45.5688,297.1152,0.8989759578239609
81,D. auriculatus,auriculatus,49.5144,313.6752,0.9029340415647922
81,D. bairdi,bairdi,44.5176,305.9064,1.005985033618582
81,D. brimleyorum,brimleyorum,45.0648,330.6312,0.943144717603912
81,D. campi,campi,36.3384,257.904,0.7927452903422983
81,D. folkertsi,folkertsi,45.2664,270.072,0.9354321644254279
81,D. fuscus,fuscus,47.3112,273.1464,1.0
81,D. gvnigeusgwotli,gvnigeusgwotli,45.6912,276.0192,0.8366331356968216
81,D. intermedius,intermedius,47.196,326.592,0.9846871253056235
81,D. kanawha,kanawha,41.868,288.6552,1.013305759779951
81,D. marmoratus,marmoratus,48.3408,273.8448,0.9665370207823961
81,D. mavrokoilius,mavrokoilius,42.7536,269.0208,0.9001742206601467
81,D. monticola,monticola,39.7872,257.1696,0.8967991369193155
81,D. ochrophaeus,ochrophaeus,51.696,267.696,0.7375678777506113
81,D. ocoee,ocoee,42.9336,293.1984,0.840260554400978
81,D. orestes,orestes,46.584,256.3848,0.8428026925427874
81,D. perlapsus,perlapsus,43.38,293.0256,0.7578751797066015
81,D. tilleyi,tilleyi,42.0552,266.4288,0.8820077377750613
81,D. valtos,valtos,49.4928,313.7904,1.2015698044009782
81,D. welteri,welteri,48.6792,309.0528,0.8137207585574572
81,D. wrighti,wrighti,42.0912,225.5976,0.7995271577017115
82,D. aeneus,aeneus,38.7504,212.328,0.6817522255501223
82,D. amphileucus,amphileucus,44.4096,319.5216,1.1124247090464547
82,D. anicetus,anicetus,42.1344,245.1816,1.0004060079462105
82,D. apalachicolae,apalachicolae,45.2016,296.3088,1.0067101479217604
82,D. auriculatus,auriculatus,50.2632,316.9008,1.2760344297066015
82,D. bairdi,bairdi,43.6536,306.936,1.2292264174816627
82,D. brimleyorum,brimleyorum,43.92,329.2056,1.1229034180929096
82,D. campi,campi,36.7056,252.3024,0.9651073233496333
82,D. folkertsi,folkertsi,45.5472,269.208,1.1198207261613693
82,D. fuscus,fuscus,47.412,275.8032,1.0
82,D. gvnigeusgwotli,gvnigeusgwotli,46.5048,272.3688,1.016673393031785
82,D. intermedius,intermedius,48.8304,325.4976,1.2075216002444988
82,D. kanawha,kanawha,41.7456,287.2872,1.213750207212714
82,D. marmoratus,marmoratus,48.3552,275.112,1.1906938257946211
82,D. mavrokoilius,mavrokoilius,40.32,270.2304,1.0559594443765281
82,D. monticola,monticola,39.5928,260.0784,1.196107663814181
82,D. ochrophaeus,ochrophaeus,50.9328,272.304,0.8686135030562347
82,D. ocoee,ocoee,43.092,294.5304,1.086247140586797
82,D. orestes,orestes,46.8288,255.3408,0.8594536430317848
82,D. perlapsus,perlapsus,45.0072,299.0088,1.0837601118581908
82,D. tilleyi,tilleyi,41.652,266.8464,1.080999075794621
82,D. valtos,valtos,50.8536,313.6896,1.4566872860635698
82,D. welteri,welteri,48.888,306.072,0.9231116460880197
82,D. wrighti,wrighti,43.848,247.6224,1.0198002646699267
83,D. aeneus,aeneus,43.2,206.1,0.5753893306845965
83,D. amphileucus,amphileucus,44.6832,318.5424,1.0828746583129585
83,D. anicetus,anicetus,40.4352,243.2232,0.9482589834963325
83,D. apalachicolae,apalachicolae,44.4384,300.1536,0.9159069523227383
83,D. auriculatus,auriculatus,48.9024,312.1488,0.997715000611247
83,D. bairdi,bairdi,43.9272,306.6048,1.1392224663814183
83,D. brimleyorum,brimleyorum,47.1744,332.9424,1.0843693312958436
83,D. campi,campi,36.6624,255.3192,0.8743325079462102
83,D. folkertsi,folkertsi,47.4048,269.6472,1.0588360171149143
83,D. fuscus,fuscus,47.808,272.556,1.0
83,D. gvnigeusgwotli,gvnigeusgwotli,47.0304,275.4936,0.9602704755501222
83,D. intermedius,intermedius,49.2768,326.1672,1.1101737860635699
83,D. kanawha,kanawha,40.68,287.2872,1.0495919070904647
83,D. marmoratus,marmoratus,48.9096,276.0336,1.106187055012225
83,D. mavrokoilius,mavrokoilius,43.7688,267.7968,0.9753359657701712
83,D. monticola,monticola,39.6072,260.1072,1.0144122139364304
83,D. ochrophaeus,ochrophaeus,51.9552,268.7112,0.8398418343520783
83,D. ocoee,ocoee,44.1936,293.3856,1.0001237017114915
83,D. orestes,orestes,45.3384,255.7224,0.8999587988997555
83,D. perlapsus,perlapsus,42.2352,296.64,0.8744087878973106
83,D. tilleyi,tilleyi,41.6016,262.908,1.0159634841075795
83,D. valtos,valtos,49.968,315.7416,1.4017484278728607
83,D. welteri,welteri,48.708,301.824,0.936274109413203
83,D. wrighti,wrighti,41.2848,237.0312,0.8807190782396088
84,D. aeneus,aeneus,35.64,211.4784,0.5312390812958435
84,D. amphileucus,amphileucus,43.9848,319.176,0.9581057463325184
84,D. anicetus,anicetus,41.688,243.936,0.8512071393643031
84,D. apalachicolae,apalachicolae,45.8712,296.3088,0.9653109755501222
84,D. auriculatus,auriculatus,48.9024,319.8888,1.0523902970660148
84,D. bairdi,bairdi,44.8056,303.5232,1.0310373154034231
84,D. brimleyorum,brimleyorum,45.2304,330.084,1.00840470599022
84,D. campi,campi,36.2808,257.256,0.7875185800733497
84,D. folkertsi,folkertsi,43.8912,267.6744,0.9293886149144255
84,D. fuscus,fuscus,44.028,273.4416,1.0
84,D. gvnigeusgwotli,gvnigeusgwotli,46.692,275.2272,0.8018735079462103
84,D. intermedius,intermedius,49.2768,325.0008,1.0156333856968216
84,D. kanawha,kanawha,41.7456,288.6768,1.0959265
84,D. marmoratus,marmoratus,46.9512,275.4936,0.9635424254278729
84,D. mavrokoilius,mavrokoilius,45.3456,272.6352,0.8820207102689487
84,D. monticola,monticola,39.7152,260.712,0.945803055012225
84,D. ochrophaeus,ochrophaeus,52.6608,272.304,0.719453348410758
84,D. ocoee,ocoee,44.2224,293.292,0.9413519138141809
84,D. orestes,orestes,45.792,255.4704,0.8172593270171149
84,D. perlapsus,perlapsus,42.0192,293.5512,0.8389196179706602
84,D. tilleyi,tilleyi,41.7024,267.2352,0.9085497426650366
84,D. valtos,valtos,49.6368,313.6896,1.2344298227383865
84,D. welteri,welteri,48.672,303.984,0.8229992891198044
84,D. wrighti,wrighti,40.3848,226.5408,0.8308597799511003
85,D. aeneus,aeneus,37.6704,210.0096,0.5576234590464547
85,D. amphileucus,amphileucus,44.6688,319.7808,0.9863909847188265
85,D. anicetus,anicetus,44.2368,242.2584,0.8712600806845966
85,D. apalachicolae,apalachicolae,46.6848,299.0448,0.9133477927872861
85,D. auriculatus,auriculatus,49.3488,312.6528,1.0192701577017116
85,D. bairdi,bairdi,44.0064,302.8824,1.0756326821515894
85,D. brimleyorum,brimleyorum,45.2664,326.3328,0.9640806039119805
85,D. campi,campi,37.0728,257.4504,0.8365488490220049
85,D. folkertsi,folkertsi,47.0448,268.3728,0.954986218215159
85,D. fuscus,fuscus,47.808,271.6272,1.0
85,D. gvnigeusgwotli,gvnigeusgwotli,46.1952,272.4192,0.8262189040342298
85,D. intermedius,intermedius,48.9384,325.2528,0.949565
85,D. kanawha,kanawha,41.9904,288.036,0.9763305097799512
85,D. marmoratus,marmoratus,48.2544,276.0552,0.9895693184596577
85,D. mavrokoilius,mavrokoilius,42.552,268.7544,0.9458811680929096
85,D. monticola,monticola,39.6432,264.3264,0.9118250250611247
85,D. ochrophaeus,ochrophaeus,53.4816,271.7496,0.7528241815403424
85,D. ocoee,ocoee,43.7472,294.5304,0.9901581876528117
85,D. orestes,orestes,47.4048,255.5856,0.8012290299511002
85,D. perlapsus,perlapsus,42.0192,288.648,0.8048443105134474
85,D. tilleyi,tilleyi,41.7456,263.5848,0.967404488997555
85,D. valtos,valtos,49.5792,311.7168,1.2916929834963327
85,D. welteri,welteri,48.6,306.7776,0.7836419437652812
85,D. wrighti,wrighti,42.9696,247.6224,0.8857493490220049
86,D. aeneus,aeneus,36.8352,208.296,0.6437264034229829
86,D. amphileucus,amphileucus,44.5608,319.5216,1.091584672982885
86,D. anicetus,anicetus,42.48,244.2744,1.0246557811735943
86,D. apalachicolae,apalachicolae,44.2512,295.308,1.1019677530562348
86,D. auriculatus,auriculatus,49.356,316.0368,1.1932165354523228
86,D. bairdi,bairdi,44.0064,305.5248,1.239956414425428
86,D. brimleyorum,brimleyorum,44.496,331.1208,1.1078609162591688
86,D. campi,campi,36.6624,259.344,0.9846137713936431
86,D. folkertsi,folkertsi,44.3232,270.072,1.0881336809290953
86,D. fuscus,fuscus,46.3968,274.392,1.0
86,D. gvnigeusgwotli,gvnigeusgwotli,46.62,273.4416,1.0536959083129585
86,D. intermedius,intermedius,49.428,325.2384,1.1895769932762836
86,D. kanawha,kanawha,41.7312,284.616,1.2167549443765282
86,D. marmoratus,marmoratus,47.6064,273.7296,1.1761933080684597
86,D. mavrokoilius,mavrokoilius,41.1624,269.6112,1.0641780825183376
86,D. monticola,monticola,39.4848,257.58,1.0546432775061125
86,D. ochrophaeus,ochrophaeus,50.4,267.8976,0.9064609205378974
86,D. ocoee,ocoee,41.4,293.3856,1.0813677487775062
86,D. orestes,orestes,47.1312,255.3408,0.8811605599022005
86,D. perlapsus,perlapsus,44.4816,291.7944,0.8807010513447433
86,D. tilleyi,tilleyi,42.0552,264.4776,1.0914736448655256
86,D. valtos,valtos,49.6368,314.9136,1.4852409174816625
86,D. welteri,welteri,49.8528,306.7776,0.9329853948655257
86,D. wrighti,wrighti,44.892,247.6224,0.9289310305623473
87,D. aeneus,aeneus,38.0448,207.756,0.54854781601467
87,D. amphileucus,amphileucus,44.6688,319.176,0.9408028832518337
87,D. anicetus,anicetus,41.7312,244.296,0.8651052634474328
87,D. apalachicolae,apalachicolae,46.3968,300.1824,0.8344590690709047
87,D. auriculatus,auriculatus,49.176,312.3936,0.9994432475550121
87,D. bairdi,bairdi,44.8992,306.972,1.0839794694376528
87,D. brimleyorum,brimleyorum,45.0,329.0472,0.9672073019559903
87,D. campi,campi,36.2808,258.5952,0.8100445776283619
87,D. folkertsi,folkertsi,44.4312,267.408,0.9384222188264059
87,D. fuscus,fuscus,46.9872,273.4416,1.0
87,D. gvnigeusgwotli,gvnigeusgwotli,45.6192,271.4616,0.8731220189486553
87,D. intermedius,intermedius,49.0032,325.152,1.054883597799511
87,D. kanawha,kanawha,42.6672,288.6192,0.9454129400977995
87,D. marmoratus,marmoratus,48.1392,275.5296,1.0497381662591687
87,D. mavrokoilius,mavrokoilius,43.4016,267.7032,0.8658315030562348
87,D. monticola,monticola,39.6144,260.604,0.9360795097799511
87,D. ochrophaeus,ochrophaeus,52.6104,274.5,0.7681041974327629
87,D. ocoee,ocoee,43.812,293.2488,0.9313304700488998
87,D. orestes,orestes,47.3328,255.2184,0.7171741051344743
87,D. perlapsus,perlapsus,44.6616,290.5632,0.7735464235941321
87,D. tilleyi,tilleyi,42.2352,265.0896,0.9088060476772617
87,D. valtos,valtos,50.7816,318.4992,1.2887326118581908
87,D. welteri,welteri,49.5288,303.984,0.8272388948655257
87,D. wrighti,wrighti,43.848,247.7232,0.7710554248166259
88,D. aeneus,aeneus,36.8712,199.3248,0.5822601473105135
88,D. amphileucus,amphileucus,44.5608,320.5656,1.0280440825183375
88,D. anicetus,anicetus,42.1344,246.7728,0.9187419315403423
88,D. apalachicolae,apalachicolae,43.9488,298.4688,0.9461222365525673
88,D. auriculatus,auriculatus,48.3408,313.9416,1.054076534229829
88,D. bairdi,bairdi,44.6544,303.5232,1.1103786913202933
88,D. brimleyorum,brimleyorum,45.2448,330.1056,1.060397499388753
88,D. campi,campi,36.7128,257.256,0.8717058765281174
88,D. folkertsi,folkertsi,46.728,270.5256,1.0263542756723716
88,D. fuscus,fuscus,47.5416,272.808,1.0
88,D. gvnigeusgwotli,gvnigeusgwotli,46.4544,275.6016,0.9163366974327629
88,D. intermedius,intermedius,49.14,325.1952,1.0633923141809292
88,D. kanawha,kanawha,41.7456,288.6408,0.9232930800733496
88,D. marmoratus,marmoratus,48.1032,273.7296,1.0634844315403422
88,D. mavrokoilius,mavrokoilius,41.328,268.7544,0.8595966014669927
88,D. monticola,monticola,40.3488,259.5528,0.9656508490220049
88,D. ochrophaeus,ochrophaeus,51.588,275.6016,0.7834430849633252
88,D. ocoee,ocoee,43.3944,292.5216,0.9643042371638142
88,D. orestes,orestes,46.0512,256.3632,0.8100199333740831
88,D. perlapsus,perlapsus,41.9544,289.3968,0.8229341772616137
88,D. tilleyi,tilleyi,43.0272,265.0104,1.0048119993887532
88,D. valtos,valtos,49.608,311.7168,1.3543202793398534
88,D. welteri,welteri,48.4272,301.536,0.8991426778728607
88,D. wrighti,wrighti,44.892,247.6224,0.9597582646699268
89,D. aeneus,aeneus,36.072,207.936,0.5261163771393643
89,D. amphileucus,amphileucus,44.2872,316.9152,1.0126502872860637
89,D. anicetus,anicetus,41.4432,243.936,0.8794444810513448
89,D. apalachicolae,apalachicolae,44.6688,300.1536,0.8901644743276284
89,D. auriculatus,auriculatus,49.356,320.1624,1.109857459046455
89,D. bairdi,bairdi,44.0064,305.9064,1.0873384694376529
89,D. brimleyorum,brimleyorum,45.6984,327.4776,0.9789663319070905
89,D. campi,campi,36.6624,257.9688,0.8329908808068459
89,D. folkertsi,folkertsi,43.9704,268.8768,1.0014116020782395
89,D. fuscus,fuscus,47.412,273.6072,1.0
89,D. gvnigeusgwotli,gvnigeusgwotli,47.0016,272.4048,0.9138648643031785
89,D. intermedius,intermedius,49.5792,325.1952,1.0926819853300733
89,D. kanawha,kanawha,42.6672,289.2384,1.0954085152811737
89,D. marmoratus,marmoratus,48.3408,274.6224,1.0582006363080685
89,D. mavrokoilius,mavrokoilius,40.4352,269.064,1.0252603856968217
89,D. monticola,monticola,39.2472,260.1504,1.0063794040342298
89,D. ochrophaeus,ochrophaeus,52.6104,268.524,0.7980841687041564
89,D. ocoee,ocoee,43.992,293.1552,0.9591795592909536
89,D. orestes,orestes,45.9936,254.664,0.7379848728606357
89,D. perlapsus,perlapsus,44.4816,293.6088,0.825161544621027
89,D. tilleyi,tilleyi,41.7024,267.1488,0.9759960935207824
89,D. valtos,valtos,50.7744,316.9368,1.3292714865525672
89,D. welteri,welteri,48.672,302.8464,0.8863027677261613
89,D. wrighti,wrighti,42.1632,237.132,0.8607179853300734
90,D. aeneus,aeneus,38.0448,209.4336,0.5523456577017115
90,D. amphileucus,amphileucus,44.2872,318.8592,1.064653663202934
90,D. anicetus,anicetus,41.184,243.2232,0.883101012224939
90,D. apalachicolae,apalachicolae,44.8992,300.2544,0.9938607347188264
90,D. auriculatus,auriculatus,49.9536,313.6752,1.038839748777506
90,D. bairdi,bairdi,43.992,305.5248,1.0707646827628363
90,D. brimleyorum,brimleyorum,43.8768,327.7152,0.9723103649144255
90,D. campi,campi,37.1304,258.228,0.8283598502444988
90,D. folkertsi,folkertsi,43.9848,268.7328,0.9729991644254279
90,D. fuscus,fuscus,45.7488,271.6272,1.0
90,D. gvnigeusgwotli,gvnigeusgwotli,46.62,272.3544,0.9236003441320294
90,D. intermedius,intermedius,47.8872,325.2456,1.0944146491442541
90,D. kanawha,kanawha,40.9824,288.6624,0.9795968441320293
90,D. marmoratus,marmoratus,47.6064,278.4672,1.0563787200488997
90,D. mavrokoilius,mavrokoilius,42.0408,269.0208,0.9150636405867971
90,D. monticola,monticola,39.1392,259.5312,1.0065229101466993
90,D. ochrophaeus,ochrophaeus,52.6104,267.8976,0.7969011717603912
90,D. ocoee,ocoee,42.2496,292.5936,0.9983788068459658
90,D. orestes,orestes,46.0224,254.2752,0.8055657353300734
90,D. perlapsus,perlapsus,41.8896,297.4176,0.8733376497555013
90,D. tilleyi,tilleyi,42.0192,265.8888,0.9640401570904646
90,D. valtos,valtos,50.7816,313.74,1.3406077665036675
90,D. welteri,welteri,48.672,310.7016,0.93394602200489
90,D. wrighti,wrighti,40.3848,226.5408,0.8181471344743276
91,D. aeneus,aeneus,38.9808,207.8208,0.5162942114914426
91,D. amphileucus,amphileucus,43.8768,316.4256,0.9710043331295843
91,D. anicetus,anicetus,41.8824,248.0256,0.8793615819070906
91,D. apalachicolae,apalachicolae,45.6336,298.584,0.8520915207823961
91,D. auriculatus,auriculatus,49.356,320.1624,1.1008039107579461
91,D. bairdi,bairdi,44.0064,306.0432,1.069255676650367
91,D. brimleyorum,brimleyorum,45.6768,329.7888,0.9732287848410758
91,D. campi,campi,36.6696,252.3024,0.8244950525672372
91,D. folkertsi,folkertsi,43.7256,266.6304,0.9525880342298289
91,D. fuscus,fuscus,46.5192,272.808,1.0
91,D. gvnigeusgwotli,gvnigeusgwotli,47.0232,271.5552,0.8770594437652812
91,D. intermedius,intermedius,48.0816,325.044,1.0101182646699267
91,D. kanawha,kanawha,43.1424,288.036,0.956300010391198
91,D. marmoratus,marmoratus,46.6992,274.2048,1.0601445825183373
91,D. mavrokoilius,mavrokoilius,43.704,269.604,0.9614844865525672
91,D. monticola,monticola,39.4848,257.58,0.9048201546454768
91,D. ochrophaeus,ochrophaeus,51.6312,269.8056,0.7647273031784841
91,D. ocoee,ocoee,43.0416,296.496,0.9468125048899756
91,D. orestes,orestes,47.0736,254.6712,0.7876576436430318
91,D. perlapsus,perlapsus,42.0192,290.2104,0.7578832059902201
91,D. tilleyi,tilleyi,42.2352,264.4272,0.9541705024449878
91,D. valtos,valtos,49.7664,316.9368,1.2837012188264059
91,D. welteri,welteri,48.2112,309.9456,0.8720334724938875
91,D. wrighti,wrighti,43.848,247.7232,0.8455787891198044
92,D. aeneus,aeneus,36.8352,208.0512,0.6005797915647922
92,D. amphileucus,amphileucus,44.0928,316.4112,1.094716814792176
92,D. anicetus,anicetus,41.688,244.2528,0.9470878215158924
92,D. apalachicolae,apalachicolae,44.352,299.0448,0.930810206601467
92,D. auriculatus,auriculatus,48.672,314.1072,1.1020268624694376
92,D. bairdi,bairdi,43.8192,306.936,1.1680366161369193
92,D. brimleyorum,brimleyorum,46.1088,327.7152,1.1257722341075795
92,D. campi,campi,37.944,256.0032,0.9038573820293399
92,D. folkertsi,folkertsi,45.2664,269.136,1.0584865739608802
92,D. fuscus,fuscus,47.412,272.1168,1.0
92,D. gvnigeusgwotli,gvnigeusgwotli,46.7712,272.4192,0.9722840213936431
92,D. intermedius,intermedius,49.0032,327.2832,1.1586278300733497
92,D. kanawha,kanawha,41.7528,288.6912,1.0771575409535452
92,D. marmoratus,marmoratus,48.2544,273.7008,1.1100334223716382
92,D. mavrokoilius,mavrokoilius,42.3504,267.7032,1.1044994223716382
92,D. monticola,monticola,39.7152,259.5312,1.0901555654034232
92,D. ochrophaeus,ochrophaeus,52.6176,273.4344,0.8605978154034231
92,D. ocoee,ocoee,43.1424,294.6384,0.9974581711491444
92,D. orestes,orestes,45.6624,255.8592,0.8260363380195599
92,D. perlapsus,perlapsus,43.6824,293.6088,0.8342619400977996
92,D. tilleyi,tilleyi,41.7456,262.6992,1.0352784339853303
92,D. valtos,valtos,49.7664,313.7904,1.410862967603912
92,D. welteri,welteri,48.8952,301.6152,0.9227563514669926
92,D. wrighti,wrighti,44.0136,249.2064,0.9367880458435208
93,D. aeneus,aeneus,37.6704,207.756,0.5449459431540342
93,D. amphileucus,amphileucus,44.2512,318.6216,0.9771312383863081
93,D. anicetus,anicetus,41.184,243.4752,0.9281617267726161
93,D. apalachicolae,apalachicolae,45.504,300.2544,0.9301351693154034
93,D. auriculatus,auriculatus,50.0472,316.0008,0.9830726699266503
93,D. bairdi,bairdi,44.316,306.6408,1.1490107848410758
93,D. brimleyorum,brimleyorum,44.5824,329.0112,1.0181412102689487
93,D. campi,campi,37.4472,255.3192,0.8703624663814181
93,D. folkertsi,folkertsi,45.7128,270.3888,1.0281764101466992
93,D. fuscus,fuscus,45.2592,272.556,1.0
93,D. gvnigeusgwotli,gvnigeusgwotli,45.5472,276.0192,0.9394516283618582
93,D. intermedius,intermedius,49.5792,325.4976,1.0877701356968217
93,D. kanawha,kanawha,41.868,288.6192,0.9365963013447434
93,D. marmoratus,marmoratus,47.2608,275.1264,1.0535664547677261
93,D. mavrokoilius,mavrokoilius,42.7536,269.3592,1.029496401589242
93,D. monticola,monticola,40.176,260.712,0.9909794504889976
93,D. ochrophaeus,ochrophaeus,49.896,275.6016,0.784886402811736
93,D. ocoee,ocoee,44.7696,293.292,1.0091700586797065
93,D. orestes,orestes,47.1024,256.1112,0.8544466338630807
93,D. perlapsus,perlapsus,41.7168,293.0256,0.8837858704156479
93,D. tilleyi,tilleyi,41.8752,267.0624,1.0189207878973106
93,D. valtos,valtos,49.968,316.9368,1.3706441295843521
93,D. welteri,welteri,48.4704,305.7264,0.9180233099022005
93,D. wrighti,wrighti,43.848,247.6224,0.8115359089242055
94,D. aeneus,aeneus,38.4624,212.436,0.5245596265281174
94,D. amphileucus,amphileucus,44.676,319.8744,0.9090649064792176
94,D. anicetus,anicetus,40.86,242.4888,0.8326992805623472
94,D. apalachicolae,apalachicolae,46.0008,297.1152,0.8700995482885086
94,D. auriculatus,auriculatus,47.6208,312.912,0.9752265128361859
94,D. bairdi,bairdi,44.8056,304.3584,1.0240467420537898
94,D. brimleyorum,brimleyorum,45.2448,327.1896,0.9787854193154034
94,D. campi,campi,35.8992,258.2928,0.8311099486552568
94,D. folkertsi,folkertsi,43.8336,266.184,0.9342910354523228
94,D. fuscus,fuscus,46.1808,274.5792,1.0
94,D. gvnigeusgwotli,gvnigeusgwotli,47.0304,271.7208,0.837031250611247
94,D. intermedius,intermedius,50.4648,325.9224,0.9605547982885085
94,D. kanawha,kanawha,41.0472,283.8384,0.8584302970660147
94,D. marmoratus,marmoratus,47.6064,274.356,1.0029050770171148
94,D. mavrokoilius,mavrokoilius,41.328,269.0208,0.806253827628362
94,D. monticola,monticola,40.176,262.0368,1.0671510556234718
94,D. ochrophaeus,ochrophaeus,51.588,269.352,0.7482205745721272
94,D. ocoee,ocoee,42.6096,292.2696,0.9327921479217605
94,D. orestes,orestes,44.928,255.3264,0.8955901809290955
94,D. perlapsus,perlapsus,43.2576,298.6632,0.8377163948655257
94,D. tilleyi,tilleyi,41.5728,264.672,0.9068499449877752
94,D. valtos,valtos,49.7736,314.1936,1.250728946821516
94,D. welteri,welteri,48.1896,305.1648,0.8825938753056235
94,D. wrighti,wrighti,45.936,225.5976,0.7423146570904646
95,D. aeneus,aeneus,35.928,213.3936,0.5561721772616137
95,D. amphileucus,amphileucus,44.5608,316.4256,1.0962865715158925
95,D. anicetus,anicetus,44.1648,242.6544,0.9378365311735942
95,D. apalachicolae,apalachicolae,43.8336,299.0448,0.9063467768948655
95,D. auriculatus,auriculatus,51.192,315.4464,0.9907676326405868
95,D. bairdi,bairdi,44.9856,306.6048,1.1494555782396088
95,D. brimleyorum,brimleyorum,45.2016,325.6776,1.0639293141809292
95,D. campi,campi,37.728,258.3,0.9249486546454768
95,D. folkertsi,folkertsi,43.9848,266.796,1.0378755073349633
95,D. fuscus,fuscus,46.2888,272.808,1.0
95,D. gvnigeusgwotli,gvnigeusgwotli,44.3808,272.0304,0.9531646454767727
95,D. intermedius,intermedius,49.0752,323.5968,1.091642480440098
95,D. kanawha,kanawha,41.3784,288.6192,1.014922457823961
95,D. marmoratus,marmoratus,47.1456,273.024,1.1022285024449876
95,D. mavrokoilius,mavrokoilius,41.328,268.7544,1.0543104822738387
95,D. monticola,monticola,39.1104,259.5312,1.0570672903422984
95,D. ochrophaeus,ochrophaeus,52.6032,274.5,0.8020850965770172
95,D. ocoee,ocoee,44.1936,292.8528,1.0216907579462102
95,D. orestes,orestes,46.5624,255.3408,0.8121703618581907
95,D. perlapsus,perlapsus,43.2576,293.652,0.8863577695599022
95,D. tilleyi,tilleyi,41.5656,266.7456,1.0302368759168705
95,D. valtos,valtos,49.7952,312.2136,1.3970579400977996
95,D. welteri,welteri,48.8952,303.552,0.9200397035452323
95,D. wrighti,wrighti,47.2896,250.8912,0.9459431204156479
96,D. aeneus,aeneus,38.0232,208.0512,0.5982944260391199
96,D. amphileucus,amphileucus,44.1648,316.5696,1.068484371638142
96,D. anicetus,anicetus,41.7312,244.1376,0.908212109413203
96,D. apalachicolae,apalachicolae,44.1792,293.3496,0.9281701161369194
96,D. auriculatus,auriculatus,48.9024,314.1072,0.9867552878973105
96,D. bairdi,bairdi,45.432,306.972,1.1185600831295843
96,D. brimleyorum,brimleyorum,45.1152,325.1448,1.029734957823961
96,D. campi,campi,37.512,258.1632,0.8814161754278729
96,D. folkertsi,folkertsi,44.8704,267.0192,0.9925114859413202
96,D. fuscus,fuscus,47.808,274.0032,1.0
96,D. gvnigeusgwotli,gvnigeusgwotli,45.5472,271.7568,0.9143503355745721
96,D. intermedius,intermedius,48.168,325.2528,1.0601445183374085
96,D. kanawha,kanawha,43.0992,288.6624,1.0122596363080685
96,D. marmoratus,marmoratus,48.2904,274.7808,1.0876475256723717
96,D. mavrokoilius,mavrokoilius,40.5936,268.488,0.9668522573349633
96,D. monticola,monticola,39.6288,264.9456,0.9230235849633253
96,D. ochrophaeus,ochrophaeus,52.6176,278.6112,0.796363630806846
96,D. ocoee,ocoee,43.1424,293.112,0.950379543398533
96,D. orestes,orestes,47.1312,255.5856,0.7714875855745722
96,D. perlapsus,perlapsus,43.38,290.628,0.8359398325183375
96,D. tilleyi,tilleyi,42.5664,266.6304,0.9861045984107579
96,D. valtos,valtos,50.7744,311.8752,1.303980230440098
96,D. welteri,welteri,48.8736,303.3216,0.8124989327628362
96,D. wrighti,wrighti,41.2848,203.6736,0.8472764828850856
97,D. aeneus,aeneus,38.4624,208.296,0.5805926674816626
97,D. amphileucus,amphileucus,44.568,319.7808,1.0253132988997555
97,D. anicetus,anicetus,41.1912,244.2744,0.9377449266503668
97,D. apalachicolae,apalachicolae,43.9488,300.0528,0.9076804578239609
97,D. auriculatus,auriculatus,49.9536,316.7712,1.1829794987775062
97,D. bairdi,bairdi,44.208,305.5248,1.1814541821515894
97,D. brimleyorum,brimleyorum,44.9136,328.1688,1.1133992182151589
97,D. campi,campi,36.6624,259.3368,0.9239762188264059
97,D. folkertsi,folkertsi,43.5312,269.136,1.0273668771393643
97,D. fuscus,fuscus,47.1096,273.528,1.0
97,D. gvnigeusgwotli,gvnigeusgwotli,45.8208,271.8072,0.960341566625917
97,D. intermedius,intermedius,48.672,327.0312,1.1151663227383863
97,D. kanawha,kanawha,41.7528,287.064,0.9862079339853301
97,D. marmoratus,marmoratus,46.9944,274.0608,1.050247846577017
97,D. mavrokoilius,mavrokoilius,41.1624,269.352,0.9288963343520783
97,D. monticola,monticola,40.9752,265.0824,1.0453956546454768
97,D. ochrophaeus,ochrophaeus,53.4384,277.9416,0.8190338215158924
97,D. ocoee,ocoee,42.156,291.96,0.9764446876528118
97,D. orestes,orestes,46.0224,255.3408,0.8464733190709047
97,D. perlapsus,perlapsus,44.208,289.4688,0.9530281191931541
97,D. tilleyi,tilleyi,41.8104,265.3488,1.0128633869193155
97,D. valtos,valtos,49.572,317.916,1.4151856350855747
97,D. welteri,welteri,48.4704,307.1232,0.975557055012225
97,D. wrighti,wrighti,44.0136,247.5216,0.9231406222493888
98,D. aeneus,aeneus,38.6064,210.4128,0.5750910311735942
98,D. amphileucus,amphileucus,44.6688,319.2048,0.9123341356968215
98,D. anicetus,anicetus,41.6304,244.1952,0.8783323386308068
98,D. apalachicolae,apalachicolae,45.6336,300.6504,0.9309526283618582
98,D. auriculatus,auriculatus,48.8016,316.8936,1.0342800464547677
98,D. bairdi,bairdi,44.8056,306.6048,1.0381841668704157
98,D. brimleyorum,brimleyorum,45.1512,330.084,1.0177281998777508
98,D. campi,campi,37.5048,249.8688,0.8493089492665037
98,D. folkertsi,folkertsi,45.5184,268.7688,0.9762424327628362
98,D. fuscus,fuscus,46.1808,272.1888,1.0
98,D. gvnigeusgwotli,gvnigeusgwotli,45.6912,272.3544,0.8905279003667482
98,D. intermedius,intermedius,49.0752,325.152,1.0184704535452322
98,D. kanawha,kanawha,41.9904,288.0648,0.9534755073349634
98,D. marmoratus,marmoratus,46.4112,275.5512,1.0616883612469437
98,D. mavrokoilius,mavrokoilius,41.1624,269.8272,0.9674368655256724
98,D. monticola,monticola,39.6288,256.0608,0.9674333508557458
98,D. ochrophaeus,ochrophaeus,52.9632,274.5,0.7868949015892421
98,D. ocoee,ocoee,43.7472,292.4496,0.8804729957212715
98,D. orestes,orestes,45.9216,255.7368,0.8748861442542787
98,D. perlapsus,perlapsus,44.6616,296.6616,0.8252874052567237
98,D. tilleyi,tilleyi,41.8104,264.8304,0.9360896295843522
98,D. valtos,valtos,50.2488,311.6736,1.2712867023227385
98,D. welteri,welteri,48.6792,309.9456,0.9135039859413203
98,D. wrighti,wrighti,40.3848,237.0312,0.8045342298288508
99,D. aeneus,aeneus,36.0864,212.328,0.5859438319070905
99,D. amphileucus,amphileucus,43.9848,319.6656,0.8846588936430317
99,D. anicetus,anicetus,42.2064,243.6192,0.8638306729828852
99,D. apalachicolae,apalachicolae,46.368,295.7112,0.9305701320293399
99,D. auriculatus,auriculatus,47.8944,315.9144,1.0643351595354524
99,D. bairdi,bairdi,44.6256,306.972,1.0310581320293397
99,D. brimleyorum,brimleyorum,45.2304,330.8832,0.8713604125916871
99,D. campi,campi,36.3384,257.4504,0.8230464229828851
99,D. folkertsi,folkertsi,44.8704,268.1424,0.9798299486552566
99,D. fuscus,fuscus,46.2888,272.3112,1.0
99,D. gvnigeusgwotli,gvnigeusgwotli,46.7208,269.352,0.8690968728606357
99,D. intermedius,intermedius,49.2768,325.1952,1.0157744773838633
99,D. kanawha,kanawha,41.7456,283.0752,0.856497609413203
99,D. marmoratus,marmoratus,48.9096,276.6096,0.9432313783618582
99,D. mavrokoilius,mavrokoilius,42.6744,269.064,0.7840147316625917
99,D. monticola,monticola,39.312,260.1072,0.9508747267726161
99,D. ochrophaeus,ochrophaeus,52.1352,266.5584,0.7242724180929095
99,D. ocoee,ocoee,44.1072,292.8528,0.9084046375305623
99,D. orestes,orestes,47.6064,255.4848,0.825120814792176
99,D. perlapsus,perlapsus,43.8624,289.6704,0.7415190464547677
99,D. tilleyi,tilleyi,42.0192,264.672,0.9157545562347188
99,D. valtos,valtos,49.8096,314.5968,1.2614310110024451
99,D. welteri,welteri,48.132,303.0624,0.8777156955990221
99,D. wrighti,wrighti,43.2072,226.5408,0.9160222524449878
100,D. aeneus,aeneus,38.4768,213.6528,0.6047154040342299
100,D. amphileucus,amphileucus,45.4032,318.3264,1.0301883337408313
100,D. anicetus,anicetus,42.8976,245.1816,0.9284284443765282
100,D. apalachicolae,apalachicolae,47.2392,297.1152,0.9109655696821516
100,D. auriculatus,auriculatus,48.5568,313.6752,1.0238347139364303
100,D. bairdi,bairdi,45.2016,305.208,1.158518064792176
100,D. brimleyorum,brimleyorum,45.0,325.1448,1.1241275501222494
100,D. campi,campi,37.512,255.3192,0.9192147518337409
100,D. folkertsi,folkertsi,45.5472,268.4016,1.058144543398533
100,D. fuscus,fuscus,45.1512,272.3112,1.0
100,D. gvnigeusgwotli,gvnigeusgwotli,46.8936,272.1312,0.9412136277506112
100,D. intermedius,intermedius,49.2768,326.16,1.19006708801956
100,D. kanawha,kanawha,40.9464,288.6768,0.9671618630806846
100,D. marmoratus,marmoratus,47.0592,275.5512,1.1043427958435208
100,D. mavrokoilius,mavrokoilius,42.876,266.9184,0.9382102634474329
100,D. monticola,monticola,39.7368,264.1896,1.0149476949877752
100,D. ochrophaeus,ochrophaeus,54.2592,271.0368,0.8015650605134476
100,D. ocoee,ocoee,44.1072,293.292,1.0573452432762838
100,D. orestes,orestes,46.8288,255.8592,0.815044805012225
100,D. perlapsus,perlapsus,44.1432,293.0256,0.9397582952322738
100,D. tilleyi,tilleyi,41.508,266.9328,1.0142743918092911
100,D. valtos,valtos,49.5648,314.1432,1.3695592231051346
100,D. welteri,welteri,49.8528,307.4688,0.9228402121026895
100,D. wrighti,wrighti,41.2848,191.7216,0.9081820348410758
101,D. aeneus,aeneus,38.7504,208.0512,0.5427858899755501
101,D. amphileucus,amphileucus,44.5608,319.7808,1.03562354400978
101,D. anicetus,anicetus,41.1336,243.1368,0.9072925586797067
101,D. apalachicolae,apalachicolae,44.9712,294.1992,1.0090801014669926
101,D. auriculatus,auriculatus,50.076,315.1008,0.9912501240831295
101,D. bairdi,bairdi,43.8696,305.0352,1.1444563435207824
101,D. brimleyorum,brimleyorum,45.6984,330.4008,1.0738784278728606
101,D. campi,campi,37.0728,258.228,0.8603998685819072
101,D. folkertsi,folkertsi,45.9648,270.0792,1.0133027781173596
101,D. fuscus,fuscus,47.4768,274.5432,1.0
101,D. gvnigeusgwotli,gvnigeusgwotli,44.3664,272.6352,0.9220624217603912
101,D. intermedius,intermedius,49.428,325.2456,1.0810882402200488
101,D. kanawha,kanawha,41.4,286.9704,1.0262942897310512
101,D. marmoratus,marmoratus,49.3704,273.9744,1.0493903349633251
101,D. mavrokoilius,mavrokoilius,40.9968,269.5824,1.0055920635696822
101,D. monticola,monticola,39.0672,260.0496,1.04665275
101,D. ochrophaeus,ochrophaeus,52.6032,267.7104,0.803145825794621
101,D. ocoee,ocoee,44.28,295.7832,0.9238153062347189
101,D. orestes,orestes,45.9936,255.6,0.924140434596577
101,D. perlapsus,perlapsus,41.9544,294.192,0.9289834272616138
101,D. tilleyi,tilleyi,41.472,263.2464,0.9810988838630808
101,D. valtos,valtos,49.9536,314.352,1.375249143031785
101,D. welteri,welteri,48.9456,304.416,0.8804864174816626
101,D. wrighti,wrighti,43.848,247.5216,0.8819508465770172
102,D. aeneus,aeneus,41.832,206.5968,0.5525549749388754
102,D. amphileucus,amphileucus,44.1288,319.5216,1.0670240262836186
102,D. anicetus,anicetus,42.6888,246.0672,0.9454278612469438
102,D. apalachicolae,apalachicolae,43.8336,300.6144,0.9135499449877751
102,D. auriculatus,auriculatus,47.9592,314.6688,1.108217487775061
102,D. bairdi,bairdi,44.208,305.8128,1.1755113349633253
102,D. brimleyorum,brimleyorum,45.2664,330.6168,1.02161704400978
102,D. campi,campi,37.5048,258.2352,0.8855299498777507
102,D. folkertsi,folkertsi,44.3016,268.3368,1.038633609413203
102,D. fuscus,fuscus,47.376,274.0032,1.0
102,D. gvnigeusgwotli,gvnigeusgwotli,45.8208,273.3408,0.9386577432762837
102,D. intermedius,intermedius,49.14,325.1952,1.175332372249389
102,D. kanawha,kanawha,41.7528,288.5904,1.2300431540342298
102,D. marmoratus,marmoratus,47.1024,274.7808,1.0953290916870415
102,D. mavrokoilius,mavrokoilius,43.416,270.7488,0.947152751222494
102,D. monticola,monticola,39.2472,260.1288,1.0710122805623472
102,D. ochrophaeus,ochrophaeus,50.9328,273.4344,0.8237841766503669
102,D. ocoee,ocoee,43.0416,292.3416,1.000204599022005
102,D. orestes,orestes,47.4192,255.3264,0.8233996913202934
102,D. perlapsus,perlapsus,43.8624,289.4688,0.8830484517114915
102,D. tilleyi,tilleyi,41.508,264.2328,1.0210182622249389
102,D. valtos,valtos,49.5792,312.2928,1.3846904639364306
102,D. welteri,welteri,48.9024,311.184,0.9075265287286064
102,D. wrighti,wrighti,39.5784,226.5408,0.8841926632029341
103,D. aeneus,aeneus,39.1176,208.1808,0.6855330855745722
103,D. amphileucus,amphileucus,44.2872,319.7808,1.1008758618581906
103,D. anicetus,anicetus,41.7312,242.1936,0.9580158575794622
103,D. apalachicolae,apalachicolae,44.3016,293.8752,0.9318808875305624
103,D. auriculatus,auriculatus,48.8016,314.6688,1.0093908178484108
103,D. bairdi,bairdi,44.0064,307.008,1.1859684810513447
103,D. brimleyorum,brimleyorum,45.252,325.2672,1.0382043410757946
103,D. campi,campi,36.6696,256.0032,0.9041960623471883
103,D. folkertsi,folkertsi,44.5104,268.7328,1.0724937047677263
103,D. fuscus,fuscus,46.5192,273.5208,1.0
103,D. gvnigeusgwotli,gvnigeusgwotli,46.5696,271.4256,0.9268526320293399
103,D. intermedius,intermedius,50.184,326.1672,1.1630008050122251
103,D. kanawha,kanawha,40.9824,289.6272,1.1426421564792177
103,D. marmoratus,marmoratus,46.9368,274.2192,1.1510865849633252
103,D. mavrokoilius,mavrokoilius,42.8688,268.1424,0.9968951778728607
103,D. monticola,monticola,39.6,263.3616,1.0199577457212714
103,D. ochrophaeus,ochrophaeus,54.2952,274.9464,0.8592240776283618
103,D. ocoee,ocoee,43.812,294.4368,1.0590052597799513
103,D. orestes,orestes,46.0224,255.3408,0.798134696210269
103,D. perlapsus,perlapsus,41.5296,294.1776,0.9748210696821517
103,D. tilleyi,tilleyi,42.9552,267.336,1.0535069046454768
103,D. valtos,valtos,49.7952,313.7904,1.4407903117359415
103,D. welteri,welteri,48.708,308.16,0.9243709437652813
103,D. wrighti,wrighti,43.2072,215.1072,0.954267251833741
104,D. aeneus,aeneus,36.8352,209.4336,0.5318925171149144
104,D. amphileucus,amphileucus,44.6688,321.2856,0.997480097799511
104,D. anicetus,anicetus,41.1912,244.2528,0.8443378856968216
104,D. apalachicolae,apalachicolae,43.7184,296.1,0.8180740018337409
104,D. auriculatus,auriculatus,49.3344,312.408,0.9577068924205379
104,D. bairdi,bairdi,45.4032,306.0432,1.0181886350855747
104,D. brimleyorum,brimleyorum,45.1656,329.7888,0.8747084908312959
104,D. campi,campi,36.7056,255.3192,0.7836696515892421
104,D. folkertsi,folkertsi,46.5336,270.2376,0.9203876522004891
104,D. fuscus,fuscus,47.412,273.2328,1.0
104,D. gvnigeusgwotli,gvnigeusgwotli,47.1384,271.7568,0.8352280513447433
104,D. intermedius,intermedius,48.8736,323.5968,1.0244222237163814
104,D. kanawha,kanawha,41.4,284.616,0.8367116735941321
104,D. marmoratus,marmoratus,48.3552,275.4072,1.0006696705378975
104,D. mavrokoilius,mavrokoilius,40.248,269.064,0.7527757885085575
104,D. monticola,monticola,39.5928,259.5168,0.8899455880195599
104,D. ochrophaeus,ochrophaeus,51.6312,273.4344,0.7199961760391198
104,D. ocoee,ocoee,44.2512,293.292,0.931094825183374
104,D. orestes,orestes,45.3384,254.6136,0.7312692866748167
104,D. perlapsus,perlapsus,42.3,291.8592,0.8179242004889976
104,D. tilleyi,tilleyi,41.5656,262.692,0.911282249388753
104,D. valtos,valtos,50.3784,314.1432,1.2516540690709046
104,D. welteri,welteri,48.7872,303.3216,0.8227212573349634
104,D. wrighti,wrighti,44.892,247.6224,0.8607233361858191
105,D. aeneus,aeneus,38.2536,210.9456,0.6522707267726162
105,D. amphileucus,amphileucus,44.5608,318.7008,1.3222153025672372
105,D. anicetus,anicetus,41.9544,243.4824,1.0780040158924207
105,D. apalachicolae,apalachicolae,44.2512,300.1824,1.1636714125916872
105,D. auriculatus,auriculatus,48.3408,319.8888,1.2565784841075796
105,D. bairdi,bairdi,43.2648,306.936,1.3845882927872861
105,D. brimleyorum,brimleyorum,44.9136,330.3792,1.280978197432763
105,D. campi,campi,35.3376,258.2928,1.027435695599022
105,D. folkertsi,folkertsi,45.9936,270.3888,1.243713001222494
105,D. fuscus,fuscus,46.8216,273.528,1.0
105,D. gvnigeusgwotli,gvnigeusgwotli,46.872,272.4192,1.132995142420538
105,D. intermedius,intermedius,49.2768,328.392,1.2952432536674816
105,D. kanawha,kanawha,40.9968,285.3936,1.3090777145476773
105,D. marmoratus,marmoratus,48.3264,274.5,1.268286381418093
105,D. mavrokoilius,mavrokoilius,42.9984,268.9128,1.1102053869193154
105,D. monticola,monticola,39.5856,260.1072,1.1838014951100244
105,D. ochrophaeus,ochrophaeus,53.4384,271.8864,0.9839612353300734
105,D. ocoee,ocoee,42.8256,294.5304,1.225305055623472
105,D. orestes,orestes,47.808,255.4848,1.0127831277506114
105,D. perlapsus,perlapsus,44.1432,294.2352,1.0179619419315404
105,D. tilleyi,tilleyi,41.6664,265.0104,1.2115612732273837
105,D. valtos,valtos,49.9536,312.7824,1.6159525470660148
105,D. welteri,welteri,50.4648,306.7776,1.079009325794621
105,D. wrighti,wrighti,39.5784,226.5408,1.0307040452322738
106,D. aeneus,aeneus,35.8992,217.6992,0.5882003343520782
106,D. amphileucus,amphileucus,44.928,320.256,1.035362990220049
106,D. anicetus,anicetus,42.0624,244.2528,0.9433681485330073
106,D. apalachicolae,apalachicolae,46.0008,300.4344,0.9116238716381418
106,D. auriculatus,auriculatus,48.5496,314.6688,1.177712837408313
106,D. bairdi,bairdi,44.0064,305.3664,1.1246786735941319
106,D. brimleyorum,brimleyorum,45.6984,327.6432,1.1196302328850856
106,D. campi,campi,38.664,256.6296,0.905626597799511
106,D. folkertsi,folkertsi,47.4336,270.2376,1.034695218215159
106,D. fuscus,fuscus,45.3096,273.1032,1.0
106,D. gvnigeusgwotli,gvnigeusgwotli,44.64,272.0448,0.9466411228606357
106,D. intermedius,intermedius,50.0688,327.4704,1.1197261919315404
106,D. kanawha,kanawha,40.9464,285.3936,1.0400319737163815
106,D. marmoratus,marmoratus,48.3048,276.0552,1.1047611919315403
106,D. mavrokoilius,mavrokoilius,43.1928,268.6464,1.025386913814181
106,D. monticola,monticola,39.204,259.488,1.1043659993887531
106,D. ochrophaeus,ochrophaeus,52.6392,266.5584,0.8323777878973105
106,D. ocoee,ocoee,43.4448,295.6752,0.968904924816626
106,D. orestes,orestes,46.0224,254.6136,0.7935641112469438
106,D. perlapsus,perlapsus,41.2704,290.2752,0.952508706601467
106,D. tilleyi,tilleyi,42.9624,263.9232,1.0159622102689487
106,D. valtos,valtos,50.652,314.7552,1.3513673856968216
106,D. welteri,welteri,48.8448,304.1136,0.9035667451100245
106,D. wrighti,wrighti,43.848,247.6224,0.8838897842298289
107,D. aeneus,aeneus,35.424,213.6528,0.6216142365525672
107,D. amphileucus,amphileucus,44.5392,319.5504,1.1639037903422984
107,D. anicetus,anicetus,41.9832,242.3376,1.005697519559902
107,D. apalachicolae,apalachicolae,46.5408,300.312,1.1255277334963325
107,D. auriculatus,auriculatus,49.3632,314.2368,1.0813523013447432
107,D. bairdi,bairdi,44.4096,307.6488,1.230074672371638
107,D. brimleyorum,brimleyorum,43.884,329.0112,1.123678302567237
107,D. campi,campi,35.6688,258.2352,0.9819101375305623
107,D. folkertsi,folkertsi,45.9648,268.3728,1.1713510825183375
107,D. fuscus,fuscus,45.8496,272.1888,1.0
107,D. gvnigeusgwotli,gvnigeusgwotli,46.1952,271.656,1.0342086485330075
107,D. intermedius,intermedius,47.3328,321.3792,1.2148702915647922
107,D. kanawha,kanawha,41.9904,288.6624,1.0238249828850856
107,D. marmoratus,marmoratus,48.2544,274.1904,1.197818412591687
107,D. mavrokoilius,mavrokoilius,42.3504,268.488,1.0423918453545233
107,D. monticola,monticola,39.5856,257.58,1.113416347188264
107,D. ochrophaeus,ochrophaeus,51.6312,268.0704,0.902491369193154
107,D. ocoee,ocoee,42.0768,292.5216,1.0627227169926652
107,D. orestes,orestes,46.0512,255.3552,1.0081679706601467
107,D. perlapsus,perlapsus,44.5536,290.0232,0.9568989180929096
107,D. tilleyi,tilleyi,41.832,266.8464,1.0793539162591685
107,D. valtos,valtos,50.3784,316.5696,1.5009462267726161
107,D. welteri,welteri,49.5288,301.356,1.060891773227384
107,D. wrighti,wrighti,44.0136,247.5216,0.9118249278728607
108,D. aeneus,aeneus,38.0448,208.296,0.6006492817848411
108,D. amphileucus,amphileucus,44.4528,317.0016,1.0469171466992666
108,D. anicetus,anicetus,41.184,244.2744,0.9472735825183375
108,D. apalachicolae,apalachicolae,45.036,300.9888,0.938502978606357
108,D. auriculatus,auriculatus,49.9536,315.1368,1.0848012353300733
108,D. bairdi,bairdi,43.9416,304.3584,1.1752094896088021
108,D. brimleyorum,brimleyorum,45.6768,329.0112,1.1040487677261615
108,D. campi,campi,35.9568,258.5952,0.8872587347188264
108,D. folkertsi,folkertsi,45.576,267.9408,1.0478899193154034
108,D. fuscus,fuscus,48.312,273.528,1.0
108,D. gvnigeusgwotli,gvnigeusgwotli,47.0304,272.5344,0.9488142279951101
108,D. intermedius,intermedius,47.2608,325.4976,1.1330832017114914
108,D. kanawha,kanawha,41.0976,290.8584,1.1311755855745722
108,D. marmoratus,marmoratus,46.8936,275.1264,1.0764948679706603
108,D. mavrokoilius,mavrokoilius,40.4352,269.0208,0.8524084657701712
108,D. monticola,monticola,39.4848,260.8848,1.1988669523227384
108,D. ochrophaeus,ochrophaeus,52.632,272.7216,0.7916398765281174
108,D. ocoee,ocoee,43.6464,292.5936,1.0927887194376529
108,D. orestes,orestes,46.0512,254.6568,0.7832729003667482
108,D. perlapsus,perlapsus,43.5024,289.1808,0.8812880152811736
108,D. tilleyi,tilleyi,41.9976,266.8464,0.9881693679706602
108,D. valtos,valtos,49.5288,313.6896,1.3759881601466992
108,D. welteri,welteri,48.7872,309.9456,0.9188173710268949
108,D. wrighti,wrighti,46.2456,209.1312,0.885918837408313
109,D. aeneus,aeneus,38.8296,202.9248,0.6167687518337408
109,D. amphileucus,amphileucus,44.5608,316.8288,0.9712294645476773
109,D. anicetus,anicetus,40.284,243.8784,0.9311456815403423
109,D. apalachicolae,apalachicolae,44.6688,300.1536,0.8996018753056235
109,D. auriculatus,auriculatus,48.8016,317.1456,1.1451686986552567
109,D. bairdi,bairdi,44.0064,306.6048,1.1468052237163813
109,D. brimleyorum,brimleyorum,45.1008,327.024,1.0682914541564794
109,D. campi,campi,37.4472,257.7744,0.883798108190709
109,D. folkertsi,folkertsi,45.9936,268.3728,1.0242318954767726
109,D. fuscus,fuscus,46.1016,273.6072,1.0
109,D. gvnigeusgwotli,gvnigeusgwotli,47.2608,273.24,0.9303422628361858
109,D. intermedius,intermedius,47.2608,325.4976,1.1009759810513446
109,D. kanawha,kanawha,40.68,288.5904,0.9321830421760392
109,D. marmoratus,marmoratus,48.4272,276.408,1.1134024492665038
109,D. mavrokoilius,mavrokoilius,44.1792,269.8344,0.8766766876528117
109,D. monticola,monticola,39.7152,258.0984,1.0167275690709048
109,D. ochrophaeus,ochrophaeus,50.7816,275.1552,0.8166929767726162
109,D. ocoee,ocoee,43.1424,295.7832,1.0061429737163814
109,D. orestes,orestes,47.2896,255.456,0.806218794621027
109,D. perlapsus,perlapsus,44.424,292.3848,0.8914486577017114
109,D. tilleyi,tilleyi,41.6016,265.0896,0.9949106986552568
109,D. valtos,valtos,50.5152,311.6304,1.3494735495110024
109,D. welteri,welteri,48.7872,304.5456,0.9137654969437653
109,D. wrighti,wrighti,47.2896,219.6216,0.9085113905867972
110,D. aeneus,aeneus,35.8992,213.2856,0.6170848643031785
110,D. amphileucus,amphileucus,44.1648,319.0464,1.0391947952322738
110,D. anicetus,anicetus,41.6952,248.7312,0.867275087408313
110,D. apalachicolae,apalachicolae,44.4384,300.8016,0.8429560195599022
110,D. auriculatus,auriculatus,48.5568,315.1368,1.000296762224939
110,D. bairdi,bairdi,45.0072,305.3664,1.0696041442542787
110,D. brimleyorum,brimleyorum,45.2304,330.4008,1.0613518172371639
110,D. campi,campi,36.7488,257.904,0.8386795305623472
110,D. folkertsi,folkertsi,46.4112,268.8048,0.9682944529339854
110,D. fuscus,fuscus,47.5776,273.528,1.0
110,D. gvnigeusgwotli,gvnigeusgwotli,46.5696,272.4048,0.8851103801955991
110,D. intermedius,intermedius,49.8024,325.7424,1.027078891809291
110,D. kanawha,kanawha,43.0848,288.036,0.9949449437652813
110,D. marmoratus,marmoratus,48.888,275.0256,1.019744741442543
110,D. mavrokoilius,mavrokoilius,43.992,269.3088,0.8981520385085575
110,D. monticola,monticola,41.148,259.5024,0.9884851595354525
110,D. ochrophaeus,ochrophaeus,53.4816,267.7104,0.7748070244498777
110,D. ocoee,ocoee,44.2656,296.0496,1.0052573319070905
110,D. orestes,orestes,46.8288,254.2608,0.8958618215158924
110,D. perlapsus,perlapsus,42.3,291.8592,0.8070600336185819
110,D. tilleyi,tilleyi,42.6024,263.7648,0.9415984645476774
110,D. valtos,valtos,48.9024,314.1936,1.3197377359413205
110,D. welteri,welteri,48.7872,307.4688,0.8398754773838631
110,D. wrighti,wrighti,42.9696,225.5976,0.8568438080684597
111,D. aeneus,aeneus,39.0528,206.6472,0.5557890702933986
111,D. amphileucus,amphileucus,44.4096,318.78,0.9904284162591687
111,D. anicetus,anicetus,42.6888,246.2256,0.8872596980440098
111,D. apalachicolae,apalachicolae,45.2664,295.308,0.8922686656479218
111,D. auriculatus,auriculatus,49.5648,316.9224,1.0135893422982885
111,D. bairdi,bairdi,44.0064,307.3032,1.0715737658924205
111,D. brimleyorum,brimleyorum,44.5824,329.5224,1.0395922683374084
111,D. campi,campi,38.3328,256.8384,0.8331051454767727
111,D. folkertsi,folkertsi,44.3016,270.0864,0.9837382665036676
111,D. fuscus,fuscus,46.944,270.5904,1.0
111,D. gvnigeusgwotli,gvnigeusgwotli,45.2304,272.9376,0.8964538740831296
111,D. intermedius,intermedius,49.14,328.7088,1.038192261002445
111,D. kanawha,kanawha,41.3424,288.7344,1.092940642420538
111,D. marmoratus,marmoratus,47.7576,276.6096,1.0244538948655257
111,D. mavrokoilius,mavrokoilius,41.328,265.9248,0.9709050874083129
111,D. monticola,monticola,39.5352,260.1504,0.9324790391198045
111,D. ochrophaeus,ochrophaeus,51.6312,271.0368,0.7499255250611248
111,D. ocoee,ocoee,43.0416,293.292,0.9152031674816626
111,D. orestes,orestes,46.0512,257.1192,0.7493972995110024
111,D. perlapsus,perlapsus,44.208,296.1936,0.8887738655256724
111,D. tilleyi,tilleyi,41.5656,264.1032,0.953612380806846
111,D. valtos,valtos,49.6368,311.7168,1.3231259645476772
111,D. welteri,welteri,48.1896,304.416,0.8616256424205379
111,D. wrighti,wrighti,41.2848,237.0312,0.8097528545232274
112,D. aeneus,aeneus,37.6704,212.436,0.5339327414425429
112,D. amphileucus,amphileucus,44.4528,319.7808,0.940175262224939
112,D. anicetus,anicetus,41.184,244.1952,0.8561754193154034
112,D. apalachicolae,apalachicolae,46.5408,294.0912,0.9349383832518338
112,D. auriculatus,auriculatus,48.0168,312.5304,0.9834107781173593
112,D. bairdi,bairdi,45.0072,306.972,1.051548184596577
112,D. brimleyorum,brimleyorum,44.4456,330.3792,0.9579106980440099
112,D. campi,campi,35.9568,249.8688,0.8349678514669927
112,D. folkertsi,folkertsi,44.3232,269.0424,0.9625044327628363
112,D. fuscus,fuscus,45.9792,271.8864,1.0
112,D. gvnigeusgwotli,gvnigeusgwotli,46.5696,274.2264,0.8753180195599023
112,D. intermedius,intermedius,46.6128,320.2272,1.0263669211491444
112,D. kanawha,kanawha,40.68,289.6272,1.046980957212714
112,D. marmoratus,marmoratus,49.32,274.7808,1.0196906674816626
112,D. mavrokoilius,mavrokoilius,42.552,269.0208,0.8823751173594132
112,D. monticola,monticola,39.42,258.9264,1.032259740831296
112,D. ochrophaeus,ochrophaeus,50.328,268.0704,0.738453880806846
112,D. ocoee,ocoee,43.5096,292.896,0.8903813355745721
112,D. orestes,orestes,45.072,255.3552,0.6648793392420539
112,D. perlapsus,perlapsus,41.6088,292.3848,0.840120576405868
112,D. tilleyi,tilleyi,41.8536,264.672,0.9233647946210269
112,D. valtos,valtos,48.7656,314.1432,1.2148869645476774
112,D. welteri,welteri,48.8952,303.984,0.8971315941320294
112,D. wrighti,wrighti,43.848,247.6224,0.8601548514669927
113,D. aeneus,aeneus,38.8296,206.1,0.5329094975550122
113,D. amphileucus,amphileucus,44.4096,321.696,0.8840144841075795
113,D. anicetus,anicetus,41.688,245.1816,0.8246682909535452
113,D. apalachicolae,apalachicolae,44.9712,297.8928,0.8553509419315404
113,D. auriculatus,auriculatus,49.356,316.7712,0.8591845812958436
113,D. bairdi,bairdi,44.0064,303.9408,1.0119902231051345
113,D. brimleyorum,brimleyorum,45.1152,327.7152,0.9562493312958436
113,D. campi,campi,36.6696,258.2928,0.8068698765281174
113,D. folkertsi,folkertsi,44.6184,268.7688,0.9286026112469438
113,D. fuscus,fuscus,48.0384,276.1632,1.0
113,D. gvnigeusgwotli,gvnigeusgwotli,46.692,272.304,0.8480473123471883
113,D. intermedius,intermedius,50.1192,327.0312,0.9257066387530563
113,D. kanawha,kanawha,42.3936,286.1352,1.0899246687041564
113,D. marmoratus,marmoratus,47.16,274.1904,0.9975541375305623
113,D. mavrokoilius,mavrokoilius,43.8768,272.1024,0.9227348691931541
113,D. monticola,monticola,39.4848,260.1288,0.8947701075794622
113,D. ochrophaeus,ochrophaeus,52.6176,272.304,0.6887805507334963
113,D. ocoee,ocoee,41.9904,293.3856,0.876921163814181
113,D. orestes,orestes,45.3384,254.6784,0.7846947665036675
113,D. perlapsus,perlapsus,44.0208,296.7048,0.7569035036674817
113,D. tilleyi,tilleyi,41.7888,263.5848,0.8721779694376529
113,D. valtos,valtos,50.3784,313.7904,1.1953025275061127
113,D. welteri,welteri,48.708,305.7264,0.8172408783618582
113,D. wrighti,wrighti,44.0136,209.1312,0.8035846210268949
114,D. aeneus,aeneus,37.8576,208.5408,0.5978599425427873
114,D. amphileucus,amphileucus,43.9848,318.7008,1.2064626772616136
114,D. anicetus,anicetus,40.86,245.2608,0.999369435207824
114,D. apalachicolae,apalachicolae,45.8064,295.308,0.9767611326405867
114,D. auriculatus,auriculatus,49.3488,312.156,1.1550107451100247
114,D. bairdi,bairdi,44.208,305.9064,1.2120565825183376
114,D. brimleyorum,brimleyorum,45.288,328.3632,1.1046621790953546
114,D. campi,campi,36.6696,258.1632,0.9566035079462104
114,D. folkertsi,folkertsi,44.5104,268.8048,1.1256281558679708
114,D. fuscus,fuscus,47.4768,275.7096,1.0
114,D. gvnigeusgwotli,gvnigeusgwotli,46.692,272.4696,0.9682806998777507
114,D. intermedius,intermedius,48.1032,328.7088,1.2628350476772618
114,D. kanawha,kanawha,41.4,288.6264,1.2459193416870415
114,D. marmoratus,marmoratus,48.1392,274.2192,1.1780963624694378
114,D. mavrokoilius,mavrokoilius,40.9968,267.7968,1.1396247017114913
114,D. monticola,monticola,39.5352,258.9552,1.0676864602689489
114,D. ochrophaeus,ochrophaeus,51.1488,274.5,0.8604019254278729
114,D. ocoee,ocoee,41.5728,292.14,1.144348501833741
114,D. orestes,orestes,46.8288,255.3264,0.9507045427872861
114,D. perlapsus,perlapsus,41.7816,291.7944,0.9468472842298289
114,D. tilleyi,tilleyi,42.1992,264.672,1.112497042787286
114,D. valtos,valtos,49.5288,316.5696,1.5031097432762837
114,D. welteri,welteri,48.924,303.3216,0.9852288856968217
114,D. wrighti,wrighti,40.4784,215.1072,0.9738528734718827
115,D. aeneus,aeneus,37.656,213.1776,0.5857233740831296
115,D. amphileucus,amphileucus,44.5608,317.772,1.0713739235941322
115,D. anicetus,anicetus,41.184,244.2744,0.961122347799511
115,D. apalachicolae,apalachicolae,44.1,300.9888,0.9917625837408313
115,D. auriculatus,auriculatus,48.8016,312.7104,1.031990119804401
115,D. bairdi,bairdi,44.7624,306.0432,1.1972242231051347
115,D. brimleyorum,brimleyorum,46.2528,327.5064,1.05500843398533
115,D. campi,campi,36.7488,255.3192,0.9279116907090466
115,D. folkertsi,folkertsi,46.4112,267.9408,1.0430323734718827
115,D. fuscus,fuscus,46.5192,273.8376,1.0
115,D. gvnigeusgwotli,gvnigeusgwotli,45.216,271.62,0.9273258991442543
115,D. intermedius,intermedius,48.852,325.1952,1.115044140586797
115,D. kanawha,kanawha,41.4,288.6264,1.0998141821515894
115,D. marmoratus,marmoratus,48.3264,274.6224,1.0883743209046455
115,D. mavrokoilius,mavrokoilius,41.328,271.8288,0.9885775281173594
115,D. monticola,monticola,39.1104,258.9552,1.0185938960880196
115,D. ochrophaeus,ochrophaeus,51.6312,271.8864,0.8510814162591688
115,D. ocoee,ocoee,42.2496,292.4496,1.074944740831296
115,D. orestes,orestes,47.5992,255.4704,0.8386405018337408
115,D. perlapsus,perlapsus,41.6736,289.6632,0.8054912732273839
115,D. tilleyi,tilleyi,43.0776,264.0528,1.0292685678484108
115,D. valtos,valtos,49.5288,314.9136,1.4080905709046456
115,D. welteri,welteri,50.328,308.9736,0.9968870941320294
115,D. wrighti,wrighti,45.936,249.2064,1.0077425177261614
116,D. aeneus,aeneus,35.928,210.9456,0.5916119981662592
116,D. amphileucus,amphileucus,43.9848,317.8512,1.1613186033007334
116,D. anicetus,anicetus,42.1344,243.9576,0.9975963679706602
116,D. apalachicolae,apalachicolae,45.6336,301.1976,1.017691902811736
116,D. auriculatus,auriculatus,49.5072,316.8864,1.1531666136919316
116,D. bairdi,bairdi,43.7184,305.9064,1.2178247224938876
116,D. brimleyorum,brimleyorum,45.6768,330.3792,1.1299265317848413
116,D. campi,campi,36.7488,259.5456,0.9880845067237164
116,D. folkertsi,folkertsi,44.8704,267.0192,1.1194454883863083
116,D. fuscus,fuscus,47.7576,272.9376,1.0
116,D. gvnigeusgwotli,gvnigeusgwotli,45.2304,272.9376,1.0429100250611247
116,D. intermedius,intermedius,49.14,325.7424,1.1270094621026896
116,D. kanawha,kanawha,40.9392,290.664,1.030145174205379
116,D. marmoratus,marmoratus,46.7856,274.356,1.174284110635697
116,D. mavrokoilius,mavrokoilius,44.0568,271.908,0.9986343966992666
116,D. monticola,monticola,39.8232,258.4728,1.1331764841075793
116,D. ochrophaeus,ochrophaeus,52.9632,272.304,0.8987544639364303
116,D. ocoee,ocoee,44.1504,292.4496,1.0878390629584354
116,D. orestes,orestes,45.108,254.6712,0.9566288392420538
116,D. perlapsus,perlapsus,43.5024,294.1344,0.9359026314180929
116,D. tilleyi,tilleyi,41.8752,265.8888,1.0972932658924206
116,D. valtos,valtos,50.5152,314.1936,1.4952771717603912
116,D. welteri,welteri,48.2328,302.2416,0.9596902548899756
116,D. wrighti,wrighti,45.936,247.7232,1.0092111931540344
117,D. aeneus,aeneus,37.62,207.8712,0.6389262781173595
117,D. amphileucus,amphileucus,44.4096,319.176,1.1239795611246945
117,D. anicetus,anicetus,40.3488,244.1376,1.0480779358190708
117,D. apalachicolae,apalachicolae,44.6256,299.5488,1.041657084963325
117,D. auriculatus,auriculatus,49.0032,317.448,1.1968447768948656
117,D. bairdi,bairdi,44.8992,306.936,1.2632429511002445
117,D. brimleyorum,brimleyorum,43.9488,330.8688,1.2360807597799512
117,D. campi,campi,38.1888,249.3504,1.0063222341075795
117,D. folkertsi,folkertsi,44.4672,265.2408,1.1573492573349633
117,D. fuscus,fuscus,46.944,272.5632,1.0
117,D. gvnigeusgwotli,gvnigeusgwotli,46.7424,272.772,1.0424874706601468
117,D. intermedius,intermedius,49.14,326.592,1.1875734920537897
117,D. kanawha,kanawha,43.1136,287.8128,1.338836902811736
117,D. marmoratus,marmoratus,47.5488,274.7808,1.164895261002445
117,D. mavrokoilius,mavrokoilius,40.716,269.352,1.1451104944987776
117,D. monticola,monticola,39.6,257.688,1.1760930623471884
117,D. ochrophaeus,ochrophaeus,52.1352,274.7952,0.8607137750611247
117,D. ocoee,ocoee,44.0352,294.5304,1.1198635605134475
117,D. orestes,orestes,47.1888,254.8512,0.9754129193154034
117,D. perlapsus,perlapsus,43.2576,294.1776,0.9253516699266504
117,D. tilleyi,tilleyi,41.7888,262.692,1.093982926650367
117,D. valtos,valtos,49.6008,313.7904,1.5850130892420538
117,D. welteri,welteri,48.9024,304.416,0.9603048606356969
117,D. wrighti,wrighti,45.3672,226.5408,1.004175207823961
118,D. aeneus,aeneus,37.62,207.756,0.6097899920537897
118,D. amphileucus,amphileucus,44.676,317.664,1.066157979828851
118,D. anicetus,anicetus,42.6888,247.5792,0.9228912603911981
118,D. apalachicolae,apalachicolae,45.2016,300.6504,0.9529658820293399
118,D. auriculatus,auriculatus,48.5568,313.1136,1.0725940617359413
118,D. bairdi,bairdi,44.208,306.6048,1.140453042176039
118,D. brimleyorum,brimleyorum,45.2304,328.8168,1.086876806234719
118,D. campi,campi,37.1232,249.9696,0.8869614089242055
118,D. folkertsi,folkertsi,44.3016,267.9408,1.059227892420538
118,D. fuscus,fuscus,46.4112,273.3552,1.0
118,D. gvnigeusgwotli,gvnigeusgwotli,47.016,274.1256,0.9340403037897311
118,D. intermedius,intermedius,47.3328,322.5024,1.1022885140586798
118,D. kanawha,kanawha,41.04,288.756,1.1051321845965771
118,D. marmoratus,marmoratus,48.3552,274.1904,1.0578143166259169
118,D. mavrokoilius,mavrokoilius,41.1624,268.8048,0.8596952921760391
118,D. monticola,monticola,39.5928,259.5384,0.9721191283618582
118,D. ochrophaeus,ochrophaeus,51.1488,267.8832,0.7947903459657701
118,D. ocoee,ocoee,44.1072,293.112,1.0108836803178485
118,D. orestes,orestes,47.3328,256.4064,0.7545210629584352
118,D. perlapsus,perlapsus,44.5392,299.52,0.9123327946210269
118,D. tilleyi,tilleyi,42.6024,263.0016,1.0130751143031786
118,D. valtos,valtos,49.7952,314.9136,1.3795365372860635
118,D. welteri,welteri,48.4272,310.4784,0.8255109370415649
118,D. wrighti,wrighti,43.848,247.7232,0.8494636644254279
119,D. aeneus,aeneus,39.0456,206.712,0.5431167383863081
119,D. amphileucus,amphileucus,44.676,318.78,0.9606236283618582
119,D. anicetus,anicetus,41.4432,247.032,0.8357001888753057
119,D. apalachicolae,apalachicolae,44.2512,293.4576,0.824290837408313
119,D. auriculatus,auriculatus,49.356,315.1368,1.0715311369193155
119,D. bairdi,bairdi,44.0064,306.1368,1.0346948129584352
119,D. brimleyorum,brimleyorum,44.9136,330.3792,0.9569058294621027
119,D. campi,campi,36.6768,258.5952,0.7899752658924206
119,D. folkertsi,folkertsi,44.7624,268.9704,0.9241020048899755
119,D. fuscus,fuscus,47.3112,273.528,1.0
119,D. gvnigeusgwotli,gvnigeusgwotli,46.7712,271.656,0.8070768966992665
119,D. intermedius,intermedius,49.8024,325.2528,0.9765447096577018
119,D. kanawha,kanawha,42.6672,287.2872,0.8889071937652812
119,D. marmoratus,marmoratus,48.1032,276.0552,0.9408816949877751
119,D. mavrokoilius,mavrokoilius,41.1624,268.1424,0.7471084260391199
119,D. monticola,monticola,39.5856,260.1072,0.9230821619804401
119,D. ochrophaeus,ochrophaeus,50.4792,273.4344,0.696175151589242
119,D. ocoee,ocoee,42.3936,292.4496,0.9384612432762837
119,D. orestes,orestes,46.0512,255.3552,0.7087304425427873
119,D. perlapsus,perlapsus,43.5024,293.0256,0.8422976411980441
119,D. tilleyi,tilleyi,41.616,264.0528,0.8857189058679706
119,D. valtos,valtos,49.9536,317.304,1.2126452903422984
119,D. welteri,welteri,48.672,301.1472,0.806331434596577
119,D. wrighti,wrighti,41.2848,225.5976,0.7618667206601467
120,D. aeneus,aeneus,38.7504,207.756,0.6474909718826406
120,D. amphileucus,amphileucus,44.4096,317.8512,1.113605401589242
120,D. anicetus,anicetus,42.3432,244.2528,1.0200196632029341
120,D. apalachicolae,apalachicolae,46.2384,297.504,0.9901967133251833
120,D. auriculatus,auriculatus,50.1408,318.924,1.108525465770171
120,D. bairdi,bairdi,45.1368,304.6104,1.2290171057457213
120,D. brimleyorum,brimleyorum,44.9136,330.3792,1.098765523838631
120,D. campi,campi,37.3968,257.7096,0.9579036308068459
120,D. folkertsi,folkertsi,43.9848,269.7408,1.114497402200489
120,D. fuscus,fuscus,45.3168,274.0032,1.0
120,D. gvnigeusgwotli,gvnigeusgwotli,45.936,271.5552,1.02517025
120,D. intermedius,intermedius,48.9384,325.0008,1.249508175427873
120,D. kanawha,kanawha,43.1424,283.4568,1.0151304547677262
120,D. marmoratus,marmoratus,47.6568,276.408,1.2096450837408315
120,D. mavrokoilius,mavrokoilius,41.8392,269.8344,1.1531233239608802
120,D. monticola,monticola,39.6144,260.5824,1.1024946466992667
120,D. ochrophaeus,ochrophaeus,52.4592,268.5384,0.8685155690709047
120,D. ocoee,ocoee,44.2656,293.292,1.1154695812958435
120,D. orestes,orestes,46.0224,255.4848,0.895125652200489
120,D. perlapsus,perlapsus,43.8408,294.1344,0.8603376375305624
120,D. tilleyi,tilleyi,43.128,264.1032,1.0892437249388753
120,D. valtos,valtos,49.608,316.5696,1.4677680158924207
120,D. welteri,welteri,48.672,302.8464,0.9837218196821516
120,D. wrighti,wrighti,42.0912,237.0312,0.9309846589242055
121,D. aeneus,aeneus,36.8712,210.456,0.6247471039119805
121,D. amphileucus,amphileucus,44.2512,317.664,0.9255921864303178
121,D. anicetus,anicetus,41.7312,245.2608,0.8552304614914426
121,D. apalachicolae,apalachicolae,45.5688,300.4632,0.9340212866748167
121,D. auriculatus,auriculatus,50.5152,319.8888,0.9206531253056235
121,D. bairdi,bairdi,43.884,304.8624,1.085467902811736
121,D. brimleyorum,brimleyorum,45.1008,330.8688,0.9354140061124695
121,D. campi,campi,37.3968,257.4504,0.8486542353300733
121,D. folkertsi,folkertsi,44.1504,268.7688,0.9676951827628362
121,D. fuscus,fuscus,47.0088,274.0392,1.0
121,D. gvnigeusgwotli,gvnigeusgwotli,46.8648,271.8072,0.8874974187041565
121,D. intermedius,intermedius,49.428,325.1952,1.0231158918092909
121,D. kanawha,kanawha,40.9896,289.6272,0.9728956381418093
121,D. marmoratus,marmoratus,48.3552,273.7296,0.9845936943765281
121,D. mavrokoilius,mavrokoilius,42.7536,269.8344,0.8608308740831296
121,D. monticola,monticola,40.572,259.8192,0.9825094724938875
121,D. ochrophaeus,ochrophaeus,52.6176,268.0704,0.7662923105134475
121,D. ocoee,ocoee,42.3216,291.672,0.8883512481662592
121,D. orestes,orestes,46.0224,255.7368,0.7482984737163815
121,D. perlapsus,perlapsus,41.2704,290.0088,0.8707263569682152
121,D. tilleyi,tilleyi,41.652,264.672,0.9228655165036674
121,D. valtos,valtos,50.7888,314.1432,1.2871106625916873
121,D. welteri,welteri,48.8088,307.1232,0.8391715941320294
121,D. wrighti,wrighti,42.0912,281.7072,0.8735573691931541
122,D. aeneus,aeneus,36.072,208.9872,0.665363598410758
122,D. amphileucus,amphileucus,44.4096,317.0016,1.107444
122,D. anicetus,anicetus,41.7024,243.1368,0.9453682414425428
122,D. apalachicolae,apalachicolae,46.1088,298.4688,0.9918898869193155
122,D. auriculatus,auriculatus,49.9536,315.8784,1.1109929193154036
122,D. bairdi,bairdi,44.6256,307.6992,1.1540667683374084
122,D. brimleyorum,brimleyorum,45.2304,328.8168,1.1201820122249389
122,D. campi,campi,36.6768,257.7096,0.9168036888753057
122,D. folkertsi,folkertsi,44.4888,267.408,1.0044962451100243
122,D. fuscus,fuscus,45.4392,273.1464,1.0
122,D. gvnigeusgwotli,gvnigeusgwotli,45.5472,272.8368,0.9523901522004891
122,D. intermedius,intermedius,48.0456,322.5024,1.1121554272616136
122,D. kanawha,kanawha,42.048,286.9704,1.0306980727383863
122,D. marmoratus,marmoratus,46.7856,274.032,1.1088585922982885
122,D. mavrokoilius,mavrokoilius,44.1216,269.6112,0.9021114761613692
122,D. monticola,monticola,39.312,260.1072,1.028365987775061
122,D. ochrophaeus,ochrophaeus,51.9552,268.0704,0.8238004590464548
122,D. ocoee,ocoee,42.3144,293.1552,1.0191096833740831
122,D. orestes,orestes,46.5624,255.204,0.9118001558679707
122,D. perlapsus,perlapsus,42.9192,294.1344,0.9343398141809292
122,D. tilleyi,tilleyi,41.8536,264.4776,1.0402397169926652
122,D. valtos,valtos,49.6368,306.8496,1.4061073092909537
122,D. welteri,welteri,49.248,308.7072,0.9584147933985331
122,D. wrighti,wrighti,39.5784,215.1072,0.8987865678484107
123,D. aeneus,aeneus,38.4768,207.8208,0.6488377310513448
123,D. amphileucus,amphileucus,44.1288,318.4344,1.096389434596577
123,D. anicetus,anicetus,41.184,242.6544,0.95536681601467
123,D. apalachicolae,apalachicolae,45.6336,302.0904,0.9534419425427874
123,D. auriculatus,auriculatus,49.5648,315.1728,1.1905015281173594
123,D. bairdi,bairdi,44.0064,306.972,1.1539850482885086
123,D. brimleyorum,brimleyorum,43.884,330.6384,1.0777849009779952
123,D. campi,campi,36.6768,258.2928,0.9156199498777506
123,D. folkertsi,folkertsi,45.0144,268.8048,1.0504363215158923
123,D. fuscus,fuscus,47.5416,272.808,1.0
123,D. gvnigeusgwotli,gvnigeusgwotli,46.6704,275.0112,0.9485255256723717
123,D. intermedius,intermedius,48.9384,325.0008,1.1027197402200488
123,D. kanawha,kanawha,43.5888,288.6192,1.0468417927872862
123,D. marmoratus,marmoratus,48.3264,277.3368,1.101741727383863
123,D. mavrokoilius,mavrokoilius,43.704,269.3088,0.9364809070904645
123,D. monticola,monticola,39.2688,258.9408,1.110259305623472
123,D. ochrophaeus,ochrophaeus,51.3072,278.7624,0.812074282396088
123,D. ocoee,ocoee,43.4448,291.7512,1.0683750189486552
123,D. orestes,orestes,45.5328,255.6072,0.884644434596577
123,D. perlapsus,perlapsus,41.4216,293.6088,0.9607243795843522
123,D. tilleyi,tilleyi,42.4008,263.5848,0.9928112273838632
123,D. valtos,valtos,49.9824,312.2928,1.4241106350855748
123,D. welteri,welteri,48.7008,310.4784,0.8612055996332518
123,D. wrighti,wrighti,46.2456,219.7224,0.8315178306845966
124,D. aeneus,aeneus,36.8352,205.2432,0.5211311100244499
124,D. amphileucus,amphileucus,44.4096,316.4904,0.8861745458435208
124,D. anicetus,anicetus,41.472,242.6544,0.8098977964547678
124,D. apalachicolae,apalachicolae,44.3448,295.308,0.8431373887530562
124,D. auriculatus,auriculatus,49.356,317.124,1.0174135061124694
124,D. bairdi,bairdi,44.5176,306.972,1.0169106491442543
124,D. brimleyorum,brimleyorum,45.2016,330.8544,0.8974247634474328
124,D. campi,campi,37.4544,257.904,0.7778912995110026
124,D. folkertsi,folkertsi,47.2104,268.8768,0.9095484156479218
124,D. fuscus,fuscus,47.412,274.0032,1.0
124,D. gvnigeusgwotli,gvnigeusgwotli,46.5696,272.4192,0.7947313331295844
124,D. intermedius,intermedius,46.9368,323.7408,0.9827079828850857
124,D. kanawha,kanawha,41.7456,288.6552,0.9104070134474328
124,D. marmoratus,marmoratus,48.3408,274.6224,0.9527760641809291
124,D. mavrokoilius,mavrokoilius,41.8392,269.3592,0.8928019633251835
124,D. monticola,monticola,39.3552,263.4336,0.9179217701711492
124,D. ochrophaeus,ochrophaeus,52.6392,274.7952,0.7079876778728607
124,D. ocoee,ocoee,42.6096,293.1552,0.9213187298288509
124,D. orestes,orestes,45.9936,255.3264,0.7601058141809292
124,D. perlapsus,perlapsus,43.6824,293.5512,0.751302152811736
124,D. tilleyi,tilleyi,41.976,263.2464,0.8784127646699267
124,D. valtos,valtos,49.5648,313.6896,1.2293143215158924
124,D. welteri,welteri,48.4272,304.5456,0.8004215788508557
124,D. wrighti,wrighti,48.6432,203.6736,0.720479271393643
125,D. aeneus,aeneus,38.3976,208.9872,0.6123264119804401
125,D. amphileucus,amphileucus,45.8064,319.5504,1.0839080623471884
125,D. anicetus,anicetus,41.76,244.2744,0.9457628844743277
125,D. apalachicolae,apalachicolae,44.3016,297.504,0.9428212011002445
125,D. auriculatus,auriculatus,47.5488,316.9008,1.0252224113691932
125,D. bairdi,bairdi,43.776,305.5248,1.1883475238386307
125,D. brimleyorum,brimleyorum,46.26,330.1056,1.0391308154034231
125,D. campi,campi,37.4544,257.4504,0.8926936784841076
125,D. folkertsi,folkertsi,43.7256,265.4064,1.0392191369193156
125,D. fuscus,fuscus,47.3112,272.3616,1.0
125,D. gvnigeusgwotli,gvnigeusgwotli,46.7136,271.7208,0.9416082035452322
125,D. intermedius,intermedius,49.2768,325.2528,1.145440163202934
125,D. kanawha,kanawha,41.724,289.6272,1.10789122799511
125,D. marmoratus,marmoratus,48.3408,276.0552,1.1365355586797066
125,D. mavrokoilius,mavrokoilius,41.328,270.0576,1.0492781436430318
125,D. monticola,monticola,39.8592,258.9552,1.0041939168704157
125,D. ochrophaeus,ochrophaeus,51.192,272.7216,0.8040376179706602
125,D. ocoee,ocoee,44.1072,293.112,1.074963097799511
125,D. orestes,orestes,46.0224,254.6136,0.9756471699266505
125,D. perlapsus,perlapsus,43.38,289.8576,1.0016322127139365
125,D. tilleyi,tilleyi,41.6952,266.5296,1.0404370782396088
125,D. valtos,valtos,49.9536,307.0368,1.3687045256723716
125,D. welteri,welteri,48.1104,302.8032,0.8474202933985331
125,D. wrighti,wrighti,42.0912,237.0312,0.8779275666259169
126,D. aeneus,aeneus,36.072,200.6064,0.5393969951100245
126,D. amphileucus,amphileucus,43.848,319.5504,1.0117235348410758
126,D. anicetus,anicetus,41.436,244.2744,0.92034854400978
126,D. apalachicolae,apalachicolae,44.3952,299.0448,0.9567466124694377
126,D. auriculatus,auriculatus,48.2976,312.6528,1.0036952768948655
126,D. bairdi,bairdi,44.316,305.3664,1.1103408960880197
126,D. brimleyorum,brimleyorum,45.0864,328.8168,1.1057954822738385
126,D. campi,campi,36.0144,257.4504,0.8599807720048901
126,D. folkertsi,folkertsi,45.576,268.8048,1.028241770782396
126,D. fuscus,fuscus,47.3112,272.1888,1.0
126,D. gvnigeusgwotli,gvnigeusgwotli,45.9504,273.4416,0.936933316625917
126,D. intermedius,intermedius,48.9384,326.16,1.073450316625917
126,D. kanawha,kanawha,41.724,288.756,0.9158320831295844
126,D. marmoratus,marmoratus,46.728,274.2048,1.042838445599022
126,D. mavrokoilius,mavrokoilius,42.0408,269.8344,0.8114067860635698
126,D. monticola,monticola,39.6144,258.2064,1.009027619804401
126,D. ochrophaeus,ochrophaeus,52.6032,267.7104,0.751604718215159
126,D. ocoee,ocoee,41.9904,292.5216,1.017762151589242
126,D. orestes,orestes,45.8928,255.7368,0.8955143685819071
126,D. perlapsus,perlapsus,41.8896,297.4176,0.8664238808068461
126,D. tilleyi,tilleyi,42.1632,264.2832,0.9809594113691933
126,D. valtos,valtos,50.8536,311.8752,1.3666627475550124
126,D. welteri,welteri,48.168,303.4368,0.9554992029339854
126,D. wrighti,wrighti,43.848,237.132,0.8720125935207824
127,D. aeneus,aeneus,38.6064,211.4784,0.527608805012225
127,D. amphileucus,amphileucus,45.5904,319.5216,0.9926248160146699
127,D. anicetus,anicetus,40.7952,244.2528,0.8470697145476772
127,D. apalachicolae,apalachicolae,45.8712,297.504,0.8959602304400979
127,D. auriculatus,auriculatus,49.176,313.6752,0.9916007695599023
127,D. bairdi,bairdi,44.9424,304.8624,1.0408366002444986
127,D. brimleyorum,brimleyorum,45.1008,330.4008,1.007379444987775
127,D. campi,campi,36.6696,256.0032,0.8319063887530562
127,D. folkertsi,folkertsi,44.28,268.7688,0.9474016436430318
127,D. fuscus,fuscus,47.2464,272.1888,1.0
127,D. gvnigeusgwotli,gvnigeusgwotli,46.6416,278.9712,0.8926949321515892
127,D. intermedius,intermedius,49.2912,326.16,0.9863533942542787
127,D. kanawha,kanawha,41.724,286.1352,0.969206129584352
127,D. marmoratus,marmoratus,48.2544,276.5448,1.0119249168704156
127,D. mavrokoilius,mavrokoilius,41.04,271.8288,0.87884413202934
127,D. monticola,monticola,39.6072,262.2096,0.9305374523227383
127,D. ochrophaeus,ochrophaeus,50.5656,273.4344,0.7663855275061124
127,D. ocoee,ocoee,43.1424,292.4496,0.9539397744498778
127,D. orestes,orestes,45.3384,255.7368,0.7809549645476773
127,D. perlapsus,perlapsus,43.2576,290.0232,0.77285681601467
127,D. tilleyi,tilleyi,42.5952,264.7512,0.8961709957212715
127,D. valtos,valtos,49.7952,314.7552,1.2808111057457214
127,D. welteri,welteri,48.7296,302.8032,0.7697311693154034
127,D. wrighti,wrighti,44.892,247.5216,0.8454093789731051
128,D. aeneus,aeneus,38.0232,207.936,0.5350863037897311
128,D. amphileucus,amphileucus,44.4096,318.8592,1.0728996607579462
128,D. anicetus,anicetus,41.9112,242.9712,0.8956535605134475
128,D. apalachicolae,apalachicolae,45.8064,297.504,0.8733533343520783
128,D. auriculatus,auriculatus,48.6792,316.8864,1.0489562310513447
128,D. bairdi,bairdi,44.0064,306.0,1.0990211124694378
128,D. brimleyorum,brimleyorum,45.1152,330.8832,0.9919109767726163
128,D. campi,campi,36.6624,258.8832,0.8635842121026895
128,D. folkertsi,folkertsi,44.8704,268.8048,1.0112904535452323
128,D. fuscus,fuscus,47.7072,273.1032,1.0
128,D. gvnigeusgwotli,gvnigeusgwotli,46.6704,272.3688,0.9240228783618583
128,D. intermedius,intermedius,48.168,325.7424,1.0614662689486554
128,D. kanawha,kanawha,43.1496,287.5104,0.9170487169926651
128,D. marmoratus,marmoratus,46.2672,274.1904,1.0801113435207823
128,D. mavrokoilius,mavrokoilius,43.3872,267.7032,0.91796797799511
128,D. monticola,monticola,39.7872,258.0984,0.9873623905867971
128,D. ochrophaeus,ochrophaeus,52.6104,272.304,0.7956995886308068
128,D. ocoee,ocoee,43.9992,294.2424,1.0007694113691932
128,D. orestes,orestes,46.8576,255.3264,0.9281669400977995
128,D. perlapsus,perlapsus,44.5464,293.5512,0.8449248374083129
128,D. tilleyi,tilleyi,42.5952,264.7512,0.9657628759168705
128,D. valtos,valtos,49.7664,318.4992,1.3730598441320294
128,D. welteri,welteri,48.6432,303.0624,0.8354470831295844
128,D. wrighti,wrighti,40.4784,226.5408,0.8886493673594132
129,D. aeneus,aeneus,38.2536,209.9232,0.5972695861858192
129,D. amphileucus,amphileucus,43.848,318.8592,1.1615297860635698
129,D. anicetus,anicetus,41.6952,243.8784,0.9646806717603913
129,D. apalachicolae,apalachicolae,45.5688,299.5488,0.9492921589242054
129,D. auriculatus,auriculatus,48.9024,312.912,1.1344734920537898
129,D. bairdi,bairdi,43.9272,307.008,1.182356991442543
129,D. brimleyorum,brimleyorum,45.288,326.3328,1.1523892646699265
129,D. campi,campi,36.2808,258.5232,0.930204500611247
129,D. folkertsi,folkertsi,44.3232,269.136,1.035364119193154
129,D. fuscus,fuscus,47.5776,273.6072,1.0
129,D. gvnigeusgwotli,gvnigeusgwotli,46.6416,272.5344,0.993724163814181
129,D. intermedius,intermedius,48.5136,324.8496,1.1505528826405869
129,D. kanawha,kanawha,41.4,292.5072,1.143468893643032
129,D. marmoratus,marmoratus,46.8432,275.5296,1.132298424816626
129,D. mavrokoilius,mavrokoilius,42.6744,267.7968,1.0675150715158925
129,D. monticola,monticola,38.9952,260.0784,1.0754481473105135
129,D. ochrophaeus,ochrophaeus,52.812,270.2088,0.8630117316625917
129,D. ocoee,ocoee,43.092,294.5304,1.0672795293398534
129,D. orestes,orestes,46.0512,255.6144,0.9207789382640588
129,D. perlapsus,perlapsus,43.38,289.4832,0.8928536748166259
129,D. tilleyi,tilleyi,41.6952,263.2464,1.0318095354523227
129,D. valtos,valtos,49.9536,312.2928,1.4561598129584352
129,D. welteri,welteri,48.6864,307.8144,0.9171796577017115
129,D. wrighti,wrighti,42.9696,225.6984,0.9691644272616138
130,D. aeneus,aeneus,36.072,209.4768,0.5776449547677261
130,D. amphileucus,amphileucus,44.4312,316.2816,1.0637978557457213
130,D. anicetus,anicetus,41.184,243.8784,0.970016424205379
130,D. apalachicolae,apalachicolae,46.5264,293.8752,1.0504164694376528
130,D. auriculatus,auriculatus,48.4488,316.8864,1.0290193355745723
130,D. bairdi,bairdi,44.208,306.6048,1.1963142976772618
130,D. brimleyorum,brimleyorum,45.2304,329.0112,1.0916439737163814
130,D. campi,campi,37.512,252.9864,0.9479892298288509
130,D. folkertsi,folkertsi,43.8336,268.3368,1.098990587408313
130,D. fuscus,fuscus,45.3096,275.0112,1.0
130,D. gvnigeusgwotli,gvnigeusgwotli,46.7136,272.0808,0.9958226136919315
130,D. intermedius,intermedius,48.9384,327.3768,1.1956414975550123
130,D. kanawha,kanawha,40.9968,286.9704,1.285895981662592
130,D. marmoratus,marmoratus,48.2904,276.5664,1.1576071155256724
130,D. mavrokoilius,mavrokoilius,43.3872,271.908,0.8790526662591688
130,D. monticola,monticola,39.6288,263.3616,1.1544424914425429
130,D. ochrophaeus,ochrophaeus,50.472,269.9784,0.8432367817848411
130,D. ocoee,ocoee,44.2512,291.96,1.0732078319070906
130,D. orestes,orestes,45.8928,256.1328,0.8985487353300734
130,D. perlapsus,perlapsus,43.2216,291.7944,0.9467025171149145
130,D. tilleyi,tilleyi,41.472,263.9232,1.0497720874083132
130,D. valtos,valtos,50.8536,314.5968,1.4732873673594131
130,D. welteri,welteri,48.8664,308.16,1.0133204828850857
130,D. wrighti,wrighti,44.892,247.6224,1.0464291723716381
131,D. aeneus,aeneus,37.6704,216.5184,0.5742863031784841
131,D. amphileucus,amphileucus,45.1872,318.78,1.0025073514669927
131,D. anicetus,anicetus,42.1344,246.0672,0.9221203899755501
131,D. apalachicolae,apalachicolae,46.368,300.6144,0.9787336356968216
131,D. auriculatus,auriculatus,49.9536,316.8864,1.0552915971882642
131,D. bairdi,bairdi,44.316,307.008,1.114461849633252
131,D. brimleyorum,brimleyorum,46.2528,325.1448,1.017101306234719
131,D. campi,campi,36.6624,257.256,0.8926883600244498
131,D. folkertsi,folkertsi,44.7408,268.7328,1.0408826381418093
131,D. fuscus,fuscus,47.6424,272.556,1.0
131,D. gvnigeusgwotli,gvnigeusgwotli,46.5048,273.3408,0.9197063111246944
131,D. intermedius,intermedius,47.592,325.0008,1.0537791020782397
131,D. kanawha,kanawha,41.76,288.756,1.023671839853301
131,D. marmoratus,marmoratus,48.2544,274.9824,1.0688156259168704
131,D. mavrokoilius,mavrokoilius,42.3504,269.5824,0.8239482035452323
131,D. monticola,monticola,39.6216,262.2096,0.992070196210269
131,D. ochrophaeus,ochrophaeus,53.6112,277.0272,0.7874008899755501
131,D. ocoee,ocoee,43.9704,292.5216,1.0108954070904645
131,D. orestes,orestes,46.8576,255.5856,0.7839696943765282
131,D. perlapsus,perlapsus,42.3,291.8592,0.9048878618581908
131,D. tilleyi,tilleyi,41.8104,265.0896,0.9708568196821515
131,D. valtos,valtos,50.7816,316.9368,1.3808416363080684
131,D. welteri,welteri,48.8664,303.3216,0.8291966827628362
131,D. wrighti,wrighti,41.2848,215.1072,0.9022376803178485
132,D. aeneus,aeneus,38.4768,208.0512,0.5835583429095355
132,D. amphileucus,amphileucus,44.1288,318.78,1.0862939981662592
132,D. anicetus,anicetus,40.5,244.2528,0.9546278074572128
132,D. apalachicolae,apalachicolae,46.3968,294.3072,0.9225046436430318
132,D. auriculatus,auriculatus,49.9032,312.0048,0.9830281051344744
132,D. bairdi,bairdi,45.0072,305.1936,1.1381023814180928
132,D. brimleyorum,brimleyorum,45.6768,330.6168,1.0811539193154036
132,D. campi,campi,35.8128,257.4504,0.93047958801956
132,D. folkertsi,folkertsi,44.6184,268.7328,1.0395297218826407
132,D. fuscus,fuscus,46.2888,272.808,1.0
132,D. gvnigeusgwotli,gvnigeusgwotli,47.016,272.304,0.9210597298288509
132,D. intermedius,intermedius,49.14,324.2592,1.126843479828851
132,D. kanawha,kanawha,41.0976,288.6408,1.0084212866748168
132,D. marmoratus,marmoratus,47.1024,276.3432,1.0882993496332518
132,D. mavrokoilius,mavrokoilius,40.9968,267.7968,0.9423634290953545
132,D. monticola,monticola,39.6432,257.1696,1.0644328001222494
132,D. ochrophaeus,ochrophaeus,50.2632,271.1088,0.851490359413203
132,D. ocoee,ocoee,42.8256,292.2696,1.010962118581907
132,D. orestes,orestes,46.0512,255.3552,0.9800496375305624
132,D. perlapsus,perlapsus,44.028,289.476,0.8921845617359413
132,D. tilleyi,tilleyi,43.0272,263.9232,1.0413761772616137
132,D. valtos,valtos,49.9824,311.7528,1.407879901589242
132,D. welteri,welteri,48.636,305.9424,0.926171130806846
132,D. wrighti,wrighti,45.936,247.5216,0.9144471913202934
133,D. aeneus,aeneus,36.0576,206.1,0.5789652145476772
133,D. amphileucus,amphileucus,43.956,319.0968,1.0555390134474327
133,D. anicetus,anicetus,41.1552,242.5032,0.8792799339853301
133,D. apalachicolae,apalachicolae,45.8712,297.8928,0.9232718410757946
133,D. auriculatus,auriculatus,48.2976,312.408,0.9427827665036674
133,D. bairdi,bairdi,44.7624,307.008,1.0669396693154034
133,D. brimleyorum,brimleyorum,44.9136,328.6224,1.0212104871638144
133,D. campi,campi,37.4976,258.1632,0.8342641815403423
133,D. folkertsi,folkertsi,43.9848,266.184,0.9678868875305624
133,D. fuscus,fuscus,47.5776,273.924,1.0
133,D. gvnigeusgwotli,gvnigeusgwotli,46.7712,271.656,0.8769780097799511
133,D. intermedius,intermedius,48.7584,325.9152,1.0304825391198045
133,D. kanawha,kanawha,41.7456,288.6192,0.8837207603911981
133,D. marmoratus,marmoratus,48.3768,274.2192,1.0650985605134475
133,D. mavrokoilius,mavrokoilius,41.328,268.1424,0.8125250702933986
133,D. monticola,monticola,39.4848,260.1288,0.9880713698044009
133,D. ochrophaeus,ochrophaeus,50.6448,273.0168,0.7445058545232274
133,D. ocoee,ocoee,42.2352,292.4496,0.9304058154034229
133,D. orestes,orestes,47.2032,255.7224,0.8887823820293398
133,D. perlapsus,perlapsus,41.7168,292.3848,0.8858068184596577
133,D. tilleyi,tilleyi,41.9328,263.124,0.9257547212713937
133,D. valtos,valtos,50.7744,317.916,1.296767413202934
133,D. welteri,welteri,48.384,313.092,0.8493108013447433
133,D. wrighti,wrighti,45.936,249.2064,0.8574841900977995
134,D. aeneus,aeneus,36.8352,206.5968,0.5338892542787286
134,D. amphileucus,amphileucus,44.1648,318.6216,0.9840744755501224
134,D. anicetus,anicetus,41.9832,244.296,0.9109509358190709
134,D. apalachicolae,apalachicolae,44.3016,300.312,0.9507479645476773
134,D. auriculatus,auriculatus,50.0256,316.656,0.9750028502444988
134,D. bairdi,bairdi,45.0288,306.972,1.1256979132029339
134,D. brimleyorum,brimleyorum,43.92,330.6528,1.048506946210269
134,D. campi,campi,37.4544,258.5952,0.8611087053789732
134,D. folkertsi,folkertsi,44.5968,268.8408,1.0010482383863082
134,D. fuscus,fuscus,46.2888,270.9144,1.0
134,D. gvnigeusgwotli,gvnigeusgwotli,47.1384,271.5552,0.9069491815403423
134,D. intermedius,intermedius,49.6728,325.9152,1.0783135446210268
134,D. kanawha,kanawha,41.04,288.6552,1.0050345
134,D. marmoratus,marmoratus,46.4112,275.0256,1.0520406931540343
134,D. mavrokoilius,mavrokoilius,43.1928,270.7488,0.8968379590464548
134,D. monticola,monticola,39.312,260.3808,0.9831117469437652
134,D. ochrophaeus,ochrophaeus,52.1352,274.1472,0.8029876369193154
134,D. ocoee,ocoee,42.9336,293.1984,1.0481181259168706
134,D. orestes,orestes,46.0224,255.3408,0.7672010513447434
134,D. perlapsus,perlapsus,43.38,290.628,0.9098481839853301
134,D. tilleyi,tilleyi,42.5952,265.0104,0.9947318942542787
134,D. valtos,valtos,48.9888,314.7552,1.313016034229829
134,D. welteri,welteri,48.636,301.356,0.945742674205379
134,D. wrighti,wrighti,48.6432,201.6216,0.9088331711491443
135,D. aeneus,aeneus,36.8208,211.4784,0.5669177518337408
135,D. amphileucus,amphileucus,43.5672,318.7008,1.0389095904645476
135,D. anicetus,anicetus,40.5648,245.1816,0.8974847842298289
135,D. apalachicolae,apalachicolae,46.7568,298.4688,0.9965078722493889
135,D. auriculatus,auriculatus,49.3632,315.1008,1.0417513643031786
135,D. bairdi,bairdi,44.9424,304.6104,1.1068615464547678
135,D. brimleyorum,brimleyorum,45.2448,329.7888,1.067093882640587
135,D. campi,campi,37.728,258.2928,0.8772570482885086
135,D. folkertsi,folkertsi,44.5104,265.4064,1.0176455556234718
135,D. fuscus,fuscus,47.5416,274.356,1.0
135,D. gvnigeusgwotli,gvnigeusgwotli,44.64,272.4048,0.938643760391198
135,D. intermedius,intermedius,47.2968,326.16,1.0434636900977996
135,D. kanawha,kanawha,41.7456,285.3936,1.098118695599022
135,D. marmoratus,marmoratus,48.3264,276.8328,1.064405032396088
135,D. mavrokoilius,mavrokoilius,42.6744,268.488,0.9551346509779952
135,D. monticola,monticola,39.7008,264.1896,0.9824994144254278
135,D. ochrophaeus,ochrophaeus,52.1352,273.4344,0.7772979083129584
135,D. ocoee,ocoee,42.2424,292.896,1.0292512970660146
135,D. orestes,orestes,46.0224,255.996,0.7820086876528117
135,D. perlapsus,perlapsus,44.208,296.6616,0.8404441858190709
135,D. tilleyi,tilleyi,41.832,263.5848,0.9817360861858191
135,D. valtos,valtos,50.7888,312.7104,1.3405365158924205
135,D. welteri,welteri,48.8448,303.3936,0.8903275012224939
135,D. wrighti,wrighti,42.1632,203.6736,0.8745394706601467
136,D. aeneus,aeneus,37.6632,210.9456,0.5713650440097799
136,D. amphileucus,amphileucus,44.5608,320.0184,1.0006856485330073
136,D. anicetus,anicetus,42.0624,245.1816,0.9199349303178485
136,D. apalachicolae,apalachicolae,44.3952,300.2832,0.9518806601466994
136,D. auriculatus,auriculatus,48.5712,317.1456,1.1362868649144255
136,D. bairdi,bairdi,44.0064,306.0,1.1433925776283618
136,D. brimleyorum,brimleyorum,43.92,331.1208,0.998507803789731
136,D. campi,campi,37.4688,258.228,0.8787414859413204
136,D. folkertsi,folkertsi,44.6184,266.6304,1.0017513581907092
136,D. fuscus,fuscus,47.6424,272.556,1.0
136,D. gvnigeusgwotli,gvnigeusgwotli,46.8432,272.3544,0.9150279822738387
136,D. intermedius,intermedius,50.0256,325.2384,1.0784986222493889
136,D. kanawha,kanawha,41.4,283.0752,1.0058483850855746
136,D. marmoratus,marmoratus,47.2608,274.1904,1.0698559150366749
136,D. mavrokoilius,mavrokoilius,40.8744,269.5968,1.061839848410758
136,D. monticola,monticola,40.176,260.712,0.9905575825183374
136,D. ochrophaeus,ochrophaeus,52.632,272.304,0.8080222444987776
136,D. ocoee,ocoee,44.064,295.6752,0.9689992188264059
136,D. orestes,orestes,45.7632,255.0384,0.920012238997555
136,D. perlapsus,perlapsus,44.7696,290.5632,0.941979424816626
136,D. tilleyi,tilleyi,42.6024,265.0896,0.9660513465770171
136,D. valtos,valtos,49.9824,313.6896,1.3477632206601469
136,D. welteri,welteri,48.708,310.4784,0.873769162591687
136,D. wrighti,wrighti,44.892,247.6224,0.833864413202934
137,D. aeneus,aeneus,36.8712,208.0512,0.6054180898533007
137,D. amphileucus,amphileucus,44.4528,318.4344,1.1112121754278728
137,D. anicetus,anicetus,40.8744,244.2168,0.9683381888753056
137,D. apalachicolae,apalachicolae,46.0008,301.1976,0.9362647573349633
137,D. auriculatus,auriculatus,49.6656,315.1008,1.038272934596577
137,D. bairdi,bairdi,44.0064,306.936,1.1750051234718826
137,D. brimleyorum,brimleyorum,46.26,329.7888,1.0031690513447433
137,D. campi,campi,36.6624,256.212,0.9275030709046455
137,D. folkertsi,folkertsi,44.7264,268.8048,1.0555172206601466
137,D. fuscus,fuscus,47.2464,273.6072,1.0
137,D. gvnigeusgwotli,gvnigeusgwotli,46.7208,272.3544,0.9658031136919315
137,D. intermedius,intermedius,48.9384,324.2592,1.1659306259168705
137,D. kanawha,kanawha,41.9904,288.7704,1.0749795207823962
137,D. marmoratus,marmoratus,48.9096,274.356,1.1103702597799512
137,D. mavrokoilius,mavrokoilius,42.1632,268.7544,0.9376050061124694
137,D. monticola,monticola,39.6,258.2064,1.1304586552567237
137,D. ochrophaeus,ochrophaeus,51.2208,274.8528,0.8605779064792176
137,D. ocoee,ocoee,44.2512,296.8416,1.0855411454767727
137,D. orestes,orestes,46.0224,255.3264,0.836943262224939
137,D. perlapsus,perlapsus,43.6824,293.5512,0.9161844449877751
137,D. tilleyi,tilleyi,41.7672,265.0104,1.03693425
137,D. valtos,valtos,48.9024,309.8736,1.447105445599022
137,D. welteri,welteri,46.6488,301.9896,0.8876708123471883
137,D. wrighti,wrighti,42.9696,237.132,0.9089348563569682
138,D. aeneus,aeneus,37.656,213.2856,0.587716662591687
138,D. amphileucus,amphileucus,44.4528,318.6216,1.134641999388753
138,D. anicetus,anicetus,41.1552,243.6192,1.0010095849633251
138,D. apalachicolae,apalachicolae,44.3088,300.4632,0.9592551772616137
138,D. auriculatus,auriculatus,48.3192,311.1048,1.301947563569682
138,D. bairdi,bairdi,44.316,303.264,1.2098062304400978
138,D. brimleyorum,brimleyorum,45.1656,329.4,1.172034238386308
138,D. campi,campi,36.7488,258.228,0.9466497218826406
138,D. folkertsi,folkertsi,43.2288,268.8048,1.1131139969437653
138,D. fuscus,fuscus,46.1808,273.1464,1.0
138,D. gvnigeusgwotli,gvnigeusgwotli,45.6912,272.5344,0.9415177359413203
138,D. intermedius,intermedius,47.16,325.1952,1.2145095971882642
138,D. kanawha,kanawha,41.868,288.6624,1.1485850305623473
138,D. marmoratus,marmoratus,49.7016,274.1904,1.1880009321515892
138,D. mavrokoilius,mavrokoilius,42.1632,269.604,1.0402713209046455
138,D. monticola,monticola,39.6216,258.9552,1.0126993618581908
138,D. ochrophaeus,ochrophaeus,52.6104,267.5736,0.8727591222493888
138,D. ocoee,ocoee,43.812,291.8304,1.0910656387530562
138,D. orestes,orestes,45.9936,254.664,0.920903380195599
138,D. perlapsus,perlapsus,42.9192,294.2784,0.9918979443765281
138,D. tilleyi,tilleyi,41.8536,263.5848,1.1027181595354523
138,D. valtos,valtos,49.7808,311.7168,1.4726026405867971
138,D. welteri,welteri,48.7008,304.416,0.972221707212714
138,D. wrighti,wrighti,41.2848,197.6976,1.0061323178484107
139,D. aeneus,aeneus,36.8208,208.0512,0.5273158539119804
139,D. amphileucus,amphileucus,44.6688,320.8752,0.9279560812958436
139,D. anicetus,anicetus,40.0464,243.6192,0.8472765085574573
139,D. apalachicolae,apalachicolae,46.2384,301.0104,0.8453420788508558
139,D. auriculatus,auriculatus,49.5648,316.7712,0.968312478606357
139,D. bairdi,bairdi,44.7624,306.6048,1.0461111729828851
139,D. brimleyorum,brimleyorum,45.1656,329.0112,0.980208554400978
139,D. campi,campi,36.7056,256.8384,0.800122979217604
139,D. folkertsi,folkertsi,47.52,270.0792,0.928412412591687
139,D. fuscus,fuscus,47.7072,273.312,1.0
139,D. gvnigeusgwotli,gvnigeusgwotli,46.692,272.9376,0.8412092432762837
139,D. intermedius,intermedius,48.672,324.1872,1.0087093881418092
139,D. kanawha,kanawha,41.3496,288.5688,1.0177543533007336
139,D. marmoratus,marmoratus,47.2032,273.7008,0.9751852768948656
139,D. mavrokoilius,mavrokoilius,43.704,271.44,0.8550907298288508
139,D. monticola,monticola,39.7152,263.3616,0.9253160476772617
139,D. ochrophaeus,ochrophaeus,50.4072,271.0368,0.7462185556234718
139,D. ocoee,ocoee,42.8256,290.9664,0.9154943465770171
139,D. orestes,orestes,46.0224,255.3408,0.7588628123471883
139,D. perlapsus,perlapsus,41.7168,288.9144,0.7289860067237165
139,D. tilleyi,tilleyi,41.616,262.8144,0.919752283618582
139,D. valtos,valtos,49.5792,319.5072,1.2255943294621028
139,D. welteri,welteri,48.636,303.984,0.8218242212713937
139,D. wrighti,wrighti,43.2072,203.6736,0.8287404841075795
140,D. aeneus,aeneus,38.2536,210.9456,0.4869308184596577
140,D. amphileucus,amphileucus,45.1368,316.4904,0.9071070372860636
140,D. anicetus,anicetus,41.7312,246.0672,0.8308278948655257
140,D. apalachicolae,apalachicolae,46.2384,299.5488,0.8036302035452323
140,D. auriculatus,auriculatus,49.176,317.1456,1.0271944095354522
140,D. bairdi,bairdi,44.0064,307.008,0.9802865030562348
140,D. brimleyorum,brimleyorum,46.476,329.0112,0.8591807946210269
140,D. campi,campi,36.3384,258.8112,0.7773466797066015
140,D. folkertsi,folkertsi,44.5752,268.7328,0.8978379743276285
140,D. fuscus,fuscus,47.9952,273.1464,1.0
140,D. gvnigeusgwotli,gvnigeusgwotli,47.2536,271.8576,0.8408647610024451
140,D. intermedius,intermedius,48.5136,323.5968,0.987751957823961
140,D. kanawha,kanawha,41.724,287.7696,0.934246283618582
140,D. marmoratus,marmoratus,46.404,274.9032,0.92123491198044
140,D. mavrokoilius,mavrokoilius,45.5688,271.44,0.7666294205378973
140,D. monticola,monticola,39.312,260.0784,0.9899457218826407
140,D. ochrophaeus,ochrophaeus,52.4664,274.5,0.7122824474327628
140,D. ocoee,ocoee,43.1424,293.3856,0.9195490311735942
140,D. orestes,orestes,46.8288,255.0816,0.6978427891198045
140,D. perlapsus,perlapsus,44.7696,291.8592,0.7898165055012225
140,D. tilleyi,tilleyi,42.0336,266.5296,0.8855432518337408
140,D. valtos,valtos,49.1544,311.7528,1.2408325391198045
140,D. welteri,welteri,48.9456,311.184,0.8436122347188264
140,D. wrighti,wrighti,44.892,249.3072,0.7617521179706601
141,D. aeneus,aeneus,37.62,212.436,0.6110675629584352
141,D. amphileucus,amphileucus,44.5392,318.8592,1.1497183551344745
141,D. anicetus,anicetus,41.1552,244.2528,1.0016228826405869
141,D. apalachicolae,apalachicolae,46.3824,297.1152,1.0617493288508557
141,D. auriculatus,auriculatus,49.3632,314.6688,1.0955585690709047
141,D. bairdi,bairdi,44.8992,305.5248,1.2384211797066016
141,D. brimleyorum,brimleyorum,46.8432,326.664,1.2041553746943765
141,D. campi,campi,36.6624,258.2928,0.9509365641809292
141,D. folkertsi,folkertsi,43.6104,267.0192,1.1315109407090465
141,D. fuscus,fuscus,47.6424,273.528,1.0
141,D. gvnigeusgwotli,gvnigeusgwotli,47.0016,272.5344,0.9704814920537898
141,D. intermedius,intermedius,48.8304,324.8496,1.1420839455990222
141,D. kanawha,kanawha,41.868,287.1936,1.1458095464547677
141,D. marmoratus,marmoratus,47.952,276.12,1.2028027799511003
141,D. mavrokoilius,mavrokoilius,42.7536,269.0208,0.9122273319070905
141,D. monticola,monticola,39.6072,260.1288,1.1751466931540342
141,D. ochrophaeus,ochrophaeus,52.4664,268.0704,0.9039334272616137
141,D. ocoee,ocoee,44.1792,294.5304,1.1244203135696822
141,D. orestes,orestes,47.2752,256.4064,1.0599178154034232
141,D. perlapsus,perlapsus,42.5808,289.3752,0.8669013007334965
141,D. tilleyi,tilleyi,41.832,266.8464,1.0914826601466991
141,D. valtos,valtos,50.076,314.5968,1.5086428863080683
141,D. welteri,welteri,48.8952,304.6752,0.9848573856968215
141,D. wrighti,wrighti,43.848,237.0312,1.045329577017115
142,D. aeneus,aeneus,42.516,207.936,0.6594203606356968
142,D. amphileucus,amphileucus,44.4312,316.4904,1.193290393031785
142,D. anicetus,anicetus,41.9112,243.6192,1.0785110507334965
142,D. apalachicolae,apalachicolae,44.5752,299.6496,1.0873974437652814
142,D. auriculatus,auriculatus,48.78,313.1136,1.2147869749388753
142,D. bairdi,bairdi,43.8696,305.0352,1.3196053092909537
142,D. brimleyorum,brimleyorum,45.0864,330.3792,1.1670184394865526
142,D. campi,campi,37.0728,256.212,1.0235105800733497
142,D. folkertsi,folkertsi,47.2392,271.008,1.2035561326405868
142,D. fuscus,fuscus,47.7072,273.8376,1.0
142,D. gvnigeusgwotli,gvnigeusgwotli,45.8208,275.1192,1.0560465476772616
142,D. intermedius,intermedius,49.2768,325.2528,1.1571313979217606
142,D. kanawha,kanawha,40.68,288.6768,1.0707712878973106
142,D. marmoratus,marmoratus,48.3408,276.12,1.2197993936430318
142,D. mavrokoilius,mavrokoilius,39.888,269.6112,1.099820013447433
142,D. monticola,monticola,39.5856,264.9456,1.1490173979217604
142,D. ochrophaeus,ochrophaeus,50.4072,269.352,0.8982344841075794
142,D. ocoee,ocoee,43.7472,295.9704,1.1947608765281172
142,D. orestes,orestes,46.5912,254.8584,0.952635358801956
142,D. perlapsus,perlapsus,41.9544,294.0768,0.976264674205379
142,D. tilleyi,tilleyi,41.8752,262.6992,1.1350371894865525
142,D. valtos,valtos,50.2488,317.3328,1.5580227744498778
142,D. welteri,welteri,48.8664,310.212,0.9766904822738387
142,D. wrighti,wrighti,47.2896,203.6736,0.9947700488997555
143,D. aeneus,aeneus,37.584,210.4128,0.5168840702933986
143,D. amphileucus,amphileucus,44.1288,318.78,0.997222314180929
143,D. anicetus,anicetus,40.5,243.8784,0.8715875825183375
143,D. apalachicolae,apalachicolae,46.368,296.676,0.956425609413203
143,D. auriculatus,auriculatus,49.6656,314.6688,1.0132734902200489
143,D. bairdi,bairdi,43.2648,306.6048,1.0898427249388754
143,D. brimleyorum,brimleyorum,45.18,330.6384,0.9165652267726161
143,D. campi,campi,37.4472,258.588,0.8281061619804402
143,D. folkertsi,folkertsi,45.2664,269.3016,0.968891064792176
143,D. fuscus,fuscus,46.8864,272.9376,1.0
143,D. gvnigeusgwotli,gvnigeusgwotli,46.08,272.9376,0.8858329156479218
143,D. intermedius,intermedius,48.852,325.0008,0.9717824737163815
143,D. kanawha,kanawha,40.9824,288.7344,0.9861086931540343
143,D. marmoratus,marmoratus,49.32,276.0336,1.0366129926650367
143,D. mavrokoilius,mavrokoilius,40.9968,268.6464,0.8928194871638142
143,D. monticola,monticola,39.4704,258.8472,0.9746593080684597
143,D. ochrophaeus,ochrophaeus,51.588,274.1472,0.7922477457212714
143,D. ocoee,ocoee,42.5376,292.5216,0.9468944724938876
143,D. orestes,orestes,45.8928,255.3408,0.7531060397310514
143,D. perlapsus,perlapsus,44.4888,294.1344,0.7570897542787287
143,D. tilleyi,tilleyi,42.9624,265.8888,0.9448253716381418
143,D. valtos,valtos,50.7888,315.5832,1.3014753887530564
143,D. welteri,welteri,48.636,305.1648,0.9207728459657701
143,D. wrighti,wrighti,48.6432,190.188,0.8831960495110025
144,D. aeneus,aeneus,38.7504,218.88,0.6357978759168705
144,D. amphileucus,amphileucus,44.4096,318.5136,1.209689172371638
144,D. anicetus,anicetus,41.4504,246.0672,1.0019236185819071
144,D. apalachicolae,apalachicolae,45.6336,303.192,0.9792575336185818
144,D. auriculatus,auriculatus,48.3408,316.9008,1.097291457212714
144,D. bairdi,bairdi,44.6256,305.3664,1.233831405867971
144,D. brimleyorum,brimleyorum,45.1656,331.1208,1.1360620611246943
144,D. campi,campi,36.7056,257.9688,0.9848051638141808
144,D. folkertsi,folkertsi,44.6184,267.0192,1.1346895293398533
144,D. fuscus,fuscus,46.944,272.3112,1.0
144,D. gvnigeusgwotli,gvnigeusgwotli,46.7208,271.332,0.9707554266503668
144,D. intermedius,intermedius,49.14,326.9376,1.219278217603912
144,D. kanawha,kanawha,42.4008,288.6192,1.0257321515892421
144,D. marmoratus,marmoratus,46.6416,276.0768,1.1911105941320295
144,D. mavrokoilius,mavrokoilius,41.8392,268.488,1.009455957212714
144,D. monticola,monticola,39.6,258.9264,1.1130495085574572
144,D. ochrophaeus,ochrophaeus,52.6176,269.9784,0.9068441454767726
144,D. ocoee,ocoee,43.1424,296.1864,1.120735837408313
144,D. orestes,orestes,46.8576,256.7808,0.8662044132029341
144,D. perlapsus,perlapsus,42.3,291.8592,0.9322203557457213
144,D. tilleyi,tilleyi,41.8752,267.5016,1.0863365482885086
144,D. valtos,valtos,49.608,311.796,1.517956957823961
144,D. welteri,welteri,48.888,310.212,0.9947516815403423
144,D. wrighti,wrighti,40.4784,209.1312,0.9731110696821516
145,D. aeneus,aeneus,39.1176,209.1168,0.6072740531784842
145,D. amphileucus,amphileucus,44.0928,318.5424,1.054996067848411
145,D. anicetus,anicetus,40.8816,244.1376,0.9153638135696822
145,D. apalachicolae,apalachicolae,46.3824,299.5488,0.8780361998777506
145,D. auriculatus,auriculatus,50.1408,316.656,1.050913022616137
145,D. bairdi,bairdi,44.8992,307.2672,1.1074869865525672
145,D. brimleyorum,brimleyorum,45.6984,327.7152,0.9530018331295843
145,D. campi,campi,36.3384,249.8688,0.882262077628362
145,D. folkertsi,folkertsi,45.2664,269.208,1.0178766399755501
145,D. fuscus,fuscus,45.432,273.1464,1.0
145,D. gvnigeusgwotli,gvnigeusgwotli,46.8936,272.4048,0.933520086797066
145,D. intermedius,intermedius,49.0032,322.5744,1.113510643031785
145,D. kanawha,kanawha,40.9464,288.756,1.19703316198044
145,D. marmoratus,marmoratus,47.2608,274.2192,1.0756853074572128
145,D. mavrokoilius,mavrokoilius,40.4352,269.352,0.8681777408312958
145,D. monticola,monticola,39.6,263.3616,0.9653377432762836
145,D. ochrophaeus,ochrophaeus,51.1488,267.7248,0.8062658936430318
145,D. ocoee,ocoee,43.8768,295.6752,0.9676345256723716
145,D. orestes,orestes,46.0224,255.7368,0.8058173924205378
145,D. perlapsus,perlapsus,44.2008,299.4768,0.8430924419315404
145,D. tilleyi,tilleyi,43.0776,263.5848,0.9929973288508559
145,D. valtos,valtos,49.608,316.9368,1.3479036546454768
145,D. welteri,welteri,48.7656,302.8464,0.919589022616137
145,D. wrighti,wrighti,38.6784,215.1072,0.8994350342298288
146,D. aeneus,aeneus,38.9808,209.4336,0.5302648037897311
146,D. amphileucus,amphileucus,44.4528,319.5216,0.9562945788508558
146,D. anicetus,anicetus,40.0896,248.1696,0.8941506320293399
146,D. apalachicolae,apalachicolae,45.5688,296.712,0.9296331234718826
146,D. auriculatus,auriculatus,47.9016,316.8864,1.0375984205378974
146,D. bairdi,bairdi,44.0064,307.8288,1.1256038459657702
146,D. brimleyorum,brimleyorum,46.26,325.2672,0.9791620122249388
146,D. campi,campi,37.3968,258.3072,0.8568057035452323
146,D. folkertsi,folkertsi,47.4336,268.9704,0.9949106919315404
146,D. fuscus,fuscus,47.0088,272.6784,1.0
146,D. gvnigeusgwotli,gvnigeusgwotli,47.016,271.8072,0.9141422915647922
146,D. intermedius,intermedius,48.8736,325.4976,1.0883264119804401
146,D. kanawha,kanawha,40.9392,288.6912,0.9854202689486553
146,D. marmoratus,marmoratus,46.8432,274.7808,1.0549775525672371
146,D. mavrokoilius,mavrokoilius,43.0704,271.9872,1.0167184199266506
146,D. monticola,monticola,39.6216,260.1,0.9239274180929096
146,D. ochrophaeus,ochrophaeus,51.516,269.9784,0.780178717603912
146,D. ocoee,ocoee,44.5248,291.4488,0.9012080501222495
146,D. orestes,orestes,46.0224,255.6072,0.7748544822738386
146,D. perlapsus,perlapsus,41.7168,292.4424,0.8746824908312959
146,D. tilleyi,tilleyi,42.5592,267.8256,0.9766589590464548
146,D. valtos,valtos,50.7888,316.5696,1.300951541564792
146,D. welteri,welteri,49.248,310.4784,0.8800340501222493
146,D. wrighti,wrighti,44.892,247.5216,0.772204979828851
147,D. aeneus,aeneus,35.928,208.5408,0.577553162591687
147,D. amphileucus,amphileucus,45.6912,319.4928,1.0182097524449878
147,D. anicetus,anicetus,42.6888,242.352,0.9272379272616138
147,D. apalachicolae,apalachicolae,44.4384,300.2544,0.9227954284841076
147,D. auriculatus,auriculatus,48.6792,312.4008,1.1217107964547677
147,D. bairdi,bairdi,43.9992,306.972,1.1319340250611247
147,D. brimleyorum,brimleyorum,45.2304,321.984,1.0267717023227385
147,D. campi,campi,38.2392,256.212,0.902708238997555
147,D. folkertsi,folkertsi,45.576,268.7328,1.0245029480440098
147,D. fuscus,fuscus,45.4392,272.556,1.0
147,D. gvnigeusgwotli,gvnigeusgwotli,44.6328,272.3544,0.9061112512224939
147,D. intermedius,intermedius,49.14,327.2832,1.1415246167481663
147,D. kanawha,kanawha,41.9904,286.2288,0.9472276583129584
147,D. marmoratus,marmoratus,47.1024,274.1904,1.0811488202933985
147,D. mavrokoilius,mavrokoilius,42.876,269.5968,0.884196685207824
147,D. monticola,monticola,39.8592,262.2096,1.005132466381418
147,D. ochrophaeus,ochrophaeus,51.264,273.6648,0.7951829810513448
147,D. ocoee,ocoee,44.2512,293.1552,1.0573146949877752
147,D. orestes,orestes,45.9936,255.204,0.8677283129584353
147,D. perlapsus,perlapsus,43.2576,296.64,0.9295206790953545
147,D. tilleyi,tilleyi,42.0192,264.2832,1.0065654963325184
147,D. valtos,valtos,49.9824,319.7016,1.3707884834963326
147,D. welteri,welteri,48.8952,305.0496,0.9076701888753056
147,D. wrighti,wrighti,41.2848,197.6976,0.859439229217604
148,D. aeneus,aeneus,36.8568,208.5408,0.687942740220049
148,D. amphileucus,amphileucus,44.2512,318.5424,1.2146114883863082
148,D. anicetus,anicetus,41.1768,243.9576,1.065211836797066
148,D. apalachicolae,apalachicolae,45.6336,298.4688,1.0286364419315404
148,D. auriculatus,auriculatus,49.176,312.1488,1.35372404400978
148,D. bairdi,bairdi,45.432,306.6048,1.3099887756723718
148,D. brimleyorum,brimleyorum,45.216,330.084,1.2020595531784841
148,D. campi,campi,36.2808,257.904,1.0336018881418094
148,D. folkertsi,folkertsi,44.8704,268.7688,1.1745147732273837
148,D. fuscus,fuscus,45.2592,271.8864,1.0
148,D. gvnigeusgwotli,gvnigeusgwotli,46.6704,272.0304,1.07075341198044
148,D. intermedius,intermedius,49.2912,326.5776,1.2287681344743275
148,D. kanawha,kanawha,41.76,288.0864,1.2219185207823962
148,D. marmoratus,marmoratus,48.3264,276.6096,1.2563341436430318
148,D. mavrokoilius,mavrokoilius,43.416,268.488,1.1854819431540344
148,D. monticola,monticola,39.2472,258.7392,1.1526801668704156
148,D. ochrophaeus,ochrophaeus,52.3152,274.8528,0.9599969700488998
148,D. ocoee,ocoee,43.1424,295.9704,1.2188022665036675
148,D. orestes,orestes,46.3176,255.06,1.042007791564792
148,D. perlapsus,perlapsus,41.9544,291.8592,1.0010181974327628
148,D. tilleyi,tilleyi,42.5952,263.5848,1.1782499480440098
148,D. valtos,valtos,50.7816,312.2136,1.5784503948655257
148,D. welteri,welteri,48.9168,308.16,0.9712608123471883
148,D. wrighti,wrighti,42.9696,237.0312,0.9944111277506114
149,D. aeneus,aeneus,35.928,208.5408,0.5869041253056235
149,D. amphileucus,amphileucus,45.2016,316.8288,1.0639805898533008
149,D. anicetus,anicetus,41.184,245.1816,0.9342039523227383
149,D. apalachicolae,apalachicolae,44.1,300.9888,1.012803489608802
149,D. auriculatus,auriculatus,49.1832,312.8832,1.1872327255501223
149,D. bairdi,bairdi,44.0064,306.6048,1.1790468331295845
149,D. brimleyorum,brimleyorum,46.26,331.1064,1.0633193533007335
149,D. campi,campi,36.7488,255.3192,0.917804881418093
149,D. folkertsi,folkertsi,45.9936,267.6744,1.0249017322738387
149,D. fuscus,fuscus,46.2888,273.528,1.0
149,D. gvnigeusgwotli,gvnigeusgwotli,46.7424,272.5344,0.9694504969437654
149,D. intermedius,intermedius,49.14,325.1952,1.0632026913202934
149,D. kanawha,kanawha,41.76,288.0648,0.9521264596577018
149,D. marmoratus,marmoratus,48.2904,275.5296,1.1415386784841075
149,D. mavrokoilius,mavrokoilius,41.328,270.0576,1.055285272616137
149,D. monticola,monticola,39.312,260.4312,1.002593009168704
149,D. ochrophaeus,ochrophaeus,52.6032,267.7248,0.8394274309290953
149,D. ocoee,ocoee,43.4448,293.3856,0.9916071350855745
149,D. orestes,orestes,46.0512,254.808,0.8708211356968215
149,D. perlapsus,perlapsus,44.2008,294.0768,0.8774266955990221
149,D. tilleyi,tilleyi,41.652,264.2832,1.0157488722493888
149,D. valtos,valtos,50.3856,314.1936,1.4154471393643033
149,D. welteri,welteri,48.7296,309.0528,0.8549018636919317
149,D. wrighti,wrighti,40.4784,203.6736,0.9750136546454767
150,D. aeneus,aeneus,38.2536,205.4232,0.5186392108801956
150,D. amphileucus,amphileucus,44.2872,319.0968,0.8294969321515893
150,D. anicetus,anicetus,41.436,244.1952,0.8027586827628362
150,D. apalachicolae,apalachicolae,44.6688,299.0448,0.7872429077017116
150,D. auriculatus,auriculatus,50.8608,317.3472,0.9354130158924207
150,D. bairdi,bairdi,44.7624,307.6992,1.0098863135696823
150,D. brimleyorum,brimleyorum,46.1088,330.4008,0.9471790721271394
150,D. campi,campi,36.6768,258.3072,0.7798757866748166
150,D. folkertsi,folkertsi,46.8936,270.0792,0.8921909174816626
150,D. fuscus,fuscus,45.4392,272.808,1.0
150,D. gvnigeusgwotli,gvnigeusgwotli,46.7208,271.6848,0.8192672114914427
150,D. intermedius,intermedius,48.168,326.1672,0.9637201320293398
150,D. kanawha,kanawha,40.8888,286.1352,0.8236973875305623
150,D. marmoratus,marmoratus,47.2032,273.9312,0.880364838630807
150,D. mavrokoilius,mavrokoilius,42.552,267.6096,0.764554696210269
150,D. monticola,monticola,39.7512,258.9552,0.8564267438875306
150,D. ochrophaeus,ochrophaeus,52.3152,271.8864,0.7126968850855746
150,D. ocoee,ocoee,43.3944,292.8528,0.9164950421760392
150,D. orestes,orestes,46.0512,255.7368,0.6891923850855746
150,D. perlapsus,perlapsus,44.424,294.0768,0.6785655464547679
150,D. tilleyi,tilleyi,41.832,265.3488,0.877434674816626
150,D. valtos,valtos,49.5792,319.6728,1.1534248447432762
150,D. welteri,welteri,48.924,309.0528,0.8254362310513448
150,D. wrighti,wrighti,44.892,237.0312,0.7458007127139364
151,D. aeneus,aeneus,39.1824,206.1,0.5591781619804401
151,D. amphileucus,amphileucus,44.4096,319.5504,1.0579962903422984
151,D. anicetus,anicetus,41.7312,244.296,0.8953072469437653
151,D. apalachicolae,apalachicolae,45.036,297.8928,0.8665917157701712
151,D. auriculatus,auriculatus,49.0032,312.6816,0.9921823227383864
151,D. bairdi,bairdi,44.0064,305.5248,1.1037243325183375
151,D. brimleyorum,brimleyorum,46.2528,326.664,0.9450674174816627
151,D. campi,campi,37.7208,249.4512,0.8636030702933986
151,D. folkertsi,folkertsi,44.136,268.8408,1.0147567267726163
151,D. fuscus,fuscus,46.5192,271.9656,1.0
151,D. gvnigeusgwotli,gvnigeusgwotli,47.232,272.8368,0.8674557145476773
151,D. intermedius,intermedius,48.0816,326.5776,1.0457162169926653
151,D. kanawha,kanawha,42.3936,288.6768,0.9846194400977996
151,D. marmoratus,marmoratus,46.728,273.888,1.0231416772616138
151,D. mavrokoilius,mavrokoilius,41.1624,268.1424,0.9366327432762837
151,D. monticola,monticola,39.3552,258.4728,0.9640512334963326
151,D. ochrophaeus,ochrophaeus,52.6608,268.7112,0.8172851039119805
151,D. ocoee,ocoee,43.6248,292.8528,1.0110928319070907
151,D. orestes,orestes,45.792,255.0384,0.8022996314180929
151,D. perlapsus,perlapsus,42.3,299.4768,0.8509918209046455
151,D. tilleyi,tilleyi,41.5728,264.8304,0.9946417909535452
151,D. valtos,valtos,50.9184,313.6896,1.274218587408313
151,D. welteri,welteri,48.6432,304.1136,0.824225272616137
151,D. wrighti,wrighti,47.2896,247.6224,0.855741924205379
152,D. aeneus,aeneus,36.0576,211.4784,0.5750777976772616
152,D. amphileucus,amphileucus,44.4528,319.6368,1.0610563710268948
152,D. anicetus,anicetus,40.86,243.1368,0.9250375073349634
152,D. apalachicolae,apalachicolae,46.1088,300.0528,0.8847363325183375
152,D. auriculatus,auriculatus,49.3488,312.012,0.9942118869193154
152,D. bairdi,bairdi,44.5176,306.0,1.150822389364303
152,D. brimleyorum,brimleyorum,45.1152,327.1896,1.015784824572127
152,D. campi,campi,38.1888,257.4504,0.8936488606356969
152,D. folkertsi,folkertsi,45.9648,267.9408,1.0165403422982886
152,D. fuscus,fuscus,45.7488,276.2568,1.0
152,D. gvnigeusgwotli,gvnigeusgwotli,46.3392,272.52,0.9417067756723717
152,D. intermedius,intermedius,47.2608,325.2456,1.1310860812958436
152,D. kanawha,kanawha,43.0632,287.064,1.2227565709046455
152,D. marmoratus,marmoratus,48.4272,273.024,1.0555634217603913
152,D. mavrokoilius,mavrokoilius,42.7536,269.064,0.8940846228606357
152,D. monticola,monticola,40.3488,262.2456,1.0871882438875307
152,D. ochrophaeus,ochrophaeus,51.264,274.5,0.8236062298288509
152,D. ocoee,ocoee,43.5096,293.1984,1.0123048875305625
152,D. orestes,orestes,45.9936,255.7368,0.958963968215159
152,D. perlapsus,perlapsus,41.9544,294.2784,0.9091089107579462
152,D. tilleyi,tilleyi,41.7888,264.8304,0.9981648221271394
152,D. valtos,valtos,49.5288,315.5832,1.3655310250611248
152,D. welteri,welteri,48.8088,302.5872,0.8861463704156479
152,D. wrighti,wrighti,40.3848,203.6736,0.887916978606357
153,D. aeneus,aeneus,38.0448,212.328,0.5861239737163815
153,D. amphileucus,amphileucus,45.396,318.78,1.0123830409535453
153,D. anicetus,anicetus,40.5648,246.0672,0.8652716876528117
153,D. apalachicolae,apalachicolae,45.504,300.6144,0.8640181259168705
153,D. auriculatus,auriculatus,48.4272,313.1136,1.0074208221271395
153,D. bairdi,bairdi,43.4952,306.0,1.0227465464547678
153,D. brimleyorum,brimleyorum,45.1008,325.8,1.0551880024449878
153,D. campi,campi,36.6624,249.3504,0.8330676283618582
153,D. folkertsi,folkertsi,45.9648,269.208,0.9609272328850856
153,D. fuscus,fuscus,47.3112,272.1888,1.0
153,D. gvnigeusgwotli,gvnigeusgwotli,46.62,272.304,0.8922243422982886
153,D. intermedius,intermedius,49.2768,325.2528,0.9456134737163815
153,D. kanawha,kanawha,42.192,285.3936,1.030295715770171
153,D. marmoratus,marmoratus,47.2608,276.2064,1.0148092799511002
153,D. mavrokoilius,mavrokoilius,41.328,269.064,0.9172259541564792
153,D. monticola,monticola,39.7872,259.5528,0.9569295183374084
153,D. ochrophaeus,ochrophaeus,50.9328,274.5,0.7094181699266504
153,D. ocoee,ocoee,42.156,293.1984,0.9543181540342299
153,D. orestes,orestes,45.468,255.5856,0.8618767377750611
153,D. perlapsus,perlapsus,43.9632,294.0768,0.8886033649144254
153,D. tilleyi,tilleyi,42.6024,265.8888,0.916073369804401
153,D. valtos,valtos,50.5152,317.916,1.2522565495110025
153,D. welteri,welteri,48.7872,303.984,0.8999203386308069
153,D. wrighti,wrighti,44.0136,237.0312,0.8489537658924206
154,D. aeneus,aeneus,37.6704,209.9232,0.5737720861858191
154,D. amphileucus,amphileucus,45.1872,318.4344,1.0473974364303178
154,D. anicetus,anicetus,42.552,244.1376,0.9790011968215159
154,D. apalachicolae,apalachicolae,45.2664,294.0912,0.969883641809291
154,D. auriculatus,auriculatus,49.3488,313.6752,1.1219737145476774
154,D. bairdi,bairdi,43.9272,304.6104,1.182373099633252
154,D. brimleyorum,brimleyorum,43.9488,328.1688,1.1381811528117358
154,D. campi,campi,37.0728,256.212,0.9332222292176039
154,D. folkertsi,folkertsi,45.0144,270.072,1.0921168355745723
154,D. fuscus,fuscus,46.1016,273.2328,1.0
154,D. gvnigeusgwotli,gvnigeusgwotli,46.7424,271.8072,0.9966428966992664
154,D. intermedius,intermedius,46.8648,325.152,1.149779152811736
154,D. kanawha,kanawha,41.7312,289.2384,1.1075821442542788
154,D. marmoratus,marmoratus,49.3704,273.7296,1.1768131265281174
154,D. mavrokoilius,mavrokoilius,42.9984,267.7968,0.9479241338630807
154,D. monticola,monticola,40.1904,263.4336,1.133439640586797
154,D. ochrophaeus,ochrophaeus,54.6696,268.524,0.8305644437652813
154,D. ocoee,ocoee,42.7176,293.2488,0.9766188037897311
154,D. orestes,orestes,47.2752,255.6072,0.9838710684596579
154,D. perlapsus,perlapsus,44.8704,292.3848,0.8424273416870416
154,D. tilleyi,tilleyi,41.5368,263.4624,1.055179825794621
154,D. valtos,valtos,49.572,314.7552,1.3632245366748166
154,D. welteri,welteri,48.6432,302.4576,0.99332731601467
154,D. wrighti,wrighti,42.9696,215.1072,0.910788109413203
155,D. aeneus,aeneus,38.9808,206.1,0.5830822866748167
155,D. amphileucus,amphileucus,44.5608,318.4344,1.0838041026894867
155,D. anicetus,anicetus,41.76,242.7408,0.9791471216381419
155,D. apalachicolae,apalachicolae,46.3968,300.2832,1.0705531454767725
155,D. auriculatus,auriculatus,49.176,316.7712,1.0705671485330073
155,D. bairdi,bairdi,43.9416,305.8992,1.1976007212713937
155,D. brimleyorum,brimleyorum,44.5968,328.3632,1.1781751411980441
155,D. campi,campi,36.7128,258.3,0.9611279755501223
155,D. folkertsi,folkertsi,45.576,268.7328,1.0766422530562347
155,D. fuscus,fuscus,48.0384,272.9376,1.0
155,D. gvnigeusgwotli,gvnigeusgwotli,46.7136,276.0192,0.9608112286063569
155,D. intermedius,intermedius,47.8872,325.044,1.1264166253056236
155,D. kanawha,kanawha,43.0416,285.3936,1.387569142420538
155,D. marmoratus,marmoratus,49.5072,276.6096,1.1727786350855747
155,D. mavrokoilius,mavrokoilius,42.876,268.0488,0.9534106949877751
155,D. monticola,monticola,39.5856,260.1504,1.1226043233496332
155,D. ochrophaeus,ochrophaeus,51.9552,275.4432,0.8857964498777506
155,D. ocoee,ocoee,44.2656,296.1864,1.0262198581907092
155,D. orestes,orestes,45.9936,254.88,0.8324610709046455
155,D. perlapsus,perlapsus,44.1432,294.1344,1.0556980935207825
155,D. tilleyi,tilleyi,42.0336,266.5296,1.0611840629584353
155,D. valtos,valtos,50.6448,313.74,1.423452489608802
155,D. welteri,welteri,48.8952,303.4368,0.9556967640586798
155,D. wrighti,wrighti,44.892,247.5216,0.9700548960880195
156,D. aeneus,aeneus,37.8576,212.328,0.5636355617359414
156,D. amphileucus,amphileucus,44.928,319.8456,0.9879131705378973
156,D. anicetus,anicetus,41.1696,242.8272,0.9237332573349634
156,D. apalachicolae,apalachicolae,45.5688,300.3336,0.9379477102689486
156,D. auriculatus,auriculatus,49.0032,316.548,1.1012889339853302
156,D. bairdi,bairdi,43.9416,304.3584,1.1125224951100245
156,D. brimleyorum,brimleyorum,45.2448,330.8544,0.9960549767726162
156,D. campi,campi,38.2032,249.9696,0.8450024211491443
156,D. folkertsi,folkertsi,45.5472,267.408,1.0255211240831297
156,D. fuscus,fuscus,47.5776,275.0112,1.0
156,D. gvnigeusgwotli,gvnigeusgwotli,46.62,271.8072,0.9252356167481662
156,D. intermedius,intermedius,47.2968,324.8496,1.077123283007335
156,D. kanawha,kanawha,41.0472,288.6408,1.2018175220048901
156,D. marmoratus,marmoratus,47.1456,272.304,1.113849577628362
156,D. mavrokoilius,mavrokoilius,44.9352,269.6112,0.858121935207824
156,D. monticola,monticola,39.4776,260.1504,1.0450622059902201
156,D. ochrophaeus,ochrophaeus,52.6032,269.352,0.8309253911980441
156,D. ocoee,ocoee,44.2224,292.5936,1.0060760354523228
156,D. orestes,orestes,47.5992,255.2184,0.8068619407090465
156,D. perlapsus,perlapsus,45.1368,294.192,0.9027785922982886
156,D. tilleyi,tilleyi,42.9624,265.9896,0.9775298270171149
156,D. valtos,valtos,50.2488,314.5968,1.3631132775061123
156,D. welteri,welteri,48.2544,307.4688,0.8999098037897311
156,D. wrighti,wrighti,44.0136,249.2064,0.8639032151589243
157,D. aeneus,aeneus,36.0072,208.1808,0.594075282396088
157,D. amphileucus,amphileucus,44.6688,318.78,1.0872133649144256
157,D. anicetus,anicetus,42.0624,243.6192,0.988167119804401
157,D. apalachicolae,apalachicolae,45.936,300.0528,0.9568730275061125
157,D. auriculatus,auriculatus,49.356,314.2368,1.0286809920537898
157,D. bairdi,bairdi,44.8992,306.2736,1.2159615800733496
157,D. brimleyorum,brimleyorum,44.9136,330.4008,1.047868379584352
157,D. campi,campi,37.1232,258.1632,0.921969662591687
157,D. folkertsi,folkertsi,44.8704,268.3728,1.0753953722493887
157,D. fuscus,fuscus,47.4768,271.368,1.0
157,D. gvnigeusgwotli,gvnigeusgwotli,46.6704,272.0304,0.9867128997555012
157,D. intermedius,intermedius,49.2768,325.2456,1.1253542243276282
157,D. kanawha,kanawha,43.1136,288.6408,0.98664566198044
157,D. marmoratus,marmoratus,49.3704,273.888,1.1758496589242056
157,D. mavrokoilius,mavrokoilius,40.9968,269.0208,0.9773916479217605
157,D. monticola,monticola,39.2472,258.9552,0.9898023924205379
157,D. ochrophaeus,ochrophaeus,52.6104,272.7216,0.8452065232273839
157,D. ocoee,ocoee,42.3144,291.5424,1.037465824572127
157,D. orestes,orestes,47.2032,255.3264,0.8893683447432763
157,D. perlapsus,perlapsus,43.38,294.0768,0.8770360702933986
157,D. tilleyi,tilleyi,41.0832,264.1824,1.0341943086797065
157,D. valtos,valtos,50.7816,314.352,1.4346477683374084
157,D. welteri,welteri,48.7008,305.5968,0.9641405293398533
157,D. wrighti,wrighti,44.892,237.0312,0.9487488404645478
158,D. aeneus,aeneus,36.8208,213.6528,0.5942720984107579
158,D. amphileucus,amphileucus,44.5608,319.9104,1.1201143881418094
158,D. anicetus,anicetus,41.1912,244.1376,1.0179068019559903
158,D. apalachicolae,apalachicolae,44.3088,300.6144,0.920978880195599
158,D. auriculatus,auriculatus,49.0032,315.1368,1.1122455146699266
158,D. bairdi,bairdi,43.3872,306.936,1.2092906014669926
158,D. brimleyorum,brimleyorum,46.8864,331.3584,0.999388325794621
158,D. campi,campi,37.944,259.1064,0.9119551894865526
158,D. folkertsi,folkertsi,46.9512,268.0704,1.0283417634474328
158,D. fuscus,fuscus,47.2464,273.1464,1.0
158,D. gvnigeusgwotli,gvnigeusgwotli,46.9008,274.2264,1.0027284688264058
158,D. intermedius,intermedius,49.2768,325.044,1.1104082451100246
158,D. kanawha,kanawha,41.7456,283.0752,1.032521706601467
158,D. marmoratus,marmoratus,47.1024,276.0336,1.1005755537897313
158,D. mavrokoilius,mavrokoilius,40.0608,269.064,1.072589011613692
158,D. monticola,monticola,39.7512,262.2456,1.0794856295843522
158,D. ochrophaeus,ochrophaeus,52.6032,269.352,0.8525185696821517
158,D. ocoee,ocoee,43.7472,292.0896,1.1050928135696823
158,D. orestes,orestes,46.3176,255.3408,0.8115311295843521
158,D. perlapsus,perlapsus,44.5464,294.1344,0.9211910018337408
158,D. tilleyi,tilleyi,42.1992,264.0528,1.0316031014669929
158,D. valtos,valtos,49.7664,314.352,1.4261084284841077
158,D. welteri,welteri,50.4648,307.4688,0.9390498331295845
158,D. wrighti,wrighti,43.848,247.7232,0.9666785721271394
159,D. aeneus,aeneus,38.4624,205.4232,0.6912538649144254
159,D. amphileucus,amphileucus,45.0216,317.772,1.1723128655256723
159,D. anicetus,anicetus,41.472,243.8784,1.0905671326405868
159,D. apalachicolae,apalachicolae,44.6688,299.5488,1.159449065403423
159,D. auriculatus,auriculatus,48.5568,312.6816,1.2655258459657703
159,D. bairdi,bairdi,44.0064,308.7216,1.3313196185819072
159,D. brimleyorum,brimleyorum,46.2528,328.8168,1.1942528141809292
159,D. campi,campi,36.6624,256.8384,1.0314550036674817
159,D. folkertsi,folkertsi,44.4672,267.6744,1.2153080965770173
159,D. fuscus,fuscus,46.6416,275.0112,1.0
159,D. gvnigeusgwotli,gvnigeusgwotli,46.7424,272.6352,1.0986675366748166
159,D. intermedius,intermedius,49.8024,325.2528,1.2694210250611246
159,D. kanawha,kanawha,40.9968,288.6768,1.2254380696821516
159,D. marmoratus,marmoratus,47.1456,276.408,1.2463058392420538
159,D. mavrokoilius,mavrokoilius,42.552,269.604,1.1269268422982885
159,D. monticola,monticola,39.7152,258.9408,1.2465338325183373
159,D. ochrophaeus,ochrophaeus,51.2208,269.352,0.9525099419315404
159,D. ocoee,ocoee,42.9336,295.7832,1.2615585061124694
159,D. orestes,orestes,47.2752,256.0104,1.2545127316625917
159,D. perlapsus,perlapsus,42.9192,291.8592,1.139998313569682
159,D. tilleyi,tilleyi,42.9552,265.3488,1.1977928661369195
159,D. valtos,valtos,50.7888,317.304,1.637572404645477
159,D. welteri,welteri,48.6792,308.16,1.1456615158924206
159,D. wrighti,wrighti,48.096,250.8912,1.0360826014669928
160,D. aeneus,aeneus,37.6632,208.5408,0.5541081882640587
160,D. amphileucus,amphileucus,43.8768,319.6656,1.0654906167481664
160,D. anicetus,anicetus,40.86,243.6192,0.9274933190709047
160,D. apalachicolae,apalachicolae,44.8992,297.8928,1.0122816436430317
160,D. auriculatus,auriculatus,48.4488,312.5304,1.0988115843520783
160,D. bairdi,bairdi,45.4032,305.6688,1.1683292481662593
160,D. brimleyorum,brimleyorum,45.1152,326.1672,1.0409776051344746
160,D. campi,campi,37.3968,258.2928,0.9039680819070905
160,D. folkertsi,folkertsi,44.7264,265.7952,1.0415531723716382
160,D. fuscus,fuscus,47.0088,272.4336,1.0
160,D. gvnigeusgwotli,gvnigeusgwotli,46.9008,273.3408,0.9335844199266504
160,D. intermedius,intermedius,48.852,325.9152,1.0680410079462104
160,D. kanawha,kanawha,41.8464,285.3936,1.0291618691931539
160,D. marmoratus,marmoratus,46.6344,274.0608,1.135597881418093
160,D. mavrokoilius,mavrokoilius,41.328,271.44,0.9495844706601467
160,D. monticola,monticola,39.6144,260.1072,1.0131960366748167
160,D. ochrophaeus,ochrophaeus,50.6448,272.304,0.8298847512224939
160,D. ocoee,ocoee,42.7176,293.1552,1.0102123233496332
160,D. orestes,orestes,46.3176,254.664,0.9801246717603913
160,D. perlapsus,perlapsus,45.0288,294.0768,0.8764662102689487
160,D. tilleyi,tilleyi,42.1992,265.6296,1.0149499804400979
160,D. valtos,valtos,49.9824,316.1232,1.4096294816625918
160,D. welteri,welteri,50.1552,310.212,0.8988530146699266
160,D. wrighti,wrighti,47.2896,237.0312,0.8450144070904646
161,D. aeneus,aeneus,38.4624,207.6912,0.577587827017115
161,D. amphileucus,amphileucus,45.1728,318.8592,1.0924348765281173
161,D. anicetus,anicetus,41.9112,246.9528,0.9448607964547678
161,D. apalachicolae,apalachicolae,44.2512,300.312,1.0598948251833742
161,D. auriculatus,auriculatus,49.9032,316.7712,1.0818239413202935
161,D. bairdi,bairdi,44.8992,309.9168,1.1457704859413205
161,D. brimleyorum,brimleyorum,45.0864,331.74,1.1356052958435208
161,D. campi,campi,37.512,258.3072,0.8822093979217605
161,D. folkertsi,folkertsi,46.4112,268.8048,1.0306690134474328
161,D. fuscus,fuscus,46.944,275.0112,1.0
161,D. gvnigeusgwotli,gvnigeusgwotli,46.7424,271.62,0.9537494969437653
161,D. intermedius,intermedius,49.0752,327.3768,1.0566358667481663
161,D. kanawha,kanawha,41.8752,288.036,0.9471093099022005
161,D. marmoratus,marmoratus,48.2904,278.4672,1.1445687402200488
161,D. mavrokoilius,mavrokoilius,40.2048,267.6096,0.8521754113691932
161,D. monticola,monticola,39.1248,260.4312,1.1191328245721273
161,D. ochrophaeus,ochrophaeus,50.976,266.5584,0.8442397102689487
161,D. ocoee,ocoee,44.1936,292.0896,0.9739712897310514
161,D. orestes,orestes,46.3176,256.3632,0.8193152218826406
161,D. perlapsus,perlapsus,43.5024,292.4424,0.989558652200489
161,D. tilleyi,tilleyi,41.7672,262.7568,0.9787249816625917
161,D. valtos,valtos,50.2488,311.6304,1.3522501356968215
161,D. welteri,welteri,48.168,304.416,0.9126858789731052
161,D. wrighti,wrighti,41.2848,227.2824,0.9189301766503668
162,D. aeneus,aeneus,37.6632,208.0512,0.5752083954767726
162,D. amphileucus,amphileucus,43.848,317.0016,1.0203649847188265
162,D. anicetus,anicetus,42.8976,246.6936,0.9029175812958435
162,D. apalachicolae,apalachicolae,44.6688,299.0448,0.9017138844743277
162,D. auriculatus,auriculatus,48.096,314.1072,1.0359211894865525
162,D. bairdi,bairdi,43.9416,306.972,1.1253060244498778
162,D. brimleyorum,brimleyorum,45.1008,327.1896,1.0490498734718827
162,D. campi,campi,36.7488,256.8384,0.859550728606357
162,D. folkertsi,folkertsi,47.52,270.3744,1.000212065403423
162,D. fuscus,fuscus,45.3096,272.808,1.0
162,D. gvnigeusgwotli,gvnigeusgwotli,46.7136,275.0112,0.9005537744498778
162,D. intermedius,intermedius,48.5136,327.3768,1.0364482481662591
162,D. kanawha,kanawha,41.724,290.664,0.9108468863080685
162,D. marmoratus,marmoratus,47.2032,275.5296,1.0454762438875307
162,D. mavrokoilius,mavrokoilius,42.7536,268.1424,0.7991920085574572
162,D. monticola,monticola,39.5928,258.2064,0.9783017487775061
162,D. ochrophaeus,ochrophaeus,50.5656,275.4576,0.7999673618581907
162,D. ocoee,ocoee,44.2512,296.3232,1.0341833111246943
162,D. orestes,orestes,48.0096,255.5856,0.8714034229828851
162,D. perlapsus,perlapsus,41.7816,293.652,0.8985957481662592
162,D. tilleyi,tilleyi,41.8536,266.5296,0.9498021161369193
162,D. valtos,valtos,49.5792,314.7552,1.3443534639364303
162,D. welteri,welteri,47.7792,306.7776,0.8104724883863081
162,D. wrighti,wrighti,41.2848,209.1312,0.9002835990220049
163,D. aeneus,aeneus,38.7504,207.6912,0.5676940855745721
163,D. amphileucus,amphileucus,44.1648,319.9104,0.9867165849633253
163,D. anicetus,anicetus,41.184,244.296,0.8427197096577017
163,D. apalachicolae,apalachicolae,46.3824,294.1992,0.8156908392420538
163,D. auriculatus,auriculatus,48.1824,313.1136,0.9972577585574574
163,D. bairdi,bairdi,45.7344,305.6688,1.0377777561124695
163,D. brimleyorum,brimleyorum,46.1808,331.74,1.0193384229828852
163,D. campi,campi,36.6624,257.7744,0.8281775837408313
163,D. folkertsi,folkertsi,44.3016,268.3368,0.9427959449877751
163,D. fuscus,fuscus,45.8712,272.4336,1.0
163,D. gvnigeusgwotli,gvnigeusgwotli,45.36,273.4416,0.8307393190709047
163,D. intermedius,intermedius,49.428,326.9304,0.9608799535452323
163,D. kanawha,kanawha,41.8752,287.8128,0.9852619083129586
163,D. marmoratus,marmoratus,49.5576,276.0336,1.0278076937652814
163,D. mavrokoilius,mavrokoilius,41.328,268.1424,0.9532371155256725
163,D. monticola,monticola,39.7152,263.3976,0.888338945599022
163,D. ochrophaeus,ochrophaeus,50.4792,270.6192,0.751613369804401
163,D. ocoee,ocoee,42.3936,292.4352,0.9999653166259169
163,D. orestes,orestes,46.0224,256.4928,0.7142809437652812
163,D. perlapsus,perlapsus,43.8624,289.6704,0.8479125378973106
163,D. tilleyi,tilleyi,41.8536,265.8888,0.9071162414425428
163,D. valtos,valtos,50.652,314.5968,1.2506691045232274
163,D. welteri,welteri,48.8952,302.112,0.82403654400978
163,D. wrighti,wrighti,44.892,247.6224,0.7688225097799511
164,D. aeneus,aeneus,37.584,210.456,0.5130050122249389
164,D. amphileucus,amphileucus,44.5608,319.6656,0.9327194731051345
164,D. anicetus,anicetus,41.6952,244.1376,0.8341755403422983
164,D. apalachicolae,apalachicolae,44.928,294.0912,0.8520014614914425
164,D. auriculatus,auriculatus,48.4272,312.1488,0.8960513765281174
164,D. bairdi,bairdi,44.5176,305.9064,1.0065099388753056
164,D. brimleyorum,brimleyorum,45.2664,331.1064,0.9180856002444988
164,D. campi,campi,37.4472,252.3024,0.7645893673594133
164,D. folkertsi,folkertsi,45.9936,268.8768,0.9073676155256724
164,D. fuscus,fuscus,47.8728,272.0448,1.0
164,D. gvnigeusgwotli,gvnigeusgwotli,46.4544,272.9376,0.8370696760391199
164,D. intermedius,intermedius,46.6128,325.2024,0.9864993966992667
164,D. kanawha,kanawha,41.04,288.6912,0.8366737646699266
164,D. marmoratus,marmoratus,48.3264,276.0768,1.0034250409535452
164,D. mavrokoilius,mavrokoilius,42.3504,269.064,0.9056204364303179
164,D. monticola,monticola,39.6,260.0784,1.1014224645476773
164,D. ochrophaeus,ochrophaeus,52.6104,275.4432,0.7296743973105134
164,D. ocoee,ocoee,42.156,292.2696,0.9107788789731052
164,D. orestes,orestes,45.5328,256.32,0.7403767555012226
164,D. perlapsus,perlapsus,42.0192,291.9672,0.8255499724938875
164,D. tilleyi,tilleyi,41.3928,265.0104,0.8991551680929096
164,D. valtos,valtos,49.7952,313.7904,1.21691454400978
164,D. welteri,welteri,48.8664,305.856,0.750286804400978
164,D. wrighti,wrighti,44.0136,247.5216,0.8357901668704156
165,D. aeneus,aeneus,38.2536,207.8208,0.5832853636919315
165,D. amphileucus,amphileucus,45.1728,321.7104,1.0356545482885087
165,D. anicetus,anicetus,41.4432,242.6544,0.9419067383863081
165,D. apalachicolae,apalachicolae,45.2016,299.6496,1.0669177004889976
165,D. auriculatus,auriculatus,49.356,312.6528,1.0092860238386308
165,D. bairdi,bairdi,45.0072,305.9064,1.140898554400978
165,D. brimleyorum,brimleyorum,44.496,326.1672,1.086949543398533
165,D. campi,campi,36.6696,257.256,0.9088770684596578
165,D. folkertsi,folkertsi,47.52,270.6624,1.0594115140586797
165,D. fuscus,fuscus,47.808,273.3552,1.0
165,D. gvnigeusgwotli,gvnigeusgwotli,44.3808,272.4336,0.9516671907090465
165,D. intermedius,intermedius,49.2768,325.7424,1.0658946338630808
165,D. kanawha,kanawha,41.0472,287.2872,0.9456789290953546
165,D. marmoratus,marmoratus,46.6416,276.2064,1.1420698209046456
165,D. mavrokoilius,mavrokoilius,42.552,269.0208,0.8726632940097799
165,D. monticola,monticola,39.6432,260.0784,0.9340812157701712
165,D. ochrophaeus,ochrophaeus,52.4664,267.7608,0.8112581577017116
165,D. ocoee,ocoee,42.156,291.96,0.9972898013447433
165,D. orestes,orestes,45.0,255.7224,0.7722227316625917
165,D. perlapsus,perlapsus,43.5024,300.2832,0.8533303911980441
165,D. tilleyi,tilleyi,41.8104,264.1824,1.0073543367970659
165,D. valtos,valtos,48.9888,313.74,1.4153096430317849
165,D. welteri,welteri,47.7648,306.7776,0.8867020048899756
165,D. wrighti,wrighti,44.0136,219.6216,0.9209388704156479
166,D. aeneus,aeneus,38.7504,210.4128,0.5710291289731051
166,D. amphileucus,amphileucus,45.396,319.32,1.0222149205378974
166,D. anicetus,anicetus,42.12,246.7728,0.9015996674816626
166,D. apalachicolae,apalachicolae,45.2016,299.6496,0.9151995654034231
166,D. auriculatus,auriculatus,50.076,315.1008,1.047115021393643
166,D. bairdi,bairdi,44.0064,306.1368,1.1161284847188264
166,D. brimleyorum,brimleyorum,44.496,327.8376,1.0331517457212716
166,D. campi,campi,36.6696,257.292,0.8377691393643032
166,D. folkertsi,folkertsi,45.5184,267.0192,0.9663652304400978
166,D. fuscus,fuscus,47.3112,271.368,1.0
166,D. gvnigeusgwotli,gvnigeusgwotli,46.5048,272.0808,0.91411829400978
166,D. intermedius,intermedius,48.852,325.9152,1.099414336185819
166,D. kanawha,kanawha,41.04,287.064,0.8853840513447433
166,D. marmoratus,marmoratus,48.4992,276.408,1.0045183753056235
166,D. mavrokoilius,mavrokoilius,41.328,267.7968,0.9969665385085574
166,D. monticola,monticola,39.5352,260.4096,0.9754257970660147
166,D. ochrophaeus,ochrophaeus,52.3152,274.1472,0.7775746974327629
166,D. ocoee,ocoee,42.6456,292.0896,1.0011166894865526
166,D. orestes,orestes,45.9216,255.3264,0.7827841742053789
166,D. perlapsus,perlapsus,43.6824,290.628,0.8246051259168704
166,D. tilleyi,tilleyi,41.652,264.7512,0.9853339889975551
166,D. valtos,valtos,50.2488,313.2504,1.3501126033007336
166,D. welteri,welteri,48.4488,305.5968,0.8756707041564792
166,D. wrighti,wrighti,45.3672,238.716,0.8618423013447433
167,D. aeneus,aeneus,36.8784,207.936,0.5894118930317849
167,D. amphileucus,amphileucus,44.676,319.2048,1.0626116723716381
167,D. anicetus,anicetus,42.8976,246.6936,0.9285252567237164
167,D. apalachicolae,apalachicolae,46.7568,298.4688,1.0709302414425428
167,D. auriculatus,auriculatus,49.7664,316.7712,1.0585306522004891
167,D. bairdi,bairdi,43.992,306.468,1.143577891198044
167,D. brimleyorum,brimleyorum,45.2304,330.8544,0.9335144987775061
167,D. campi,campi,36.3456,259.2576,0.8726740103911981
167,D. folkertsi,folkertsi,44.5968,267.0192,0.9995412671149145
167,D. fuscus,fuscus,47.7576,273.4416,1.0
167,D. gvnigeusgwotli,gvnigeusgwotli,46.5264,272.4192,0.9535926320293399
167,D. intermedius,intermedius,50.0976,325.4904,1.0458655421760392
167,D. kanawha,kanawha,41.7024,289.2384,1.0436122897310514
167,D. marmoratus,marmoratus,48.3552,273.7296,1.0643203099022005
167,D. mavrokoilius,mavrokoilius,41.1624,269.0208,0.9128426026894866
167,D. monticola,monticola,39.8592,260.0784,1.082946348410758
167,D. ochrophaeus,ochrophaeus,51.6312,273.4344,0.8070456937652811
167,D. ocoee,ocoee,43.7472,292.8528,1.0265780861858191
167,D. orestes,orestes,45.144,254.8584,0.9112631167481663
167,D. perlapsus,perlapsus,43.5024,290.6928,0.8570887689486553
167,D. tilleyi,tilleyi,41.7672,264.4776,0.9965216570904645
167,D. valtos,valtos,49.7736,313.7904,1.3806597145476773
167,D. welteri,welteri,48.6,310.4784,0.8998812738386308
167,D. wrighti,wrighti,42.0912,225.5976,0.8602047665036675
168,D. aeneus,aeneus,38.0448,207.8208,0.5543698300733496
168,D. amphileucus,amphileucus,43.8768,318.5928,0.9997662671149146
168,D. anicetus,anicetus,41.1912,243.6192,0.9508962536674817
168,D. apalachicolae,apalachicolae,46.5408,293.4432,0.9232731228606357
168,D. auriculatus,auriculatus,48.1824,317.1456,0.9780797029339854
168,D. bairdi,bairdi,44.4096,306.1368,1.1711301601466992
168,D. brimleyorum,brimleyorum,46.2528,328.3632,1.1188911448655257
168,D. campi,campi,37.728,257.256,0.8902074969437653
168,D. folkertsi,folkertsi,46.1952,269.0424,1.0302009425427872
168,D. fuscus,fuscus,46.944,270.6552,1.0
168,D. gvnigeusgwotli,gvnigeusgwotli,47.0232,272.9376,0.9417407451100245
168,D. intermedius,intermedius,49.0752,323.8128,1.0587943465770173
168,D. kanawha,kanawha,43.1496,279.1152,0.9492632658924206
168,D. marmoratus,marmoratus,47.0592,275.5296,1.1174600678484108
168,D. mavrokoilius,mavrokoilius,42.1632,267.7968,0.976934445599022
168,D. monticola,monticola,39.6144,263.3616,1.0152630819070905
168,D. ochrophaeus,ochrophaeus,50.1984,273.0168,0.8421775776283619
168,D. ocoee,ocoee,43.3944,293.1984,1.0465275366748168
168,D. orestes,orestes,47.0736,255.4704,0.8122585880195599
168,D. perlapsus,perlapsus,42.5808,298.6632,0.8789231974327629
168,D. tilleyi,tilleyi,41.8752,265.0896,1.0083574963325184
168,D. valtos,valtos,49.968,312.7032,1.413026850244499
168,D. welteri,welteri,48.888,315.2448,0.9200390513447433
168,D. wrighti,wrighti,47.2896,249.3072,0.8998329749388754
169,D. aeneus,aeneus,38.0448,211.7952,0.6677079608801957
169,D. amphileucus,amphileucus,44.0928,319.8456,1.0763304529339852
169,D. anicetus,anicetus,43.0704,242.8272,1.023739174205379
169,D. apalachicolae,apalachicolae,47.0016,294.1992,1.0671173740831295
169,D. auriculatus,auriculatus,50.4072,313.1136,1.1595033172371638
169,D. bairdi,bairdi,44.8056,305.0352,1.2597337823960881
169,D. brimleyorum,brimleyorum,45.18,333.7632,1.1254909511002447
169,D. campi,campi,36.7488,256.824,0.9920644333740832
169,D. folkertsi,folkertsi,45.0144,270.2376,1.1085237444987774
169,D. fuscus,fuscus,45.8712,271.6272,1.0
169,D. gvnigeusgwotli,gvnigeusgwotli,46.3392,272.0808,0.9603522292176039
169,D. intermedius,intermedius,46.6704,326.16,1.1609371442542789
169,D. kanawha,kanawha,41.9904,288.6408,1.124947184596577
169,D. marmoratus,marmoratus,48.1032,274.6224,1.2336268386308067
169,D. mavrokoilius,mavrokoilius,43.704,269.064,0.9960738331295843
169,D. monticola,monticola,39.4848,258.9552,1.0847045611246946
169,D. ochrophaeus,ochrophaeus,52.6392,273.4344,0.8944968795843521
169,D. ocoee,ocoee,42.8256,291.6072,1.0874470378973107
169,D. orestes,orestes,45.5328,254.6784,0.9411600177261614
169,D. perlapsus,perlapsus,41.7168,293.0256,0.913452423594132
169,D. tilleyi,tilleyi,43.2936,265.3488,1.0720993056234718
169,D. valtos,valtos,50.2488,314.5968,1.474824924816626
169,D. welteri,welteri,48.2112,304.6752,0.9989161026894866
169,D. wrighti,wrighti,43.848,237.132,0.9702846332518338
170,D. aeneus,aeneus,35.7696,208.296,0.6550952872860636
170,D. amphileucus,amphileucus,44.5608,319.8456,0.9716821546454768
170,D. anicetus,anicetus,41.4504,245.1816,0.9201534944987775
170,D. apalachicolae,apalachicolae,45.504,300.2832,0.9719919810513448
170,D. auriculatus,auriculatus,49.176,313.1136,0.9840449260391197
170,D. bairdi,bairdi,44.0064,306.972,1.137670784229829
170,D. brimleyorum,brimleyorum,46.5552,330.6384,1.0635787475550122
170,D. campi,campi,36.7056,257.904,0.9027925244498778
170,D. folkertsi,folkertsi,44.3016,267.0192,1.0487397903422984
170,D. fuscus,fuscus,46.2888,272.6784,1.0
170,D. gvnigeusgwotli,gvnigeusgwotli,46.08,271.7568,0.9505885140586797
170,D. intermedius,intermedius,49.2768,323.7408,1.0697025427872862
170,D. kanawha,kanawha,41.7456,285.3936,0.9423180702933986
170,D. marmoratus,marmoratus,47.6064,273.888,1.0844829981662591
170,D. mavrokoilius,mavrokoilius,41.8392,269.0208,0.8657385586797066
170,D. monticola,monticola,39.5424,260.604,0.9903188416870417
170,D. ochrophaeus,ochrophaeus,52.4592,268.0704,0.8353987426650367
170,D. ocoee,ocoee,44.2512,291.7512,1.0117816595354523
170,D. orestes,orestes,47.0736,256.4928,0.8418579468215159
170,D. perlapsus,perlapsus,41.9544,295.4592,0.9360831913202935
170,D. tilleyi,tilleyi,41.5008,264.8304,0.9997344773838631
170,D. valtos,valtos,49.2768,315.7416,1.3940717365525672
170,D. welteri,welteri,48.6,302.8464,0.8352464156479218
170,D. wrighti,wrighti,43.848,247.6224,0.9729265599022006
171,D. aeneus,aeneus,38.0664,207.8208,0.6152085171149144
171,D. amphileucus,amphileucus,44.5392,319.8456,1.1143135721271396
171,D. anicetus,anicetus,42.2064,246.1464,1.0036628801955991
171,D. apalachicolae,apalachicolae,45.504,295.308,1.012128445599022
171,D. auriculatus,auriculatus,49.5144,317.3472,1.0769627237163815
171,D. bairdi,bairdi,44.0064,306.6048,1.2203992695599022
171,D. brimleyorum,brimleyorum,43.6608,330.4224,1.147139205378973
171,D. campi,campi,36.0144,257.6448,0.9440836974327629
171,D. folkertsi,folkertsi,47.0448,270.6984,1.1226689290953547
171,D. fuscus,fuscus,47.9232,271.6272,1.0
171,D. gvnigeusgwotli,gvnigeusgwotli,46.7712,274.3344,0.9928340372860637
171,D. intermedius,intermedius,49.14,322.5024,1.2336165568459658
171,D. kanawha,kanawha,42.7176,288.6624,1.0112919712713937
171,D. marmoratus,marmoratus,46.8432,276.0552,1.1457953905867972
171,D. mavrokoilius,mavrokoilius,40.2048,269.1072,1.0104799266503668
171,D. monticola,monticola,39.6216,259.488,1.1285573190709046
171,D. ochrophaeus,ochrophaeus,51.192,274.1472,0.8790976301955991
171,D. ocoee,ocoee,43.9272,293.1552,1.0906011143031784
171,D. orestes,orestes,46.0512,255.3408,0.8579047579462104
171,D. perlapsus,perlapsus,43.9632,294.192,1.0669276338630806
171,D. tilleyi,tilleyi,42.5952,264.672,1.064215305623472
171,D. valtos,valtos,49.7952,314.3016,1.4779269663814183
171,D. welteri,welteri,48.8448,310.4784,0.9179850421760392
171,D. wrighti,wrighti,45.936,247.5216,0.9767852255501223
172,D. aeneus,aeneus,37.6704,210.9456,0.5635890311735942
172,D. amphileucus,amphileucus,44.928,320.0832,1.0356386118581908
172,D. anicetus,anicetus,41.1984,243.9576,0.9115180464547677
172,D. apalachicolae,apalachicolae,45.6336,296.712,1.0167806900977996
172,D. auriculatus,auriculatus,48.8016,312.8832,1.1450713606356968
172,D. bairdi,bairdi,45.4032,306.936,1.1445054089242053
172,D. brimleyorum,brimleyorum,46.1808,328.8168,1.054235423594132
172,D. campi,campi,37.3968,252.9864,0.8908192371638142
172,D. folkertsi,folkertsi,44.7408,270.2376,1.036278056234719
172,D. fuscus,fuscus,46.2888,274.5432,1.0
172,D. gvnigeusgwotli,gvnigeusgwotli,43.308,272.4696,0.9221019523227384
172,D. intermedius,intermedius,49.428,329.5584,1.091396380195599
172,D. kanawha,kanawha,40.8384,287.064,0.9377581784841076
172,D. marmoratus,marmoratus,47.5488,274.1904,1.0429081491442544
172,D. mavrokoilius,mavrokoilius,43.4016,269.604,0.9957747084352079
172,D. monticola,monticola,39.1392,258.9552,0.9304923416870416
172,D. ochrophaeus,ochrophaeus,52.2792,274.8528,0.8283228123471883
172,D. ocoee,ocoee,44.1936,295.9704,1.0327752023227383
172,D. orestes,orestes,45.036,255.3264,0.8117605281173594
172,D. perlapsus,perlapsus,43.9632,294.192,0.830772738997555
172,D. tilleyi,tilleyi,41.7456,263.5848,0.9948747451100244
172,D. valtos,valtos,50.7816,317.3184,1.338447980440098
172,D. welteri,welteri,49.5504,304.5456,0.9144236570904646
172,D. wrighti,wrighti,42.0912,250.8912,0.9234608710268949
173,D. aeneus,aeneus,37.62,207.6912,0.6616219504889976
173,D. amphileucus,amphileucus,44.568,316.8288,1.169390163814181
173,D. anicetus,anicetus,41.4432,244.296,1.0342995030562347
173,D. apalachicolae,apalachicolae,45.936,300.1536,0.9893925990220049
173,D. auriculatus,auriculatus,48.3192,315.9144,1.1861483520782397
173,D. bairdi,bairdi,43.9992,306.468,1.2450440293398535
173,D. brimleyorum,brimleyorum,46.26,330.4008,1.2569063117359414
173,D. campi,campi,36.6768,258.3072,0.9957938416870417
173,D. folkertsi,folkertsi,45.576,270.3888,1.1480852817848413
173,D. fuscus,fuscus,45.2592,271.6272,1.0
173,D. gvnigeusgwotli,gvnigeusgwotli,46.4544,272.5344,1.0297558856968216
173,D. intermedius,intermedius,49.428,327.7728,1.1456395599022005
173,D. kanawha,kanawha,41.4216,288.6192,1.07694245599022
173,D. marmoratus,marmoratus,48.3408,276.6312,1.2585412243276284
173,D. mavrokoilius,mavrokoilius,41.328,268.7544,0.93691827200489
173,D. monticola,monticola,39.312,258.8472,1.0803666149144253
173,D. ochrophaeus,ochrophaeus,51.9624,267.8976,0.8464914107579463
173,D. ocoee,ocoee,44.8992,296.6688,1.172637641809291
173,D. orestes,orestes,46.0224,254.2896,1.156450628361858
173,D. perlapsus,perlapsus,45.1728,299.4768,1.0437494902200488
173,D. tilleyi,tilleyi,41.8752,264.0528,1.104702055623472
173,D. valtos,valtos,50.6448,314.1936,1.501003067237164
173,D. welteri,welteri,48.4272,305.7264,1.0098184627139366
173,D. wrighti,wrighti,42.9696,237.0312,0.9045208410757946
174,D. aeneus,aeneus,39.1176,206.1,0.5764923129584353
174,D. amphileucus,amphileucus,45.1872,318.4344,1.1704643239608803
174,D. anicetus,anicetus,44.5176,242.1936,0.9836425953545233
174,D. apalachicolae,apalachicolae,46.7568,300.4632,1.0266153300733498
174,D. auriculatus,auriculatus,50.1408,316.656,1.0507335513447433
174,D. bairdi,bairdi,45.0072,306.972,1.2178648569682151
174,D. brimleyorum,brimleyorum,45.0864,333.7632,1.1188964645476773
174,D. campi,campi,37.0872,258.228,0.9450606656479218
174,D. folkertsi,folkertsi,47.4048,270.0792,1.1165270403422982
174,D. fuscus,fuscus,47.5776,272.808,1.0
174,D. gvnigeusgwotli,gvnigeusgwotli,47.016,271.7064,0.979321511002445
174,D. intermedius,intermedius,48.8304,324.3312,1.142812163814181
174,D. kanawha,kanawha,41.4,288.6192,1.0945121253056236
174,D. marmoratus,marmoratus,48.4992,276.6096,1.1315811033007335
174,D. mavrokoilius,mavrokoilius,41.8392,268.7544,0.9189705134474327
174,D. monticola,monticola,39.4848,258.9408,1.1622425348410759
174,D. ochrophaeus,ochrophaeus,53.4816,272.304,0.8774745764058679
174,D. ocoee,ocoee,42.5304,296.6688,1.1191223850855745
174,D. orestes,orestes,47.1312,254.6208,0.8817430128361858
174,D. perlapsus,perlapsus,43.38,294.192,0.9294644480440098
174,D. tilleyi,tilleyi,41.5296,265.8888,1.0285484315403424
174,D. valtos,valtos,49.9824,315.5832,1.4793098600244499
174,D. welteri,welteri,48.8664,303.4368,0.9633754052567238
174,D. wrighti,wrighti,43.848,247.7232,0.9793339975550124
175,D. aeneus,aeneus,38.9808,208.9872,0.49101014242053787
175,D. amphileucus,amphileucus,44.5608,317.448,0.888351326405868
175,D. anicetus,anicetus,42.2712,243.8784,0.8218767316625917
175,D. apalachicolae,apalachicolae,45.8064,297.8928,0.8021939400977995
175,D. auriculatus,auriculatus,48.8016,314.6688,0.9851270825183375
175,D. bairdi,bairdi,44.7624,309.2184,1.010737261002445
175,D. brimleyorum,brimleyorum,45.6984,331.1064,0.9102052261613692
175,D. campi,campi,37.5048,259.7688,0.8155569761613691
175,D. folkertsi,folkertsi,43.8048,269.3016,0.9147712958435209
175,D. fuscus,fuscus,46.5192,273.6072,1.0
175,D. gvnigeusgwotli,gvnigeusgwotli,46.8648,272.4192,0.7952291344743276
175,D. intermedius,intermedius,48.8736,325.2456,0.9819561161369195
175,D. kanawha,kanawha,41.724,288.0864,0.8461104908312959
175,D. marmoratus,marmoratus,46.728,275.5296,0.968724337408313
175,D. mavrokoilius,mavrokoilius,44.0568,269.352,0.8398125666259169
175,D. monticola,monticola,39.4848,260.5824,0.918446391809291
175,D. ochrophaeus,ochrophaeus,54.4032,272.7216,0.7141163410757946
175,D. ocoee,ocoee,43.092,291.96,0.9461313465770171
175,D. orestes,orestes,47.2896,255.6144,0.6617416033007335
175,D. perlapsus,perlapsus,43.2576,289.6704,0.8112694926650367
175,D. tilleyi,tilleyi,43.0776,262.908,0.9010139064792176
175,D. valtos,valtos,49.1544,312.7104,1.20966374205379
175,D. welteri,welteri,48.636,303.552,0.8264967200488997
175,D. wrighti,wrighti,44.0136,249.2064,0.8226285843520783
176,D. aeneus,aeneus,38.2536,208.0512,0.6011761485330074
176,D. amphileucus,amphileucus,44.0208,319.5216,1.1339573520782396
176,D. anicetus,anicetus,41.4576,243.9576,0.969817511613692
176,D. apalachicolae,apalachicolae,44.2512,297.8928,0.9854041607579461
176,D. auriculatus,auriculatus,49.0032,315.1368,1.3185877444987775
176,D. bairdi,bairdi,43.8768,307.3032,1.1900247671149145
176,D. brimleyorum,brimleyorum,45.2304,328.1688,1.0223299816625917
176,D. campi,campi,38.2032,255.528,0.9251226674816627
176,D. folkertsi,folkertsi,46.4112,269.64,1.095099589853301
176,D. fuscus,fuscus,46.2888,273.1464,1.0
176,D. gvnigeusgwotli,gvnigeusgwotli,47.2464,274.2336,0.9383732499999999
176,D. intermedius,intermedius,49.2768,326.16,1.1953650348410758
176,D. kanawha,kanawha,41.0976,279.9216,0.9870277341075796
176,D. marmoratus,marmoratus,47.6064,274.2192,1.1482492683374084
176,D. mavrokoilius,mavrokoilius,40.5936,267.7968,0.9873771277506113
176,D. monticola,monticola,39.1392,258.4728,1.177925761613692
176,D. ochrophaeus,ochrophaeus,51.2208,268.0704,0.864357249388753
176,D. ocoee,ocoee,44.748,292.7808,1.011917868581907
176,D. orestes,orestes,46.584,254.6784,0.962644054400978
176,D. perlapsus,perlapsus,43.9632,296.64,0.9265684608801956
176,D. tilleyi,tilleyi,43.0776,264.2832,1.0682733227383863
176,D. valtos,valtos,49.9824,315.7416,1.4690969614914424
176,D. welteri,welteri,49.1976,310.7016,0.9382784168704157
176,D. wrighti,wrighti,47.2896,191.7216,0.9053573123471883
177,D. aeneus,aeneus,36.8208,209.9232,0.521308990220049
177,D. amphileucus,amphileucus,45.1296,319.4928,1.0211275372860638
177,D. anicetus,anicetus,41.6952,242.3232,0.8754136577017115
177,D. apalachicolae,apalachicolae,43.7184,300.9888,0.8802403685819071
177,D. auriculatus,auriculatus,49.176,314.6688,0.9531151583129585
177,D. bairdi,bairdi,44.208,303.5232,1.0568629009779953
177,D. brimleyorum,brimleyorum,45.1656,330.4224,1.0409518416870416
177,D. campi,campi,36.6624,258.2928,0.8476360886308069
177,D. folkertsi,folkertsi,45.1224,267.2856,0.9781073245721272
177,D. fuscus,fuscus,46.1808,272.0448,1.0
177,D. gvnigeusgwotli,gvnigeusgwotli,47.124,272.4048,0.918328217603912
177,D. intermedius,intermedius,49.8024,324.5256,1.0423801161369195
177,D. kanawha,kanawha,42.9408,285.3936,0.9744663398533008
177,D. marmoratus,marmoratus,46.5408,276.8112,0.9881913789731052
177,D. mavrokoilius,mavrokoilius,43.0848,269.6112,0.9578902328850856
177,D. monticola,monticola,40.7448,260.8848,0.9631598025672372
177,D. ochrophaeus,ochrophaeus,50.4864,267.8976,0.7864032781173594
177,D. ocoee,ocoee,43.0416,294.3936,0.9446145745721272
177,D. orestes,orestes,45.5328,256.1112,0.8252187940097799
177,D. perlapsus,perlapsus,42.3,292.4856,0.7721249767726162
177,D. tilleyi,tilleyi,42.5952,267.5016,0.9494656332518338
177,D. valtos,valtos,49.5792,314.9136,1.3219980299511003
177,D. welteri,welteri,48.9456,304.6752,0.914494402200489
177,D. wrighti,wrighti,46.2456,225.6984,0.8912913814180929
178,D. aeneus,aeneus,37.5552,185.5728,0.7658789718826406
178,D. amphileucus,amphileucus,44.4096,319.6368,1.1922492793398534
178,D. anicetus,anicetus,42.2064,243.2448,1.0161249254278728
178,D. apalachicolae,apalachicolae,44.6256,300.2544,1.0888107359413204
178,D. auriculatus,auriculatus,49.0032,314.7048,1.279360111246944
178,D. bairdi,bairdi,44.7624,307.6992,1.2841805140586797
178,D. brimleyorum,brimleyorum,46.6488,331.1208,1.2120203099022004
178,D. campi,campi,37.7208,248.4504,0.942344011002445
178,D. folkertsi,folkertsi,46.2816,269.64,1.121474262224939
178,D. fuscus,fuscus,47.5272,272.3112,1.0
178,D. gvnigeusgwotli,gvnigeusgwotli,46.7424,272.9376,1.0708366143031784
178,D. intermedius,intermedius,48.8304,326.5848,1.2107461356968217
178,D. kanawha,kanawha,42.0696,288.5616,1.371023715770171
178,D. marmoratus,marmoratus,48.2544,273.6936,1.1821309553789732
178,D. mavrokoilius,mavrokoilius,41.8392,268.488,1.0474263135696822
178,D. monticola,monticola,39.7152,261.0576,1.3707917567237164
178,D. ochrophaeus,ochrophaeus,52.4592,267.0192,0.9118873954767727
178,D. ocoee,ocoee,44.2224,292.2696,1.1708840079462104
178,D. orestes,orestes,46.0512,254.2752,0.8714476014669927
178,D. perlapsus,perlapsus,42.9192,294.2784,0.9434822310513448
178,D. tilleyi,tilleyi,42.5952,264.2328,1.0996364297066017
178,D. valtos,valtos,50.6448,309.3336,1.5496369003667483
178,D. welteri,welteri,48.7872,303.4368,1.0240491057457213
178,D. wrighti,wrighti,44.892,250.8912,1.008517391809291
179,D. aeneus,aeneus,37.62,208.9872,0.5921887866748167
179,D. amphileucus,amphileucus,44.3088,321.2856,0.9772894737163814
179,D. anicetus,anicetus,42.6888,246.0672,0.8621892463325184
179,D. apalachicolae,apalachicolae,45.504,297.504,0.9646983728606358
179,D. auriculatus,auriculatus,48.672,314.2368,0.9269507255501223
179,D. bairdi,bairdi,44.316,305.1936,1.0754306668704157
179,D. brimleyorum,brimleyorum,45.0,329.2056,0.9450274559902201
179,D. campi,campi,37.4472,256.8384,0.8220337432762836
179,D. folkertsi,folkertsi,44.4672,270.2376,0.9488051057457213
179,D. fuscus,fuscus,46.404,271.368,1.0
179,D. gvnigeusgwotli,gvnigeusgwotli,46.8936,275.1192,0.8528868086797067
179,D. intermedius,intermedius,50.8464,325.2456,1.0430463227383864
179,D. kanawha,kanawha,41.4,288.6912,0.9059292775061125
179,D. marmoratus,marmoratus,46.7856,273.9312,0.9577132481662591
179,D. mavrokoilius,mavrokoilius,40.4352,269.064,0.7675984498777506
179,D. monticola,monticola,40.0176,260.4312,0.9217613294621028
179,D. ochrophaeus,ochrophaeus,51.6312,273.3696,0.7546930000000001
179,D. ocoee,ocoee,43.992,295.6752,0.992697468215159
179,D. orestes,orestes,47.1888,254.6208,0.747412326405868
179,D. perlapsus,perlapsus,43.6824,295.4592,0.8114271240831297
179,D. tilleyi,tilleyi,42.1632,266.7456,0.909924544621027
179,D. valtos,valtos,50.7744,316.1232,1.243290370415648
179,D. welteri,welteri,48.636,300.5424,0.834199740220049
179,D. wrighti,wrighti,42.9696,225.5976,0.8239954951100245
180,D. aeneus,aeneus,35.9928,211.4784,0.5789790470660147
180,D. amphileucus,amphileucus,44.2512,318.6216,0.9689110055012226
180,D. anicetus,anicetus,40.8816,242.4888,0.9173839773838631
180,D. apalachicolae,apalachicolae,44.2152,295.308,0.9419343282396088
180,D. auriculatus,auriculatus,48.4272,312.6816,1.0413517200489
180,D. bairdi,bairdi,43.8624,305.3664,1.1111949951100244
180,D. brimleyorum,brimleyorum,45.6984,332.1216,1.004616751222494
180,D. campi,campi,37.08,246.7584,0.8742216717603912
180,D. folkertsi,folkertsi,44.3016,271.008,1.023053556234719
180,D. fuscus,fuscus,46.944,273.1464,1.0
180,D. gvnigeusgwotli,gvnigeusgwotli,44.8992,275.976,0.8707814388753057
180,D. intermedius,intermedius,49.2768,324.3312,1.038667511613692
180,D. kanawha,kanawha,41.76,291.9744,1.101284923594132
180,D. marmoratus,marmoratus,47.6064,276.2064,1.1216947585574573
180,D. mavrokoilius,mavrokoilius,41.328,266.3712,1.0084429969437654
180,D. monticola,monticola,39.5928,263.3976,1.0387312096577017
180,D. ochrophaeus,ochrophaeus,52.6392,271.0368,0.7758795843520783
180,D. ocoee,ocoee,44.7696,296.0496,1.0552342408312958
180,D. orestes,orestes,47.2032,256.5936,0.8341241827628362
180,D. perlapsus,perlapsus,44.5536,297.4176,0.8265887866748166
180,D. tilleyi,tilleyi,43.0416,267.1488,0.9916414052567237
180,D. valtos,valtos,49.572,313.6896,1.3023157353300734
180,D. welteri,welteri,48.2544,303.8688,0.8515209504889976
180,D. wrighti,wrighti,46.2456,219.7224,0.8284726485330074
181,D. aeneus,aeneus,38.0592,207.8712,0.5537453209046455
181,D. amphileucus,amphileucus,44.2872,319.8456,1.0361500721271395
181,D. anicetus,anicetus,40.5648,247.5792,0.9201924639364303
181,D. apalachicolae,apalachicolae,44.1792,297.1152,0.9469918539119805
181,D. auriculatus,auriculatus,49.3632,315.1728,0.9244439993887531
181,D. bairdi,bairdi,44.8992,307.6992,1.0984737145476773
181,D. brimleyorum,brimleyorum,44.496,326.1672,0.9910565403422984
181,D. campi,campi,36.7056,249.9696,0.850027783618582
181,D. folkertsi,folkertsi,45.2664,270.072,1.0153296662591689
181,D. fuscus,fuscus,47.3112,272.9376,1.0
181,D. gvnigeusgwotli,gvnigeusgwotli,47.1312,272.3544,0.9010256075794622
181,D. intermedius,intermedius,50.0256,326.1672,1.0812479254278728
181,D. kanawha,kanawha,41.0976,288.036,1.1771739694376528
181,D. marmoratus,marmoratus,47.2608,273.9312,1.086369935207824
181,D. mavrokoilius,mavrokoilius,42.3504,269.064,0.8051735354523227
181,D. monticola,monticola,40.176,260.0784,1.0010235201711493
181,D. ochrophaeus,ochrophaeus,52.9632,272.7216,0.7600210794621027
181,D. ocoee,ocoee,43.4448,295.9704,1.0110356253056234
181,D. orestes,orestes,46.0512,254.664,0.8335253062347189
181,D. perlapsus,perlapsus,43.8624,289.6704,0.9550844621026895
181,D. tilleyi,tilleyi,41.9976,267.5016,0.9746026852078239
181,D. valtos,valtos,49.5648,309.3336,1.317930194987775
181,D. welteri,welteri,48.1104,310.212,0.804796924816626
181,D. wrighti,wrighti,42.0912,247.5216,0.8809972481662591
182,D. aeneus,aeneus,43.2,206.1,0.5100963808068459
182,D. amphileucus,amphileucus,44.2512,316.5696,0.9850333789731051
182,D. anicetus,anicetus,41.688,242.8272,0.8727807231051345
182,D. apalachicolae,apalachicolae,44.1792,300.4632,0.9369820843520783
182,D. auriculatus,auriculatus,49.5144,312.6816,0.9237977334963325
182,D. bairdi,bairdi,44.8992,307.3032,1.0836830715158925
182,D. brimleyorum,brimleyorum,45.2448,328.752,0.9668214822738387
182,D. campi,campi,37.0872,253.512,0.8363242903422983
182,D. folkertsi,folkertsi,47.4048,269.3952,0.9772607799511003
182,D. fuscus,fuscus,46.6416,276.1632,1.0
182,D. gvnigeusgwotli,gvnigeusgwotli,45.5616,273.24,0.8199108948655257
182,D. intermedius,intermedius,49.428,325.9152,0.9979923459657702
182,D. kanawha,kanawha,42.0768,287.1936,0.8734525764058679
182,D. marmoratus,marmoratus,46.4256,274.6224,1.039938273838631
182,D. mavrokoilius,mavrokoilius,40.8816,267.7032,0.9431396668704156
182,D. monticola,monticola,39.6144,258.8328,1.0135082279951102
182,D. ochrophaeus,ochrophaeus,52.6392,264.3696,0.7706866589242054
182,D. ocoee,ocoee,42.2352,291.6864,0.9387308820293399
182,D. orestes,orestes,47.1312,256.1112,0.8795650684596577
182,D. perlapsus,perlapsus,42.5808,296.64,0.8605448734718827
182,D. tilleyi,tilleyi,42.3936,262.6272,0.9276942414425429
182,D. valtos,valtos,50.7888,313.6896,1.2503859627139364
182,D. welteri,welteri,48.8448,310.4352,0.8096728502444988
182,D. wrighti,wrighti,44.0136,247.5216,0.9298645751833741
183,D. aeneus,aeneus,36.8784,208.9872,0.5366739480440098
183,D. amphileucus,amphileucus,44.928,318.7008,0.969471293398533
183,D. anicetus,anicetus,41.4432,242.5752,0.8679870647921761
183,D. apalachicolae,apalachicolae,46.6128,300.2544,0.8435162946210268
183,D. auriculatus,auriculatus,50.3856,317.124,0.9287263288508558
183,D. bairdi,bairdi,44.8056,305.3664,1.064003270171149
183,D. brimleyorum,brimleyorum,44.9136,330.084,1.025078663202934
183,D. campi,campi,37.7208,257.6448,0.8240913734718827
183,D. folkertsi,folkertsi,44.4888,267.9408,0.9612834834963325
183,D. fuscus,fuscus,48.1824,272.9376,1.0
183,D. gvnigeusgwotli,gvnigeusgwotli,45.9504,271.7208,0.8696907585574573
183,D. intermedius,intermedius,48.852,323.5968,1.0546121130806847
183,D. kanawha,kanawha,41.7528,285.3936,0.9732292206601467
183,D. marmoratus,marmoratus,48.3408,277.236,1.0653723893643032
183,D. mavrokoilius,mavrokoilius,44.856,268.1424,0.8761218435207825
183,D. monticola,monticola,39.5856,258.9264,0.9610693355745722
183,D. ochrophaeus,ochrophaeus,51.696,275.6016,0.7974208924205379
183,D. ocoee,ocoee,43.5096,291.672,0.9229756234718827
183,D. orestes,orestes,47.1024,255.8592,0.8779957866748167
183,D. perlapsus,perlapsus,43.2576,299.0088,0.8846511882640588
183,D. tilleyi,tilleyi,41.832,266.6304,0.9625222444987774
183,D. valtos,valtos,49.5648,313.6896,1.2943551149144255
183,D. welteri,welteri,48.7872,304.5456,0.8370532304400978
183,D. wrighti,wrighti,43.848,225.5976,0.8837300892420539
184,D. aeneus,aeneus,38.9808,207.8208,0.5698042701711491
184,D. amphileucus,amphileucus,45.1872,318.7008,1.096324218215159
184,D. anicetus,anicetus,40.284,242.5032,0.9020544180929095
184,D. apalachicolae,apalachicolae,46.3968,298.3104,0.8979605201711491
184,D. auriculatus,auriculatus,48.3408,311.76,1.0003891222493888
184,D. bairdi,bairdi,43.9992,306.6048,1.1326228416870416
184,D. brimleyorum,brimleyorum,45.2304,331.74,0.9963050281173594
184,D. campi,campi,37.4976,252.9864,0.8836309896088019
184,D. folkertsi,folkertsi,45.2664,265.7952,0.9926546552567238
184,D. fuscus,fuscus,45.3168,272.2824,1.0
184,D. gvnigeusgwotli,gvnigeusgwotli,46.62,274.2264,0.9462749621026896
184,D. intermedius,intermedius,48.9384,325.4976,1.0416540409535453
184,D. kanawha,kanawha,41.7312,287.2872,1.0655489376528118
184,D. marmoratus,marmoratus,48.1032,273.0312,1.1035617163814182
184,D. mavrokoilius,mavrokoilius,41.04,271.44,1.0421084211491443
184,D. monticola,monticola,39.5424,260.712,1.0129180757946212
184,D. ochrophaeus,ochrophaeus,52.4664,274.1472,0.8079273563569682
184,D. ocoee,ocoee,42.6096,292.0896,1.0620395666259168
184,D. orestes,orestes,45.8928,255.3264,0.7980492775061124
184,D. perlapsus,perlapsus,42.5808,290.2104,0.8493449431540343
184,D. tilleyi,tilleyi,41.7888,263.2464,0.9770979529339854
184,D. valtos,valtos,49.7952,314.9136,1.3622293331295843
184,D. welteri,welteri,48.924,310.9608,0.8372301411980441
184,D. wrighti,wrighti,39.5784,226.5408,0.8990025568459659
185,D. aeneus,aeneus,35.784,208.296,0.5839791057457213
185,D. amphileucus,amphileucus,45.1872,319.1256,1.11096577200489
185,D. anicetus,anicetus,40.5648,244.1952,0.9443213147921761
185,D. apalachicolae,apalachicolae,44.3952,300.0528,0.9547093404645477
185,D. auriculatus,auriculatus,48.8016,316.9224,1.1586667695599022
185,D. bairdi,bairdi,44.208,306.1368,1.1332717334963325
185,D. brimleyorum,brimleyorum,45.0,330.6384,1.0207230372860636
185,D. campi,campi,36.2808,259.3296,0.8810626601466993
185,D. folkertsi,folkertsi,45.2664,268.8048,1.0348397964547678
185,D. fuscus,fuscus,47.3112,273.924,1.0
185,D. gvnigeusgwotli,gvnigeusgwotli,46.6704,274.2264,0.9435065275061125
185,D. intermedius,intermedius,50.0688,327.2832,1.07982447799511
185,D. kanawha,kanawha,41.868,285.3936,1.209417424205379
185,D. marmoratus,marmoratus,47.6064,273.8304,1.1037723502444987
185,D. mavrokoilius,mavrokoilius,41.8392,269.352,1.0536405427872861
185,D. monticola,monticola,39.312,259.5312,0.9992191075794622
185,D. ochrophaeus,ochrophaeus,50.8968,267.7104,0.7922972732273839
185,D. ocoee,ocoee,43.812,292.2696,1.013436682762836
185,D. orestes,orestes,46.0512,254.6784,0.8391153099022005
185,D. perlapsus,perlapsus,42.3,289.5912,0.8742908422982886
185,D. tilleyi,tilleyi,42.4152,264.5568,1.0268804700488998
185,D. valtos,valtos,50.2344,313.7904,1.405579002444988
185,D. welteri,welteri,48.9024,307.1232,0.9418520721271394
185,D. wrighti,wrighti,43.848,237.132,0.8967680721271394
186,D. aeneus,aeneus,38.9088,208.1808,0.5311689816625917
186,D. amphileucus,amphileucus,44.0928,318.78,0.9762810403422983
186,D. anicetus,anicetus,40.5648,242.3376,0.8313290812958435
186,D. apalachicolae,apalachicolae,45.2016,296.3088,0.7995332249388754
186,D. auriculatus,auriculatus,49.0752,316.8936,0.9891242988997555
186,D. bairdi,bairdi,45.2016,305.7624,1.019066870415648
186,D. brimleyorum,brimleyorum,45.612,330.8688,0.951359381418093
186,D. campi,campi,37.0728,256.8384,0.8115607542787286
186,D. folkertsi,folkertsi,45.2952,264.2328,0.9301505067237165
186,D. fuscus,fuscus,47.7576,272.9376,1.0
186,D. gvnigeusgwotli,gvnigeusgwotli,47.1312,274.6512,0.8599140195599022
186,D. intermedius,intermedius,47.16,326.5848,0.9995300586797066
186,D. kanawha,kanawha,40.9464,288.6408,1.0086810757946212
186,D. marmoratus,marmoratus,46.404,274.9032,0.9734855562347189
186,D. mavrokoilius,mavrokoilius,41.328,268.7544,0.7620849957212714
186,D. monticola,monticola,39.3552,264.1896,0.9019554504889976
186,D. ochrophaeus,ochrophaeus,53.4816,274.7952,0.7468011375305624
186,D. ocoee,ocoee,42.6096,295.6752,0.9091163392420538
186,D. orestes,orestes,46.0512,255.204,0.780239815403423
186,D. perlapsus,perlapsus,42.9192,290.628,0.7865652634474328
186,D. tilleyi,tilleyi,41.832,263.0304,0.9173357475550122
186,D. valtos,valtos,49.6008,313.6896,1.2398051974327629
186,D. welteri,welteri,48.8664,304.416,0.7808670323960881
186,D. wrighti,wrighti,44.892,237.0312,0.8100751204156479
187,D. aeneus,aeneus,38.4624,210.9456,0.5238147249388754
187,D. amphileucus,amphileucus,45.2016,319.176,0.9585235800733497
187,D. anicetus,anicetus,40.0464,244.1376,0.8755970898533008
187,D. apalachicolae,apalachicolae,46.368,299.0448,0.8858171399755501
187,D. auriculatus,auriculatus,49.176,315.8784,1.023591196210269
187,D. bairdi,bairdi,43.9344,307.3032,1.1128272438875306
187,D. brimleyorum,brimleyorum,44.9136,326.664,0.9168298404645476
187,D. campi,campi,38.1744,246.9528,0.8589654596577017
187,D. folkertsi,folkertsi,44.136,269.136,0.991305066625917
187,D. fuscus,fuscus,45.3024,272.8944,1.0
187,D. gvnigeusgwotli,gvnigeusgwotli,45.6912,271.62,0.8825447383863081
187,D. intermedius,intermedius,46.5768,325.2456,1.0729766253056234
187,D. kanawha,kanawha,40.9896,287.8416,0.947854576405868
187,D. marmoratus,marmoratus,47.1456,274.1904,1.0374160599022004
187,D. mavrokoilius,mavrokoilius,40.8744,268.9128,0.9279674596577018
187,D. monticola,monticola,39.8232,261.0576,1.0027821497555012
187,D. ochrophaeus,ochrophaeus,52.4592,272.304,0.7654047573349634
187,D. ocoee,ocoee,42.6096,292.8528,1.0024785599022006
187,D. orestes,orestes,45.5328,255.3552,0.757875751222494
187,D. perlapsus,perlapsus,43.5024,289.476,0.7722180690709046
187,D. tilleyi,tilleyi,42.2352,263.7144,0.944216902811736
187,D. valtos,valtos,50.7816,314.64,1.3436786980440099
187,D. welteri,welteri,48.4272,302.112,0.8632959333740832
187,D. wrighti,wrighti,41.2848,225.6984,0.8185098624694377
188,D. aeneus,aeneus,38.6064,207.8208,0.55994831601467
188,D. amphileucus,amphileucus,44.9208,319.7808,1.0064147059902202
188,D. anicetus,anicetus,41.8752,247.3632,0.9667374339853301
188,D. apalachicolae,apalachicolae,45.5688,294.3072,0.9148225403422984
188,D. auriculatus,auriculatus,49.716,313.6752,0.9974944627139365
188,D. bairdi,bairdi,44.4528,307.008,1.1829149504889975
188,D. brimleyorum,brimleyorum,44.0784,330.4008,1.1100020281173595
188,D. campi,campi,38.1888,256.6296,0.9423435788508557
188,D. folkertsi,folkertsi,44.3232,267.6744,1.0488966143031786
188,D. fuscus,fuscus,45.2592,274.0032,1.0
188,D. gvnigeusgwotli,gvnigeusgwotli,47.1312,271.62,0.9834216143031785
188,D. intermedius,intermedius,49.14,325.7424,1.1497623704156479
188,D. kanawha,kanawha,42.9408,288.6624,0.9513881821515893
188,D. marmoratus,marmoratus,47.1456,274.4856,1.1409093453545234
188,D. mavrokoilius,mavrokoilius,42.552,269.064,0.9890366008557457
188,D. monticola,monticola,38.9952,258.9552,1.0702432781173594
188,D. ochrophaeus,ochrophaeus,52.6608,267.696,0.7749441155256723
188,D. ocoee,ocoee,42.3936,292.5936,1.069146957212714
188,D. orestes,orestes,46.0512,255.6144,0.7854690397310513
188,D. perlapsus,perlapsus,44.1432,294.1776,0.9268573233496332
188,D. tilleyi,tilleyi,41.6016,263.7144,1.010315587408313
188,D. valtos,valtos,49.5792,312.2928,1.4137942591687043
188,D. welteri,welteri,48.6792,305.5968,0.8420170452322738
188,D. wrighti,wrighti,41.2848,237.0312,0.9116586106356969
189,D. aeneus,aeneus,35.7696,209.4336,0.6109574327628362
189,D. amphileucus,amphileucus,44.4096,318.78,1.1272463447432763
189,D. anicetus,anicetus,41.4432,244.2744,0.9251297304400978
189,D. apalachicolae,apalachicolae,44.4384,300.3336,0.9779791283618582
189,D. auriculatus,auriculatus,48.24,314.7048,1.1855570488997556
189,D. bairdi,bairdi,44.208,306.972,1.1009091815403425
189,D. brimleyorum,brimleyorum,45.0864,330.3792,1.0260473893643032
189,D. campi,campi,36.6624,257.7744,0.8791519810513447
189,D. folkertsi,folkertsi,45.2664,268.8408,1.0284356766503668
189,D. fuscus,fuscus,46.1808,271.7064,1.0
189,D. gvnigeusgwotli,gvnigeusgwotli,46.9008,275.1192,0.8909594865525673
189,D. intermedius,intermedius,46.9656,324.4824,1.1213443392420537
189,D. kanawha,kanawha,40.9824,292.4784,1.0064904266503667
189,D. marmoratus,marmoratus,48.3264,274.2048,1.134904598410758
189,D. mavrokoilius,mavrokoilius,42.0408,266.4216,0.8120491638141809
189,D. monticola,monticola,40.4208,259.5528,1.1763351711491443
189,D. ochrophaeus,ochrophaeus,52.4592,272.304,0.7884348135696823
189,D. ocoee,ocoee,44.28,293.112,1.003207925427873
189,D. orestes,orestes,46.0512,256.572,0.9379199547677263
189,D. perlapsus,perlapsus,43.2576,294.1776,0.8427550342298289
189,D. tilleyi,tilleyi,42.5592,264.1032,0.9922193013447433
189,D. valtos,valtos,50.652,316.9368,1.3146428753056234
189,D. welteri,welteri,48.6432,305.7264,0.9553467206601468
189,D. wrighti,wrighti,41.2848,237.0312,0.8680779113691932
190,D. aeneus,aeneus,36.8712,209.4336,0.5830363575794622
190,D. amphileucus,amphileucus,44.676,319.8456,1.056802609413203
190,D. anicetus,anicetus,40.0464,242.3232,0.9360409718826406
190,D. apalachicolae,apalachicolae,46.8288,299.0736,1.0174751705378973
190,D. auriculatus,auriculatus,48.3408,312.912,1.1961020116136918
190,D. bairdi,bairdi,44.0064,306.972,1.1302609724938875
190,D. brimleyorum,brimleyorum,45.0,325.0224,1.053635151589242
190,D. campi,campi,36.6696,254.6352,0.9025914125916871
190,D. folkertsi,folkertsi,44.7264,266.6304,1.0699181705378975
190,D. fuscus,fuscus,47.7072,273.528,1.0
190,D. gvnigeusgwotli,gvnigeusgwotli,46.62,270.072,0.9429936020782397
190,D. intermedius,intermedius,49.5792,323.5968,1.109961401589242
190,D. kanawha,kanawha,41.724,286.9704,1.1454626387530564
190,D. marmoratus,marmoratus,48.2544,274.9032,1.1124414847188264
190,D. mavrokoilius,mavrokoilius,41.8392,269.5968,0.8836673734718827
190,D. monticola,monticola,39.6,259.5312,1.054134914425428
190,D. ochrophaeus,ochrophaeus,51.1488,268.7112,0.8327174926650367
190,D. ocoee,ocoee,43.092,294.3936,1.06368081601467
190,D. orestes,orestes,47.2032,255.6,0.8084626473105135
190,D. perlapsus,perlapsus,44.5392,298.2744,0.977939554400978
190,D. tilleyi,tilleyi,42.5952,263.592,1.042663020171149
190,D. valtos,valtos,50.6448,312.7824,1.3542263838630806
190,D. welteri,welteri,48.3264,303.984,0.9833288447432763
190,D. wrighti,wrighti,40.4784,203.6736,0.991237598410758
191,D. aeneus,aeneus,38.8224,207.6912,0.6234556063569682
191,D. amphileucus,amphileucus,44.1648,316.5696,1.0335570024449878
191,D. anicetus,anicetus,41.4432,243.8784,0.9295802683374084
191,D. apalachicolae,apalachicolae,45.8712,300.3336,0.9204469553789731
191,D. auriculatus,auriculatus,50.076,320.1264,1.0874978068459658
191,D. bairdi,bairdi,44.0064,307.5984,1.1034580501222495
191,D. brimleyorum,brimleyorum,44.5464,326.1672,1.1172399993887532
191,D. campi,campi,38.0664,254.6352,0.8952257738386309
191,D. folkertsi,folkertsi,45.0144,267.0192,1.0310138520782397
191,D. fuscus,fuscus,45.9792,272.556,1.0
191,D. gvnigeusgwotli,gvnigeusgwotli,46.5264,275.1192,0.9383252182151589
191,D. intermedius,intermedius,48.5136,326.592,1.1006122493887531
191,D. kanawha,kanawha,41.8464,292.0176,1.0472105916870416
191,D. marmoratus,marmoratus,48.3048,275.4072,1.0563316387530564
191,D. mavrokoilius,mavrokoilius,41.328,269.3592,0.9263841656479217
191,D. monticola,monticola,39.2688,259.5312,1.0102046228606356
191,D. ochrophaeus,ochrophaeus,52.9632,274.5,0.7600679767726162
191,D. ocoee,ocoee,42.2352,296.1864,1.0441691326405869
191,D. orestes,orestes,47.8008,255.4704,0.95111845599022
191,D. perlapsus,perlapsus,43.0416,294.1344,0.8047404920537897
191,D. tilleyi,tilleyi,41.7456,264.672,1.0124788569682153
191,D. valtos,valtos,50.076,315.18,1.380282501222494
191,D. welteri,welteri,48.2112,302.8032,0.8960645293398534
191,D. wrighti,wrighti,47.2896,249.2064,0.8505083911980441
192,D. aeneus,aeneus,37.6272,208.0512,0.6677370501222495
192,D. amphileucus,amphileucus,43.848,319.6656,1.1301900470660147
192,D. anicetus,anicetus,41.9112,247.8384,1.045355489608802
192,D. apalachicolae,apalachicolae,45.2664,300.9888,1.0739691870415649
192,D. auriculatus,auriculatus,50.4072,312.7104,1.0932546778728607
192,D. bairdi,bairdi,43.8696,305.6688,1.2766565929095355
192,D. brimleyorum,brimleyorum,44.5824,330.6384,1.2007107781173594
192,D. campi,campi,36.7488,255.528,0.9877838918092909
192,D. folkertsi,folkertsi,43.7256,267.6744,1.1199507542787286
192,D. fuscus,fuscus,47.3112,272.0376,1.0
192,D. gvnigeusgwotli,gvnigeusgwotli,47.0232,272.0808,1.0201462524449878
192,D. intermedius,intermedius,48.672,323.7408,1.2585876815403423
192,D. kanawha,kanawha,41.0472,288.036,1.3441963465770173
192,D. marmoratus,marmoratus,47.0592,277.2072,1.2421167988997557
192,D. mavrokoilius,mavrokoilius,41.328,269.6112,0.9985421845965771
192,D. monticola,monticola,39.6288,258.9552,1.0494495177261614
192,D. ochrophaeus,ochrophaeus,52.6104,274.8528,0.9280497866748167
192,D. ocoee,ocoee,42.2496,292.5936,1.1589721344743276
192,D. orestes,orestes,47.2032,255.4848,0.8883261320293399
192,D. perlapsus,perlapsus,41.4216,296.64,0.9464071601466992
192,D. tilleyi,tilleyi,41.6232,263.7144,1.0787208960880197
192,D. valtos,valtos,48.9888,313.6536,1.482705706601467
192,D. welteri,welteri,48.9024,304.416,0.9746859663814181
192,D. wrighti,wrighti,47.2896,184.212,0.9612731913202934
193,D. aeneus,aeneus,36.0576,208.5408,0.6469299009779951
193,D. amphileucus,amphileucus,44.9352,319.176,0.9574309511002445
193,D. anicetus,anicetus,41.1696,242.8272,0.8951791326405869
193,D. apalachicolae,apalachicolae,43.3152,300.1536,0.9765711002444988
193,D. auriculatus,auriculatus,49.5072,315.9144,1.0551516479217604
193,D. bairdi,bairdi,44.8056,303.9408,1.1325096033007336
193,D. brimleyorum,brimleyorum,45.1512,330.3792,1.0798779682151591
193,D. campi,campi,36.6624,259.3584,0.8767828270171149
193,D. folkertsi,folkertsi,45.9936,268.8408,0.9931108893643031
193,D. fuscus,fuscus,46.3968,273.4416,1.0
193,D. gvnigeusgwotli,gvnigeusgwotli,46.3392,272.3544,0.8981541363080684
193,D. intermedius,intermedius,48.5136,325.2456,1.046316357579462
193,D. kanawha,kanawha,41.7528,288.5904,0.9517356888753057
193,D. marmoratus,marmoratus,48.1536,276.0552,1.1160477457212714
193,D. mavrokoilius,mavrokoilius,41.8392,271.6344,0.9347137909535452
193,D. monticola,monticola,39.1392,258.9408,0.9893702053789731
193,D. ochrophaeus,ochrophaeus,51.2208,272.304,0.7825379920537898
193,D. ocoee,ocoee,42.768,291.8304,1.0152835360635697
193,D. orestes,orestes,45.8928,255.3552,0.7972097628361858
193,D. perlapsus,perlapsus,44.5536,294.0768,0.7928611314180929
193,D. tilleyi,tilleyi,41.544,264.4776,0.9469920556234719
193,D. valtos,valtos,50.6448,315.18,1.3558551118581907
193,D. welteri,welteri,48.9024,309.0528,0.9457596662591687
193,D. wrighti,wrighti,46.2456,250.8912,0.8921505323960881
194,D. aeneus,aeneus,38.8296,209.4336,0.5506020427872861
194,D. amphileucus,amphileucus,45.1728,320.5656,0.9909658471882641
194,D. anicetus,anicetus,41.184,244.1952,0.8617436369193154
194,D. apalachicolae,apalachicolae,44.8992,299.0448,0.8915484162591688
194,D. auriculatus,auriculatus,49.0032,315.8784,1.1226854235941321
194,D. bairdi,bairdi,44.8992,307.3032,1.0952490831295845
194,D. brimleyorum,brimleyorum,44.496,330.8688,0.8864150268948656
194,D. campi,campi,36.7128,249.8688,0.8195034388753056
194,D. folkertsi,folkertsi,47.4912,270.0864,0.9932046008557457
194,D. fuscus,fuscus,47.5776,272.4336,1.0
194,D. gvnigeusgwotli,gvnigeusgwotli,47.1312,272.3544,0.8794651766503668
194,D. intermedius,intermedius,47.3328,325.2456,1.053237587408313
194,D. kanawha,kanawha,40.6728,286.8768,1.1195631253056235
194,D. marmoratus,marmoratus,48.3408,277.236,1.0522151491442544
194,D. mavrokoilius,mavrokoilius,44.0568,268.0488,0.80054172799511
194,D. monticola,monticola,40.3488,262.2456,1.0457614058679707
194,D. ochrophaeus,ochrophaeus,52.3152,275.7456,0.7463430452322739
194,D. ocoee,ocoee,42.9336,292.5936,1.0010629865525673
194,D. orestes,orestes,47.2752,255.456,0.8420736179706602
194,D. perlapsus,perlapsus,43.2216,293.652,0.9283754327628362
194,D. tilleyi,tilleyi,42.9696,264.1032,0.9387880965770171
194,D. valtos,valtos,49.6368,313.74,1.3052130831295845
194,D. welteri,welteri,48.9024,310.212,0.844247337408313
194,D. wrighti,wrighti,42.9696,237.132,0.896489488997555
195,D. aeneus,aeneus,37.8576,210.456,0.7254738312958435
195,D. amphileucus,amphileucus,45.1296,318.5424,1.3504938624694376
195,D. anicetus,anicetus,41.4432,243.8784,1.1536862646699269
195,D. apalachicolae,apalachicolae,45.2016,299.0448,1.1159195947432763
195,D. auriculatus,auriculatus,49.7448,313.6752,1.381707421760391
195,D. bairdi,bairdi,44.4096,306.936,1.4384515654034231
195,D. brimleyorum,brimleyorum,45.0648,330.3792,1.3593106039119804
195,D. campi,campi,35.856,256.0032,1.1098436222493888
195,D. folkertsi,folkertsi,43.7256,269.7336,1.2593405085574574
195,D. fuscus,fuscus,46.944,273.6072,1.0
195,D. gvnigeusgwotli,gvnigeusgwotli,46.62,272.52,1.1486181882640587
195,D. intermedius,intermedius,48.8736,325.152,1.3624421057457212
195,D. kanawha,kanawha,41.76,287.2872,1.2742255764058679
195,D. marmoratus,marmoratus,49.32,276.3216,1.3400046124694378
195,D. mavrokoilius,mavrokoilius,42.9984,268.7976,1.081537619193154
195,D. monticola,monticola,39.8232,258.9552,1.2889558453545233
195,D. ochrophaeus,ochrophaeus,51.264,269.352,0.9997804902200489
195,D. ocoee,ocoee,43.4592,292.8528,1.233054803789731
195,D. orestes,orestes,47.0736,255.9888,1.0231630165036674
195,D. perlapsus,perlapsus,44.5464,292.3848,1.0868692231051345
195,D. tilleyi,tilleyi,41.8752,262.7496,1.246056665036675
195,D. valtos,valtos,49.6368,307.0368,1.7060876014669926
195,D. welteri,welteri,48.636,301.9536,1.1203548080684596
195,D. wrighti,wrighti,41.2848,203.6736,1.0695863533007335
196,D. aeneus,aeneus,37.8576,209.232,0.6069637182151589
196,D. amphileucus,amphileucus,43.9848,317.8512,1.0596175690709049
196,D. anicetus,anicetus,40.86,244.2744,0.9520472805623472
196,D. apalachicolae,apalachicolae,44.3952,300.4632,0.9802234345965771
196,D. auriculatus,auriculatus,48.8016,316.7712,1.219557021393643
196,D. bairdi,bairdi,43.9416,305.5248,1.175370240220049
196,D. brimleyorum,brimleyorum,43.9776,327.7152,1.1057984645476773
196,D. campi,campi,37.3968,249.4512,0.8932523575794622
196,D. folkertsi,folkertsi,45.576,269.208,1.0388879248166258
196,D. fuscus,fuscus,46.5192,273.528,1.0
196,D. gvnigeusgwotli,gvnigeusgwotli,44.8992,272.0808,0.9379370996332519
196,D. intermedius,intermedius,49.2768,324.4824,1.1598422536674817
196,D. kanawha,kanawha,41.7456,287.1936,1.1305340360635696
196,D. marmoratus,marmoratus,48.1032,273.6936,1.107201586185819
196,D. mavrokoilius,mavrokoilius,43.416,268.6464,1.05185456601467
196,D. monticola,monticola,39.2472,260.1072,1.1012847940097799
196,D. ochrophaeus,ochrophaeus,50.7744,272.304,0.794397032396088
196,D. ocoee,ocoee,43.092,294.7176,1.0223307004889977
196,D. orestes,orestes,47.1024,255.3408,0.9383992011002446
196,D. perlapsus,perlapsus,41.2704,293.5512,0.8502482389975551
196,D. tilleyi,tilleyi,42.2352,264.1032,0.9888377512224941
196,D. valtos,valtos,50.3712,311.8752,1.419621501833741
196,D. welteri,welteri,48.2112,309.0528,0.9161104327628362
196,D. wrighti,wrighti,42.9696,237.132,0.8680596081907092
197,D. aeneus,aeneus,38.0664,207.2088,0.601799163202934
197,D. amphileucus,amphileucus,44.4312,318.8592,1.1237753080684596
197,D. anicetus,anicetus,41.184,242.3376,0.9621682408312959
197,D. apalachicolae,apalachicolae,44.9712,293.8752,1.0292849731051346
197,D. auriculatus,auriculatus,47.6784,313.6752,1.109744520171149
197,D. bairdi,bairdi,43.9344,307.6488,1.2104266937652812
197,D. brimleyorum,brimleyorum,45.0864,330.1056,1.1033601259168704
197,D. campi,campi,36.6768,257.6448,0.9290231797066015
197,D. folkertsi,folkertsi,44.136,267.0192,1.0655927573349633
197,D. fuscus,fuscus,45.1008,272.6784,1.0
197,D. gvnigeusgwotli,gvnigeusgwotli,46.6416,273.0384,1.0062936240831295
197,D. intermedius,intermedius,49.6728,324.3384,1.1805396839853302
197,D. kanawha,kanawha,41.0976,289.2384,1.2587019125916872
197,D. marmoratus,marmoratus,48.4992,273.7296,1.1287091002444989
197,D. mavrokoilius,mavrokoilius,41.328,269.5824,0.9864808508557458
197,D. monticola,monticola,39.6144,258.8328,1.198472860635697
197,D. ochrophaeus,ochrophaeus,55.0512,267.7248,0.7983877946210269
197,D. ocoee,ocoee,42.2496,292.8528,1.0396026277506114
197,D. orestes,orestes,46.3176,255.6144,0.8462273533007336
197,D. perlapsus,perlapsus,44.1432,294.192,0.9787467371638142
197,D. tilleyi,tilleyi,42.1992,264.1032,1.0483951051344744
197,D. valtos,valtos,50.7744,315.7416,1.409132281784841
197,D. welteri,welteri,48.924,303.984,0.9357184321515892
197,D. wrighti,wrighti,43.848,247.5216,0.8764472084352078
198,D. aeneus,aeneus,40.5072,207.936,0.5475333276283618
198,D. amphileucus,amphileucus,44.5608,317.5776,1.0184191454767726
198,D. anicetus,anicetus,42.2064,242.3232,0.8474814932762836
198,D. apalachicolae,apalachicolae,46.5408,300.0528,0.8158700965770171
198,D. auriculatus,auriculatus,49.3488,315.1008,1.0312982830073352
198,D. bairdi,bairdi,44.0064,305.8128,1.0451928459657702
198,D. brimleyorum,brimleyorum,44.5824,328.8168,0.9358254822738387
198,D. campi,campi,37.0728,252.6768,0.8317831173594132
198,D. folkertsi,folkertsi,44.1504,269.1,0.9570792756723717
198,D. fuscus,fuscus,45.5616,271.8864,1.0
198,D. gvnigeusgwotli,gvnigeusgwotli,47.0232,271.4256,0.8573218514669927
198,D. intermedius,intermedius,47.2968,325.2024,1.0429081625916872
198,D. kanawha,kanawha,41.4216,288.6624,0.9572035281173594
198,D. marmoratus,marmoratus,48.9096,274.1904,0.9881026986552568
198,D. mavrokoilius,mavrokoilius,41.328,269.1072,0.8743912726161369
198,D. monticola,monticola,39.4848,260.1072,1.00113427200489
198,D. ochrophaeus,ochrophaeus,52.7904,276.2136,0.7700877414425428
198,D. ocoee,ocoee,44.1936,292.212,0.9666927677261614
198,D. orestes,orestes,47.4048,255.6144,0.84956329400978
198,D. perlapsus,perlapsus,43.38,291.8592,0.8556119559902201
198,D. tilleyi,tilleyi,41.544,264.7512,0.9071625849633251
198,D. valtos,valtos,50.7816,312.2928,1.2798165238386308
198,D. welteri,welteri,48.8664,308.9736,0.8238914633251834
198,D. wrighti,wrighti,44.892,247.6224,0.7515648099022004
199,D. aeneus,aeneus,38.0664,206.5968,0.5382242316625917
199,D. amphileucus,amphileucus,43.3296,318.78,0.9835267402200488
199,D. anicetus,anicetus,41.9112,243.1368,0.918347511002445
199,D. apalachicolae,apalachicolae,45.8712,299.5488,0.9544574431540344
199,D. auriculatus,auriculatus,48.24,316.656,0.9869942402200489
199,D. bairdi,bairdi,44.0064,307.3032,1.134838152200489
199,D. brimleyorum,brimleyorum,43.9056,330.6528,1.1310635519559904
199,D. campi,campi,39.0024,258.1632,0.8741717732273839
199,D. folkertsi,folkertsi,45.576,269.3952,1.01214070599022
199,D. fuscus,fuscus,47.5776,274.0032,1.0
199,D. gvnigeusgwotli,gvnigeusgwotli,46.692,271.656,0.905592781784841
199,D. intermedius,intermedius,49.14,324.8496,1.0671668257946212
199,D. kanawha,kanawha,40.8312,288.8496,0.9978439511002445
199,D. marmoratus,marmoratus,48.2256,274.5,1.0510266418092908
199,D. mavrokoilius,mavrokoilius,40.8816,268.9128,1.0179884706601467
199,D. monticola,monticola,40.0176,263.0016,1.0458185965770173
199,D. ochrophaeus,ochrophaeus,51.1488,274.1472,0.8024189914425428
199,D. ocoee,ocoee,43.9272,292.5936,0.9160514174816626
199,D. orestes,orestes,46.0224,255.0816,0.8030733190709046
199,D. perlapsus,perlapsus,43.5024,290.2104,0.9043511876528117
199,D. tilleyi,tilleyi,43.4736,263.124,0.9747006454767726
199,D. valtos,valtos,49.7592,313.2,1.2917370819070906
199,D. welteri,welteri,48.9168,304.5456,0.9293512035452323
199,D. wrighti,wrighti,42.0912,225.5976,0.8930767744498778
200,D. aeneus,aeneus,36.072,209.4336,0.6200643349633252
200,D. amphileucus,amphileucus,44.6832,318.78,0.9787045213936432
200,D. anicetus,anicetus,40.8744,246.7728,0.9272712958435209
200,D. apalachicolae,apalachicolae,46.2384,300.8376,0.9946908636919316
200,D. auriculatus,auriculatus,49.5144,315.0,1.0672159932762837
200,D. bairdi,bairdi,45.1368,309.9312,1.1472944773838631
200,D. brimleyorum,brimleyorum,46.2528,330.8832,1.1137369254278728
200,D. campi,campi,37.0944,257.1552,0.8995967322738386
200,D. folkertsi,folkertsi,43.8192,268.8048,1.080196390586797
200,D. fuscus,fuscus,48.312,271.188,1.0
200,D. gvnigeusgwotli,gvnigeusgwotli,46.8936,272.52,0.956642087408313
200,D. intermedius,intermedius,49.428,323.5248,1.0696477273838632
200,D. kanawha,kanawha,42.3936,287.8128,1.2494390165036675
200,D. marmoratus,marmoratus,47.0592,274.1904,1.0819335244498778
200,D. mavrokoilius,mavrokoilius,42.1632,269.6112,0.9424046864303179
200,D. monticola,monticola,39.0672,259.488,1.0246197420537897
200,D. ochrophaeus,ochrophaeus,51.264,273.7872,0.7971907426650366
200,D. ocoee,ocoee,44.1072,293.112,1.0347364865525672
200,D. orestes,orestes,47.2752,256.68,0.8730996870415648
200,D. perlapsus,perlapsus,44.4888,290.2104,0.9306769321515893
200,D. tilleyi,tilleyi,42.1992,264.8304,0.9796729645476772
200,D. valtos,valtos,50.2128,318.42,1.3767641784841078
200,D. welteri,welteri,48.7872,306.072,0.9788178404645476
200,D. wrighti,wrighti,40.4784,215.1072,0.8713937481662593
201,D. aeneus,aeneus,36.8712,208.5408,0.5479506191931541
201,D. amphileucus,amphileucus,44.9208,319.5216,0.9802261375305624
201,D. anicetus,anicetus,40.86,244.1376,0.8850230837408313
201,D. apalachicolae,apalachicolae,45.8712,300.1824,0.8983599547677261
201,D. auriculatus,auriculatus,49.6656,316.9008,1.0407530409535453
201,D. bairdi,bairdi,44.6256,305.9064,1.1150305311735942
201,D. brimleyorum,brimleyorum,45.6768,329.7888,1.0892832689486551
201,D. campi,campi,37.3968,256.4208,0.8602552414425427
201,D. folkertsi,folkertsi,44.4888,265.6296,0.9841029608801956
201,D. fuscus,fuscus,47.412,273.528,1.0
201,D. gvnigeusgwotli,gvnigeusgwotli,46.2456,273.24,0.9217826277506113
201,D. intermedius,intermedius,49.8024,325.1952,1.057574215770171
201,D. kanawha,kanawha,41.7312,288.6768,0.9109970678484108
201,D. marmoratus,marmoratus,48.3048,273.7008,1.0249134462102691
201,D. mavrokoilius,mavrokoilius,43.1928,267.7968,0.9124788129584352
201,D. monticola,monticola,39.312,260.0784,1.0729768942542788
201,D. ochrophaeus,ochrophaeus,52.4592,274.7952,0.7597498643031785
201,D. ocoee,ocoee,44.1936,293.1984,0.9947146717603911
201,D. orestes,orestes,46.584,255.3552,0.7745139486552567
201,D. perlapsus,perlapsus,44.4888,299.8224,0.9523777646699266
201,D. tilleyi,tilleyi,41.6952,264.7512,0.9484351919315405
201,D. valtos,valtos,49.7808,315.7416,1.3286341784841076
201,D. welteri,welteri,48.924,303.984,0.8568298655256723
201,D. wrighti,wrighti,45.936,247.5216,0.8727662811735941
202,D. aeneus,aeneus,37.8576,209.232,0.7145223312958436
202,D. amphileucus,amphileucus,42.7824,317.0016,1.06141281601467
202,D. anicetus,anicetus,41.4504,244.1376,0.981618326405868
202,D. apalachicolae,apalachicolae,43.5312,299.5488,1.0194998129584352
202,D. auriculatus,auriculatus,49.3632,315.9144,1.0389534627139363
202,D. bairdi,bairdi,44.0064,306.936,1.217525326405868
202,D. brimleyorum,brimleyorum,45.1656,327.024,1.0798380097799511
202,D. campi,campi,37.0728,259.1064,0.9488847665036676
202,D. folkertsi,folkertsi,45.2664,268.8048,1.096991402200489
202,D. fuscus,fuscus,46.944,273.1464,1.0
202,D. gvnigeusgwotli,gvnigeusgwotli,46.8936,275.6016,1.0010887603911982
202,D. intermedius,intermedius,48.9384,325.152,1.1706948337408312
202,D. kanawha,kanawha,41.7024,286.452,1.0974171497555014
202,D. marmoratus,marmoratus,47.88,275.0256,1.1298678288508557
202,D. mavrokoilius,mavrokoilius,41.328,268.6464,1.0244277903422983
202,D. monticola,monticola,39.204,258.8472,1.052642542787286
202,D. ochrophaeus,ochrophaeus,52.1352,276.3576,0.8764558838630807
202,D. ocoee,ocoee,43.9272,293.112,0.9710529504889975
202,D. orestes,orestes,47.1024,255.8592,0.9812901980440097
202,D. perlapsus,perlapsus,43.0416,294.0768,0.9102126827628362
202,D. tilleyi,tilleyi,41.7888,263.0304,1.0589059657701712
202,D. valtos,valtos,49.968,311.6736,1.4755588172371639
202,D. welteri,welteri,49.9896,307.4688,1.0224954119804401
202,D. wrighti,wrighti,42.9696,247.5216,0.9839341564792176
203,D. aeneus,aeneus,38.2536,208.9872,0.6855482781173594
203,D. amphileucus,amphileucus,44.676,319.5504,1.1191330678484108
203,D. anicetus,anicetus,40.0896,243.6192,1.0209273239608803
203,D. apalachicolae,apalachicolae,46.8576,299.6496,0.9743864437652812
203,D. auriculatus,auriculatus,48.2976,316.8864,1.2282935061124696
203,D. bairdi,bairdi,44.6256,307.6488,1.2605135030562349
203,D. brimleyorum,brimleyorum,46.188,328.1688,1.199772567237164
203,D. campi,campi,37.0728,259.3656,0.9336332206601466
203,D. folkertsi,folkertsi,45.9936,268.8768,1.1353137933985329
203,D. fuscus,fuscus,47.0088,271.7064,1.0
203,D. gvnigeusgwotli,gvnigeusgwotli,46.8648,271.8072,1.0364350317848412
203,D. intermedius,intermedius,49.2768,327.4704,1.2061455024449879
203,D. kanawha,kanawha,42.6672,284.616,1.2366132768948657
203,D. marmoratus,marmoratus,48.1032,274.9032,1.196116900977995
203,D. mavrokoilius,mavrokoilius,41.04,269.0208,0.9842366815403424
203,D. monticola,monticola,39.8592,260.0496,1.1059746118581908
203,D. ochrophaeus,ochrophaeus,50.4792,267.4512,0.8936452292176039
203,D. ocoee,ocoee,42.6096,293.112,1.0929618960880196
203,D. orestes,orestes,46.584,254.8512,0.9352510140586798
203,D. perlapsus,perlapsus,43.0416,293.0256,1.070531696821516
203,D. tilleyi,tilleyi,41.652,266.4288,1.0777606265281174
203,D. valtos,valtos,50.2488,315.7416,1.5205049388753056
203,D. welteri,welteri,48.672,304.5456,0.9522549657701712
203,D. wrighti,wrighti,40.3848,237.132,1.0315658221271393
204,D. aeneus,aeneus,37.62,210.456,0.6653400886308068
204,D. amphileucus,amphileucus,44.4096,318.5424,1.0865527573349634
204,D. anicetus,anicetus,41.184,243.8784,1.0116716882640586
204,D. apalachicolae,apalachicolae,46.0008,300.2832,1.0055933893643032
204,D. auriculatus,auriculatus,49.0032,312.4008,1.068605209657702
204,D. bairdi,bairdi,44.8992,306.2736,1.25138419804401
204,D. brimleyorum,brimleyorum,45.2448,327.1896,1.122739850244499
204,D. campi,campi,37.0728,257.4504,0.9319556234718827
204,D. folkertsi,folkertsi,44.4888,268.0704,1.1105849034229829
204,D. fuscus,fuscus,47.4768,272.9376,1.0
204,D. gvnigeusgwotli,gvnigeusgwotli,46.6704,272.4192,1.0062754144254278
204,D. intermedius,intermedius,47.196,323.7408,1.2249202438875306
204,D. kanawha,kanawha,42.9408,288.6408,1.0481727078239609
204,D. marmoratus,marmoratus,47.0592,277.6104,1.149596575183374
204,D. mavrokoilius,mavrokoilius,42.9984,269.1072,0.9648363887530562
204,D. monticola,monticola,39.7152,260.1288,1.1031348068459659
204,D. ochrophaeus,ochrophaeus,51.264,272.7216,0.8669366852078241
204,D. ocoee,ocoee,43.092,291.672,1.0925881625916871
204,D. orestes,orestes,45.108,255.204,0.8371023881418093
204,D. perlapsus,perlapsus,45.1728,292.4424,0.9302428569682152
204,D. tilleyi,tilleyi,41.7456,264.1824,1.0620702438875307
204,D. valtos,valtos,50.7888,314.5968,1.5200249621026896
204,D. welteri,welteri,48.7872,310.212,1.0021891008557458
204,D. wrighti,wrighti,40.4784,226.5408,0.9402305036674816
205,D. aeneus,aeneus,37.6272,210.456,0.5669968710268949
205,D. amphileucus,amphileucus,44.4528,316.6992,0.9849880965770172
205,D. anicetus,anicetus,43.6968,244.1952,0.9210979254278729
205,D. apalachicolae,apalachicolae,44.6688,296.3088,0.9036586448655256
205,D. auriculatus,auriculatus,49.1832,316.656,1.0455675403422982
205,D. bairdi,bairdi,44.0064,305.6688,1.1180115916870417
205,D. brimleyorum,brimleyorum,45.1512,335.6784,1.0122563856968216
205,D. campi,campi,36.7128,258.5952,0.8859402157701712
205,D. folkertsi,folkertsi,44.7624,269.6472,1.0057384841075794
205,D. fuscus,fuscus,46.8864,272.3112,1.0
205,D. gvnigeusgwotli,gvnigeusgwotli,46.692,271.7568,0.932225303789731
205,D. intermedius,intermedius,49.8024,327.3768,1.0868807585574574
205,D. kanawha,kanawha,41.9904,288.7704,1.0075978514669928
205,D. marmoratus,marmoratus,47.952,276.0768,1.091520900366748
205,D. mavrokoilius,mavrokoilius,40.5936,269.0208,0.8315295250611247
205,D. monticola,monticola,39.2688,260.0496,1.0073842885085573
205,D. ochrophaeus,ochrophaeus,50.2632,273.0168,0.7885143471882641
205,D. ocoee,ocoee,41.7384,296.1864,1.0340424009779952
205,D. orestes,orestes,45.792,255.6,0.8673894180929096
205,D. perlapsus,perlapsus,44.5464,289.8576,0.8922263410757946
205,D. tilleyi,tilleyi,42.0552,264.2328,1.0057500501222494
205,D. valtos,valtos,49.5288,314.1936,1.3701874327628363
205,D. welteri,welteri,48.1536,309.3192,0.9001334724938875
205,D. wrighti,wrighti,44.0136,197.6976,0.8435449144254279
206,D. aeneus,aeneus,37.584,215.1792,0.6012359841075795
206,D. amphileucus,amphileucus,44.4096,319.9104,1.057352731662592
206,D. anicetus,anicetus,43.416,245.1024,0.9505611821515892
206,D. apalachicolae,apalachicolae,46.7568,297.8928,0.9517518844743277
206,D. auriculatus,auriculatus,48.78,312.7104,1.1663229841075795
206,D. bairdi,bairdi,43.992,306.2736,1.1477064828850856
206,D. brimleyorum,brimleyorum,44.0784,325.6344,1.0825550715158925
206,D. campi,campi,36.3384,253.6128,0.9010746057457213
206,D. folkertsi,folkertsi,47.376,272.3616,1.0327880764058681
206,D. fuscus,fuscus,46.944,273.528,1.0
206,D. gvnigeusgwotli,gvnigeusgwotli,46.6704,270.72,0.9769141381418093
206,D. intermedius,intermedius,50.472,325.0008,1.1629390745721273
206,D. kanawha,kanawha,41.8752,286.9704,0.9539235452322739
206,D. marmoratus,marmoratus,47.2608,274.4856,1.04657772799511
206,D. mavrokoilius,mavrokoilius,40.752,269.6112,0.9644981338630807
206,D. monticola,monticola,40.176,260.712,1.0074692793398534
206,D. ochrophaeus,ochrophaeus,51.2208,275.6016,0.8131591931540343
206,D. ocoee,ocoee,42.3216,294.6384,0.9830850910757948
206,D. orestes,orestes,46.5912,255.5856,0.9741687878973105
206,D. perlapsus,perlapsus,44.7624,294.0768,0.9977205709046456
206,D. tilleyi,tilleyi,42.1632,264.672,1.026088685819071
206,D. valtos,valtos,49.8096,306.4968,1.3897039174816626
206,D. welteri,welteri,49.5504,313.4664,0.8638611283618582
206,D. wrighti,wrighti,42.9696,237.0312,0.8557999706601467
207,D. aeneus,aeneus,42.516,207.6912,0.5896825067237165
207,D. amphileucus,amphileucus,43.8192,318.4344,1.0957159077017116
207,D. anicetus,anicetus,42.3432,248.1696,0.9350085812958435
207,D. apalachicolae,apalachicolae,44.6688,298.4688,0.8927947078239609
207,D. auriculatus,auriculatus,49.3488,317.3472,1.058407206601467
207,D. bairdi,bairdi,44.9424,305.5248,1.1625563728606356
207,D. brimleyorum,brimleyorum,45.2448,330.3792,1.082476164425428
207,D. campi,campi,37.4976,257.6448,0.8857898643031785
207,D. folkertsi,folkertsi,43.9848,268.7328,0.9747001069682152
207,D. fuscus,fuscus,45.5616,272.1168,1.0
207,D. gvnigeusgwotli,gvnigeusgwotli,44.64,275.0112,0.9492111980440099
207,D. intermedius,intermedius,48.0816,326.5776,1.1568650470660147
207,D. kanawha,kanawha,41.8752,288.5904,0.9275734889975551
207,D. marmoratus,marmoratus,46.9512,274.9032,1.0726421515892421
207,D. mavrokoilius,mavrokoilius,43.1928,268.6464,0.9096723435207824
207,D. monticola,monticola,39.7872,260.1072,0.9788844792176039
207,D. ochrophaeus,ochrophaeus,50.8608,275.6016,0.7885871100244499
207,D. ocoee,ocoee,43.7472,294.1344,0.9781884614914425
207,D. orestes,orestes,45.8928,256.5792,0.7998986369193154
207,D. perlapsus,perlapsus,43.9632,293.5512,0.9675560727383864
207,D. tilleyi,tilleyi,41.832,265.0896,1.0172540715158924
207,D. valtos,valtos,49.6368,319.5072,1.3785309731051345
207,D. welteri,welteri,48.2544,304.5456,0.9009438533007336
207,D. wrighti,wrighti,43.848,215.1072,0.8949927518337408
208,D. aeneus,aeneus,37.6704,217.6992,0.6375269400977995
208,D. amphileucus,amphileucus,45.1872,318.78,1.0187575580684596
208,D. anicetus,anicetus,41.9112,244.2744,0.9020103563569682
208,D. apalachicolae,apalachicolae,44.3448,300.6504,0.8865074883863081
208,D. auriculatus,auriculatus,50.2632,316.7712,1.0377195275061126
208,D. bairdi,bairdi,45.18,307.6992,1.1411519254278728
208,D. brimleyorum,brimleyorum,43.92,332.6112,0.9780107958435207
208,D. campi,campi,36.6696,258.228,0.8460970525672371
208,D. folkertsi,folkertsi,47.4336,268.8768,1.0237268630806846
208,D. fuscus,fuscus,47.376,273.6072,1.0
208,D. gvnigeusgwotli,gvnigeusgwotli,46.5048,273.24,0.9260073215158925
208,D. intermedius,intermedius,49.428,326.592,1.0264241790953545
208,D. kanawha,kanawha,41.04,288.036,0.915869403422983
208,D. marmoratus,marmoratus,48.3264,273.9312,1.0733892371638143
208,D. mavrokoilius,mavrokoilius,43.3872,270.5256,0.8397591717603913
208,D. monticola,monticola,39.6144,259.5024,0.9719581503667482
208,D. ochrophaeus,ochrophaeus,51.6312,273.4344,0.8124096185819071
208,D. ocoee,ocoee,43.4448,294.5304,0.9728554804400978
208,D. orestes,orestes,46.8288,255.4848,0.8589786399755502
208,D. perlapsus,perlapsus,44.5536,294.0768,0.8493728557457213
208,D. tilleyi,tilleyi,42.9552,264.4776,0.9806148233496332
208,D. valtos,valtos,49.968,312.7104,1.3987043343520782
208,D. welteri,welteri,48.2112,304.5456,0.9182560672371639
208,D. wrighti,wrighti,39.5784,203.6736,0.8201163759168705
209,D. aeneus,aeneus,37.0512,208.7424,0.5784228881418093
209,D. amphileucus,amphileucus,44.0928,321.9552,1.1310959737163815
209,D. anicetus,anicetus,42.0624,245.2608,0.9921538429095355
209,D. apalachicolae,apalachicolae,45.648,299.4408,1.0299600055012226
209,D. auriculatus,auriculatus,49.7664,316.9224,1.2654458667481663
209,D. bairdi,bairdi,44.0064,305.0352,1.1954417035452323
209,D. brimleyorum,brimleyorum,45.1152,331.5024,1.0576511418092909
209,D. campi,campi,37.5048,255.3192,0.9336806540342298
209,D. folkertsi,folkertsi,45.5472,268.7688,1.0858817768948654
209,D. fuscus,fuscus,45.432,274.356,1.0
209,D. gvnigeusgwotli,gvnigeusgwotli,46.8936,272.5344,0.92944652200489
209,D. intermedius,intermedius,49.14,328.392,1.1766581075794622
209,D. kanawha,kanawha,43.1496,279.9216,0.9974493502444989
209,D. marmoratus,marmoratus,46.6416,276.0336,1.1916214431540342
209,D. mavrokoilius,mavrokoilius,43.3872,269.604,0.9948918936430318
209,D. monticola,monticola,39.6432,260.4312,1.100877576405868
209,D. ochrophaeus,ochrophaeus,53.3088,274.5,0.8341740146699267
209,D. ocoee,ocoee,42.2424,292.3416,1.0334654987775063
209,D. orestes,orestes,46.0224,255.0816,0.8182115391198045
209,D. perlapsus,perlapsus,42.0192,291.8592,0.97169193398533
209,D. tilleyi,tilleyi,41.8536,267.2352,1.0811450745721272
209,D. valtos,valtos,49.5648,311.6736,1.423499641198044
209,D. welteri,welteri,48.9024,308.7072,0.8741085091687042
209,D. wrighti,wrighti,41.2848,203.6736,0.968036565403423
210,D. aeneus,aeneus,37.6704,207.756,0.5689874223716381
210,D. amphileucus,amphileucus,42.9408,316.5696,1.004770369804401
210,D. anicetus,anicetus,41.436,242.8272,0.8989274529339853
210,D. apalachicolae,apalachicolae,44.2512,294.3072,0.9284423496332519
210,D. auriculatus,auriculatus,48.3192,312.912,0.950015304400978
210,D. bairdi,bairdi,44.9424,306.6048,1.087810055012225
210,D. brimleyorum,brimleyorum,43.9776,330.3792,1.0931743019559903
210,D. campi,campi,37.4976,256.0032,0.8412633526894866
210,D. folkertsi,folkertsi,45.9936,270.072,0.969355424816626
210,D. fuscus,fuscus,45.5616,272.808,1.0
210,D. gvnigeusgwotli,gvnigeusgwotli,46.5696,275.976,0.8856045550122249
210,D. intermedius,intermedius,48.5136,324.5256,1.0836411081907091
210,D. kanawha,kanawha,43.0416,288.6624,1.0520316363080686
210,D. marmoratus,marmoratus,49.4208,275.5296,1.0548005299511003
210,D. mavrokoilius,mavrokoilius,43.3872,269.0208,0.917447869804401
210,D. monticola,monticola,39.6072,258.9264,0.9919820207823962
210,D. ochrophaeus,ochrophaeus,51.9552,267.5736,0.7752463453545233
210,D. ocoee,ocoee,42.3936,293.292,0.9623230874083131
210,D. orestes,orestes,45.3384,254.4264,0.8410662927872861
210,D. perlapsus,perlapsus,45.0,294.0768,0.8827375091687042
210,D. tilleyi,tilleyi,42.9624,264.8304,0.979589240220049
210,D. valtos,valtos,49.7952,314.3016,1.3092192023227385
210,D. welteri,welteri,48.8448,304.416,0.8538159187041565
210,D. wrighti,wrighti,46.2456,237.132,0.8561837970660147
211,D. aeneus,aeneus,35.7696,209.4336,0.6312582695599023
211,D. amphileucus,amphileucus,45.3888,320.5656,1.086325274449878
211,D. anicetus,anicetus,41.1984,244.1952,0.957422794621027
211,D. apalachicolae,apalachicolae,43.7184,300.6504,1.071021001833741
211,D. auriculatus,auriculatus,49.356,313.6752,1.1121679938875306
211,D. bairdi,bairdi,44.208,306.6048,1.184281195599022
211,D. brimleyorum,brimleyorum,45.216,329.6952,1.0391975568459657
211,D. campi,campi,37.4472,259.3296,0.9029642640586798
211,D. folkertsi,folkertsi,43.5312,268.8048,1.0808804089242054
211,D. fuscus,fuscus,45.2016,272.4336,1.0
211,D. gvnigeusgwotli,gvnigeusgwotli,46.4544,271.5552,0.973754359413203
211,D. intermedius,intermedius,46.9656,325.1952,1.1129809633251835
211,D. kanawha,kanawha,42.192,279.9216,1.0208122866748166
211,D. marmoratus,marmoratus,46.8072,276.6096,1.1055682212713938
211,D. mavrokoilius,mavrokoilius,43.0704,269.0208,1.0447006980440097
211,D. monticola,monticola,39.42,259.5312,1.1567115800733496
211,D. ochrophaeus,ochrophaeus,54.1296,274.8528,0.8084635470660146
211,D. ocoee,ocoee,43.992,292.6008,0.9743163612469438
211,D. orestes,orestes,45.792,255.06,0.9854553239608803
211,D. perlapsus,perlapsus,41.2992,294.2784,0.8543945501222494
211,D. tilleyi,tilleyi,42.1992,264.0528,1.0395887353300735
211,D. valtos,valtos,49.1544,315.7416,1.3667807695599024
211,D. welteri,welteri,48.708,301.9536,0.9212830378973105
211,D. wrighti,wrighti,42.1632,203.6736,0.9171245360635697
212,D. aeneus,aeneus,37.656,208.5408,0.6126301234718826
212,D. amphileucus,amphileucus,44.1288,320.3928,1.068896455378973
212,D. anicetus,anicetus,42.48,243.6192,0.9229177726161369
212,D. apalachicolae,apalachicolae,44.3952,295.308,0.9599952127139365
212,D. auriculatus,auriculatus,48.6792,312.6528,1.1340351577017116
212,D. bairdi,bairdi,44.6256,309.8304,1.1540265611246945
212,D. brimleyorum,brimleyorum,45.1152,330.4008,1.03886329400978
212,D. campi,campi,36.7128,259.3368,0.9003293899755502
212,D. folkertsi,folkertsi,44.4672,269.7336,1.0570389284841077
212,D. fuscus,fuscus,45.8712,273.312,1.0
212,D. gvnigeusgwotli,gvnigeusgwotli,46.8936,272.4192,0.9435526161369193
212,D. intermedius,intermedius,49.14,324.4824,1.1279088661369194
212,D. kanawha,kanawha,40.68,287.064,1.0391354951100247
212,D. marmoratus,marmoratus,48.4272,274.9032,1.065419206601467
212,D. mavrokoilius,mavrokoilius,41.328,266.7096,0.893745902200489
212,D. monticola,monticola,39.6072,260.8848,1.0570789199266506
212,D. ochrophaeus,ochrophaeus,51.8112,267.3288,0.8314750281173595
212,D. ocoee,ocoee,42.9336,294.6384,0.9828625825183374
212,D. orestes,orestes,44.7624,256.1112,0.84069397799511
212,D. perlapsus,perlapsus,43.56,291.8592,0.7847715275061126
212,D. tilleyi,tilleyi,41.5368,265.3488,0.9669643526894867
212,D. valtos,valtos,50.2344,315.5832,1.3660427121026895
212,D. welteri,welteri,50.1552,310.4784,0.9244448832518338
212,D. wrighti,wrighti,42.9696,225.6984,0.848229673594132
213,D. aeneus,aeneus,37.6632,208.1808,0.5261394211491444
213,D. amphileucus,amphileucus,43.3728,316.5696,0.8759365641809291
213,D. anicetus,anicetus,41.7024,243.4824,0.8361842133251834
213,D. apalachicolae,apalachicolae,46.1088,294.0912,0.8143200525672372
213,D. auriculatus,auriculatus,49.356,316.9008,0.9874441075794622
213,D. bairdi,bairdi,43.8696,305.8128,1.0312599926650368
213,D. brimleyorum,brimleyorum,47.0448,329.0112,0.9610635165036675
213,D. campi,campi,36.7488,257.9688,0.7979102108801956
213,D. folkertsi,folkertsi,44.5104,269.4024,0.9279969303178485
213,D. fuscus,fuscus,47.2464,273.3552,1.0
213,D. gvnigeusgwotli,gvnigeusgwotli,45.7344,272.4048,0.8458933960880196
213,D. intermedius,intermedius,47.8872,325.2384,0.961466240220049
213,D. kanawha,kanawha,43.0632,288.7704,0.9627550898533007
213,D. marmoratus,marmoratus,47.7576,276.0768,1.021006316625917
213,D. mavrokoilius,mavrokoilius,43.4016,269.352,0.9547545812958436
213,D. monticola,monticola,39.6,262.2096,0.9463224376528118
213,D. ochrophaeus,ochrophaeus,52.6608,269.352,0.7227044902200489
213,D. ocoee,ocoee,44.2224,291.9744,0.9720707860635698
213,D. orestes,orestes,46.0224,255.1824,0.7188650397310513
213,D. perlapsus,perlapsus,42.3,294.1344,0.8508232432762837
213,D. tilleyi,tilleyi,42.0192,263.2464,0.8963925305623472
213,D. valtos,valtos,49.5648,314.9136,1.227550227383863
213,D. welteri,welteri,48.7296,303.984,0.8820753117359413
213,D. wrighti,wrighti,39.5784,215.1072,0.8645724541564792
214,D. aeneus,aeneus,37.6704,207.2088,0.5051820770171149
214,D. amphileucus,amphileucus,44.4168,317.772,0.9216707530562348
214,D. anicetus,anicetus,42.3432,242.3376,0.8157832035452323
214,D. apalachicolae,apalachicolae,45.504,299.5488,0.9251384810513448
214,D. auriculatus,auriculatus,48.9024,316.656,0.9895559180929095
214,D. bairdi,bairdi,43.9992,308.6568,1.0157363606356968
214,D. brimleyorum,brimleyorum,46.188,329.9328,0.8907187756723717
214,D. campi,campi,37.0728,257.976,0.7710044400977996
214,D. folkertsi,folkertsi,43.416,269.6472,0.9103711821515893
214,D. fuscus,fuscus,46.6416,272.1168,1.0
214,D. gvnigeusgwotli,gvnigeusgwotli,46.62,271.332,0.8121995152811736
214,D. intermedius,intermedius,48.8736,327.3768,0.9514903276283619
214,D. kanawha,kanawha,41.3496,286.1352,0.8715696283618581
214,D. marmoratus,marmoratus,46.6416,277.416,0.9403736320293399
214,D. mavrokoilius,mavrokoilius,44.0568,268.488,0.836658445599022
214,D. monticola,monticola,39.6144,260.1072,0.8641173746943765
214,D. ochrophaeus,ochrophaeus,52.4592,275.1552,0.6705800605134474
214,D. ocoee,ocoee,43.5096,293.112,0.8869232316625917
214,D. orestes,orestes,47.2896,255.9888,0.8063791069682152
214,D. perlapsus,perlapsus,43.38,289.5912,0.7913350024449878
214,D. tilleyi,tilleyi,41.7888,265.0896,0.8834949077017115
214,D. valtos,valtos,49.5648,317.3184,1.2124575605134476
214,D. welteri,welteri,48.6864,303.3936,0.7857154352078239
214,D. wrighti,wrighti,42.0912,249.3072,0.8352494003667482
215,D. aeneus,aeneus,37.62,208.9872,0.6008132781173594
215,D. amphileucus,amphileucus,44.676,318.7008,1.1788303233496333
215,D. anicetus,anicetus,41.184,242.5032,1.0233159761613693
215,D. apalachicolae,apalachicolae,44.2512,299.1024,1.1624295953545232
215,D. auriculatus,auriculatus,49.0032,313.6752,1.0816739834963325
215,D. bairdi,bairdi,44.6544,306.1368,1.2668062677261613
215,D. brimleyorum,brimleyorum,46.8864,328.8168,1.1058142726161369
215,D. campi,campi,37.1232,258.3,0.987274696210269
215,D. folkertsi,folkertsi,44.136,268.8048,1.143589923594132
215,D. fuscus,fuscus,47.2464,271.0944,1.0
215,D. gvnigeusgwotli,gvnigeusgwotli,47.1312,272.3544,1.0375246216381417
215,D. intermedius,intermedius,49.2768,326.592,1.195674445599022
215,D. kanawha,kanawha,41.724,288.6768,1.1492392536674818
215,D. marmoratus,marmoratus,47.3976,275.4072,1.2215358361858193
215,D. mavrokoilius,mavrokoilius,44.7336,271.44,1.0188474951100246
215,D. monticola,monticola,40.0176,259.3944,1.2275766100244498
215,D. ochrophaeus,ochrophaeus,52.4592,275.148,0.8791689981662593
215,D. ocoee,ocoee,44.1072,292.8528,1.0698311711491444
215,D. orestes,orestes,46.0512,255.6144,0.946780728606357
215,D. perlapsus,perlapsus,44.1432,296.1936,1.016739565403423
215,D. tilleyi,tilleyi,41.7456,265.0896,1.1326404352078239
215,D. valtos,valtos,50.6448,313.236,1.4506131332518337
215,D. welteri,welteri,48.6864,309.9456,1.0812732133251834
215,D. wrighti,wrighti,44.0136,237.0312,0.9829209217603911
216,D. aeneus,aeneus,36.8568,207.2088,0.6257489749388754
216,D. amphileucus,amphileucus,44.2872,318.6216,1.0325888349633252
216,D. anicetus,anicetus,40.5648,242.352,0.9446685935207825
216,D. apalachicolae,apalachicolae,45.504,298.4688,1.0576227347188265
216,D. auriculatus,auriculatus,50.7096,316.7712,0.9962870623471882
216,D. bairdi,bairdi,43.9344,309.2184,1.1398300268948656
216,D. brimleyorum,brimleyorum,44.9136,330.084,1.0929014150366747
216,D. campi,campi,37.7928,257.4504,0.9095987493887531
216,D. folkertsi,folkertsi,45.2664,269.3952,1.0374108471882642
216,D. fuscus,fuscus,48.1824,272.9376,1.0
216,D. gvnigeusgwotli,gvnigeusgwotli,46.62,273.4416,0.9319315116136919
216,D. intermedius,intermedius,49.2768,325.152,1.178213687041565
216,D. kanawha,kanawha,41.76,287.064,1.0353127982885084
216,D. marmoratus,marmoratus,48.2544,273.888,1.099180585574572
216,D. mavrokoilius,mavrokoilius,41.1624,268.488,1.0472383178484106
216,D. monticola,monticola,39.2688,258.9552,1.0975268160146698
216,D. ochrophaeus,ochrophaeus,52.6104,279.0648,0.8246371986552568
216,D. ocoee,ocoee,43.9704,293.292,0.9959977897310514
216,D. orestes,orestes,45.468,255.4848,0.864838836797066
216,D. perlapsus,perlapsus,44.316,293.0256,0.8257185776283619
216,D. tilleyi,tilleyi,42.5952,263.4624,1.0099125599022005
216,D. valtos,valtos,49.572,313.6896,1.4075749969437654
216,D. welteri,welteri,48.672,302.1696,0.8531580935207824
216,D. wrighti,wrighti,42.1632,203.6736,0.924329358190709
217,D. aeneus,aeneus,34.9992,222.6888,0.5917148325183375
217,D. amphileucus,amphileucus,44.676,320.0832,0.9459899394865526
217,D. anicetus,anicetus,41.7312,244.1376,0.8684288080684597
217,D. apalachicolae,apalachicolae,44.0352,300.9888,0.9320348710268949
217,D. auriculatus,auriculatus,48.2976,316.7712,1.0955361601466993
217,D. bairdi,bairdi,45.0072,309.7152,1.099181099022005
217,D. brimleyorum,brimleyorum,45.2448,328.3632,1.0422748037897311
217,D. campi,campi,37.4544,257.4504,0.8163720397310514
217,D. folkertsi,folkertsi,43.2,269.064,0.9528740751833741
217,D. fuscus,fuscus,46.5192,273.8736,1.0
217,D. gvnigeusgwotli,gvnigeusgwotli,46.7712,271.7712,0.8878453728606357
217,D. intermedius,intermedius,49.2768,325.0008,1.0071949523227384
217,D. kanawha,kanawha,41.0976,288.6192,0.9909195140586796
217,D. marmoratus,marmoratus,47.952,276.0336,1.0191455806845966
217,D. mavrokoilius,mavrokoilius,42.0408,269.0208,0.9006300030562348
217,D. monticola,monticola,39.1392,257.58,0.9618269339853301
217,D. ochrophaeus,ochrophaeus,52.4592,270.6192,0.7834588679706601
217,D. ocoee,ocoee,41.9904,291.8304,0.9879649150366748
217,D. orestes,orestes,47.1024,255.4848,0.8384366870415648
217,D. perlapsus,perlapsus,44.5392,295.4592,0.7961020971882641
217,D. tilleyi,tilleyi,42.9624,263.9232,0.936986957212714
217,D. valtos,valtos,49.968,314.5968,1.2602047878973106
217,D. welteri,welteri,48.8952,307.4688,0.7887811045232274
217,D. wrighti,wrighti,43.2072,215.1072,0.8242921418092909
218,D. aeneus,aeneus,37.656,206.8272,0.506186859413203
218,D. amphileucus,amphileucus,44.5608,317.664,0.9327973899755502
218,D. anicetus,anicetus,42.0624,245.16,0.847280261002445
218,D. apalachicolae,apalachicolae,46.0008,296.1,0.8335904199266504
218,D. auriculatus,auriculatus,50.4792,316.7784,1.0005826173594132
218,D. bairdi,bairdi,43.776,304.7832,1.0768673123471884
218,D. brimleyorum,brimleyorum,43.9488,327.6432,0.952162512224939
218,D. campi,campi,36.7128,252.3024,0.8346287597799511
218,D. folkertsi,folkertsi,44.7624,267.0624,0.9554899529339854
218,D. fuscus,fuscus,45.3168,270.7992,1.0
218,D. gvnigeusgwotli,gvnigeusgwotli,46.6704,272.9376,0.8923202224938875
218,D. intermedius,intermedius,49.0752,326.5776,0.944691347799511
218,D. kanawha,kanawha,41.7024,288.7704,1.1595969663814183
218,D. marmoratus,marmoratus,48.2544,274.0608,1.0200676613691932
218,D. mavrokoilius,mavrokoilius,40.8744,272.6208,0.867671630806846
218,D. monticola,monticola,39.1392,261.7056,0.9921933557457212
218,D. ochrophaeus,ochrophaeus,52.2792,274.8024,0.7585592683374084
218,D. ocoee,ocoee,42.9336,292.8528,0.9278288160146699
218,D. orestes,orestes,46.0512,257.1192,0.7580286827628363
218,D. perlapsus,perlapsus,44.2008,296.64,0.8464399718826405
218,D. tilleyi,tilleyi,42.9624,264.2832,0.9302283575794621
218,D. valtos,valtos,50.5152,316.9368,1.2430673465770172
218,D. welteri,welteri,48.8088,304.5456,0.8186686332518338
218,D. wrighti,wrighti,39.5784,203.6736,0.8233940709046456
219,D. aeneus,aeneus,38.0592,207.6912,0.5185768863080685
219,D. amphileucus,amphileucus,44.5464,318.8592,1.012753306234719
219,D. anicetus,anicetus,42.0624,245.1024,0.8848241399755501
219,D. apalachicolae,apalachicolae,44.2152,299.6784,0.8774080067237163
219,D. auriculatus,auriculatus,48.3408,316.944,1.0914038062347189
219,D. bairdi,bairdi,44.0064,304.6104,1.0934120030562346
219,D. brimleyorum,brimleyorum,45.2304,329.7888,1.024607259168704
219,D. campi,campi,37.3968,257.0328,0.8605504914425428
219,D. folkertsi,folkertsi,44.7264,267.6744,0.9913627805623473
219,D. fuscus,fuscus,46.3968,272.0448,1.0
219,D. gvnigeusgwotli,gvnigeusgwotli,46.08,275.976,0.893993077017115
219,D. intermedius,intermedius,49.6512,325.2528,1.0297613948655258
219,D. kanawha,kanawha,40.788,288.5904,1.0517022151589244
219,D. marmoratus,marmoratus,48.1032,277.4304,1.0681571668704157
219,D. mavrokoilius,mavrokoilius,42.3576,271.44,0.9048597292176039
219,D. monticola,monticola,39.7152,260.4312,0.9461646711491444
219,D. ochrophaeus,ochrophaeus,52.6104,280.8216,0.7810118435207825
219,D. ocoee,ocoee,44.1504,293.3856,0.9491520323960881
219,D. orestes,orestes,46.0224,255.3408,0.9172757444987775
219,D. perlapsus,perlapsus,43.2576,293.0256,0.8007248942542787
219,D. tilleyi,tilleyi,42.1992,263.9232,0.9717526522004891
219,D. valtos,valtos,49.968,313.74,1.3128890275061125
219,D. welteri,welteri,48.7656,302.8464,0.8395371583129585
219,D. wrighti,wrighti,42.9696,215.1072,0.8873755727383864
220,D. aeneus,aeneus,35.676,213.3936,0.5521171931540342
220,D. amphileucus,amphileucus,44.0928,320.8752,1.079655641198044
220,D. anicetus,anicetus,41.6952,243.2232,0.9271486601466993
220,D. apalachicolae,apalachicolae,44.8992,297.8928,0.9010099737163814
220,D. auriculatus,auriculatus,47.8152,311.904,1.0191958979217606
220,D. bairdi,bairdi,44.6256,308.7216,1.1641312640586796
220,D. brimleyorum,brimleyorum,44.496,328.1688,1.0926849394865525
220,D. campi,campi,36.7488,257.0328,0.9033336063569682
220,D. folkertsi,folkertsi,46.0296,267.9408,1.036492946210269
220,D. fuscus,fuscus,46.8216,272.1168,1.0
220,D. gvnigeusgwotli,gvnigeusgwotli,46.1952,273.3408,0.909786511002445
220,D. intermedius,intermedius,50.0472,326.5848,1.0550297958435209
220,D. kanawha,kanawha,41.0472,288.6408,1.1505930421760393
220,D. marmoratus,marmoratus,49.32,276.408,1.0443145599022006
220,D. mavrokoilius,mavrokoilius,41.1624,266.7096,0.9650173013447433
220,D. monticola,monticola,39.1248,257.9904,0.9945351143031784
220,D. ochrophaeus,ochrophaeus,52.6104,267.4512,0.8132065409535453
220,D. ocoee,ocoee,42.6096,295.8912,1.062394511002445
220,D. orestes,orestes,44.7624,256.3848,0.8989734309290954
220,D. perlapsus,perlapsus,41.3928,291.7944,0.986181163202934
220,D. tilleyi,tilleyi,42.1992,264.672,1.004116273838631
220,D. valtos,valtos,49.5792,317.304,1.367829565403423
220,D. welteri,welteri,48.8088,304.6752,0.920315163814181
220,D. wrighti,wrighti,41.2848,226.5408,0.9138997029339854
221,D. aeneus,aeneus,35.676,208.9872,0.5912217334963326
221,D. amphileucus,amphileucus,44.4312,319.0968,0.9901676870415649
221,D. anicetus,anicetus,41.7024,247.5792,0.9088828111246944
221,D. apalachicolae,apalachicolae,45.8712,298.4688,0.9631192830073351
221,D. auriculatus,auriculatus,47.736,315.1368,1.0624981149144255
221,D. bairdi,bairdi,44.6256,307.3032,1.1245427677261612
221,D. brimleyorum,brimleyorum,46.5192,330.6528,1.096944589242054
221,D. campi,campi,37.3968,255.528,0.8597062695599023
221,D. folkertsi,folkertsi,43.6464,265.0104,1.060486608801956
221,D. fuscus,fuscus,45.3168,272.6784,1.0
221,D. gvnigeusgwotli,gvnigeusgwotli,47.1312,275.2272,0.9376711577017115
221,D. intermedius,intermedius,48.672,324.1872,1.0375884321515894
221,D. kanawha,kanawha,43.1136,285.3936,1.022378382640587
221,D. marmoratus,marmoratus,47.952,273.8304,1.0487477903422984
221,D. mavrokoilius,mavrokoilius,41.328,269.1072,0.9424452909535452
221,D. monticola,monticola,39.5856,259.488,1.072640302567237
221,D. ochrophaeus,ochrophaeus,52.4664,274.5,0.7582487695599022
221,D. ocoee,ocoee,43.6248,293.3856,0.9823986809290953
221,D. orestes,orestes,47.2752,254.8008,0.7961482365525672
221,D. perlapsus,perlapsus,42.3,291.8592,0.9473734229828852
221,D. tilleyi,tilleyi,42.0552,264.7512,0.9871547053789731
221,D. valtos,valtos,50.9184,311.796,1.386112196821516
221,D. welteri,welteri,48.6,304.416,0.9053918533007335
221,D. wrighti,wrighti,46.2456,249.3072,0.8649820024449878
222,D. aeneus,aeneus,37.6704,210.9456,0.6207442176039121
222,D. amphileucus,amphileucus,44.1648,318.78,1.1843663190709048
222,D. anicetus,anicetus,41.436,242.2584,1.062100433374083
222,D. apalachicolae,apalachicolae,44.2656,300.0528,1.0695981980440097
222,D. auriculatus,auriculatus,48.4488,312.6816,1.2314983105134476
222,D. bairdi,bairdi,44.8992,309.2184,1.2855737371638143
222,D. brimleyorum,brimleyorum,46.8432,330.8544,1.195917748166259
222,D. campi,campi,38.0664,257.6448,1.0113875152811735
222,D. folkertsi,folkertsi,44.8704,269.208,1.2115230947432762
222,D. fuscus,fuscus,47.376,272.808,1.0
222,D. gvnigeusgwotli,gvnigeusgwotli,44.3808,273.3408,1.0544948337408313
222,D. intermedius,intermedius,47.0592,325.1952,1.229930511002445
222,D. kanawha,kanawha,41.7456,287.8416,1.3774360690709047
222,D. marmoratus,marmoratus,46.8936,276.0336,1.2725248429095355
222,D. mavrokoilius,mavrokoilius,43.1928,269.0208,0.9429044926650367
222,D. monticola,monticola,40.0176,260.4312,1.1150345623471885
222,D. ochrophaeus,ochrophaeus,52.6032,267.0192,0.9364049297066015
222,D. ocoee,ocoee,43.5096,293.292,1.1025309376528118
222,D. orestes,orestes,46.8288,255.6144,0.9482664608801956
222,D. perlapsus,perlapsus,41.9544,290.2104,1.0188604315403424
222,D. tilleyi,tilleyi,41.4576,264.5568,1.1370712567237165
222,D. valtos,valtos,49.5648,313.6536,1.544218989608802
222,D. welteri,welteri,48.0528,308.16,0.9508312976772617
222,D. wrighti,wrighti,44.892,247.6224,1.0075694700489
223,D. aeneus,aeneus,37.6704,212.328,0.5218762762836187
223,D. amphileucus,amphileucus,44.2512,319.0968,0.9962406039119803
223,D. anicetus,anicetus,40.5648,246.0672,0.888869055623472
223,D. apalachicolae,apalachicolae,45.8712,300.312,0.915274924205379
223,D. auriculatus,auriculatus,49.176,312.6528,1.0315959828850856
223,D. bairdi,bairdi,43.884,304.3584,1.062598783007335
223,D. brimleyorum,brimleyorum,45.2304,329.2056,0.9632697671149145
223,D. campi,campi,38.0664,257.0328,0.861037347799511
223,D. folkertsi,folkertsi,44.8704,269.7336,0.9655743447432763
223,D. fuscus,fuscus,47.5776,273.6864,1.0
223,D. gvnigeusgwotli,gvnigeusgwotli,46.08,274.1256,0.8599551008557458
223,D. intermedius,intermedius,48.0816,325.2456,1.0189101894865527
223,D. kanawha,kanawha,41.4,288.5616,1.1617492744498779
223,D. marmoratus,marmoratus,48.3264,275.5512,0.9936244382640587
223,D. mavrokoilius,mavrokoilius,42.876,268.8048,0.7936045592909535
223,D. monticola,monticola,39.8592,259.5024,0.9358358643031786
223,D. ochrophaeus,ochrophaeus,54.1296,269.352,0.7570167053789731
223,D. ocoee,ocoee,43.4448,294.6384,0.9660065947432763
223,D. orestes,orestes,47.5632,255.2184,0.8339262548899756
223,D. perlapsus,perlapsus,43.2216,290.6928,0.8317206595354524
223,D. tilleyi,tilleyi,42.1992,262.8504,0.9716475519559903
223,D. valtos,valtos,50.2488,314.7552,1.2969047359413204
223,D. welteri,welteri,48.8448,303.984,0.864727402811736
223,D. wrighti,wrighti,42.9696,237.0312,0.8902513490220049
224,D. aeneus,aeneus,37.656,206.712,0.5189108905867972
224,D. amphileucus,amphileucus,44.6832,319.9104,0.9735474584352078
224,D. anicetus,anicetus,41.4432,246.2256,0.8750052756723716
224,D. apalachicolae,apalachicolae,45.6336,297.8928,0.8564100861858192
224,D. auriculatus,auriculatus,49.716,317.3472,1.0895562310513447
224,D. bairdi,bairdi,44.9856,306.2736,1.0724467023227384
224,D. brimleyorum,brimleyorum,46.5552,330.8544,1.002523880806846
224,D. campi,campi,37.0728,258.5232,0.8315013288508558
224,D. folkertsi,folkertsi,44.136,269.3952,0.9595433636919316
224,D. fuscus,fuscus,46.5192,272.4336,1.0
224,D. gvnigeusgwotli,gvnigeusgwotli,46.6704,272.4048,0.8730969902200489
224,D. intermedius,intermedius,48.672,324.8496,1.0730390055012227
224,D. kanawha,kanawha,42.3504,287.2872,0.869277663202934
224,D. marmoratus,marmoratus,46.8432,275.5296,1.0059931705378973
224,D. mavrokoilius,mavrokoilius,42.7536,269.064,0.8010697127139365
224,D. monticola,monticola,39.204,258.4728,0.9576079394865525
224,D. ochrophaeus,ochrophaeus,51.3072,267.8976,0.7830458221271394
224,D. ocoee,ocoee,43.0416,292.4496,0.9205287762836186
224,D. orestes,orestes,47.4192,254.8224,0.7688503887530563
224,D. perlapsus,perlapsus,44.8704,290.628,0.8817743031784842
224,D. tilleyi,tilleyi,42.1992,264.1824,0.9419530262836187
224,D. valtos,valtos,50.7744,319.5072,1.3031336179706603
224,D. welteri,welteri,48.6792,303.0624,0.8626166326405869
224,D. wrighti,wrighti,45.3672,227.2824,0.9026093954767727
225,D. aeneus,aeneus,37.8576,208.296,0.6786424663814181
225,D. amphileucus,amphileucus,43.8768,316.4112,1.1745171607579463
225,D. anicetus,anicetus,41.6952,244.2528,1.043178944376528
225,D. apalachicolae,apalachicolae,45.8712,297.8928,1.0342954908312958
225,D. auriculatus,auriculatus,49.7664,316.7784,1.1116611986552567
225,D. bairdi,bairdi,44.0064,306.936,1.2545457561124695
225,D. brimleyorum,brimleyorum,44.4456,326.3328,1.0690926460880197
225,D. campi,campi,36.6624,257.904,0.965936914425428
225,D. folkertsi,folkertsi,44.5104,270.2304,1.1598386069682152
225,D. fuscus,fuscus,47.7072,273.528,1.0
225,D. gvnigeusgwotli,gvnigeusgwotli,46.62,272.1312,1.052992564792176
225,D. intermedius,intermedius,47.9232,324.7056,1.2278810794621027
225,D. kanawha,kanawha,41.0976,286.9704,1.2837898349633252
225,D. marmoratus,marmoratus,48.3264,276.0768,1.1809827004889977
225,D. mavrokoilius,mavrokoilius,43.4016,268.1424,1.1022579621026896
225,D. monticola,monticola,39.3552,260.1288,1.2336223740831298
225,D. ochrophaeus,ochrophaeus,52.632,269.352,0.8925195941320294
225,D. ocoee,ocoee,43.992,292.8528,1.144029272616137
225,D. orestes,orestes,45.0,255.1824,0.9481393129584352
225,D. perlapsus,perlapsus,43.0416,298.6632,0.8802592805623473
225,D. tilleyi,tilleyi,42.9624,267.2352,1.1265675189486555
225,D. valtos,valtos,49.5288,314.352,1.4612933435207824
225,D. welteri,welteri,48.8088,303.0624,1.0687317689486553
225,D. wrighti,wrighti,45.936,247.6224,0.9544441466992666
226,D. aeneus,aeneus,36.8712,208.296,0.5558456259168705
226,D. amphileucus,amphileucus,43.9848,318.4344,0.9550144352078239
226,D. anicetus,anicetus,41.9832,247.8384,0.9054515048899756
226,D. apalachicolae,apalachicolae,44.6688,299.6496,0.8669824413202935
226,D. auriculatus,auriculatus,49.1832,312.6528,0.957312185207824
226,D. bairdi,bairdi,44.7624,303.9408,1.0923685831295844
226,D. brimleyorum,brimleyorum,44.028,330.3792,0.9955358924205379
226,D. campi,campi,36.6624,257.0328,0.8266145256723716
226,D. folkertsi,folkertsi,45.2952,268.3728,1.0037594070904647
226,D. fuscus,fuscus,45.8712,272.4336,1.0
226,D. gvnigeusgwotli,gvnigeusgwotli,46.98,275.2272,0.9094525684596577
226,D. intermedius,intermedius,49.428,325.1952,1.0714264841075793
226,D. kanawha,kanawha,41.868,288.6192,0.9663614223716381
226,D. marmoratus,marmoratus,46.8936,273.888,1.0901929761613691
226,D. mavrokoilius,mavrokoilius,43.992,268.8048,0.8897368001222494
226,D. monticola,monticola,40.9752,259.488,1.0232822897310514
226,D. ochrophaeus,ochrophaeus,51.0768,276.9696,0.7867478765281174
226,D. ocoee,ocoee,41.9904,293.292,1.003025957212714
226,D. orestes,orestes,46.944,256.3848,0.7935052750611247
226,D. perlapsus,perlapsus,44.784,294.0768,0.798275805012225
226,D. tilleyi,tilleyi,41.7024,264.672,0.9882431760391199
226,D. valtos,valtos,49.7952,312.8328,1.3522820996332519
226,D. welteri,welteri,48.8952,304.5456,0.8661448820293398
226,D. wrighti,wrighti,45.936,247.5216,0.9080624180929096
227,D. aeneus,aeneus,36.8352,213.3936,0.6093071699266505
227,D. amphileucus,amphileucus,44.2872,321.9552,1.191489652811736
227,D. anicetus,anicetus,40.5648,246.2256,1.0185043667481664
227,D. apalachicolae,apalachicolae,45.5688,300.312,1.1746976191931542
227,D. auriculatus,auriculatus,47.6208,316.0296,1.296124349633252
227,D. bairdi,bairdi,43.8624,305.6688,1.2406179132029342
227,D. brimleyorum,brimleyorum,44.5824,328.1688,1.2044063453545233
227,D. campi,campi,37.3968,252.9864,0.9692992885085575
227,D. folkertsi,folkertsi,47.2104,269.1,1.1188081980440099
227,D. fuscus,fuscus,47.3112,273.4416,1.0
227,D. gvnigeusgwotli,gvnigeusgwotli,46.5696,271.656,1.050406228606357
227,D. intermedius,intermedius,49.0536,323.7408,1.2796110360635697
227,D. kanawha,kanawha,41.7528,288.6192,1.2492532811735941
227,D. marmoratus,marmoratus,46.7856,274.1904,1.2544250097799512
227,D. mavrokoilius,mavrokoilius,41.328,269.064,0.9139407597799512
227,D. monticola,monticola,39.5424,258.9552,1.100724348410758
227,D. ochrophaeus,ochrophaeus,52.6032,274.8528,0.9164187524449878
227,D. ocoee,ocoee,43.6248,295.9704,1.1542791821515892
227,D. orestes,orestes,47.1312,255.3552,1.03311381601467
227,D. perlapsus,perlapsus,42.9192,295.416,0.9673862921760391
227,D. tilleyi,tilleyi,41.7456,264.7512,1.113923251222494
227,D. valtos,valtos,49.9824,313.6536,1.47351990403423
227,D. welteri,welteri,48.2544,302.4576,0.9496564205378973
227,D. wrighti,wrighti,44.892,247.5216,1.0337221992665035
228,D. aeneus,aeneus,38.4624,209.4768,0.6976437316625917
228,D. amphileucus,amphileucus,45.2016,317.664,1.172465500611247
228,D. anicetus,anicetus,41.4432,242.8272,1.0932482243276282
228,D. apalachicolae,apalachicolae,46.8576,297.1152,1.0348004761613692
228,D. auriculatus,auriculatus,48.2976,315.9144,1.3805947640586798
228,D. bairdi,bairdi,43.8696,303.9408,1.3509698453545234
228,D. brimleyorum,brimleyorum,45.18,330.084,1.2783423117359414
228,D. campi,campi,36.7056,258.3,1.033239262224939
228,D. folkertsi,folkertsi,44.6184,268.8048,1.2207002885085576
228,D. fuscus,fuscus,45.3096,273.528,1.0
228,D. gvnigeusgwotli,gvnigeusgwotli,46.1952,271.5552,1.0780643367970661
228,D. intermedius,intermedius,47.9232,325.4976,1.3551027053789733
228,D. kanawha,kanawha,40.9392,283.4568,1.4451051326405868
228,D. marmoratus,marmoratus,47.2608,274.5,1.261069089242054
228,D. mavrokoilius,mavrokoilius,43.4016,268.3008,1.0298418887530563
228,D. monticola,monticola,40.176,258.8472,1.1156315275061126
228,D. ochrophaeus,ochrophaeus,50.0472,270.6192,0.9722645171149145
228,D. ocoee,ocoee,44.2656,292.5216,1.1667203490220048
228,D. orestes,orestes,45.8928,255.312,0.9672473777506113
228,D. perlapsus,perlapsus,43.0416,295.4592,0.9347145397310515
228,D. tilleyi,tilleyi,41.7456,266.7456,1.1677819969437653
228,D. valtos,valtos,50.652,312.1704,1.600113783007335
228,D. welteri,welteri,49.2264,305.5968,1.0419601430317849
228,D. wrighti,wrighti,42.0912,247.7232,1.082854761002445
229,D. aeneus,aeneus,36.8352,208.1808,0.5846744523227384
229,D. amphileucus,amphileucus,44.5608,320.0832,0.9187934792176039
229,D. anicetus,anicetus,40.86,242.5032,0.8939897512224939
229,D. apalachicolae,apalachicolae,44.4384,299.5488,0.8899225507334964
229,D. auriculatus,auriculatus,49.3632,316.8936,1.0090565599022006
229,D. bairdi,bairdi,44.6256,306.972,1.0818348435207823
229,D. brimleyorum,brimleyorum,46.1808,329.4,1.0102904841075795
229,D. campi,campi,38.0664,256.4208,0.8760287432762837
229,D. folkertsi,folkertsi,44.8704,268.4088,0.981401478606357
229,D. fuscus,fuscus,46.3968,272.556,1.0
229,D. gvnigeusgwotli,gvnigeusgwotli,46.8648,272.3544,0.8892211949877751
229,D. intermedius,intermedius,49.428,326.16,1.0286075825183374
229,D. kanawha,kanawha,41.8464,288.8496,1.0081583985330074
229,D. marmoratus,marmoratus,47.5488,276.0768,1.0055562231051345
229,D. mavrokoilius,mavrokoilius,41.328,269.0208,0.9254764333740831
229,D. monticola,monticola,40.5216,260.3808,1.0292105330073351
229,D. ochrophaeus,ochrophaeus,52.6608,275.6016,0.7648767970660146
229,D. ocoee,ocoee,43.2864,292.5216,0.9542496344743276
229,D. orestes,orestes,47.5344,257.9472,0.8139693753056235
229,D. perlapsus,perlapsus,43.5024,300.96,0.7689260415647922
229,D. tilleyi,tilleyi,41.7168,266.4288,0.9512851326405869
229,D. valtos,valtos,49.5288,313.7904,1.3449625929095355
229,D. welteri,welteri,48.708,302.3712,0.8626124315403423
229,D. wrighti,wrighti,38.6784,226.5408,0.8007568227383863
230,D. aeneus,aeneus,37.656,208.9872,0.5720686240831296
230,D. amphileucus,amphileucus,44.4528,320.3928,1.044287836797066
230,D. anicetus,anicetus,41.4216,246.9528,0.9876628581907091
230,D. apalachicolae,apalachicolae,44.6688,297.8928,0.9706626613691931
230,D. auriculatus,auriculatus,49.5144,316.9008,1.013861240831296
230,D. bairdi,bairdi,44.5176,304.3584,1.1823091803178485
230,D. brimleyorum,brimleyorum,45.0144,330.8544,1.1525133551344744
230,D. campi,campi,35.8776,259.3296,0.9379303679706602
230,D. folkertsi,folkertsi,45.1224,268.8408,1.0280180641809291
230,D. fuscus,fuscus,47.808,272.1888,1.0
230,D. gvnigeusgwotli,gvnigeusgwotli,45.216,272.52,1.004708174205379
230,D. intermedius,intermedius,50.1696,328.8168,1.0931545898533008
230,D. kanawha,kanawha,41.7024,286.2288,1.118003793398533
230,D. marmoratus,marmoratus,47.5488,276.8328,1.0859152622249388
230,D. mavrokoilius,mavrokoilius,41.8392,268.956,0.8677317041564792
230,D. monticola,monticola,39.7512,260.3808,1.0522689015892421
230,D. ochrophaeus,ochrophaeus,51.0768,269.352,0.8081280244498779
230,D. ocoee,ocoee,44.2656,292.4496,1.0627921558679707
230,D. orestes,orestes,45.9216,255.06,0.9747845556234719
230,D. perlapsus,perlapsus,44.5536,294.0768,0.880646555012225
230,D. tilleyi,tilleyi,42.5952,264.8304,1.0242868025672371
230,D. valtos,valtos,49.5288,317.3184,1.4105365898533007
230,D. welteri,welteri,48.924,307.1232,0.9417920635696821
230,D. wrighti,wrighti,40.3848,226.5408,0.9060837781173595
231,D. aeneus,aeneus,38.9088,209.4768,0.5955373911980439
231,D. amphileucus,amphileucus,43.5528,319.176,1.1570967487775061
231,D. anicetus,anicetus,40.86,244.1376,1.0161383465770173
231,D. apalachicolae,apalachicolae,45.504,294.3072,1.099027556845966
231,D. auriculatus,auriculatus,47.8152,312.6816,1.1637451216381418
231,D. bairdi,bairdi,43.8696,305.8128,1.2556821356968215
231,D. brimleyorum,brimleyorum,45.1656,330.4008,1.0987885391198045
231,D. campi,campi,35.8128,256.4208,0.9686228129584353
231,D. folkertsi,folkertsi,45.9936,270.072,1.109555282396088
231,D. fuscus,fuscus,47.2464,271.6272,1.0
231,D. gvnigeusgwotli,gvnigeusgwotli,44.64,271.8576,0.9813349266503667
231,D. intermedius,intermedius,49.428,325.2384,1.1851749394865525
231,D. kanawha,kanawha,40.68,288.6624,1.2473264492665037
231,D. marmoratus,marmoratus,47.952,274.2048,1.1721223331295845
231,D. mavrokoilius,mavrokoilius,44.0568,269.0208,1.022147642420538
231,D. monticola,monticola,39.6432,265.5648,1.0951816522004891
231,D. ochrophaeus,ochrophaeus,51.264,267.8832,0.853354163202934
231,D. ocoee,ocoee,42.9336,295.8912,1.0999648001222495
231,D. orestes,orestes,46.5624,255.3336,0.8662722817848411
231,D. perlapsus,perlapsus,44.7696,289.4688,0.945918261002445
231,D. tilleyi,tilleyi,42.9624,264.8304,1.088597752444988
231,D. valtos,valtos,49.968,318.4992,1.5381646167481664
231,D. welteri,welteri,48.7008,301.824,0.9964030904645478
231,D. wrighti,wrighti,44.892,247.6224,0.9966790433985331
232,D. aeneus,aeneus,37.6632,207.6912,0.5669867683374084
232,D. amphileucus,amphileucus,44.676,320.8752,0.9703824284841076
232,D. anicetus,anicetus,40.86,244.2528,0.863584033007335
232,D. apalachicolae,apalachicolae,43.9848,294.1992,0.9357555171149144
232,D. auriculatus,auriculatus,49.3632,314.6472,1.1229474682151588
232,D. bairdi,bairdi,44.0064,307.6488,1.0819128924205381
232,D. brimleyorum,brimleyorum,45.2664,329.6952,0.9647779584352079
232,D. campi,campi,36.6624,256.8384,0.8407382817848411
232,D. folkertsi,folkertsi,43.8048,267.408,0.9537303270171149
232,D. fuscus,fuscus,47.6424,273.2328,1.0
232,D. gvnigeusgwotli,gvnigeusgwotli,46.3392,272.5344,0.8776985556234719
232,D. intermedius,intermedius,48.9384,323.7408,1.0100773276283619
232,D. kanawha,kanawha,42.6672,287.1936,0.8673075213936431
232,D. marmoratus,marmoratus,47.5488,274.0752,1.0091787029339854
232,D. mavrokoilius,mavrokoilius,42.9984,269.604,0.8826917145476774
232,D. monticola,monticola,39.7872,259.488,0.9420531283618583
232,D. ochrophaeus,ochrophaeus,52.3152,275.6016,0.7635274761613693
232,D. ocoee,ocoee,44.0352,295.6752,1.00541594804401
232,D. orestes,orestes,46.8288,256.6368,0.9075245097799511
232,D. perlapsus,perlapsus,41.8896,293.5512,0.7872005959657702
232,D. tilleyi,tilleyi,42.9912,264.8304,0.9117602995110025
232,D. valtos,valtos,49.9536,309.3768,1.3053817750611247
232,D. welteri,welteri,48.6648,305.9424,0.8522668716381419
232,D. wrighti,wrighti,41.2632,226.5408,0.8321517866748166
233,D. aeneus,aeneus,37.6632,207.144,0.5845659260391198
233,D. amphileucus,amphileucus,45.2016,319.5216,0.9826591613691933
233,D. anicetus,anicetus,41.7312,245.16,0.8585314327628363
233,D. apalachicolae,apalachicolae,46.0008,301.0608,0.8228556625916871
233,D. auriculatus,auriculatus,48.2688,315.1008,1.0589725482885086
233,D. bairdi,bairdi,44.9424,307.6992,1.0609210709046455
233,D. brimleyorum,brimleyorum,45.7776,330.6384,0.9299979743276283
233,D. campi,campi,36.3384,256.8384,0.8181353141809291
233,D. folkertsi,folkertsi,45.9648,268.7328,0.9090112053789732
233,D. fuscus,fuscus,47.7072,272.6784,1.0
233,D. gvnigeusgwotli,gvnigeusgwotli,47.232,272.4336,0.8477570715158924
233,D. intermedius,intermedius,50.0976,327.3768,1.0692433783618582
233,D. kanawha,kanawha,41.7024,291.7008,0.9645527701711492
233,D. marmoratus,marmoratus,48.1392,277.0056,1.0137399523227386
233,D. mavrokoilius,mavrokoilius,40.752,270.468,0.8717783673594132
233,D. monticola,monticola,39.8592,260.1288,0.9412541949877752
233,D. ochrophaeus,ochrophaeus,52.6176,272.7216,0.7602177267726161
233,D. ocoee,ocoee,42.7176,292.3416,0.9034570158924206
233,D. orestes,orestes,47.4192,254.5632,0.7839188814180928
233,D. perlapsus,perlapsus,43.38,290.628,0.792915466992665
233,D. tilleyi,tilleyi,41.6016,267.6096,0.9007427316625917
233,D. valtos,valtos,48.9024,314.5968,1.227230165036675
233,D. welteri,welteri,48.8664,303.4368,0.7698366234718826
233,D. wrighti,wrighti,42.9696,237.0312,0.8167228575794622
234,D. aeneus,aeneus,37.656,207.756,0.635584012224939
234,D. amphileucus,amphileucus,45.684,318.7008,1.057566454156479
234,D. anicetus,anicetus,40.3488,242.3232,1.0135566589242055
234,D. apalachicolae,apalachicolae,45.2016,300.0528,1.016959422371638
234,D. auriculatus,auriculatus,48.1176,315.9144,1.1022712646699266
234,D. bairdi,bairdi,44.9424,306.2736,1.2268160158924206
234,D. brimleyorum,brimleyorum,44.028,327.7152,1.1925296687041564
234,D. campi,campi,36.7488,248.976,0.962040619804401
234,D. folkertsi,folkertsi,45.2664,268.3368,1.12859629400978
234,D. fuscus,fuscus,45.4392,273.528,1.0
234,D. gvnigeusgwotli,gvnigeusgwotli,46.692,273.24,1.0152051069682153
234,D. intermedius,intermedius,48.9384,327.024,1.20492136002445
234,D. kanawha,kanawha,41.0472,288.6912,1.2013644070904645
234,D. marmoratus,marmoratus,48.1032,274.2192,1.1415245055012224
234,D. mavrokoilius,mavrokoilius,43.1712,271.44,1.071511020171149
234,D. monticola,monticola,40.5216,258.8328,1.0587818453545232
234,D. ochrophaeus,ochrophaeus,51.264,270.6192,0.8926658276283619
234,D. ocoee,ocoee,44.1072,293.112,1.1116821033007334
234,D. orestes,orestes,46.0512,255.204,1.0684300880195599
234,D. perlapsus,perlapsus,43.5024,292.3848,0.9901037341075796
234,D. tilleyi,tilleyi,41.5368,265.8888,1.0976339957212713
234,D. valtos,valtos,49.536,313.2504,1.4770713202933987
234,D. welteri,welteri,48.4272,304.5456,0.9979192793398532
234,D. wrighti,wrighti,42.9696,215.1072,0.9913828924205379
235,D. aeneus,aeneus,36.0864,207.936,0.5312605024449878
235,D. amphileucus,amphileucus,44.5608,319.4928,0.8884139388753056
235,D. anicetus,anicetus,40.5648,246.6936,0.8720722469437653
235,D. apalachicolae,apalachicolae,44.2152,297.504,0.8338073037897311
235,D. auriculatus,auriculatus,47.9592,315.1368,1.0004658422982886
235,D. bairdi,bairdi,44.964,307.6992,1.0603922432762836
235,D. brimleyorum,brimleyorum,44.496,330.8688,0.9566989669926651
235,D. campi,campi,36.7488,255.9456,0.850444696821516
235,D. folkertsi,folkertsi,45.0144,269.136,0.959955075794621
235,D. fuscus,fuscus,46.2888,274.0032,1.0
235,D. gvnigeusgwotli,gvnigeusgwotli,46.8936,271.368,0.861493369193154
235,D. intermedius,intermedius,49.0032,327.0312,1.0263409987775063
235,D. kanawha,kanawha,41.7528,288.6192,1.1361639413202933
235,D. marmoratus,marmoratus,49.32,274.2048,0.9968987011002445
235,D. mavrokoilius,mavrokoilius,42.876,269.064,0.8366694205378974
235,D. monticola,monticola,39.6216,259.5312,0.9463625605134475
235,D. ochrophaeus,ochrophaeus,51.6312,267.7104,0.7735846295843521
235,D. ocoee,ocoee,44.2512,294.4368,0.932885001222494
235,D. orestes,orestes,45.036,254.8512,0.8951576289731051
235,D. perlapsus,perlapsus,44.6544,290.628,0.7931274119804401
235,D. tilleyi,tilleyi,41.8752,264.4272,0.9529192573349633
235,D. valtos,valtos,49.5288,312.7824,1.2971078355745722
235,D. welteri,welteri,48.168,304.5456,0.8338535617359414
235,D. wrighti,wrighti,42.9696,249.3072,0.8165603520782396
236,D. aeneus,aeneus,38.0448,209.9232,0.6688437793398534
236,D. amphileucus,amphileucus,44.4312,318.4344,1.1023016589242054
236,D. anicetus,anicetus,41.1552,243.396,0.9703188826405869
236,D. apalachicolae,apalachicolae,46.3968,295.308,0.9878081375305623
236,D. auriculatus,auriculatus,48.8016,316.8864,1.08853897799511
236,D. bairdi,bairdi,43.4448,305.208,1.1930170672371638
236,D. brimleyorum,brimleyorum,45.1656,328.8168,1.1164174284841077
236,D. campi,campi,35.8344,256.8384,0.9063163539119805
236,D. folkertsi,folkertsi,43.6104,265.7952,1.05300175
236,D. fuscus,fuscus,46.2888,273.5208,1.0
236,D. gvnigeusgwotli,gvnigeusgwotli,46.7712,272.4336,0.9021847072127139
236,D. intermedius,intermedius,49.5792,326.16,1.0972920690709047
236,D. kanawha,kanawha,41.7024,288.6768,0.9627942885085575
236,D. marmoratus,marmoratus,49.4208,274.0176,1.131176522616137
236,D. mavrokoilius,mavrokoilius,41.8392,268.0488,0.9653968355745722
236,D. monticola,monticola,39.5496,257.9904,1.0470161717603912
236,D. ochrophaeus,ochrophaeus,50.4,272.304,0.8310260391198044
236,D. ocoee,ocoee,42.6096,293.2488,1.064946292176039
236,D. orestes,orestes,45.5976,255.2184,0.8050559028117359
236,D. perlapsus,perlapsus,41.544,294.1344,0.8768011797066015
236,D. tilleyi,tilleyi,41.976,263.3688,1.014528981051345
236,D. valtos,valtos,49.5648,317.304,1.3970821589242053
236,D. welteri,welteri,48.6792,309.9456,0.9387986766503668
236,D. wrighti,wrighti,40.4784,215.1072,0.9140828838630807
237,D. aeneus,aeneus,37.656,210.9456,0.5500372646699268
237,D. amphileucus,amphileucus,44.676,318.7008,1.0027724987775062
237,D. anicetus,anicetus,42.3432,242.2728,0.9194135788508557
237,D. apalachicolae,apalachicolae,46.368,300.8016,0.9812837133251834
237,D. auriculatus,auriculatus,48.6792,316.9008,1.0626217047677262
237,D. bairdi,bairdi,45.2016,306.2736,1.167575250611247
237,D. brimleyorum,brimleyorum,45.216,330.3216,1.1314393398533007
237,D. campi,campi,37.8504,258.1632,0.9187224064792175
237,D. folkertsi,folkertsi,43.8048,269.208,1.0426774547677262
237,D. fuscus,fuscus,47.3112,272.1888,1.0
237,D. gvnigeusgwotli,gvnigeusgwotli,46.5552,272.4336,0.9426506680929095
237,D. intermedius,intermedius,49.2768,325.1952,1.0590589284841077
237,D. kanawha,kanawha,41.3712,287.1936,0.9345486699266504
237,D. marmoratus,marmoratus,48.2904,276.0336,1.0706273300733498
237,D. mavrokoilius,mavrokoilius,40.752,271.8288,1.01424363202934
237,D. monticola,monticola,39.5928,259.5024,0.9329842506112469
237,D. ochrophaeus,ochrophaeus,54.2952,276.9696,0.7954005537897311
237,D. ocoee,ocoee,44.0352,292.5936,0.9657354700488998
237,D. orestes,orestes,47.1312,255.2184,0.850415479217604
237,D. perlapsus,perlapsus,41.8896,293.0256,0.8594896448655257
237,D. tilleyi,tilleyi,41.544,262.8144,1.0186836063569682
237,D. valtos,valtos,49.1544,317.304,1.3770573911980442
237,D. welteri,welteri,49.6872,309.5424,0.9113889957212714
237,D. wrighti,wrighti,42.0912,249.2064,0.9205309737163815
238,D. aeneus,aeneus,37.6272,212.328,0.5511674364303178
238,D. amphileucus,amphileucus,44.4096,316.9152,0.9611651577017115
238,D. anicetus,anicetus,42.552,242.3376,0.865961533007335
238,D. apalachicolae,apalachicolae,46.0008,300.8376,0.945134522616137
238,D. auriculatus,auriculatus,50.4576,313.1136,1.0388490085574573
238,D. bairdi,bairdi,43.8768,305.9064,1.089396750611247
238,D. brimleyorum,brimleyorum,43.9488,330.8832,1.0398038331295845
238,D. campi,campi,38.1888,256.6296,0.8314749737163815
238,D. folkertsi,folkertsi,45.576,268.8048,0.9598411711491444
238,D. fuscus,fuscus,46.3968,272.808,1.0
238,D. gvnigeusgwotli,gvnigeusgwotli,46.296,271.5264,0.8889994602689487
238,D. intermedius,intermedius,48.8304,325.2456,1.0604528337408312
238,D. kanawha,kanawha,41.7456,288.0648,0.9364301656479218
238,D. marmoratus,marmoratus,46.9512,274.9032,0.996985880806846
238,D. mavrokoilius,mavrokoilius,43.3872,270.72,0.8911922084352079
238,D. monticola,monticola,39.7512,262.2096,0.9542956210268948
238,D. ochrophaeus,ochrophaeus,51.9552,267.696,0.7484406882640586
238,D. ocoee,ocoee,44.2512,294.6384,0.9212554388753056
238,D. orestes,orestes,46.2888,255.7224,0.733676566625917
238,D. perlapsus,perlapsus,43.5024,294.2352,0.9129553636919316
238,D. tilleyi,tilleyi,41.6952,263.2464,0.940307804400978
238,D. valtos,valtos,51.1776,317.3328,1.314411422371638
238,D. welteri,welteri,48.7872,306.7776,0.7847927982885086
238,D. wrighti,wrighti,41.2848,237.0312,0.8587948679706602
239,D. aeneus,aeneus,35.8992,208.5408,0.5480442744498778
239,D. amphileucus,amphileucus,44.0928,318.5424,0.996267847188264
239,D. anicetus,anicetus,41.8824,242.5896,0.8774806381418093
239,D. apalachicolae,apalachicolae,46.8288,300.4632,0.977882065403423
239,D. auriculatus,auriculatus,48.9024,318.6504,1.0558769266503667
239,D. bairdi,bairdi,44.208,306.2736,1.1089616136919316
239,D. brimleyorum,brimleyorum,45.6984,326.1672,0.9262500256723717
239,D. campi,campi,37.3968,256.8384,0.8217434407090465
239,D. folkertsi,folkertsi,47.2392,267.6744,0.974303305012225
239,D. fuscus,fuscus,47.6424,274.0032,1.0
239,D. gvnigeusgwotli,gvnigeusgwotli,46.6704,271.62,0.9065042090464548
239,D. intermedius,intermedius,47.196,326.9376,1.0498144627139365
239,D. kanawha,kanawha,40.4928,290.664,1.0959077646699267
239,D. marmoratus,marmoratus,48.2544,276.3216,0.9950772139364303
239,D. mavrokoilius,mavrokoilius,42.876,271.44,0.9227910513447434
239,D. monticola,monticola,39.7512,260.4096,0.9964660544009781
239,D. ochrophaeus,ochrophaeus,52.2792,268.7112,0.7974712267726162
239,D. ocoee,ocoee,42.1632,292.3416,0.9139880342298289
239,D. orestes,orestes,47.1744,255.3264,0.7570733117359413
239,D. perlapsus,perlapsus,44.1432,294.1776,0.8744871668704156
239,D. tilleyi,tilleyi,42.5664,263.9232,0.9786860776283619
239,D. valtos,valtos,48.9888,314.7552,1.337694206601467
239,D. welteri,welteri,48.8952,302.5872,0.8044864724938876
239,D. wrighti,wrighti,41.2848,203.6736,0.8409512053789732
240,D. aeneus,aeneus,37.584,209.4336,0.5822926699266504
240,D. amphileucus,amphileucus,44.5608,317.0016,1.1172422481662592
240,D. anicetus,anicetus,42.2712,242.6544,0.9746698801955991
240,D. apalachicolae,apalachicolae,46.368,296.712,0.9913748178484107
240,D. auriculatus,auriculatus,49.5144,312.5592,1.1196184339853301
240,D. bairdi,bairdi,44.6256,309.9312,1.1999314810513448
240,D. brimleyorum,brimleyorum,45.2448,329.9472,0.9908825788508557
240,D. campi,campi,36.7488,258.8832,0.9387137793398533
240,D. folkertsi,folkertsi,44.136,270.0864,1.0889268997555013
240,D. fuscus,fuscus,45.3096,273.0168,1.0
240,D. gvnigeusgwotli,gvnigeusgwotli,45.216,272.9232,1.0226643808068459
240,D. intermedius,intermedius,49.428,326.5128,1.1834076081907092
240,D. kanawha,kanawha,42.7176,289.2384,1.2001939217603912
240,D. marmoratus,marmoratus,47.0592,276.1416,1.1300605030562347
240,D. mavrokoilius,mavrokoilius,40.2048,269.8272,0.9809408007334964
240,D. monticola,monticola,39.5352,258.7392,1.0728715941320295
240,D. ochrophaeus,ochrophaeus,52.9632,277.7904,0.8760241112469438
240,D. ocoee,ocoee,43.5096,291.816,0.9688920122249388
240,D. orestes,orestes,47.0736,255.3408,0.9900271112469438
240,D. perlapsus,perlapsus,41.5296,289.188,0.9250721986552567
240,D. tilleyi,tilleyi,41.8752,266.4288,1.0593964981662594
240,D. valtos,valtos,49.8096,316.1088,1.5026550629584352
240,D. welteri,welteri,48.6,303.0624,0.8997436002444988
240,D. wrighti,wrighti,46.2456,237.132,0.9311309223716382
241,D. aeneus,aeneus,38.3976,208.5408,0.5832776723716381
241,D. amphileucus,amphileucus,44.4312,318.7008,1.1119116277506111
241,D. anicetus,anicetus,41.6952,243.6192,0.9794752255501223
241,D. apalachicolae,apalachicolae,44.9928,300.6144,1.1295939449877752
241,D. auriculatus,auriculatus,47.6208,312.7104,1.2275739407090465
241,D. bairdi,bairdi,44.208,305.0352,1.2079797695599022
241,D. brimleyorum,brimleyorum,44.028,330.6384,1.0240684663814181
241,D. campi,campi,36.0144,257.4504,0.9583356888753056
241,D. folkertsi,folkertsi,46.4112,268.7328,1.1102097524449879
241,D. fuscus,fuscus,46.4112,272.1888,1.0
241,D. gvnigeusgwotli,gvnigeusgwotli,44.3736,273.3408,0.9996178850855746
241,D. intermedius,intermedius,50.0688,325.8648,1.1294528215158925
241,D. kanawha,kanawha,41.868,286.1352,1.0001512689486554
241,D. marmoratus,marmoratus,47.6064,274.608,1.1914419963325185
241,D. mavrokoilius,mavrokoilius,43.1928,268.8048,1.052096631418093
241,D. monticola,monticola,39.8232,263.3976,1.086222643031785
241,D. ochrophaeus,ochrophaeus,51.2208,268.7112,0.8860932726161369
241,D. ocoee,ocoee,44.28,296.3232,1.1078961448655256
241,D. orestes,orestes,45.5328,255.4848,1.0197474688264059
241,D. perlapsus,perlapsus,43.5024,290.2104,0.9087842793398534
241,D. tilleyi,tilleyi,42.9552,267.4224,1.0479617414425428
241,D. valtos,valtos,49.9536,306.3312,1.4876536522004888
241,D. welteri,welteri,48.6864,307.1232,1.0071449309290954
241,D. wrighti,wrighti,45.3672,203.6736,0.9929064737163815
242,D. aeneus,aeneus,37.8504,207.756,0.6115860702933985
242,D. amphileucus,amphileucus,44.9208,319.1256,1.1324922432762838
242,D. anicetus,anicetus,41.76,246.0672,1.0312773300733498
242,D. apalachicolae,apalachicolae,44.2512,297.1152,1.0111472090464548
242,D. auriculatus,auriculatus,49.0824,316.7712,1.2102159480440098
242,D. bairdi,bairdi,43.5528,306.0,1.2992945947432764
242,D. brimleyorum,brimleyorum,44.4456,327.7152,1.209806521393643
242,D. campi,campi,36.7488,258.1632,0.9766712035452323
242,D. folkertsi,folkertsi,44.6184,267.9408,1.1818905140586797
242,D. fuscus,fuscus,46.5192,274.356,1.0
242,D. gvnigeusgwotli,gvnigeusgwotli,47.016,272.5344,1.0773586418092909
242,D. intermedius,intermedius,48.0456,326.5776,1.1783874504889975
242,D. kanawha,kanawha,41.4,291.8592,1.0512339205378973
242,D. marmoratus,marmoratus,48.3552,274.2192,1.2177332958435207
242,D. mavrokoilius,mavrokoilius,43.992,272.952,1.1571935238386308
242,D. monticola,monticola,39.7872,260.4096,1.098643470660147
242,D. ochrophaeus,ochrophaeus,52.6176,267.696,0.9332758740831296
242,D. ocoee,ocoee,43.8768,291.5928,1.1169017151589242
242,D. orestes,orestes,45.9936,256.3632,1.0184486234718826
242,D. perlapsus,perlapsus,41.7168,293.6088,0.9717118031784842
242,D. tilleyi,tilleyi,41.8104,264.1824,1.1093858966992665
242,D. valtos,valtos,50.2488,315.7416,1.5509335055012223
242,D. welteri,welteri,48.8736,303.0624,1.0878086809290954
242,D. wrighti,wrighti,45.936,247.5216,0.9962113355745721
243,D. aeneus,aeneus,38.8296,206.5968,0.5240000421760391
243,D. amphileucus,amphileucus,44.4312,318.8592,0.9597335238386309
243,D. anicetus,anicetus,40.4352,243.8784,0.8758911161369193
243,D. apalachicolae,apalachicolae,44.352,302.7744,0.9389754847188264
243,D. auriculatus,auriculatus,49.9536,316.9152,1.1172337072127139
243,D. bairdi,bairdi,44.9856,306.0,1.1123055097799512
243,D. brimleyorum,brimleyorum,46.548,329.6952,1.060467162591687
243,D. campi,campi,37.5048,257.904,0.8800421650366749
243,D. folkertsi,folkertsi,43.8192,268.0704,0.9675488325183375
243,D. fuscus,fuscus,45.2664,273.3552,1.0
243,D. gvnigeusgwotli,gvnigeusgwotli,43.6464,271.8576,0.8980282267726162
243,D. intermedius,intermedius,48.8304,325.1952,1.079640077628362
243,D. kanawha,kanawha,40.9824,285.3936,1.0473455348410758
243,D. marmoratus,marmoratus,48.4992,274.5,1.0325537799511002
243,D. mavrokoilius,mavrokoilius,41.8392,268.7544,1.0149307096577018
243,D. monticola,monticola,39.1392,259.5528,1.0472313643031785
243,D. ochrophaeus,ochrophaeus,52.6176,274.7952,0.8040077695599022
243,D. ocoee,ocoee,43.6248,293.112,0.9189181039119805
243,D. orestes,orestes,46.0224,255.3264,0.707069032396088
243,D. perlapsus,perlapsus,42.3,291.8592,0.8362937872860635
243,D. tilleyi,tilleyi,41.652,264.7512,0.9431789633251835
243,D. valtos,valtos,49.7952,315.5472,1.2895649303178485
243,D. welteri,welteri,48.168,307.4688,0.8611427347188264
243,D. wrighti,wrighti,38.6784,226.5408,0.8356749370415648
244,D. aeneus,aeneus,37.584,207.756,0.5041459034229828
244,D. amphileucus,amphileucus,44.6688,319.5216,0.9534864926650367
244,D. anicetus,anicetus,41.7024,244.1376,0.827289369804401
244,D. apalachicolae,apalachicolae,46.1088,301.2336,0.8015557946210269
244,D. auriculatus,auriculatus,49.3488,316.7712,1.0650253227383863
244,D. bairdi,bairdi,43.8768,304.6104,1.031050597799511
244,D. brimleyorum,brimleyorum,44.028,329.6952,1.0173225892420539
244,D. campi,campi,37.5048,245.7216,0.7681245935207824
244,D. folkertsi,folkertsi,45.5472,269.0424,0.9125513025672372
244,D. fuscus,fuscus,47.4768,274.5792,1.0
244,D. gvnigeusgwotli,gvnigeusgwotli,46.1952,272.3544,0.8387762047677262
244,D. intermedius,intermedius,49.14,325.2456,0.9940917964547676
244,D. kanawha,kanawha,40.32,286.8768,0.9304070910757947
244,D. marmoratus,marmoratus,49.6944,275.5296,0.924097500611247
244,D. mavrokoilius,mavrokoilius,42.0408,268.9128,0.8308228154034231
244,D. monticola,monticola,39.7152,260.1288,0.9712274370415649
244,D. ochrophaeus,ochrophaeus,52.1352,271.7496,0.7064244462102689
244,D. ocoee,ocoee,44.2512,294.7176,0.9164784052567237
244,D. orestes,orestes,48.0384,256.7808,0.7871908044009781
244,D. perlapsus,perlapsus,44.2008,297.4176,0.7052316540342299
244,D. tilleyi,tilleyi,43.2936,265.6512,0.8850526167481664
244,D. valtos,valtos,50.7816,312.7104,1.1841474731051345
244,D. welteri,welteri,48.6792,304.1136,0.7983165262836186
244,D. wrighti,wrighti,42.9696,237.0312,0.770195391198044
245,D. aeneus,aeneus,37.656,207.8208,0.5912040825183374
245,D. amphileucus,amphileucus,44.2512,319.5504,0.9870905207823961
245,D. anicetus,anicetus,41.436,242.5896,0.9114682891198044
245,D. apalachicolae,apalachicolae,45.504,301.0608,0.9190699162591687
245,D. auriculatus,auriculatus,48.5712,312.6816,1.060472717603912
245,D. bairdi,bairdi,44.4528,306.972,1.1384728001222495
245,D. brimleyorum,brimleyorum,45.6768,330.8544,1.0796489871638142
245,D. campi,campi,38.2032,258.3072,0.8702824724938876
245,D. folkertsi,folkertsi,47.4336,268.8048,1.0359025849633252
245,D. fuscus,fuscus,46.2888,272.9376,1.0
245,D. gvnigeusgwotli,gvnigeusgwotli,46.7136,272.3544,0.9171280941320293
245,D. intermedius,intermedius,48.8304,325.7424,1.065877368581907
245,D. kanawha,kanawha,41.4216,284.616,0.9925240305623473
245,D. marmoratus,marmoratus,46.6416,274.0608,1.0924343649144255
245,D. mavrokoilius,mavrokoilius,42.9984,269.352,0.8252051216381419
245,D. monticola,monticola,39.6432,260.1288,1.1002057640586795
245,D. ochrophaeus,ochrophaeus,52.4592,277.0272,0.8138211393643031
245,D. ocoee,ocoee,42.5376,292.8528,0.9200792732273839
245,D. orestes,orestes,45.7632,255.3408,0.7981552597799512
245,D. perlapsus,perlapsus,41.7816,295.416,0.8458343728606357
245,D. tilleyi,tilleyi,41.8104,264.4776,0.9620522988997555
245,D. valtos,valtos,49.5792,313.74,1.3390054058679708
245,D. welteri,welteri,48.6792,308.7072,0.9494241479217604
245,D. wrighti,wrighti,40.4784,197.6976,0.9118780617359413
246,D. aeneus,aeneus,40.4424,207.8208,0.5456713679706602
246,D. amphileucus,amphileucus,44.5608,319.176,0.9918414303178485
246,D. anicetus,anicetus,41.7024,243.2232,0.920129707212714
246,D. apalachicolae,apalachicolae,44.6688,295.308,0.96874308801956
246,D. auriculatus,auriculatus,49.0032,316.656,1.1131117444987777
246,D. bairdi,bairdi,44.0064,307.008,1.1110482652811735
246,D. brimleyorum,brimleyorum,46.2672,330.8544,1.0354970152811735
246,D. campi,campi,38.0808,258.1632,0.8883828166259169
246,D. folkertsi,folkertsi,44.3016,269.0064,1.0182822518337409
246,D. fuscus,fuscus,47.9448,273.4416,1.0
246,D. gvnigeusgwotli,gvnigeusgwotli,47.1384,273.4416,0.9193697157701712
246,D. intermedius,intermedius,49.8024,328.7088,1.0879692090464548
246,D. kanawha,kanawha,40.9464,288.036,0.9715142671149144
246,D. marmoratus,marmoratus,46.6416,276.2064,1.098266304400978
246,D. mavrokoilius,mavrokoilius,42.552,269.8344,0.9365603404645477
246,D. monticola,monticola,39.8592,263.3976,1.0054511564792177
246,D. ochrophaeus,ochrophaeus,51.264,275.4576,0.8006822793398534
246,D. ocoee,ocoee,43.6248,296.0496,1.038217359413203
246,D. orestes,orestes,45.5328,256.1112,0.8686235244498778
246,D. perlapsus,perlapsus,44.028,289.4688,0.7805563563569682
246,D. tilleyi,tilleyi,41.7888,266.6304,0.9930978404645476
246,D. valtos,valtos,50.5152,314.1936,1.3605894602689486
246,D. welteri,welteri,48.8448,307.4688,0.9098631601466993
246,D. wrighti,wrighti,39.5784,226.5408,0.8907510152811736
247,D. aeneus,aeneus,37.6632,211.4784,0.7008094553789731
247,D. amphileucus,amphileucus,44.4528,318.6216,1.1576562713936431
247,D. anicetus,anicetus,42.1344,242.5032,1.0367292261613692
247,D. apalachicolae,apalachicolae,44.8992,300.0528,1.0476860562347188
247,D. auriculatus,auriculatus,48.9024,313.4448,1.2135990709046456
247,D. bairdi,bairdi,46.188,305.5248,1.2766932084352078
247,D. brimleyorum,brimleyorum,45.252,326.4984,1.210484793398533
247,D. campi,campi,35.6688,257.7096,1.0084432897310514
247,D. folkertsi,folkertsi,45.576,268.8768,1.1145262695599023
247,D. fuscus,fuscus,47.4768,273.528,1.0
247,D. gvnigeusgwotli,gvnigeusgwotli,47.0232,272.8368,1.0449554187041565
247,D. intermedius,intermedius,46.0944,325.2456,1.2845973979217604
247,D. kanawha,kanawha,41.7456,285.3936,1.2396938141809293
247,D. marmoratus,marmoratus,48.3552,274.1904,1.2693368526894866
247,D. mavrokoilius,mavrokoilius,42.7536,268.9128,1.0520776234718827
247,D. monticola,monticola,39.5928,260.4312,1.2546050947432763
247,D. ochrophaeus,ochrophaeus,51.264,278.7624,0.9043880030562348
247,D. ocoee,ocoee,44.2224,293.292,1.1094849248166259
247,D. orestes,orestes,45.9936,254.6784,0.93029136002445
247,D. perlapsus,perlapsus,43.5024,294.1344,1.0461291277506113
247,D. tilleyi,tilleyi,42.6816,264.4776,1.1328964755501223
247,D. valtos,valtos,50.5152,314.1432,1.5428032775061125
247,D. welteri,welteri,48.6864,302.2416,1.0986529871638142
247,D. wrighti,wrighti,44.892,237.0312,1.0603841497555013
248,D. aeneus,aeneus,38.7504,210.4128,0.5979408728606358
248,D. amphileucus,amphileucus,44.6688,318.5424,1.1727483007334962
248,D. anicetus,anicetus,41.8752,247.5792,1.0040985605134476
248,D. apalachicolae,apalachicolae,46.2384,300.2544,1.0101853086797066
248,D. auriculatus,auriculatus,49.3632,315.1728,1.1832146216381418
248,D. bairdi,bairdi,44.7192,304.6104,1.2692612108801957
248,D. brimleyorum,brimleyorum,46.2528,330.6168,1.1048117145476772
248,D. campi,campi,39.0816,257.7096,0.9812974266503667
248,D. folkertsi,folkertsi,44.7264,268.0704,1.1258317267726161
248,D. fuscus,fuscus,47.6928,273.6072,1.0
248,D. gvnigeusgwotli,gvnigeusgwotli,47.2392,272.3688,1.0247475935207824
248,D. intermedius,intermedius,49.428,326.592,1.115930922982885
248,D. kanawha,kanawha,40.9824,288.7704,1.1776129602689487
248,D. marmoratus,marmoratus,47.2032,273.7008,1.1741277035452322
248,D. mavrokoilius,mavrokoilius,42.0408,272.6208,1.0223895360635697
248,D. monticola,monticola,39.6072,259.5384,1.0983963025672372
248,D. ochrophaeus,ochrophaeus,52.3152,267.0192,0.8837836998777506
248,D. ocoee,ocoee,43.812,293.3856,1.084022033618582
248,D. orestes,orestes,47.4192,255.204,0.8404965788508557
248,D. perlapsus,perlapsus,43.0416,294.0768,0.8810752066014671
248,D. tilleyi,tilleyi,41.7456,264.4776,1.093763261002445
248,D. valtos,valtos,49.9824,316.9368,1.449761349633252
248,D. welteri,welteri,48.708,305.7264,1.0489241344743276
248,D. wrighti,wrighti,42.9696,247.6224,0.9957886790953545
249,D. aeneus,aeneus,37.6632,208.9872,0.6512882414425428
249,D. amphileucus,amphileucus,44.4312,318.3264,1.1556126986552568
249,D. anicetus,anicetus,41.6952,242.3376,1.0366923869193154
249,D. apalachicolae,apalachicolae,47.1024,300.9888,1.1208773068459659
249,D. auriculatus,auriculatus,50.2632,316.8936,1.2036670647921761
249,D. bairdi,bairdi,44.964,307.6488,1.2823334749388753
249,D. brimleyorum,brimleyorum,46.2528,331.3584,1.1172183753056235
249,D. campi,campi,37.3968,257.4504,0.9961800042787287
249,D. folkertsi,folkertsi,44.6184,268.1064,1.1558006931540343
249,D. fuscus,fuscus,47.808,272.556,1.0
249,D. gvnigeusgwotli,gvnigeusgwotli,44.2224,272.6352,1.0660736473105135
249,D. intermedius,intermedius,46.9728,321.48,1.2754384596577018
249,D. kanawha,kanawha,41.7528,279.1152,1.2531918282396088
249,D. marmoratus,marmoratus,47.2608,273.672,1.1684876711491443
249,D. mavrokoilius,mavrokoilius,41.328,269.6112,0.9498120959657702
249,D. monticola,monticola,39.8592,259.5168,1.131544598410758
249,D. ochrophaeus,ochrophaeus,52.3152,270.396,0.9049682726161369
249,D. ocoee,ocoee,42.0768,292.5936,1.1582724211491442
249,D. orestes,orestes,46.0224,255.3552,1.013949761002445
249,D. perlapsus,perlapsus,43.6824,289.728,0.9463377836185819
249,D. tilleyi,tilleyi,41.7168,264.1824,1.108938641198044
249,D. valtos,valtos,49.5792,319.6728,1.5393273814180928
249,D. welteri,welteri,48.2328,303.984,1.028028130195599
249,D. wrighti,wrighti,46.2456,203.6736,1.0293467970660146
250,D. aeneus,aeneus,38.6064,207.144,0.6503276613691932
250,D. amphileucus,amphileucus,44.5608,318.7008,1.112214685819071
250,D. anicetus,anicetus,41.7312,243.1368,1.033307608190709
250,D. apalachicolae,apalachicolae,46.5408,300.0528,1.0371795452322738
250,D. auriculatus,auriculatus,49.5648,317.1456,1.2739785281173595
250,D. bairdi,bairdi,44.208,306.2736,1.2296414174816626
250,D. brimleyorum,brimleyorum,45.0,329.7888,1.1284174547677264
250,D. campi,campi,36.7488,258.588,0.9724422487775062
250,D. folkertsi,folkertsi,43.7256,267.9408,1.1441768856968215
250,D. fuscus,fuscus,47.376,272.6784,1.0
250,D. gvnigeusgwotli,gvnigeusgwotli,47.0232,271.6848,1.0175031240831296
250,D. intermedius,intermedius,47.9232,325.7424,1.207684860635697
250,D. kanawha,kanawha,41.4216,288.756,1.130749726161369
250,D. marmoratus,marmoratus,47.6064,273.888,1.2538386711491443
250,D. mavrokoilius,mavrokoilius,43.416,268.1424,1.133046662591687
250,D. monticola,monticola,39.7512,260.604,1.140553803178484
250,D. ochrophaeus,ochrophaeus,51.264,273.7872,0.8709393465770171
250,D. ocoee,ocoee,43.0416,295.7832,1.1306538856968216
250,D. orestes,orestes,46.3176,255.7368,0.8832764064792176
250,D. perlapsus,perlapsus,44.5536,290.5632,0.9456516173594133
250,D. tilleyi,tilleyi,41.832,264.2328,1.1069832567237163
250,D. valtos,valtos,50.3712,312.2928,1.4978151778728606
250,D. welteri,welteri,48.6,303.552,0.9270661980440098
250,D. wrighti,wrighti,42.9696,225.6984,1.0107017463325185
