analysis_type,replicate_id,tree_id,evolutionary_model,generating_class,residual_regime,n_species,rank,model,k,q,C,p,CICc,delta_CICc,l,w,globally_supported,delta_competitive,admissible_competitive,stored_warning_count,runtime_warning_count,path_trait_definition
tree_species_set_sensitivity,focal_primary,focal_primary,lambda,,,24,1,cell_bridge,1,5,0.0495903365777902,0.975509706887934,13.382923669911122,0.0,1.0,0.9167423772846516,True,True,True,6,1,relative_nuclear_iod_index; not_absolute_genome_size
tree_species_set_sensitivity,focal_primary,focal_primary,lambda,,,24,2,cell_collider,1,5,6.362014562163391,0.0415437877671365,19.695347895496724,6.312424225585602,0.0425867497512343,0.0390410782077731,False,False,False,6,1,relative_nuclear_iod_index; not_absolute_genome_size
tree_species_set_sensitivity,focal_primary,focal_primary,lambda,,,24,3,iod_bridge,1,5,6.684441349618589,0.0353583510744721,20.01777468295192,6.634851013040798,0.0362460268973357,0.033228268864987,False,False,False,6,1,relative_nuclear_iod_index; not_absolute_genome_size
tree_species_set_sensitivity,focal_primary,focal_primary,lambda,,,24,4,iod_cell_only,2,4,13.04645591178198,0.0110510187513377,23.15171906967672,9.768795399765594,0.007563677994539,0.0069339441457293,False,False,False,6,1,relative_nuclear_iod_index; not_absolute_genome_size
tree_species_set_sensitivity,focal_primary,focal_primary,lambda,,,24,5,iod_collider,1,5,11.609787397292807,0.0030127749981267,24.94312073062614,11.56019706071502,0.0030884110909958,0.0028312773255918,False,False,False,6,1,relative_nuclear_iod_index; not_absolute_genome_size
tree_species_set_sensitivity,focal_primary,focal_primary,lambda,,,24,6,nucleus_bridge,1,5,13.82129905847608,0.0009971099340485567,27.15463239180941,13.771708721898293,0.0010221425035631,0.0009370413486401662,False,False,False,6,1,relative_nuclear_iod_index; not_absolute_genome_size
tree_species_set_sensitivity,focal_primary,focal_primary,lambda,,,24,7,nucleus_cell_only,2,4,20.18331362063947,0.00045945772465261214,30.288576778534207,16.905653108623085,0.0002132966678908454,0.0001955380943891484,False,False,False,6,1,relative_nuclear_iod_index; not_absolute_genome_size
tree_species_set_sensitivity,focal_primary,focal_primary,lambda,,,24,8,nucleus_collider,1,5,18.82813923342986,8.156831918071372e-05,32.161472566763194,18.778548896852072,8.361610202830846e-05,7.665442415270747e-05,False,False,False,6,1,relative_nuclear_iod_index; not_absolute_genome_size
tree_species_set_sensitivity,focal_primary,focal_primary,lambda,,,24,9,iod_nucleus_only,2,4,25.512580583048447,3.967480937305812e-05,35.61784374094319,22.234920071032064,1.4850752278467068e-05,1.3614313948227352e-05,False,False,False,6,1,relative_nuclear_iod_index; not_absolute_genome_size
tree_species_set_sensitivity,focal_primary,focal_primary,lambda,,,24,10,independent,3,3,36.79994119288606,1.926277524377795e-06,43.999941192886055,30.617017522974933,2.2469795440065477e-07,2.0599013688825446e-07,False,False,False,6,1,relative_nuclear_iod_index; not_absolute_genome_size
tree_species_set_sensitivity,focal_tree_18,focal_tree_18,lambda,,,18,1,cell_bridge,1,5,1.8464405180849703,0.3972377706574368,16.84644051808497,0.0,1.0,0.4335669718667488,True,True,True,6,1,relative_nuclear_iod_index; not_absolute_genome_size
tree_species_set_sensitivity,focal_tree_18,focal_tree_18,lambda,,,18,2,nucleus_bridge,1,5,2.438963158741247,0.2953832600128407,17.438963158741245,0.5925226406562736,0.743593086639208,0.3223974028752104,True,True,True,6,1,relative_nuclear_iod_index; not_absolute_genome_size
tree_species_set_sensitivity,focal_tree_18,focal_tree_18,lambda,,,18,3,nucleus_cell_only,2,4,8.453626359755987,0.0763054112764347,19.530549436679063,2.684108918594092,0.2613082695333754,0.1132946351453257,True,False,False,6,1,relative_nuclear_iod_index; not_absolute_genome_size
tree_species_set_sensitivity,focal_tree_18,focal_tree_18,lambda,,,18,4,cell_collider,1,5,6.01466320101474,0.0494233842943983,21.01466320101474,4.16822268292977,0.124417635847169,0.0539433776210769,False,False,False,6,1,relative_nuclear_iod_index; not_absolute_genome_size
tree_species_set_sensitivity,focal_tree_18,focal_tree_18,lambda,,,18,5,nucleus_collider,1,5,6.494008332468735,0.0388905430863125,21.49400833246873,4.647567814383763,0.0979024301288066,0.0424472601693426,False,False,False,6,1,relative_nuclear_iod_index; not_absolute_genome_size
tree_species_set_sensitivity,focal_tree_18,focal_tree_18,lambda,,,18,6,iod_bridge,1,5,8.072593728611249,0.0176627590518856,23.07259372861125,6.226153210526277,0.0444639466751949,0.0192780987172088,False,False,False,6,1,relative_nuclear_iod_index; not_absolute_genome_size
tree_species_set_sensitivity,focal_tree_18,focal_tree_18,lambda,,,18,7,iod_cell_only,2,4,14.087256929625989,0.0070217122401335,25.164180006549067,8.317739488464095,0.0156252084252592,0.0067745743017264,False,False,False,6,1,relative_nuclear_iod_index; not_absolute_genome_size
tree_species_set_sensitivity,focal_tree_18,focal_tree_18,lambda,,,18,8,iod_nucleus_only,2,4,14.566602061079983,0.0056899178622407,25.64352513800306,8.797084619918088,0.0122952495093306,0.0053308140981066,False,False,False,6,1,relative_nuclear_iod_index; not_absolute_genome_size
tree_species_set_sensitivity,focal_tree_18,focal_tree_18,lambda,,,18,9,iod_collider,1,5,11.957231858805482,0.0025323287896386,26.95723185880548,10.11079134072051,0.0063748439264664,0.0027639217773211,False,False,False,6,1,relative_nuclear_iod_index; not_absolute_genome_size
tree_species_set_sensitivity,focal_tree_18,focal_tree_18,lambda,,,18,10,independent,3,3,24.46590339228896,0.0004286009156736492,32.18018910657467,15.3337485884897,0.0004680786155334858,0.0002029434279324336,False,False,False,6,1,relative_nuclear_iod_index; not_absolute_genome_size
tree_species_set_sensitivity,published_main_18,published_main_18,lambda,,,18,1,cell_bridge,1,5,1.8464405313473136,0.3972377680232851,16.846440531347312,0.0,1.0,0.4335669634910326,True,True,True,6,1,relative_nuclear_iod_index; not_absolute_genome_size
tree_species_set_sensitivity,published_main_18,published_main_18,lambda,,,18,2,nucleus_bridge,1,5,2.438963150493858,0.2953832612309112,17.43896315049386,0.5925226191465462,0.7435930946364503,0.3223974001144258,True,True,True,6,1,relative_nuclear_iod_index; not_absolute_genome_size
tree_species_set_sensitivity,published_main_18,published_main_18,lambda,,,18,3,nucleus_cell_only,2,4,8.453626261533321,0.0763054143069267,19.5305493384564,2.684108807109084,0.261308284099353,0.1132946392720085,True,False,False,6,1,relative_nuclear_iod_index; not_absolute_genome_size
tree_species_set_sensitivity,published_main_18,published_main_18,lambda,,,18,4,cell_collider,1,5,6.014663111039464,0.0494233865178396,21.014663111039464,4.168222579692152,0.1244176422694594,0.053943379363483,False,False,False,6,1,relative_nuclear_iod_index; not_absolute_genome_size
tree_species_set_sensitivity,published_main_18,published_main_18,lambda,,,18,5,nucleus_collider,1,5,6.494008226568828,0.0388905451455651,21.494008226568827,4.647567695221515,0.0979024359619436,0.0424472618783951,False,False,False,6,1,relative_nuclear_iod_index; not_absolute_genome_size
tree_species_set_sensitivity,published_main_18,published_main_18,lambda,,,18,6,iod_bridge,1,5,8.072593539754445,0.0176627607197518,23.072593539754443,6.226153008407131,0.0444639511687026,0.0192781002930279,False,False,False,6,1,relative_nuclear_iod_index; not_absolute_genome_size
tree_species_set_sensitivity,published_main_18,published_main_18,lambda,,,18,7,iod_cell_only,2,4,14.087256650793908,0.0070217130973693,25.164179727716984,8.317739196369672,0.0156252107072775,0.0067745751602618,False,False,False,6,1,relative_nuclear_iod_index; not_absolute_genome_size
tree_species_set_sensitivity,published_main_18,published_main_18,lambda,,,18,8,iod_nucleus_only,2,4,14.566601766323274,0.0056899185995751,25.64352484324635,8.797084311899038,0.0122952514029163,0.0053308148161212,False,False,False,6,1,relative_nuclear_iod_index; not_absolute_genome_size
tree_species_set_sensitivity,published_main_18,published_main_18,lambda,,,18,9,iod_collider,1,5,11.95723157314724,0.0025323291513289,26.95723157314724,10.110791041799928,0.0063748448792525,0.0027639221370238,False,False,False,6,1,relative_nuclear_iod_index; not_absolute_genome_size
tree_species_set_sensitivity,published_main_18,published_main_18,lambda,,,18,10,independent,3,3,24.46590291075553,0.0004286010033587306,32.18018862504125,15.333748093693934,0.00046807873133515896,0.00020294347421971967,False,False,False,6,1,relative_nuclear_iod_index; not_absolute_genome_size
published_bootstrap_tree_sensitivity,published_bootstrap_001,published_bootstrap_001,lambda,,,18,1,cell_bridge,1,5,1.8464405393416257,0.3972377664354637,16.846440539341625,0.0,1.0,0.4335669621643625,True,True,True,6,1,relative_nuclear_iod_index; not_absolute_genome_size
published_bootstrap_tree_sensitivity,published_bootstrap_001,published_bootstrap_001,lambda,,,18,2,nucleus_bridge,1,5,2.4389631470196496,0.2953832617440226,17.43896314701965,0.5925226076780241,0.7435930989004073,0.3223974009766339,True,True,True,6,1,relative_nuclear_iod_index; not_absolute_genome_size
published_bootstrap_tree_sensitivity,published_bootstrap_001,published_bootstrap_001,lambda,,,18,3,nucleus_cell_only,2,4,8.453626262473671,0.0763054142779138,19.53054933939675,2.6841088000551245,0.261308285020982,0.1132946393249265,True,False,False,6,1,relative_nuclear_iod_index; not_absolute_genome_size
published_bootstrap_tree_sensitivity,published_bootstrap_001,published_bootstrap_001,lambda,,,18,4,cell_collider,1,5,6.014663115454021,0.0494233864087484,21.01466311545402,4.168222576112395,0.1244176424921518,0.0539433792949739,False,False,False,6,1,relative_nuclear_iod_index; not_absolute_genome_size
published_bootstrap_tree_sensitivity,published_bootstrap_001,published_bootstrap_001,lambda,,,18,5,nucleus_collider,1,5,6.494008221924636,0.0388905452358726,21.49400822192464,4.647567682583013,0.0979024365806137,0.0424472620167458,False,False,False,6,1,relative_nuclear_iod_index; not_absolute_genome_size
published_bootstrap_tree_sensitivity,published_bootstrap_001,published_bootstrap_001,lambda,,,18,6,iod_bridge,1,5,8.072593521762084,0.0176627608786491,23.072593521762084,6.226152982420459,0.0444639517464377,0.0192781004845258,False,False,False,6,1,relative_nuclear_iod_index; not_absolute_genome_size
published_bootstrap_tree_sensitivity,published_bootstrap_001,published_bootstrap_001,lambda,,,18,7,iod_cell_only,2,4,14.087256637216104,0.0070217131391125,25.16417971413918,8.317739174797556,0.0156252108758119,0.0067745752126033,False,False,False,6,1,relative_nuclear_iod_index; not_absolute_genome_size
published_bootstrap_tree_sensitivity,published_bootstrap_001,published_bootstrap_001,lambda,,,18,8,iod_nucleus_only,2,4,14.56660174368672,0.0056899186562004,25.6435248206098,8.797084281268173,0.0122952515912234,0.0053308148814532,False,False,False,6,1,relative_nuclear_iod_index; not_absolute_genome_size
published_bootstrap_tree_sensitivity,published_bootstrap_001,published_bootstrap_001,lambda,,,18,9,iod_collider,1,5,11.957231553107816,0.002532329176702,26.957231553107817,10.110791013766192,0.0063748449686078,0.002763922167308,False,False,False,6,1,relative_nuclear_iod_index; not_absolute_genome_size
published_bootstrap_tree_sensitivity,published_bootstrap_001,published_bootstrap_001,lambda,,,18,10,independent,3,3,24.465902890486472,0.0004286010070496671,32.180188604772184,15.33374806543056,0.0004680787379499015,0.0002029434764666675,False,False,False,6,1,relative_nuclear_iod_index; not_absolute_genome_size
published_bootstrap_tree_sensitivity,published_bootstrap_002,published_bootstrap_002,lambda,,,18,1,cell_bridge,1,5,1.846440526853348,0.3972377689158716,16.84644052685335,0.0,1.0,0.4335669639097229,True,True,True,6,1,relative_nuclear_iod_index; not_absolute_genome_size
published_bootstrap_tree_sensitivity,published_bootstrap_002,published_bootstrap_002,lambda,,,18,2,nucleus_bridge,1,5,2.438963153427517,0.2953832607976343,17.438963153427515,0.5925226265741657,0.7435930918748871,0.3223973992284384,True,True,True,6,1,relative_nuclear_iod_index; not_absolute_genome_size
published_bootstrap_tree_sensitivity,published_bootstrap_002,published_bootstrap_002,lambda,,,18,3,nucleus_cell_only,2,4,8.453626255304972,0.0763054144990917,19.53054933222805,2.684108805374698,0.2613082843259576,0.113294639479664,True,False,False,6,1,relative_nuclear_iod_index; not_absolute_genome_size
published_bootstrap_tree_sensitivity,published_bootstrap_002,published_bootstrap_002,lambda,,,18,4,cell_collider,1,5,6.014663101877455,0.0494233867442484,21.014663101877453,4.168222575024103,0.1244176425598532,0.0539433795414806,False,False,False,6,1,relative_nuclear_iod_index; not_absolute_genome_size
published_bootstrap_tree_sensitivity,published_bootstrap_002,published_bootstrap_002,lambda,,,18,5,nucleus_collider,1,5,6.494008223408686,0.0388905452070149,21.494008223408684,4.647567696555335,0.0979024358966515,0.0424472618910774,False,False,False,6,1,relative_nuclear_iod_index; not_absolute_genome_size
published_bootstrap_tree_sensitivity,published_bootstrap_002,published_bootstrap_002,lambda,,,18,6,iod_bridge,1,5,8.07259353600773,0.0176627607528404,23.07259353600773,6.22615300915438,0.0444639511520898,0.0192781003044418,False,False,False,6,1,relative_nuclear_iod_index; not_absolute_genome_size
published_bootstrap_tree_sensitivity,published_bootstrap_002,published_bootstrap_002,lambda,,,18,7,iod_cell_only,2,4,14.087256637885185,0.0070217131370556,25.164179714808263,8.317739187954913,0.0156252107730187,0.0067745751953072,False,False,False,6,1,relative_nuclear_iod_index; not_absolute_genome_size
published_bootstrap_tree_sensitivity,published_bootstrap_002,published_bootstrap_002,lambda,,,18,8,iod_nucleus_only,2,4,14.566601759416416,0.0056899186168526,25.64352483633949,8.797084309486145,0.0122952514177498,0.0053308148277005,False,False,False,6,1,relative_nuclear_iod_index; not_absolute_genome_size
published_bootstrap_tree_sensitivity,published_bootstrap_002,published_bootstrap_002,lambda,,,18,9,iod_collider,1,5,11.95723156406409,0.0025323291628297,26.957231564064088,10.110791037210738,0.0063748448938801,0.002763922146035,False,False,False,6,1,relative_nuclear_iod_index; not_absolute_genome_size
published_bootstrap_tree_sensitivity,published_bootstrap_002,published_bootstrap_002,lambda,,,18,10,independent,3,3,24.465902889350232,0.0004286010072565016,32.18018860363595,15.333748076782598,0.0004680787352930774,0.00020294347613172245,False,False,False,6,1,relative_nuclear_iod_index; not_absolute_genome_size
published_bootstrap_tree_sensitivity,published_bootstrap_003,published_bootstrap_003,lambda,,,18,1,cell_bridge,1,5,1.846440535266128,0.3972377672449345,16.84644053526613,0.0,1.0,0.4335669620348696,True,True,True,6,1,relative_nuclear_iod_index; not_absolute_genome_size
published_bootstrap_tree_sensitivity,published_bootstrap_003,published_bootstrap_003,lambda,,,18,2,nucleus_bridge,1,5,2.438963148569336,0.295383261515147,17.438963148569336,0.5925226133032062,0.743593096808984,0.3223973999735719,True,True,True,6,1,relative_nuclear_iod_index; not_absolute_genome_size
published_bootstrap_tree_sensitivity,published_bootstrap_003,published_bootstrap_003,lambda,,,18,3,nucleus_cell_only,2,4,8.453626248934155,0.0763054146956524,19.53054932585723,2.6841087905911003,0.2613082862574959,0.1132946398272006,True,False,False,6,1,relative_nuclear_iod_index; not_absolute_genome_size
published_bootstrap_tree_sensitivity,published_bootstrap_003,published_bootstrap_003,lambda,,,18,4,cell_collider,1,5,6.014663100364819,0.0494233867816281,21.01466310036482,4.168222565098692,0.1244176431773013,0.0539433795759209,False,False,False,6,1,relative_nuclear_iod_index; not_absolute_genome_size
published_bootstrap_tree_sensitivity,published_bootstrap_003,published_bootstrap_003,lambda,,,18,5,nucleus_collider,1,5,6.494008211424947,0.038890545440042,21.494008211424948,4.647567676158818,0.0979024368950858,0.0424472621404129,False,False,False,6,1,relative_nuclear_iod_index; not_absolute_genome_size
published_bootstrap_tree_sensitivity,published_bootstrap_003,published_bootstrap_003,lambda,,,18,6,iod_bridge,1,5,8.072593509681612,0.0176627609853363,23.07259350968161,6.226152974415481,0.0444639519244041,0.0192781005559284,False,False,False,6,1,relative_nuclear_iod_index; not_absolute_genome_size
published_bootstrap_tree_sensitivity,published_bootstrap_003,published_bootstrap_003,lambda,,,18,7,iod_cell_only,2,4,14.087256610046431,0.0070217132226425,25.164179686969508,8.317739151703378,0.0156252110562376,0.0067745752888066,False,False,False,6,1,relative_nuclear_iod_index; not_absolute_genome_size
published_bootstrap_tree_sensitivity,published_bootstrap_003,published_bootstrap_003,lambda,,,18,8,iod_nucleus_only,2,4,14.566601721106558,0.0056899187126848,25.643524798029635,8.797084262763505,0.0122952517049831,0.0053308149291836,False,False,False,6,1,relative_nuclear_iod_index; not_absolute_genome_size
published_bootstrap_tree_sensitivity,published_bootstrap_003,published_bootstrap_003,lambda,,,18,9,iod_collider,1,5,11.957231529739175,0.0025323292062906,26.957231529739172,10.110790994473046,0.0063748450301032,0.0027639221931449,False,False,False,6,1,relative_nuclear_iod_index; not_absolute_genome_size
published_bootstrap_tree_sensitivity,published_bootstrap_003,published_bootstrap_003,lambda,,,18,10,independent,3,3,24.465902841528944,0.0004286010159645359,32.18018855581466,15.33374802054853,0.0004680787484540633,0.00020294348096031216,False,False,False,6,1,relative_nuclear_iod_index; not_absolute_genome_size
published_bootstrap_tree_sensitivity,published_bootstrap_004,published_bootstrap_004,lambda,,,18,1,cell_bridge,1,5,1.8464405325149904,0.3972377677913623,16.84644053251499,0.0,1.0,0.4335669628201974,True,True,True,6,1,relative_nuclear_iod_index; not_absolute_genome_size
published_bootstrap_tree_sensitivity,published_bootstrap_004,published_bootstrap_004,lambda,,,18,2,nucleus_bridge,1,5,2.4389631506356104,0.2953832612099756,17.43896315063561,0.592522618120622,0.7435930950178854,0.3223973997809751,True,True,True,6,1,relative_nuclear_iod_index; not_absolute_genome_size
published_bootstrap_tree_sensitivity,published_bootstrap_004,published_bootstrap_004,lambda,,,18,3,nucleus_cell_only,2,4,8.453626253648464,0.0763054145502004,19.53054933057154,2.684108798056549,0.2613082852821041,0.1132946396095156,True,False,False,6,1,relative_nuclear_iod_index; not_absolute_genome_size
published_bootstrap_tree_sensitivity,published_bootstrap_004,published_bootstrap_004,lambda,,,18,4,cell_collider,1,5,6.014663103012854,0.0494233867161907,21.01466310301285,4.168222570497864,0.1244176428414252,0.0539433795280048,False,False,False,6,1,relative_nuclear_iod_index; not_absolute_genome_size
published_bootstrap_tree_sensitivity,published_bootstrap_004,published_bootstrap_004,lambda,,,18,5,nucleus_collider,1,5,6.494008217873543,0.0388905453146473,21.494008217873542,4.647567685358553,0.0979024364447476,0.0424472620220466,False,False,False,6,1,relative_nuclear_iod_index; not_absolute_genome_size
published_bootstrap_tree_sensitivity,published_bootstrap_004,published_bootstrap_004,lambda,,,18,6,iod_bridge,1,5,8.072593520729194,0.0176627608877709,23.072593520729196,6.226152988214203,0.0444639516176313,0.0192781004578406,False,False,False,6,1,relative_nuclear_iod_index; not_absolute_genome_size
published_bootstrap_tree_sensitivity,published_bootstrap_004,published_bootstrap_004,lambda,,,18,7,iod_cell_only,2,4,14.087256623742048,0.007021713180537,25.164179700665123,8.317739168150133,0.0156252109277456,0.0067745752453676,False,False,False,6,1,relative_nuclear_iod_index; not_absolute_genome_size
published_bootstrap_tree_sensitivity,published_bootstrap_004,published_bootstrap_004,lambda,,,18,8,iod_nucleus_only,2,4,14.566601738602738,0.0056899186689181,25.64352481552581,8.797084283010825,0.0122952515805102,0.005330814884872,False,False,False,6,1,relative_nuclear_iod_index; not_absolute_genome_size
published_bootstrap_tree_sensitivity,published_bootstrap_004,published_bootstrap_004,lambda,,,18,9,iod_collider,1,5,11.957231545442516,0.0025323291864076,26.95723154544252,10.110791012927528,0.006374844971281,0.0027639221726479,False,False,False,6,1,relative_nuclear_iod_index; not_absolute_genome_size
published_bootstrap_tree_sensitivity,published_bootstrap_004,published_bootstrap_004,lambda,,,18,10,independent,3,3,24.465902866328918,0.0004286010114485928,32.180188580614626,15.333748048099636,0.0004680787420060197,0.00020294347853224876,False,False,False,6,1,relative_nuclear_iod_index; not_absolute_genome_size
published_bootstrap_tree_sensitivity,published_bootstrap_005,published_bootstrap_005,lambda,,,18,1,cell_bridge,1,5,1.846440538094296,0.397237766683207,16.846440538094296,0.0,1.0,0.4335669623060345,True,True,True,6,1,relative_nuclear_iod_index; not_absolute_genome_size
published_bootstrap_tree_sensitivity,published_bootstrap_005,published_bootstrap_005,lambda,,,18,2,nucleus_bridge,1,5,2.438963148173743,0.2953832615735727,17.43896314817374,0.5925226100794454,0.7435930980075671,0.3223974006948742,True,True,True,6,1,relative_nuclear_iod_index; not_absolute_genome_size
published_bootstrap_tree_sensitivity,published_bootstrap_005,published_bootstrap_005,lambda,,,18,3,nucleus_cell_only,2,4,8.4536262610337,0.0763054143223417,19.530549337956774,2.684108799862482,0.2613082850461515,0.1132946393728593,True,False,False,6,1,relative_nuclear_iod_index; not_absolute_genome_size
published_bootstrap_tree_sensitivity,published_bootstrap_005,published_bootstrap_005,lambda,,,18,4,cell_collider,1,5,6.014663112859957,0.0494233864728521,21.01466311285996,4.168222574765661,0.1244176425759306,0.0539433793489241,False,False,False,6,1,relative_nuclear_iod_index; not_absolute_genome_size
published_bootstrap_tree_sensitivity,published_bootstrap_005,published_bootstrap_005,lambda,,,18,5,nucleus_collider,1,5,6.494008221283728,0.0388905452483353,21.49400822128373,4.647567683189433,0.0979024365509287,0.0424472620177454,False,False,False,6,1,relative_nuclear_iod_index; not_absolute_genome_size
published_bootstrap_tree_sensitivity,published_bootstrap_005,published_bootstrap_005,lambda,,,18,6,iod_bridge,1,5,8.072593519766302,0.0176627608962746,23.0725935197663,6.226152981672005,0.0444639517630773,0.0192781004980394,False,False,False,6,1,relative_nuclear_iod_index; not_absolute_genome_size
published_bootstrap_tree_sensitivity,published_bootstrap_005,published_bootstrap_005,lambda,,,18,7,iod_cell_only,2,4,14.08725663262626,0.0070217131532235,25.164179709549337,8.317739171455042,0.0156252109019256,0.006774575226139,False,False,False,6,1,relative_nuclear_iod_index; not_absolute_genome_size
published_bootstrap_tree_sensitivity,published_bootstrap_005,published_bootstrap_005,lambda,,,18,8,iod_nucleus_only,2,4,14.56660174105003,0.0056899186627962,25.64352481797311,8.797084279878813,0.0122952515997646,0.0053308148868983,False,False,False,6,1,relative_nuclear_iod_index; not_absolute_genome_size
published_bootstrap_tree_sensitivity,published_bootstrap_005,published_bootstrap_005,lambda,,,18,9,iod_collider,1,5,11.957231549559868,0.0025323291811943,26.957231549559868,10.110791011465572,0.0063748449759409,0.0027639221713905,False,False,False,6,1,relative_nuclear_iod_index; not_absolute_genome_size
published_bootstrap_tree_sensitivity,published_bootstrap_005,published_bootstrap_005,lambda,,,18,10,independent,3,3,24.465902883703556,0.0004286010082847902,32.18018859798927,15.333748059894976,0.0004680787392454458,0.0002029434770946864,False,False,False,6,1,relative_nuclear_iod_index; not_absolute_genome_size
published_bootstrap_tree_sensitivity,published_bootstrap_006,published_bootstrap_006,lambda,,,18,1,cell_bridge,1,5,1.846440532759715,0.3972377677427554,16.846440532759715,0.0,1.0,0.4335669638109981,True,True,True,6,1,relative_nuclear_iod_index; not_absolute_genome_size
published_bootstrap_tree_sensitivity,published_bootstrap_006,published_bootstrap_006,lambda,,,18,2,nucleus_bridge,1,5,2.438963152870513,0.2953832608798992,17.438963152870514,0.5925226201107989,0.7435930942779445,0.3223974001969136,True,True,True,6,1,relative_nuclear_iod_index; not_absolute_genome_size
published_bootstrap_tree_sensitivity,published_bootstrap_006,published_bootstrap_006,lambda,,,18,3,nucleus_cell_only,2,4,8.453626269627346,0.0763054140571994,19.530549346550423,2.684108813790708,0.2613082832263711,0.1132946389771221,True,False,False,6,1,relative_nuclear_iod_index; not_absolute_genome_size
published_bootstrap_tree_sensitivity,published_bootstrap_006,published_bootstrap_006,lambda,,,18,4,cell_collider,1,5,6.014663116756833,0.0494233863765537,21.014663116756832,4.168222583997117,0.1244176420016525,0.0539433792871802,False,False,False,6,1,relative_nuclear_iod_index; not_absolute_genome_size
published_bootstrap_tree_sensitivity,published_bootstrap_006,published_bootstrap_006,lambda,,,18,5,nucleus_collider,1,5,6.494008233147508,0.0388905450176408,21.494008233147508,4.647567700387793,0.097902435709048,0.0424472618000734,False,False,False,6,1,relative_nuclear_iod_index; not_absolute_genome_size
published_bootstrap_tree_sensitivity,published_bootstrap_006,published_bootstrap_006,lambda,,,18,6,iod_bridge,1,5,8.072593537319552,0.0176627607412552,23.072593537319552,6.226153004559837,0.0444639512542355,0.0192781003443391,False,False,False,6,1,relative_nuclear_iod_index; not_absolute_genome_size
published_bootstrap_tree_sensitivity,published_bootstrap_006,published_bootstrap_006,lambda,,,18,7,iod_cell_only,2,4,14.087256654076384,0.0070217130872777,25.16417973099946,8.317739198239746,0.0156252106926673,0.0067745751589269,False,False,False,6,1,relative_nuclear_iod_index; not_absolute_genome_size
published_bootstrap_tree_sensitivity,published_bootstrap_006,published_bootstrap_006,lambda,,,18,8,iod_nucleus_only,2,4,14.56660177046706,0.0056899185892094,25.643524847390136,8.797084314630421,0.0122952513861247,0.005330814812775,False,False,False,6,1,relative_nuclear_iod_index; not_absolute_genome_size
published_bootstrap_tree_sensitivity,published_bootstrap_006,published_bootstrap_006,lambda,,,18,9,iod_collider,1,5,11.95723157490613,0.0025323291491018,26.95723157490613,10.110791042146417,0.0063748448781481,0.0027639221385847,False,False,False,6,1,relative_nuclear_iod_index; not_absolute_genome_size
published_bootstrap_tree_sensitivity,published_bootstrap_006,published_bootstrap_006,lambda,,,18,10,independent,3,3,24.46590292481047,0.0004286010007994445,32.18018863909619,15.333748106336472,0.0004680787283763075,0.0002029434730866285,False,False,False,6,1,relative_nuclear_iod_index; not_absolute_genome_size
published_bootstrap_tree_sensitivity,published_bootstrap_007,published_bootstrap_007,lambda,,,18,1,cell_bridge,1,5,1.846440532029421,0.3972377678878056,16.846440532029423,0.0,1.0,0.4335669625667432,True,True,True,6,1,relative_nuclear_iod_index; not_absolute_genome_size
published_bootstrap_tree_sensitivity,published_bootstrap_007,published_bootstrap_007,lambda,,,18,2,nucleus_bridge,1,5,2.4389631528024625,0.2953832608899496,17.43896315280246,0.592522620773039,0.7435930940317259,0.3223973991649421,True,True,True,6,1,relative_nuclear_iod_index; not_absolute_genome_size
published_bootstrap_tree_sensitivity,published_bootstrap_007,published_bootstrap_007,lambda,,,18,3,nucleus_cell_only,2,4,8.453626247415304,0.0763054147425139,19.53054932433838,2.684108792308958,0.2613082860330507,0.1132946398688715,True,False,False,6,1,relative_nuclear_iod_index; not_absolute_genome_size
published_bootstrap_tree_sensitivity,published_bootstrap_007,published_bootstrap_007,lambda,,,18,4,cell_collider,1,5,6.014663094612841,0.0494233869237692,21.014663094612843,4.16822256258342,0.1244176433337734,0.0539433797099365,False,False,False,6,1,relative_nuclear_iod_index; not_absolute_genome_size
published_bootstrap_tree_sensitivity,published_bootstrap_007,published_bootstrap_007,lambda,,,18,5,nucleus_collider,1,5,6.494008211773779,0.0388905454332588,21.494008211773775,4.647567679744356,0.0979024367195694,0.0424472621163865,False,False,False,6,1,relative_nuclear_iod_index; not_absolute_genome_size
published_bootstrap_tree_sensitivity,published_bootstrap_007,published_bootstrap_007,lambda,,,18,6,iod_bridge,1,5,8.072593503000448,0.0176627610443402,23.072593503000448,6.226152970971025,0.0444639520009812,0.0192781006127789,False,False,False,6,1,relative_nuclear_iod_index; not_absolute_genome_size
published_bootstrap_tree_sensitivity,published_bootstrap_007,published_bootstrap_007,lambda,,,18,7,iod_cell_only,2,4,14.087256597613289,0.0070217132608667,25.164179674536364,8.317739142506941,0.0156252111280857,0.0067745753282682,False,False,False,6,1,relative_nuclear_iod_index; not_absolute_genome_size
published_bootstrap_tree_sensitivity,published_bootstrap_007,published_bootstrap_007,lambda,,,18,8,iod_nucleus_only,2,4,14.566601714774226,0.0056899187285252,25.643524791697303,8.79708425966788,0.0122952517240139,0.0053308149439742,False,False,False,6,1,relative_nuclear_iod_index; not_absolute_genome_size
published_bootstrap_tree_sensitivity,published_bootstrap_007,published_bootstrap_007,lambda,,,18,9,iod_collider,1,5,11.957231519892366,0.0025323292187583,26.957231519892368,10.110790987862943,0.0063748450511724,0.0027639222056704,False,False,False,6,1,relative_nuclear_iod_index; not_absolute_genome_size
published_bootstrap_tree_sensitivity,published_bootstrap_007,published_bootstrap_007,lambda,,,18,10,independent,3,3,24.465902826278985,0.0004286010187415368,32.1801885405647,15.333748008535276,0.0004680787512656375,0.00020294348242827652,False,False,False,6,1,relative_nuclear_iod_index; not_absolute_genome_size
published_bootstrap_tree_sensitivity,published_bootstrap_008,published_bootstrap_008,lambda,,,18,1,cell_bridge,1,5,1.8464405428224269,0.3972377657441108,16.846440542822428,0.0,1.0,0.4335669635738294,True,True,True,6,1,relative_nuclear_iod_index; not_absolute_genome_size
published_bootstrap_tree_sensitivity,published_bootstrap_008,published_bootstrap_008,lambda,,,18,2,nucleus_bridge,1,5,2.438963153630888,0.2953832607675981,17.438963153630887,0.5925226108084587,0.7435930977365225,0.3223974015200818,True,True,True,6,1,relative_nuclear_iod_index; not_absolute_genome_size
published_bootstrap_tree_sensitivity,published_bootstrap_008,published_bootstrap_008,lambda,,,18,3,nucleus_cell_only,2,4,8.453626292267236,0.0763054133586844,19.53054936919031,2.6841088263678827,0.2613082815831111,0.1132946382026847,True,False,False,6,1,relative_nuclear_iod_index; not_absolute_genome_size
published_bootstrap_tree_sensitivity,published_bootstrap_008,published_bootstrap_008,lambda,,,18,4,cell_collider,1,5,6.014663138636349,0.0494233858358739,21.01466313863635,4.168222595813923,0.124417641266543,0.053943378938953,False,False,False,6,1,relative_nuclear_iod_index; not_absolute_genome_size
published_bootstrap_tree_sensitivity,published_bootstrap_008,published_bootstrap_008,lambda,,,18,5,nucleus_collider,1,5,6.494008247753698,0.0388905447336195,21.494008247753698,4.647567704931269,0.0979024354866393,0.0424472616804249,False,False,False,6,1,relative_nuclear_iod_index; not_absolute_genome_size
published_bootstrap_tree_sensitivity,published_bootstrap_008,published_bootstrap_008,lambda,,,18,6,iod_bridge,1,5,8.072593529285127,0.0176627608122103,23.07259352928513,6.226152986462701,0.0444639516565706,0.0192781005082328,False,False,False,6,1,relative_nuclear_iod_index; not_absolute_genome_size
published_bootstrap_tree_sensitivity,published_bootstrap_008,published_bootstrap_008,lambda,,,18,7,iod_cell_only,2,4,14.087256667921476,0.0070217130447126,25.164179744844557,8.317739202022125,0.0156252106631171,0.0067745751424091,False,False,False,6,1,relative_nuclear_iod_index; not_absolute_genome_size
published_bootstrap_tree_sensitivity,published_bootstrap_008,published_bootstrap_008,lambda,,,18,8,iod_nucleus_only,2,4,14.566601777038828,0.0056899185727702,25.643524853961903,8.797084311139475,0.0122952514075858,0.0053308148191638,False,False,False,6,1,relative_nuclear_iod_index; not_absolute_genome_size
published_bootstrap_tree_sensitivity,published_bootstrap_008,published_bootstrap_008,lambda,,,18,9,iod_collider,1,5,11.957231579660938,0.0025323291430815,26.957231579660935,10.11079103683851,0.0063748448950666,0.0027639221444081,False,False,False,6,1,relative_nuclear_iod_index; not_absolute_genome_size
published_bootstrap_tree_sensitivity,published_bootstrap_008,published_bootstrap_008,lambda,,,18,10,independent,3,3,24.465902966050987,0.00042860099328967394,32.1801886803367,15.33374813751427,0.00046807872107947545,0.0002029434698119496,False,False,False,6,1,relative_nuclear_iod_index; not_absolute_genome_size
published_bootstrap_tree_sensitivity,published_bootstrap_009,published_bootstrap_009,lambda,,,18,1,cell_bridge,1,5,1.8464405278882872,0.397237768710313,16.846440527888287,0.0,1.0,0.4335669627266413,True,True,True,6,1,relative_nuclear_iod_index; not_absolute_genome_size
published_bootstrap_tree_sensitivity,published_bootstrap_009,published_bootstrap_009,lambda,,,18,2,nucleus_bridge,1,5,2.438963154310825,0.2953832606671771,17.438963154310827,0.5925226264225394,0.7435930919312612,0.322397398373149,True,True,True,6,1,relative_nuclear_iod_index; not_absolute_genome_size
published_bootstrap_tree_sensitivity,published_bootstrap_009,published_bootstrap_009,lambda,,,18,3,nucleus_cell_only,2,4,8.453626238436204,0.0763054150195486,19.53054931535928,2.684108787470993,0.2613082866651509,0.1132946401847119,True,False,False,6,1,relative_nuclear_iod_index; not_absolute_genome_size
published_bootstrap_tree_sensitivity,published_bootstrap_009,published_bootstrap_009,lambda,,,18,4,cell_collider,1,5,6.014663084125378,0.0494233871829322,21.014663084125377,4.16822255623709,0.1244176437285711,0.0539433799010019,False,False,False,6,1,relative_nuclear_iod_index; not_absolute_genome_size
published_bootstrap_tree_sensitivity,published_bootstrap_009,published_bootstrap_009,lambda,,,18,5,nucleus_collider,1,5,6.49400820583414,0.0388905455487567,21.49400820583414,4.647567677945855,0.0979024368076082,0.0424472621702116,False,False,False,6,1,relative_nuclear_iod_index; not_absolute_genome_size
published_bootstrap_tree_sensitivity,published_bootstrap_009,published_bootstrap_009,lambda,,,18,6,iod_bridge,1,5,8.072593499128558,0.0176627610785344,23.07259349912856,6.226152971240271,0.0444639519949953,0.0192781006172933,False,False,False,6,1,relative_nuclear_iod_index; not_absolute_genome_size
published_bootstrap_tree_sensitivity,published_bootstrap_009,published_bootstrap_009,lambda,,,18,7,iod_cell_only,2,4,14.087256583253936,0.0070217133050128,25.16417966017701,8.317739132288725,0.0156252112079166,0.0067745753653787,False,False,False,6,1,relative_nuclear_iod_index; not_absolute_genome_size
published_bootstrap_tree_sensitivity,published_bootstrap_009,published_bootstrap_009,lambda,,,18,8,iod_nucleus_only,2,4,14.566601704962698,0.0056899187530687,25.643524781885773,8.797084253997486,0.0122952517588733,0.0053308149610541,False,False,False,6,1,relative_nuclear_iod_index; not_absolute_genome_size
published_bootstrap_tree_sensitivity,published_bootstrap_009,published_bootstrap_009,lambda,,,18,9,iod_collider,1,5,11.95723150921363,0.0025323292322794,26.957231509213628,10.11079098132534,0.0063748450720105,0.0027639222157245,False,False,False,6,1,relative_nuclear_iod_index; not_absolute_genome_size
published_bootstrap_tree_sensitivity,published_bootstrap_009,published_bootstrap_009,lambda,,,18,10,independent,3,3,24.465902799173147,0.0004286010236773663,32.18018851345886,15.333747985570572,0.0004680787566402829,0.00020294348483339007,False,False,False,6,1,relative_nuclear_iod_index; not_absolute_genome_size
published_bootstrap_tree_sensitivity,published_bootstrap_010,published_bootstrap_010,lambda,,,18,1,cell_bridge,1,5,1.846440534861722,0.397237767325257,16.84644053486172,0.0,1.0,0.4335669628351631,True,True,True,6,1,relative_nuclear_iod_index; not_absolute_genome_size
published_bootstrap_tree_sensitivity,published_bootstrap_010,published_bootstrap_010,lambda,,,18,2,nucleus_bridge,1,5,2.438963154312656,0.2953832606669067,17.438963154312656,0.5925226194509357,0.7435930945232794,0.3223973995776586,True,True,True,6,1,relative_nuclear_iod_index; not_absolute_genome_size
published_bootstrap_tree_sensitivity,published_bootstrap_010,published_bootstrap_010,lambda,,,18,3,nucleus_cell_only,2,4,8.453626258771573,0.0763054143921356,19.53054933569465,2.684108800832931,0.2613082849193583,0.1132946394561516,True,False,False,6,1,relative_nuclear_iod_index; not_absolute_genome_size
published_bootstrap_tree_sensitivity,published_bootstrap_010,published_bootstrap_010,lambda,,,18,4,cell_collider,1,5,6.014663104458917,0.049423386680456,21.01466310445892,4.168222569597198,0.1244176428974545,0.0539433795541593,False,False,False,6,1,relative_nuclear_iod_index; not_absolute_genome_size
published_bootstrap_tree_sensitivity,published_bootstrap_010,published_bootstrap_010,lambda,,,18,5,nucleus_collider,1,5,6.494008220620618,0.0388905452612297,21.494008220620614,4.647567685758897,0.0979024364251503,0.042447262015015,False,False,False,6,1,relative_nuclear_iod_index; not_absolute_genome_size
published_bootstrap_tree_sensitivity,published_bootstrap_010,published_bootstrap_010,lambda,,,18,6,iod_bridge,1,5,8.072593503691786,0.0176627610382348,23.072593503691785,6.226152968830064,0.044463952048579,0.0192781006453507,False,False,False,6,1,relative_nuclear_iod_index; not_absolute_genome_size
published_bootstrap_tree_sensitivity,published_bootstrap_010,published_bootstrap_010,lambda,,,18,7,iod_cell_only,2,4,14.087256608150703,0.0070217132284706,25.16417968507378,8.31773915021206,0.0156252110678887,0.0067745753063628,False,False,False,6,1,relative_nuclear_iod_index; not_absolute_genome_size
published_bootstrap_tree_sensitivity,published_bootstrap_010,published_bootstrap_010,lambda,,,18,8,iod_nucleus_only,2,4,14.566601724312404,0.0056899187046653,25.64352480123548,8.797084266373759,0.0122952516827886,0.0053308149294006,False,False,False,6,1,relative_nuclear_iod_index; not_absolute_genome_size
published_bootstrap_tree_sensitivity,published_bootstrap_010,published_bootstrap_010,lambda,,,18,9,iod_collider,1,5,11.95723152764623,0.0025323292089407,26.95723152764623,10.110790992784509,0.0063748450354853,0.0027639222005802,False,False,False,6,1,relative_nuclear_iod_index; not_absolute_genome_size
published_bootstrap_tree_sensitivity,published_bootstrap_010,published_bootstrap_010,lambda,,,18,10,independent,3,3,24.465902852725765,0.0004286010139257224,32.180188567011484,15.333748032149764,0.00046807874573891786,0.0002029434801577152,False,False,False,6,1,relative_nuclear_iod_index; not_absolute_genome_size
published_bootstrap_tree_sensitivity,published_bootstrap_011,published_bootstrap_011,lambda,,,18,1,cell_bridge,1,5,1.846440537438928,0.3972377668133754,16.846440537438927,0.0,1.0,0.4335669627238017,True,True,True,6,1,relative_nuclear_iod_index; not_absolute_genome_size
published_bootstrap_tree_sensitivity,published_bootstrap_011,published_bootstrap_011,lambda,,,18,2,nucleus_bridge,1,5,2.43896314881775,0.2953832614784584,17.43896314881775,0.592522611378822,0.7435930975244633,0.3223974007960652,True,True,True,6,1,relative_nuclear_iod_index; not_absolute_genome_size
published_bootstrap_tree_sensitivity,published_bootstrap_011,published_bootstrap_011,lambda,,,18,3,nucleus_cell_only,2,4,8.453626265862612,0.0763054141733539,19.53054934278569,2.684108805346764,0.2613082843296074,0.1132946391713555,True,False,False,6,1,relative_nuclear_iod_index; not_absolute_genome_size
published_bootstrap_tree_sensitivity,published_bootstrap_011,published_bootstrap_011,lambda,,,18,4,cell_collider,1,5,6.014663117044862,0.0494233863694361,21.01466311704486,4.168222579605935,0.1244176422748228,0.0539433792703514,False,False,False,6,1,relative_nuclear_iod_index; not_absolute_genome_size
published_bootstrap_tree_sensitivity,published_bootstrap_011,published_bootstrap_011,lambda,,,18,5,nucleus_collider,1,5,6.494008226458238,0.0388905451477155,21.49400822645824,4.647567689019311,0.097902436265549,0.0424472619349146,False,False,False,6,1,relative_nuclear_iod_index; not_absolute_genome_size
published_bootstrap_tree_sensitivity,published_bootstrap_011,published_bootstrap_011,lambda,,,18,6,iod_bridge,1,5,8.072593528050076,0.0176627608231174,23.07259352805008,6.226152990611151,0.0444639515643424,0.0192781004304501,False,False,False,6,1,relative_nuclear_iod_index; not_absolute_genome_size
published_bootstrap_tree_sensitivity,published_bootstrap_011,published_bootstrap_011,lambda,,,18,7,iod_cell_only,2,4,14.08725664509494,0.00702171311489,25.164179722018016,8.31773918457909,0.0156252107993926,0.0067745751882118,False,False,False,6,1,relative_nuclear_iod_index; not_absolute_genome_size
published_bootstrap_tree_sensitivity,published_bootstrap_011,published_bootstrap_011,lambda,,,18,8,iod_nucleus_only,2,4,14.566601754508314,0.0056899186291302,25.643524831431392,8.797084293992466,0.0122952515129992,0.0053308148544163,False,False,False,6,1,relative_nuclear_iod_index; not_absolute_genome_size
published_bootstrap_tree_sensitivity,published_bootstrap_011,published_bootstrap_011,lambda,,,18,9,iod_collider,1,5,11.957231562360668,0.0025323291649864,26.95723156236067,10.110791024921742,0.0063748449330504,0.0027639221554578,False,False,False,6,1,relative_nuclear_iod_index; not_absolute_genome_size
published_bootstrap_tree_sensitivity,published_bootstrap_011,published_bootstrap_011,lambda,,,18,10,independent,3,3,24.465902905863768,0.00042860100424946257,32.18018862014948,15.333748082710551,0.00046807873390570257,0.00020294347497509807,False,False,False,6,1,relative_nuclear_iod_index; not_absolute_genome_size
published_bootstrap_tree_sensitivity,published_bootstrap_012,published_bootstrap_012,lambda,,,18,1,cell_bridge,1,5,1.846440531220886,0.397237768048396,16.846440531220885,0.0,1.0,0.4335669626183697,True,True,True,6,1,relative_nuclear_iod_index; not_absolute_genome_size
published_bootstrap_tree_sensitivity,published_bootstrap_012,published_bootstrap_012,lambda,,,18,2,nucleus_bridge,1,5,2.438963151153943,0.2953832611334221,17.438963151153942,0.5925226199330567,0.7435930943440284,0.3223973993387352,True,True,True,6,1,relative_nuclear_iod_index; not_absolute_genome_size
published_bootstrap_tree_sensitivity,published_bootstrap_012,published_bootstrap_012,lambda,,,18,3,nucleus_cell_only,2,4,8.453626246718374,0.0763054147640165,19.53054932364145,2.6841087924205667,0.2613082860184686,0.1132946398760396,True,False,False,6,1,relative_nuclear_iod_index; not_absolute_genome_size
published_bootstrap_tree_sensitivity,published_bootstrap_012,published_bootstrap_012,lambda,,,18,4,cell_collider,1,5,6.014663095564431,0.0494233869002539,21.01466309556443,4.168222564343544,0.1244176432242781,0.0539433796688862,False,False,False,6,1,relative_nuclear_iod_index; not_absolute_genome_size
published_bootstrap_tree_sensitivity,published_bootstrap_012,published_bootstrap_012,lambda,,,18,5,nucleus_collider,1,5,6.494008211937325,0.0388905454300786,21.494008211937324,4.647567680716438,0.0979024366719848,0.0424472621008097,False,False,False,6,1,relative_nuclear_iod_index; not_absolute_genome_size
published_bootstrap_tree_sensitivity,published_bootstrap_012,published_bootstrap_012,lambda,,,18,6,iod_bridge,1,5,8.072593512310359,0.0176627609621209,23.07259351231036,6.226152981089474,0.0444639517760281,0.0192781005175421,False,False,False,6,1,relative_nuclear_iod_index; not_absolute_genome_size
published_bootstrap_tree_sensitivity,published_bootstrap_012,published_bootstrap_012,lambda,,,18,7,iod_cell_only,2,4,14.087256607874789,0.0070217132293189,25.164179684797865,8.31773915357698,0.0156252110415999,0.0067745752915774,False,False,False,6,1,relative_nuclear_iod_index; not_absolute_genome_size
published_bootstrap_tree_sensitivity,published_bootstrap_012,published_bootstrap_012,lambda,,,18,8,iod_nucleus_only,2,4,14.566601724247684,0.0056899187048273,25.64352480117076,8.797084269949874,0.012295251660804,0.0053308149172032,False,False,False,6,1,relative_nuclear_iod_index; not_absolute_genome_size
published_bootstrap_tree_sensitivity,published_bootstrap_012,published_bootstrap_012,lambda,,,18,9,iod_collider,1,5,11.95723153088248,0.002532329204843,26.95723153088248,10.110790999661596,0.0063748450135651,0.0027639221896943,False,False,False,6,1,relative_nuclear_iod_index; not_absolute_genome_size
published_bootstrap_tree_sensitivity,published_bootstrap_012,published_bootstrap_012,lambda,,,18,10,independent,3,3,24.46590283838424,0.00042860101653718896,32.180188552669954,15.333748021449068,0.0004680787482433018,0.0002029434811420569,False,False,False,6,1,relative_nuclear_iod_index; not_absolute_genome_size
published_bootstrap_tree_sensitivity,published_bootstrap_013,published_bootstrap_013,lambda,,,18,1,cell_bridge,1,5,1.8464405417184828,0.3972377659633749,16.846440541718483,0.0,1.0,0.4335669621619387,True,True,True,6,1,relative_nuclear_iod_index; not_absolute_genome_size
published_bootstrap_tree_sensitivity,published_bootstrap_013,published_bootstrap_013,lambda,,,18,2,nucleus_bridge,1,5,2.438963146942009,0.2953832617554895,17.438963146942008,0.5925226052235253,0.7435930998129815,0.3223974013704936,True,True,True,6,1,relative_nuclear_iod_index; not_absolute_genome_size
published_bootstrap_tree_sensitivity,published_bootstrap_013,published_bootstrap_013,lambda,,,18,3,nucleus_cell_only,2,4,8.453626268791211,0.0763054140829969,19.530549345714288,2.684108803995805,0.2613082845061157,0.1132946391010642,True,False,False,6,1,relative_nuclear_iod_index; not_absolute_genome_size
published_bootstrap_tree_sensitivity,published_bootstrap_013,published_bootstrap_013,lambda,,,18,4,cell_collider,1,5,6.014663121849203,0.0494233862507126,21.014663121849203,4.16822258013072,0.1244176422421765,0.0539433791862914,False,False,False,6,1,relative_nuclear_iod_index; not_absolute_genome_size
published_bootstrap_tree_sensitivity,published_bootstrap_013,published_bootstrap_013,lambda,,,18,5,nucleus_collider,1,5,6.494008226369709,0.038890545149437,21.494008226369708,4.647567684651225,0.0979024364793722,0.0424472619726135,False,False,False,6,1,relative_nuclear_iod_index; not_absolute_genome_size
published_bootstrap_tree_sensitivity,published_bootstrap_013,published_bootstrap_013,lambda,,,18,6,iod_bridge,1,5,8.072593522607677,0.0176627608711813,23.07259352260768,6.226152980889193,0.0444639517804807,0.0192781004991779,False,False,False,6,1,relative_nuclear_iod_index; not_absolute_genome_size
published_bootstrap_tree_sensitivity,published_bootstrap_013,published_bootstrap_013,lambda,,,18,7,iod_cell_only,2,4,14.08725664445688,0.0070217131168517,25.16417972137996,8.317739179661476,0.015625210837812,0.0067745751960899,False,False,False,6,1,relative_nuclear_iod_index; not_absolute_genome_size
published_bootstrap_tree_sensitivity,published_bootstrap_013,published_bootstrap_013,lambda,,,18,8,iod_nucleus_only,2,4,14.566601748977387,0.0056899186429659,25.643524825900464,8.797084284181981,0.0122952515733104,0.0053308148736569,False,False,False,6,1,relative_nuclear_iod_index; not_absolute_genome_size
published_bootstrap_tree_sensitivity,published_bootstrap_013,published_bootstrap_013,lambda,,,18,9,iod_collider,1,5,11.9572315581709,0.0025323291702914,26.9572315581709,10.110791016452415,0.0063748449600457,0.0027639221635803,False,False,False,6,1,relative_nuclear_iod_index; not_absolute_genome_size
published_bootstrap_tree_sensitivity,published_bootstrap_013,published_bootstrap_013,lambda,,,18,10,independent,3,3,24.46590290638981,0.0004286010041537613,32.18018862067552,15.33374807895704,0.0004680787347841724,0.00020294347509297744,False,False,False,6,1,relative_nuclear_iod_index; not_absolute_genome_size
published_bootstrap_tree_sensitivity,published_bootstrap_014,published_bootstrap_014,lambda,,,18,1,cell_bridge,1,5,1.8464405422614285,0.3972377658555357,16.84644054226143,0.0,1.0,0.4335669622906076,True,True,True,6,1,relative_nuclear_iod_index; not_absolute_genome_size
published_bootstrap_tree_sensitivity,published_bootstrap_014,published_bootstrap_014,lambda,,,18,2,nucleus_bridge,1,5,2.4389631479806058,0.2953832616020975,17.438963147980605,0.592522605719175,0.7435930996287006,0.3223974013862728,True,True,True,6,1,relative_nuclear_iod_index; not_absolute_genome_size
published_bootstrap_tree_sensitivity,published_bootstrap_014,published_bootstrap_014,lambda,,,18,3,nucleus_cell_only,2,4,8.453626271948607,0.0763054139855808,19.530549348871684,2.6841088066102543,0.2613082841645271,0.1132946389865849,True,False,False,6,1,relative_nuclear_iod_index; not_absolute_genome_size
published_bootstrap_tree_sensitivity,published_bootstrap_014,published_bootstrap_014,lambda,,,18,4,cell_collider,1,5,6.014663123968003,0.0494233861983535,21.014663123968003,4.168222581706573,0.1244176421441446,0.0539433791597966,False,False,False,6,1,relative_nuclear_iod_index; not_absolute_genome_size
published_bootstrap_tree_sensitivity,published_bootstrap_014,published_bootstrap_014,lambda,,,18,5,nucleus_collider,1,5,6.494008228926005,0.0388905450997291,21.49400822892601,4.647567686664576,0.0979024363808162,0.0424472619424799,False,False,False,6,1,relative_nuclear_iod_index; not_absolute_genome_size
published_bootstrap_tree_sensitivity,published_bootstrap_014,published_bootstrap_014,lambda,,,18,6,iod_bridge,1,5,8.072593521217756,0.0176627608834563,23.072593521217755,6.226152978956325,0.0444639518234522,0.0192781005235301,False,False,False,6,1,relative_nuclear_iod_index; not_absolute_genome_size
published_bootstrap_tree_sensitivity,published_bootstrap_014,published_bootstrap_014,lambda,,,18,7,iod_cell_only,2,4,14.08725664518576,0.0070217131146108,25.164179722108837,8.317739179847404,0.0156252108363594,0.0067745751974706,False,False,False,6,1,relative_nuclear_iod_index; not_absolute_genome_size
published_bootstrap_tree_sensitivity,published_bootstrap_014,published_bootstrap_014,lambda,,,18,8,iod_nucleus_only,2,4,14.56660175014376,0.0056899186400481,25.64352482706684,8.797084284805408,0.0122952515694778,0.0053308148735773,False,False,False,6,1,relative_nuclear_iod_index; not_absolute_genome_size
published_bootstrap_tree_sensitivity,published_bootstrap_014,published_bootstrap_014,lambda,,,18,9,iod_collider,1,5,11.957231558309076,0.0025323291701164,26.95723155830908,10.110791016047646,0.0063748449613359,0.0027639221649599,False,False,False,6,1,relative_nuclear_iod_index; not_absolute_genome_size
published_bootstrap_tree_sensitivity,published_bootstrap_014,published_bootstrap_014,lambda,,,18,10,independent,3,3,24.465902911203084,0.00042860100327724027,32.1801886254888,15.333748083227366,0.0004680787337847479,0.00020294347471988715,False,False,False,6,1,relative_nuclear_iod_index; not_absolute_genome_size
published_bootstrap_tree_sensitivity,published_bootstrap_015,published_bootstrap_015,lambda,,,18,1,cell_bridge,1,5,1.8464405236988213,0.3972377695424199,16.84644052369882,0.0,1.0,0.4335669624847076,True,True,True,6,1,relative_nuclear_iod_index; not_absolute_genome_size
published_bootstrap_tree_sensitivity,published_bootstrap_015,published_bootstrap_015,lambda,,,18,2,nucleus_bridge,1,5,2.438963147358046,0.2953832616940444,17.438963147358045,0.5925226236592245,0.7435930929586522,0.3223973986386916,True,True,True,6,1,relative_nuclear_iod_index; not_absolute_genome_size
published_bootstrap_tree_sensitivity,published_bootstrap_015,published_bootstrap_015,lambda,,,18,3,nucleus_cell_only,2,4,8.4536262259248,0.0763054154055665,19.53054930284788,2.6841087791490565,0.2613082877524464,0.1132946405929081,True,False,False,6,1,relative_nuclear_iod_index; not_absolute_genome_size
published_bootstrap_tree_sensitivity,published_bootstrap_015,published_bootstrap_015,lambda,,,18,4,cell_collider,1,5,6.0146630785667545,0.0494233873202952,21.014663078566755,4.168222554867935,0.1244176438137446,0.0539433799078295,False,False,False,6,1,relative_nuclear_iod_index; not_absolute_genome_size
published_bootstrap_tree_sensitivity,published_bootstrap_015,published_bootstrap_015,lambda,,,18,5,nucleus_collider,1,5,6.49400819766195,0.0388905457076672,21.494008197661948,4.647567673963128,0.0979024370025676,0.0424472622310536,False,False,False,6,1,relative_nuclear_iod_index; not_absolute_genome_size
published_bootstrap_tree_sensitivity,published_bootstrap_015,published_bootstrap_015,lambda,,,18,6,iod_bridge,1,5,8.072593525477991,0.0176627608458325,23.07259352547799,6.226153001779171,0.0444639513160552,0.01927810031217,False,False,False,6,1,relative_nuclear_iod_index; not_absolute_genome_size
published_bootstrap_tree_sensitivity,published_bootstrap_015,published_bootstrap_015,lambda,,,18,7,iod_cell_only,2,4,14.087256604044748,0.007021713241094,25.164179680967823,8.317739157269003,0.0156252110127556,0.006774575276983,False,False,False,6,1,relative_nuclear_iod_index; not_absolute_genome_size
published_bootstrap_tree_sensitivity,published_bootstrap_015,published_bootstrap_015,lambda,,,18,8,iod_nucleus_only,2,4,14.56660172313994,0.0056899187075983,25.64352480006302,8.797084276364199,0.0122952516213712,0.005330814898463,False,False,False,6,1,relative_nuclear_iod_index; not_absolute_genome_size
published_bootstrap_tree_sensitivity,published_bootstrap_015,published_bootstrap_015,lambda,,,18,9,iod_collider,1,5,11.95723153408002,0.0025323292007944,26.95723153408002,10.1107910103812,0.0063748449793972,0.0027639221740281,False,False,False,6,1,relative_nuclear_iod_index; not_absolute_genome_size
published_bootstrap_tree_sensitivity,published_bootstrap_015,published_bootstrap_015,lambda,,,18,10,independent,3,3,24.465902810308723,0.00042860102164965497,32.18018852459444,15.33374800089562,0.00046807875305361775,0.0002029434831650866,False,False,False,6,1,relative_nuclear_iod_index; not_absolute_genome_size
published_bootstrap_tree_sensitivity,published_bootstrap_016,published_bootstrap_016,lambda,,,18,1,cell_bridge,1,5,1.8464405351682132,0.3972377672643822,16.846440535168213,0.0,1.0,0.4335669625994388,True,True,True,6,1,relative_nuclear_iod_index; not_absolute_genome_size
published_bootstrap_tree_sensitivity,published_bootstrap_016,published_bootstrap_016,lambda,,,18,2,nucleus_bridge,1,5,2.4389631513031578,0.2953832611113843,17.438963151303156,0.5925226161349428,0.7435930957561541,0.3223973999369093,True,True,True,6,1,relative_nuclear_iod_index; not_absolute_genome_size
published_bootstrap_tree_sensitivity,published_bootstrap_016,published_bootstrap_016,lambda,,,18,3,nucleus_cell_only,2,4,8.453626256863469,0.076305414451007,19.530549333786546,2.6841087986183325,0.2613082852087048,0.113294639520006,True,False,False,6,1,relative_nuclear_iod_index; not_absolute_genome_size
published_bootstrap_tree_sensitivity,published_bootstrap_016,published_bootstrap_016,lambda,,,18,4,cell_collider,1,5,6.014663105560312,0.0494233866532387,21.014663105560317,4.1682225703921,0.1244176428480046,0.0539433795033911,False,False,False,6,1,relative_nuclear_iod_index; not_absolute_genome_size
published_bootstrap_tree_sensitivity,published_bootstrap_016,published_bootstrap_016,lambda,,,18,5,nucleus_collider,1,5,6.494008218936929,0.0388905452939694,21.49400821893693,4.647567683768717,0.097902436522572,0.0424472620341759,False,False,False,6,1,relative_nuclear_iod_index; not_absolute_genome_size
published_bootstrap_tree_sensitivity,published_bootstrap_016,published_bootstrap_016,lambda,,,18,6,iod_bridge,1,5,8.07259351194147,0.0176627609653787,23.07259351194147,6.226152976773257,0.0444639518719861,0.0192781005583046,False,False,False,6,1,relative_nuclear_iod_index; not_absolute_genome_size
published_bootstrap_tree_sensitivity,published_bootstrap_016,published_bootstrap_016,lambda,,,18,7,iod_cell_only,2,4,14.087256617501785,0.007021713199722,25.16417969442486,8.317739159256647,0.0156252109972269,0.006774575272043,False,False,False,6,1,relative_nuclear_iod_index; not_absolute_genome_size
published_bootstrap_tree_sensitivity,published_bootstrap_016,published_bootstrap_016,lambda,,,18,8,iod_nucleus_only,2,4,14.5666017308784,0.0056899186882405,25.64352480780148,8.797084272633263,0.0122952516443076,0.0053308149098182,False,False,False,6,1,relative_nuclear_iod_index; not_absolute_genome_size
published_bootstrap_tree_sensitivity,published_bootstrap_016,published_bootstrap_016,lambda,,,18,9,iod_collider,1,5,11.957231536898972,0.0025323291972252,26.957231536898973,10.11079100173076,0.0063748450069698,0.0027639221867141,False,False,False,6,1,relative_nuclear_iod_index; not_absolute_genome_size
published_bootstrap_tree_sensitivity,published_bootstrap_016,published_bootstrap_016,lambda,,,18,10,independent,3,3,24.465902861396216,0.0004286010123468742,32.18018857568193,15.33374804051372,0.0004680787437814231,0.00020294347919867252,False,False,False,6,1,relative_nuclear_iod_index; not_absolute_genome_size
published_bootstrap_tree_sensitivity,published_bootstrap_017,published_bootstrap_017,lambda,,,18,1,cell_bridge,1,5,1.846440535566107,0.397237767185353,16.846440535566106,0.0,1.0,0.4335669620495643,True,True,True,6,1,relative_nuclear_iod_index; not_absolute_genome_size
published_bootstrap_tree_sensitivity,published_bootstrap_017,published_bootstrap_017,lambda,,,18,2,nucleus_bridge,1,5,2.4389631472506137,0.2953832617099112,17.438963147250615,0.5925226116845081,0.7435930974108104,0.3223974002454308,True,True,True,6,1,relative_nuclear_iod_index; not_absolute_genome_size
published_bootstrap_tree_sensitivity,published_bootstrap_017,published_bootstrap_017,lambda,,,18,3,nucleus_cell_only,2,4,8.453626250463424,0.0763054146484694,19.530549327386503,2.684108791820396,0.2613082860968834,0.1132946397614041,True,False,False,6,1,relative_nuclear_iod_index; not_absolute_genome_size
published_bootstrap_tree_sensitivity,published_bootstrap_017,published_bootstrap_017,lambda,,,18,4,cell_collider,1,5,6.01466310321281,0.0494233867112494,21.01466310321281,4.168222567646705,0.1244176430187924,0.053943379509025,False,False,False,6,1,relative_nuclear_iod_index; not_absolute_genome_size
published_bootstrap_tree_sensitivity,published_bootstrap_017,published_bootstrap_017,lambda,,,18,5,nucleus_collider,1,5,6.494008212897534,0.0388905454114071,21.494008212897533,4.647567677331427,0.0979024368376852,0.0424472621169645,False,False,False,6,1,relative_nuclear_iod_index; not_absolute_genome_size
published_bootstrap_tree_sensitivity,published_bootstrap_017,published_bootstrap_017,lambda,,,18,6,iod_bridge,1,5,8.072593516603972,0.0176627609242023,23.072593516603973,6.226152981037867,0.0444639517771754,0.0192781004927482,False,False,False,6,1,relative_nuclear_iod_index; not_absolute_genome_size
published_bootstrap_tree_sensitivity,published_bootstrap_017,published_bootstrap_017,lambda,,,18,7,iod_cell_only,2,4,14.08725661981678,0.0070217131926048,25.164179696739858,8.317739161173751,0.0156252109822493,0.0067745752569573,False,False,False,6,1,relative_nuclear_iod_index; not_absolute_genome_size
published_bootstrap_tree_sensitivity,published_bootstrap_017,published_bootstrap_017,lambda,,,18,8,iod_nucleus_only,2,4,14.566601729501508,0.0056899186916848,25.643524806424583,8.797084270858477,0.0122952516552183,0.0053308149077878,False,False,False,6,1,relative_nuclear_iod_index; not_absolute_genome_size
published_bootstrap_tree_sensitivity,published_bootstrap_017,published_bootstrap_017,lambda,,,18,9,iod_collider,1,5,11.957231539240649,0.0025323291942602,26.957231539240645,10.11079100367454,0.0063748450007742,0.0027639221805225,False,False,False,6,1,relative_nuclear_iod_index; not_absolute_genome_size
published_bootstrap_tree_sensitivity,published_bootstrap_017,published_bootstrap_017,lambda,,,18,10,independent,3,3,24.46590285535099,0.00042860101344766033,32.180188569636705,15.3337480340706,0.0004680787452893668,0.0002029434795950826,False,False,False,6,1,relative_nuclear_iod_index; not_absolute_genome_size
published_bootstrap_tree_sensitivity,published_bootstrap_018,published_bootstrap_018,lambda,,,18,1,cell_bridge,1,5,1.8464405394340828,0.3972377664170998,16.846440539434084,0.0,1.0,0.4335669624639959,True,True,True,6,1,relative_nuclear_iod_index; not_absolute_genome_size
published_bootstrap_tree_sensitivity,published_bootstrap_018,published_bootstrap_018,lambda,,,18,2,nucleus_bridge,1,5,2.438963150030247,0.2953832612993826,17.438963150030247,0.5925226105961627,0.7435930978154534,0.3223974007290391,True,True,True,6,1,relative_nuclear_iod_index; not_absolute_genome_size
published_bootstrap_tree_sensitivity,published_bootstrap_018,published_bootstrap_018,lambda,,,18,3,nucleus_cell_only,2,4,8.453626266485855,0.0763054141541247,19.53054934340893,2.684108803974848,0.2613082845088539,0.1132946391811814,True,False,False,6,1,relative_nuclear_iod_index; not_absolute_genome_size
published_bootstrap_tree_sensitivity,published_bootstrap_018,published_bootstrap_018,lambda,,,18,4,cell_collider,1,5,6.014663116455608,0.0494233863839975,21.01466311645561,4.168222577021524,0.124417642435596,0.0539433793077329,False,False,False,6,1,relative_nuclear_iod_index; not_absolute_genome_size
published_bootstrap_tree_sensitivity,published_bootstrap_018,published_bootstrap_018,lambda,,,18,5,nucleus_collider,1,5,6.494008225383225,0.0388905451686194,21.494008225383222,4.6475676859491415,0.0979024364158376,0.0424472619746392,False,False,False,6,1,relative_nuclear_iod_index; not_absolute_genome_size
published_bootstrap_tree_sensitivity,published_bootstrap_018,published_bootstrap_018,lambda,,,18,6,iod_bridge,1,5,8.072593515367956,0.017662760935118,23.07259351536796,6.226152975933871,0.0444639518906473,0.0192781005603732,False,False,False,6,1,relative_nuclear_iod_index; not_absolute_genome_size
published_bootstrap_tree_sensitivity,published_bootstrap_018,published_bootstrap_018,lambda,,,18,7,iod_cell_only,2,4,14.087256631823564,0.0070217131556913,25.16417970874664,8.317739169312556,0.015625210918664,0.0067745752358644,False,False,False,6,1,relative_nuclear_iod_index; not_absolute_genome_size
published_bootstrap_tree_sensitivity,published_bootstrap_018,published_bootstrap_018,lambda,,,18,8,iod_nucleus_only,2,4,14.566601740751182,0.0056899186635438,25.64352481767426,8.797084278240174,0.0122952516098384,0.0053308148932081,False,False,False,6,1,relative_nuclear_iod_index; not_absolute_genome_size
published_bootstrap_tree_sensitivity,published_bootstrap_018,published_bootstrap_018,lambda,,,18,9,iod_collider,1,5,11.957231547407677,0.0025323291839194,26.957231547407677,10.110791007973589,0.0063748449870713,0.0027639221772233,False,False,False,6,1,relative_nuclear_iod_index; not_absolute_genome_size
published_bootstrap_tree_sensitivity,published_bootstrap_018,published_bootstrap_018,lambda,,,18,10,independent,3,3,24.465902889246507,0.0004286010072753754,32.18018860353222,15.333748064098138,0.00046807873826174034,0.00020294347674212256,False,False,False,6,1,relative_nuclear_iod_index; not_absolute_genome_size
published_bootstrap_tree_sensitivity,published_bootstrap_019,published_bootstrap_019,lambda,,,18,1,cell_bridge,1,5,1.846440535939053,0.3972377671112789,16.846440535939053,0.0,1.0,0.4335669619237027,True,True,True,6,1,relative_nuclear_iod_index; not_absolute_genome_size
published_bootstrap_tree_sensitivity,published_bootstrap_019,published_bootstrap_019,lambda,,,18,2,nucleus_bridge,1,5,2.438963147696717,0.2953832616440255,17.438963147696718,0.5925226117576656,0.7435930973836107,0.3223974001400481,True,True,True,6,1,relative_nuclear_iod_index; not_absolute_genome_size
published_bootstrap_tree_sensitivity,published_bootstrap_019,published_bootstrap_019,lambda,,,18,3,nucleus_cell_only,2,4,8.453626249237551,0.0763054146862916,19.530549326160628,2.6841087902215754,0.2613082863057759,0.1132946398190843,True,False,False,6,1,relative_nuclear_iod_index; not_absolute_genome_size
published_bootstrap_tree_sensitivity,published_bootstrap_019,published_bootstrap_019,lambda,,,18,4,cell_collider,1,5,6.014663101540835,0.0494233867525668,21.014663101540837,4.168222565601781,0.1244176431460048,0.0539433795485206,False,False,False,6,1,relative_nuclear_iod_index; not_absolute_genome_size
published_bootstrap_tree_sensitivity,published_bootstrap_019,published_bootstrap_019,lambda,,,18,5,nucleus_collider,1,5,6.49400821133912,0.0388905454417108,21.49400821133912,4.647567675400069,0.0979024369322275,0.0424472621456328,False,False,False,6,1,relative_nuclear_iod_index; not_absolute_genome_size
published_bootstrap_tree_sensitivity,published_bootstrap_019,published_bootstrap_019,lambda,,,18,6,iod_bridge,1,5,8.07259351101784,0.0176627609735356,23.072593511017843,6.22615297507879,0.0444639519096575,0.0192781005445918,False,False,False,6,1,relative_nuclear_iod_index; not_absolute_genome_size
published_bootstrap_tree_sensitivity,published_bootstrap_019,published_bootstrap_019,lambda,,,18,7,iod_cell_only,2,4,14.087256612558676,0.0070217132149189,25.164179689481752,8.3177391535427,0.0156252110418677,0.0067745752808392,False,False,False,6,1,relative_nuclear_iod_index; not_absolute_genome_size
published_bootstrap_tree_sensitivity,published_bootstrap_019,published_bootstrap_019,lambda,,,18,8,iod_nucleus_only,2,4,14.56660172235696,0.0056899187095569,25.64352479928004,8.797084263340984,0.012295251701433,0.0053308149262775,False,False,False,6,1,relative_nuclear_iod_index; not_absolute_genome_size
published_bootstrap_tree_sensitivity,published_bootstrap_019,published_bootstrap_019,lambda,,,18,9,iod_collider,1,5,11.957231531714,0.0025323292037902,26.957231531714,10.110790995774948,0.0063748450259535,0.0027639221906371,False,False,False,6,1,relative_nuclear_iod_index; not_absolute_genome_size
published_bootstrap_tree_sensitivity,published_bootstrap_019,published_bootstrap_019,lambda,,,18,10,independent,3,3,24.465902844593955,0.0004286010154064268,32.18018855887967,15.333748022940618,0.0004680787478942205,0.00020294348066554792,False,False,False,6,1,relative_nuclear_iod_index; not_absolute_genome_size
published_bootstrap_tree_sensitivity,published_bootstrap_020,published_bootstrap_020,lambda,,,18,1,cell_bridge,1,5,1.8464405345625536,0.3972377673846775,16.846440534562554,0.0,1.0,0.4335669631279435,True,True,True,6,1,relative_nuclear_iod_index; not_absolute_genome_size
published_bootstrap_tree_sensitivity,published_bootstrap_020,published_bootstrap_020,lambda,,,18,2,nucleus_bridge,1,5,2.438963151972636,0.295383261012508,17.438963151972636,0.5925226174100828,0.7435930952820614,0.3223974001243509,True,True,True,6,1,relative_nuclear_iod_index; not_absolute_genome_size
published_bootstrap_tree_sensitivity,published_bootstrap_020,published_bootstrap_020,lambda,,,18,3,nucleus_cell_only,2,4,8.453626263621304,0.0763054142425055,19.530549340544383,2.684108805981829,0.2613082842466335,0.1132946392409863,True,False,False,6,1,relative_nuclear_iod_index; not_absolute_genome_size
published_bootstrap_tree_sensitivity,published_bootstrap_020,published_bootstrap_020,lambda,,,18,4,cell_collider,1,5,6.014663111648668,0.0494233865027851,21.014663111648662,4.168222577086112,0.124417642431578,0.0539433793885976,False,False,False,6,1,relative_nuclear_iod_index; not_absolute_genome_size
published_bootstrap_tree_sensitivity,published_bootstrap_020,published_bootstrap_020,lambda,,,18,5,nucleus_collider,1,5,6.494008225975163,0.0388905451571091,21.494008225975165,4.647567691412611,0.0979024361483941,0.0424472619236866,False,False,False,6,1,relative_nuclear_iod_index; not_absolute_genome_size
published_bootstrap_tree_sensitivity,published_bootstrap_020,published_bootstrap_020,lambda,,,18,6,iod_bridge,1,5,8.072593523181254,0.0176627608661159,23.07259352318125,6.226152988618701,0.0444639516086385,0.0192781004676252,False,False,False,6,1,relative_nuclear_iod_index; not_absolute_genome_size
published_bootstrap_tree_sensitivity,published_bootstrap_020,published_bootstrap_020,lambda,,,18,7,iod_cell_only,2,4,14.087256634829922,0.0070217131464487,25.164179711753,8.317739177190447,0.0156252108571172,0.006774575219554,False,False,False,6,1,relative_nuclear_iod_index; not_absolute_genome_size
published_bootstrap_tree_sensitivity,published_bootstrap_020,published_bootstrap_020,lambda,,,18,8,iod_nucleus_only,2,4,14.566601749156415,0.0056899186425181,25.64352482607949,8.797084291516938,0.0122952515282178,0.0053308148659836,False,False,False,6,1,relative_nuclear_iod_index; not_absolute_genome_size
published_bootstrap_tree_sensitivity,published_bootstrap_020,published_bootstrap_020,lambda,,,18,9,iod_collider,1,5,11.957231554444045,0.0025323291750102,26.957231554444043,10.11079101988149,0.0063748449491158,0.0027639221649996,False,False,False,6,1,relative_nuclear_iod_index; not_absolute_genome_size
published_bootstrap_tree_sensitivity,published_bootstrap_020,published_bootstrap_020,lambda,,,18,10,independent,3,3,24.465902892067877,0.0004286010067616752,32.18018860635359,15.333748071791035,0.0004680787364612996,0.00020294347627229065,False,False,False,6,1,relative_nuclear_iod_index; not_absolute_genome_size
published_bootstrap_tree_sensitivity,published_bootstrap_021,published_bootstrap_021,lambda,,,18,1,cell_bridge,1,5,1.8464404837235364,0.3972377774822666,16.846440483723537,0.0,1.0,0.4335669606931681,True,True,True,6,1,relative_nuclear_iod_index; not_absolute_genome_size
published_bootstrap_tree_sensitivity,published_bootstrap_021,published_bootstrap_021,lambda,,,18,2,nucleus_bridge,1,5,2.438963149825825,0.2953832613295741,17.438963149825824,0.5925226661022869,0.7435930771784682,0.3223973904647488,True,True,True,6,1,relative_nuclear_iod_index; not_absolute_genome_size
published_bootstrap_tree_sensitivity,published_bootstrap_021,published_bootstrap_021,lambda,,,18,3,nucleus_cell_only,2,4,8.453626089356646,0.0763054196191431,19.530549166279723,2.684108682556186,0.2613083003727055,0.1132946455964913,True,False,False,6,1,relative_nuclear_iod_index; not_absolute_genome_size
published_bootstrap_tree_sensitivity,published_bootstrap_021,published_bootstrap_021,lambda,,,18,4,cell_collider,1,5,6.014662939530822,0.0494233907561088,21.014662939530822,4.168222455807285,0.1244176499761911,0.0539433823567636,False,False,False,6,1,relative_nuclear_iod_index; not_absolute_genome_size
published_bootstrap_tree_sensitivity,published_bootstrap_021,published_bootstrap_021,lambda,,,18,5,nucleus_collider,1,5,6.494008092792024,0.0388905477468916,21.494008092792026,4.647567609068485,0.0979024401792394,0.0424472634329575,False,False,False,6,1,relative_nuclear_iod_index; not_absolute_genome_size
published_bootstrap_tree_sensitivity,published_bootstrap_021,published_bootstrap_021,lambda,,,18,6,iod_bridge,1,5,8.072593454787649,0.0176627614701259,23.07259345478765,6.2261529710641135,0.0444639519989117,0.019278100528575,False,False,False,6,1,relative_nuclear_iod_index; not_absolute_genome_size
published_bootstrap_tree_sensitivity,published_bootstrap_021,published_bootstrap_021,lambda,,,18,7,iod_cell_only,2,4,14.087256394318471,0.0070217138858722,25.164179471241543,8.317738987518009,0.0156252123389532,0.0067745758239853,False,False,False,6,1,relative_nuclear_iod_index; not_absolute_genome_size
published_bootstrap_tree_sensitivity,published_bootstrap_021,published_bootstrap_021,lambda,,,18,8,iod_nucleus_only,2,4,14.566601547579673,0.0056899191467627,25.64352462450275,8.797084140779212,0.012295252454897,0.0053308152378249,False,False,False,6,1,relative_nuclear_iod_index; not_absolute_genome_size
published_bootstrap_tree_sensitivity,published_bootstrap_021,published_bootstrap_021,lambda,,,18,9,iod_collider,1,5,11.957231362112449,0.0025323294185337,26.957231362112445,10.110790878388908,0.0063748454001124,0.0027639223450155,False,False,False,6,1,relative_nuclear_iod_index; not_absolute_genome_size
published_bootstrap_tree_sensitivity,published_bootstrap_021,published_bootstrap_021,lambda,,,18,10,independent,3,3,24.465902394435293,0.0004286010973783005,32.18018810872101,15.333747624997477,0.00046807884102859385,0.000202943520469548,False,False,False,6,1,relative_nuclear_iod_index; not_absolute_genome_size
published_bootstrap_tree_sensitivity,published_bootstrap_022,published_bootstrap_022,lambda,,,18,1,cell_bridge,1,5,1.8464405358082885,0.3972377671372512,16.846440535808288,0.0,1.0,0.4335669621236891,True,True,True,6,1,relative_nuclear_iod_index; not_absolute_genome_size
published_bootstrap_tree_sensitivity,published_bootstrap_022,published_bootstrap_022,lambda,,,18,2,nucleus_bridge,1,5,2.438963148471406,0.2953832615296103,17.438963148471405,0.5925226126631173,0.7435930970469669,0.322397400142799,True,True,True,6,1,relative_nuclear_iod_index; not_absolute_genome_size
published_bootstrap_tree_sensitivity,published_bootstrap_022,published_bootstrap_022,lambda,,,18,3,nucleus_cell_only,2,4,8.453626251862655,0.0763054146052986,19.53054932878573,2.684108792977444,0.2613082859457103,0.1132946397152299,True,False,False,6,1,relative_nuclear_iod_index; not_absolute_genome_size
published_bootstrap_tree_sensitivity,published_bootstrap_022,published_bootstrap_022,lambda,,,18,4,cell_collider,1,5,6.01466310339125,0.0494233867068399,21.01466310339125,4.168222567582962,0.1244176430227578,0.0539433795199667,False,False,False,6,1,relative_nuclear_iod_index; not_absolute_genome_size
published_bootstrap_tree_sensitivity,published_bootstrap_022,published_bootstrap_022,lambda,,,18,5,nucleus_collider,1,5,6.494008213919572,0.0388905453915333,21.49400821391957,4.647567678111283,0.0979024367995103,0.0424472621076701,False,False,False,6,1,relative_nuclear_iod_index; not_absolute_genome_size
published_bootstrap_tree_sensitivity,published_bootstrap_022,published_bootstrap_022,lambda,,,18,6,iod_bridge,1,5,8.072593512743918,0.017662760958292,23.07259351274392,6.22615297693563,0.0444639518683762,0.0192781005355858,False,False,False,6,1,relative_nuclear_iod_index; not_absolute_genome_size
published_bootstrap_tree_sensitivity,published_bootstrap_022,published_bootstrap_022,lambda,,,18,7,iod_cell_only,2,4,14.087256616135168,0.0070217132039234,25.164179693058244,8.317739157249957,0.0156252110129044,0.0067745752714065,False,False,False,6,1,relative_nuclear_iod_index; not_absolute_genome_size
published_bootstrap_tree_sensitivity,published_bootstrap_022,published_bootstrap_022,lambda,,,18,8,iod_nucleus_only,2,4,14.566601726663489,0.0056899186987842,25.643524803586565,8.797084267778278,0.0122952516741542,0.0053308149169092,False,False,False,6,1,relative_nuclear_iod_index; not_absolute_genome_size
published_bootstrap_tree_sensitivity,published_bootstrap_022,published_bootstrap_022,lambda,,,18,9,iod_collider,1,5,11.957231535276197,0.0025323291992799,26.9572315352762,10.110790999467907,0.0063748450141825,0.0027639221868084,False,False,False,6,1,relative_nuclear_iod_index; not_absolute_genome_size
published_bootstrap_tree_sensitivity,published_bootstrap_022,published_bootstrap_022,lambda,,,18,10,independent,3,3,24.465902852587018,0.0004286010139509244,32.18018856687273,15.333748031064442,0.00046807874599292593,0.00020294347993481883,False,False,False,6,1,relative_nuclear_iod_index; not_absolute_genome_size
published_bootstrap_tree_sensitivity,published_bootstrap_023,published_bootstrap_023,lambda,,,18,1,cell_bridge,1,5,1.846440544179888,0.3972377654744935,16.846440544179888,0.0,1.0,0.4335669633418544,True,True,True,6,1,relative_nuclear_iod_index; not_absolute_genome_size
published_bootstrap_tree_sensitivity,published_bootstrap_023,published_bootstrap_023,lambda,,,18,2,nucleus_bridge,1,5,2.438963154599465,0.2953832606245474,17.438963154599463,0.5925226104195751,0.7435930978811081,0.3223974014102744,True,True,True,6,1,relative_nuclear_iod_index; not_absolute_genome_size
published_bootstrap_tree_sensitivity,published_bootstrap_023,published_bootstrap_023,lambda,,,18,3,nucleus_cell_only,2,4,8.453626291737386,0.076305413375032,19.530549368660463,2.684108824480574,0.2613082818296958,0.1132946382489786,True,False,False,6,1,relative_nuclear_iod_index; not_absolute_genome_size
published_bootstrap_tree_sensitivity,published_bootstrap_023,published_bootstrap_023,lambda,,,18,4,cell_collider,1,5,6.014663137137921,0.0494233858729025,21.014663137137923,4.168222592958035,0.1244176414442044,0.0539433789871193,False,False,False,6,1,relative_nuclear_iod_index; not_absolute_genome_size
published_bootstrap_tree_sensitivity,published_bootstrap_023,published_bootstrap_023,lambda,,,18,5,nucleus_collider,1,5,6.494008246059443,0.0388905447665647,21.494008246059444,4.647567701879556,0.0979024356360244,0.0424472617224824,False,False,False,6,1,relative_nuclear_iod_index; not_absolute_genome_size
published_bootstrap_tree_sensitivity,published_bootstrap_023,published_bootstrap_023,lambda,,,18,6,iod_bridge,1,5,8.072593518423991,0.0176627609081291,23.072593518423997,6.226152974244105,0.0444639519282142,0.019278100615694,False,False,False,6,1,relative_nuclear_iod_index; not_absolute_genome_size
published_bootstrap_tree_sensitivity,published_bootstrap_023,published_bootstrap_023,lambda,,,18,7,iod_cell_only,2,4,14.087256655561912,0.0070217130827107,25.16417973248499,8.3177391883051,0.0156252107702828,0.0067745751852479,False,False,False,6,1,relative_nuclear_iod_index; not_absolute_genome_size
published_bootstrap_tree_sensitivity,published_bootstrap_023,published_bootstrap_023,lambda,,,18,8,iod_nucleus_only,2,4,14.566601764483432,0.0056899186041775,25.64352484140651,8.797084297226622,0.0122952514931168,0.005330814853395,False,False,False,6,1,relative_nuclear_iod_index; not_absolute_genome_size
published_bootstrap_tree_sensitivity,published_bootstrap_023,published_bootstrap_023,lambda,,,18,9,iod_collider,1,5,11.957231566190105,0.0025323291601377,26.957231566190103,10.110791022010217,0.0063748449423306,0.0027639221634214,False,False,False,6,1,relative_nuclear_iod_index; not_absolute_genome_size
published_bootstrap_tree_sensitivity,published_bootstrap_023,published_bootstrap_023,lambda,,,18,10,independent,3,3,24.465902949387463,0.0004286009963240245,32.18018866367318,15.33374811949329,0.00046807872529709417,0.0002029434715319872,False,False,False,6,1,relative_nuclear_iod_index; not_absolute_genome_size
published_bootstrap_tree_sensitivity,published_bootstrap_024,published_bootstrap_024,lambda,,,18,1,cell_bridge,1,5,1.8464405303843905,0.3972377682145398,16.846440530384392,0.0,1.0,0.4335669627749734,True,True,True,6,1,relative_nuclear_iod_index; not_absolute_genome_size
published_bootstrap_tree_sensitivity,published_bootstrap_024,published_bootstrap_024,lambda,,,18,2,nucleus_bridge,1,5,2.4389631517306536,0.2953832610482467,17.438963151730654,0.5925226213462622,0.7435930938186035,0.3223973992273777,True,True,True,6,1,relative_nuclear_iod_index; not_absolute_genome_size
published_bootstrap_tree_sensitivity,published_bootstrap_024,published_bootstrap_024,lambda,,,18,3,nucleus_cell_only,2,4,8.453626246830693,0.076305414760551,19.530549323753768,2.684108793369376,0.2613082858945028,0.1132946398632139,True,False,False,6,1,relative_nuclear_iod_index; not_absolute_genome_size
published_bootstrap_tree_sensitivity,published_bootstrap_024,published_bootstrap_024,lambda,,,18,4,cell_collider,1,5,6.014663095100039,0.0494233869117297,21.01466309510004,4.168222564715649,0.12441764320113,0.0539433796783342,False,False,False,6,1,relative_nuclear_iod_index; not_absolute_genome_size
published_bootstrap_tree_sensitivity,published_bootstrap_024,published_bootstrap_024,lambda,,,18,5,nucleus_collider,1,5,6.4940082126006695,0.0388905454171797,21.49400821260067,4.647567682216277,0.0979024365985658,0.0424472620843096,False,False,False,6,1,relative_nuclear_iod_index; not_absolute_genome_size
published_bootstrap_tree_sensitivity,published_bootstrap_024,published_bootstrap_024,lambda,,,18,6,iod_bridge,1,5,8.072593513643659,0.017662760950346,23.07259351364366,6.226152983259269,0.0444639517277893,0.0192781005035906,False,False,False,6,1,relative_nuclear_iod_index; not_absolute_genome_size
published_bootstrap_tree_sensitivity,published_bootstrap_024,published_bootstrap_024,lambda,,,18,7,iod_cell_only,2,4,14.087256608743695,0.0070217132266476,25.16417968566677,8.317739155282382,0.0156252110282763,0.0067745752882477,False,False,False,6,1,relative_nuclear_iod_index; not_absolute_genome_size
published_bootstrap_tree_sensitivity,published_bootstrap_024,published_bootstrap_024,lambda,,,18,8,iod_nucleus_only,2,4,14.566601726244327,0.0056899186998327,25.64352480316741,8.797084272783014,0.0122952516433869,0.0053308149115772,False,False,False,6,1,relative_nuclear_iod_index; not_absolute_genome_size
published_bootstrap_tree_sensitivity,published_bootstrap_024,published_bootstrap_024,lambda,,,18,9,iod_collider,1,5,11.957231532413887,0.002532329202904,26.95723153241389,10.110791002029494,0.0063748450060176,0.0027639221874202,False,False,False,6,1,relative_nuclear_iod_index; not_absolute_genome_size
published_bootstrap_tree_sensitivity,published_bootstrap_024,published_bootstrap_024,lambda,,,18,10,independent,3,3,24.465902840114595,0.00042860101622210767,32.18018855440031,15.333748024015918,0.000468078747642558,0.0002029434809548971,False,False,False,6,1,relative_nuclear_iod_index; not_absolute_genome_size
published_bootstrap_tree_sensitivity,published_bootstrap_025,published_bootstrap_025,lambda,,,18,1,cell_bridge,1,5,1.8464405358628917,0.397237767126406,16.846440535862893,0.0,1.0,0.43356696154378,True,True,True,6,1,relative_nuclear_iod_index; not_absolute_genome_size
published_bootstrap_tree_sensitivity,published_bootstrap_025,published_bootstrap_025,lambda,,,18,2,nucleus_bridge,1,5,2.438963146964825,0.2953832617521198,17.438963146964824,0.5925226111019306,0.7435930976274107,0.3223973999632438,True,True,True,6,1,relative_nuclear_iod_index; not_absolute_genome_size
published_bootstrap_tree_sensitivity,published_bootstrap_025,published_bootstrap_025,lambda,,,18,3,nucleus_cell_only,2,4,8.453626243110955,0.0763054148753172,19.530549320034037,2.6841087841711406,0.2613082870962903,0.1132946400625483,True,False,False,6,1,relative_nuclear_iod_index; not_absolute_genome_size
published_bootstrap_tree_sensitivity,published_bootstrap_025,published_bootstrap_025,lambda,,,18,4,cell_collider,1,5,6.01466309614613,0.0494233868858791,21.01466309614613,4.168222560283237,0.1244176434768651,0.0539433796447017,False,False,False,6,1,relative_nuclear_iod_index; not_absolute_genome_size
published_bootstrap_tree_sensitivity,published_bootstrap_025,published_bootstrap_025,lambda,,,18,5,nucleus_collider,1,5,6.494008205451358,0.0388905455562,21.49400820545136,4.647567669588465,0.0979024372167126,0.0424472622317808,False,False,False,6,1,relative_nuclear_iod_index; not_absolute_genome_size
published_bootstrap_tree_sensitivity,published_bootstrap_025,published_bootstrap_025,lambda,,,18,6,iod_bridge,1,5,8.072593504048655,0.0176627610350832,23.07259350404865,6.226152968185762,0.0444639520629031,0.0192781005941412,False,False,False,6,1,relative_nuclear_iod_index; not_absolute_genome_size
published_bootstrap_tree_sensitivity,published_bootstrap_025,published_bootstrap_025,lambda,,,18,7,iod_cell_only,2,4,14.087256600194785,0.0070217132529302,25.16417967711786,8.317739141254968,0.0156252111378669,0.006774575316525,False,False,False,6,1,relative_nuclear_iod_index; not_absolute_genome_size
published_bootstrap_tree_sensitivity,published_bootstrap_025,published_bootstrap_025,lambda,,,18,8,iod_nucleus_only,2,4,14.566601709500013,0.0056899187417186,25.64352478642309,8.797084250560196,0.0122952517800045,0.0053308149556723,False,False,False,6,1,relative_nuclear_iod_index; not_absolute_genome_size
published_bootstrap_tree_sensitivity,published_bootstrap_025,published_bootstrap_025,lambda,,,18,9,iod_collider,1,5,11.957231519666312,0.0025323292190445,26.957231519666312,10.11079098380342,0.0063748450641118,0.0027639222047593,False,False,False,6,1,relative_nuclear_iod_index; not_absolute_genome_size
published_bootstrap_tree_sensitivity,published_bootstrap_025,published_bootstrap_025,lambda,,,18,10,independent,3,3,24.4659028212638,0.00042860101965480624,32.18018853554952,15.333747999686626,0.0004680787533365704,0.0002029434828473373,False,False,False,6,1,relative_nuclear_iod_index; not_absolute_genome_size
published_bootstrap_tree_sensitivity,published_bootstrap_026,published_bootstrap_026,lambda,,,18,1,cell_bridge,1,5,1.8464405377887845,0.3972377667438873,16.846440537788784,0.0,1.0,0.4335669625166109,True,True,True,6,1,relative_nuclear_iod_index; not_absolute_genome_size
published_bootstrap_tree_sensitivity,published_bootstrap_026,published_bootstrap_026,lambda,,,18,2,nucleus_bridge,1,5,2.4389631492842883,0.2953832614095545,17.438963149284287,0.5925226114955038,0.7435930974810815,0.3223974006231906,True,True,True,6,1,relative_nuclear_iod_index; not_absolute_genome_size
published_bootstrap_tree_sensitivity,published_bootstrap_026,published_bootstrap_026,lambda,,,18,3,nucleus_cell_only,2,4,8.453626263241228,0.0763054142542322,19.530549340164303,2.684108802375522,0.2613082847178123,0.1132946392855276,True,False,False,6,1,relative_nuclear_iod_index; not_absolute_genome_size
published_bootstrap_tree_sensitivity,published_bootstrap_026,published_bootstrap_026,lambda,,,18,4,cell_collider,1,5,6.01466311395694,0.0494233864457438,21.01466311395694,4.168222576168155,0.124417642488683,0.0539433793372959,False,False,False,6,1,relative_nuclear_iod_index; not_absolute_genome_size
published_bootstrap_tree_sensitivity,published_bootstrap_026,published_bootstrap_026,lambda,,,18,5,nucleus_collider,1,5,6.494008223536108,0.0388905452045371,21.494008223536103,4.6475676857473225,0.0979024364257169,0.0424472619840736,False,False,False,6,1,relative_nuclear_iod_index; not_absolute_genome_size
published_bootstrap_tree_sensitivity,published_bootstrap_026,published_bootstrap_026,lambda,,,18,6,iod_bridge,1,5,8.072593520104567,0.0176627608932873,23.07259352010457,6.226152982315785,0.0444639517487648,0.0192781005011971,False,False,False,6,1,relative_nuclear_iod_index; not_absolute_genome_size
published_bootstrap_tree_sensitivity,published_bootstrap_026,published_bootstrap_026,lambda,,,18,7,iod_cell_only,2,4,14.087256634061507,0.007021713148811,25.164179710984584,8.3177391731958,0.0156252108883258,0.0067745752235329,False,False,False,6,1,relative_nuclear_iod_index; not_absolute_genome_size
published_bootstrap_tree_sensitivity,published_bootstrap_026,published_bootstrap_026,lambda,,,18,8,iod_nucleus_only,2,4,14.566601743640677,0.0056899186563157,25.64352482056375,8.797084282774968,0.0122952515819602,0.005330814881768,False,False,False,6,1,relative_nuclear_iod_index; not_absolute_genome_size
published_bootstrap_tree_sensitivity,published_bootstrap_026,published_bootstrap_026,lambda,,,18,9,iod_collider,1,5,11.957231551130542,0.0025323291792056,26.95723155113054,10.110791013341755,0.0063748449699607,0.0027639221701401,False,False,False,6,1,relative_nuclear_iod_index; not_absolute_genome_size
published_bootstrap_tree_sensitivity,published_bootstrap_026,published_bootstrap_026,lambda,,,18,10,independent,3,3,24.46590288862359,0.0004286010073888402,32.180188602909304,15.33374806512052,0.0004680787380224626,0.0002029434766630076,False,False,False,6,1,relative_nuclear_iod_index; not_absolute_genome_size
published_bootstrap_tree_sensitivity,published_bootstrap_027,published_bootstrap_027,lambda,,,18,1,cell_bridge,1,5,1.8464405352418445,0.3972377672497577,16.846440535241843,0.0,1.0,0.4335669619582686,True,True,True,6,1,relative_nuclear_iod_index; not_absolute_genome_size
published_bootstrap_tree_sensitivity,published_bootstrap_027,published_bootstrap_027,lambda,,,18,2,nucleus_bridge,1,5,2.438963149220149,0.2953832614190272,17.43896314922015,0.5925226139783071,0.7435930965579838,0.3223973998077865,True,True,True,6,1,relative_nuclear_iod_index; not_absolute_genome_size
published_bootstrap_tree_sensitivity,published_bootstrap_027,published_bootstrap_027,lambda,,,18,3,nucleus_cell_only,2,4,8.453626247377885,0.0763054147436684,19.530549324300964,2.6841087890591204,0.2613082864576554,0.1132946398939666,True,False,False,6,1,relative_nuclear_iod_index; not_absolute_genome_size
published_bootstrap_tree_sensitivity,published_bootstrap_027,published_bootstrap_027,lambda,,,18,4,cell_collider,1,5,6.014663098157737,0.0494233868361688,21.014663098157737,4.1682225629158935,0.1244176433130906,0.0539433796252642,False,False,False,6,1,relative_nuclear_iod_index; not_absolute_genome_size
published_bootstrap_tree_sensitivity,published_bootstrap_027,published_bootstrap_027,lambda,,,18,5,nucleus_collider,1,5,6.494008209812498,0.0388905454713964,21.4940082098125,4.647567674570656,0.0979024369728283,0.04244726216662,False,False,False,6,1,relative_nuclear_iod_index; not_absolute_genome_size
published_bootstrap_tree_sensitivity,published_bootstrap_027,published_bootstrap_027,lambda,,,18,6,iod_bridge,1,5,8.072593504370847,0.0176627610322377,23.072593504370847,6.226152969129004,0.044463952041933,0.019278100603479,False,False,False,6,1,relative_nuclear_iod_index; not_absolute_genome_size
published_bootstrap_tree_sensitivity,published_bootstrap_027,published_bootstrap_027,lambda,,,18,7,iod_cell_only,2,4,14.087256602528583,0.0070217132457552,25.16417967945166,8.317739144209817,0.0156252111147818,0.0067745753129925,False,False,False,6,1,relative_nuclear_iod_index; not_absolute_genome_size
published_bootstrap_tree_sensitivity,published_bootstrap_027,published_bootstrap_027,lambda,,,18,8,iod_nucleus_only,2,4,14.566601714183346,0.0056899187300033,25.643524791106422,8.79708425586458,0.0122952517473952,0.0053308149466302,False,False,False,6,1,relative_nuclear_iod_index; not_absolute_genome_size
published_bootstrap_tree_sensitivity,published_bootstrap_027,published_bootstrap_027,lambda,,,18,9,iod_collider,1,5,11.95723152228392,0.0025323292157303,26.95723152228392,10.110790987042076,0.0063748450537889,0.0027639222029259,False,False,False,6,1,relative_nuclear_iod_index; not_absolute_genome_size
published_bootstrap_tree_sensitivity,published_bootstrap_027,published_bootstrap_027,lambda,,,18,10,independent,3,3,24.465902830254155,0.00042860101801767136,32.180188544539874,15.33374800929803,0.00046807875108712313,0.00020294348206606464,False,False,False,6,1,relative_nuclear_iod_index; not_absolute_genome_size
published_bootstrap_tree_sensitivity,published_bootstrap_028,published_bootstrap_028,lambda,,,18,1,cell_bridge,1,5,1.8464405409770923,0.397237766110629,16.846440540977092,0.0,1.0,0.4335669628036937,True,True,True,6,1,relative_nuclear_iod_index; not_absolute_genome_size
published_bootstrap_tree_sensitivity,published_bootstrap_028,published_bootstrap_028,lambda,,,18,2,nucleus_bridge,1,5,2.4389631495773214,0.2953832613662759,17.438963149577322,0.5925226086002304,0.7435930985575342,0.3223974013033778,True,True,True,6,1,relative_nuclear_iod_index; not_absolute_genome_size
published_bootstrap_tree_sensitivity,published_bootstrap_028,published_bootstrap_028,lambda,,,18,3,nucleus_cell_only,2,4,8.453626276302856,0.076305413851238,19.530549353225933,2.684108812248841,0.2613082834278225,0.1132946388012477,True,False,False,6,1,relative_nuclear_iod_index; not_absolute_genome_size
published_bootstrap_tree_sensitivity,published_bootstrap_028,published_bootstrap_028,lambda,,,18,4,cell_collider,1,5,6.014663126725535,0.0494233861302102,21.014663126725534,4.168222585748442,0.1244176418927047,0.0539433791146176,False,False,False,6,1,relative_nuclear_iod_index; not_absolute_genome_size
published_bootstrap_tree_sensitivity,published_bootstrap_028,published_bootstrap_028,lambda,,,18,5,nucleus_collider,1,5,6.494008233972253,0.0388905450016034,21.49400823397225,4.64756769299516,0.0979024360709264,0.0424472618583543,False,False,False,6,1,relative_nuclear_iod_index; not_absolute_genome_size
published_bootstrap_tree_sensitivity,published_bootstrap_028,published_bootstrap_028,lambda,,,18,6,iod_bridge,1,5,8.07259352734428,0.0176627608293507,23.07259352734428,6.22615298636719,0.044463951658694,0.0192781004749102,False,False,False,6,1,relative_nuclear_iod_index; not_absolute_genome_size
published_bootstrap_tree_sensitivity,published_bootstrap_028,published_bootstrap_028,lambda,,,18,7,iod_cell_only,2,4,14.087256654069815,0.0070217130872979,25.16417973099289,8.3177391900158,0.0156252107569178,0.0067745751710444,False,False,False,6,1,relative_nuclear_iod_index; not_absolute_genome_size
published_bootstrap_tree_sensitivity,published_bootstrap_028,published_bootstrap_028,lambda,,,18,8,iod_nucleus_only,2,4,14.566601761316534,0.0056899186120995,25.64352483823961,8.797084297262519,0.0122952514928961,0.0053308148466825,False,False,False,6,1,relative_nuclear_iod_index; not_absolute_genome_size
published_bootstrap_tree_sensitivity,published_bootstrap_028,published_bootstrap_028,lambda,,,18,9,iod_collider,1,5,11.957231568031348,0.0025323291578065,26.957231568031347,10.110791027054256,0.0063748449262532,0.0027639221530201,False,False,False,6,1,relative_nuclear_iod_index; not_absolute_genome_size
published_bootstrap_tree_sensitivity,published_bootstrap_028,published_bootstrap_028,lambda,,,18,10,independent,3,3,24.465902928729136,0.0004286010000857932,32.18018864301485,15.33374810203776,0.0004680787293823754,0.00020294347305132855,False,False,False,6,1,relative_nuclear_iod_index; not_absolute_genome_size
published_bootstrap_tree_sensitivity,published_bootstrap_029,published_bootstrap_029,lambda,,,18,1,cell_bridge,1,5,1.84644052908093,0.3972377684734316,16.84644052908093,0.0,1.0,0.4335669636046548,True,True,True,6,1,relative_nuclear_iod_index; not_absolute_genome_size
published_bootstrap_tree_sensitivity,published_bootstrap_029,published_bootstrap_029,lambda,,,18,2,nucleus_bridge,1,5,2.4389631504005505,0.2953832612446919,17.43896315040055,0.5925226213196204,0.7435930938285088,0.3223973998486177,True,True,True,6,1,relative_nuclear_iod_index; not_absolute_genome_size
published_bootstrap_tree_sensitivity,published_bootstrap_029,published_bootstrap_029,lambda,,,18,3,nucleus_cell_only,2,4,8.453626257387132,0.0763054144348502,19.53054933431021,2.684108805229279,0.2613082843449573,0.1132946394081848,True,False,False,6,1,relative_nuclear_iod_index; not_absolute_genome_size
published_bootstrap_tree_sensitivity,published_bootstrap_029,published_bootstrap_029,lambda,,,18,4,cell_collider,1,5,6.014663106986582,0.0494233866179931,21.014663106986585,4.168222577905652,0.1244176423805954,0.0539433794258045,False,False,False,6,1,relative_nuclear_iod_index; not_absolute_genome_size
published_bootstrap_tree_sensitivity,published_bootstrap_029,published_bootstrap_029,lambda,,,18,5,nucleus_collider,1,5,6.494008224209061,0.0388905451914514,21.49400822420906,4.647567695128132,0.0979024359665148,0.042447261891501,False,False,False,6,1,relative_nuclear_iod_index; not_absolute_genome_size
published_bootstrap_tree_sensitivity,published_bootstrap_029,published_bootstrap_029,lambda,,,18,6,iod_bridge,1,5,8.072593542851655,0.0176627606923991,23.072593542851656,6.226153013770727,0.0444639510494593,0.01927810024638,False,False,False,6,1,relative_nuclear_iod_index; not_absolute_genome_size
published_bootstrap_tree_sensitivity,published_bootstrap_029,published_bootstrap_029,lambda,,,18,7,iod_cell_only,2,4,14.087256649838237,0.0070217131003074,25.16417972676131,8.317739197680382,0.0156252106970374,0.0067745751575975,False,False,False,6,1,relative_nuclear_iod_index; not_absolute_genome_size
published_bootstrap_tree_sensitivity,published_bootstrap_029,published_bootstrap_029,lambda,,,18,8,iod_nucleus_only,2,4,14.566601767060716,0.0056899185977304,25.64352484398379,8.797084314902861,0.0122952513844499,0.0053308148095118,False,False,False,6,1,relative_nuclear_iod_index; not_absolute_genome_size
published_bootstrap_tree_sensitivity,published_bootstrap_029,published_bootstrap_029,lambda,,,18,9,iod_collider,1,5,11.95723157420034,0.0025323291499955,26.957231574200343,10.110791045119411,0.0063748448686719,0.0027639221331607,False,False,False,6,1,relative_nuclear_iod_index; not_absolute_genome_size
published_bootstrap_tree_sensitivity,published_bootstrap_029,published_bootstrap_029,lambda,,,18,10,independent,3,3,24.465902905395986,0.0004286010043347277,32.1801886196817,15.333748090600771,0.00046807873205908086,0.00020294347458677247,False,False,False,6,1,relative_nuclear_iod_index; not_absolute_genome_size
published_bootstrap_tree_sensitivity,published_bootstrap_030,published_bootstrap_030,lambda,,,18,1,cell_bridge,1,5,1.846440528251836,0.3972377686381053,16.846440528251836,0.0,1.0,0.4335669634041048,True,True,True,6,1,relative_nuclear_iod_index; not_absolute_genome_size
published_bootstrap_tree_sensitivity,published_bootstrap_030,published_bootstrap_030,lambda,,,18,2,nucleus_bridge,1,5,2.438963149716232,0.29538326134576,17.438963149716233,0.592522621464397,0.7435930937746814,0.3223973996761524,True,True,True,6,1,relative_nuclear_iod_index; not_absolute_genome_size
published_bootstrap_tree_sensitivity,published_bootstrap_030,published_bootstrap_030,lambda,,,18,3,nucleus_cell_only,2,4,8.45362625216366,0.0763054145960115,19.53054932908674,2.6841088008349026,0.2613082849191008,0.1132946396047091,True,False,False,6,1,relative_nuclear_iod_index; not_absolute_genome_size
published_bootstrap_tree_sensitivity,published_bootstrap_030,published_bootstrap_030,lambda,,,18,4,cell_collider,1,5,6.014663102447429,0.0494233867301633,21.01466310244743,4.1682225741955925,0.1244176426113938,0.0539433795009192,False,False,False,6,1,relative_nuclear_iod_index; not_absolute_genome_size
published_bootstrap_tree_sensitivity,published_bootstrap_030,published_bootstrap_030,lambda,,,18,5,nucleus_collider,1,5,6.494008219778486,0.0388905452776051,21.49400821977849,4.64756769152665,0.0979024361428118,0.0424472619483031,False,False,False,6,1,relative_nuclear_iod_index; not_absolute_genome_size
published_bootstrap_tree_sensitivity,published_bootstrap_030,published_bootstrap_030,lambda,,,18,6,iod_bridge,1,5,8.072593540452804,0.0176627607135843,23.072593540452804,6.226153012200967,0.0444639510843581,0.0192781002525938,False,False,False,6,1,relative_nuclear_iod_index; not_absolute_genome_size
published_bootstrap_tree_sensitivity,published_bootstrap_030,published_bootstrap_030,lambda,,,18,7,iod_cell_only,2,4,14.087256642900233,0.0070217131216374,25.16417971982331,8.317739191571473,0.0156252107447639,0.0067745751751565,False,False,False,6,1,relative_nuclear_iod_index; not_absolute_genome_size
published_bootstrap_tree_sensitivity,published_bootstrap_030,published_bootstrap_030,lambda,,,18,8,iod_nucleus_only,2,4,14.56660176023129,0.0056899186148142,25.643524837154366,8.79708430890253,0.0122952514213377,0.0053308148230394,False,False,False,6,1,relative_nuclear_iod_index; not_absolute_genome_size
published_bootstrap_tree_sensitivity,published_bootstrap_030,published_bootstrap_030,lambda,,,18,9,iod_collider,1,5,11.957231568156336,0.0025323291576482,26.957231568156335,10.110791039904502,0.006374844885294,0.0027639221390891,False,False,False,6,1,relative_nuclear_iod_index; not_absolute_genome_size
published_bootstrap_tree_sensitivity,published_bootstrap_030,published_bootstrap_030,lambda,,,18,10,independent,3,3,24.465902890382253,0.0004286010070686519,32.18018860466797,15.333748076416132,0.00046807873537884487,0.0002029434759322393,False,False,False,6,1,relative_nuclear_iod_index; not_absolute_genome_size
published_bootstrap_tree_sensitivity,published_bootstrap_031,published_bootstrap_031,lambda,,,18,1,cell_bridge,1,5,1.846440536437426,0.3972377670122927,16.846440536437427,0.0,1.0,0.4335669615095337,True,True,True,6,1,relative_nuclear_iod_index; not_absolute_genome_size
published_bootstrap_tree_sensitivity,published_bootstrap_031,published_bootstrap_031,lambda,,,18,2,nucleus_bridge,1,5,2.438963143403424,0.2953832622781089,17.438963143403424,0.5925226069659963,0.7435930991651367,0.3223974006044857,True,True,True,6,1,relative_nuclear_iod_index; not_absolute_genome_size
published_bootstrap_tree_sensitivity,published_bootstrap_031,published_bootstrap_031,lambda,,,18,3,nucleus_cell_only,2,4,8.453626245407937,0.0763054148044477,19.53054932233101,2.684108785893585,0.2613082868712458,0.1132946399560276,True,False,False,6,1,relative_nuclear_iod_index; not_absolute_genome_size
published_bootstrap_tree_sensitivity,published_bootstrap_031,published_bootstrap_031,lambda,,,18,4,cell_collider,1,5,6.014663102004514,0.0494233867411085,21.014663102004512,4.168222565567085,0.1244176431481631,0.0539433794979265,False,False,False,6,1,relative_nuclear_iod_index; not_absolute_genome_size
published_bootstrap_tree_sensitivity,published_bootstrap_031,published_bootstrap_031,lambda,,,18,5,nucleus_collider,1,5,6.494008207796845,0.0388905455105914,21.49400820779685,4.647567671359418,0.0979024371300223,0.0424472621908419,False,False,False,6,1,relative_nuclear_iod_index; not_absolute_genome_size
published_bootstrap_tree_sensitivity,published_bootstrap_031,published_bootstrap_031,lambda,,,18,6,iod_bridge,1,5,8.072593520641473,0.0176627608885456,23.072593520641476,6.226152984204045,0.044463951706785,0.0192781004382174,False,False,False,6,1,relative_nuclear_iod_index; not_absolute_genome_size
published_bootstrap_tree_sensitivity,published_bootstrap_031,published_bootstrap_031,lambda,,,18,7,iod_cell_only,2,4,14.087256622645986,0.0070217131839067,25.16417969956906,8.317739163131634,0.0156252109669531,0.0067745752418873,False,False,False,6,1,relative_nuclear_iod_index; not_absolute_genome_size
published_bootstrap_tree_sensitivity,published_bootstrap_031,published_bootstrap_031,lambda,,,18,8,iod_nucleus_only,2,4,14.566601728438318,0.0056899186943444,25.643524805361395,8.797084268923967,0.0122952516671109,0.0053308149063043,False,False,False,6,1,relative_nuclear_iod_index; not_absolute_genome_size
published_bootstrap_tree_sensitivity,published_bootstrap_031,published_bootstrap_031,lambda,,,18,9,iod_collider,1,5,11.957231541653703,0.0025323291912049,26.957231541653705,10.110791005216278,0.00637484499586,0.0027639221749493,False,False,False,6,1,relative_nuclear_iod_index; not_absolute_genome_size
published_bootstrap_tree_sensitivity,published_bootstrap_031,published_bootstrap_031,lambda,,,18,10,independent,3,3,24.465902851455063,0.0004286010141570928,32.18018856574078,15.33374802930335,0.00046807874640509054,0.00020294347982604668,False,False,False,6,1,relative_nuclear_iod_index; not_absolute_genome_size
published_bootstrap_tree_sensitivity,published_bootstrap_032,published_bootstrap_032,lambda,,,18,1,cell_bridge,1,5,1.8464405359735752,0.3972377671044222,16.846440535973574,0.0,1.0,0.4335669635572429,True,True,True,6,1,relative_nuclear_iod_index; not_absolute_genome_size
published_bootstrap_tree_sensitivity,published_bootstrap_032,published_bootstrap_032,lambda,,,18,2,nucleus_bridge,1,5,2.438963154026732,0.2953832607091352,17.43896315402673,0.592522618053156,0.743593095042969,0.3223974003399124,True,True,True,6,1,relative_nuclear_iod_index; not_absolute_genome_size
published_bootstrap_tree_sensitivity,published_bootstrap_032,published_bootstrap_032,lambda,,,18,3,nucleus_cell_only,2,4,8.453626273614914,0.0763054139341699,19.53054935053799,2.6841088145644143,0.2613082831252832,0.1132946388669853,True,False,False,6,1,relative_nuclear_iod_index; not_absolute_genome_size
published_bootstrap_tree_sensitivity,published_bootstrap_032,published_bootstrap_032,lambda,,,18,4,cell_collider,1,5,6.014663119588182,0.0494233863065862,21.01466311958818,4.168222583614607,0.124417642025448,0.0539433792659255,False,False,False,6,1,relative_nuclear_iod_index; not_absolute_genome_size
published_bootstrap_tree_sensitivity,published_bootstrap_032,published_bootstrap_032,lambda,,,18,5,nucleus_collider,1,5,6.494008234477561,0.0388905449917775,21.49400823447756,4.647567698503988,0.0979024358012626,0.0424472618152113,False,False,False,6,1,relative_nuclear_iod_index; not_absolute_genome_size
published_bootstrap_tree_sensitivity,published_bootstrap_032,published_bootstrap_032,lambda,,,18,6,iod_bridge,1,5,8.072593525353673,0.0176627608469304,23.072593525353675,6.2261529893801,0.0444639515917111,0.0192781004793744,False,False,False,6,1,relative_nuclear_iod_index; not_absolute_genome_size
published_bootstrap_tree_sensitivity,published_bootstrap_032,published_bootstrap_032,lambda,,,18,7,iod_cell_only,2,4,14.087256644941856,0.0070217131153607,25.164179721864933,8.317739185891359,0.0156252107891404,0.0067745751967894,False,False,False,6,1,relative_nuclear_iod_index; not_absolute_genome_size
published_bootstrap_tree_sensitivity,published_bootstrap_032,published_bootstrap_032,lambda,,,18,8,iod_nucleus_only,2,4,14.566601759831231,0.005689918615815,25.64352483675431,8.797084300780735,0.0122952514712674,0.0053308148465701,False,False,False,6,1,relative_nuclear_iod_index; not_absolute_genome_size
published_bootstrap_tree_sensitivity,published_bootstrap_032,published_bootstrap_032,lambda,,,18,9,iod_collider,1,5,11.957231562969016,0.0025323291642161,26.95723156296901,10.11079102699544,0.0063748449264406,0.0027639221579051,False,False,False,6,1,relative_nuclear_iod_index; not_absolute_genome_size
published_bootstrap_tree_sensitivity,published_bootstrap_032,published_bootstrap_032,lambda,,,18,10,independent,3,3,24.46590291703476,0.000428601002215312,32.18018863132048,15.333748095346902,0.0004680787309482995,0.00020294347408298188,False,False,False,6,1,relative_nuclear_iod_index; not_absolute_genome_size
published_bootstrap_tree_sensitivity,published_bootstrap_033,published_bootstrap_033,lambda,,,18,1,cell_bridge,1,5,1.8464405343707544,0.3972377674227726,16.846440534370753,0.0,1.0,0.4335669609684472,True,True,True,6,1,relative_nuclear_iod_index; not_absolute_genome_size
published_bootstrap_tree_sensitivity,published_bootstrap_033,published_bootstrap_033,lambda,,,18,2,nucleus_bridge,1,5,2.4389631455727225,0.2953832619577217,17.43896314557272,0.5925226112019679,0.7435930975902171,0.3223973995193044,True,True,True,6,1,relative_nuclear_iod_index; not_absolute_genome_size
published_bootstrap_tree_sensitivity,published_bootstrap_033,published_bootstrap_033,lambda,,,18,3,nucleus_cell_only,2,4,8.453626230273212,0.0763054152714037,19.53054930719629,2.6841087728255357,0.2613082885786406,0.1132946405549072,True,False,False,6,1,relative_nuclear_iod_index; not_absolute_genome_size
published_bootstrap_tree_sensitivity,published_bootstrap_033,published_bootstrap_033,lambda,,,18,4,cell_collider,1,5,6.014663084700489,0.0494233871687203,21.014663084700487,4.168222550329734,0.1244176440960608,0.0539433798415829,False,False,False,6,1,relative_nuclear_iod_index; not_absolute_genome_size
published_bootstrap_tree_sensitivity,published_bootstrap_033,published_bootstrap_033,lambda,,,18,5,nucleus_collider,1,5,6.4940081941060805,0.038890545776812,21.49400819410608,4.647567659735326,0.0979024376990358,0.0424472623845737,False,False,False,6,1,relative_nuclear_iod_index; not_absolute_genome_size
published_bootstrap_tree_sensitivity,published_bootstrap_033,published_bootstrap_033,lambda,,,18,6,iod_bridge,1,5,8.072593494573548,0.0176627611187614,23.072593494573542,6.226152960202793,0.0444639522403803,0.0192781006455078,False,False,False,6,1,relative_nuclear_iod_index; not_absolute_genome_size
published_bootstrap_tree_sensitivity,published_bootstrap_033,published_bootstrap_033,lambda,,,18,7,iod_cell_only,2,4,14.087256579274037,0.0070217133172485,25.164179656197117,8.31773912182636,0.015625211289655,0.0067745753733455,False,False,False,6,1,relative_nuclear_iod_index; not_absolute_genome_size
published_bootstrap_tree_sensitivity,published_bootstrap_033,published_bootstrap_033,lambda,,,18,8,iod_nucleus_only,2,4,14.56660168867963,0.0056899187938008,25.643524765602702,8.797084231231953,0.0122952518988273,0.0053308150001161,False,False,False,6,1,relative_nuclear_iod_index; not_absolute_genome_size
published_bootstrap_tree_sensitivity,published_bootstrap_033,published_bootstrap_033,lambda,,,18,9,iod_collider,1,5,11.957231500490565,0.0025323292433242,26.957231500490565,10.110790966119811,0.006374845120477,0.0027639222255297,False,False,False,6,1,relative_nuclear_iod_index; not_absolute_genome_size
published_bootstrap_tree_sensitivity,published_bootstrap_033,published_bootstrap_033,lambda,,,18,10,independent,3,3,24.46590277929713,0.00042860102729669336,32.18018849358285,15.333747959212094,0.0004680787628092047,0.00020294348668505757,False,False,False,6,1,relative_nuclear_iod_index; not_absolute_genome_size
published_bootstrap_tree_sensitivity,published_bootstrap_034,published_bootstrap_034,lambda,,,18,1,cell_bridge,1,5,1.846440532379392,0.3972377678182948,16.846440532379393,0.0,1.0,0.4335669632691246,True,True,True,6,1,relative_nuclear_iod_index; not_absolute_genome_size
published_bootstrap_tree_sensitivity,published_bootstrap_034,published_bootstrap_034,lambda,,,18,2,nucleus_bridge,1,5,2.4389631532581943,0.2953832608226419,17.438963153258193,0.5925226208787997,0.7435930939924045,0.3223973996701796,True,True,True,6,1,relative_nuclear_iod_index; not_absolute_genome_size
published_bootstrap_tree_sensitivity,published_bootstrap_034,published_bootstrap_034,lambda,,,18,3,nucleus_cell_only,2,4,8.45362625963282,0.0763054143655634,19.530549336555897,2.6841088041765038,0.2613082844825068,0.113294639380145,True,False,False,6,1,relative_nuclear_iod_index; not_absolute_genome_size
published_bootstrap_tree_sensitivity,published_bootstrap_034,published_bootstrap_034,lambda,,,18,4,cell_collider,1,5,6.014663106374625,0.0494233866331157,21.014663106374627,4.168222573995234,0.1244176426238579,0.0539433794895293,False,False,False,6,1,relative_nuclear_iod_index; not_absolute_genome_size
published_bootstrap_tree_sensitivity,published_bootstrap_034,published_bootstrap_034,lambda,,,18,5,nucleus_collider,1,5,6.494008223509196,0.0388905452050605,21.4940082235092,4.6475676911298045,0.0979024361622378,0.0424472619435108,False,False,False,6,1,relative_nuclear_iod_index; not_absolute_genome_size
published_bootstrap_tree_sensitivity,published_bootstrap_034,published_bootstrap_034,lambda,,,18,6,iod_bridge,1,5,8.072593520319161,0.0176627608913921,23.07259352031916,6.226152987939766,0.0444639516237325,0.019278100480447,False,False,False,6,1,relative_nuclear_iod_index; not_absolute_genome_size
published_bootstrap_tree_sensitivity,published_bootstrap_034,published_bootstrap_034,lambda,,,18,7,iod_cell_only,2,4,14.087256626693788,0.0070217131714622,25.164179703616863,8.31773917123747,0.0156252109036254,0.0067745752419245,False,False,False,6,1,relative_nuclear_iod_index; not_absolute_genome_size
published_bootstrap_tree_sensitivity,published_bootstrap_034,published_bootstrap_034,lambda,,,18,8,iod_nucleus_only,2,4,14.566601743828356,0.0056899186558462,25.643524820751438,8.79708428837204,0.0122952515475514,0.0053308148761019,False,False,False,6,1,relative_nuclear_iod_index; not_absolute_genome_size
published_bootstrap_tree_sensitivity,published_bootstrap_034,published_bootstrap_034,lambda,,,18,9,iod_collider,1,5,11.95723154820695,0.0025323291829074,26.95723154820695,10.110791015827555,0.0063748449620374,0.002763922171502,False,False,False,6,1,relative_nuclear_iod_index; not_absolute_genome_size
published_bootstrap_tree_sensitivity,published_bootstrap_034,published_bootstrap_034,lambda,,,18,10,independent,3,3,24.465902878090773,0.0004286010093068615,32.18018859237649,15.333748059997095,0.0004680787392215459,0.00020294347753512616,False,False,False,6,1,relative_nuclear_iod_index; not_absolute_genome_size
published_bootstrap_tree_sensitivity,published_bootstrap_035,published_bootstrap_035,lambda,,,18,1,cell_bridge,1,5,1.846440536154784,0.3972377670684306,16.846440536154784,0.0,1.0,0.4335669619607234,True,True,True,6,1,relative_nuclear_iod_index; not_absolute_genome_size
published_bootstrap_tree_sensitivity,published_bootstrap_035,published_bootstrap_035,lambda,,,18,2,nucleus_bridge,1,5,2.438963149105544,0.2953832614359535,17.438963149105543,0.5925226129507593,0.7435930969400225,0.3223973999752512,True,True,True,6,1,relative_nuclear_iod_index; not_absolute_genome_size
published_bootstrap_tree_sensitivity,published_bootstrap_035,published_bootstrap_035,lambda,,,18,3,nucleus_cell_only,2,4,8.453626249891213,0.0763054146661239,19.53054932681429,2.6841087906595043,0.2613082862485587,0.1132946398039506,True,False,False,6,1,relative_nuclear_iod_index; not_absolute_genome_size
published_bootstrap_tree_sensitivity,published_bootstrap_035,published_bootstrap_035,lambda,,,18,4,cell_collider,1,5,6.014663100785669,0.0494233867712282,21.01466310078567,4.168222564630884,0.1244176432064031,0.0539433795793134,False,False,False,6,1,relative_nuclear_iod_index; not_absolute_genome_size
published_bootstrap_tree_sensitivity,published_bootstrap_035,published_bootstrap_035,lambda,,,18,5,nucleus_collider,1,5,6.494008211617769,0.0388905454362925,21.494008211617768,4.647567675462984,0.0979024369291478,0.0424472621479219,False,False,False,6,1,relative_nuclear_iod_index; not_absolute_genome_size
published_bootstrap_tree_sensitivity,published_bootstrap_035,published_bootstrap_035,lambda,,,18,6,iod_bridge,1,5,8.07259350520402,0.0176627610248797,23.07259350520402,6.2261529690492345,0.0444639520437064,0.0192781006043571,False,False,False,6,1,relative_nuclear_iod_index; not_absolute_genome_size
published_bootstrap_tree_sensitivity,published_bootstrap_035,published_bootstrap_035,lambda,,,18,7,iod_cell_only,2,4,14.08725660598969,0.0070217132351144,25.164179682912767,8.317739146757983,0.015625211094874,0.0067745753043995,False,False,False,6,1,relative_nuclear_iod_index; not_absolute_genome_size
published_bootstrap_tree_sensitivity,published_bootstrap_035,published_bootstrap_035,lambda,,,18,8,iod_nucleus_only,2,4,14.56660171682179,0.0056899187234031,25.643524793744863,8.79708425759008,0.0122952517367874,0.0053308149420612,False,False,False,6,1,relative_nuclear_iod_index; not_absolute_genome_size
published_bootstrap_tree_sensitivity,published_bootstrap_035,published_bootstrap_035,lambda,,,18,9,iod_collider,1,5,11.957231524907462,0.0025323292124084,26.957231524907463,10.11079098875268,0.0063748450483365,0.0027639222005776,False,False,False,6,1,relative_nuclear_iod_index; not_absolute_genome_size
published_bootstrap_tree_sensitivity,published_bootstrap_035,published_bootstrap_035,lambda,,,18,10,independent,3,3,24.4659028373109,0.0004286010167326992,32.180188551596615,15.33374801544183,0.000468078749649232,0.00020294348144379157,False,False,False,6,1,relative_nuclear_iod_index; not_absolute_genome_size
published_bootstrap_tree_sensitivity,published_bootstrap_036,published_bootstrap_036,lambda,,,18,1,cell_bridge,1,5,1.8464405275426183,0.3972377687789693,16.84644052754262,0.0,1.0,0.4335669642250664,True,True,True,6,1,relative_nuclear_iod_index; not_absolute_genome_size
published_bootstrap_tree_sensitivity,published_bootstrap_036,published_bootstrap_036,lambda,,,18,2,nucleus_bridge,1,5,2.438963153386198,0.2953832608037368,17.438963153386197,0.5925226258435785,0.7435930921465168,0.3223973995806954,True,True,True,6,1,relative_nuclear_iod_index; not_absolute_genome_size
published_bootstrap_tree_sensitivity,published_bootstrap_036,published_bootstrap_036,lambda,,,18,3,nucleus_cell_only,2,4,8.453626262298531,0.0763054142833175,19.530549339221608,2.684108811678989,0.261308283502276,0.1132946392049448,True,False,False,6,1,relative_nuclear_iod_index; not_absolute_genome_size
published_bootstrap_tree_sensitivity,published_bootstrap_036,published_bootstrap_036,lambda,,,18,4,cell_collider,1,5,6.014663108912333,0.0494233865704045,21.01466310891233,4.168222581369715,0.1244176421651001,0.0539433794095631,False,False,False,6,1,relative_nuclear_iod_index; not_absolute_genome_size
published_bootstrap_tree_sensitivity,published_bootstrap_036,published_bootstrap_036,lambda,,,18,5,nucleus_collider,1,5,6.494008229798361,0.0388905450827659,21.49400822979836,4.647567702255742,0.0979024356176096,0.042447261800967,False,False,False,6,1,relative_nuclear_iod_index; not_absolute_genome_size
published_bootstrap_tree_sensitivity,published_bootstrap_036,published_bootstrap_036,lambda,,,18,6,iod_bridge,1,5,8.072593545104985,0.0176627606724991,23.072593545104983,6.226153017562368,0.0444639509651636,0.0192781002374182,False,False,False,6,1,relative_nuclear_iod_index; not_absolute_genome_size
published_bootstrap_tree_sensitivity,published_bootstrap_036,published_bootstrap_036,lambda,,,18,7,iod_cell_only,2,4,14.087256654017317,0.0070217130874593,25.164179730940397,8.317739203397775,0.0156252106523697,0.0067745751479251,False,False,False,6,1,relative_nuclear_iod_index; not_absolute_genome_size
published_bootstrap_tree_sensitivity,published_bootstrap_036,published_bootstrap_036,lambda,,,18,8,iod_nucleus_only,2,4,14.566601774903344,0.005689918578112,25.64352485182642,8.797084324283801,0.0122952513267794,0.0053308147921359,False,False,False,6,1,relative_nuclear_iod_index; not_absolute_genome_size
published_bootstrap_tree_sensitivity,published_bootstrap_036,published_bootstrap_036,lambda,,,18,9,iod_collider,1,5,11.957231579367146,0.0025323291434534,26.957231579367143,10.110791051824528,0.0063748448472998,0.0027639221278496,False,False,False,6,1,relative_nuclear_iod_index; not_absolute_genome_size
published_bootstrap_tree_sensitivity,published_bootstrap_036,published_bootstrap_036,lambda,,,18,10,independent,3,3,24.46590291807784,0.0004286010020253528,32.18018863236355,15.333748104820934,0.000468078728731003,0.00020294347343422937,False,False,False,6,1,relative_nuclear_iod_index; not_absolute_genome_size
published_bootstrap_tree_sensitivity,published_bootstrap_037,published_bootstrap_037,lambda,,,18,1,cell_bridge,1,5,1.8464405323047288,0.3972377678331243,16.84644053230473,0.0,1.0,0.4335669641344615,True,True,True,6,1,relative_nuclear_iod_index; not_absolute_genome_size
published_bootstrap_tree_sensitivity,published_bootstrap_037,published_bootstrap_037,lambda,,,18,2,nucleus_bridge,1,5,2.438963151455916,0.2953832610888233,17.438963151455916,0.5925226191511861,0.7435930946347252,0.3223974005921272,True,True,True,6,1,relative_nuclear_iod_index; not_absolute_genome_size
published_bootstrap_tree_sensitivity,published_bootstrap_037,published_bootstrap_037,lambda,,,18,3,nucleus_cell_only,2,4,8.453626274218124,0.0763054139155589,19.5305493511412,2.684108818836471,0.2613082825671213,0.1132946387758168,True,False,False,6,1,relative_nuclear_iod_index; not_absolute_genome_size
published_bootstrap_tree_sensitivity,published_bootstrap_037,published_bootstrap_037,lambda,,,18,4,cell_collider,1,5,6.014663122762208,0.0494233862281507,21.014663122762208,4.168222590457479,0.1244176415997611,0.0539433791531779,False,False,False,6,1,relative_nuclear_iod_index; not_absolute_genome_size
published_bootstrap_tree_sensitivity,published_bootstrap_037,published_bootstrap_037,lambda,,,18,5,nucleus_collider,1,5,6.494008238231289,0.0388905449187854,21.494008238231288,4.647567705926559,0.0979024354379187,0.0424472617141885,False,False,False,6,1,relative_nuclear_iod_index; not_absolute_genome_size
published_bootstrap_tree_sensitivity,published_bootstrap_037,published_bootstrap_037,lambda,,,18,6,iod_bridge,1,5,8.072593553099754,0.0176627606018943,23.072593553099757,6.226153020795024,0.0444639508932953,0.0192781002022298,False,False,False,6,1,relative_nuclear_iod_index; not_absolute_genome_size
published_bootstrap_tree_sensitivity,published_bootstrap_037,published_bootstrap_037,lambda,,,18,7,iod_cell_only,2,4,14.087256675861962,0.0070217130203006,25.16417975278504,8.31773922048031,0.0156252105189106,0.0067745750886459,False,False,False,6,1,relative_nuclear_iod_index; not_absolute_genome_size
published_bootstrap_tree_sensitivity,published_bootstrap_037,published_bootstrap_037,lambda,,,18,8,iod_nucleus_only,2,4,14.566601791331042,0.0056899185370181,25.64352486825412,8.797084335949389,0.0122952512550637,0.0053308147599284,False,False,False,6,1,relative_nuclear_iod_index; not_absolute_genome_size
published_bootstrap_tree_sensitivity,published_bootstrap_037,published_bootstrap_037,lambda,,,18,9,iod_collider,1,5,11.957231596923176,0.0025323291212246,26.957231596923176,10.110791064618446,0.0063748448065202,0.0027639221095913,False,False,False,6,1,relative_nuclear_iod_index; not_absolute_genome_size
published_bootstrap_tree_sensitivity,published_bootstrap_037,published_bootstrap_037,lambda,,,18,10,independent,3,3,24.465902957916672,0.0004286009947709335,32.18018867220239,15.33374813989766,0.0004680787205216681,0.0002029434698325227,False,False,False,6,1,relative_nuclear_iod_index; not_absolute_genome_size
published_bootstrap_tree_sensitivity,published_bootstrap_038,published_bootstrap_038,lambda,,,18,1,cell_bridge,1,5,1.8464405388760297,0.3972377665279399,16.84644053887603,0.0,1.0,0.4335669629506693,True,True,True,6,1,relative_nuclear_iod_index; not_absolute_genome_size
published_bootstrap_tree_sensitivity,published_bootstrap_038,published_bootstrap_038,lambda,,,18,2,nucleus_bridge,1,5,2.438963150475845,0.2953832612335716,17.438963150475846,0.592522611599815,0.743593097442299,0.3223974009291386,True,True,True,6,1,relative_nuclear_iod_index; not_absolute_genome_size
published_bootstrap_tree_sensitivity,published_bootstrap_038,published_bootstrap_038,lambda,,,18,3,nucleus_cell_only,2,4,8.453626272771544,0.0763054139601906,19.53054934969462,2.6841088108185893,0.2613082836146907,0.1132946389206736,True,False,False,6,1,relative_nuclear_iod_index; not_absolute_genome_size
published_bootstrap_tree_sensitivity,published_bootstrap_038,published_bootstrap_038,lambda,,,18,4,cell_collider,1,5,6.014663122295699,0.049423386239679,21.0146631222957,4.16822258341967,0.1244176420375749,0.0539433791957148,False,False,False,6,1,relative_nuclear_iod_index; not_absolute_genome_size
published_bootstrap_tree_sensitivity,published_bootstrap_038,published_bootstrap_038,lambda,,,18,5,nucleus_collider,1,5,6.494008231951226,0.0388905450409029,21.494008231951227,4.647567693075196,0.0979024360670085,0.0424472618710449,False,False,False,6,1,relative_nuclear_iod_index; not_absolute_genome_size
published_bootstrap_tree_sensitivity,published_bootstrap_038,published_bootstrap_038,lambda,,,18,6,iod_bridge,1,5,8.072593526553595,0.0176627608363334,23.0725935265536,6.226152987677565,0.0444639516295618,0.0192781004688145,False,False,False,6,1,relative_nuclear_iod_index; not_absolute_genome_size
published_bootstrap_tree_sensitivity,published_bootstrap_038,published_bootstrap_038,lambda,,,18,7,iod_cell_only,2,4,14.087256648849294,0.0070217131033477,25.16417972577237,8.31773918689634,0.0156252107812889,0.0067745751839074,False,False,False,6,1,relative_nuclear_iod_index; not_absolute_genome_size
published_bootstrap_tree_sensitivity,published_bootstrap_038,published_bootstrap_038,lambda,,,18,8,iod_nucleus_only,2,4,14.56660175850482,0.005689918619133,25.643524835427897,8.797084296551866,0.0122952514972649,0.0053308148503838,False,False,False,6,1,relative_nuclear_iod_index; not_absolute_genome_size
published_bootstrap_tree_sensitivity,published_bootstrap_038,published_bootstrap_038,lambda,,,18,9,iod_collider,1,5,11.957231564635462,0.0025323291621062,26.957231564635464,10.110791025759433,0.0063748449303803,0.0027639221557464,False,False,False,6,1,relative_nuclear_iod_index; not_absolute_genome_size
published_bootstrap_tree_sensitivity,published_bootstrap_038,published_bootstrap_038,lambda,,,18,10,independent,3,3,24.46590291888239,0.0004286010018789144,32.1801886331681,15.33374809429207,0.0004680787311951719,0.00020294347390609335,False,False,False,6,1,relative_nuclear_iod_index; not_absolute_genome_size
published_bootstrap_tree_sensitivity,published_bootstrap_039,published_bootstrap_039,lambda,,,18,1,cell_bridge,1,5,1.8464405396872865,0.3972377663668089,16.846440539687286,0.0,1.0,0.4335669627669184,True,True,True,6,1,relative_nuclear_iod_index; not_absolute_genome_size
published_bootstrap_tree_sensitivity,published_bootstrap_039,published_bootstrap_039,lambda,,,18,2,nucleus_bridge,1,5,2.438963151359477,0.2953832611030664,17.438963151359477,0.5925226116721909,0.7435930974153898,0.3223974007808358,True,True,True,6,1,relative_nuclear_iod_index; not_absolute_genome_size
published_bootstrap_tree_sensitivity,published_bootstrap_039,published_bootstrap_039,lambda,,,18,3,nucleus_cell_only,2,4,8.453626271605607,0.0763054139961636,19.530549348528684,2.6841088088413976,0.261308283873019,0.1132946389846605,True,False,False,6,1,relative_nuclear_iod_index; not_absolute_genome_size
published_bootstrap_tree_sensitivity,published_bootstrap_039,published_bootstrap_039,lambda,,,18,4,cell_collider,1,5,6.01466312024613,0.0494233862903272,21.01466312024613,4.168222580558844,0.1244176422155435,0.0539433792500143,False,False,False,6,1,relative_nuclear_iod_index; not_absolute_genome_size
published_bootstrap_tree_sensitivity,published_bootstrap_039,published_bootstrap_039,lambda,,,18,5,nucleus_collider,1,5,6.49400823005594,0.0388905450777572,21.49400823005594,4.647567690368653,0.0979024361994971,0.0424472619104979,False,False,False,6,1,relative_nuclear_iod_index; not_absolute_genome_size
published_bootstrap_tree_sensitivity,published_bootstrap_039,published_bootstrap_039,lambda,,,18,6,iod_bridge,1,5,8.072593517321932,0.0176627609178617,23.07259351732193,6.226152977634648,0.0444639518528357,0.0192781005574484,False,False,False,6,1,relative_nuclear_iod_index; not_absolute_genome_size
published_bootstrap_tree_sensitivity,published_bootstrap_039,published_bootstrap_039,lambda,,,18,7,iod_cell_only,2,4,14.087256637568062,0.0070217131380305,25.16417971449114,8.317739174803854,0.0156252108757627,0.006774575221997,False,False,False,6,1,relative_nuclear_iod_index; not_absolute_genome_size
published_bootstrap_tree_sensitivity,published_bootstrap_039,published_bootstrap_039,lambda,,,18,8,iod_nucleus_only,2,4,14.566601747377872,0.0056899186469671,25.643524824300947,8.79708428461366,0.0122952515706566,0.0053308148799447,False,False,False,6,1,relative_nuclear_iod_index; not_absolute_genome_size
published_bootstrap_tree_sensitivity,published_bootstrap_039,published_bootstrap_039,lambda,,,18,9,iod_collider,1,5,11.95723155271477,0.0025323291771998,26.95723155271477,10.110791013027484,0.0063748449709624,0.0027639221721701,False,False,False,6,1,relative_nuclear_iod_index; not_absolute_genome_size
published_bootstrap_tree_sensitivity,published_bootstrap_039,published_bootstrap_039,lambda,,,18,10,independent,3,3,24.46590290301684,0.0004286010047679367,32.180188617302555,15.333748077615269,0.0004680787350981996,0.0002029434755123074,False,False,False,6,1,relative_nuclear_iod_index; not_absolute_genome_size
published_bootstrap_tree_sensitivity,published_bootstrap_040,published_bootstrap_040,lambda,,,18,1,cell_bridge,1,5,1.8464405415656404,0.3972377659937324,16.84644054156564,0.0,1.0,0.4335669626051345,True,True,True,6,1,relative_nuclear_iod_index; not_absolute_genome_size
published_bootstrap_tree_sensitivity,published_bootstrap_040,published_bootstrap_040,lambda,,,18,2,nucleus_bridge,1,5,2.43896314929153,0.295383261408485,17.43896314929153,0.5925226077258898,0.7435930988826109,0.3223974012966731,True,True,True,6,1,relative_nuclear_iod_index; not_absolute_genome_size
published_bootstrap_tree_sensitivity,published_bootstrap_040,published_bootstrap_040,lambda,,,18,3,nucleus_cell_only,2,4,8.45362627473783,0.0763054138995242,19.53054935166091,2.6841088100952675,0.2613082837091957,0.1132946388713567,True,False,False,6,1,relative_nuclear_iod_index; not_absolute_genome_size
published_bootstrap_tree_sensitivity,published_bootstrap_040,published_bootstrap_040,lambda,,,18,4,cell_collider,1,5,6.0146631254463,0.0494233861618222,21.0146631254463,4.16822258388066,0.1244176420088972,0.0539433791402905,False,False,False,6,1,relative_nuclear_iod_index; not_absolute_genome_size
published_bootstrap_tree_sensitivity,published_bootstrap_040,published_bootstrap_040,lambda,,,18,5,nucleus_collider,1,5,6.494008232020547,0.0388905450395549,21.494008232020548,4.647567690454906,0.0979024361952749,0.0424472618928283,False,False,False,6,1,relative_nuclear_iod_index; not_absolute_genome_size
published_bootstrap_tree_sensitivity,published_bootstrap_040,published_bootstrap_040,lambda,,,18,6,iod_bridge,1,5,8.07259352337002,0.0176627608644488,23.07259352337002,6.226152981804379,0.0444639517601343,0.0192781005100626,False,False,False,6,1,relative_nuclear_iod_index; not_absolute_genome_size
published_bootstrap_tree_sensitivity,published_bootstrap_040,published_bootstrap_040,lambda,,,18,7,iod_cell_only,2,4,14.087256648816322,0.0070217131034491,25.1641797257394,8.317739184173757,0.0156252108025593,0.0067745751877306,False,False,False,6,1,relative_nuclear_iod_index; not_absolute_genome_size
published_bootstrap_tree_sensitivity,published_bootstrap_040,published_bootstrap_040,lambda,,,18,8,iod_nucleus_only,2,4,14.566601755390568,0.0056899186269233,25.643524832313645,8.797084290748003,0.0122952515329449,0.005330814861605,False,False,False,6,1,relative_nuclear_iod_index; not_absolute_genome_size
published_bootstrap_tree_sensitivity,published_bootstrap_040,published_bootstrap_040,lambda,,,18,9,iod_collider,1,5,11.957231562365635,0.0025323291649802,26.957231562365635,10.110791020799994,0.0063748449461881,0.0027639221603974,False,False,False,6,1,relative_nuclear_iod_index; not_absolute_genome_size
published_bootstrap_tree_sensitivity,published_bootstrap_040,published_bootstrap_040,lambda,,,18,10,independent,3,3,24.46590291983248,0.0004286010017058306,32.1801886341182,15.333748092552554,0.00046807873160228686,0.00020294347392086755,False,False,False,6,1,relative_nuclear_iod_index; not_absolute_genome_size
published_bootstrap_tree_sensitivity,published_bootstrap_041,published_bootstrap_041,lambda,,,18,1,cell_bridge,1,5,1.8464405349543689,0.3972377673068558,16.846440534954368,0.0,1.0,0.4335669624646262,True,True,True,6,1,relative_nuclear_iod_index; not_absolute_genome_size
published_bootstrap_tree_sensitivity,published_bootstrap_041,published_bootstrap_041,lambda,,,18,2,nucleus_bridge,1,5,2.438963150128289,0.2953832612849025,17.438963150128288,0.5925226151739196,0.7435930961134593,0.3223973999915794,True,True,True,6,1,relative_nuclear_iod_index; not_absolute_genome_size
published_bootstrap_tree_sensitivity,published_bootstrap_041,published_bootstrap_041,lambda,,,18,3,nucleus_cell_only,2,4,8.453626254532807,0.0763054145229156,19.530549331455884,2.684108796501516,0.2613082854852757,0.1132946396046903,True,False,False,6,1,relative_nuclear_iod_index; not_absolute_genome_size
published_bootstrap_tree_sensitivity,published_bootstrap_041,published_bootstrap_041,lambda,,,18,4,cell_collider,1,5,6.014663104404518,0.0494233866818003,21.01466310440452,4.168222569450151,0.1244176429066022,0.053943379512024,False,False,False,6,1,relative_nuclear_iod_index; not_absolute_genome_size
published_bootstrap_tree_sensitivity,published_bootstrap_041,published_bootstrap_041,lambda,,,18,5,nucleus_collider,1,5,6.494008216966786,0.0388905453322794,21.494008216966787,4.6475676820124185,0.097902436608545,0.0424472620582524,False,False,False,6,1,relative_nuclear_iod_index; not_absolute_genome_size
published_bootstrap_tree_sensitivity,published_bootstrap_041,published_bootstrap_041,lambda,,,18,6,iod_bridge,1,5,8.072593513901214,0.0176627609480715,23.07259351390121,6.226152978946846,0.0444639518236629,0.019278100531359,False,False,False,6,1,relative_nuclear_iod_index; not_absolute_genome_size
published_bootstrap_tree_sensitivity,published_bootstrap_041,published_bootstrap_041,lambda,,,18,7,iod_cell_only,2,4,14.087256618305732,0.0070217131972503,25.16417969522881,8.317739160274442,0.0156252109892753,0.0067745752664889,False,False,False,6,1,relative_nuclear_iod_index; not_absolute_genome_size
published_bootstrap_tree_sensitivity,published_bootstrap_041,published_bootstrap_041,lambda,,,18,8,iod_nucleus_only,2,4,14.566601730868,0.0056899186882666,25.64352480779108,8.79708427283671,0.0122952516430568,0.0053308149076183,False,False,False,6,1,relative_nuclear_iod_index; not_absolute_genome_size
published_bootstrap_tree_sensitivity,published_bootstrap_041,published_bootstrap_041,lambda,,,18,9,iod_collider,1,5,11.957231537997206,0.0025323291958346,26.95723153799721,10.110791003042838,0.0063748450027877,0.0027639221840414,False,False,False,6,1,relative_nuclear_iod_index; not_absolute_genome_size
published_bootstrap_tree_sensitivity,published_bootstrap_041,published_bootstrap_041,lambda,,,18,10,independent,3,3,24.46590285936851,0.00042860101271602336,32.18018857365422,15.333748038699852,0.0004680787442059393,0.00020294347931962584,False,False,False,6,1,relative_nuclear_iod_index; not_absolute_genome_size
published_bootstrap_tree_sensitivity,published_bootstrap_042,published_bootstrap_042,lambda,,,18,1,cell_bridge,1,5,1.846440533641795,0.3972377675675577,16.846440533641797,0.0,1.0,0.4335669636619682,True,True,True,6,1,relative_nuclear_iod_index; not_absolute_genome_size
published_bootstrap_tree_sensitivity,published_bootstrap_042,published_bootstrap_042,lambda,,,18,2,nucleus_bridge,1,5,2.4389631489730093,0.2953832614555278,17.43896314897301,0.5925226153312124,0.7435930960549783,0.3223974008565591,True,True,True,6,1,relative_nuclear_iod_index; not_absolute_genome_size
published_bootstrap_tree_sensitivity,published_bootstrap_042,published_bootstrap_042,lambda,,,18,3,nucleus_cell_only,2,4,8.453626270996224,0.076305414014965,19.5305493479193,2.6841088142775043,0.2613082831627691,0.1132946389106036,True,False,False,6,1,relative_nuclear_iod_index; not_absolute_genome_size
published_bootstrap_tree_sensitivity,published_bootstrap_042,published_bootstrap_042,lambda,,,18,4,cell_collider,1,5,6.014663122023216,0.0494233862464125,21.01466312202321,4.168222588381418,0.1244176417289103,0.0539433791503862,False,False,False,6,1,relative_nuclear_iod_index; not_absolute_genome_size
published_bootstrap_tree_sensitivity,published_bootstrap_042,published_bootstrap_042,lambda,,,18,5,nucleus_collider,1,5,6.494008234391109,0.0388905449934586,21.49400823439111,4.647567700749313,0.0979024356913511,0.0424472617778102,False,False,False,6,1,relative_nuclear_iod_index; not_absolute_genome_size
published_bootstrap_tree_sensitivity,published_bootstrap_042,published_bootstrap_042,lambda,,,18,6,iod_bridge,1,5,8.072593552443148,0.017662760607693,23.07259355244315,6.226153018801352,0.0444639509376185,0.019278100200438,False,False,False,6,1,relative_nuclear_iod_index; not_absolute_genome_size
published_bootstrap_tree_sensitivity,published_bootstrap_042,published_bootstrap_042,lambda,,,18,7,iod_cell_only,2,4,14.087256674466364,0.0070217130245912,25.16417975138944,8.317739217747643,0.0156252105402598,0.0067745750905194,False,False,False,6,1,relative_nuclear_iod_index; not_absolute_genome_size
published_bootstrap_tree_sensitivity,published_bootstrap_042,published_bootstrap_042,lambda,,,18,8,iod_nucleus_only,2,4,14.56660178683426,0.0056899185482668,25.64352486375733,8.797084330115538,0.012295251290928,0.0053308147696685,False,False,False,6,1,relative_nuclear_iod_index; not_absolute_genome_size
published_bootstrap_tree_sensitivity,published_bootstrap_042,published_bootstrap_042,lambda,,,18,9,iod_collider,1,5,11.957231594625975,0.0025323291241333,26.957231594625974,10.110791060984177,0.0063748448181042,0.0027639221116016,False,False,False,6,1,relative_nuclear_iod_index; not_absolute_genome_size
published_bootstrap_tree_sensitivity,published_bootstrap_042,published_bootstrap_042,lambda,,,18,10,independent,3,3,24.4659029510403,0.000428600996023043,32.180188665326014,15.333748131684215,0.0004680787224439373,0.00020294347044479103,False,False,False,6,1,relative_nuclear_iod_index; not_absolute_genome_size
published_bootstrap_tree_sensitivity,published_bootstrap_043,published_bootstrap_043,lambda,,,18,1,cell_bridge,1,5,1.8464405328586468,0.3972377677231058,16.846440532858647,0.0,1.0,0.4335669634449634,True,True,True,6,1,relative_nuclear_iod_index; not_absolute_genome_size
published_bootstrap_tree_sensitivity,published_bootstrap_043,published_bootstrap_043,lambda,,,18,2,nucleus_bridge,1,5,2.4389631510677248,0.2953832611461559,17.438963151067725,0.5925226182090775,0.7435930949849979,0.3223974002312878,True,True,True,6,1,relative_nuclear_iod_index; not_absolute_genome_size
published_bootstrap_tree_sensitivity,published_bootstrap_043,published_bootstrap_043,lambda,,,18,3,nucleus_cell_only,2,4,8.453626264592103,0.0763054142125532,19.53054934151518,2.684108808656532,0.2613082838971725,0.1132946391723115,True,False,False,6,1,relative_nuclear_iod_index; not_absolute_genome_size
published_bootstrap_tree_sensitivity,published_bootstrap_043,published_bootstrap_043,lambda,,,18,4,cell_collider,1,5,6.014663113524378,0.0494233864564331,21.014663113524374,4.168222580665731,0.1244176422088942,0.0539433793314921,False,False,False,6,1,relative_nuclear_iod_index; not_absolute_genome_size
published_bootstrap_tree_sensitivity,published_bootstrap_043,published_bootstrap_043,lambda,,,18,5,nucleus_collider,1,5,6.494008228358974,0.0388905451107551,21.49400822835897,4.647567695500328,0.0979024359482954,0.0424472618679674,False,False,False,6,1,relative_nuclear_iod_index; not_absolute_genome_size
published_bootstrap_tree_sensitivity,published_bootstrap_043,published_bootstrap_043,lambda,,,18,6,iod_bridge,1,5,8.072593536010643,0.0176627607528147,23.072593536010643,6.226153003151996,0.0444639512855346,0.019278100341634,False,False,False,6,1,relative_nuclear_iod_index; not_absolute_genome_size
published_bootstrap_tree_sensitivity,published_bootstrap_043,published_bootstrap_043,lambda,,,18,7,iod_cell_only,2,4,14.08725664953502,0.0070217131012396,25.164179726458094,8.31773919359945,0.0156252107289201,0.0067745751689255,False,False,False,6,1,relative_nuclear_iod_index; not_absolute_genome_size
published_bootstrap_tree_sensitivity,published_bootstrap_043,published_bootstrap_043,lambda,,,18,8,iod_nucleus_only,2,4,14.56660176436962,0.0056899186044622,25.64352484129269,8.797084308434048,0.0122952514242177,0.0053308148247904,False,False,False,6,1,relative_nuclear_iod_index; not_absolute_genome_size
published_bootstrap_tree_sensitivity,published_bootstrap_043,published_bootstrap_043,lambda,,,18,9,iod_collider,1,5,11.957231570524224,0.00253232915465,26.957231570524225,10.110791037665576,0.0063748448924304,0.0027639221424437,False,False,False,6,1,relative_nuclear_iod_index; not_absolute_genome_size
published_bootstrap_tree_sensitivity,published_bootstrap_043,published_bootstrap_043,lambda,,,18,10,independent,3,3,24.46590291240757,0.0004286010030578602,32.180188626693294,15.333748093834648,0.0004680787313022268,0.00020294347418387736,False,False,False,6,1,relative_nuclear_iod_index; not_absolute_genome_size
published_bootstrap_tree_sensitivity,published_bootstrap_044,published_bootstrap_044,lambda,,,18,1,cell_bridge,1,5,1.8464405308503,0.3972377681220013,16.846440530850302,0.0,1.0,0.4335669627688278,True,True,True,6,1,relative_nuclear_iod_index; not_absolute_genome_size
published_bootstrap_tree_sensitivity,published_bootstrap_044,published_bootstrap_044,lambda,,,18,2,nucleus_bridge,1,5,2.438963149308289,0.2953832614060097,17.43896314930829,0.5925226184579877,0.743593094892454,0.322397399688394,True,True,True,6,1,relative_nuclear_iod_index; not_absolute_genome_size
published_bootstrap_tree_sensitivity,published_bootstrap_044,published_bootstrap_044,lambda,,,18,3,nucleus_cell_only,2,4,8.453626248872727,0.0763054146975477,19.530549325795803,2.6841087949455016,0.2613082856885754,0.1132946397723247,True,False,False,6,1,relative_nuclear_iod_index; not_absolute_genome_size
published_bootstrap_tree_sensitivity,published_bootstrap_044,published_bootstrap_044,lambda,,,18,4,cell_collider,1,5,6.014663099564437,0.049423386801407,21.01466309956444,4.168222568714135,0.1244176429523888,0.0539433795697236,False,False,False,6,1,relative_nuclear_iod_index; not_absolute_genome_size
published_bootstrap_tree_sensitivity,published_bootstrap_044,published_bootstrap_044,lambda,,,18,5,nucleus_collider,1,5,6.494008214612703,0.0388905453780552,21.494008214612705,4.6475676837624,0.0979024365228812,0.0424472620508935,False,False,False,6,1,relative_nuclear_iod_index; not_absolute_genome_size
published_bootstrap_tree_sensitivity,published_bootstrap_044,published_bootstrap_044,lambda,,,18,6,iod_bridge,1,5,8.072593525421764,0.0176627608463291,23.07259352542177,6.226152994571464,0.0444639514762968,0.0192781003942785,False,False,False,6,1,relative_nuclear_iod_index; not_absolute_genome_size
published_bootstrap_tree_sensitivity,published_bootstrap_044,published_bootstrap_044,lambda,,,18,7,iod_cell_only,2,4,14.0872566249862,0.0070217131767119,25.16417970190928,8.317739171058975,0.01562521090502,0.0067745752347118,False,False,False,6,1,relative_nuclear_iod_index; not_absolute_genome_size
published_bootstrap_tree_sensitivity,published_bootstrap_044,published_bootstrap_044,lambda,,,18,8,iod_nucleus_only,2,4,14.566601740034468,0.0056899186653366,25.643524816957544,8.797084286107243,0.0122952515614746,0.0053308148759872,False,False,False,6,1,relative_nuclear_iod_index; not_absolute_genome_size
published_bootstrap_tree_sensitivity,published_bootstrap_044,published_bootstrap_044,lambda,,,18,9,iod_collider,1,5,11.95723154826128,0.0025323291828386,26.95723154826128,10.110791017410978,0.0063748449569903,0.0027639221661245,False,False,False,6,1,relative_nuclear_iod_index; not_absolute_genome_size
published_bootstrap_tree_sensitivity,published_bootstrap_044,published_bootstrap_044,lambda,,,18,10,independent,3,3,24.46590286243842,0.00042860101215702606,32.180188576724134,15.333748045873833,0.0004680787425269453,0.00020294347873405985,False,False,False,6,1,relative_nuclear_iod_index; not_absolute_genome_size
published_bootstrap_tree_sensitivity,published_bootstrap_045,published_bootstrap_045,lambda,,,18,1,cell_bridge,1,5,1.8464405343369343,0.39723776742949,16.846440534336935,0.0,1.0,0.4335669632730552,True,True,True,6,1,relative_nuclear_iod_index; not_absolute_genome_size
published_bootstrap_tree_sensitivity,published_bootstrap_045,published_bootstrap_045,lambda,,,18,2,nucleus_bridge,1,5,2.4389631532155107,0.2953832608289458,17.43896315321551,0.5925226188785757,0.7435930947360808,0.3223973999955358,True,True,True,6,1,relative_nuclear_iod_index; not_absolute_genome_size
published_bootstrap_tree_sensitivity,published_bootstrap_045,published_bootstrap_045,lambda,,,18,3,nucleus_cell_only,2,4,8.45362626492459,0.0763054142022949,19.530549341847667,2.684108807510732,0.2613082840468759,0.1132946391922969,True,False,False,6,1,relative_nuclear_iod_index; not_absolute_genome_size
published_bootstrap_tree_sensitivity,published_bootstrap_045,published_bootstrap_045,lambda,,,18,4,cell_collider,1,5,6.014663111709079,0.0494233865012923,21.01466311170908,4.168222577372145,0.1244176424137843,0.0539433793989373,False,False,False,6,1,relative_nuclear_iod_index; not_absolute_genome_size
published_bootstrap_tree_sensitivity,published_bootstrap_045,published_bootstrap_045,lambda,,,18,5,nucleus_collider,1,5,6.494008227254668,0.0388905451322287,21.494008227254668,4.6475676929177325,0.0979024360747166,0.0424472619059492,False,False,False,6,1,relative_nuclear_iod_index; not_absolute_genome_size
published_bootstrap_tree_sensitivity,published_bootstrap_045,published_bootstrap_045,lambda,,,18,6,iod_bridge,1,5,8.072593521075897,0.017662760884709,23.07259352107589,6.22615298673896,0.0444639516504289,0.0192781004921964,False,False,False,6,1,relative_nuclear_iod_index; not_absolute_genome_size
published_bootstrap_tree_sensitivity,published_bootstrap_045,published_bootstrap_045,lambda,,,18,7,iod_cell_only,2,4,14.087256632784976,0.0070217131527355,25.16417970970805,8.317739175371116,0.0156252108713309,0.006774575227984,False,False,False,6,1,relative_nuclear_iod_index; not_absolute_genome_size
published_bootstrap_tree_sensitivity,published_bootstrap_045,published_bootstrap_045,lambda,,,18,8,iod_nucleus_only,2,4,14.566601748330564,0.005689918644584,25.643524825253643,8.797084290916708,0.0122952515319078,0.0053308148693676,False,False,False,6,1,relative_nuclear_iod_index; not_absolute_genome_size
published_bootstrap_tree_sensitivity,published_bootstrap_045,published_bootstrap_045,lambda,,,18,9,iod_collider,1,5,11.957231552500666,0.0025323291774709,26.957231552500662,10.11079101816373,0.006374844954591,0.0027639221682986,False,False,False,6,1,relative_nuclear_iod_index; not_absolute_genome_size
published_bootstrap_tree_sensitivity,published_bootstrap_045,published_bootstrap_045,lambda,,,18,10,independent,3,3,24.465902891464413,0.0004286010068715873,32.18018860575013,15.333748071413195,0.0004680787365497286,0.00020294347637855428,False,False,False,6,1,relative_nuclear_iod_index; not_absolute_genome_size
published_bootstrap_tree_sensitivity,published_bootstrap_046,published_bootstrap_046,lambda,,,18,1,cell_bridge,1,5,1.846440531037638,0.3972377680847925,16.846440531037636,0.0,1.0,0.433566963610151,True,True,True,6,1,relative_nuclear_iod_index; not_absolute_genome_size
published_bootstrap_tree_sensitivity,published_bootstrap_046,published_bootstrap_046,lambda,,,18,2,nucleus_bridge,1,5,2.4389631516777324,0.2953832610560628,17.438963151677733,0.5925226206400964,0.7435930940811535,0.3223973999622431,True,True,True,6,1,relative_nuclear_iod_index; not_absolute_genome_size
published_bootstrap_tree_sensitivity,published_bootstrap_046,published_bootstrap_046,lambda,,,18,3,nucleus_cell_only,2,4,8.45362626221084,0.076305414286023,19.53054933913392,2.68410880809628,0.2613082839703717,0.1132946392472131,True,False,False,6,1,relative_nuclear_iod_index; not_absolute_genome_size
published_bootstrap_tree_sensitivity,published_bootstrap_046,published_bootstrap_046,lambda,,,18,4,cell_collider,1,5,6.014663110533108,0.0494233865303525,21.014663110533107,4.16822257949547,0.1244176422816947,0.0539433793836083,False,False,False,6,1,relative_nuclear_iod_index; not_absolute_genome_size
published_bootstrap_tree_sensitivity,published_bootstrap_046,published_bootstrap_046,lambda,,,18,5,nucleus_collider,1,5,6.494008227302647,0.0388905451312957,21.494008227302647,4.6475676962650105,0.0979024359108632,0.0424472618679103,False,False,False,6,1,relative_nuclear_iod_index; not_absolute_genome_size
published_bootstrap_tree_sensitivity,published_bootstrap_046,published_bootstrap_046,lambda,,,18,6,iod_bridge,1,5,8.07259353719823,0.0176627607423266,23.07259353719823,6.226153006160594,0.0444639512186476,0.0192781003199789,False,False,False,6,1,relative_nuclear_iod_index; not_absolute_genome_size
published_bootstrap_tree_sensitivity,published_bootstrap_046,published_bootstrap_046,lambda,,,18,7,iod_cell_only,2,4,14.087256647731335,0.0070217131067847,25.164179724654414,8.317739193616777,0.0156252107287848,0.0067745751714479,False,False,False,6,1,relative_nuclear_iod_index; not_absolute_genome_size
published_bootstrap_tree_sensitivity,published_bootstrap_046,published_bootstrap_046,lambda,,,18,8,iod_nucleus_only,2,4,14.566601764500875,0.0056899186041339,25.643524841423957,8.797084310386317,0.0122952514122159,0.0053308148216178,False,False,False,6,1,relative_nuclear_iod_index; not_absolute_genome_size
published_bootstrap_tree_sensitivity,published_bootstrap_046,published_bootstrap_046,lambda,,,18,9,iod_collider,1,5,11.957231570280287,0.0025323291549589,26.95723157028029,10.110791039242653,0.0063748448874036,0.0027639221413172,False,False,False,6,1,relative_nuclear_iod_index; not_absolute_genome_size
published_bootstrap_tree_sensitivity,published_bootstrap_046,published_bootstrap_046,lambda,,,18,10,independent,3,3,24.465902908116043,0.0004286010038393462,32.18018862240176,15.333748091364122,0.0004680787318804269,0.00020294347451188665,False,False,False,6,1,relative_nuclear_iod_index; not_absolute_genome_size
published_bootstrap_tree_sensitivity,published_bootstrap_047,published_bootstrap_047,lambda,,,18,1,cell_bridge,1,5,1.8464405399709605,0.3972377663104659,16.84644053997096,0.0,1.0,0.4335669628088536,True,True,True,6,1,relative_nuclear_iod_index; not_absolute_genome_size
published_bootstrap_tree_sensitivity,published_bootstrap_047,published_bootstrap_047,lambda,,,18,2,nucleus_bridge,1,5,2.438963149834953,0.2953832613282259,17.438963149834954,0.5925226098639946,0.7435930980876709,0.3223974011034974,True,True,True,6,1,relative_nuclear_iod_index; not_absolute_genome_size
published_bootstrap_tree_sensitivity,published_bootstrap_047,published_bootstrap_047,lambda,,,18,3,nucleus_cell_only,2,4,8.453626273612363,0.0763054139342486,19.53054935053544,2.684108810564478,0.2613082836478914,0.1132946388980107,True,False,False,6,1,relative_nuclear_iod_index; not_absolute_genome_size
published_bootstrap_tree_sensitivity,published_bootstrap_047,published_bootstrap_047,lambda,,,18,4,cell_collider,1,5,6.014663123777409,0.0494233862030634,21.01466312377741,4.16822258380645,0.1244176420135137,0.0539433791676383,False,False,False,6,1,relative_nuclear_iod_index; not_absolute_genome_size
published_bootstrap_tree_sensitivity,published_bootstrap_047,published_bootstrap_047,lambda,,,18,5,nucleus_collider,1,5,6.494008232042183,0.0388905450391342,21.494008232042184,4.647567692071224,0.0979024361161542,0.0424472618784688,False,False,False,6,1,relative_nuclear_iod_index; not_absolute_genome_size
published_bootstrap_tree_sensitivity,published_bootstrap_047,published_bootstrap_047,lambda,,,18,6,iod_bridge,1,5,8.072593526001949,0.0176627608412053,23.07259352600195,6.226152986030989,0.0444639516661684,0.0192781004783803,False,False,False,6,1,relative_nuclear_iod_index; not_absolute_genome_size
published_bootstrap_tree_sensitivity,published_bootstrap_047,published_bootstrap_047,lambda,,,18,7,iod_cell_only,2,4,14.08725664977936,0.0070217131004883,25.16417972670244,8.317739186731476,0.0156252107825769,0.00677457518225,False,False,False,6,1,relative_nuclear_iod_index; not_absolute_genome_size
published_bootstrap_tree_sensitivity,published_bootstrap_047,published_bootstrap_047,lambda,,,18,8,iod_nucleus_only,2,4,14.566601758044133,0.0056899186202854,25.64352483496721,8.79708429499625,0.0122952515068283,0.0053308148527865,False,False,False,6,1,relative_nuclear_iod_index; not_absolute_genome_size
published_bootstrap_tree_sensitivity,published_bootstrap_047,published_bootstrap_047,lambda,,,18,9,iod_collider,1,5,11.957231564657487,0.0025323291620783,26.95723156465749,10.110791024686533,0.0063748449338001,0.0027639221563251,False,False,False,6,1,relative_nuclear_iod_index; not_absolute_genome_size
published_bootstrap_tree_sensitivity,published_bootstrap_047,published_bootstrap_047,lambda,,,18,10,independent,3,3,24.46590292047708,0.00042860100158848,32.1801886347628,15.33374809479184,0.0004680787310782058,0.00020294347378899984,False,False,False,6,1,relative_nuclear_iod_index; not_absolute_genome_size
published_bootstrap_tree_sensitivity,published_bootstrap_048,published_bootstrap_048,lambda,,,18,1,cell_bridge,1,5,1.8464405339130527,0.3972377675136807,16.846440533913054,0.0,1.0,0.4335669634183184,True,True,True,6,1,relative_nuclear_iod_index; not_absolute_genome_size
published_bootstrap_tree_sensitivity,published_bootstrap_048,published_bootstrap_048,lambda,,,18,2,nucleus_bridge,1,5,2.438963151194707,0.2953832611274016,17.438963151194706,0.5925226172816522,0.7435930953298114,0.3223974003609745,True,True,True,6,1,relative_nuclear_iod_index; not_absolute_genome_size
published_bootstrap_tree_sensitivity,published_bootstrap_048,published_bootstrap_048,lambda,,,18,3,nucleus_cell_only,2,4,8.453626266917526,0.0763054141408062,19.530549343840605,2.684108809927551,0.2613082837311086,0.1132946390933491,True,False,False,6,1,relative_nuclear_iod_index; not_absolute_genome_size
published_bootstrap_tree_sensitivity,published_bootstrap_048,published_bootstrap_048,lambda,,,18,4,cell_collider,1,5,6.014663115722819,0.0494233864021059,21.01466311572282,4.168222581809765,0.1244176421377252,0.0539433792973205,False,False,False,6,1,relative_nuclear_iod_index; not_absolute_genome_size
published_bootstrap_tree_sensitivity,published_bootstrap_048,published_bootstrap_048,lambda,,,18,5,nucleus_collider,1,5,6.494008229836357,0.0388905450820271,21.49400822983636,4.647567695923303,0.0979024359275902,0.0424472618563817,False,False,False,6,1,relative_nuclear_iod_index; not_absolute_genome_size
published_bootstrap_tree_sensitivity,published_bootstrap_048,published_bootstrap_048,lambda,,,18,6,iod_bridge,1,5,8.072593534887748,0.0176627607627314,23.072593534887748,6.226153000974694,0.0444639513339404,0.0192781003614364,False,False,False,6,1,relative_nuclear_iod_index; not_absolute_genome_size
published_bootstrap_tree_sensitivity,published_bootstrap_048,published_bootstrap_048,lambda,,,18,7,iod_cell_only,2,4,14.087256650610566,0.0070217130979329,25.164179727533643,8.31773919362059,0.015625210728755,0.0067745751684376,False,False,False,6,1,relative_nuclear_iod_index; not_absolute_genome_size
published_bootstrap_tree_sensitivity,published_bootstrap_048,published_bootstrap_048,lambda,,,18,8,iod_nucleus_only,2,4,14.566601764724105,0.0056899186035754,25.64352484164718,8.797084307734128,0.0122952514285206,0.0053308148263284,False,False,False,6,1,relative_nuclear_iod_index; not_absolute_genome_size
published_bootstrap_tree_sensitivity,published_bootstrap_048,published_bootstrap_048,lambda,,,18,9,iod_collider,1,5,11.957231570647824,0.0025323291544936,26.957231570647824,10.11079103673477,0.0063748448953973,0.0027639221435601,False,False,False,6,1,relative_nuclear_iod_index; not_absolute_genome_size
published_bootstrap_tree_sensitivity,published_bootstrap_048,published_bootstrap_048,lambda,,,18,10,independent,3,3,24.465902916207,0.0004286010023660802,32.180188630492715,15.333748096579662,0.0004680787306597852,0.000202943473892864,False,False,False,6,1,relative_nuclear_iod_index; not_absolute_genome_size
published_bootstrap_tree_sensitivity,published_bootstrap_049,published_bootstrap_049,lambda,,,18,1,cell_bridge,1,5,1.8464405402364663,0.3972377662577313,16.846440540236465,0.0,1.0,0.4335669624694621,True,True,True,6,1,relative_nuclear_iod_index; not_absolute_genome_size
published_bootstrap_tree_sensitivity,published_bootstrap_049,published_bootstrap_049,lambda,,,18,2,nucleus_bridge,1,5,2.438963148122196,0.2953832615811858,17.438963148122195,0.59252260788573,0.7435930988231829,0.3223974011700219,True,True,True,6,1,relative_nuclear_iod_index; not_absolute_genome_size
published_bootstrap_tree_sensitivity,published_bootstrap_049,published_bootstrap_049,lambda,,,18,3,nucleus_cell_only,2,4,8.453626269421624,0.0763054140635466,19.5305493463447,2.6841088061082345,0.2613082842301181,0.1132946390617591,True,False,False,6,1,relative_nuclear_iod_index; not_absolute_genome_size
published_bootstrap_tree_sensitivity,published_bootstrap_049,published_bootstrap_049,lambda,,,18,4,cell_collider,1,5,6.014663121299429,0.0494233862642985,21.014663121299428,4.168222581062963,0.1244176421841828,0.0539433791994085,False,False,False,6,1,relative_nuclear_iod_index; not_absolute_genome_size
published_bootstrap_tree_sensitivity,published_bootstrap_049,published_bootstrap_049,lambda,,,18,5,nucleus_collider,1,5,6.494008227948219,0.0388905451187424,21.49400822794822,4.647567687711756,0.0979024363295554,0.0424472619377652,False,False,False,6,1,relative_nuclear_iod_index; not_absolute_genome_size
published_bootstrap_tree_sensitivity,published_bootstrap_049,published_bootstrap_049,lambda,,,18,6,iod_bridge,1,5,8.072593525028692,0.0176627608498004,23.072593525028694,6.226152984792229,0.0444639516937085,0.0192781004752301,False,False,False,6,1,relative_nuclear_iod_index; not_absolute_genome_size
published_bootstrap_tree_sensitivity,published_bootstrap_049,published_bootstrap_049,lambda,,,18,7,iod_cell_only,2,4,14.087256646328122,0.0070217131110988,25.1641797232512,8.317739183014734,0.0156252108116143,0.0067745751895366,False,False,False,6,1,relative_nuclear_iod_index; not_absolute_genome_size
published_bootstrap_tree_sensitivity,published_bootstrap_049,published_bootstrap_049,lambda,,,18,8,iod_nucleus_only,2,4,14.566601752976911,0.005689918632961,25.643524829899988,8.797084289663523,0.0122952515396119,0.0053308148628275,False,False,False,6,1,relative_nuclear_iod_index; not_absolute_genome_size
published_bootstrap_tree_sensitivity,published_bootstrap_049,published_bootstrap_049,lambda,,,18,9,iod_collider,1,5,11.957231561195195,0.0025323291664621,26.9572315611952,10.110791020958732,0.0063748449456822,0.0027639221593132,False,False,False,6,1,relative_nuclear_iod_index; not_absolute_genome_size
published_bootstrap_tree_sensitivity,published_bootstrap_049,published_bootstrap_049,lambda,,,18,10,independent,3,3,24.465902910442846,0.0004286010034156851,32.18018862472856,15.333748084492091,0.000468078733488752,0.00020294347467527112,False,False,False,6,1,relative_nuclear_iod_index; not_absolute_genome_size
published_bootstrap_tree_sensitivity,published_bootstrap_050,published_bootstrap_050,lambda,,,18,1,cell_bridge,1,5,1.8464405363749483,0.3972377670247017,16.84644053637495,0.0,1.0,0.4335669628642241,True,True,True,6,1,relative_nuclear_iod_index; not_absolute_genome_size
published_bootstrap_tree_sensitivity,published_bootstrap_050,published_bootstrap_050,lambda,,,18,2,nucleus_bridge,1,5,2.438963151141372,0.2953832611352789,17.438963151141373,0.5925226147664233,0.743593096264965,0.3223974003544055,True,True,True,6,1,relative_nuclear_iod_index; not_absolute_genome_size
published_bootstrap_tree_sensitivity,published_bootstrap_050,published_bootstrap_050,lambda,,,18,3,nucleus_cell_only,2,4,8.453626264455007,0.0763054142167831,19.530549341378084,2.6841088050031345,0.261308284374504,0.1132946392275146,True,False,False,6,1,relative_nuclear_iod_index; not_absolute_genome_size
published_bootstrap_tree_sensitivity,published_bootstrap_050,published_bootstrap_050,lambda,,,18,4,cell_collider,1,5,6.014663113313636,0.049423386461641,21.01466311331364,4.168222576938689,0.124417642440749,0.0539433793597625,False,False,False,6,1,relative_nuclear_iod_index; not_absolute_genome_size
published_bootstrap_tree_sensitivity,published_bootstrap_050,published_bootstrap_050,lambda,,,18,5,nucleus_collider,1,5,6.494008225541437,0.038890545165543,21.494008225541435,4.647567689166486,0.0979024362583446,0.0424472619455388,False,False,False,6,1,relative_nuclear_iod_index; not_absolute_genome_size
published_bootstrap_tree_sensitivity,published_bootstrap_050,published_bootstrap_050,lambda,,,18,6,iod_bridge,1,5,8.072593520342464,0.0176627608911863,23.072593520342465,6.226152983967516,0.0444639517120435,0.0192781005007322,False,False,False,6,1,relative_nuclear_iod_index; not_absolute_genome_size
published_bootstrap_tree_sensitivity,published_bootstrap_050,published_bootstrap_050,lambda,,,18,7,iod_cell_only,2,4,14.0872566336561,0.0070217131500573,25.164179710579177,8.317739174204227,0.0156252108804473,0.0067745752255486,False,False,False,6,1,relative_nuclear_iod_index; not_absolute_genome_size
published_bootstrap_tree_sensitivity,published_bootstrap_050,published_bootstrap_050,lambda,,,18,8,iod_nucleus_only,2,4,14.5666017458839,0.0056899186507043,25.643524822806977,8.797084286432028,0.0122952515594779,0.0053308148762944,False,False,False,6,1,relative_nuclear_iod_index; not_absolute_genome_size
published_bootstrap_tree_sensitivity,published_bootstrap_050,published_bootstrap_050,lambda,,,18,9,iod_collider,1,5,11.957231551782629,0.00253232917838,26.957231551782627,10.110791015407678,0.0063748449633757,0.0027639221695011,False,False,False,6,1,relative_nuclear_iod_index; not_absolute_genome_size
published_bootstrap_tree_sensitivity,published_bootstrap_050,published_bootstrap_050,lambda,,,18,10,independent,3,3,24.4659028906377,0.0004286010070221336,32.180188604923416,15.333748068548466,0.0004680787372201884,0.00020294347647787836,False,False,False,6,1,relative_nuclear_iod_index; not_absolute_genome_size
published_bootstrap_tree_sensitivity,published_bootstrap_051,published_bootstrap_051,lambda,,,18,1,cell_bridge,1,5,1.8464405395193004,0.3972377664001741,16.8464405395193,0.0,1.0,0.4335669649709516,True,True,True,6,1,relative_nuclear_iod_index; not_absolute_genome_size
published_bootstrap_tree_sensitivity,published_bootstrap_051,published_bootstrap_051,lambda,,,18,2,nucleus_bridge,1,5,2.43896316252822,0.2953832594535366,17.43896316252822,0.5925226230089216,0.7435930932004325,0.3223974005922735,True,True,True,6,1,relative_nuclear_iod_index; not_absolute_genome_size
published_bootstrap_tree_sensitivity,published_bootstrap_051,published_bootstrap_051,lambda,,,18,3,nucleus_cell_only,2,4,8.453626302946784,0.0763054130291852,19.53054937986986,2.684108840350561,0.2613082797562164,0.1132946377756831,True,False,False,6,1,relative_nuclear_iod_index; not_absolute_genome_size
published_bootstrap_tree_sensitivity,published_bootstrap_051,published_bootstrap_051,lambda,,,18,4,cell_collider,1,5,6.014663140418564,0.0494233857918323,21.014663140418563,4.168222600899263,0.12441764095019,0.0539433789756194,False,False,False,6,1,relative_nuclear_iod_index; not_absolute_genome_size
published_bootstrap_tree_sensitivity,published_bootstrap_051,published_bootstrap_051,lambda,,,18,5,nucleus_collider,1,5,6.494008259528844,0.0388905445046485,21.494008259528844,4.647567720009544,0.0979024347485394,0.0424472614971908,False,False,False,6,1,relative_nuclear_iod_index; not_absolute_genome_size
published_bootstrap_tree_sensitivity,published_bootstrap_051,published_bootstrap_051,lambda,,,18,6,iod_bridge,1,5,8.072593523766605,0.0176627608609464,23.072593523766606,6.226152984247307,0.0444639517058232,0.0192781005917087,False,False,False,6,1,relative_nuclear_iod_index; not_absolute_genome_size
published_bootstrap_tree_sensitivity,published_bootstrap_051,published_bootstrap_051,lambda,,,18,7,iod_cell_only,2,4,14.087256664185167,0.0070217130561994,25.16417974110825,8.317739201588946,0.0156252106665013,0.0067745751657067,False,False,False,6,1,relative_nuclear_iod_index; not_absolute_genome_size
published_bootstrap_tree_sensitivity,published_bootstrap_051,published_bootstrap_051,lambda,,,18,8,iod_nucleus_only,2,4,14.566601783295448,0.0056899185571192,25.643524860218527,8.797084320699227,0.012295251348816,0.0053308148108611,False,False,False,6,1,relative_nuclear_iod_index; not_absolute_genome_size
published_bootstrap_tree_sensitivity,published_bootstrap_051,published_bootstrap_051,lambda,,,18,9,iod_collider,1,5,11.957231577975714,0.0025323291452152,26.957231577975712,10.110791038456412,0.0063748448899097,0.0027639221510787,False,False,False,6,1,relative_nuclear_iod_index; not_absolute_genome_size
published_bootstrap_tree_sensitivity,published_bootstrap_051,published_bootstrap_051,lambda,,,18,10,independent,3,3,24.46590297792312,0.00042860099112784766,32.18018869220884,15.333748152689536,0.00046807871752786566,0.0002029434689260521,False,False,False,6,1,relative_nuclear_iod_index; not_absolute_genome_size
published_bootstrap_tree_sensitivity,published_bootstrap_052,published_bootstrap_052,lambda,,,18,1,cell_bridge,1,5,1.846440536747174,0.3972377669507708,16.846440536747174,0.0,1.0,0.4335669624160593,True,True,True,6,1,relative_nuclear_iod_index; not_absolute_genome_size
published_bootstrap_tree_sensitivity,published_bootstrap_052,published_bootstrap_052,lambda,,,18,2,nucleus_bridge,1,5,2.438963149717419,0.2953832613455847,17.43896314971742,0.5925226129702459,0.7435930969327774,0.3223974003106947,True,True,True,6,1,relative_nuclear_iod_index; not_absolute_genome_size
published_bootstrap_tree_sensitivity,published_bootstrap_052,published_bootstrap_052,lambda,,,18,3,nucleus_cell_only,2,4,8.453626258666851,0.0763054143953667,19.530549335589928,2.684108798842754,0.2613082851793832,0.1132946394593745,True,False,False,6,1,relative_nuclear_iod_index; not_absolute_genome_size
published_bootstrap_tree_sensitivity,published_bootstrap_052,published_bootstrap_052,lambda,,,18,4,cell_collider,1,5,6.014663108949433,0.0494233865694878,21.014663108949435,4.168222572202261,0.1244176427353967,0.0539433794317524,False,False,False,6,1,relative_nuclear_iod_index; not_absolute_genome_size
published_bootstrap_tree_sensitivity,published_bootstrap_052,published_bootstrap_052,lambda,,,18,5,nucleus_collider,1,5,6.494008219747029,0.0388905452782168,21.49400821974703,4.647567682999856,0.0979024365602087,0.0424472620325406,False,False,False,6,1,relative_nuclear_iod_index; not_absolute_genome_size
published_bootstrap_tree_sensitivity,published_bootstrap_052,published_bootstrap_052,lambda,,,18,6,iod_bridge,1,5,8.072593514966098,0.0176627609386671,23.072593514966098,6.226152978218924,0.0444639518398461,0.019278100536216,False,False,False,6,1,relative_nuclear_iod_index; not_absolute_genome_size
published_bootstrap_tree_sensitivity,published_bootstrap_052,published_bootstrap_052,lambda,,,18,7,iod_cell_only,2,4,14.08725662391553,0.0070217131800036,25.16417970083861,8.317739164091435,0.0156252109594546,0.0067745752528008,False,False,False,6,1,relative_nuclear_iod_index; not_absolute_genome_size
published_bootstrap_tree_sensitivity,published_bootstrap_052,published_bootstrap_052,lambda,,,18,8,iod_nucleus_only,2,4,14.566601734713126,0.0056899186786479,25.643524811636205,8.79708427488903,0.0122952516304399,0.0053308149015509,False,False,False,6,1,relative_nuclear_iod_index; not_absolute_genome_size
published_bootstrap_tree_sensitivity,published_bootstrap_052,published_bootstrap_052,lambda,,,18,9,iod_collider,1,5,11.95723154199781,0.0025323291907692,26.95723154199781,10.110791005250636,0.0063748449957505,0.0027639221806807,False,False,False,6,1,relative_nuclear_iod_index; not_absolute_genome_size
published_bootstrap_tree_sensitivity,published_bootstrap_052,published_bootstrap_052,lambda,,,18,10,independent,3,3,24.465902870694272,0.00042860101065367306,32.18018858497999,15.333748048232811,0.000468078741974851,0.00020294347832956657,False,False,False,6,1,relative_nuclear_iod_index; not_absolute_genome_size
published_bootstrap_tree_sensitivity,published_bootstrap_053,published_bootstrap_053,lambda,,,18,1,cell_bridge,1,5,1.846440527514121,0.3972377687846294,16.846440527514122,0.0,1.0,0.4335669644770362,True,True,True,6,1,relative_nuclear_iod_index; not_absolute_genome_size
published_bootstrap_tree_sensitivity,published_bootstrap_053,published_bootstrap_053,lambda,,,18,2,nucleus_bridge,1,5,2.438963156615098,0.2953832603268552,17.4389631566151,0.5925226291009764,0.7435930909354276,0.32239739924297,True,True,True,6,1,relative_nuclear_iod_index; not_absolute_genome_size
published_bootstrap_tree_sensitivity,published_bootstrap_053,published_bootstrap_053,lambda,,,18,3,nucleus_cell_only,2,4,8.453626265130044,0.0763054141959559,19.53054934205312,2.684108814538998,0.2613082831286039,0.1132946391087747,True,False,False,6,1,relative_nuclear_iod_index; not_absolute_genome_size
published_bootstrap_tree_sensitivity,published_bootstrap_053,published_bootstrap_053,lambda,,,18,4,cell_collider,1,5,6.014663108514945,0.0494233865802247,21.014663108514945,4.168222581000823,0.1244176421880485,0.0539433794508622,False,False,False,6,1,relative_nuclear_iod_index; not_absolute_genome_size
published_bootstrap_tree_sensitivity,published_bootstrap_053,published_bootstrap_053,lambda,,,18,5,nucleus_collider,1,5,6.494008232151253,0.0388905450370132,21.49400823215125,4.6475677046371295,0.0979024355010378,0.0424472617750938,False,False,False,6,1,relative_nuclear_iod_index; not_absolute_genome_size
published_bootstrap_tree_sensitivity,published_bootstrap_053,published_bootstrap_053,lambda,,,18,6,iod_bridge,1,5,8.072593536295214,0.0176627607503015,23.072593536295216,6.226153008781093,0.0444639511603887,0.0192781003332649,False,False,False,6,1,relative_nuclear_iod_index; not_absolute_genome_size
published_bootstrap_tree_sensitivity,published_bootstrap_053,published_bootstrap_053,lambda,,,18,7,iod_cell_only,2,4,14.08725664481016,0.0070217131157656,25.164179721733237,8.317739194219111,0.015625210724079,0.0067745751829529,False,False,False,6,1,relative_nuclear_iod_index; not_absolute_genome_size
published_bootstrap_tree_sensitivity,published_bootstrap_053,published_bootstrap_053,lambda,,,18,8,iod_nucleus_only,2,4,14.566601768446468,0.0056899185942639,25.643524845369544,8.797084317855422,0.0122952513662986,0.0053308148123682,False,False,False,6,1,relative_nuclear_iod_index; not_absolute_genome_size
published_bootstrap_tree_sensitivity,published_bootstrap_053,published_bootstrap_053,lambda,,,18,9,iod_collider,1,5,11.957231569990594,0.0025323291553257,26.957231569990597,10.110791042476473,0.006374844877096,0.0027639221423745,False,False,False,6,1,relative_nuclear_iod_index; not_absolute_genome_size
published_bootstrap_tree_sensitivity,published_bootstrap_053,published_bootstrap_053,lambda,,,18,10,independent,3,3,24.46590291065679,0.00042860100337671625,32.1801886249425,15.33374809742838,0.00046807873046115166,0.00020294347430230636,False,False,False,6,1,relative_nuclear_iod_index; not_absolute_genome_size
published_bootstrap_tree_sensitivity,published_bootstrap_054,published_bootstrap_054,lambda,,,18,1,cell_bridge,1,5,1.846440530530574,0.3972377681855049,16.846440530530575,0.0,1.0,0.4335669639019773,True,True,True,6,1,relative_nuclear_iod_index; not_absolute_genome_size
published_bootstrap_tree_sensitivity,published_bootstrap_054,published_bootstrap_054,lambda,,,18,2,nucleus_bridge,1,5,2.438963154740222,0.2953832606037587,17.43896315474022,0.5925226242096464,0.7435930927540072,0.3223973996038363,True,True,True,6,1,relative_nuclear_iod_index; not_absolute_genome_size
published_bootstrap_tree_sensitivity,published_bootstrap_054,published_bootstrap_054,lambda,,,18,3,nucleus_cell_only,2,4,8.453626264480212,0.0763054142160054,19.530549341403287,2.684108810872712,0.2613082836076195,0.1132946391661924,True,False,False,6,1,relative_nuclear_iod_index; not_absolute_genome_size
published_bootstrap_tree_sensitivity,published_bootstrap_054,published_bootstrap_054,lambda,,,18,4,cell_collider,1,5,6.014663109739989,0.0494233865499518,21.01466310973999,4.168222579209413,0.12441764229949,0.0539433794276321,False,False,False,6,1,relative_nuclear_iod_index; not_absolute_genome_size
published_bootstrap_tree_sensitivity,published_bootstrap_054,published_bootstrap_054,lambda,,,18,5,nucleus_collider,1,5,6.494008229487896,0.038890545088803,21.494008229487896,4.647567698957321,0.0979024357790713,0.0424472618393403,False,False,False,6,1,relative_nuclear_iod_index; not_absolute_genome_size
published_bootstrap_tree_sensitivity,published_bootstrap_054,published_bootstrap_054,lambda,,,18,6,iod_bridge,1,5,8.072593530199507,0.017662760804135,23.072593530199505,6.22615299966893,0.0444639513629701,0.0192781003955281,False,False,False,6,1,relative_nuclear_iod_index; not_absolute_genome_size
published_bootstrap_tree_sensitivity,published_bootstrap_054,published_bootstrap_054,lambda,,,18,7,iod_cell_only,2,4,14.087256639939495,0.0070217131307398,25.164179716862574,8.317739186331998,0.0156252107856979,0.0067745752006834,False,False,False,6,1,relative_nuclear_iod_index; not_absolute_genome_size
published_bootstrap_tree_sensitivity,published_bootstrap_054,published_bootstrap_054,lambda,,,18,8,iod_nucleus_only,2,4,14.566601759687403,0.0056899186161748,25.64352483661048,8.797084306079906,0.0122952514386901,0.0053308148366843,False,False,False,6,1,relative_nuclear_iod_index; not_absolute_genome_size
published_bootstrap_tree_sensitivity,published_bootstrap_054,published_bootstrap_054,lambda,,,18,9,iod_collider,1,5,11.95723156273502,0.0025323291645125,26.95723156273502,10.110791032204446,0.0063748449098373,0.0027639221529041,False,False,False,6,1,relative_nuclear_iod_index; not_absolute_genome_size
published_bootstrap_tree_sensitivity,published_bootstrap_054,published_bootstrap_054,lambda,,,18,10,independent,3,3,24.465902901962902,0.00042860100495978326,32.18018861624862,15.333748085718046,0.0004680787332018308,0.00020294347522140143,False,False,False,6,1,relative_nuclear_iod_index; not_absolute_genome_size
published_bootstrap_tree_sensitivity,published_bootstrap_055,published_bootstrap_055,lambda,,,18,1,cell_bridge,1,5,1.8464405288022412,0.3972377685287844,16.84644052880224,0.0,1.0,0.4335669627758613,True,True,True,6,1,relative_nuclear_iod_index; not_absolute_genome_size
published_bootstrap_tree_sensitivity,published_bootstrap_055,published_bootstrap_055,lambda,,,18,2,nucleus_bridge,1,5,2.4389631480177982,0.2953832615966045,17.4389631480178,0.5925226192155577,0.7435930946107921,0.3223973995715048,True,True,True,6,1,relative_nuclear_iod_index; not_absolute_genome_size
published_bootstrap_tree_sensitivity,published_bootstrap_055,published_bootstrap_055,lambda,,,18,3,nucleus_cell_only,2,4,8.453626244015105,0.0763054148474212,19.53054932093818,2.684108792135941,0.2613082860556561,0.1132946399333167,True,False,False,6,1,relative_nuclear_iod_index; not_absolute_genome_size
published_bootstrap_tree_sensitivity,published_bootstrap_055,published_bootstrap_055,lambda,,,18,4,cell_collider,1,5,6.014663095997306,0.0494233868895568,21.014663095997307,4.168222567195066,0.1244176430468883,0.0539433796115706,False,False,False,6,1,relative_nuclear_iod_index; not_absolute_genome_size
published_bootstrap_tree_sensitivity,published_bootstrap_055,published_bootstrap_055,lambda,,,18,5,nucleus_collider,1,5,6.494008211556948,0.0388905454374751,21.49400821155695,4.647567682754708,0.097902436572209,0.042447262072969,False,False,False,6,1,relative_nuclear_iod_index; not_absolute_genome_size
published_bootstrap_tree_sensitivity,published_bootstrap_055,published_bootstrap_055,lambda,,,18,6,iod_bridge,1,5,8.072593531467069,0.0176627607929407,23.07259353146707,6.22615300266483,0.0444639512963653,0.0192781003165789,False,False,False,6,1,relative_nuclear_iod_index; not_absolute_genome_size
published_bootstrap_tree_sensitivity,published_bootstrap_055,published_bootstrap_055,lambda,,,18,7,iod_cell_only,2,4,14.087256627464374,0.0070217131690931,25.16417970438745,8.31773917558521,0.0156252108696583,0.0067745752194901,False,False,False,6,1,relative_nuclear_iod_index; not_absolute_genome_size
published_bootstrap_tree_sensitivity,published_bootstrap_055,published_bootstrap_055,lambda,,,18,8,iod_nucleus_only,2,4,14.566601743024016,0.0056899186578582,25.643524819947093,8.797084291144852,0.0122952515305052,0.0053308148626464,False,False,False,6,1,relative_nuclear_iod_index; not_absolute_genome_size
published_bootstrap_tree_sensitivity,published_bootstrap_055,published_bootstrap_055,lambda,,,18,9,iod_collider,1,5,11.957231552628706,0.0025323291773088,26.957231552628706,10.110791023826463,0.0063748449365415,0.0027639221573033,False,False,False,6,1,relative_nuclear_iod_index; not_absolute_genome_size
published_bootstrap_tree_sensitivity,published_bootstrap_055,published_bootstrap_055,lambda,,,18,10,independent,3,3,24.46590286018296,0.0004286010125678086,32.18018857446867,15.333748045666432,0.0004680787425754852,0.00020294347875839732,False,False,False,6,1,relative_nuclear_iod_index; not_absolute_genome_size
published_bootstrap_tree_sensitivity,published_bootstrap_056,published_bootstrap_056,lambda,,,18,1,cell_bridge,1,5,1.8464405266467576,0.3972377689569042,16.84644052664676,0.0,1.0,0.4335669630376177,True,True,True,6,1,relative_nuclear_iod_index; not_absolute_genome_size
published_bootstrap_tree_sensitivity,published_bootstrap_056,published_bootstrap_056,lambda,,,18,2,nucleus_bridge,1,5,2.4389631491010664,0.2953832614366148,17.438963149101067,0.5925226224543074,0.7435930934066362,0.3223973992440628,True,True,True,6,1,relative_nuclear_iod_index; not_absolute_genome_size
published_bootstrap_tree_sensitivity,published_bootstrap_056,published_bootstrap_056,lambda,,,18,3,nucleus_cell_only,2,4,8.453626242142132,0.0763054149052085,19.53054931906521,2.684108792418449,0.2613082860187453,0.1132946399857125,True,False,False,6,1,relative_nuclear_iod_index; not_absolute_genome_size
published_bootstrap_tree_sensitivity,published_bootstrap_056,published_bootstrap_056,lambda,,,18,4,cell_collider,1,5,6.014663093041065,0.0494233869626105,21.014663093041065,4.168222566394306,0.1244176430967027,0.0539433796657356,False,False,False,6,1,relative_nuclear_iod_index; not_absolute_genome_size
published_bootstrap_tree_sensitivity,published_bootstrap_056,published_bootstrap_056,lambda,,,18,5,nucleus_collider,1,5,6.494008211188552,0.0388905454446387,21.49400821118855,4.647567684541791,0.0979024364847291,0.0424472620606672,False,False,False,6,1,relative_nuclear_iod_index; not_absolute_genome_size
published_bootstrap_tree_sensitivity,published_bootstrap_056,published_bootstrap_056,lambda,,,18,6,iod_bridge,1,5,8.072593532942347,0.017662760779912,23.07259353294235,6.22615300629559,0.0444639512156463,0.0192781002932205,False,False,False,6,1,relative_nuclear_iod_index; not_absolute_genome_size
published_bootstrap_tree_sensitivity,published_bootstrap_056,published_bootstrap_056,lambda,,,18,7,iod_cell_only,2,4,14.087256625983413,0.0070217131736461,25.164179702906488,8.317739176259728,0.0156252108643885,0.0067745752212953,False,False,False,6,1,relative_nuclear_iod_index; not_absolute_genome_size
published_bootstrap_tree_sensitivity,published_bootstrap_056,published_bootstrap_056,lambda,,,18,8,iod_nucleus_only,2,4,14.5666017441309,0.0056899186550893,25.643524821053976,8.797084294407217,0.0122952515104494,0.0053308148571692,False,False,False,6,1,relative_nuclear_iod_index; not_absolute_genome_size
published_bootstrap_tree_sensitivity,published_bootstrap_056,published_bootstrap_056,lambda,,,18,9,iod_collider,1,5,11.957231552948308,0.0025323291769041,26.957231552948308,10.110791026301548,0.0063748449286523,0.0027639221555515,False,False,False,6,1,relative_nuclear_iod_index; not_absolute_genome_size
published_bootstrap_tree_sensitivity,published_bootstrap_056,published_bootstrap_056,lambda,,,18,10,independent,3,3,24.465902857177923,0.0004286010131149265,32.18018857146364,15.33374804481688,0.0004680787427743141,0.00020294347896712564,False,False,False,6,1,relative_nuclear_iod_index; not_absolute_genome_size
published_bootstrap_tree_sensitivity,published_bootstrap_057,published_bootstrap_057,lambda,,,18,1,cell_bridge,1,5,1.846440544273629,0.3972377654558746,16.84644054427363,0.0,1.0,0.4335669617053655,True,True,True,6,1,relative_nuclear_iod_index; not_absolute_genome_size
published_bootstrap_tree_sensitivity,published_bootstrap_057,published_bootstrap_057,lambda,,,18,2,nucleus_bridge,1,5,2.4389631424081624,0.2953832624251007,17.438963142408163,0.5925225981345328,0.7435931024486444,0.3223974021737253,True,True,True,6,1,relative_nuclear_iod_index; not_absolute_genome_size
published_bootstrap_tree_sensitivity,published_bootstrap_057,published_bootstrap_057,lambda,,,18,3,nucleus_cell_only,2,4,8.453626269835528,0.0763054140507764,19.530549346758605,2.684108802484974,0.261308284703512,0.1132946390673423,True,False,False,6,1,relative_nuclear_iod_index; not_absolute_genome_size
published_bootstrap_tree_sensitivity,published_bootstrap_057,published_bootstrap_057,lambda,,,18,4,cell_collider,1,5,6.014663127427365,0.0494233861128667,21.014663127427365,4.168222583153735,0.1244176420541183,0.0539433790479498,False,False,False,6,1,relative_nuclear_iod_index; not_absolute_genome_size
published_bootstrap_tree_sensitivity,published_bootstrap_057,published_bootstrap_057,lambda,,,18,5,nucleus_collider,1,5,6.4940082261133485,0.038890545154422,21.494008226113348,4.647567681839718,0.0979024366169989,0.0424472619875843,False,False,False,6,1,relative_nuclear_iod_index; not_absolute_genome_size
published_bootstrap_tree_sensitivity,published_bootstrap_057,published_bootstrap_057,lambda,,,18,6,iod_bridge,1,5,8.072593532693466,0.0176627607821099,23.072593532693467,6.226152988419837,0.0444639516130596,0.0192781004062886,False,False,False,6,1,relative_nuclear_iod_index; not_absolute_genome_size
published_bootstrap_tree_sensitivity,published_bootstrap_057,published_bootstrap_057,lambda,,,18,7,iod_cell_only,2,4,14.087256660120833,0.0070217130686948,25.16417973704391,8.31773919277028,0.0156252107353981,0.0067745751445526,False,False,False,6,1,relative_nuclear_iod_index; not_absolute_genome_size
published_bootstrap_tree_sensitivity,published_bootstrap_057,published_bootstrap_057,lambda,,,18,8,iod_nucleus_only,2,4,14.566601758806817,0.0056899186183776,25.64352483572989,8.797084291456262,0.0122952515285908,0.0053308148486543,False,False,False,6,1,relative_nuclear_iod_index; not_absolute_genome_size
published_bootstrap_tree_sensitivity,published_bootstrap_057,published_bootstrap_057,lambda,,,18,9,iod_collider,1,5,11.957231571830071,0.0025323291529967,26.95723157183007,10.11079102755644,0.0063748449246525,0.0027639221453244,False,False,False,6,1,relative_nuclear_iod_index; not_absolute_genome_size
published_bootstrap_tree_sensitivity,published_bootstrap_057,published_bootstrap_057,lambda,,,18,10,independent,3,3,24.465902925370788,0.000428601000697304,32.18018863965651,15.333748095382877,0.00046807873093988,0.00020294347321250705,False,False,False,6,1,relative_nuclear_iod_index; not_absolute_genome_size
published_bootstrap_tree_sensitivity,published_bootstrap_058,published_bootstrap_058,lambda,,,18,1,cell_bridge,1,5,1.846440531527325,0.3972377679875314,16.846440531527325,0.0,1.0,0.4335669642126409,True,True,True,6,1,relative_nuclear_iod_index; not_absolute_genome_size
published_bootstrap_tree_sensitivity,published_bootstrap_058,published_bootstrap_058,lambda,,,18,2,nucleus_bridge,1,5,2.4389631543550707,0.2953832606606423,17.438963154355072,0.5925226228277474,0.7435930932677924,0.3223974000576039,True,True,True,6,1,relative_nuclear_iod_index; not_absolute_genome_size
published_bootstrap_tree_sensitivity,published_bootstrap_058,published_bootstrap_058,lambda,,,18,3,nucleus_cell_only,2,4,8.453626272344083,0.0763054139733792,19.53054934926716,2.684108817739837,0.2613082827104011,0.1132946388583671,True,False,False,6,1,relative_nuclear_iod_index; not_absolute_genome_size
published_bootstrap_tree_sensitivity,published_bootstrap_058,published_bootstrap_058,lambda,,,18,4,cell_collider,1,5,6.014663117989012,0.0494233863461045,21.014663117989013,4.168222586461688,0.1244176418483345,0.053943379270678,False,False,False,6,1,relative_nuclear_iod_index; not_absolute_genome_size
published_bootstrap_tree_sensitivity,published_bootstrap_058,published_bootstrap_058,lambda,,,18,5,nucleus_collider,1,5,6.494008236553112,0.0388905449514179,21.494008236553118,4.647567705025789,0.0979024354820124,0.04244726174096,False,False,False,6,1,relative_nuclear_iod_index; not_absolute_genome_size
published_bootstrap_tree_sensitivity,published_bootstrap_058,published_bootstrap_058,lambda,,,18,6,iod_bridge,1,5,8.072593540917156,0.0176627607094834,23.072593540917158,6.226153009389829,0.0444639511468553,0.0192781003156412,False,False,False,6,1,relative_nuclear_iod_index; not_absolute_genome_size
published_bootstrap_tree_sensitivity,published_bootstrap_058,published_bootstrap_058,lambda,,,18,7,iod_cell_only,2,4,14.087256658906169,0.0070217130724291,25.164179735829244,8.317739204301919,0.015625210645306,0.0067745751446683,False,False,False,6,1,relative_nuclear_iod_index; not_absolute_genome_size
published_bootstrap_tree_sensitivity,published_bootstrap_058,published_bootstrap_058,lambda,,,18,8,iod_nucleus_only,2,4,14.566601777470268,0.0056899185716908,25.643524854393345,8.79708432286602,0.0122952513354954,0.0053308147957621,False,False,False,6,1,relative_nuclear_iod_index; not_absolute_genome_size
published_bootstrap_tree_sensitivity,published_bootstrap_058,published_bootstrap_058,lambda,,,18,9,iod_collider,1,5,11.957231580597533,0.0025323291418956,26.957231580597533,10.110791049070208,0.006374844856079,0.0027639221315767,False,False,False,6,1,relative_nuclear_iod_index; not_absolute_genome_size
published_bootstrap_tree_sensitivity,published_bootstrap_058,published_bootstrap_058,lambda,,,18,10,independent,3,3,24.465902935139656,0.0004286009989185047,32.180188649425375,15.33374811789805,0.00046807872567044303,0.00020294347210145556,False,False,False,6,1,relative_nuclear_iod_index; not_absolute_genome_size
published_bootstrap_tree_sensitivity,published_bootstrap_059,published_bootstrap_059,lambda,,,18,1,cell_bridge,1,5,1.8464405411550973,0.3972377660752739,16.846440541155097,0.0,1.0,0.4335669625816338,True,True,True,6,1,relative_nuclear_iod_index; not_absolute_genome_size
published_bootstrap_tree_sensitivity,published_bootstrap_059,published_bootstrap_059,lambda,,,18,2,nucleus_bridge,1,5,2.4389631491656605,0.2953832614270748,17.43896314916566,0.5925226080105617,0.7435930987767709,0.3223974012333094,True,True,True,6,1,relative_nuclear_iod_index; not_absolute_genome_size
published_bootstrap_tree_sensitivity,published_bootstrap_059,published_bootstrap_059,lambda,,,18,3,nucleus_cell_only,2,4,8.453626273308375,0.0763054139436276,19.530549350231453,2.6841088090763563,0.2613082838423207,0.1132946389229344,True,False,False,6,1,relative_nuclear_iod_index; not_absolute_genome_size
published_bootstrap_tree_sensitivity,published_bootstrap_059,published_bootstrap_059,lambda,,,18,4,cell_collider,1,5,6.014663124142714,0.049423386194036,21.014663124142714,4.168222582987617,0.1244176420644523,0.0539433791614535,False,False,False,6,1,relative_nuclear_iod_index; not_absolute_genome_size
published_bootstrap_tree_sensitivity,published_bootstrap_059,published_bootstrap_059,lambda,,,18,5,nucleus_collider,1,5,6.494008230938756,0.0388905450605906,21.49400823093876,4.64756768978366,0.0979024362281332,0.0424472619047738,False,False,False,6,1,relative_nuclear_iod_index; not_absolute_genome_size
published_bootstrap_tree_sensitivity,published_bootstrap_059,published_bootstrap_059,lambda,,,18,6,iod_bridge,1,5,8.072593523241983,0.0176627608655796,23.072593523241984,6.226152982086887,0.0444639517538536,0.0192781005062946,False,False,False,6,1,relative_nuclear_iod_index; not_absolute_genome_size
published_bootstrap_tree_sensitivity,published_bootstrap_059,published_bootstrap_059,lambda,,,18,7,iod_cell_only,2,4,14.087256647384695,0.0070217131078504,25.16417972430777,8.317739183152675,0.0156252108105367,0.0067745751908221,False,False,False,6,1,relative_nuclear_iod_index; not_absolute_genome_size
published_bootstrap_tree_sensitivity,published_bootstrap_059,published_bootstrap_059,lambda,,,18,8,iod_nucleus_only,2,4,14.566601754180738,0.0056899186299497,25.64352483110381,8.797084289948717,0.0122952515378586,0.0053308148634465,False,False,False,6,1,relative_nuclear_iod_index; not_absolute_genome_size
published_bootstrap_tree_sensitivity,published_bootstrap_059,published_bootstrap_059,lambda,,,18,9,iod_collider,1,5,11.957231561326756,0.0025323291662956,26.95723156132676,10.11079102017166,0.0063748449481909,0.002763922161116,False,False,False,6,1,relative_nuclear_iod_index; not_absolute_genome_size
published_bootstrap_tree_sensitivity,published_bootstrap_059,published_bootstrap_059,lambda,,,18,10,independent,3,3,24.465902916408226,0.00042860100232944287,32.18018863069394,15.333748089538844,0.0004680787323076137,0.00020294347421567373,False,False,False,6,1,relative_nuclear_iod_index; not_absolute_genome_size
published_bootstrap_tree_sensitivity,published_bootstrap_060,published_bootstrap_060,lambda,,,18,1,cell_bridge,1,5,1.8464405414717864,0.3972377660123735,16.846440541471786,0.0,1.0,0.4335669614061844,True,True,True,6,1,relative_nuclear_iod_index; not_absolute_genome_size
published_bootstrap_tree_sensitivity,published_bootstrap_060,published_bootstrap_060,lambda,,,18,2,nucleus_bridge,1,5,2.4389631435543007,0.2953832622558257,17.4389631435543,0.5925226020825143,0.7435931009807986,0.3223974013148469,True,True,True,6,1,relative_nuclear_iod_index; not_absolute_genome_size
published_bootstrap_tree_sensitivity,published_bootstrap_060,published_bootstrap_060,lambda,,,18,3,nucleus_cell_only,2,4,8.45362625706972,0.0763054144446434,19.530549333992795,2.684108792521009,0.2613082860053454,0.1132946395535958,True,False,False,6,1,relative_nuclear_iod_index; not_absolute_genome_size
published_bootstrap_tree_sensitivity,published_bootstrap_060,published_bootstrap_060,lambda,,,18,4,cell_collider,1,5,6.01466311351542,0.0494233864566545,21.014663113515414,4.168222572043632,0.1244176427452648,0.0539433793103846,False,False,False,6,1,relative_nuclear_iod_index; not_absolute_genome_size
published_bootstrap_tree_sensitivity,published_bootstrap_060,published_bootstrap_060,lambda,,,18,5,nucleus_collider,1,5,6.494008215468337,0.0388905453614171,21.494008215468337,4.647567673996552,0.0979024370009314,0.0424472621247542,False,False,False,6,1,relative_nuclear_iod_index; not_absolute_genome_size
published_bootstrap_tree_sensitivity,published_bootstrap_060,published_bootstrap_060,lambda,,,18,6,iod_bridge,1,5,8.072593518168405,0.0176627609103863,23.072593518168404,6.226152976696618,0.04446395187369,0.0192781005059865,False,False,False,6,1,relative_nuclear_iod_index; not_absolute_genome_size
published_bootstrap_tree_sensitivity,published_bootstrap_060,published_bootstrap_060,lambda,,,18,7,iod_cell_only,2,4,14.087256631683823,0.0070217131561209,25.164179708606905,8.317739167135116,0.0156252109356755,0.0067745752267115,False,False,False,6,1,relative_nuclear_iod_index; not_absolute_genome_size
published_bootstrap_tree_sensitivity,published_bootstrap_060,published_bootstrap_060,lambda,,,18,8,iod_nucleus_only,2,4,14.566601733636745,0.0056899186813406,25.643524810559818,8.797084269088032,0.0122952516661023,0.0053308149045963,False,False,False,6,1,relative_nuclear_iod_index; not_absolute_genome_size
published_bootstrap_tree_sensitivity,published_bootstrap_060,published_bootstrap_060,lambda,,,18,9,iod_collider,1,5,11.957231546136796,0.0025323291855285,26.9572315461368,10.11079100466501,0.0063748449976171,0.0027639221750522,False,False,False,6,1,relative_nuclear_iod_index; not_absolute_genome_size
published_bootstrap_tree_sensitivity,published_bootstrap_060,published_bootstrap_060,lambda,,,18,10,independent,3,3,24.465902875120555,0.0004286010098476512,32.18018858940627,15.333748047934485,0.0004680787420446716,0.0002029434778871375,False,False,False,6,1,relative_nuclear_iod_index; not_absolute_genome_size
published_bootstrap_tree_sensitivity,published_bootstrap_061,published_bootstrap_061,lambda,,,18,1,cell_bridge,1,5,1.84644053891094,0.3972377665210062,16.84644053891094,0.0,1.0,0.4335669627581388,True,True,True,6,1,relative_nuclear_iod_index; not_absolute_genome_size
published_bootstrap_tree_sensitivity,published_bootstrap_061,published_bootstrap_061,lambda,,,18,2,nucleus_bridge,1,5,2.4389631514521226,0.2953832610893835,17.43896315145212,0.5925226125411811,0.7435930970923023,0.3223974006342273,True,True,True,6,1,relative_nuclear_iod_index; not_absolute_genome_size
published_bootstrap_tree_sensitivity,published_bootstrap_061,published_bootstrap_061,lambda,,,18,3,nucleus_cell_only,2,4,8.453626269360976,0.0763054140654178,19.53054934628405,2.6841088073731143,0.2613082840648563,0.1132946390655407,True,False,False,6,1,relative_nuclear_iod_index; not_absolute_genome_size
published_bootstrap_tree_sensitivity,published_bootstrap_061,published_bootstrap_061,lambda,,,18,4,cell_collider,1,5,6.014663117908854,0.0494233863480854,21.014663117908853,4.168222578997913,0.1244176423126472,0.0539433792910229,False,False,False,6,1,relative_nuclear_iod_index; not_absolute_genome_size
published_bootstrap_tree_sensitivity,published_bootstrap_061,published_bootstrap_061,lambda,,,18,5,nucleus_collider,1,5,6.494008228415447,0.038890545109657,21.49400822841545,4.6475676895045055,0.0979024362417982,0.0424472619279787,False,False,False,6,1,relative_nuclear_iod_index; not_absolute_genome_size
published_bootstrap_tree_sensitivity,published_bootstrap_061,published_bootstrap_061,lambda,,,18,6,iod_bridge,1,5,8.072593516451466,0.0176627609255491,23.072593516451462,6.226152977540526,0.0444639518549282,0.0192781005579653,False,False,False,6,1,relative_nuclear_iod_index; not_absolute_genome_size
published_bootstrap_tree_sensitivity,published_bootstrap_061,published_bootstrap_061,lambda,,,18,7,iod_cell_only,2,4,14.08725663436032,0.0070217131478924,25.1641797112834,8.317739172372455,0.0156252108947583,0.0067745752300957,False,False,False,6,1,relative_nuclear_iod_index; not_absolute_genome_size
published_bootstrap_tree_sensitivity,published_bootstrap_061,published_bootstrap_061,lambda,,,18,8,iod_nucleus_only,2,4,14.566601744866912,0.0056899186532483,25.64352482178999,8.797084282879048,0.0122952515813203,0.0053308148844602,False,False,False,6,1,relative_nuclear_iod_index; not_absolute_genome_size
published_bootstrap_tree_sensitivity,published_bootstrap_061,published_bootstrap_061,lambda,,,18,9,iod_collider,1,5,11.95723155022352,0.0025323291803541,26.95723155022352,10.110791011312578,0.0063748449764285,0.0027639221744841,False,False,False,6,1,relative_nuclear_iod_index; not_absolute_genome_size
published_bootstrap_tree_sensitivity,published_bootstrap_061,published_bootstrap_061,lambda,,,18,10,independent,3,3,24.46590289654782,0.00042860100594588335,32.18018861083354,15.3337480719226,0.0004680787364305084,0.0002029434760858429,False,False,False,6,1,relative_nuclear_iod_index; not_absolute_genome_size
published_bootstrap_tree_sensitivity,published_bootstrap_062,published_bootstrap_062,lambda,,,18,1,cell_bridge,1,5,1.8464405322421908,0.3972377678455455,16.84644053224219,0.0,1.0,0.4335669617533774,True,True,True,6,1,relative_nuclear_iod_index; not_absolute_genome_size
published_bootstrap_tree_sensitivity,published_bootstrap_062,published_bootstrap_062,lambda,,,18,2,nucleus_bridge,1,5,2.4389631464575188,0.2953832618270446,17.438963146457517,0.5925226142153264,0.7435930964698608,0.3223973996172236,True,True,True,6,1,relative_nuclear_iod_index; not_absolute_genome_size
published_bootstrap_tree_sensitivity,published_bootstrap_062,published_bootstrap_062,lambda,,,18,3,nucleus_cell_only,2,4,8.453626237078442,0.0763054150614401,19.53054931400152,2.684108781759328,0.2613082874114036,0.1132946402539405,True,False,False,6,1,relative_nuclear_iod_index; not_absolute_genome_size
published_bootstrap_tree_sensitivity,published_bootstrap_062,published_bootstrap_062,lambda,,,18,4,cell_collider,1,5,6.014663090620923,0.0494233870224163,21.01466309062092,4.16822255837873,0.1244176435953422,0.053943379722147,False,False,False,6,1,relative_nuclear_iod_index; not_absolute_genome_size
published_bootstrap_tree_sensitivity,published_bootstrap_062,published_bootstrap_062,lambda,,,18,5,nucleus_collider,1,5,6.494008202317122,0.0388905456171461,21.49400820231712,4.647567670074931,0.0979024371928995,0.0424472622419763,False,False,False,6,1,relative_nuclear_iod_index; not_absolute_genome_size
published_bootstrap_tree_sensitivity,published_bootstrap_062,published_bootstrap_062,lambda,,,18,6,iod_bridge,1,5,8.072593511526515,0.0176627609690434,23.072593511526517,6.226152979284322,0.0444639518161602,0.0192781004964811,False,False,False,6,1,relative_nuclear_iod_index; not_absolute_genome_size
published_bootstrap_tree_sensitivity,published_bootstrap_062,published_bootstrap_062,lambda,,,18,7,iod_cell_only,2,4,14.087256602147438,0.007021713246927,25.164179679070514,8.317739146828323,0.0156252110943245,0.0067745753009214,False,False,False,6,1,relative_nuclear_iod_index; not_absolute_genome_size
published_bootstrap_tree_sensitivity,published_bootstrap_062,published_bootstrap_062,lambda,,,18,8,iod_nucleus_only,2,4,14.566601713843635,0.0056899187308531,25.643524790766712,8.79708425852452,0.0122952517310428,0.0053308149370212,False,False,False,6,1,relative_nuclear_iod_index; not_absolute_genome_size
published_bootstrap_tree_sensitivity,published_bootstrap_062,published_bootstrap_062,lambda,,,18,9,iod_collider,1,5,11.957231524814736,0.0025323292125258,26.957231524814738,10.110790992572548,0.0063748450361609,0.0027639221939769,False,False,False,6,1,relative_nuclear_iod_index; not_absolute_genome_size
published_bootstrap_tree_sensitivity,published_bootstrap_062,published_bootstrap_062,lambda,,,18,10,independent,3,3,24.46590281775278,0.0004286010202940727,32.1801885320385,15.333747999796309,0.0004680787533109002,0.00020294348293431564,False,False,False,6,1,relative_nuclear_iod_index; not_absolute_genome_size
published_bootstrap_tree_sensitivity,published_bootstrap_063,published_bootstrap_063,lambda,,,18,1,cell_bridge,1,5,1.8464405478114547,0.3972377647531957,16.846440547811454,0.0,1.0,0.4335669626496599,True,True,True,6,1,relative_nuclear_iod_index; not_absolute_genome_size
published_bootstrap_tree_sensitivity,published_bootstrap_063,published_bootstrap_063,lambda,,,18,2,nucleus_bridge,1,5,2.438963149809348,0.2953832613320076,17.438963149809346,0.5925226019978922,0.7435931010122607,0.3223974022531277,True,True,True,6,1,relative_nuclear_iod_index; not_absolute_genome_size
published_bootstrap_tree_sensitivity,published_bootstrap_063,published_bootstrap_063,lambda,,,18,3,nucleus_cell_only,2,4,8.45362629190014,0.0763054133700105,19.530549368823216,2.684108821011762,0.2613082822829105,0.1132946382646014,True,False,False,6,1,relative_nuclear_iod_index; not_absolute_genome_size
published_bootstrap_tree_sensitivity,published_bootstrap_063,published_bootstrap_063,lambda,,,18,4,cell_collider,1,5,6.014663142090791,0.0494233857505087,21.01466314209079,4.168222594279335,0.1244176413620079,0.0539433788653604,False,False,False,6,1,relative_nuclear_iod_index; not_absolute_genome_size
published_bootstrap_tree_sensitivity,published_bootstrap_063,published_bootstrap_063,lambda,,,18,5,nucleus_collider,1,5,6.494008244151502,0.0388905448036651,21.4940082441515,4.647567696340047,0.0979024359071901,0.0424472617722834,False,False,False,6,1,relative_nuclear_iod_index; not_absolute_genome_size
published_bootstrap_tree_sensitivity,published_bootstrap_063,published_bootstrap_063,lambda,,,18,6,iod_bridge,1,5,8.072593523473337,0.0176627608635364,23.072593523473337,6.226152975661883,0.0444639518966942,0.0192781005712502,False,False,False,6,1,relative_nuclear_iod_index; not_absolute_genome_size
published_bootstrap_tree_sensitivity,published_bootstrap_063,published_bootstrap_063,lambda,,,18,7,iod_cell_only,2,4,14.087256665564128,0.00702171305196,25.164179742487207,8.317739194675752,0.0156252107205114,0.006774575152853,False,False,False,6,1,relative_nuclear_iod_index; not_absolute_genome_size
published_bootstrap_tree_sensitivity,published_bootstrap_063,published_bootstrap_063,lambda,,,18,8,iod_nucleus_only,2,4,14.56660176762484,0.0056899185963192,25.643524844547915,8.797084296736461,0.0122952514961301,0.0053308148461908,False,False,False,6,1,relative_nuclear_iod_index; not_absolute_genome_size
published_bootstrap_tree_sensitivity,published_bootstrap_063,published_bootstrap_063,lambda,,,18,9,iod_collider,1,5,11.95723157335068,0.0025323291510713,26.95723157335068,10.110791025539225,0.0063748449310822,0.0027639221541319,False,False,False,6,1,relative_nuclear_iod_index; not_absolute_genome_size
published_bootstrap_tree_sensitivity,published_bootstrap_063,published_bootstrap_063,lambda,,,18,10,independent,3,3,24.46590295959297,0.00042860099446562216,32.18018867387869,15.333748126067237,0.0004680787237585323,0.00020294347054091607,False,False,False,6,1,relative_nuclear_iod_index; not_absolute_genome_size
published_bootstrap_tree_sensitivity,published_bootstrap_064,published_bootstrap_064,lambda,,,18,1,cell_bridge,1,5,1.8464405337954195,0.3972377675370451,16.84644053379542,0.0,1.0,0.43356696260391,True,True,True,6,1,relative_nuclear_iod_index; not_absolute_genome_size
published_bootstrap_tree_sensitivity,published_bootstrap_064,published_bootstrap_064,lambda,,,18,2,nucleus_bridge,1,5,2.4389631514691104,0.2953832610868745,17.43896315146911,0.5925226176736906,0.7435930951840529,0.32239739969219,True,True,True,6,1,relative_nuclear_iod_index; not_absolute_genome_size
published_bootstrap_tree_sensitivity,published_bootstrap_064,published_bootstrap_064,lambda,,,18,3,nucleus_cell_only,2,4,8.453626253219673,0.0763054145634301,19.530549330142748,2.684108796347328,0.261308285505421,0.1132946396498207,True,False,False,6,1,relative_nuclear_iod_index; not_absolute_genome_size
published_bootstrap_tree_sensitivity,published_bootstrap_064,published_bootstrap_064,lambda,,,18,4,cell_collider,1,5,6.014663101750562,0.0494233867473841,21.014663101750564,4.168222567955144,0.1244176429996048,0.0539433795696762,False,False,False,6,1,relative_nuclear_iod_index; not_absolute_genome_size
published_bootstrap_tree_sensitivity,published_bootstrap_064,published_bootstrap_064,lambda,,,18,5,nucleus_collider,1,5,6.49400821635709,0.0388905453441351,21.494008216357088,4.647567682561668,0.0979024365816585,0.0424472620602316,False,False,False,6,1,relative_nuclear_iod_index; not_absolute_genome_size
published_bootstrap_tree_sensitivity,published_bootstrap_064,published_bootstrap_064,lambda,,,18,6,iod_bridge,1,5,8.072593510946069,0.0176627609741695,23.07259351094607,6.226152977150651,0.0444639518635959,0.0192781005548657,False,False,False,6,1,relative_nuclear_iod_index; not_absolute_genome_size
published_bootstrap_tree_sensitivity,published_bootstrap_064,published_bootstrap_064,lambda,,,18,7,iod_cell_only,2,4,14.087256612696631,0.0070217132144948,25.164179689619708,8.317739155824288,0.0156252110240426,0.0067745752837392,False,False,False,6,1,relative_nuclear_iod_index; not_absolute_genome_size
published_bootstrap_tree_sensitivity,published_bootstrap_064,published_bootstrap_064,lambda,,,18,8,iod_nucleus_only,2,4,14.566601727303158,0.005689918697184,25.643524804226235,8.797084270430815,0.0122952516578474,0.0053308149157436,False,False,False,6,1,relative_nuclear_iod_index; not_absolute_genome_size
published_bootstrap_tree_sensitivity,published_bootstrap_064,published_bootstrap_064,lambda,,,18,9,iod_collider,1,5,11.957231533348248,0.0025323292017209,26.95723153334825,10.11079099955283,0.0063748450139118,0.0027639221897524,False,False,False,6,1,relative_nuclear_iod_index; not_absolute_genome_size
published_bootstrap_tree_sensitivity,published_bootstrap_064,published_bootstrap_064,lambda,,,18,10,independent,3,3,24.4659028514559,0.0004286010141569818,32.18018856574162,15.333748031946197,0.0004680787457865605,0.0002029434800701268,False,False,False,6,1,relative_nuclear_iod_index; not_absolute_genome_size
published_bootstrap_tree_sensitivity,published_bootstrap_065,published_bootstrap_065,lambda,,,18,1,cell_bridge,1,5,1.8464405395843784,0.3972377663872483,16.84644053958438,0.0,1.0,0.4335669625662083,True,True,True,6,1,relative_nuclear_iod_index; not_absolute_genome_size
published_bootstrap_tree_sensitivity,published_bootstrap_065,published_bootstrap_065,lambda,,,18,2,nucleus_bridge,1,5,2.438963150702849,0.2953832612000449,17.43896315070285,0.592522611118472,0.7435930976212606,0.3223974007208479,True,True,True,6,1,relative_nuclear_iod_index; not_absolute_genome_size
published_bootstrap_tree_sensitivity,published_bootstrap_065,published_bootstrap_065,lambda,,,18,3,nucleus_cell_only,2,4,8.453626268302619,0.0763054140980716,19.53054934522569,2.684108805641316,0.261308284291123,0.1132946391134894,True,False,False,6,1,relative_nuclear_iod_index; not_absolute_genome_size
published_bootstrap_tree_sensitivity,published_bootstrap_065,published_bootstrap_065,lambda,,,18,4,cell_collider,1,5,6.0146631175997705,0.0494233863557233,21.01466311759977,4.168222578015392,0.1244176423737686,0.0539433792936436,False,False,False,6,1,relative_nuclear_iod_index; not_absolute_genome_size
published_bootstrap_tree_sensitivity,published_bootstrap_065,published_bootstrap_065,lambda,,,18,5,nucleus_collider,1,5,6.494008226966473,0.0388905451378327,21.49400822696647,4.647567687382093,0.0979024363456929,0.0424472619542336,False,False,False,6,1,relative_nuclear_iod_index; not_absolute_genome_size
published_bootstrap_tree_sensitivity,published_bootstrap_065,published_bootstrap_065,lambda,,,18,6,iod_bridge,1,5,8.072593514946131,0.0176627609388434,23.07259351494613,6.226152975361753,0.0444639519033666,0.0192781005704326,False,False,False,6,1,relative_nuclear_iod_index; not_absolute_genome_size
published_bootstrap_tree_sensitivity,published_bootstrap_065,published_bootstrap_065,lambda,,,18,7,iod_cell_only,2,4,14.087256632545902,0.0070217131534706,25.16417970946898,8.3177391698846,0.0156252109141949,0.0067745752355238,False,False,False,6,1,relative_nuclear_iod_index; not_absolute_genome_size
published_bootstrap_tree_sensitivity,published_bootstrap_065,published_bootstrap_065,lambda,,,18,8,iod_nucleus_only,2,4,14.566601741912605,0.0056899186606385,25.64352481883568,8.797084279251301,0.0122952516036223,0.0053308148917698,False,False,False,6,1,relative_nuclear_iod_index; not_absolute_genome_size
published_bootstrap_tree_sensitivity,published_bootstrap_065,published_bootstrap_065,lambda,,,18,9,iod_collider,1,5,11.957231547920312,0.0025323291832703,26.957231547920312,10.110791008335934,0.0063748449859163,0.0027639221773741,False,False,False,6,1,relative_nuclear_iod_index; not_absolute_genome_size
published_bootstrap_tree_sensitivity,published_bootstrap_065,published_bootstrap_065,lambda,,,18,10,independent,3,3,24.465902892486557,0.0004286010066854029,32.18018860677227,15.33374806718789,0.00046807873753861663,0.00020294347647644345,False,False,False,6,1,relative_nuclear_iod_index; not_absolute_genome_size
published_bootstrap_tree_sensitivity,published_bootstrap_066,published_bootstrap_066,lambda,,,18,1,cell_bridge,1,5,1.846440529325856,0.3972377684247847,16.846440529325857,0.0,1.0,0.4335669624532461,True,True,True,6,1,relative_nuclear_iod_index; not_absolute_genome_size
published_bootstrap_tree_sensitivity,published_bootstrap_066,published_bootstrap_066,lambda,,,18,2,nucleus_bridge,1,5,2.4389631458178687,0.2953832619215156,17.43896314581787,0.5925226164920119,0.743593095623397,0.3223973997706424,True,True,True,6,1,relative_nuclear_iod_index; not_absolute_genome_size
published_bootstrap_tree_sensitivity,published_bootstrap_066,published_bootstrap_066,lambda,,,18,3,nucleus_cell_only,2,4,8.453626240966537,0.0763054149414795,19.530549317889616,2.6841087885637585,0.2613082865223766,0.1132946400513693,True,False,False,6,1,relative_nuclear_iod_index; not_absolute_genome_size
published_bootstrap_tree_sensitivity,published_bootstrap_066,published_bootstrap_066,lambda,,,18,4,cell_collider,1,5,6.014663095148669,0.049423386910528,21.01466309514867,4.168222565822813,0.1244176431322546,0.0539433796084436,False,False,False,6,1,relative_nuclear_iod_index; not_absolute_genome_size
published_bootstrap_tree_sensitivity,published_bootstrap_066,published_bootstrap_066,lambda,,,18,5,nucleus_collider,1,5,6.4940082084652015,0.038890545497595,21.494008208465203,4.647567679139346,0.0979024367491854,0.0424472621181153,False,False,False,6,1,relative_nuclear_iod_index; not_absolute_genome_size
published_bootstrap_tree_sensitivity,published_bootstrap_066,published_bootstrap_066,lambda,,,18,6,iod_bridge,1,5,8.072593533398708,0.0176627607758816,23.07259353339871,6.226153004072852,0.0444639512650622,0.0192781002886621,False,False,False,6,1,relative_nuclear_iod_index; not_absolute_genome_size
published_bootstrap_tree_sensitivity,published_bootstrap_066,published_bootstrap_066,lambda,,,18,7,iod_cell_only,2,4,14.087256628547376,0.0070217131657636,25.164179705470453,8.317739176144595,0.015625210865288,0.0067745752125544,False,False,False,6,1,relative_nuclear_iod_index; not_absolute_genome_size
published_bootstrap_tree_sensitivity,published_bootstrap_066,published_bootstrap_066,lambda,,,18,8,iod_nucleus_only,2,4,14.56660174186391,0.0056899186607602,25.643524818786982,8.797084289461129,0.0122952515408561,0.0053308148631676,False,False,False,6,1,relative_nuclear_iod_index; not_absolute_genome_size
published_bootstrap_tree_sensitivity,published_bootstrap_066,published_bootstrap_066,lambda,,,18,9,iod_collider,1,5,11.957231553459122,0.0025323291762573,26.957231553459124,10.110791024133269,0.0063748449355636,0.0027639221548227,False,False,False,6,1,relative_nuclear_iod_index; not_absolute_genome_size
published_bootstrap_tree_sensitivity,published_bootstrap_066,published_bootstrap_066,lambda,,,18,10,independent,3,3,24.465902857072997,0.00042860101313413335,32.18018857135871,15.333748042032855,0.0004680787434258853,0.00020294347897609343,False,False,False,6,1,relative_nuclear_iod_index; not_absolute_genome_size
published_bootstrap_tree_sensitivity,published_bootstrap_067,published_bootstrap_067,lambda,,,18,1,cell_bridge,1,5,1.846440539466508,0.3972377664106596,16.846440539466506,0.0,1.0,0.4335669629485419,True,True,True,6,1,relative_nuclear_iod_index; not_absolute_genome_size
published_bootstrap_tree_sensitivity,published_bootstrap_067,published_bootstrap_067,lambda,,,18,2,nucleus_bridge,1,5,2.438963153192389,0.2953832608323607,17.43896315319239,0.5925226137258832,0.7435930966518342,0.3223974005848374,True,True,True,6,1,relative_nuclear_iod_index; not_absolute_genome_size
published_bootstrap_tree_sensitivity,published_bootstrap_067,published_bootstrap_067,lambda,,,18,3,nucleus_cell_only,2,4,8.453626273297594,0.0763054139439602,19.53054935022067,2.6841088107541644,0.2613082836231081,0.1132946389237672,True,False,False,6,1,relative_nuclear_iod_index; not_absolute_genome_size
published_bootstrap_tree_sensitivity,published_bootstrap_067,published_bootstrap_067,lambda,,,18,4,cell_collider,1,5,6.014663120105205,0.0494233862938098,21.014663120105205,4.168222580638698,0.1244176422105758,0.0539433792704577,False,False,False,6,1,relative_nuclear_iod_index; not_absolute_genome_size
published_bootstrap_tree_sensitivity,published_bootstrap_067,published_bootstrap_067,lambda,,,18,5,nucleus_collider,1,5,6.49400823163064,0.0388905450471367,21.49400823163064,4.647567692164135,0.0979024361116061,0.0424472618901727,False,False,False,6,1,relative_nuclear_iod_index; not_absolute_genome_size
published_bootstrap_tree_sensitivity,published_bootstrap_067,published_bootstrap_067,lambda,,,18,6,iod_bridge,1,5,8.072593513344753,0.0176627609529858,23.072593513344756,6.226152973878246,0.0444639519363479,0.0192781006017323,False,False,False,6,1,relative_nuclear_iod_index; not_absolute_genome_size
published_bootstrap_tree_sensitivity,published_bootstrap_067,published_bootstrap_067,lambda,,,18,7,iod_cell_only,2,4,14.087256633449956,0.0070217131506912,25.164179710373038,8.317739170906528,0.015625210906211,0.0067745752380363,False,False,False,6,1,relative_nuclear_iod_index; not_absolute_genome_size
published_bootstrap_tree_sensitivity,published_bootstrap_067,published_bootstrap_067,lambda,,,18,8,iod_nucleus_only,2,4,14.566601744975394,0.0056899186529769,25.64352482189847,8.797084282431964,0.0122952515840688,0.0053308148879929,False,False,False,6,1,relative_nuclear_iod_index; not_absolute_genome_size
published_bootstrap_tree_sensitivity,published_bootstrap_067,published_bootstrap_067,lambda,,,18,9,iod_collider,1,5,11.957231548664026,0.0025323291823287,26.957231548664023,10.11079100919752,0.0063748449831701,0.0027639221786208,False,False,False,6,1,relative_nuclear_iod_index; not_absolute_genome_size
published_bootstrap_tree_sensitivity,published_bootstrap_067,published_bootstrap_067,lambda,,,18,10,independent,3,3,24.465902900399872,0.0004286010052444445,32.18018861468559,15.333748075219084,0.0004680787356590012,0.00020294347584046656,False,False,False,6,1,relative_nuclear_iod_index; not_absolute_genome_size
published_bootstrap_tree_sensitivity,published_bootstrap_068,published_bootstrap_068,lambda,,,18,1,cell_bridge,1,5,1.8464405348310595,0.3972377673313473,16.84644053483106,0.0,1.0,0.4335669624400435,True,True,True,6,1,relative_nuclear_iod_index; not_absolute_genome_size
published_bootstrap_tree_sensitivity,published_bootstrap_068,published_bootstrap_068,lambda,,,18,2,nucleus_bridge,1,5,2.43896315096074,0.2953832611619567,17.43896315096074,0.5925226161296777,0.7435930957581116,0.3223973998192329,True,True,True,6,1,relative_nuclear_iod_index; not_absolute_genome_size
published_bootstrap_tree_sensitivity,published_bootstrap_068,published_bootstrap_068,lambda,,,18,3,nucleus_cell_only,2,4,8.453626253493669,0.0763054145549764,19.530549330416747,2.6841087955856864,0.2613082856049326,0.113294639650146,True,False,False,6,1,relative_nuclear_iod_index; not_absolute_genome_size
published_bootstrap_tree_sensitivity,published_bootstrap_068,published_bootstrap_068,lambda,,,18,4,cell_collider,1,5,6.014663102532929,0.0494233867280504,21.01466310253293,4.168222567701868,0.1244176430153608,0.0539433795561197,False,False,False,6,1,relative_nuclear_iod_index; not_absolute_genome_size
published_bootstrap_tree_sensitivity,published_bootstrap_068,published_bootstrap_068,lambda,,,18,5,nucleus_collider,1,5,6.494008215914153,0.0388905453527481,21.494008215914157,4.647567681083093,0.0979024366540366,0.0424472620755694,False,False,False,6,1,relative_nuclear_iod_index; not_absolute_genome_size
published_bootstrap_tree_sensitivity,published_bootstrap_068,published_bootstrap_068,lambda,,,18,6,iod_bridge,1,5,8.072593509121987,0.0176627609902786,23.072593509121987,6.226152974290926,0.0444639519271732,0.0192781005751446,False,False,False,6,1,relative_nuclear_iod_index; not_absolute_genome_size
published_bootstrap_tree_sensitivity,published_bootstrap_068,published_bootstrap_068,lambda,,,18,7,iod_cell_only,2,4,14.087256611654915,0.0070217132176974,25.164179688577992,8.317739153746931,0.0156252110402721,0.0067745752882154,False,False,False,6,1,relative_nuclear_iod_index; not_absolute_genome_size
published_bootstrap_tree_sensitivity,published_bootstrap_068,published_bootstrap_068,lambda,,,18,8,iod_nucleus_only,2,4,14.56660172503614,0.0056899187028549,25.643524801959217,8.797084267128156,0.0122952516781509,0.0053308149225317,False,False,False,6,1,relative_nuclear_iod_index; not_absolute_genome_size
published_bootstrap_tree_sensitivity,published_bootstrap_068,published_bootstrap_068,lambda,,,18,9,iod_collider,1,5,11.957231531465132,0.0025323292041053,26.957231531465133,10.110790996634073,0.0063748450232151,0.0027639221927414,False,False,False,6,1,relative_nuclear_iod_index; not_absolute_genome_size
published_bootstrap_tree_sensitivity,published_bootstrap_068,published_bootstrap_068,lambda,,,18,10,independent,3,3,24.46590284991221,0.00042860101443797927,32.180188564197934,15.333748029366872,0.0004680787463902237,0.0002029434802551528,False,False,False,6,1,relative_nuclear_iod_index; not_absolute_genome_size
published_bootstrap_tree_sensitivity,published_bootstrap_069,published_bootstrap_069,lambda,,,18,1,cell_bridge,1,5,1.846440541951301,0.397237765917133,16.846440541951303,0.0,1.0,0.4335669615120733,True,True,True,6,1,relative_nuclear_iod_index; not_absolute_genome_size
published_bootstrap_tree_sensitivity,published_bootstrap_069,published_bootstrap_069,lambda,,,18,2,nucleus_bridge,1,5,2.4389631457002325,0.2953832619388895,17.43896314570023,0.5925226037489288,0.7435931003612313,0.3223974011249612,True,True,True,6,1,relative_nuclear_iod_index; not_absolute_genome_size
published_bootstrap_tree_sensitivity,published_bootstrap_069,published_bootstrap_069,lambda,,,18,3,nucleus_cell_only,2,4,8.453626259274461,0.0763054143766199,19.530549336197534,2.684108794246235,0.2613082857799375,0.113294639483536,True,False,False,6,1,relative_nuclear_iod_index; not_absolute_genome_size
published_bootstrap_tree_sensitivity,published_bootstrap_069,published_bootstrap_069,lambda,,,18,4,cell_collider,1,5,6.01466311357423,0.0494233864552012,21.01466311357423,4.168222571622927,0.1244176427714363,0.0539433793349062,False,False,False,6,1,relative_nuclear_iod_index; not_absolute_genome_size
published_bootstrap_tree_sensitivity,published_bootstrap_069,published_bootstrap_069,lambda,,,18,5,nucleus_collider,1,5,6.494008216972309,0.038890545332172,21.494008216972308,4.647567675021005,0.0979024369507832,0.0424472621133784,False,False,False,6,1,relative_nuclear_iod_index; not_absolute_genome_size
published_bootstrap_tree_sensitivity,published_bootstrap_069,published_bootstrap_069,lambda,,,18,6,iod_bridge,1,5,8.07259351071862,0.0176627609761781,23.07259351071862,6.226152968767316,0.044463952049974,0.0192781005871257,False,False,False,6,1,relative_nuclear_iod_index; not_absolute_genome_size
published_bootstrap_tree_sensitivity,published_bootstrap_069,published_bootstrap_069,lambda,,,18,7,iod_cell_only,2,4,14.08725662429285,0.0070217131788435,25.16417970121593,8.317739159264626,0.0156252109971646,0.0067745752550256,False,False,False,6,1,relative_nuclear_iod_index; not_absolute_genome_size
published_bootstrap_tree_sensitivity,published_bootstrap_069,published_bootstrap_069,lambda,,,18,8,iod_nucleus_only,2,4,14.56660172769093,0.005689918696214,25.643524804614007,8.797084262662704,0.0122952517056028,0.0053308149230243,False,False,False,6,1,relative_nuclear_iod_index; not_absolute_genome_size
published_bootstrap_tree_sensitivity,published_bootstrap_069,published_bootstrap_069,lambda,,,18,9,iod_collider,1,5,11.957231538214588,0.0025323291955594,26.957231538214582,10.110790996263283,0.006374845024397,0.0027639221873381,False,False,False,6,1,relative_nuclear_iod_index; not_absolute_genome_size
published_bootstrap_tree_sensitivity,published_bootstrap_069,published_bootstrap_069,lambda,,,18,10,independent,3,3,24.465902868761127,0.0004286010110057248,32.18018858304684,15.33374804109554,0.0004680787436452541,0.00020294347863066155,False,False,False,6,1,relative_nuclear_iod_index; not_absolute_genome_size
published_bootstrap_tree_sensitivity,published_bootstrap_070,published_bootstrap_070,lambda,,,18,1,cell_bridge,1,5,1.8464405328264133,0.3972377677295078,16.846440532826414,0.0,1.0,0.4335669630381629,True,True,True,6,1,relative_nuclear_iod_index; not_absolute_genome_size
published_bootstrap_tree_sensitivity,published_bootstrap_070,published_bootstrap_070,lambda,,,18,2,nucleus_bridge,1,5,2.4389631529640208,0.2953832608660888,17.43896315296402,0.5925226201376077,0.743593094267977,0.3223973996179172,True,True,True,6,1,relative_nuclear_iod_index; not_absolute_genome_size
published_bootstrap_tree_sensitivity,published_bootstrap_070,published_bootstrap_070,lambda,,,18,3,nucleus_cell_only,2,4,8.453626257165642,0.076305414441684,19.53054933408872,2.6841088012623047,0.2613082848632589,0.1132946394848743,True,False,False,6,1,relative_nuclear_iod_index; not_absolute_genome_size
published_bootstrap_tree_sensitivity,published_bootstrap_070,published_bootstrap_070,lambda,,,18,4,cell_collider,1,5,6.01466310420162,0.0494233866868143,21.01466310420162,4.168222571375207,0.1244176427868467,0.0539433795314601,False,False,False,6,1,relative_nuclear_iod_index; not_absolute_genome_size
published_bootstrap_tree_sensitivity,published_bootstrap_070,published_bootstrap_070,lambda,,,18,5,nucleus_collider,1,5,6.494008220775181,0.0388905452582241,21.494008220775186,4.647567687948769,0.0979024363179534,0.0424472619884122,False,False,False,6,1,relative_nuclear_iod_index; not_absolute_genome_size
published_bootstrap_tree_sensitivity,published_bootstrap_070,published_bootstrap_070,lambda,,,18,6,iod_bridge,1,5,8.072593515456012,0.0176627609343404,23.072593515456013,6.2261529826296,0.044463951741788,0.0192781005213624,False,False,False,6,1,relative_nuclear_iod_index; not_absolute_genome_size
published_bootstrap_tree_sensitivity,published_bootstrap_070,published_bootstrap_070,lambda,,,18,7,iod_cell_only,2,4,14.087256619657632,0.007021713193094,25.16417969658071,8.317739163754297,0.0156252109620885,0.0067745752636633,False,False,False,6,1,relative_nuclear_iod_index; not_absolute_genome_size
published_bootstrap_tree_sensitivity,published_bootstrap_070,published_bootstrap_070,lambda,,,18,8,iod_nucleus_only,2,4,14.566601736231192,0.0056899186748505,25.64352481315427,8.797084280327855,0.0122952515970041,0.0053308148947032,False,False,False,6,1,relative_nuclear_iod_index; not_absolute_genome_size
published_bootstrap_tree_sensitivity,published_bootstrap_070,published_bootstrap_070,lambda,,,18,9,iod_collider,1,5,11.957231540908762,0.0025323291921481,26.95723154090876,10.110791008082348,0.0063748449867246,0.0027639221807332,False,False,False,6,1,relative_nuclear_iod_index; not_absolute_genome_size
published_bootstrap_tree_sensitivity,published_bootstrap_070,published_bootstrap_070,lambda,,,18,10,independent,3,3,24.465902865885564,0.000428601011529306,32.18018858017128,15.333748047344862,0.0004680787421826665,0.000202943478710862,False,False,False,6,1,relative_nuclear_iod_index; not_absolute_genome_size
published_bootstrap_tree_sensitivity,published_bootstrap_071,published_bootstrap_071,lambda,,,18,1,cell_bridge,1,5,1.8464405289889088,0.3972377684917089,16.846440528988907,0.0,1.0,0.4335669617158927,True,True,True,6,1,relative_nuclear_iod_index; not_absolute_genome_size
published_bootstrap_tree_sensitivity,published_bootstrap_071,published_bootstrap_071,lambda,,,18,2,nucleus_bridge,1,5,2.438963146482918,0.2953832618232934,17.43896314648292,0.5925226174940121,0.7435930952508568,0.3223973990608303,True,True,True,6,1,relative_nuclear_iod_index; not_absolute_genome_size
published_bootstrap_tree_sensitivity,published_bootstrap_071,published_bootstrap_071,lambda,,,18,3,nucleus_cell_only,2,4,8.453626227796063,0.0763054153478319,19.530549304719138,2.6841087757302304,0.2613082881991302,0.1132946405856777,True,False,False,6,1,relative_nuclear_iod_index; not_absolute_genome_size
published_bootstrap_tree_sensitivity,published_bootstrap_071,published_bootstrap_071,lambda,,,18,4,cell_collider,1,5,6.014663081313145,0.0494233872524273,21.014663081313145,4.168222552324238,0.124417643971985,0.0539433798807832,False,False,False,6,1,relative_nuclear_iod_index; not_absolute_genome_size
published_bootstrap_tree_sensitivity,published_bootstrap_071,published_bootstrap_071,lambda,,,18,5,nucleus_collider,1,5,6.494008195617135,0.0388905457474292,21.49400819561713,4.647567666628227,0.0979024373616199,0.042447262311458,False,False,False,6,1,relative_nuclear_iod_index; not_absolute_genome_size
published_bootstrap_tree_sensitivity,published_bootstrap_071,published_bootstrap_071,lambda,,,18,6,iod_bridge,1,5,8.072593509633588,0.0176627609857604,23.072593509633588,6.226152980644681,0.0444639517859167,0.0192781004817018,False,False,False,6,1,relative_nuclear_iod_index; not_absolute_genome_size
published_bootstrap_tree_sensitivity,published_bootstrap_071,published_bootstrap_071,lambda,,,18,7,iod_cell_only,2,4,14.087256590946732,0.0070217132813622,25.16417966786981,8.317739138880903,0.0156252111564145,0.0067745753272559,False,False,False,6,1,relative_nuclear_iod_index; not_absolute_genome_size
published_bootstrap_tree_sensitivity,published_bootstrap_071,published_bootstrap_071,lambda,,,18,8,iod_nucleus_only,2,4,14.566601705250722,0.0056899187523482,25.6435247821738,8.797084253184892,0.0122952517638689,0.0053308149507926,False,False,False,6,1,relative_nuclear_iod_index; not_absolute_genome_size
published_bootstrap_tree_sensitivity,published_bootstrap_071,published_bootstrap_071,lambda,,,18,9,iod_collider,1,5,11.957231516621198,0.0025323292229002,26.9572315166212,10.110790987632292,0.0063748450519076,0.0027639222005651,False,False,False,6,1,relative_nuclear_iod_index; not_absolute_genome_size
published_bootstrap_tree_sensitivity,published_bootstrap_071,published_bootstrap_071,lambda,,,18,10,independent,3,3,24.46590279355148,0.00042860102470110295,32.180188507837194,15.333747978848288,0.0004680787582135623,0.00020294348504240213,False,False,False,6,1,relative_nuclear_iod_index; not_absolute_genome_size
published_bootstrap_tree_sensitivity,published_bootstrap_072,published_bootstrap_072,lambda,,,18,1,cell_bridge,1,5,1.84644053265634,0.3972377677632878,16.846440532656338,0.0,1.0,0.4335669634171279,True,True,True,6,1,relative_nuclear_iod_index; not_absolute_genome_size
published_bootstrap_tree_sensitivity,published_bootstrap_072,published_bootstrap_072,lambda,,,18,2,nucleus_bridge,1,5,2.43896314969896,0.2953832613483109,17.43896314969896,0.5925226170426221,0.743593095418682,0.3223974003986206,True,True,True,6,1,relative_nuclear_iod_index; not_absolute_genome_size
published_bootstrap_tree_sensitivity,published_bootstrap_072,published_bootstrap_072,lambda,,,18,3,nucleus_cell_only,2,4,8.453626264109072,0.0763054142274562,19.53054934103215,2.684108808375811,0.2613082839338498,0.1132946391809399,True,False,False,6,1,relative_nuclear_iod_index; not_absolute_genome_size
published_bootstrap_tree_sensitivity,published_bootstrap_072,published_bootstrap_072,lambda,,,18,4,cell_collider,1,5,6.014663114410112,0.0494233864345452,21.014663114410112,4.168222581753774,0.1244176421412083,0.0539433792986825,False,False,False,6,1,relative_nuclear_iod_index; not_absolute_genome_size
published_bootstrap_tree_sensitivity,published_bootstrap_072,published_bootstrap_072,lambda,,,18,5,nucleus_collider,1,5,6.4940082282328815,0.0388905451132071,21.49400822823288,4.647567695576544,0.0979024359445645,0.0424472618636247,False,False,False,6,1,relative_nuclear_iod_index; not_absolute_genome_size
published_bootstrap_tree_sensitivity,published_bootstrap_072,published_bootstrap_072,lambda,,,18,6,iod_bridge,1,5,8.072593541886178,0.0176627607009256,23.072593541886175,6.22615300922984,0.0444639511504122,0.0192781002818117,False,False,False,6,1,relative_nuclear_iod_index; not_absolute_genome_size
published_bootstrap_tree_sensitivity,published_bootstrap_072,published_bootstrap_072,lambda,,,18,7,iod_cell_only,2,4,14.08725665629629,0.0070217130804528,25.164179733219367,8.317739200563029,0.0156252106745164,0.006774575144903,False,False,False,6,1,relative_nuclear_iod_index; not_absolute_genome_size
published_bootstrap_tree_sensitivity,published_bootstrap_072,published_bootstrap_072,lambda,,,18,8,iod_nucleus_only,2,4,14.56660177011906,0.0056899185900799,25.643524847042137,8.797084314385799,0.0122952513876286,0.0053308148085843,False,False,False,6,1,relative_nuclear_iod_index; not_absolute_genome_size
published_bootstrap_tree_sensitivity,published_bootstrap_072,published_bootstrap_072,lambda,,,18,9,iod_collider,1,5,11.957231577504515,0.0025323291458119,26.957231577504515,10.110791044848176,0.0063748448695364,0.0027639221323401,False,False,False,6,1,relative_nuclear_iod_index; not_absolute_genome_size
published_bootstrap_tree_sensitivity,published_bootstrap_072,published_bootstrap_072,lambda,,,18,10,independent,3,3,24.46590292014751,0.0004286010016485431,32.18018863443322,15.333748101776884,0.0004680787294434306,0.0002029434733649356,False,False,False,6,1,relative_nuclear_iod_index; not_absolute_genome_size
published_bootstrap_tree_sensitivity,published_bootstrap_073,published_bootstrap_073,lambda,,,18,1,cell_bridge,1,5,1.8464405295617696,0.3972377683779279,16.846440529561768,0.0,1.0,0.4335669650213029,True,True,True,6,1,relative_nuclear_iod_index; not_absolute_genome_size
published_bootstrap_tree_sensitivity,published_bootstrap_073,published_bootstrap_073,lambda,,,18,2,nucleus_bridge,1,5,2.4389631582815574,0.2953832600807331,17.438963158281556,0.592522628719788,0.7435930910771521,0.3223973997091301,True,True,True,6,1,relative_nuclear_iod_index; not_absolute_genome_size
published_bootstrap_tree_sensitivity,published_bootstrap_073,published_bootstrap_073,lambda,,,18,3,nucleus_cell_only,2,4,8.453626278837968,0.0763054137730214,19.53054935576105,2.684108826199278,0.2613082816051401,0.1132946385904725,True,False,False,6,1,relative_nuclear_iod_index; not_absolute_genome_size
published_bootstrap_tree_sensitivity,published_bootstrap_073,published_bootstrap_073,lambda,,,18,4,cell_collider,1,5,6.014663120556411,0.0494233862826597,21.01466312055641,4.168222590994642,0.1244176415663448,0.0539433792490284,False,False,False,6,1,relative_nuclear_iod_index; not_absolute_genome_size
published_bootstrap_tree_sensitivity,published_bootstrap_073,published_bootstrap_073,lambda,,,18,5,nucleus_collider,1,5,6.494008243894397,0.0388905448086647,21.4940082438944,4.647567714332631,0.0979024350264312,0.0424472616226051,False,False,False,6,1,relative_nuclear_iod_index; not_absolute_genome_size
published_bootstrap_tree_sensitivity,published_bootstrap_073,published_bootstrap_073,lambda,,,18,6,iod_bridge,1,5,8.072593543692383,0.0176627606849743,23.072593543692385,6.226153014130617,0.0444639510414582,0.0192781003059008,False,False,False,6,1,relative_nuclear_iod_index; not_absolute_genome_size
published_bootstrap_tree_sensitivity,published_bootstrap_073,published_bootstrap_073,lambda,,,18,7,iod_cell_only,2,4,14.087256664248796,0.0070217130560038,25.16417974117187,8.317739211610103,0.01562521058821,0.0067745751325489,False,False,False,6,1,relative_nuclear_iod_index; not_absolute_genome_size
published_bootstrap_tree_sensitivity,published_bootstrap_073,published_bootstrap_073,lambda,,,18,8,iod_nucleus_only,2,4,14.56660178758678,0.0056899185463844,25.643524864509857,8.797084334948089,0.0122952512612193,0.0053308147735012,False,False,False,6,1,relative_nuclear_iod_index; not_absolute_genome_size
published_bootstrap_tree_sensitivity,published_bootstrap_073,published_bootstrap_073,lambda,,,18,9,iod_collider,1,5,11.957231587190924,0.0025323291335472,26.957231587190925,10.110791057629156,0.006374844828798,0.0027639221249037,False,False,False,6,1,relative_nuclear_iod_index; not_absolute_genome_size
published_bootstrap_tree_sensitivity,published_bootstrap_073,published_bootstrap_073,lambda,,,18,10,independent,3,3,24.46590295164173,0.00042860099591357503,32.180188665927446,15.333748136365678,0.0004680787213482913,0.0002029434706060308,False,False,False,6,1,relative_nuclear_iod_index; not_absolute_genome_size
published_bootstrap_tree_sensitivity,published_bootstrap_074,published_bootstrap_074,lambda,,,18,1,cell_bridge,1,5,1.8464405300024749,0.3972377682903955,16.846440530002475,0.0,1.0,0.4335669635215985,True,True,True,6,1,relative_nuclear_iod_index; not_absolute_genome_size
published_bootstrap_tree_sensitivity,published_bootstrap_074,published_bootstrap_074,lambda,,,18,2,nucleus_bridge,1,5,2.4389631506355696,0.2953832612099816,17.43896315063557,0.592522620633094,0.743593094083757,0.3223973998975248,True,True,True,6,1,relative_nuclear_iod_index; not_absolute_genome_size
published_bootstrap_tree_sensitivity,published_bootstrap_074,published_bootstrap_074,lambda,,,18,3,nucleus_cell_only,2,4,8.453626258398568,0.0763054144036441,19.530549335321645,2.6841088053191697,0.2613082843332127,0.1132946393813895,True,False,False,6,1,relative_nuclear_iod_index; not_absolute_genome_size
published_bootstrap_tree_sensitivity,published_bootstrap_074,published_bootstrap_074,lambda,,,18,4,cell_collider,1,5,6.014663107762998,0.0494233865988066,21.014663107763,4.168222577760524,0.1244176423896237,0.0539433794193852,False,False,False,6,1,relative_nuclear_iod_index; not_absolute_genome_size
published_bootstrap_tree_sensitivity,published_bootstrap_074,published_bootstrap_074,lambda,,,18,5,nucleus_collider,1,5,6.494008224474019,0.0388905451862992,21.49400822447402,4.647567694471544,0.0979024359986556,0.0424472618973047,False,False,False,6,1,relative_nuclear_iod_index; not_absolute_genome_size
published_bootstrap_tree_sensitivity,published_bootstrap_074,published_bootstrap_074,lambda,,,18,6,iod_bridge,1,5,8.07259353960713,0.0176627607210527,23.07259353960713,6.226153009604655,0.0444639511420793,0.019278100282844,False,False,False,6,1,relative_nuclear_iod_index; not_absolute_genome_size
published_bootstrap_tree_sensitivity,published_bootstrap_074,published_bootstrap_074,lambda,,,18,7,iod_cell_only,2,4,14.087256647370127,0.0070217131078953,25.16417972429321,8.31773919429073,0.0156252107235194,0.0067745751677814,False,False,False,6,1,relative_nuclear_iod_index; not_absolute_genome_size
published_bootstrap_tree_sensitivity,published_bootstrap_074,published_bootstrap_074,lambda,,,18,8,iod_nucleus_only,2,4,14.566601764081147,0.0056899186051838,25.643524841004226,8.79708431100175,0.0122952514084325,0.0053308148188887,False,False,False,6,1,relative_nuclear_iod_index; not_absolute_genome_size
published_bootstrap_tree_sensitivity,published_bootstrap_074,published_bootstrap_074,lambda,,,18,9,iod_collider,1,5,11.957231570936194,0.0025323291541284,26.957231570936194,10.11079104093372,0.0063748448820134,0.0027639221384157,False,False,False,6,1,relative_nuclear_iod_index; not_absolute_genome_size
published_bootstrap_tree_sensitivity,published_bootstrap_074,published_bootstrap_074,lambda,,,18,10,independent,3,3,24.46590290317321,0.000428601004739404,32.180188617458924,15.33374808745645,0.000468078732794976,0.00020294347486695543,False,False,False,6,1,relative_nuclear_iod_index; not_absolute_genome_size
published_bootstrap_tree_sensitivity,published_bootstrap_075,published_bootstrap_075,lambda,,,18,1,cell_bridge,1,5,1.846440529074475,0.3972377684747137,16.846440529074474,0.0,1.0,0.4335669642411485,True,True,True,6,1,relative_nuclear_iod_index; not_absolute_genome_size
published_bootstrap_tree_sensitivity,published_bootstrap_075,published_bootstrap_075,lambda,,,18,2,nucleus_bridge,1,5,2.43896315390348,0.2953832607273385,17.43896315390348,0.5925226248290052,0.7435930925237317,0.3223973997562018,True,True,True,6,1,relative_nuclear_iod_index; not_absolute_genome_size
published_bootstrap_tree_sensitivity,published_bootstrap_075,published_bootstrap_075,lambda,,,18,3,nucleus_cell_only,2,4,8.453626266446662,0.0763054141553339,19.53054934336974,2.6841088142952643,0.2613082831604487,0.1132946390609421,True,False,False,6,1,relative_nuclear_iod_index; not_absolute_genome_size
published_bootstrap_tree_sensitivity,published_bootstrap_075,published_bootstrap_075,lambda,,,18,4,cell_collider,1,5,6.014663112543182,0.0494233864806802,21.014663112543182,4.168222583468708,0.1244176420345243,0.0539433793549506,False,False,False,6,1,relative_nuclear_iod_index; not_absolute_genome_size
published_bootstrap_tree_sensitivity,published_bootstrap_075,published_bootstrap_075,lambda,,,18,5,nucleus_collider,1,5,6.494008232656999,0.0388905450271789,21.494008232657,4.647567703582524,0.097902435552662,0.0424472617743823,False,False,False,6,1,relative_nuclear_iod_index; not_absolute_genome_size
published_bootstrap_tree_sensitivity,published_bootstrap_075,published_bootstrap_075,lambda,,,18,6,iod_bridge,1,5,8.07259354336515,0.0176627606878643,23.07259354336515,6.226153014290677,0.0444639510378997,0.0192781002696692,False,False,False,6,1,relative_nuclear_iod_index; not_absolute_genome_size
published_bootstrap_tree_sensitivity,published_bootstrap_075,published_bootstrap_075,lambda,,,18,7,iod_cell_only,2,4,14.087256655908332,0.0070217130816456,25.164179732831407,8.317739203756933,0.0156252106495637,0.0067745751469598,False,False,False,6,1,relative_nuclear_iod_index; not_absolute_genome_size
published_bootstrap_tree_sensitivity,published_bootstrap_075,published_bootstrap_075,lambda,,,18,8,iod_nucleus_only,2,4,14.566601776022148,0.0056899185753134,25.643524852945227,8.797084323870752,0.0122952513293187,0.0053308147934346,False,False,False,6,1,relative_nuclear_iod_index; not_absolute_genome_size
published_bootstrap_tree_sensitivity,published_bootstrap_075,published_bootstrap_075,lambda,,,18,9,iod_collider,1,5,11.957231579836971,0.0025323291428586,26.95723157983697,10.110791050762495,0.006374844850685,0.0027639221294198,False,False,False,6,1,relative_nuclear_iod_index; not_absolute_genome_size
published_bootstrap_tree_sensitivity,published_bootstrap_075,published_bootstrap_075,lambda,,,18,10,independent,3,3,24.46590292503716,0.0004286010007581442,32.18018863932287,15.333748110248395,0.00046807872746076304,0.00020294347289102291,False,False,False,6,1,relative_nuclear_iod_index; not_absolute_genome_size
published_bootstrap_tree_sensitivity,published_bootstrap_076,published_bootstrap_076,lambda,,,18,1,cell_bridge,1,5,1.846440540188712,0.3972377662672163,16.846440540188713,0.0,1.0,0.433566963153468,True,True,True,6,1,relative_nuclear_iod_index; not_absolute_genome_size
published_bootstrap_tree_sensitivity,published_bootstrap_076,published_bootstrap_076,lambda,,,18,2,nucleus_bridge,1,5,2.438963153133878,0.2953832608410023,17.438963153133876,0.5925226129451637,0.743593096942103,0.3223974008630699,True,True,True,6,1,relative_nuclear_iod_index; not_absolute_genome_size
published_bootstrap_tree_sensitivity,published_bootstrap_076,published_bootstrap_076,lambda,,,18,3,nucleus_cell_only,2,4,8.453626278584407,0.0763054137808446,19.53054935550748,2.684108815318769,0.2613082830267236,0.1132946387187434,True,False,False,6,1,relative_nuclear_iod_index; not_absolute_genome_size
published_bootstrap_tree_sensitivity,published_bootstrap_076,published_bootstrap_076,lambda,,,18,4,cell_collider,1,5,6.01466312545053,0.0494233861617178,21.01466312545053,4.168222585261816,0.1244176419229771,0.0539433791712608,False,False,False,6,1,relative_nuclear_iod_index; not_absolute_genome_size
published_bootstrap_tree_sensitivity,published_bootstrap_076,published_bootstrap_076,lambda,,,18,5,nucleus_collider,1,5,6.49400823631205,0.0388905449561054,21.494008236312048,4.647567696123335,0.0979024359177984,0.0424472618262068,False,False,False,6,1,relative_nuclear_iod_index; not_absolute_genome_size
published_bootstrap_tree_sensitivity,published_bootstrap_076,published_bootstrap_076,lambda,,,18,6,iod_bridge,1,5,8.072593519472948,0.0176627608988654,23.072593519472942,6.226152979284233,0.0444639518161622,0.0192781005587355,False,False,False,6,1,relative_nuclear_iod_index; not_absolute_genome_size
published_bootstrap_tree_sensitivity,published_bootstrap_076,published_bootstrap_076,lambda,,,18,7,iod_cell_only,2,4,14.087256644923478,0.0070217131154172,25.164179721846555,8.317739181657842,0.0156252108222152,0.0067745752048205,False,False,False,6,1,relative_nuclear_iod_index; not_absolute_genome_size
published_bootstrap_tree_sensitivity,published_bootstrap_076,published_bootstrap_076,lambda,,,18,8,iod_nucleus_only,2,4,14.566601755784998,0.0056899186259367,25.643524832708074,8.797084292519362,0.0122952515220553,0.0053308148636255,False,False,False,6,1,relative_nuclear_iod_index; not_absolute_genome_size
published_bootstrap_tree_sensitivity,published_bootstrap_076,published_bootstrap_076,lambda,,,18,9,iod_collider,1,5,11.957231559347552,0.0025323291688016,26.95723155934755,10.11079101915884,0.0063748449514192,0.002763922166161,False,False,False,6,1,relative_nuclear_iod_index; not_absolute_genome_size
published_bootstrap_tree_sensitivity,published_bootstrap_076,published_bootstrap_076,lambda,,,18,10,independent,3,3,24.46590292111013,0.0004286010014732389,32.18018863539585,15.333748095207138,0.0004680787309810097,0.0002029434739081655,False,False,False,6,1,relative_nuclear_iod_index; not_absolute_genome_size
published_bootstrap_tree_sensitivity,published_bootstrap_077,published_bootstrap_077,lambda,,,18,1,cell_bridge,1,5,1.8464405404551607,0.3972377662142946,16.84644054045516,0.0,1.0,0.4335669624577083,True,True,True,6,1,relative_nuclear_iod_index; not_absolute_genome_size
published_bootstrap_tree_sensitivity,published_bootstrap_077,published_bootstrap_077,lambda,,,18,2,nucleus_bridge,1,5,2.438963148841712,0.2953832614749192,17.43896314884171,0.5925226083865525,0.7435930986369789,0.3223974010805501,True,True,True,6,1,relative_nuclear_iod_index; not_absolute_genome_size
published_bootstrap_tree_sensitivity,published_bootstrap_077,published_bootstrap_077,lambda,,,18,3,nucleus_cell_only,2,4,8.45362626954431,0.0763054140597614,19.53054934646739,2.6841088060122296,0.2613082842426615,0.1132946390641262,True,False,False,6,1,relative_nuclear_iod_index; not_absolute_genome_size
published_bootstrap_tree_sensitivity,published_bootstrap_077,published_bootstrap_077,lambda,,,18,4,cell_collider,1,5,6.014663120702598,0.0494233862790471,21.0146631207026,4.168222580247438,0.1244176422349157,0.0539433792199423,False,False,False,6,1,relative_nuclear_iod_index; not_absolute_genome_size
published_bootstrap_tree_sensitivity,published_bootstrap_077,published_bootstrap_077,lambda,,,18,5,nucleus_collider,1,5,6.494008227799536,0.0388905451216337,21.494008227799537,4.647567687344377,0.0979024363475391,0.0424472619444116,False,False,False,6,1,relative_nuclear_iod_index; not_absolute_genome_size
published_bootstrap_tree_sensitivity,published_bootstrap_077,published_bootstrap_077,lambda,,,18,6,iod_bridge,1,5,8.072593521233946,0.0176627608833133,23.072593521233948,6.226152980778789,0.0444639517829352,0.0192781005133932,False,False,False,6,1,relative_nuclear_iod_index; not_absolute_genome_size
published_bootstrap_tree_sensitivity,published_bootstrap_077,published_bootstrap_077,lambda,,,18,7,iod_cell_only,2,4,14.087256641936545,0.0070217131246002,25.16417971885962,8.317739178404462,0.0156252108476326,0.0067745752049693,False,False,False,6,1,relative_nuclear_iod_index; not_absolute_genome_size
published_bootstrap_tree_sensitivity,published_bootstrap_077,published_bootstrap_077,lambda,,,18,8,iod_nucleus_only,2,4,14.56660174903348,0.0056899186428256,25.64352482595656,8.797084285501398,0.0122952515651991,0.0053308148737767,False,False,False,6,1,relative_nuclear_iod_index; not_absolute_genome_size
published_bootstrap_tree_sensitivity,published_bootstrap_077,published_bootstrap_077,lambda,,,18,9,iod_collider,1,5,11.957231556601952,0.0025323291722779,26.957231556601958,10.110791016146797,0.0063748449610198,0.0027639221658882,False,False,False,6,1,relative_nuclear_iod_index; not_absolute_genome_size
published_bootstrap_tree_sensitivity,published_bootstrap_077,published_bootstrap_077,lambda,,,18,10,independent,3,3,24.465902905104087,0.0004286010043877964,32.1801886193898,15.333748078934644,0.000468078734789414,0.00020294347523369351,False,False,False,6,1,relative_nuclear_iod_index; not_absolute_genome_size
published_bootstrap_tree_sensitivity,published_bootstrap_078,published_bootstrap_078,lambda,,,18,1,cell_bridge,1,5,1.8464405266788733,0.3972377689505254,16.846440526678872,0.0,1.0,0.4335669637743714,True,True,True,6,1,relative_nuclear_iod_index; not_absolute_genome_size
published_bootstrap_tree_sensitivity,published_bootstrap_078,published_bootstrap_078,lambda,,,18,2,nucleus_bridge,1,5,2.4389631533609,0.295383260807473,17.438963153360902,0.5925226266820296,0.7435930918347836,0.3223973991104045,True,True,True,6,1,relative_nuclear_iod_index; not_absolute_genome_size
published_bootstrap_tree_sensitivity,published_bootstrap_078,published_bootstrap_078,lambda,,,18,3,nucleus_cell_only,2,4,8.45362625265774,0.0763054145807675,19.53054932958081,2.6841088029019424,0.2613082846490334,0.1132946395843706,True,False,False,6,1,relative_nuclear_iod_index; not_absolute_genome_size
published_bootstrap_tree_sensitivity,published_bootstrap_078,published_bootstrap_078,lambda,,,18,4,cell_collider,1,5,6.01466309929684,0.0494233868080197,21.01466309929684,4.168222572617967,0.124417642709536,0.0539433795895381,False,False,False,6,1,relative_nuclear_iod_index; not_absolute_genome_size
published_bootstrap_tree_sensitivity,published_bootstrap_078,published_bootstrap_078,lambda,,,18,5,nucleus_collider,1,5,6.494008220936228,0.0388905452550925,21.494008220936227,4.647567694257354,0.0979024360091404,0.0424472619265977,False,False,False,6,1,relative_nuclear_iod_index; not_absolute_genome_size
published_bootstrap_tree_sensitivity,published_bootstrap_078,published_bootstrap_078,lambda,,,18,6,iod_bridge,1,5,8.072593532542646,0.0176627607834418,23.072593532542648,6.226153005863775,0.0444639512252464,0.0192781003301418,False,False,False,6,1,relative_nuclear_iod_index; not_absolute_genome_size
published_bootstrap_tree_sensitivity,published_bootstrap_078,published_bootstrap_078,lambda,,,18,7,iod_cell_only,2,4,14.087256631839486,0.0070217131556423,25.16417970876256,8.317739182083688,0.0156252108188882,0.0067745752130798,False,False,False,6,1,relative_nuclear_iod_index; not_absolute_genome_size
published_bootstrap_tree_sensitivity,published_bootstrap_078,published_bootstrap_078,lambda,,,18,8,iod_nucleus_only,2,4,14.566601753478874,0.0056899186317054,25.64352483040195,8.797084303723079,0.012295251453179,0.0053308148413972,False,False,False,6,1,relative_nuclear_iod_index; not_absolute_genome_size
published_bootstrap_tree_sensitivity,published_bootstrap_078,published_bootstrap_078,lambda,,,18,9,iod_collider,1,5,11.957231558263912,0.0025323291701736,26.957231558263917,10.11079103158504,0.0063748449118116,0.0027639221529466,False,False,False,6,1,relative_nuclear_iod_index; not_absolute_genome_size
published_bootstrap_tree_sensitivity,published_bootstrap_078,published_bootstrap_078,lambda,,,18,10,independent,3,3,24.46590287849698,0.0004286010092329207,32.1801885927827,15.333748066103826,0.0004680787377923304,0.0002029434771519608,False,False,False,6,1,relative_nuclear_iod_index; not_absolute_genome_size
published_bootstrap_tree_sensitivity,published_bootstrap_079,published_bootstrap_079,lambda,,,18,1,cell_bridge,1,5,1.846440536557184,0.3972377669885063,16.846440536557182,0.0,1.0,0.4335669624023989,True,True,True,6,1,relative_nuclear_iod_index; not_absolute_genome_size
published_bootstrap_tree_sensitivity,published_bootstrap_079,published_bootstrap_079,lambda,,,18,2,nucleus_bridge,1,5,2.4389631495986506,0.2953832613631257,17.43896314959865,0.5925226130414671,0.7435930969062976,0.322397400289056,True,True,True,6,1,relative_nuclear_iod_index; not_absolute_genome_size
published_bootstrap_tree_sensitivity,published_bootstrap_079,published_bootstrap_079,lambda,,,18,3,nucleus_cell_only,2,4,8.45362625798244,0.076305414416483,19.530549334905515,2.6841087983483334,0.2613082852439813,0.1132946394838125,True,False,False,6,1,relative_nuclear_iod_index; not_absolute_genome_size
published_bootstrap_tree_sensitivity,published_bootstrap_079,published_bootstrap_079,lambda,,,18,4,cell_collider,1,5,6.014663108383791,0.0494233865834657,21.01466310838379,4.168222571826608,0.1244176427587656,0.0539433794401848,False,False,False,6,1,relative_nuclear_iod_index; not_absolute_genome_size
published_bootstrap_tree_sensitivity,published_bootstrap_079,published_bootstrap_079,lambda,,,18,5,nucleus_collider,1,5,6.494008219232513,0.0388905452882217,21.494008219232512,4.64756768267533,0.0979024365760946,0.0424472620380908,False,False,False,6,1,relative_nuclear_iod_index; not_absolute_genome_size
published_bootstrap_tree_sensitivity,published_bootstrap_079,published_bootstrap_079,lambda,,,18,6,iod_bridge,1,5,8.072593515125565,0.0176627609372588,23.072593515125565,6.226152978568383,0.0444639518320769,0.0192781005322401,False,False,False,6,1,relative_nuclear_iod_index; not_absolute_genome_size
published_bootstrap_tree_sensitivity,published_bootstrap_079,published_bootstrap_079,lambda,,,18,7,iod_cell_only,2,4,14.087256623509354,0.0070217131812524,25.16417970043243,8.317739163875249,0.0156252109611436,0.0067745752533197,False,False,False,6,1,relative_nuclear_iod_index; not_absolute_genome_size
published_bootstrap_tree_sensitivity,published_bootstrap_079,published_bootstrap_079,lambda,,,18,8,iod_nucleus_only,2,4,14.566601734358075,0.0056899186795361,25.643524811281157,8.797084274723971,0.0122952516314547,0.0053308149018229,False,False,False,6,1,relative_nuclear_iod_index; not_absolute_genome_size
published_bootstrap_tree_sensitivity,published_bootstrap_079,published_bootstrap_079,lambda,,,18,9,iod_collider,1,5,11.95723154177584,0.0025323291910502,26.95723154177584,10.110791005218658,0.0063748449958524,0.0027639221806378,False,False,False,6,1,relative_nuclear_iod_index; not_absolute_genome_size
published_bootstrap_tree_sensitivity,published_bootstrap_079,published_bootstrap_079,lambda,,,18,10,independent,3,3,24.465902869392146,0.0004286010108908167,32.18018858367786,15.33374804712068,0.0004680787422351343,0.00020294347843602265,False,False,False,6,1,relative_nuclear_iod_index; not_absolute_genome_size
published_bootstrap_tree_sensitivity,published_bootstrap_080,published_bootstrap_080,lambda,,,18,1,cell_bridge,1,5,1.8464405267316943,0.3972377689400341,16.846440526731694,0.0,1.0,0.4335669630031106,True,True,True,6,1,relative_nuclear_iod_index; not_absolute_genome_size
published_bootstrap_tree_sensitivity,published_bootstrap_080,published_bootstrap_080,lambda,,,18,2,nucleus_bridge,1,5,2.438963154000364,0.2953832607130296,17.438963154000362,0.5925226272686679,0.7435930916166735,0.3223973984423349,True,True,True,6,1,relative_nuclear_iod_index; not_absolute_genome_size
published_bootstrap_tree_sensitivity,published_bootstrap_080,published_bootstrap_080,lambda,,,18,3,nucleus_cell_only,2,4,8.453626239981514,0.0763054149718708,19.53054931690459,2.684108790172896,0.2613082863121361,0.1132946401039001,True,False,False,6,1,relative_nuclear_iod_index; not_absolute_genome_size
published_bootstrap_tree_sensitivity,published_bootstrap_080,published_bootstrap_080,lambda,,,18,4,cell_collider,1,5,6.01466308598115,0.0494233871370729,21.014663085981148,4.168222559249454,0.1244176435411755,0.053943379854151,False,False,False,6,1,relative_nuclear_iod_index; not_absolute_genome_size
published_bootstrap_tree_sensitivity,published_bootstrap_080,published_bootstrap_080,lambda,,,18,5,nucleus_collider,1,5,6.494008208283881,0.0388905455011209,21.49400820828388,4.647567681552186,0.0979024366310739,0.0424472621207392,False,False,False,6,1,relative_nuclear_iod_index; not_absolute_genome_size
published_bootstrap_tree_sensitivity,published_bootstrap_080,published_bootstrap_080,lambda,,,18,6,iod_bridge,1,5,8.072593508050236,0.0176627609997437,23.07259350805024,6.226152981318542,0.0444639517709355,0.0192781005324412,False,False,False,6,1,relative_nuclear_iod_index; not_absolute_genome_size
published_bootstrap_tree_sensitivity,published_bootstrap_080,published_bootstrap_080,lambda,,,18,7,iod_cell_only,2,4,14.087256594031386,0.0070217132718788,25.16417967095446,8.317739144222767,0.0156252111146807,0.0067745753292745,False,False,False,6,1,relative_nuclear_iod_index; not_absolute_genome_size
published_bootstrap_tree_sensitivity,published_bootstrap_080,published_bootstrap_080,lambda,,,18,8,iod_nucleus_only,2,4,14.566601716334116,0.0056899187246231,25.643524793257196,8.797084266525498,0.0122952516818558,0.0053308149310611,False,False,False,6,1,relative_nuclear_iod_index; not_absolute_genome_size
published_bootstrap_tree_sensitivity,published_bootstrap_080,published_bootstrap_080,lambda,,,18,9,iod_collider,1,5,11.95723152088255,0.0025323292175046,26.95723152088255,10.110790994150856,0.0063748450311302,0.0027639221997626,False,False,False,6,1,relative_nuclear_iod_index; not_absolute_genome_size
published_bootstrap_tree_sensitivity,published_bootstrap_080,published_bootstrap_080,lambda,,,18,10,independent,3,3,24.46590281514758,0.00042860102076847095,32.180188529433295,15.3337480027016,0.0004680787526309475,0.0002029434832244842,False,False,False,6,1,relative_nuclear_iod_index; not_absolute_genome_size
published_bootstrap_tree_sensitivity,published_bootstrap_081,published_bootstrap_081,lambda,,,18,1,cell_bridge,1,5,1.8464405308641607,0.3972377681192481,16.84644053086416,0.0,1.0,0.4335669639317455,True,True,True,6,1,relative_nuclear_iod_index; not_absolute_genome_size
published_bootstrap_tree_sensitivity,published_bootstrap_081,published_bootstrap_081,lambda,,,18,2,nucleus_bridge,1,5,2.4389631532911804,0.29538326081777,17.43896315329118,0.592522622427019,0.7435930934167818,0.3223973999133289,True,True,True,6,1,relative_nuclear_iod_index; not_absolute_genome_size
published_bootstrap_tree_sensitivity,published_bootstrap_081,published_bootstrap_081,lambda,,,18,3,nucleus_cell_only,2,4,8.453626266393318,0.0763054141569798,19.530549343316395,2.6841088124522336,0.2613082834012483,0.1132946390844953,True,False,False,6,1,relative_nuclear_iod_index; not_absolute_genome_size
published_bootstrap_tree_sensitivity,published_bootstrap_081,published_bootstrap_081,lambda,,,18,4,cell_collider,1,5,6.014663113102138,0.0494233864668673,21.014663113102134,4.168222582237977,0.1244176421110866,0.0539433793496503,False,False,False,6,1,relative_nuclear_iod_index; not_absolute_genome_size
published_bootstrap_tree_sensitivity,published_bootstrap_081,published_bootstrap_081,lambda,,,18,5,nucleus_collider,1,5,6.494008231332843,0.0388905450529275,21.49400823133284,4.647567700468681,0.0979024357050884,0.0424472618101781,False,False,False,6,1,relative_nuclear_iod_index; not_absolute_genome_size
published_bootstrap_tree_sensitivity,published_bootstrap_081,published_bootstrap_081,lambda,,,18,6,iod_bridge,1,5,8.072593538184403,0.0176627607336173,23.072593538184403,6.226153007320242,0.0444639511928663,0.0192781003231003,False,False,False,6,1,relative_nuclear_iod_index; not_absolute_genome_size
published_bootstrap_tree_sensitivity,published_bootstrap_081,published_bootstrap_081,lambda,,,18,7,iod_cell_only,2,4,14.08725665128654,0.0070217130958547,25.164179728209614,8.317739197345457,0.015625210699654,0.0067745751638428,False,False,False,6,1,relative_nuclear_iod_index; not_absolute_genome_size
published_bootstrap_tree_sensitivity,published_bootstrap_081,published_bootstrap_081,lambda,,,18,8,iod_nucleus_only,2,4,14.566601769517243,0.0056899185915854,25.64352484644032,8.79708431557616,0.0122952513803107,0.0053308148117389,False,False,False,6,1,relative_nuclear_iod_index; not_absolute_genome_size
published_bootstrap_tree_sensitivity,published_bootstrap_081,published_bootstrap_081,lambda,,,18,9,iod_collider,1,5,11.95723157377444,0.0025323291505348,26.95723157377444,10.11079104291028,0.0063748448757133,0.0027639221382988,False,False,False,6,1,relative_nuclear_iod_index; not_absolute_genome_size
published_bootstrap_tree_sensitivity,published_bootstrap_081,published_bootstrap_081,lambda,,,18,10,independent,3,3,24.46590291820942,0.000428601002001372,32.18018863249513,15.33374810163097,0.0004680787294775801,0.00020294347362062324,False,False,False,6,1,relative_nuclear_iod_index; not_absolute_genome_size
published_bootstrap_tree_sensitivity,published_bootstrap_082,published_bootstrap_082,lambda,,,18,1,cell_bridge,1,5,1.846440538634933,0.3972377665758263,16.846440538634933,0.0,1.0,0.4335669630476193,True,True,True,6,1,relative_nuclear_iod_index; not_absolute_genome_size
published_bootstrap_tree_sensitivity,published_bootstrap_082,published_bootstrap_082,lambda,,,18,2,nucleus_bridge,1,5,2.438963151812498,0.2953832610361591,17.438963151812498,0.5925226131775645,0.7435930968556971,0.3223974007468988,True,True,True,6,1,relative_nuclear_iod_index; not_absolute_genome_size
published_bootstrap_tree_sensitivity,published_bootstrap_082,published_bootstrap_082,lambda,,,18,3,nucleus_cell_only,2,4,8.45362627321322,0.0763054139465634,19.530549350136297,2.684108811501364,0.2613082835254834,0.1132946389073301,True,False,False,6,1,relative_nuclear_iod_index; not_absolute_genome_size
published_bootstrap_tree_sensitivity,published_bootstrap_082,published_bootstrap_082,lambda,,,18,4,cell_collider,1,5,6.014663121400723,0.0494233862617953,21.014663121400723,4.1682225827657895,0.124417642078252,0.0539433792254134,False,False,False,6,1,relative_nuclear_iod_index; not_absolute_genome_size
published_bootstrap_tree_sensitivity,published_bootstrap_082,published_bootstrap_082,lambda,,,18,5,nucleus_collider,1,5,6.494008232377983,0.0388905450326044,21.494008232377983,4.647567693743049,0.0979024360343163,0.0424472618663623,False,False,False,6,1,relative_nuclear_iod_index; not_absolute_genome_size
published_bootstrap_tree_sensitivity,published_bootstrap_082,published_bootstrap_082,lambda,,,18,6,iod_bridge,1,5,8.07259352265129,0.0176627608707962,23.07259352265129,6.226152984016355,0.0444639517109577,0.0192781005084159,False,False,False,6,1,relative_nuclear_iod_index; not_absolute_genome_size
published_bootstrap_tree_sensitivity,published_bootstrap_082,published_bootstrap_082,lambda,,,18,7,iod_cell_only,2,4,14.087256644052012,0.0070217131180964,25.16417972097509,8.317739182340159,0.0156252108168845,0.0067745752008554,False,False,False,6,1,relative_nuclear_iod_index; not_absolute_genome_size
published_bootstrap_tree_sensitivity,published_bootstrap_082,published_bootstrap_082,lambda,,,18,8,iod_nucleus_only,2,4,14.566601755029271,0.005689918627827,25.643524831952348,8.797084293317415,0.0122952515171491,0.005330814860197,False,False,False,6,1,relative_nuclear_iod_index; not_absolute_genome_size
published_bootstrap_tree_sensitivity,published_bootstrap_082,published_bootstrap_082,lambda,,,18,9,iod_collider,1,5,11.957231559982988,0.002532329167997,26.957231559982983,10.110791021348051,0.0063748449444412,0.0027639221624608,False,False,False,6,1,relative_nuclear_iod_index; not_absolute_genome_size
published_bootstrap_tree_sensitivity,published_bootstrap_082,published_bootstrap_082,lambda,,,18,10,independent,3,3,24.465902913761692,0.00042860100281127966,32.18018862804741,15.333748089412476,0.0004680787323371884,0.0002029434744466143,False,False,False,6,1,relative_nuclear_iod_index; not_absolute_genome_size
published_bootstrap_tree_sensitivity,published_bootstrap_083,published_bootstrap_083,lambda,,,18,1,cell_bridge,1,5,1.8464405388706555,0.3972377665290073,16.846440538870656,0.0,1.0,0.4335669619290402,True,True,True,6,1,relative_nuclear_iod_index; not_absolute_genome_size
published_bootstrap_tree_sensitivity,published_bootstrap_083,published_bootstrap_083,lambda,,,18,2,nucleus_bridge,1,5,2.438963145965244,0.2953832618997496,17.438963145965243,0.5925226070945868,0.7435930991173272,0.3223974008956992,True,True,True,6,1,relative_nuclear_iod_index; not_absolute_genome_size
published_bootstrap_tree_sensitivity,published_bootstrap_083,published_bootstrap_083,lambda,,,18,3,nucleus_cell_only,2,4,8.453626257774339,0.0763054144229037,19.53054933469741,2.6841087958267598,0.2613082855734354,0.1132946395029604,True,False,False,6,1,relative_nuclear_iod_index; not_absolute_genome_size
published_bootstrap_tree_sensitivity,published_bootstrap_083,published_bootstrap_083,lambda,,,18,4,cell_collider,1,5,6.014663111809096,0.0494233864988207,21.014663111809096,4.16822257293844,0.1244176426895998,0.0539433793513026,False,False,False,6,1,relative_nuclear_iod_index; not_absolute_genome_size
published_bootstrap_tree_sensitivity,published_bootstrap_083,published_bootstrap_083,lambda,,,18,5,nucleus_collider,1,5,6.4940082177930005,0.0388905453162135,21.494008217793,4.647567678922346,0.0979024367598078,0.0424472620713998,False,False,False,6,1,relative_nuclear_iod_index; not_absolute_genome_size
published_bootstrap_tree_sensitivity,published_bootstrap_083,published_bootstrap_083,lambda,,,18,6,iod_bridge,1,5,8.072593520289265,0.0176627608916561,23.072593520289267,6.226152981418611,0.0444639517687107,0.0192781004837193,False,False,False,6,1,relative_nuclear_iod_index; not_absolute_genome_size
published_bootstrap_tree_sensitivity,published_bootstrap_083,published_bootstrap_083,lambda,,,18,7,iod_cell_only,2,4,14.08725663209836,0.0070217131548465,25.16417970902144,8.317739170150784,0.0156252109121153,0.0067745752246663,False,False,False,6,1,relative_nuclear_iod_index; not_absolute_genome_size
published_bootstrap_tree_sensitivity,published_bootstrap_083,published_bootstrap_083,lambda,,,18,8,iod_nucleus_only,2,4,14.566601738082266,0.00568991867022,25.643524815005343,8.797084276134687,0.0122952516227821,0.0053308148922427,False,False,False,6,1,relative_nuclear_iod_index; not_absolute_genome_size
published_bootstrap_tree_sensitivity,published_bootstrap_083,published_bootstrap_083,lambda,,,18,9,iod_collider,1,5,11.957231548581698,0.0025323291824329,26.957231548581696,10.11079100971104,0.0063748449815333,0.002763922171412,False,False,False,6,1,relative_nuclear_iod_index; not_absolute_genome_size
published_bootstrap_tree_sensitivity,published_bootstrap_083,published_bootstrap_083,lambda,,,18,10,independent,3,3,24.465902878183797,0.0004286010092898751,32.180188592469506,15.33374805359885,0.0004680787407189872,0.0002029434775571022,False,False,False,6,1,relative_nuclear_iod_index; not_absolute_genome_size
published_bootstrap_tree_sensitivity,published_bootstrap_084,published_bootstrap_084,lambda,,,18,1,cell_bridge,1,5,1.8464405369369368,0.3972377669130803,16.846440536936935,0.0,1.0,0.4335669636075607,True,True,True,6,1,relative_nuclear_iod_index; not_absolute_genome_size
published_bootstrap_tree_sensitivity,published_bootstrap_084,published_bootstrap_084,lambda,,,18,2,nucleus_bridge,1,5,2.43896315066112,0.2953832612062079,17.43896315066112,0.592522613724185,0.7435930966524655,0.3223974010751529,True,True,True,6,1,relative_nuclear_iod_index; not_absolute_genome_size
published_bootstrap_tree_sensitivity,published_bootstrap_084,published_bootstrap_084,lambda,,,18,3,nucleus_cell_only,2,4,8.45362627825341,0.076305413791057,19.53054935517649,2.684108818239551,0.2613082826451113,0.1132946386719471,True,False,False,6,1,relative_nuclear_iod_index; not_absolute_genome_size
published_bootstrap_tree_sensitivity,published_bootstrap_084,published_bootstrap_084,lambda,,,18,4,cell_collider,1,5,6.01466312759229,0.0494233861087912,21.01466312759229,4.168222590655354,0.1244176415874515,0.0539433790822851,False,False,False,6,1,relative_nuclear_iod_index; not_absolute_genome_size
published_bootstrap_tree_sensitivity,published_bootstrap_084,published_bootstrap_084,lambda,,,18,5,nucleus_collider,1,5,6.49400823881208,0.0388905449074917,21.49400823881208,4.647567701875143,0.0979024356362404,0.0424472617485894,False,False,False,6,1,relative_nuclear_iod_index; not_absolute_genome_size
published_bootstrap_tree_sensitivity,published_bootstrap_084,published_bootstrap_084,lambda,,,18,6,iod_bridge,1,5,8.072593543420332,0.0176627606873769,23.07259354342033,6.226153006483397,0.044463951211471,0.0192781003167522,False,False,False,6,1,relative_nuclear_iod_index; not_absolute_genome_size
published_bootstrap_tree_sensitivity,published_bootstrap_084,published_bootstrap_084,lambda,,,18,7,iod_cell_only,2,4,14.08725667101262,0.0070217130352092,25.164179747935695,8.317739210998763,0.0156252105929862,0.0067745751125297,False,False,False,6,1,relative_nuclear_iod_index; not_absolute_genome_size
published_bootstrap_tree_sensitivity,published_bootstrap_084,published_bootstrap_084,lambda,,,18,8,iod_nucleus_only,2,4,14.56660178223241,0.0056899185597784,25.643524859155487,8.797084322218552,0.0122952513394758,0.0053308147900483,False,False,False,6,1,relative_nuclear_iod_index; not_absolute_genome_size
published_bootstrap_tree_sensitivity,published_bootstrap_084,published_bootstrap_084,lambda,,,18,9,iod_collider,1,5,11.957231588164104,0.0025323291323151,26.957231588164102,10.11079105122717,0.0063748448492039,0.0027639221247386,False,False,False,6,1,relative_nuclear_iod_index; not_absolute_genome_size
published_bootstrap_tree_sensitivity,published_bootstrap_084,published_bootstrap_084,lambda,,,18,10,independent,3,3,24.465902954568477,0.00042860099538055696,32.180188668854186,15.33374813191725,0.0004680787223893984,0.0002029434703956778,False,False,False,6,1,relative_nuclear_iod_index; not_absolute_genome_size
published_bootstrap_tree_sensitivity,published_bootstrap_085,published_bootstrap_085,lambda,,,18,1,cell_bridge,1,5,1.8464405314030603,0.3972377680122128,16.84644053140306,0.0,1.0,0.4335669642956778,True,True,True,6,1,relative_nuclear_iod_index; not_absolute_genome_size
published_bootstrap_tree_sensitivity,published_bootstrap_085,published_bootstrap_085,lambda,,,18,2,nucleus_bridge,1,5,2.4389631537077845,0.2953832607562411,17.438963153707785,0.592522622304724,0.7435930934622508,0.3223974002036603,True,True,True,6,1,relative_nuclear_iod_index; not_absolute_genome_size
published_bootstrap_tree_sensitivity,published_bootstrap_085,published_bootstrap_085,lambda,,,18,3,nucleus_cell_only,2,4,8.453626273608506,0.0763054139343675,19.530549350531583,2.6841088191285216,0.2613082825289636,0.1132946388014,True,False,False,6,1,relative_nuclear_iod_index; not_absolute_genome_size
published_bootstrap_tree_sensitivity,published_bootstrap_085,published_bootstrap_085,lambda,,,18,4,cell_collider,1,5,6.014663119900722,0.0494233862988628,21.01466311990072,4.16822258849766,0.1244176417216791,0.0539433792260957,False,False,False,6,1,relative_nuclear_iod_index; not_absolute_genome_size
published_bootstrap_tree_sensitivity,published_bootstrap_085,published_bootstrap_085,lambda,,,18,5,nucleus_collider,1,5,6.49400823798966,0.0388905449234838,21.49400823798966,4.6475677065866,0.0979024354056089,0.0424472617159635,False,False,False,6,1,relative_nuclear_iod_index; not_absolute_genome_size
published_bootstrap_tree_sensitivity,published_bootstrap_085,published_bootstrap_085,lambda,,,18,6,iod_bridge,1,5,8.072593546355735,0.0176627606614532,23.072593546355733,6.226153014952672,0.0444639510231823,0.0192781002657128,False,False,False,6,1,relative_nuclear_iod_index; not_absolute_genome_size
published_bootstrap_tree_sensitivity,published_bootstrap_085,published_bootstrap_085,lambda,,,18,7,iod_cell_only,2,4,14.087256666256458,0.0070217130498315,25.16417974317953,8.317739211776473,0.0156252105869102,0.0067745751206473,False,False,False,6,1,relative_nuclear_iod_index; not_absolute_genome_size
published_bootstrap_tree_sensitivity,published_bootstrap_085,published_bootstrap_085,lambda,,,18,8,iod_nucleus_only,2,4,14.566601784345394,0.0056899185544927,25.64352486126847,8.79708432986541,0.0122952512924657,0.0053308147781269,False,False,False,6,1,relative_nuclear_iod_index; not_absolute_genome_size
published_bootstrap_tree_sensitivity,published_bootstrap_085,published_bootstrap_085,lambda,,,18,9,iod_collider,1,5,11.957231588017422,0.0025323291325007,26.95723158801742,10.11079105661436,0.0063748448320326,0.0027639221216803,False,False,False,6,1,relative_nuclear_iod_index; not_absolute_genome_size
published_bootstrap_tree_sensitivity,published_bootstrap_085,published_bootstrap_085,lambda,,,18,10,independent,3,3,24.465902945907803,0.0004286009969576288,32.18018866019352,15.33374812879046,0.00046807872312119023,0.00020294347103505157,False,False,False,6,1,relative_nuclear_iod_index; not_absolute_genome_size
published_bootstrap_tree_sensitivity,published_bootstrap_086,published_bootstrap_086,lambda,,,18,1,cell_bridge,1,5,1.8464405417408232,0.3972377659589379,16.846440541740822,0.0,1.0,0.4335669626466474,True,True,True,6,1,relative_nuclear_iod_index; not_absolute_genome_size
published_bootstrap_tree_sensitivity,published_bootstrap_086,published_bootstrap_086,lambda,,,18,2,nucleus_bridge,1,5,2.4389631502001725,0.295383261274286,17.438963150200173,0.5925226084593511,0.7435930986099126,0.3223974012093087,True,True,True,6,1,relative_nuclear_iod_index; not_absolute_genome_size
published_bootstrap_tree_sensitivity,published_bootstrap_086,published_bootstrap_086,lambda,,,18,3,nucleus_cell_only,2,4,8.453626275543005,0.0763054138746819,19.53054935246608,2.6841088107252595,0.2613082836268847,0.113294638846517,True,False,False,6,1,relative_nuclear_iod_index; not_absolute_genome_size
published_bootstrap_tree_sensitivity,published_bootstrap_086,published_bootstrap_086,lambda,,,18,4,cell_collider,1,5,6.0146631253428335,0.0494233861643791,21.014663125342835,4.168222583602013,0.1244176420262315,0.053943379152971,False,False,False,6,1,relative_nuclear_iod_index; not_absolute_genome_size
published_bootstrap_tree_sensitivity,published_bootstrap_086,published_bootstrap_086,lambda,,,18,5,nucleus_collider,1,5,6.494008232551744,0.0388905450292256,21.494008232551742,4.64756769081092,0.0979024361778476,0.0424472618893366,False,False,False,6,1,relative_nuclear_iod_index; not_absolute_genome_size
published_bootstrap_tree_sensitivity,published_bootstrap_086,published_bootstrap_086,lambda,,,18,6,iod_bridge,1,5,8.07259352011723,0.0176627608931755,23.07259352011723,6.226152978376408,0.0444639518363449,0.0192781005449509,False,False,False,6,1,relative_nuclear_iod_index; not_absolute_genome_size
published_bootstrap_tree_sensitivity,published_bootstrap_086,published_bootstrap_086,lambda,,,18,7,iod_cell_only,2,4,14.087256645460064,0.0070217131137675,25.16417972238314,8.317739180642317,0.0156252108301491,0.0067745752003412,False,False,False,6,1,relative_nuclear_iod_index; not_absolute_genome_size
published_bootstrap_tree_sensitivity,published_bootstrap_086,published_bootstrap_086,lambda,,,18,8,iod_nucleus_only,2,4,14.566601752668976,0.0056899186337313,25.643524829592053,8.79708428785123,0.0122952515507532,0.0053308148698365,False,False,False,6,1,relative_nuclear_iod_index; not_absolute_genome_size
published_bootstrap_tree_sensitivity,published_bootstrap_086,published_bootstrap_086,lambda,,,18,9,iod_collider,1,5,11.957231558812072,0.0025323291694796,26.957231558812072,10.11079101707125,0.0063748449580732,0.0027639221658151,False,False,False,6,1,relative_nuclear_iod_index; not_absolute_genome_size
published_bootstrap_tree_sensitivity,published_bootstrap_086,published_bootstrap_086,lambda,,,18,10,independent,3,3,24.46590291670665,0.00042860100227504194,32.18018863099236,15.33374808925154,0.0004680787323748543,0.0002029434742752585,False,False,False,6,1,relative_nuclear_iod_index; not_absolute_genome_size
published_bootstrap_tree_sensitivity,published_bootstrap_087,published_bootstrap_087,lambda,,,18,1,cell_bridge,1,5,1.8464405311018308,0.3972377680720426,16.84644053110183,0.0,1.0,0.4335669619126296,True,True,True,6,1,relative_nuclear_iod_index; not_absolute_genome_size
published_bootstrap_tree_sensitivity,published_bootstrap_087,published_bootstrap_087,lambda,,,18,2,nucleus_bridge,1,5,2.438963148702256,0.2953832614955158,17.438963148702257,0.5925226176004266,0.7435930952112922,0.3223973991899687,True,True,True,6,1,relative_nuclear_iod_index; not_absolute_genome_size
published_bootstrap_tree_sensitivity,published_bootstrap_087,published_bootstrap_087,lambda,,,18,3,nucleus_cell_only,2,4,8.453626235803949,0.0763054151007623,19.530549312727025,2.684108781625195,0.2613082874289286,0.1132946403031527,True,False,False,6,1,relative_nuclear_iod_index; not_absolute_genome_size
published_bootstrap_tree_sensitivity,published_bootstrap_087,published_bootstrap_087,lambda,,,18,4,cell_collider,1,5,6.014663087101692,0.0494233871093825,21.01466308710169,4.168222555999861,0.1244176437433288,0.0539433798061229,False,False,False,6,1,relative_nuclear_iod_index; not_absolute_genome_size
published_bootstrap_tree_sensitivity,published_bootstrap_087,published_bootstrap_087,lambda,,,18,5,nucleus_collider,1,5,6.494008201601185,0.0388905456310677,21.494008201601183,4.6475676704993525,0.0979024371721236,0.0424472622485597,False,False,False,6,1,relative_nuclear_iod_index; not_absolute_genome_size
published_bootstrap_tree_sensitivity,published_bootstrap_087,published_bootstrap_087,lambda,,,18,6,iod_bridge,1,5,8.072593504709388,0.017662761029248,23.07259350470939,6.226152973607558,0.0444639519423659,0.0192781005582807,False,False,False,6,1,relative_nuclear_iod_index; not_absolute_genome_size
published_bootstrap_tree_sensitivity,published_bootstrap_087,published_bootstrap_087,lambda,,,18,7,iod_cell_only,2,4,14.08725659181108,0.0070217132787049,25.16417966873416,8.317739137632326,0.0156252111661692,0.0067745753345592,False,False,False,6,1,relative_nuclear_iod_index; not_absolute_genome_size
published_bootstrap_tree_sensitivity,published_bootstrap_087,published_bootstrap_087,lambda,,,18,8,iod_nucleus_only,2,4,14.566601706310571,0.005689918749697,25.64352478323365,8.797084252131821,0.0122952517703428,0.0053308149560184,False,False,False,6,1,relative_nuclear_iod_index; not_absolute_genome_size
published_bootstrap_tree_sensitivity,published_bootstrap_087,published_bootstrap_087,lambda,,,18,9,iod_collider,1,5,11.957231515398377,0.0025323292244484,26.957231515398377,10.110790984296546,0.00637484506254,0.0027639222064292,False,False,False,6,1,relative_nuclear_iod_index; not_absolute_genome_size
published_bootstrap_tree_sensitivity,published_bootstrap_087,published_bootstrap_087,lambda,,,18,10,independent,3,3,24.46590280410125,0.000428601022779973,32.18018851838697,15.33374798728514,0.0004680787562390065,0.0002029434842783884,False,False,False,6,1,relative_nuclear_iod_index; not_absolute_genome_size
published_bootstrap_tree_sensitivity,published_bootstrap_088,published_bootstrap_088,lambda,,,18,1,cell_bridge,1,5,1.8464405275262343,0.3972377687822235,16.846440527526234,0.0,1.0,0.4335669621129937,True,True,True,6,1,relative_nuclear_iod_index; not_absolute_genome_size
published_bootstrap_tree_sensitivity,published_bootstrap_088,published_bootstrap_088,lambda,,,18,2,nucleus_bridge,1,5,2.438963150890081,0.2953832611723923,17.438963150890082,0.5925226233638483,0.743593093068472,0.322397398409902,True,True,True,6,1,relative_nuclear_iod_index; not_absolute_genome_size
published_bootstrap_tree_sensitivity,published_bootstrap_088,published_bootstrap_088,lambda,,,18,3,nucleus_cell_only,2,4,8.453626228737562,0.0763054153187836,19.53054930566064,2.684108778134405,0.2613082878850148,0.1132946405532534,True,False,False,6,1,relative_nuclear_iod_index; not_absolute_genome_size
published_bootstrap_tree_sensitivity,published_bootstrap_088,published_bootstrap_088,lambda,,,18,4,cell_collider,1,5,6.01466307784748,0.0494233873380697,21.01466307784748,4.1682225503212464,0.1244176440965888,0.0539433799842136,False,False,False,6,1,relative_nuclear_iod_index; not_absolute_genome_size
published_bootstrap_tree_sensitivity,published_bootstrap_088,published_bootstrap_088,lambda,,,18,5,nucleus_collider,1,5,6.494008197023097,0.0388905457200898,21.4940081970231,4.6475676694968655,0.0979024372211965,0.0424472622894522,False,False,False,6,1,relative_nuclear_iod_index; not_absolute_genome_size
published_bootstrap_tree_sensitivity,published_bootstrap_088,published_bootstrap_088,lambda,,,18,6,iod_bridge,1,5,8.072593498763817,0.0176627610817555,23.072593498763812,6.226152971237582,0.0444639519950551,0.019278100590034,False,False,False,6,1,relative_nuclear_iod_index; not_absolute_genome_size
published_bootstrap_tree_sensitivity,published_bootstrap_088,published_bootstrap_088,lambda,,,18,7,iod_cell_only,2,4,14.087256576611296,0.0070217133254348,25.164179653534376,8.317739126008142,0.0156252112569843,0.0067745753770644,False,False,False,6,1,relative_nuclear_iod_index; not_absolute_genome_size
published_bootstrap_tree_sensitivity,published_bootstrap_088,published_bootstrap_088,lambda,,,18,8,iod_nucleus_only,2,4,14.566601695786916,0.0056899187760219,25.64352477270999,8.797084245183758,0.0122952518130568,0.0053308149770013,False,False,False,6,1,relative_nuclear_iod_index; not_absolute_genome_size
published_bootstrap_tree_sensitivity,published_bootstrap_088,published_bootstrap_088,lambda,,,18,9,iod_collider,1,5,11.957231503327195,0.0025323292397325,26.9572315033272,10.110790975800963,0.006374845089619,0.002763922219447,False,False,False,6,1,relative_nuclear_iod_index; not_absolute_genome_size
published_bootstrap_tree_sensitivity,published_bootstrap_088,published_bootstrap_088,lambda,,,18,10,independent,3,3,24.465902778197773,0.00042860102749686657,32.18018849248349,15.333747964957254,0.0004680787614646109,0.00020294348663782395,False,False,False,6,1,relative_nuclear_iod_index; not_absolute_genome_size
published_bootstrap_tree_sensitivity,published_bootstrap_089,published_bootstrap_089,lambda,,,18,1,cell_bridge,1,5,1.8464405351680415,0.3972377672644163,16.846440535168043,0.0,1.0,0.4335669620599131,True,True,True,6,1,relative_nuclear_iod_index; not_absolute_genome_size
published_bootstrap_tree_sensitivity,published_bootstrap_089,published_bootstrap_089,lambda,,,18,2,nucleus_bridge,1,5,2.438963147743684,0.2953832616370888,17.438963147743685,0.5925226125756424,0.7435930970794897,0.3223974001094764,True,True,True,6,1,relative_nuclear_iod_index; not_absolute_genome_size
published_bootstrap_tree_sensitivity,published_bootstrap_089,published_bootstrap_089,lambda,,,18,3,nucleus_cell_only,2,4,8.453626249388833,0.0763054146816241,19.53054932631191,2.684108791143867,0.2613082861852747,0.1132946398024319,True,False,False,6,1,relative_nuclear_iod_index; not_absolute_genome_size
published_bootstrap_tree_sensitivity,published_bootstrap_089,published_bootstrap_089,lambda,,,18,4,cell_collider,1,5,6.014663101645149,0.049423386749989,21.014663101645148,4.168222566477105,0.1244176430915518,0.0539433795418586,False,False,False,6,1,relative_nuclear_iod_index; not_absolute_genome_size
published_bootstrap_tree_sensitivity,published_bootstrap_089,published_bootstrap_089,lambda,,,18,5,nucleus_collider,1,5,6.494008212067546,0.0388905454275464,21.494008212067545,4.647567676899502,0.0979024368588284,0.0424472621271447,False,False,False,6,1,relative_nuclear_iod_index; not_absolute_genome_size
published_bootstrap_tree_sensitivity,published_bootstrap_089,published_bootstrap_089,lambda,,,18,6,iod_bridge,1,5,8.072593514390713,0.0176627609437485,23.07259351439071,6.226152979222668,0.0444639518175309,0.0192781005107052,False,False,False,6,1,relative_nuclear_iod_index; not_absolute_genome_size
published_bootstrap_tree_sensitivity,published_bootstrap_089,published_bootstrap_089,lambda,,,18,7,iod_cell_only,2,4,14.087256616035862,0.0070217132042287,25.16417969295894,8.317739157790896,0.0156252110086782,0.0067745752685777,False,False,False,6,1,relative_nuclear_iod_index; not_absolute_genome_size
published_bootstrap_tree_sensitivity,published_bootstrap_089,published_bootstrap_089,lambda,,,18,8,iod_nucleus_only,2,4,14.56660172645826,0.0056899186992975,25.643524803381336,8.797084268213293,0.0122952516714799,0.0053308149149656,False,False,False,6,1,relative_nuclear_iod_index; not_absolute_genome_size
published_bootstrap_tree_sensitivity,published_bootstrap_089,published_bootstrap_089,lambda,,,18,9,iod_collider,1,5,11.957231535812578,0.0025323291986008,26.95723153581258,10.110791000644536,0.0063748450104321,0.0027639221847758,False,False,False,6,1,relative_nuclear_iod_index; not_absolute_genome_size
published_bootstrap_tree_sensitivity,published_bootstrap_089,published_bootstrap_089,lambda,,,18,10,independent,3,3,24.46590284952527,0.0004286010145084784,32.18018856381099,15.333748028642944,0.00046807874655965175,0.00020294348015068023,False,False,False,6,1,relative_nuclear_iod_index; not_absolute_genome_size
published_bootstrap_tree_sensitivity,published_bootstrap_090,published_bootstrap_090,lambda,,,18,1,cell_bridge,1,5,1.8464405365721488,0.397237766985534,16.84644053657215,0.0,1.0,0.433566962112712,True,True,True,6,1,relative_nuclear_iod_index; not_absolute_genome_size
published_bootstrap_tree_sensitivity,published_bootstrap_090,published_bootstrap_090,lambda,,,18,2,nucleus_bridge,1,5,2.438963149254353,0.2953832614139757,17.438963149254352,0.5925226126822025,0.743593097039871,0.32239740013156,True,True,True,6,1,relative_nuclear_iod_index; not_absolute_genome_size
published_bootstrap_tree_sensitivity,published_bootstrap_090,published_bootstrap_090,lambda,,,18,3,nucleus_cell_only,2,4,8.453626253425853,0.0763054145570687,19.53054933034893,2.68410879377678,0.2613082858412738,0.1132946396670813,True,False,False,6,1,relative_nuclear_iod_index; not_absolute_genome_size
published_bootstrap_tree_sensitivity,published_bootstrap_090,published_bootstrap_090,lambda,,,18,4,cell_collider,1,5,6.014663104171499,0.0494233866875586,21.014663104171497,4.168222567599347,0.1244176430217385,0.053943379518159,False,False,False,6,1,relative_nuclear_iod_index; not_absolute_genome_size
published_bootstrap_tree_sensitivity,published_bootstrap_090,published_bootstrap_090,lambda,,,18,5,nucleus_collider,1,5,6.494008214770319,0.0388905453749903,21.49400821477032,4.647567678198168,0.0979024367952572,0.0424472621047514,False,False,False,6,1,relative_nuclear_iod_index; not_absolute_genome_size
published_bootstrap_tree_sensitivity,published_bootstrap_090,published_bootstrap_090,lambda,,,18,6,iod_bridge,1,5,8.07259350878285,0.0176627609932736,23.07259350878285,6.226152972210702,0.0444639519734207,0.0192781005806415,False,False,False,6,1,relative_nuclear_iod_index; not_absolute_genome_size
published_bootstrap_tree_sensitivity,published_bootstrap_090,published_bootstrap_090,lambda,,,18,7,iod_cell_only,2,4,14.087256612954349,0.0070217132137024,25.164179689877425,8.317739153305276,0.0156252110437226,0.0067745752845968,False,False,False,6,1,relative_nuclear_iod_index; not_absolute_genome_size
published_bootstrap_tree_sensitivity,published_bootstrap_090,published_bootstrap_090,lambda,,,18,8,iod_nucleus_only,2,4,14.56660172355317,0.0056899187065646,25.643524800476246,8.797084263904097,0.0122952516979712,0.0053308149271005,False,False,False,6,1,relative_nuclear_iod_index; not_absolute_genome_size
published_bootstrap_tree_sensitivity,published_bootstrap_090,published_bootstrap_090,lambda,,,18,9,iod_collider,1,5,11.957231531392438,0.0025323292041974,26.95723153139244,10.110790994820288,0.0063748450289964,0.0027639221931613,False,False,False,6,1,relative_nuclear_iod_index; not_absolute_genome_size
published_bootstrap_tree_sensitivity,published_bootstrap_090,published_bootstrap_090,lambda,,,18,10,independent,3,3,24.465902850334256,0.00042860101436115183,32.18018856461997,15.333748028047818,0.0004680787466989346,0.00020294348023578275,False,False,False,6,1,relative_nuclear_iod_index; not_absolute_genome_size
published_bootstrap_tree_sensitivity,published_bootstrap_091,published_bootstrap_091,lambda,,,18,1,cell_bridge,1,5,1.846440536665721,0.397237766966949,16.84644053666572,0.0,1.0,0.4335669625911233,True,True,True,6,1,relative_nuclear_iod_index; not_absolute_genome_size
published_bootstrap_tree_sensitivity,published_bootstrap_091,published_bootstrap_091,lambda,,,18,2,nucleus_bridge,1,5,2.438963148677899,0.2953832614991131,17.4389631486779,0.5925226120121785,0.7435930972889836,0.3223974005953103,True,True,True,6,1,relative_nuclear_iod_index; not_absolute_genome_size
published_bootstrap_tree_sensitivity,published_bootstrap_091,published_bootstrap_091,lambda,,,18,3,nucleus_cell_only,2,4,8.453626261692182,0.0763054143020253,19.53054933861526,2.684108801949538,0.261308284773469,0.1132946393291292,True,False,False,6,1,relative_nuclear_iod_index; not_absolute_genome_size
published_bootstrap_tree_sensitivity,published_bootstrap_091,published_bootstrap_091,lambda,,,18,4,cell_collider,1,5,6.014663113014283,0.0494233864690385,21.014663113014283,4.168222576348562,0.1244176424774602,0.0539433793417007,False,False,False,6,1,relative_nuclear_iod_index; not_absolute_genome_size
published_bootstrap_tree_sensitivity,published_bootstrap_091,published_bootstrap_091,lambda,,,18,5,nucleus_collider,1,5,6.494008222946795,0.0388905452159965,21.4940082229468,4.647567686281075,0.097902436399589,0.0424472619800404,False,False,False,6,1,relative_nuclear_iod_index; not_absolute_genome_size
published_bootstrap_tree_sensitivity,published_bootstrap_091,published_bootstrap_091,lambda,,,18,6,iod_bridge,1,5,8.072593524882862,0.0176627608510884,23.072593524882866,6.226152988217141,0.044463951617566,0.0192781004476267,False,False,False,6,1,relative_nuclear_iod_index; not_absolute_genome_size
published_bootstrap_tree_sensitivity,published_bootstrap_091,published_bootstrap_091,lambda,,,18,7,iod_cell_only,2,4,14.087256637897145,0.0070217131370188,25.16417971482022,8.3177391781545,0.0156252108495854,0.0067745752079006,False,False,False,6,1,relative_nuclear_iod_index; not_absolute_genome_size
published_bootstrap_tree_sensitivity,published_bootstrap_091,published_bootstrap_091,lambda,,,18,8,iod_nucleus_only,2,4,14.566601747829658,0.005689918645837,25.64352482475273,8.797084288087014,0.0122952515493037,0.0053308148685254,False,False,False,6,1,relative_nuclear_iod_index; not_absolute_genome_size
published_bootstrap_tree_sensitivity,published_bootstrap_091,published_bootstrap_091,lambda,,,18,9,iod_collider,1,5,11.95723155595676,0.0025323291730948,26.95723155595676,10.11079101929104,0.0063748449509978,0.0027639221623934,False,False,False,6,1,relative_nuclear_iod_index; not_absolute_genome_size
published_bootstrap_tree_sensitivity,published_bootstrap_091,published_bootstrap_091,lambda,,,18,10,independent,3,3,24.46590289191784,0.0004286010067889867,32.18018860620356,15.333748069537837,0.0004680787369886368,0.00020294347624965253,False,False,False,6,1,relative_nuclear_iod_index; not_absolute_genome_size
published_bootstrap_tree_sensitivity,published_bootstrap_092,published_bootstrap_092,lambda,,,18,1,cell_bridge,1,5,1.846440526357604,0.3972377690143356,16.846440526357604,0.0,1.0,0.4335669639842312,True,True,True,6,1,relative_nuclear_iod_index; not_absolute_genome_size
published_bootstrap_tree_sensitivity,published_bootstrap_092,published_bootstrap_092,lambda,,,18,2,nucleus_bridge,1,5,2.438963154566423,0.2953832606294273,17.438963154566423,0.592522628208819,0.7435930912671286,0.3223973990203382,True,True,True,6,1,relative_nuclear_iod_index; not_absolute_genome_size
published_bootstrap_tree_sensitivity,published_bootstrap_092,published_bootstrap_092,lambda,,,18,3,nucleus_cell_only,2,4,8.453626254776273,0.0763054145154038,19.530549331699348,2.684108805341744,0.2613082843302633,0.1132946395010005,True,False,False,6,1,relative_nuclear_iod_index; not_absolute_genome_size
published_bootstrap_tree_sensitivity,published_bootstrap_092,published_bootstrap_092,lambda,,,18,4,cell_collider,1,5,6.01466310020985,0.0494233867854577,21.01466310020985,4.168222573852248,0.1244176426327529,0.0539433795823577,False,False,False,6,1,relative_nuclear_iod_index; not_absolute_genome_size
published_bootstrap_tree_sensitivity,published_bootstrap_092,published_bootstrap_092,lambda,,,18,5,nucleus_collider,1,5,6.494008223098995,0.0388905452130369,21.494008223098994,4.64756769674139,0.0979024358875439,0.0424472618944232,False,False,False,6,1,relative_nuclear_iod_index; not_absolute_genome_size
published_bootstrap_tree_sensitivity,published_bootstrap_092,published_bootstrap_092,lambda,,,18,6,iod_bridge,1,5,8.072593532393146,0.0176627607847622,23.072593532393142,6.226153006035542,0.0444639512214277,0.0192781003378173,False,False,False,6,1,relative_nuclear_iod_index; not_absolute_genome_size
published_bootstrap_tree_sensitivity,published_bootstrap_092,published_bootstrap_092,lambda,,,18,7,iod_cell_only,2,4,14.087256632602996,0.0070217131532951,25.164179709526078,8.31773918316847,0.0156252108104133,0.0067745752126844,False,False,False,6,1,relative_nuclear_iod_index; not_absolute_genome_size
published_bootstrap_tree_sensitivity,published_bootstrap_092,published_bootstrap_092,lambda,,,18,8,iod_nucleus_only,2,4,14.56660175549214,0.0056899186266692,25.643524832415217,8.797084306057613,0.0122952514388272,0.005330814837755,False,False,False,6,1,relative_nuclear_iod_index; not_absolute_genome_size
published_bootstrap_tree_sensitivity,published_bootstrap_092,published_bootstrap_092,lambda,,,18,9,iod_collider,1,5,11.957231559176645,0.002532329169018,26.957231559176645,10.11079103281904,0.0063748449078783,0.0027639221525791,False,False,False,6,1,relative_nuclear_iod_index; not_absolute_genome_size
published_bootstrap_tree_sensitivity,published_bootstrap_092,published_bootstrap_092,lambda,,,18,10,independent,3,3,24.46590288248549,0.0004286010085066128,32.1801885967712,15.333748070413598,0.000468078736783674,0.00020294347681287163,False,False,False,6,1,relative_nuclear_iod_index; not_absolute_genome_size
published_bootstrap_tree_sensitivity,published_bootstrap_093,published_bootstrap_093,lambda,,,18,1,cell_bridge,1,5,1.846440531957508,0.3972377679020888,16.84644053195751,0.0,1.0,0.4335669624562102,True,True,True,6,1,relative_nuclear_iod_index; not_absolute_genome_size
published_bootstrap_tree_sensitivity,published_bootstrap_093,published_bootstrap_093,lambda,,,18,2,nucleus_bridge,1,5,2.4389631478867244,0.2953832616159629,17.438963147886724,0.5925226159292158,0.7435930958326427,0.3223973998635685,True,True,True,6,1,relative_nuclear_iod_index; not_absolute_genome_size
published_bootstrap_tree_sensitivity,published_bootstrap_093,published_bootstrap_093,lambda,,,18,3,nucleus_cell_only,2,4,8.453626247251197,0.0763054147475772,19.530549324174277,2.684108792216765,0.2613082860450961,0.1132946398452108,True,False,False,6,1,relative_nuclear_iod_index; not_absolute_genome_size
published_bootstrap_tree_sensitivity,published_bootstrap_093,published_bootstrap_093,lambda,,,18,4,cell_collider,1,5,6.014663099364473,0.0494233868063483,21.014663099364476,4.168222567406964,0.1244176430337064,0.0539433795660851,False,False,False,6,1,relative_nuclear_iod_index; not_absolute_genome_size
published_bootstrap_tree_sensitivity,published_bootstrap_093,published_bootstrap_093,lambda,,,18,5,nucleus_collider,1,5,6.494008212374841,0.038890545421571,21.49400821237484,4.647567680417332,0.0979024366866264,0.042447262091282,False,False,False,6,1,relative_nuclear_iod_index; not_absolute_genome_size
published_bootstrap_tree_sensitivity,published_bootstrap_093,published_bootstrap_093,lambda,,,18,6,iod_bridge,1,5,8.072593523955666,0.0176627608592767,23.072593523955668,6.226152991998159,0.0444639515335065,0.0192781004051825,False,False,False,6,1,relative_nuclear_iod_index; not_absolute_genome_size
published_bootstrap_tree_sensitivity,published_bootstrap_093,published_bootstrap_093,lambda,,,18,7,iod_cell_only,2,4,14.08725662332014,0.007021713181834,25.164179700243217,8.317739168285708,0.0156252109266864,0.006774575239221,False,False,False,6,1,relative_nuclear_iod_index; not_absolute_genome_size
published_bootstrap_tree_sensitivity,published_bootstrap_093,published_bootstrap_093,lambda,,,18,8,iod_nucleus_only,2,4,14.566601736330508,0.0056899186746021,25.643524813253585,8.797084281296076,0.0122952515910518,0.0053308148849672,False,False,False,6,1,relative_nuclear_iod_index; not_absolute_genome_size
published_bootstrap_tree_sensitivity,published_bootstrap_093,published_bootstrap_093,lambda,,,18,9,iod_collider,1,5,11.95723154579196,0.0025323291859652,26.957231545791963,10.110791013834454,0.0063748449683902,0.0027639221690742,False,False,False,6,1,relative_nuclear_iod_index; not_absolute_genome_size
published_bootstrap_tree_sensitivity,published_bootstrap_093,published_bootstrap_093,lambda,,,18,10,independent,3,3,24.46590285753128,0.0004286010130506446,32.18018857181699,15.333748039859485,0.00046807874393454,0.0002029434791980168,False,False,False,6,1,relative_nuclear_iod_index; not_absolute_genome_size
published_bootstrap_tree_sensitivity,published_bootstrap_094,published_bootstrap_094,lambda,,,18,1,cell_bridge,1,5,1.8464405307443488,0.3972377681430453,16.84644053074435,0.0,1.0,0.433566963851496,True,True,True,6,1,relative_nuclear_iod_index; not_absolute_genome_size
published_bootstrap_tree_sensitivity,published_bootstrap_094,published_bootstrap_094,lambda,,,18,2,nucleus_bridge,1,5,2.4389631507102694,0.2953832611989491,17.43896315071027,0.5925226199659193,0.7435930943318103,0.3223974002503821,True,True,True,6,1,relative_nuclear_iod_index; not_absolute_genome_size
published_bootstrap_tree_sensitivity,published_bootstrap_094,published_bootstrap_094,lambda,,,18,3,nucleus_cell_only,2,4,8.453626265726356,0.0763054141775578,19.530549342649437,2.684108811905084,0.2613082834727357,0.1132946390945201,True,False,False,6,1,relative_nuclear_iod_index; not_absolute_genome_size
published_bootstrap_tree_sensitivity,published_bootstrap_094,published_bootstrap_094,lambda,,,18,4,cell_collider,1,5,6.014663115016088,0.0494233864195705,21.014663115016088,4.168222584271739,0.1244176419845687,0.0539433792848118,False,False,False,6,1,relative_nuclear_iod_index; not_absolute_genome_size
published_bootstrap_tree_sensitivity,published_bootstrap_094,published_bootstrap_094,lambda,,,18,5,nucleus_collider,1,5,6.49400823113712,0.0388905450567333,21.49400823113712,4.64756770039277,0.0979024357088044,0.0424472618039326,False,False,False,6,1,relative_nuclear_iod_index; not_absolute_genome_size
published_bootstrap_tree_sensitivity,published_bootstrap_094,published_bootstrap_094,lambda,,,18,6,iod_bridge,1,5,8.07259354855234,0.0176627606420541,23.07259354855234,6.226153017807992,0.0444639509597029,0.0192781002184402,False,False,False,6,1,relative_nuclear_iod_index; not_absolute_genome_size
published_bootstrap_tree_sensitivity,published_bootstrap_094,published_bootstrap_094,lambda,,,18,7,iod_cell_only,2,4,14.087256663568429,0.0070217130580956,25.164179740491505,8.317739209747156,0.0156252106027645,0.0067745751205808,False,False,False,6,1,relative_nuclear_iod_index; not_absolute_genome_size
published_bootstrap_tree_sensitivity,published_bootstrap_094,published_bootstrap_094,lambda,,,18,8,iod_nucleus_only,2,4,14.56660177968946,0.0056899185661396,25.643524856612537,8.797084325868187,0.0122952513170392,0.0053308147833198,False,False,False,6,1,relative_nuclear_iod_index; not_absolute_genome_size
published_bootstrap_tree_sensitivity,published_bootstrap_094,published_bootstrap_094,lambda,,,18,9,iod_collider,1,5,11.95723158624669,0.0025323291347428,26.95723158624669,10.110791055502345,0.0063748448355771,0.0027639221203855,False,False,False,6,1,relative_nuclear_iod_index; not_absolute_genome_size
published_bootstrap_tree_sensitivity,published_bootstrap_094,published_bootstrap_094,lambda,,,18,10,independent,3,3,24.4659029323999,0.0004286009994174389,32.180188646685615,15.333748115941264,0.00046807872612840775,0.00020294347213096968,False,False,False,6,1,relative_nuclear_iod_index; not_absolute_genome_size
published_bootstrap_tree_sensitivity,published_bootstrap_095,published_bootstrap_095,lambda,,,18,1,cell_bridge,1,5,1.846440538470308,0.3972377666085237,16.846440538470308,0.0,1.0,0.4335669614357837,True,True,True,6,1,relative_nuclear_iod_index; not_absolute_genome_size
published_bootstrap_tree_sensitivity,published_bootstrap_095,published_bootstrap_095,lambda,,,18,2,nucleus_bridge,1,5,2.438963143591871,0.2953832622502769,17.43896314359187,0.5925226051215624,0.743593099850891,0.3223974008469661,True,True,True,6,1,relative_nuclear_iod_index; not_absolute_genome_size
published_bootstrap_tree_sensitivity,published_bootstrap_095,published_bootstrap_095,lambda,,,18,3,nucleus_cell_only,2,4,8.453626249547323,0.0763054146767341,19.5305493264704,2.684108788000092,0.2613082865960219,0.1132946398174282,True,False,False,6,1,relative_nuclear_iod_index; not_absolute_genome_size
published_bootstrap_tree_sensitivity,published_bootstrap_095,published_bootstrap_095,lambda,,,18,4,cell_collider,1,5,6.014663105955451,0.0494233866434742,21.01466310595545,4.168222567485142,0.1244176430288431,0.0539433794370175,False,False,False,6,1,relative_nuclear_iod_index; not_absolute_genome_size
published_bootstrap_tree_sensitivity,published_bootstrap_095,published_bootstrap_095,lambda,,,18,5,nucleus_collider,1,5,6.494008210313581,0.0388905454616528,21.49400821031358,4.647567671843273,0.097902437106337,0.0424472621733524,False,False,False,6,1,relative_nuclear_iod_index; not_absolute_genome_size
published_bootstrap_tree_sensitivity,published_bootstrap_095,published_bootstrap_095,lambda,,,18,6,iod_bridge,1,5,8.07259351813188,0.0176627609107088,23.07259351813188,6.226152979661574,0.0444639518077731,0.0192781004787233,False,False,False,6,1,relative_nuclear_iod_index; not_absolute_genome_size
published_bootstrap_tree_sensitivity,published_bootstrap_095,published_bootstrap_095,lambda,,,18,7,iod_cell_only,2,4,14.087256624087331,0.0070217131794755,25.164179701010408,8.3177391625401,0.0156252109715746,0.0067745752427386,False,False,False,6,1,relative_nuclear_iod_index; not_absolute_genome_size
published_bootstrap_tree_sensitivity,published_bootstrap_095,published_bootstrap_095,lambda,,,18,8,iod_nucleus_only,2,4,14.56660172844546,0.0056899186943265,25.643524805368536,8.797084266898228,0.0122952516795644,0.0053308149107969,False,False,False,6,1,relative_nuclear_iod_index; not_absolute_genome_size
published_bootstrap_tree_sensitivity,published_bootstrap_095,published_bootstrap_095,lambda,,,18,9,iod_collider,1,5,11.957231541274377,0.0025323291916852,26.95723154127437,10.110791002804069,0.0063748450035487,0.0027639221778127,False,False,False,6,1,relative_nuclear_iod_index; not_absolute_genome_size
published_bootstrap_tree_sensitivity,published_bootstrap_095,published_bootstrap_095,lambda,,,18,10,independent,3,3,24.46590285754341,0.0004286010130484241,32.18018857182912,15.333748033358813,0.0004680787454559528,0.00020294347938001116,False,False,False,6,1,relative_nuclear_iod_index; not_absolute_genome_size
published_bootstrap_tree_sensitivity,published_bootstrap_096,published_bootstrap_096,lambda,,,18,1,cell_bridge,1,5,1.8464405298303277,0.3972377683245872,16.84644052983033,0.0,1.0,0.4335669636782473,True,True,True,6,1,relative_nuclear_iod_index; not_absolute_genome_size
published_bootstrap_tree_sensitivity,published_bootstrap_096,published_bootstrap_096,lambda,,,18,2,nucleus_bridge,1,5,2.4389631520898494,0.2953832609951966,17.438963152089848,0.5925226222595192,0.7435930934790577,0.3223973997518302,True,True,True,6,1,relative_nuclear_iod_index; not_absolute_genome_size
published_bootstrap_tree_sensitivity,published_bootstrap_096,published_bootstrap_096,lambda,,,18,3,nucleus_cell_only,2,4,8.453626259953676,0.0763054143556639,19.530549336876756,2.6841088070464245,0.2613082841075397,0.1132946393244788,True,False,False,6,1,relative_nuclear_iod_index; not_absolute_genome_size
published_bootstrap_tree_sensitivity,published_bootstrap_096,published_bootstrap_096,lambda,,,18,4,cell_collider,1,5,6.014663107863827,0.0494233865963149,21.014663107863825,4.168222578033497,0.1244176423726423,0.0539433794315126,False,False,False,6,1,relative_nuclear_iod_index; not_absolute_genome_size
published_bootstrap_tree_sensitivity,published_bootstrap_096,published_bootstrap_096,lambda,,,18,5,nucleus_collider,1,5,6.494008225931148,0.0388905451579649,21.494008225931147,4.647567696100818,0.0979024359189006,0.0424472618780619,False,False,False,6,1,relative_nuclear_iod_index; not_absolute_genome_size
published_bootstrap_tree_sensitivity,published_bootstrap_096,published_bootstrap_096,lambda,,,18,6,iod_bridge,1,5,8.072593536799907,0.0176627607458443,23.072593536799907,6.226153006969579,0.0444639512006622,0.0192781003152089,False,False,False,6,1,relative_nuclear_iod_index; not_absolute_genome_size
published_bootstrap_tree_sensitivity,published_bootstrap_096,published_bootstrap_096,lambda,,,18,7,iod_cell_only,2,4,14.087256644663734,0.0070217131162158,25.16417972158681,8.317739191756484,0.0156252107433185,0.0067745751788133,False,False,False,6,1,relative_nuclear_iod_index; not_absolute_genome_size
published_bootstrap_tree_sensitivity,published_bootstrap_096,published_bootstrap_096,lambda,,,18,8,iod_nucleus_only,2,4,14.566601762731054,0.005689918608561,25.64352483965413,8.797084309823802,0.012295251415674,0.0053308148239544,False,False,False,6,1,relative_nuclear_iod_index; not_absolute_genome_size
published_bootstrap_tree_sensitivity,published_bootstrap_096,published_bootstrap_096,lambda,,,18,9,iod_collider,1,5,11.957231568272618,0.002532329157501,26.95723156827262,10.11079103844229,0.0063748448899547,0.0027639221428574,False,False,False,6,1,relative_nuclear_iod_index; not_absolute_genome_size
published_bootstrap_tree_sensitivity,published_bootstrap_096,published_bootstrap_096,lambda,,,18,10,independent,3,3,24.465902902067597,0.0004286010049407985,32.180188616353306,15.333748086522975,0.0004680787330134452,0.00020294347503500043,False,False,False,6,1,relative_nuclear_iod_index; not_absolute_genome_size
published_bootstrap_tree_sensitivity,published_bootstrap_097,published_bootstrap_097,lambda,,,18,1,cell_bridge,1,5,1.846440538667232,0.397237766569411,16.84644053866723,0.0,1.0,0.4335669632924095,True,True,True,6,1,relative_nuclear_iod_index; not_absolute_genome_size
published_bootstrap_tree_sensitivity,published_bootstrap_097,published_bootstrap_097,lambda,,,18,2,nucleus_bridge,1,5,2.4389631524440705,0.295383260942881,17.43896315244407,0.5925226137768398,0.7435930966328886,0.3223974008323208,True,True,True,6,1,relative_nuclear_iod_index; not_absolute_genome_size
published_bootstrap_tree_sensitivity,published_bootstrap_097,published_bootstrap_097,lambda,,,18,3,nucleus_cell_only,2,4,8.453626277056461,0.0763054138279868,19.530549353979534,2.6841088153123067,0.261308283027568,0.1132946387554161,True,False,False,6,1,relative_nuclear_iod_index; not_absolute_genome_size
published_bootstrap_tree_sensitivity,published_bootstrap_097,published_bootstrap_097,lambda,,,18,4,cell_collider,1,5,6.014663124612391,0.0494233861824295,21.01466312461239,4.168222585945159,0.1244176418804672,0.0539433791701166,False,False,False,6,1,relative_nuclear_iod_index; not_absolute_genome_size
published_bootstrap_tree_sensitivity,published_bootstrap_097,published_bootstrap_097,lambda,,,18,5,nucleus_collider,1,5,6.494008236058303,0.0388905449610397,21.494008236058303,4.647567697391072,0.0979024358557412,0.0424472618129036,False,False,False,6,1,relative_nuclear_iod_index; not_absolute_genome_size
published_bootstrap_tree_sensitivity,published_bootstrap_097,published_bootstrap_097,lambda,,,18,6,iod_bridge,1,5,8.072593526355575,0.0176627608380822,23.072593526355572,6.226152987688344,0.0444639516293222,0.0192781004839058,False,False,False,6,1,relative_nuclear_iod_index; not_absolute_genome_size
published_bootstrap_tree_sensitivity,published_bootstrap_097,published_bootstrap_097,lambda,,,18,7,iod_cell_only,2,4,14.087256650967966,0.0070217130968341,25.16417972789104,8.317739189223811,0.0156252107631053,0.0067745751813634,False,False,False,6,1,relative_nuclear_iod_index; not_absolute_genome_size
published_bootstrap_tree_sensitivity,published_bootstrap_097,published_bootstrap_097,lambda,,,18,8,iod_nucleus_only,2,4,14.566601762413878,0.0056899186093545,25.643524839336955,8.797084300669724,0.0122952514719499,0.0053308148436098,False,False,False,6,1,relative_nuclear_iod_index; not_absolute_genome_size
published_bootstrap_tree_sensitivity,published_bootstrap_097,published_bootstrap_097,lambda,,,18,9,iod_collider,1,5,11.957231566708716,0.0025323291594812,26.957231566708717,10.110791028041485,0.0063748449231064,0.0027639221547713,False,False,False,6,1,relative_nuclear_iod_index; not_absolute_genome_size
published_bootstrap_tree_sensitivity,published_bootstrap_097,published_bootstrap_097,lambda,,,18,10,independent,3,3,24.46590292737941,0.0004286010003315965,32.180188641665126,15.333748102997896,0.000468078729157666,0.0002029434731826595,False,False,False,6,1,relative_nuclear_iod_index; not_absolute_genome_size
published_bootstrap_tree_sensitivity,published_bootstrap_098,published_bootstrap_098,lambda,,,18,1,cell_bridge,1,5,1.846440536601757,0.3972377669796533,16.846440536601758,0.0,1.0,0.4335669623793564,True,True,True,6,1,relative_nuclear_iod_index; not_absolute_genome_size
published_bootstrap_tree_sensitivity,published_bootstrap_098,published_bootstrap_098,lambda,,,18,2,nucleus_bridge,1,5,2.438963149119156,0.2953832614339431,17.438963149119157,0.5925226125173992,0.7435930971011443,0.3223974003564009,True,True,True,6,1,relative_nuclear_iod_index; not_absolute_genome_size
published_bootstrap_tree_sensitivity,published_bootstrap_098,published_bootstrap_098,lambda,,,18,3,nucleus_cell_only,2,4,8.453626257903819,0.0763054144189088,19.53054933482689,2.684108798225136,0.2613082852600776,0.1132946394847701,True,False,False,6,1,relative_nuclear_iod_index; not_absolute_genome_size
published_bootstrap_tree_sensitivity,published_bootstrap_098,published_bootstrap_098,lambda,,,18,4,cell_collider,1,5,6.014663108784664,0.0494233865735596,21.014663108784664,4.168222572182906,0.1244176427366007,0.0539433794277079,False,False,False,6,1,relative_nuclear_iod_index; not_absolute_genome_size
published_bootstrap_tree_sensitivity,published_bootstrap_098,published_bootstrap_098,lambda,,,18,5,nucleus_collider,1,5,6.494008219190103,0.0388905452890464,21.494008219190103,4.647567682588345,0.0979024365803526,0.042447262037681,False,False,False,6,1,relative_nuclear_iod_index; not_absolute_genome_size
published_bootstrap_tree_sensitivity,published_bootstrap_098,published_bootstrap_098,lambda,,,18,6,iod_bridge,1,5,8.072593516841314,0.0176627609221063,23.07259351684132,6.226152980239558,0.0444639517949234,0.019278100515107,False,False,False,6,1,relative_nuclear_iod_index; not_absolute_genome_size
published_bootstrap_tree_sensitivity,published_bootstrap_098,published_bootstrap_098,lambda,,,18,7,iod_cell_only,2,4,14.087256625625978,0.007021713174745,25.164179702549056,8.317739165947298,0.0156252109449555,0.006774575245941,False,False,False,6,1,relative_nuclear_iod_index; not_absolute_genome_size
published_bootstrap_tree_sensitivity,published_bootstrap_098,published_bootstrap_098,lambda,,,18,8,iod_nucleus_only,2,4,14.566601736031418,0.0056899186753502,25.643524812954496,8.797084276352738,0.0122952516214416,0.0053308148971983,False,False,False,6,1,relative_nuclear_iod_index; not_absolute_genome_size
published_bootstrap_tree_sensitivity,published_bootstrap_098,published_bootstrap_098,lambda,,,18,9,iod_collider,1,5,11.957231543871622,0.0025323291883967,26.95723154387162,10.110791007269864,0.0063748449893144,0.0027639221776563,False,False,False,6,1,relative_nuclear_iod_index; not_absolute_genome_size
published_bootstrap_tree_sensitivity,published_bootstrap_098,published_bootstrap_098,lambda,,,18,10,independent,3,3,24.46590287184639,0.000428601010443952,32.180188586132104,15.333748049530346,0.0004680787416711773,0.00020294347818072375,False,False,False,6,1,relative_nuclear_iod_index; not_absolute_genome_size
published_bootstrap_tree_sensitivity,published_bootstrap_099,published_bootstrap_099,lambda,,,18,1,cell_bridge,1,5,1.8464405275467528,0.3972377687781483,16.846440527546754,0.0,1.0,0.4335669624524612,True,True,True,6,1,relative_nuclear_iod_index; not_absolute_genome_size
published_bootstrap_tree_sensitivity,published_bootstrap_099,published_bootstrap_099,lambda,,,18,2,nucleus_bridge,1,5,2.4389631494820363,0.2953832613803487,17.438963149482035,0.5925226219352808,0.7435930935996085,0.3223973988926109,True,True,True,6,1,relative_nuclear_iod_index; not_absolute_genome_size
published_bootstrap_tree_sensitivity,published_bootstrap_099,published_bootstrap_099,lambda,,,18,3,nucleus_cell_only,2,4,8.453626234852909,0.0763054151301051,19.530549311775985,2.684108784229231,0.2613082870887006,0.1132946402967036,True,False,False,6,1,relative_nuclear_iod_index; not_absolute_genome_size
published_bootstrap_tree_sensitivity,published_bootstrap_099,published_bootstrap_099,lambda,,,18,4,cell_collider,1,5,6.014663085370872,0.049423387152154,21.01466308537087,4.168222557824116,0.1244176436298441,0.0539433798240843,False,False,False,6,1,relative_nuclear_iod_index; not_absolute_genome_size
published_bootstrap_tree_sensitivity,published_bootstrap_099,published_bootstrap_099,lambda,,,18,5,nucleus_collider,1,5,6.49400820325045,0.0388905455989972,21.49400820325045,4.647567675703698,0.0979024369173645,0.0424472621909554,False,False,False,6,1,relative_nuclear_iod_index; not_absolute_genome_size
published_bootstrap_tree_sensitivity,published_bootstrap_099,published_bootstrap_099,lambda,,,18,6,iod_bridge,1,5,8.072593515062252,0.0176627609378179,23.07259351506225,6.226152987515498,0.0444639516331649,0.0192781004482244,False,False,False,6,1,relative_nuclear_iod_index; not_absolute_genome_size
published_bootstrap_tree_sensitivity,published_bootstrap_099,published_bootstrap_099,lambda,,,18,7,iod_cell_only,2,4,14.087256600433124,0.0070217132521974,25.1641796773562,8.317739149809448,0.0156252110710341,0.0067745753017468,False,False,False,6,1,relative_nuclear_iod_index; not_absolute_genome_size
published_bootstrap_tree_sensitivity,published_bootstrap_099,published_bootstrap_099,lambda,,,18,8,iod_nucleus_only,2,4,14.566601718312702,0.0056899187196737,25.643524795235777,8.797084267689023,0.0122952516747029,0.0053308149211894,False,False,False,6,1,relative_nuclear_iod_index; not_absolute_genome_size
published_bootstrap_tree_sensitivity,published_bootstrap_099,published_bootstrap_099,lambda,,,18,9,iod_collider,1,5,11.957231526934256,0.0025323292098421,26.957231526934255,10.110790999387504,0.0063748450144388,0.0027639221890154,False,False,False,6,1,relative_nuclear_iod_index; not_absolute_genome_size
published_bootstrap_tree_sensitivity,published_bootstrap_099,published_bootstrap_099,lambda,,,18,10,independent,3,3,24.46590281555558,0.000428601020694197,32.180188529841296,15.33374800229454,0.00046807875272621537,0.00020294348300804195,False,False,False,6,1,relative_nuclear_iod_index; not_absolute_genome_size
published_bootstrap_tree_sensitivity,published_bootstrap_100,published_bootstrap_100,lambda,,,18,1,cell_bridge,1,5,1.8464405356579203,0.3972377671671171,16.84644053565792,0.0,1.0,0.4335669624802789,True,True,True,6,1,relative_nuclear_iod_index; not_absolute_genome_size
published_bootstrap_tree_sensitivity,published_bootstrap_100,published_bootstrap_100,lambda,,,18,2,nucleus_bridge,1,5,2.4389631482134364,0.2953832615677103,17.438963148213436,0.5925226125555163,0.7435930970869725,0.3223974004253018,True,True,True,6,1,relative_nuclear_iod_index; not_absolute_genome_size
published_bootstrap_tree_sensitivity,published_bootstrap_100,published_bootstrap_100,lambda,,,18,3,nucleus_cell_only,2,4,8.453626257374117,0.0763054144352518,19.53054933429719,2.684108798639272,0.261308285205969,0.1132946394876823,True,False,False,6,1,relative_nuclear_iod_index; not_absolute_genome_size
published_bootstrap_tree_sensitivity,published_bootstrap_100,published_bootstrap_100,lambda,,,18,4,cell_collider,1,5,6.01466310916068,0.0494233865642675,21.01466310916068,4.16822257350276,0.1244176426544941,0.0539433794046658,False,False,False,6,1,relative_nuclear_iod_index; not_absolute_genome_size
published_bootstrap_tree_sensitivity,published_bootstrap_100,published_bootstrap_100,lambda,,,18,5,nucleus_collider,1,5,6.49400821951455,0.0388905452827375,21.494008219514548,4.647567683856629,0.0979024365182686,0.042447262020644,False,False,False,6,1,relative_nuclear_iod_index; not_absolute_genome_size
published_bootstrap_tree_sensitivity,published_bootstrap_100,published_bootstrap_100,lambda,,,18,6,iod_bridge,1,5,8.0725935238554,0.0176627608601622,23.0725935238554,6.22615298819748,0.0444639516180031,0.0192781004428876,False,False,False,6,1,relative_nuclear_iod_index; not_absolute_genome_size
published_bootstrap_tree_sensitivity,published_bootstrap_100,published_bootstrap_100,lambda,,,18,7,iod_cell_only,2,4,14.08725663301608,0.0070217131520251,25.164179709939155,8.317739174281236,0.0156252108798457,0.0067745752192885,False,False,False,6,1,relative_nuclear_iod_index; not_absolute_genome_size
published_bootstrap_tree_sensitivity,published_bootstrap_100,published_bootstrap_100,lambda,,,18,8,iod_nucleus_only,2,4,14.566601743369947,0.0056899186569929,25.643524820293024,8.797084284635105,0.0122952515705247,0.0053308148763633,False,False,False,6,1,relative_nuclear_iod_index; not_absolute_genome_size
published_bootstrap_tree_sensitivity,published_bootstrap_100,published_bootstrap_100,lambda,,,18,9,iod_collider,1,5,11.957231552074882,0.00253232917801,26.95723155207488,10.11079101641696,0.0063748449601587,0.0027639221656587,False,False,False,6,1,relative_nuclear_iod_index; not_absolute_genome_size
published_bootstrap_tree_sensitivity,published_bootstrap_100,published_bootstrap_100,lambda,,,18,10,independent,3,3,24.46590288075011,0.00042860100882258223,32.18018859503583,15.33374805937791,0.0004680787393664594,0.000202943477228714,False,False,False,6,1,relative_nuclear_iod_index; not_absolute_genome_size
published_bootstrap_tree_sensitivity,published_bootstrap_101,published_bootstrap_101,lambda,,,18,1,cell_bridge,1,5,1.8464405313909644,0.3972377680146152,16.846440531390964,0.0,1.0,0.4335669637759169,True,True,True,6,1,relative_nuclear_iod_index; not_absolute_genome_size
published_bootstrap_tree_sensitivity,published_bootstrap_101,published_bootstrap_101,lambda,,,18,2,nucleus_bridge,1,5,2.4389631514559884,0.2953832610888125,17.438963151455987,0.5925226200650222,0.7435930942949641,0.3223974001782066,True,True,True,6,1,relative_nuclear_iod_index; not_absolute_genome_size
published_bootstrap_tree_sensitivity,published_bootstrap_101,published_bootstrap_101,lambda,,,18,3,nucleus_cell_only,2,4,8.453626265937638,0.076305414171039,19.53054934286072,2.684108811469752,0.2613082835296136,0.113294639099431,True,False,False,6,1,relative_nuclear_iod_index; not_absolute_genome_size
published_bootstrap_tree_sensitivity,published_bootstrap_101,published_bootstrap_101,lambda,,,18,4,cell_collider,1,5,6.01466311448165,0.0494233864327773,21.01466311448165,4.168222583090685,0.1244176420580406,0.0539433793072635,False,False,False,6,1,relative_nuclear_iod_index; not_absolute_genome_size
published_bootstrap_tree_sensitivity,published_bootstrap_101,published_bootstrap_101,lambda,,,18,5,nucleus_collider,1,5,6.4940082307470455,0.0388905450643185,21.494008230747045,4.647567699356081,0.0979024357595516,0.0424472618185355,False,False,False,6,1,relative_nuclear_iod_index; not_absolute_genome_size
published_bootstrap_tree_sensitivity,published_bootstrap_101,published_bootstrap_101,lambda,,,18,6,iod_bridge,1,5,8.07259354295636,0.0176627606914744,23.07259354295636,6.226153011565398,0.0444639510984881,0.0192781002752523,False,False,False,6,1,relative_nuclear_iod_index; not_absolute_genome_size
published_bootstrap_tree_sensitivity,published_bootstrap_101,published_bootstrap_101,lambda,,,18,7,iod_cell_only,2,4,14.08725665743801,0.0070217130769427,25.164179734361085,8.31773920297012,0.0156252106557108,0.0067745751423556,False,False,False,6,1,relative_nuclear_iod_index; not_absolute_genome_size
published_bootstrap_tree_sensitivity,published_bootstrap_101,published_bootstrap_101,lambda,,,18,8,iod_nucleus_only,2,4,14.566601773703406,0.0056899185811137,25.643524850626484,8.79708431923552,0.0122952513578143,0.0053308148000692,False,False,False,6,1,relative_nuclear_iod_index; not_absolute_genome_size
published_bootstrap_tree_sensitivity,published_bootstrap_101,published_bootstrap_101,lambda,,,18,9,iod_collider,1,5,11.957231579561736,0.0025323291432071,26.957231579561736,10.110791048170771,0.0063748448589459,0.0027639221300357,False,False,False,6,1,relative_nuclear_iod_index; not_absolute_genome_size
published_bootstrap_tree_sensitivity,published_bootstrap_101,published_bootstrap_101,lambda,,,18,10,independent,3,3,24.465902924790434,0.0004286010008029972,32.18018863907615,15.333748107685183,0.0004680787280606555,0.0002029434729333515,False,False,False,6,1,relative_nuclear_iod_index; not_absolute_genome_size
published_bootstrap_tree_sensitivity,published_bootstrap_102,published_bootstrap_102,lambda,,,18,1,cell_bridge,1,5,1.8464405368992096,0.3972377669205736,16.84644053689921,0.0,1.0,0.4335669626673877,True,True,True,6,1,relative_nuclear_iod_index; not_absolute_genome_size
published_bootstrap_tree_sensitivity,published_bootstrap_102,published_bootstrap_102,lambda,,,18,2,nucleus_bridge,1,5,2.438963150926458,0.2953832611670197,17.438963150926458,0.5925226140272493,0.7435930965397872,0.3223974003271931,True,True,True,6,1,relative_nuclear_iod_index; not_absolute_genome_size
published_bootstrap_tree_sensitivity,published_bootstrap_102,published_bootstrap_102,lambda,,,18,3,nucleus_cell_only,2,4,8.45362626272053,0.0763054142702974,19.530549339643606,2.6841088027443973,0.2613082846696173,0.1132946393040311,True,False,False,6,1,relative_nuclear_iod_index; not_absolute_genome_size
published_bootstrap_tree_sensitivity,published_bootstrap_102,published_bootstrap_102,lambda,,,18,4,cell_collider,1,5,6.014663111794072,0.0494233864991919,21.01466311179407,4.168222574894863,0.1244176425678931,0.0539433793903981,False,False,False,6,1,relative_nuclear_iod_index; not_absolute_genome_size
published_bootstrap_tree_sensitivity,published_bootstrap_102,published_bootstrap_102,lambda,,,18,5,nucleus_collider,1,5,6.494008223460993,0.0388905452059977,21.494008223460995,4.647567686561786,0.0979024363858479,0.0424472619815492,False,False,False,6,1,relative_nuclear_iod_index; not_absolute_genome_size
published_bootstrap_tree_sensitivity,published_bootstrap_102,published_bootstrap_102,lambda,,,18,6,iod_bridge,1,5,8.072593516054981,0.0176627609290507,23.07259351605498,6.226152979155771,0.0444639518190181,0.0192781005383607,False,False,False,6,1,relative_nuclear_iod_index; not_absolute_genome_size
published_bootstrap_tree_sensitivity,published_bootstrap_102,published_bootstrap_102,lambda,,,18,7,iod_cell_only,2,4,14.087256627849056,0.0070217131679105,25.16417970477213,8.317739167872922,0.0156252109299113,0.0067745752439189,False,False,False,6,1,relative_nuclear_iod_index; not_absolute_genome_size
published_bootstrap_tree_sensitivity,published_bootstrap_102,published_bootstrap_102,lambda,,,18,8,iod_nucleus_only,2,4,14.566601739515974,0.0056899186666337,25.64352481643905,8.797084279539842,0.0122952516018485,0.0053308148922448,False,False,False,6,1,relative_nuclear_iod_index; not_absolute_genome_size
published_bootstrap_tree_sensitivity,published_bootstrap_102,published_bootstrap_102,lambda,,,18,9,iod_collider,1,5,11.95723154562042,0.0025323291861824,26.95723154562042,10.110791008721211,0.0063748449846883,0.0027639221774867,False,False,False,6,1,relative_nuclear_iod_index; not_absolute_genome_size
published_bootstrap_tree_sensitivity,published_bootstrap_102,published_bootstrap_102,lambda,,,18,10,independent,3,3,24.46590288087549,0.0004286010087997117,32.1801885951612,15.333748058261987,0.000468078739627629,0.00020294347742953013,False,False,False,6,1,relative_nuclear_iod_index; not_absolute_genome_size
published_bootstrap_tree_sensitivity,published_bootstrap_103,published_bootstrap_103,lambda,,,18,1,cell_bridge,1,5,1.8464405422864107,0.3972377658505738,16.84644054228641,0.0,1.0,0.4335669629233769,True,True,True,6,1,relative_nuclear_iod_index; not_absolute_genome_size
published_bootstrap_tree_sensitivity,published_bootstrap_103,published_bootstrap_103,lambda,,,18,2,nucleus_bridge,1,5,2.4389631498204016,0.295383261330375,17.438963149820403,0.5925226075339936,0.7435930989539573,0.3223974015642493,True,True,True,6,1,relative_nuclear_iod_index; not_absolute_genome_size
published_bootstrap_tree_sensitivity,published_bootstrap_103,published_bootstrap_103,lambda,,,18,3,nucleus_cell_only,2,4,8.453626281650255,0.0763054136862532,19.53054935857333,2.6841088162869227,0.2613082829002303,0.1132946386037754,True,False,False,6,1,relative_nuclear_iod_index; not_absolute_genome_size
published_bootstrap_tree_sensitivity,published_bootstrap_103,published_bootstrap_103,lambda,,,18,4,cell_collider,1,5,6.014663131829854,0.0494233860040739,21.014663131829856,4.168222589543447,0.1244176416566219,0.0539433790271505,False,False,False,6,1,relative_nuclear_iod_index; not_absolute_genome_size
published_bootstrap_tree_sensitivity,published_bootstrap_103,published_bootstrap_103,lambda,,,18,5,nucleus_collider,1,5,6.494008238223972,0.0388905449189276,21.494008238223973,4.647567695937564,0.0979024359268921,0.0424472618076231,False,False,False,6,1,relative_nuclear_iod_index; not_absolute_genome_size
published_bootstrap_tree_sensitivity,published_bootstrap_103,published_bootstrap_103,lambda,,,18,6,iod_bridge,1,5,8.072593529766806,0.0176627608079563,23.07259352976681,6.226152987480397,0.0444639516339452,0.0192781004695015,False,False,False,6,1,relative_nuclear_iod_index; not_absolute_genome_size
published_bootstrap_tree_sensitivity,published_bootstrap_103,published_bootstrap_103,lambda,,,18,7,iod_cell_only,2,4,14.08725666159666,0.0070217130641575,25.16417973851973,8.317739196233326,0.0156252107083427,0.0067745751518539,False,False,False,6,1,relative_nuclear_iod_index; not_absolute_genome_size
published_bootstrap_tree_sensitivity,published_bootstrap_103,published_bootstrap_103,lambda,,,18,8,iod_nucleus_only,2,4,14.56660176799078,0.0056899185954039,25.643524844913856,8.797084302627447,0.0122952514599145,0.0053308148338543,False,False,False,6,1,relative_nuclear_iod_index; not_absolute_genome_size
published_bootstrap_tree_sensitivity,published_bootstrap_103,published_bootstrap_103,lambda,,,18,9,iod_collider,1,5,11.957231574279502,0.0025323291498953,26.957231574279504,10.110791031993095,0.006374844910511,0.0027639221469578,False,False,False,6,1,relative_nuclear_iod_index; not_absolute_genome_size
published_bootstrap_tree_sensitivity,published_bootstrap_103,published_bootstrap_103,lambda,,,18,10,independent,3,3,24.46590294433333,0.0004286009972443994,32.180188658619045,15.333748116332636,0.0004680787260368117,0.00020294347165682376,False,False,False,6,1,relative_nuclear_iod_index; not_absolute_genome_size
published_bootstrap_tree_sensitivity,published_bootstrap_104,published_bootstrap_104,lambda,,,18,1,cell_bridge,1,5,1.8464405349021475,0.397237767317228,16.846440534902147,0.0,1.0,0.4335669617582106,True,True,True,6,1,relative_nuclear_iod_index; not_absolute_genome_size
published_bootstrap_tree_sensitivity,published_bootstrap_104,published_bootstrap_104,lambda,,,18,2,nucleus_bridge,1,5,2.4389631441649167,0.2953832621656428,17.438963144164916,0.5925226092627689,0.7435930983112046,0.3223974004191633,True,True,True,6,1,relative_nuclear_iod_index; not_absolute_genome_size
published_bootstrap_tree_sensitivity,published_bootstrap_104,published_bootstrap_104,lambda,,,18,3,nucleus_cell_only,2,4,8.45362624509267,0.0763054148141748,19.530549322015744,2.6841087871135976,0.2613082867118461,0.1132946399518985,True,False,False,6,1,relative_nuclear_iod_index; not_absolute_genome_size
published_bootstrap_tree_sensitivity,published_bootstrap_104,published_bootstrap_104,lambda,,,18,4,cell_collider,1,5,6.014663100927753,0.049423386767717,21.014663100927752,4.168222566025605,0.1244176431196391,0.0539433795164992,False,False,False,6,1,relative_nuclear_iod_index; not_absolute_genome_size
published_bootstrap_tree_sensitivity,published_bootstrap_104,published_bootstrap_104,lambda,,,18,5,nucleus_collider,1,5,6.494008208542138,0.038890545496099,21.494008208542137,4.647567673639991,0.0979024370183855,0.0424472621667859,False,False,False,6,1,relative_nuclear_iod_index; not_absolute_genome_size
published_bootstrap_tree_sensitivity,published_bootstrap_104,published_bootstrap_104,lambda,,,18,6,iod_bridge,1,5,8.072593523466617,0.0176627608635957,23.07259352346661,6.226152988564468,0.0444639516098442,0.0192781004072442,False,False,False,6,1,relative_nuclear_iod_index; not_absolute_genome_size
published_bootstrap_tree_sensitivity,published_bootstrap_104,published_bootstrap_104,lambda,,,18,7,iod_cell_only,2,4,14.08725662439437,0.0070217131785315,25.164179701317448,8.3177391664153,0.0156252109412992,0.0067745752346502,False,False,False,6,1,relative_nuclear_iod_index; not_absolute_genome_size
published_bootstrap_tree_sensitivity,published_bootstrap_104,published_bootstrap_104,lambda,,,18,8,iod_nucleus_only,2,4,14.566601732008756,0.005689918685413,25.643524808931836,8.797084274029686,0.0122952516357229,0.005330814895753,False,False,False,6,1,relative_nuclear_iod_index; not_absolute_genome_size
published_bootstrap_tree_sensitivity,published_bootstrap_104,published_bootstrap_104,lambda,,,18,9,iod_collider,1,5,11.957231544645737,0.0025323291874165,26.957231544645737,10.11079100974359,0.0063748449814296,0.002763922170278,False,False,False,6,1,relative_nuclear_iod_index; not_absolute_genome_size
published_bootstrap_tree_sensitivity,published_bootstrap_104,published_bootstrap_104,lambda,,,18,10,independent,3,3,24.465902854115622,0.0004286010136725915,32.18018856840134,15.333748033499194,0.0004680787454230979,0.0002029434795166875,False,False,False,6,1,relative_nuclear_iod_index; not_absolute_genome_size
published_bootstrap_tree_sensitivity,published_bootstrap_105,published_bootstrap_105,lambda,,,18,1,cell_bridge,1,5,1.846440537351539,0.3972377668307325,16.84644053735154,0.0,1.0,0.4335669619149758,True,True,True,6,1,relative_nuclear_iod_index; not_absolute_genome_size
published_bootstrap_tree_sensitivity,published_bootstrap_105,published_bootstrap_105,lambda,,,18,2,nucleus_bridge,1,5,2.4389631475845306,0.2953832616605945,17.43896314758453,0.5925226102329901,0.7435930979504797,0.3223974003793345,True,True,True,6,1,relative_nuclear_iod_index; not_absolute_genome_size
published_bootstrap_tree_sensitivity,published_bootstrap_105,published_bootstrap_105,lambda,,,18,3,nucleus_cell_only,2,4,8.453626252897607,0.0763054145733669,19.530549329820683,2.684108792469143,0.2613082860121219,0.1132946396894852,True,False,False,6,1,relative_nuclear_iod_index; not_absolute_genome_size
published_bootstrap_tree_sensitivity,published_bootstrap_105,published_bootstrap_105,lambda,,,18,4,cell_collider,1,5,6.014663105313077,0.0494233866593483,21.01466310531308,4.168222567961536,0.1244176429992072,0.0539433794837883,False,False,False,6,1,relative_nuclear_iod_index; not_absolute_genome_size
published_bootstrap_tree_sensitivity,published_bootstrap_105,published_bootstrap_105,lambda,,,18,5,nucleus_collider,1,5,6.49400821389711,0.0388905453919701,21.49400821389711,4.64756767654557,0.0979024368761538,0.0424472621204667,False,False,False,6,1,relative_nuclear_iod_index; not_absolute_genome_size
published_bootstrap_tree_sensitivity,published_bootstrap_105,published_bootstrap_105,lambda,,,18,6,iod_bridge,1,5,8.072593511641312,0.0176627609680295,23.072593511641312,6.226152974289771,0.0444639519271989,0.0192781005518091,False,False,False,6,1,relative_nuclear_iod_index; not_absolute_genome_size
published_bootstrap_tree_sensitivity,published_bootstrap_105,published_bootstrap_105,lambda,,,18,7,iod_cell_only,2,4,14.087256616954388,0.0070217132014048,25.164179693877465,8.317739156525924,0.015625211018561,0.0067745752705978,False,False,False,6,1,relative_nuclear_iod_index; not_absolute_genome_size
published_bootstrap_tree_sensitivity,published_bootstrap_105,published_bootstrap_105,lambda,,,18,8,iod_nucleus_only,2,4,14.566601725538424,0.0056899187015985,25.6435248024615,8.797084265109959,0.012295251690558,0.0053308149214552,False,False,False,6,1,relative_nuclear_iod_index; not_absolute_genome_size
published_bootstrap_tree_sensitivity,published_bootstrap_105,published_bootstrap_105,lambda,,,18,9,iod_collider,1,5,11.957231534820906,0.0025323291998563,26.957231534820902,10.110790997469364,0.0063748450205527,0.0027639221882398,False,False,False,6,1,relative_nuclear_iod_index; not_absolute_genome_size
published_bootstrap_tree_sensitivity,published_bootstrap_105,published_bootstrap_105,lambda,,,18,10,independent,3,3,24.465902854031093,0.0004286010136880236,32.18018856831681,15.333748030965268,0.0004680787460161365,0.00020294347984718792,False,False,False,6,1,relative_nuclear_iod_index; not_absolute_genome_size
published_bootstrap_tree_sensitivity,published_bootstrap_106,published_bootstrap_106,lambda,,,18,1,cell_bridge,1,5,1.8464405178745755,0.3972377706992253,16.846440517874576,0.0,1.0,0.4335669598388605,True,True,True,6,1,relative_nuclear_iod_index; not_absolute_genome_size
published_bootstrap_tree_sensitivity,published_bootstrap_106,published_bootstrap_106,lambda,,,18,2,nucleus_bridge,1,5,2.4389631423433435,0.2953832624346739,17.438963142343344,0.5925226244687671,0.7435930926576669,0.3223973965407607,True,True,True,6,1,relative_nuclear_iod_index; not_absolute_genome_size
published_bootstrap_tree_sensitivity,published_bootstrap_106,published_bootstrap_106,lambda,,,18,3,nucleus_cell_only,2,4,8.453626169133052,0.0763054171577787,19.53054924605613,2.684108728181553,0.2613082944115621,0.1132946427886989,True,False,False,6,1,relative_nuclear_iod_index; not_absolute_genome_size
published_bootstrap_tree_sensitivity,published_bootstrap_106,published_bootstrap_106,lambda,,,18,4,cell_collider,1,5,6.014663026789708,0.0494233885997937,21.01466302678971,4.168222508915132,0.1244176466724144,0.0539433808180642,False,False,False,6,1,relative_nuclear_iod_index; not_absolute_genome_size
published_bootstrap_tree_sensitivity,published_bootstrap_106,published_bootstrap_106,lambda,,,18,5,nucleus_collider,1,5,6.494008146717668,0.0388905466982927,21.49400814671767,4.647567628843092,0.0979024392112483,0.0424472629296298,False,False,False,6,1,relative_nuclear_iod_index; not_absolute_genome_size
published_bootstrap_tree_sensitivity,published_bootstrap_106,published_bootstrap_106,lambda,,,18,6,iod_bridge,1,5,8.072593475353434,0.0176627612885016,23.07259347535344,6.22615295747886,0.0444639523009387,0.0192781006215381,False,False,False,6,1,relative_nuclear_iod_index; not_absolute_genome_size
published_bootstrap_tree_sensitivity,published_bootstrap_106,published_bootstrap_106,lambda,,,18,7,iod_cell_only,2,4,14.08725650214314,0.0070217135543781,25.164179579066214,8.317739061191642,0.0156252117633701,0.0067745755610828,False,False,False,6,1,relative_nuclear_iod_index; not_absolute_genome_size
published_bootstrap_tree_sensitivity,published_bootstrap_106,published_bootstrap_106,lambda,,,18,8,iod_nucleus_only,2,4,14.566601622071104,0.0056899189604222,25.643524698994177,8.797084181119601,0.0122952522068993,0.0053308151197974,False,False,False,6,1,relative_nuclear_iod_index; not_absolute_genome_size
published_bootstrap_tree_sensitivity,published_bootstrap_106,published_bootstrap_106,lambda,,,18,9,iod_collider,1,5,11.957231439235189,0.0025323293208836,26.957231439235187,10.11079092136061,0.0063748452631435,0.0027639222801842,False,False,False,6,1,relative_nuclear_iod_index; not_absolute_genome_size
published_bootstrap_tree_sensitivity,published_bootstrap_106,published_bootstrap_106,lambda,,,18,10,independent,3,3,24.465902612742564,0.0004286010576255439,32.18018832702828,15.3337478091537,0.00046807879792877977,0.00020294350138300935,False,False,False,6,1,relative_nuclear_iod_index; not_absolute_genome_size
published_bootstrap_tree_sensitivity,published_bootstrap_107,published_bootstrap_107,lambda,,,18,1,cell_bridge,1,5,1.846440536621692,0.3972377669756939,16.846440536621692,0.0,1.0,0.4335669636064712,True,True,True,6,1,relative_nuclear_iod_index; not_absolute_genome_size
published_bootstrap_tree_sensitivity,published_bootstrap_107,published_bootstrap_107,lambda,,,18,2,nucleus_bridge,1,5,2.438963155870868,0.2953832604367719,17.43896315587087,0.592522619249177,0.7435930945982926,0.3223974001837212,True,True,True,6,1,relative_nuclear_iod_index; not_absolute_genome_size
published_bootstrap_tree_sensitivity,published_bootstrap_107,published_bootstrap_107,lambda,,,18,3,nucleus_cell_only,2,4,8.453626275456791,0.0763054138773419,19.530549352379868,2.684108815758176,0.2613082829693133,0.1132946388122257,True,False,False,6,1,relative_nuclear_iod_index; not_absolute_genome_size
published_bootstrap_tree_sensitivity,published_bootstrap_107,published_bootstrap_107,lambda,,,18,4,cell_collider,1,5,6.014663119585923,0.0494233863066421,21.01466311958592,4.16822258296423,0.1244176420659072,0.0539433792895921,False,False,False,6,1,relative_nuclear_iod_index; not_absolute_genome_size
published_bootstrap_tree_sensitivity,published_bootstrap_107,published_bootstrap_107,lambda,,,18,5,nucleus_collider,1,5,6.494008235538537,0.0388905449711466,21.494008235538537,4.647567698916845,0.0979024357810527,0.0424472618112685,False,False,False,6,1,relative_nuclear_iod_index; not_absolute_genome_size
published_bootstrap_tree_sensitivity,published_bootstrap_107,published_bootstrap_107,lambda,,,18,6,iod_bridge,1,5,8.072593517846803,0.0176627609132264,23.072593517846805,6.226152981225113,0.0444639517730126,0.0192781005601696,False,False,False,6,1,relative_nuclear_iod_index; not_absolute_genome_size
published_bootstrap_tree_sensitivity,published_bootstrap_107,published_bootstrap_107,lambda,,,18,7,iod_cell_only,2,4,14.087256637432729,0.0070217131384466,25.164179714355804,8.317739177734111,0.0156252108528698,0.0067745752251896,False,False,False,6,1,relative_nuclear_iod_index; not_absolute_genome_size
published_bootstrap_tree_sensitivity,published_bootstrap_107,published_bootstrap_107,lambda,,,18,8,iod_nucleus_only,2,4,14.56660175338534,0.0056899186319394,25.64352483030841,8.797084293686723,0.0122952515148788,0.0053308148660838,False,False,False,6,1,relative_nuclear_iod_index; not_absolute_genome_size
published_bootstrap_tree_sensitivity,published_bootstrap_107,published_bootstrap_107,lambda,,,18,9,iod_collider,1,5,11.957231554812992,0.0025323291745431,26.957231554812992,10.1107910181913,0.0063748449545031,0.0027639221703859,False,False,False,6,1,relative_nuclear_iod_index; not_absolute_genome_size
published_bootstrap_tree_sensitivity,published_bootstrap_107,published_bootstrap_107,lambda,,,18,10,independent,3,3,24.46590290993745,0.00042860100350772257,32.18018862422316,15.333748087601473,0.00046807873276103525,0.00020294347489196692,False,False,False,6,1,relative_nuclear_iod_index; not_absolute_genome_size
published_bootstrap_tree_sensitivity,published_bootstrap_108,published_bootstrap_108,lambda,,,18,1,cell_bridge,1,5,1.8464405422104109,0.3972377658656689,16.84644054221041,0.0,1.0,0.4335669623102454,True,True,True,6,1,relative_nuclear_iod_index; not_absolute_genome_size
published_bootstrap_tree_sensitivity,published_bootstrap_108,published_bootstrap_108,lambda,,,18,2,nucleus_bridge,1,5,2.4389631484461893,0.2953832615333347,17.438963148446188,0.5925226062357787,0.7435930994366291,0.3223974013175995,True,True,True,6,1,relative_nuclear_iod_index; not_absolute_genome_size
published_bootstrap_tree_sensitivity,published_bootstrap_108,published_bootstrap_108,lambda,,,18,3,nucleus_cell_only,2,4,8.45362627195972,0.076305413985238,19.5305493488828,2.684108806672388,0.2613082841564091,0.1132946389881967,True,False,False,6,1,relative_nuclear_iod_index; not_absolute_genome_size
published_bootstrap_tree_sensitivity,published_bootstrap_108,published_bootstrap_108,lambda,,,18,4,cell_collider,1,5,6.014663123513532,0.0494233862095843,21.01466312351353,4.168222581303123,0.1244176421692427,0.0539433791731216,False,False,False,6,1,relative_nuclear_iod_index; not_absolute_genome_size
published_bootstrap_tree_sensitivity,published_bootstrap_108,published_bootstrap_108,lambda,,,18,5,nucleus_collider,1,5,6.494008228908636,0.0388905451000668,21.49400822890864,4.647567686698228,0.0979024363791689,0.0424472619436883,False,False,False,6,1,relative_nuclear_iod_index; not_absolute_genome_size
published_bootstrap_tree_sensitivity,published_bootstrap_108,published_bootstrap_108,lambda,,,18,6,iod_bridge,1,5,8.072593519474195,0.0176627608988543,23.0725935194742,6.226152977263787,0.0444639518610807,0.0192781005407177,False,False,False,6,1,relative_nuclear_iod_index; not_absolute_genome_size
published_bootstrap_tree_sensitivity,published_bootstrap_108,published_bootstrap_108,lambda,,,18,7,iod_cell_only,2,4,14.087256642987724,0.0070217131213684,25.1641797199108,8.317739177700393,0.0156252108531332,0.00677457520505,False,False,False,6,1,relative_nuclear_iod_index; not_absolute_genome_size
published_bootstrap_tree_sensitivity,published_bootstrap_108,published_bootstrap_108,lambda,,,18,8,iod_nucleus_only,2,4,14.56660174838283,0.0056899186444532,25.643524825305903,8.797084283095497,0.0122952515799897,0.0053308148783763,False,False,False,6,1,relative_nuclear_iod_index; not_absolute_genome_size
published_bootstrap_tree_sensitivity,published_bootstrap_108,published_bootstrap_108,lambda,,,18,9,iod_collider,1,5,11.957231556140094,0.0025323291728628,26.95723155614009,10.110791013929685,0.0063748449680867,0.0027639221680121,False,False,False,6,1,relative_nuclear_iod_index; not_absolute_genome_size
published_bootstrap_tree_sensitivity,published_bootstrap_108,published_bootstrap_108,lambda,,,18,10,independent,3,3,24.465902908562263,0.00042860100375807786,32.18018862284798,15.33374808063757,0.00046807873439086233,0.0002029434749918704,False,False,False,6,1,relative_nuclear_iod_index; not_absolute_genome_size
published_bootstrap_tree_sensitivity,published_bootstrap_109,published_bootstrap_109,lambda,,,18,1,cell_bridge,1,5,1.8464405446742,0.3972377653763137,16.8464405446742,0.0,1.0,0.4335669627310854,True,True,True,6,1,relative_nuclear_iod_index; not_absolute_genome_size
published_bootstrap_tree_sensitivity,published_bootstrap_109,published_bootstrap_109,lambda,,,18,2,nucleus_bridge,1,5,2.43896314846036,0.2953832615312417,17.43896314846036,0.5925226037861613,0.7435931003473885,0.3223974020254084,True,True,True,6,1,relative_nuclear_iod_index; not_absolute_genome_size
published_bootstrap_tree_sensitivity,published_bootstrap_109,published_bootstrap_109,lambda,,,18,3,nucleus_cell_only,2,4,8.453626285377702,0.0763054135712492,19.53054936230078,2.68410881762658,0.2613082827251985,0.1132946384776401,True,False,False,6,1,relative_nuclear_iod_index; not_absolute_genome_size
published_bootstrap_tree_sensitivity,published_bootstrap_109,published_bootstrap_109,lambda,,,18,4,cell_collider,1,5,6.014663136917341,0.0494233858783534,21.014663136917346,4.168222592243144,0.124417641488677,0.0539433789304107,False,False,False,6,1,relative_nuclear_iod_index; not_absolute_genome_size
published_bootstrap_tree_sensitivity,published_bootstrap_109,published_bootstrap_109,lambda,,,18,5,nucleus_collider,1,5,6.494008240287389,0.0388905448788039,21.49400824028739,4.647567695613191,0.0979024359427706,0.0424472617956817,False,False,False,6,1,relative_nuclear_iod_index; not_absolute_genome_size
published_bootstrap_tree_sensitivity,published_bootstrap_109,published_bootstrap_109,lambda,,,18,6,iod_bridge,1,5,8.072593531622317,0.0176627607915696,23.07259353162232,6.226152986948119,0.0444639516457788,0.0192781004660822,False,False,False,6,1,relative_nuclear_iod_index; not_absolute_genome_size
published_bootstrap_tree_sensitivity,published_bootstrap_109,published_bootstrap_109,lambda,,,18,7,iod_cell_only,2,4,14.08725666853966,0.0070217130428121,25.164179745462736,8.317739200788537,0.0156252106727546,0.0067745751334195,False,False,False,6,1,relative_nuclear_iod_index; not_absolute_genome_size
published_bootstrap_tree_sensitivity,published_bootstrap_109,published_bootstrap_109,lambda,,,18,8,iod_nucleus_only,2,4,14.566601771909706,0.0056899185856006,25.643524848832783,8.797084304158584,0.0122952514505017,0.005330814827409,False,False,False,6,1,relative_nuclear_iod_index; not_absolute_genome_size
published_bootstrap_tree_sensitivity,published_bootstrap_109,published_bootstrap_109,lambda,,,18,9,iod_collider,1,5,11.957231579168631,0.0025323291437048,26.957231579168635,10.110791034494437,0.0063748449025382,0.0027639221422752,False,False,False,6,1,relative_nuclear_iod_index; not_absolute_genome_size
published_bootstrap_tree_sensitivity,published_bootstrap_109,published_bootstrap_109,lambda,,,18,10,independent,3,3,24.465902956373363,0.0004286009950519309,32.18018867065908,15.33374812598488,0.0004680787237778067,0.0002029434705873864,False,False,False,6,1,relative_nuclear_iod_index; not_absolute_genome_size
published_bootstrap_tree_sensitivity,published_bootstrap_110,published_bootstrap_110,lambda,,,18,1,cell_bridge,1,5,1.846440537332212,0.3972377668345711,16.846440537332214,0.0,1.0,0.4335669630410145,True,True,True,6,1,relative_nuclear_iod_index; not_absolute_genome_size
published_bootstrap_tree_sensitivity,published_bootstrap_110,published_bootstrap_110,lambda,,,18,2,nucleus_bridge,1,5,2.438963154176767,0.2953832606869763,17.43896315417677,0.5925226168445548,0.7435930954923228,0.3223974001508735,True,True,True,6,1,relative_nuclear_iod_index; not_absolute_genome_size
published_bootstrap_tree_sensitivity,published_bootstrap_110,published_bootstrap_110,lambda,,,18,3,nucleus_cell_only,2,4,8.45362626875693,0.0763054140840546,19.530549345680008,2.684108808347794,0.2613082839375104,0.1132946390842454,True,False,False,6,1,relative_nuclear_iod_index; not_absolute_genome_size
published_bootstrap_tree_sensitivity,published_bootstrap_110,published_bootstrap_110,lambda,,,18,4,cell_collider,1,5,6.014663114580163,0.0494233864303429,21.014663114580163,4.168222577247949,0.1244176424215103,0.0539433793734171,False,False,False,6,1,relative_nuclear_iod_index; not_absolute_genome_size
published_bootstrap_tree_sensitivity,published_bootstrap_110,published_bootstrap_110,lambda,,,18,5,nucleus_collider,1,5,6.494008228625575,0.0388905451055711,21.49400822862557,4.647567691293361,0.0979024361542315,0.042447261917707,False,False,False,6,1,relative_nuclear_iod_index; not_absolute_genome_size
published_bootstrap_tree_sensitivity,published_bootstrap_110,published_bootstrap_110,lambda,,,18,6,iod_bridge,1,5,8.072593510616123,0.0176627609770834,23.072593510616123,6.226152973283909,0.0444639519495612,0.0192781006115728,False,False,False,6,1,relative_nuclear_iod_index; not_absolute_genome_size
published_bootstrap_tree_sensitivity,published_bootstrap_110,published_bootstrap_110,lambda,,,18,7,iod_cell_only,2,4,14.087256625196286,0.0070217131760661,25.164179702119363,8.317739164787149,0.0156252109540193,0.0067745752602093,False,False,False,6,1,relative_nuclear_iod_index; not_absolute_genome_size
published_bootstrap_tree_sensitivity,published_bootstrap_110,published_bootstrap_110,lambda,,,18,8,iod_nucleus_only,2,4,14.566601739241698,0.0056899186673198,25.64352481616477,8.79708427883256,0.0122952516061966,0.0053308148987238,False,False,False,6,1,relative_nuclear_iod_index; not_absolute_genome_size
published_bootstrap_tree_sensitivity,published_bootstrap_110,published_bootstrap_110,lambda,,,18,9,iod_collider,1,5,11.95723154229858,0.0025323291903883,26.95723154229858,10.110791004966366,0.0063748449966566,0.0027639221850576,False,False,False,6,1,relative_nuclear_iod_index; not_absolute_genome_size
published_bootstrap_tree_sensitivity,published_bootstrap_110,published_bootstrap_110,lambda,,,18,10,independent,3,3,24.46590288550432,0.0004286010079568303,32.18018859979003,15.333748062457817,0.0004680787386456406,0.00020294347717865916,False,False,False,6,1,relative_nuclear_iod_index; not_absolute_genome_size
published_bootstrap_tree_sensitivity,published_bootstrap_111,published_bootstrap_111,lambda,,,18,1,cell_bridge,1,5,1.8464405380333897,0.3972377666953041,16.84644053803339,0.0,1.0,0.4335669625905092,True,True,True,6,1,relative_nuclear_iod_index; not_absolute_genome_size
published_bootstrap_tree_sensitivity,published_bootstrap_111,published_bootstrap_111,lambda,,,18,2,nucleus_bridge,1,5,2.43896315085645,0.2953832611773593,17.438963150856452,0.5925226128230605,0.7435930969875005,0.3223974004641405,True,True,True,6,1,relative_nuclear_iod_index; not_absolute_genome_size
published_bootstrap_tree_sensitivity,published_bootstrap_111,published_bootstrap_111,lambda,,,18,3,nucleus_cell_only,2,4,8.453626264512407,0.0763054142150121,19.53054934143548,2.68410880340209,0.2613082845836871,0.1132946392466855,True,False,False,6,1,relative_nuclear_iod_index; not_absolute_genome_size
published_bootstrap_tree_sensitivity,published_bootstrap_111,published_bootstrap_111,lambda,,,18,4,cell_collider,1,5,6.014663113655956,0.0494233864531816,21.01466311365596,4.168222575622565,0.1244176425226236,0.0539433793612057,False,False,False,6,1,relative_nuclear_iod_index; not_absolute_genome_size
published_bootstrap_tree_sensitivity,published_bootstrap_111,published_bootstrap_111,lambda,,,18,5,nucleus_collider,1,5,6.494008224379186,0.0388905451881432,21.494008224379183,4.647567686345795,0.0979024363964209,0.0424472619786067,False,False,False,6,1,relative_nuclear_iod_index; not_absolute_genome_size
published_bootstrap_tree_sensitivity,published_bootstrap_111,published_bootstrap_111,lambda,,,18,6,iod_bridge,1,5,8.072593514520788,0.0176627609425997,23.07259351452079,6.226152976487398,0.0444639518783413,0.019278100560663,False,False,False,6,1,relative_nuclear_iod_index; not_absolute_genome_size
published_bootstrap_tree_sensitivity,published_bootstrap_111,published_bootstrap_111,lambda,,,18,7,iod_cell_only,2,4,14.087256628176744,0.007021713166903,25.16417970509982,8.317739167066428,0.0156252109362122,0.0067745752454495,False,False,False,6,1,relative_nuclear_iod_index; not_absolute_genome_size
published_bootstrap_tree_sensitivity,published_bootstrap_111,published_bootstrap_111,lambda,,,18,8,iod_nucleus_only,2,4,14.566601738899974,0.0056899186681745,25.64352481582305,8.797084277789658,0.012295251612608,0.0053308148959645,False,False,False,6,1,relative_nuclear_iod_index; not_absolute_genome_size
published_bootstrap_tree_sensitivity,published_bootstrap_111,published_bootstrap_111,lambda,,,18,9,iod_collider,1,5,11.95723154495675,0.0025323291870227,26.95723154495675,10.110791006923357,0.0063748449904188,0.0027639221794812,False,False,False,6,1,relative_nuclear_iod_index; not_absolute_genome_size
published_bootstrap_tree_sensitivity,published_bootstrap_111,published_bootstrap_111,lambda,,,18,10,independent,3,3,24.46590288299189,0.0004286010084143532,32.180188597277606,15.333748059244217,0.0004680787393977496,0.0002029434772938768,False,False,False,6,1,relative_nuclear_iod_index; not_absolute_genome_size
published_bootstrap_tree_sensitivity,published_bootstrap_112,published_bootstrap_112,lambda,,,18,1,cell_bridge,1,5,1.8464405386052123,0.3972377665817292,16.84644053860521,0.0,1.0,0.4335669618928961,True,True,True,6,1,relative_nuclear_iod_index; not_absolute_genome_size
published_bootstrap_tree_sensitivity,published_bootstrap_112,published_bootstrap_112,lambda,,,18,2,nucleus_bridge,1,5,2.438963145777483,0.2953832619274803,17.438963145777482,0.5925226071722705,0.7435930990884447,0.3223974008563002,True,True,True,6,1,relative_nuclear_iod_index; not_absolute_genome_size
published_bootstrap_tree_sensitivity,published_bootstrap_112,published_bootstrap_112,lambda,,,18,3,nucleus_cell_only,2,4,8.453626256548034,0.0763054144607392,19.53054933347111,2.6841087948658995,0.2613082856989757,0.1132946395479458,True,False,False,6,1,relative_nuclear_iod_index; not_absolute_genome_size
published_bootstrap_tree_sensitivity,published_bootstrap_112,published_bootstrap_112,lambda,,,18,4,cell_collider,1,5,6.014663110770552,0.0494233865244848,21.014663110770552,4.168222572165341,0.1244176427376934,0.0539433793676575,False,False,False,6,1,relative_nuclear_iod_index; not_absolute_genome_size
published_bootstrap_tree_sensitivity,published_bootstrap_112,published_bootstrap_112,lambda,,,18,5,nucleus_collider,1,5,6.4940082168105295,0.0388905453353178,21.494008216810528,4.647567678205316,0.0979024367949072,0.0424472620830792,False,False,False,6,1,relative_nuclear_iod_index; not_absolute_genome_size
published_bootstrap_tree_sensitivity,published_bootstrap_112,published_bootstrap_112,lambda,,,18,6,iod_bridge,1,5,8.07259352014592,0.017662760892922,23.07259352014592,6.226152981540711,0.0444639517659962,0.0192781004809352,False,False,False,6,1,relative_nuclear_iod_index; not_absolute_genome_size
published_bootstrap_tree_sensitivity,published_bootstrap_112,published_bootstrap_112,lambda,,,18,7,iod_cell_only,2,4,14.087256630916473,0.0070217131584801,25.164179707839548,8.317739169234336,0.0156252109192751,0.0067745752272058,False,False,False,6,1,relative_nuclear_iod_index; not_absolute_genome_size
published_bootstrap_tree_sensitivity,published_bootstrap_112,published_bootstrap_112,lambda,,,18,8,iod_nucleus_only,2,4,14.56660173695645,0.0056899186730363,25.643524813879527,8.797084275274315,0.0122952516280714,0.0053308148940916,False,False,False,6,1,relative_nuclear_iod_index; not_absolute_genome_size
published_bootstrap_tree_sensitivity,published_bootstrap_112,published_bootstrap_112,lambda,,,18,9,iod_collider,1,5,11.957231547668092,0.0025323291835896,26.95723154766809,10.110791009062885,0.0063748449835993,0.0027639221720773,False,False,False,6,1,relative_nuclear_iod_index; not_absolute_genome_size
published_bootstrap_tree_sensitivity,published_bootstrap_112,published_bootstrap_112,lambda,,,18,10,independent,3,3,24.46590287524917,0.00042860100982422544,32.18018858953489,15.333748050929682,0.0004680787413436776,0.00020294347781102905,False,False,False,6,1,relative_nuclear_iod_index; not_absolute_genome_size
published_bootstrap_tree_sensitivity,published_bootstrap_113,published_bootstrap_113,lambda,,,18,1,cell_bridge,1,5,1.8464405300483784,0.397237768281278,16.84644053004838,0.0,1.0,0.4335669627101526,True,True,True,6,1,relative_nuclear_iod_index; not_absolute_genome_size
published_bootstrap_tree_sensitivity,published_bootstrap_113,published_bootstrap_113,lambda,,,18,2,nucleus_bridge,1,5,2.438963151517654,0.2953832610797049,17.438963151517655,0.5925226214692749,0.7435930937728679,0.322397399159348,True,True,True,6,1,relative_nuclear_iod_index; not_absolute_genome_size
published_bootstrap_tree_sensitivity,published_bootstrap_113,published_bootstrap_113,lambda,,,18,3,nucleus_cell_only,2,4,8.453626244958201,0.0763054148183236,19.53054932188128,2.684108791832898,0.26130828609525,0.1132946399333131,True,False,False,6,1,relative_nuclear_iod_index; not_absolute_genome_size
published_bootstrap_tree_sensitivity,published_bootstrap_113,published_bootstrap_113,lambda,,,18,4,cell_collider,1,5,6.014663093440546,0.0494233869527387,21.014663093440547,4.168222563392167,0.1244176432834622,0.0539433797059659,False,False,False,6,1,relative_nuclear_iod_index; not_absolute_genome_size
published_bootstrap_tree_sensitivity,published_bootstrap_113,published_bootstrap_113,lambda,,,18,5,nucleus_collider,1,5,6.494008211037236,0.0388905454475811,21.49400821103724,4.647567680988857,0.0979024366586495,0.0424472621040138,False,False,False,6,1,relative_nuclear_iod_index; not_absolute_genome_size
published_bootstrap_tree_sensitivity,published_bootstrap_113,published_bootstrap_113,lambda,,,18,6,iod_bridge,1,5,8.07259351281304,0.0176627609576816,23.07259351281304,6.22615298276466,0.0444639517387854,0.019278100505476,False,False,False,6,1,relative_nuclear_iod_index; not_absolute_genome_size
published_bootstrap_tree_sensitivity,published_bootstrap_113,published_bootstrap_113,lambda,,,18,7,iod_cell_only,2,4,14.087256606253586,0.0070217132343032,25.164179683176663,8.317739153128283,0.0156252110451054,0.0067745752945314,False,False,False,6,1,relative_nuclear_iod_index; not_absolute_genome_size
published_bootstrap_tree_sensitivity,published_bootstrap_113,published_bootstrap_113,lambda,,,18,8,iod_nucleus_only,2,4,14.566601723850276,0.0056899187058214,25.643524800773356,8.797084270724973,0.012295251656039,0.0053308149162658,False,False,False,6,1,relative_nuclear_iod_index; not_absolute_genome_size
published_bootstrap_tree_sensitivity,published_bootstrap_113,published_bootstrap_113,lambda,,,18,9,iod_collider,1,5,11.957231530275042,0.0025323292056121,26.95723153027504,10.110791000226662,0.006374845011764,0.0027639221894985,False,False,False,6,1,relative_nuclear_iod_index; not_absolute_genome_size
published_bootstrap_tree_sensitivity,published_bootstrap_113,published_bootstrap_113,lambda,,,18,10,independent,3,3,24.465902834752825,0.0004286010171984378,32.18018854903854,15.33374801899016,0.0004680787488187831,0.00020294348143452823,False,False,False,6,1,relative_nuclear_iod_index; not_absolute_genome_size
published_bootstrap_tree_sensitivity,published_bootstrap_114,published_bootstrap_114,lambda,,,18,1,cell_bridge,1,5,1.846440537059819,0.3972377668886736,16.84644053705982,0.0,1.0,0.4335669629095424,True,True,True,6,1,relative_nuclear_iod_index; not_absolute_genome_size
published_bootstrap_tree_sensitivity,published_bootstrap_114,published_bootstrap_114,lambda,,,18,2,nucleus_bridge,1,5,2.438963150681976,0.2953832612031277,17.438963150681975,0.5925226136221546,0.7435930966904001,0.3223974005725585,True,True,True,6,1,relative_nuclear_iod_index; not_absolute_genome_size
published_bootstrap_tree_sensitivity,published_bootstrap_114,published_bootstrap_114,lambda,,,18,3,nucleus_cell_only,2,4,8.453626267188557,0.076305414132444,19.530549344111638,2.684108807051814,0.2613082841068355,0.1132946391233045,True,False,False,6,1,relative_nuclear_iod_index; not_absolute_genome_size
published_bootstrap_tree_sensitivity,published_bootstrap_114,published_bootstrap_114,lambda,,,18,4,cell_collider,1,5,6.014663116506583,0.0494233863827378,21.014663116506583,4.168222579446763,0.1244176422847247,0.0539433792977539,False,False,False,6,1,relative_nuclear_iod_index; not_absolute_genome_size
published_bootstrap_tree_sensitivity,published_bootstrap_114,published_bootstrap_114,lambda,,,18,5,nucleus_collider,1,5,6.494008227787186,0.0388905451218737,21.494008227787187,4.647567690727367,0.0979024361819376,0.042447261916848,False,False,False,6,1,relative_nuclear_iod_index; not_absolute_genome_size
published_bootstrap_tree_sensitivity,published_bootstrap_114,published_bootstrap_114,lambda,,,18,6,iod_bridge,1,5,8.072593523998405,0.0176627608588993,23.072593523998407,6.226152986938587,0.0444639516459908,0.0192781004741089,False,False,False,6,1,relative_nuclear_iod_index; not_absolute_genome_size
published_bootstrap_tree_sensitivity,published_bootstrap_114,published_bootstrap_114,lambda,,,18,7,iod_cell_only,2,4,14.087256640504988,0.0070217131290013,25.164179717428063,8.317739180368243,0.0156252108322903,0.0067745752053774,False,False,False,6,1,relative_nuclear_iod_index; not_absolute_genome_size
published_bootstrap_tree_sensitivity,published_bootstrap_114,published_bootstrap_114,lambda,,,18,8,iod_nucleus_only,2,4,14.56660175178559,0.0056899186359411,25.643524828708667,8.797084291648847,0.0122952515274069,0.0053308148629467,False,False,False,6,1,relative_nuclear_iod_index; not_absolute_genome_size
published_bootstrap_tree_sensitivity,published_bootstrap_114,published_bootstrap_114,lambda,,,18,9,iod_collider,1,5,11.957231557980355,0.0025323291705326,26.95723155798036,10.110791020920535,0.0063748449458039,0.0027639221621714,False,False,False,6,1,relative_nuclear_iod_index; not_absolute_genome_size
published_bootstrap_tree_sensitivity,published_bootstrap_114,published_bootstrap_114,lambda,,,18,10,independent,3,3,24.465902902274127,0.0004286010049031619,32.180188616559846,15.333748079500026,0.0004680787346570922,0.00020294347538781708,False,False,False,6,1,relative_nuclear_iod_index; not_absolute_genome_size
published_bootstrap_tree_sensitivity,published_bootstrap_115,published_bootstrap_115,lambda,,,18,1,cell_bridge,1,5,1.8464405388408776,0.3972377665349218,16.846440538840877,0.0,1.0,0.4335669630018288,True,True,True,6,1,relative_nuclear_iod_index; not_absolute_genome_size
published_bootstrap_tree_sensitivity,published_bootstrap_115,published_bootstrap_115,lambda,,,18,2,nucleus_bridge,1,5,2.4389631498991995,0.2953832613187372,17.438963149899198,0.592522611058321,0.7435930976436246,0.3223974010544686,True,True,True,6,1,relative_nuclear_iod_index; not_absolute_genome_size
published_bootstrap_tree_sensitivity,published_bootstrap_115,published_bootstrap_115,lambda,,,18,3,nucleus_cell_only,2,4,8.453626273727012,0.0763054139307112,19.53054935065009,2.684108811809214,0.2613082834852615,0.1132946388779257,True,False,False,6,1,relative_nuclear_iod_index; not_absolute_genome_size
published_bootstrap_tree_sensitivity,published_bootstrap_115,published_bootstrap_115,lambda,,,18,4,cell_collider,1,5,6.014663123827813,0.0494233862018178,21.014663123827813,4.168222584986935,0.1244176419400771,0.0539433791598082,False,False,False,6,1,relative_nuclear_iod_index; not_absolute_genome_size
published_bootstrap_tree_sensitivity,published_bootstrap_115,published_bootstrap_115,lambda,,,18,5,nucleus_collider,1,5,6.494008233004748,0.0388905450204168,21.49400823300475,4.647567694163872,0.0979024360137165,0.0424472618529479,False,False,False,6,1,relative_nuclear_iod_index; not_absolute_genome_size
published_bootstrap_tree_sensitivity,published_bootstrap_115,published_bootstrap_115,lambda,,,18,6,iod_bridge,1,5,8.072593530783193,0.0176627607989803,23.072593530783195,6.2261529919423175,0.0444639515347479,0.0192781004299811,False,False,False,6,1,relative_nuclear_iod_index; not_absolute_genome_size
published_bootstrap_tree_sensitivity,published_bootstrap_115,published_bootstrap_115,lambda,,,18,7,iod_cell_only,2,4,14.087256654611007,0.0070217130856341,25.164179731534084,8.317739192693207,0.0156252107360002,0.0067745751650712,False,False,False,6,1,relative_nuclear_iod_index; not_absolute_genome_size
published_bootstrap_tree_sensitivity,published_bootstrap_115,published_bootstrap_115,lambda,,,18,8,iod_nucleus_only,2,4,14.56660176378794,0.0056899186059172,25.643524840711017,8.79708430187014,0.0122952514645702,0.0053308148368375,False,False,False,6,1,relative_nuclear_iod_index; not_absolute_genome_size
published_bootstrap_tree_sensitivity,published_bootstrap_115,published_bootstrap_115,lambda,,,18,9,iod_collider,1,5,11.95723157040416,0.0025323291548021,26.95723157040416,10.110791031563284,0.006374844911881,0.0027639221480519,False,False,False,6,1,relative_nuclear_iod_index; not_absolute_genome_size
published_bootstrap_tree_sensitivity,published_bootstrap_115,published_bootstrap_115,lambda,,,18,10,independent,3,3,24.46590292723672,0.00042860100035757576,32.180188641522435,15.333748102681556,0.00046807872923170136,0.0002029434730787441,False,False,False,6,1,relative_nuclear_iod_index; not_absolute_genome_size
published_bootstrap_tree_sensitivity,published_bootstrap_116,published_bootstrap_116,lambda,,,18,1,cell_bridge,1,5,1.8464405344102277,0.3972377674149325,16.846440534410227,0.0,1.0,0.4335669613472063,True,True,True,6,1,relative_nuclear_iod_index; not_absolute_genome_size
published_bootstrap_tree_sensitivity,published_bootstrap_116,published_bootstrap_116,lambda,,,18,2,nucleus_bridge,1,5,2.438963146220748,0.2953832618620138,17.438963146220747,0.5925226118105194,0.7435930973639598,0.3223973997028494,True,True,True,6,1,relative_nuclear_iod_index; not_absolute_genome_size
published_bootstrap_tree_sensitivity,published_bootstrap_116,published_bootstrap_116,lambda,,,18,3,nucleus_cell_only,2,4,8.453626236314383,0.0763054150850138,19.530549313237454,2.6841087788272304,0.2613082877944943,0.1132946403139001,True,False,False,6,1,relative_nuclear_iod_index; not_absolute_genome_size
published_bootstrap_tree_sensitivity,published_bootstrap_116,published_bootstrap_116,lambda,,,18,4,cell_collider,1,5,6.014663090093635,0.0494233870354464,21.014663090093634,4.168222555683407,0.1244176437630151,0.0539433797443096,False,False,False,6,1,relative_nuclear_iod_index; not_absolute_genome_size
published_bootstrap_tree_sensitivity,published_bootstrap_116,published_bootstrap_116,lambda,,,18,5,nucleus_collider,1,5,6.494008199949434,0.0388905456631865,21.494008199949437,4.647567665539206,0.0979024374149288,0.0424472622984757,False,False,False,6,1,relative_nuclear_iod_index; not_absolute_genome_size
published_bootstrap_tree_sensitivity,published_bootstrap_116,published_bootstrap_116,lambda,,,18,6,iod_bridge,1,5,8.07259350191232,0.0176627610539499,23.07259350191232,6.226152967502092,0.0444639520781024,0.0192781005919906,False,False,False,6,1,relative_nuclear_iod_index; not_absolute_genome_size
published_bootstrap_tree_sensitivity,published_bootstrap_116,published_bootstrap_116,lambda,,,18,7,iod_cell_only,2,4,14.087256592005954,0.0070217132781058,25.16417966892903,8.317739134518803,0.0156252111904939,0.0067745753362708,False,False,False,6,1,relative_nuclear_iod_index; not_absolute_genome_size
published_bootstrap_tree_sensitivity,published_bootstrap_116,published_bootstrap_116,lambda,,,18,8,iod_nucleus_only,2,4,14.566601701861751,0.0056899187608258,25.64352477878483,8.797084244374602,0.0122952518180312,0.0053308149697425,False,False,False,6,1,relative_nuclear_iod_index; not_absolute_genome_size
published_bootstrap_tree_sensitivity,published_bootstrap_116,published_bootstrap_116,lambda,,,18,9,iod_collider,1,5,11.95723151294164,0.002532329227559,26.95723151294164,10.110790978531412,0.006374845080916,0.0027639222107919,False,False,False,6,1,relative_nuclear_iod_index; not_absolute_genome_size
published_bootstrap_tree_sensitivity,published_bootstrap_116,published_bootstrap_116,lambda,,,18,10,independent,3,3,24.46590280298471,0.0004286010229833659,32.18018851727042,15.333747982860196,0.0004680787572746176,0.0002029434844627325,False,False,False,6,1,relative_nuclear_iod_index; not_absolute_genome_size
published_bootstrap_tree_sensitivity,published_bootstrap_117,published_bootstrap_117,lambda,,,18,1,cell_bridge,1,5,1.846440523067579,0.3972377696677966,16.846440523067578,0.0,1.0,0.4335669622613585,True,True,True,6,1,relative_nuclear_iod_index; not_absolute_genome_size
published_bootstrap_tree_sensitivity,published_bootstrap_117,published_bootstrap_117,lambda,,,18,2,nucleus_bridge,1,5,2.4389631508956264,0.2953832611715733,17.438963150895628,0.5925226278280498,0.7435930914086973,0.3223973978006016,True,True,True,6,1,relative_nuclear_iod_index; not_absolute_genome_size
published_bootstrap_tree_sensitivity,published_bootstrap_117,published_bootstrap_117,lambda,,,18,3,nucleus_cell_only,2,4,8.453626219284478,0.0763054156104423,19.530549296207557,2.6841087731399758,0.2613082885375578,0.1132946408749435,True,False,False,6,1,relative_nuclear_iod_index; not_absolute_genome_size
published_bootstrap_tree_sensitivity,published_bootstrap_117,published_bootstrap_117,lambda,,,18,4,cell_collider,1,5,6.014663068388852,0.0494233875718085,21.01466306838885,4.1682225453212745,0.1244176444076311,0.0539433801375305,False,False,False,6,1,relative_nuclear_iod_index; not_absolute_genome_size
published_bootstrap_tree_sensitivity,published_bootstrap_117,published_bootstrap_117,lambda,,,18,5,nucleus_collider,1,5,6.494008191073154,0.0388905458357882,21.494008191073156,4.647567668005575,0.097902437294197,0.0424472623356281,False,False,False,6,1,relative_nuclear_iod_index; not_absolute_genome_size
published_bootstrap_tree_sensitivity,published_bootstrap_117,published_bootstrap_117,lambda,,,18,6,iod_bridge,1,5,8.07259350184894,0.0176627610545097,23.072593501848942,6.226152978781364,0.0444639518273419,0.019278100523916,False,False,False,6,1,relative_nuclear_iod_index; not_absolute_genome_size
published_bootstrap_tree_sensitivity,published_bootstrap_117,published_bootstrap_117,lambda,,,18,7,iod_cell_only,2,4,14.087256570237791,0.0070217133450294,25.164179647160868,8.31773912409329,0.0156252112719443,0.0067745753858688,False,False,False,6,1,relative_nuclear_iod_index; not_absolute_genome_size
published_bootstrap_tree_sensitivity,published_bootstrap_117,published_bootstrap_117,lambda,,,18,8,iod_nucleus_only,2,4,14.566601692922095,0.0056899187831883,25.64352476984517,8.797084246777594,0.0122952518032585,0.0053308149745773,False,False,False,6,1,relative_nuclear_iod_index; not_absolute_genome_size
published_bootstrap_tree_sensitivity,published_bootstrap_117,published_bootstrap_117,lambda,,,18,9,iod_collider,1,5,11.957231500950382,0.002532329242742,26.957231500950385,10.110790977882804,0.0063748450829833,0.0027639222175158,False,False,False,6,1,relative_nuclear_iod_index; not_absolute_genome_size
published_bootstrap_tree_sensitivity,published_bootstrap_117,published_bootstrap_117,lambda,,,18,10,independent,3,3,24.465902760412387,0.00042860103073549816,32.1801884746981,15.33374795163052,0.0004680787645835913,0.00020294348805955729,False,False,False,6,1,relative_nuclear_iod_index; not_absolute_genome_size
published_bootstrap_tree_sensitivity,published_bootstrap_118,published_bootstrap_118,lambda,,,18,1,cell_bridge,1,5,1.8464405252695035,0.3972377692304529,16.846440525269504,0.0,1.0,0.4335669626875688,True,True,True,6,1,relative_nuclear_iod_index; not_absolute_genome_size
published_bootstrap_tree_sensitivity,published_bootstrap_118,published_bootstrap_118,lambda,,,18,2,nucleus_bridge,1,5,2.4389631535751715,0.2953832607758269,17.438963153575173,0.5925226283056695,0.7435930912311199,0.3223973980405369,True,True,True,6,1,relative_nuclear_iod_index; not_absolute_genome_size
published_bootstrap_tree_sensitivity,published_bootstrap_118,published_bootstrap_118,lambda,,,18,3,nucleus_cell_only,2,4,8.45362623110056,0.0763054152458774,19.53054930802364,2.6841087827541337,0.2613082872814281,0.1132946404416994,True,False,False,6,1,relative_nuclear_iod_index; not_absolute_genome_size
published_bootstrap_tree_sensitivity,published_bootstrap_118,published_bootstrap_118,lambda,,,18,4,cell_collider,1,5,6.014663077525389,0.0494233873460291,21.01466307752539,4.168222552255887,0.124417643976237,0.0539433800035204,False,False,False,6,1,relative_nuclear_iod_index; not_absolute_genome_size
published_bootstrap_tree_sensitivity,published_bootstrap_118,published_bootstrap_118,lambda,,,18,5,nucleus_collider,1,5,6.494008200684533,0.0388905456488922,21.494008200684533,4.647567675415029,0.0979024369314952,0.0424472622200996,False,False,False,6,1,relative_nuclear_iod_index; not_absolute_genome_size
published_bootstrap_tree_sensitivity,published_bootstrap_118,published_bootstrap_118,lambda,,,18,6,iod_bridge,1,5,8.072593501055064,0.0176627610615207,23.072593501055064,6.22615297578556,0.0444639518939446,0.0192781005717437,False,False,False,6,1,relative_nuclear_iod_index; not_absolute_genome_size
published_bootstrap_tree_sensitivity,published_bootstrap_118,published_bootstrap_118,lambda,,,18,7,iod_cell_only,2,4,14.087256578580453,0.0070217133193809,25.16417965550353,8.317739130234028,0.0156252112239692,0.006774575371728,False,False,False,6,1,relative_nuclear_iod_index; not_absolute_genome_size
published_bootstrap_tree_sensitivity,published_bootstrap_118,published_bootstrap_118,lambda,,,18,8,iod_nucleus_only,2,4,14.566601701739597,0.0056899187611313,25.643524778662677,8.79708425339317,0.0122952517625885,0.0053308149621844,False,False,False,6,1,relative_nuclear_iod_index; not_absolute_genome_size
published_bootstrap_tree_sensitivity,published_bootstrap_118,published_bootstrap_118,lambda,,,18,9,iod_collider,1,5,11.957231506975235,0.0025323292351135,26.95723150697524,10.110790981705732,0.0063748450707981,0.0027639222149497,False,False,False,6,1,relative_nuclear_iod_index; not_absolute_genome_size
published_bootstrap_tree_sensitivity,published_bootstrap_118,published_bootstrap_118,lambda,,,18,10,independent,3,3,24.46590278518516,0.000428601026224551,32.18018849947087,15.33374797420137,0.000468078759301124,0.00020294348596875392,False,False,False,6,1,relative_nuclear_iod_index; not_absolute_genome_size
published_bootstrap_tree_sensitivity,published_bootstrap_119,published_bootstrap_119,lambda,,,18,1,cell_bridge,1,5,1.8464405361407437,0.3972377670712194,16.846440536140744,0.0,1.0,0.4335669620441354,True,True,True,6,1,relative_nuclear_iod_index; not_absolute_genome_size
published_bootstrap_tree_sensitivity,published_bootstrap_119,published_bootstrap_119,lambda,,,18,2,nucleus_bridge,1,5,2.438963149461117,0.2953832613834383,17.438963149461117,0.5925226133203729,0.7435930968026014,0.3223973999776946,True,True,True,6,1,relative_nuclear_iod_index; not_absolute_genome_size
published_bootstrap_tree_sensitivity,published_bootstrap_119,published_bootstrap_119,lambda,,,18,3,nucleus_cell_only,2,4,8.453626251081852,0.0763054146293888,19.53054932800493,2.684108791864187,0.2613082860911619,0.1132946397575049,True,False,False,6,1,relative_nuclear_iod_index; not_absolute_genome_size
published_bootstrap_tree_sensitivity,published_bootstrap_119,published_bootstrap_119,lambda,,,18,4,cell_collider,1,5,6.014663101620735,0.0494233867505923,21.014663101620734,4.16822256547999,0.1244176431535812,0.0539433795667895,False,False,False,6,1,relative_nuclear_iod_index; not_absolute_genome_size
published_bootstrap_tree_sensitivity,published_bootstrap_119,published_bootstrap_119,lambda,,,18,5,nucleus_collider,1,5,6.494008212753154,0.0388905454142146,21.494008212753155,4.647567676612411,0.0979024368728819,0.0424472621316931,False,False,False,6,1,relative_nuclear_iod_index; not_absolute_genome_size
published_bootstrap_tree_sensitivity,published_bootstrap_119,published_bootstrap_119,lambda,,,18,6,iod_bridge,1,5,8.072593505774332,0.0176627610198431,23.07259350577433,6.226152969633588,0.0444639520307151,0.0192781006024333,False,False,False,6,1,relative_nuclear_iod_index; not_absolute_genome_size
published_bootstrap_tree_sensitivity,published_bootstrap_119,published_bootstrap_119,lambda,,,18,7,iod_cell_only,2,4,14.087256607395066,0.0070217132307938,25.164179684318142,8.317739148177399,0.0156252110837847,0.0067745753008949,False,False,False,6,1,relative_nuclear_iod_index; not_absolute_genome_size
published_bootstrap_tree_sensitivity,published_bootstrap_119,published_bootstrap_119,lambda,,,18,8,iod_nucleus_only,2,4,14.566601718527489,0.0056899187191363,25.643524795450563,8.79708425930982,0.0122952517262151,0.005330814938503,False,False,False,6,1,relative_nuclear_iod_index; not_absolute_genome_size
published_bootstrap_tree_sensitivity,published_bootstrap_119,published_bootstrap_119,lambda,,,18,9,iod_collider,1,5,11.957231526269338,0.002532329210684,26.95723152626934,10.110790990128596,0.0063748450439508,0.0027639221992078,False,False,False,6,1,relative_nuclear_iod_index; not_absolute_genome_size
published_bootstrap_tree_sensitivity,published_bootstrap_119,published_bootstrap_119,lambda,,,18,10,independent,3,3,24.465902840643224,0.0004286010161258513,32.18018855492894,15.333748018788196,0.0004680787488660508,0.00020294348114327344,False,False,False,6,1,relative_nuclear_iod_index; not_absolute_genome_size
published_bootstrap_tree_sensitivity,published_bootstrap_120,published_bootstrap_120,lambda,,,18,1,cell_bridge,1,5,1.846440527072156,0.3972377688724122,16.846440527072158,0.0,1.0,0.4335669626713331,True,True,True,6,1,relative_nuclear_iod_index; not_absolute_genome_size
published_bootstrap_tree_sensitivity,published_bootstrap_120,published_bootstrap_120,lambda,,,18,2,nucleus_bridge,1,5,2.4389631527401483,0.2953832608991529,17.438963152740147,0.5925226256679892,0.7435930922118004,0.3223973984536548,True,True,True,6,1,relative_nuclear_iod_index; not_absolute_genome_size
published_bootstrap_tree_sensitivity,published_bootstrap_120,published_bootstrap_120,lambda,,,18,3,nucleus_cell_only,2,4,8.453626235946041,0.0763054150963784,19.53054931286912,2.684108785796962,0.26130828688387,0.1132946402650888,True,False,False,6,1,relative_nuclear_iod_index; not_absolute_genome_size
published_bootstrap_tree_sensitivity,published_bootstrap_120,published_bootstrap_120,lambda,,,18,4,cell_collider,1,5,6.014663083205893,0.0494233872056543,21.01466308320589,4.168222556133735,0.1244176437350007,0.0539433798969083,False,False,False,6,1,relative_nuclear_iod_index; not_absolute_genome_size
published_bootstrap_tree_sensitivity,published_bootstrap_120,published_bootstrap_120,lambda,,,18,5,nucleus_collider,1,5,6.494008204221099,0.0388905455801228,21.4940082042211,4.647567677148942,0.0979024368466181,0.0424472621817102,False,False,False,6,1,relative_nuclear_iod_index; not_absolute_genome_size
published_bootstrap_tree_sensitivity,published_bootstrap_120,published_bootstrap_120,lambda,,,18,6,iod_bridge,1,5,8.072593505092176,0.0176627610258675,23.072593505092176,6.226152978020018,0.0444639518442682,0.0192781005494837,False,False,False,6,1,relative_nuclear_iod_index; not_absolute_genome_size
published_bootstrap_tree_sensitivity,published_bootstrap_120,published_bootstrap_120,lambda,,,18,7,iod_cell_only,2,4,14.087256588298068,0.0070217132895052,25.164179665221145,8.317739138148987,0.0156252111621327,0.0067745753446641,False,False,False,6,1,relative_nuclear_iod_index; not_absolute_genome_size
published_bootstrap_tree_sensitivity,published_bootstrap_120,published_bootstrap_120,lambda,,,18,8,iod_nucleus_only,2,4,14.566601709313275,0.0056899187421858,25.643524786236352,8.797084259164194,0.0122952517271104,0.0053308149466027,False,False,False,6,1,relative_nuclear_iod_index; not_absolute_genome_size
published_bootstrap_tree_sensitivity,published_bootstrap_120,published_bootstrap_120,lambda,,,18,9,iod_collider,1,5,11.957231515059354,0.0025323292248777,26.957231515059355,10.110790987987198,0.0063748450507764,0.0027639222061655,False,False,False,6,1,relative_nuclear_iod_index; not_absolute_genome_size
published_bootstrap_tree_sensitivity,published_bootstrap_120,published_bootstrap_120,lambda,,,18,10,independent,3,3,24.465902802486347,0.0004286010230740711,32.18018851677206,15.333747989699903,0.00046807875567385625,0.00020294348438849088,False,False,False,6,1,relative_nuclear_iod_index; not_absolute_genome_size
published_bootstrap_tree_sensitivity,published_bootstrap_121,published_bootstrap_121,lambda,,,18,1,cell_bridge,1,5,1.8464405316887316,0.3972377679554731,16.84644053168873,0.0,1.0,0.4335669636080265,True,True,True,6,1,relative_nuclear_iod_index; not_absolute_genome_size
published_bootstrap_tree_sensitivity,published_bootstrap_121,published_bootstrap_121,lambda,,,18,2,nucleus_bridge,1,5,2.4389631508593146,0.2953832611769362,17.438963150859315,0.5925226191705839,0.7435930946275132,0.3223974001975468,True,True,True,6,1,relative_nuclear_iod_index; not_absolute_genome_size
published_bootstrap_tree_sensitivity,published_bootstrap_121,published_bootstrap_121,lambda,,,18,3,nucleus_cell_only,2,4,8.453626264214359,0.0763054142242078,19.53054934113744,2.6841088094487056,0.2613082837936717,0.1132946391700467,True,False,False,6,1,relative_nuclear_iod_index; not_absolute_genome_size
published_bootstrap_tree_sensitivity,published_bootstrap_121,published_bootstrap_121,lambda,,,18,4,cell_collider,1,5,6.014663113355044,0.0494233864606177,21.014663113355045,4.168222581666313,0.1244176421466491,0.0539433793247927,False,False,False,6,1,relative_nuclear_iod_index; not_absolute_genome_size
published_bootstrap_tree_sensitivity,published_bootstrap_121,published_bootstrap_121,lambda,,,18,5,nucleus_collider,1,5,6.494008228904768,0.0388905451001421,21.494008228904768,4.6475676972160365,0.0979024358643093,0.0424472618475181,False,False,False,6,1,relative_nuclear_iod_index; not_absolute_genome_size
published_bootstrap_tree_sensitivity,published_bootstrap_121,published_bootstrap_121,lambda,,,18,6,iod_bridge,1,5,8.072593541286974,0.0176627607062174,23.07259354128697,6.226153009598242,0.0444639511422218,0.0192781002867487,False,False,False,6,1,relative_nuclear_iod_index; not_absolute_genome_size
published_bootstrap_tree_sensitivity,published_bootstrap_121,published_bootstrap_121,lambda,,,18,7,iod_cell_only,2,4,14.08725665464202,0.0070217130855387,25.164179731565092,8.317739199876364,0.0156252106798811,0.0067745751502117,False,False,False,6,1,relative_nuclear_iod_index; not_absolute_genome_size
published_bootstrap_tree_sensitivity,published_bootstrap_121,published_bootstrap_121,lambda,,,18,8,iod_nucleus_only,2,4,14.566601770191742,0.0056899185898982,25.64352484711482,8.797084315426087,0.0122952513812333,0.0053308148081587,False,False,False,6,1,relative_nuclear_iod_index; not_absolute_genome_size
published_bootstrap_tree_sensitivity,published_bootstrap_121,published_bootstrap_121,lambda,,,18,9,iod_collider,1,5,11.957231576604697,0.0025323291469512,26.9572315766047,10.110791044915969,0.0063748448693203,0.0027639221334634,False,False,False,6,1,relative_nuclear_iod_index; not_absolute_genome_size
published_bootstrap_tree_sensitivity,published_bootstrap_121,published_bootstrap_121,lambda,,,18,10,independent,3,3,24.465902918864508,0.000428601001882134,32.18018863315022,15.333748101461492,0.0004680787295172448,0.00020294347348629452,False,False,False,6,1,relative_nuclear_iod_index; not_absolute_genome_size
published_bootstrap_tree_sensitivity,published_bootstrap_122,published_bootstrap_122,lambda,,,18,1,cell_bridge,1,5,1.8464405284979677,0.397237768589219,16.84644052849797,0.0,1.0,0.4335669642954806,True,True,True,6,1,relative_nuclear_iod_index; not_absolute_genome_size
published_bootstrap_tree_sensitivity,published_bootstrap_122,published_bootstrap_122,lambda,,,18,2,nucleus_bridge,1,5,2.438963154633364,0.2953832606195408,17.438963154633363,0.5925226261353949,0.7435930920380205,0.3223973995860145,True,True,True,6,1,relative_nuclear_iod_index; not_absolute_genome_size
published_bootstrap_tree_sensitivity,published_bootstrap_122,published_bootstrap_122,lambda,,,18,3,nucleus_cell_only,2,4,8.453626265526163,0.0763054141837344,19.53054934244924,2.6841088139512728,0.2613082832053927,0.1132946390946258,True,False,False,6,1,relative_nuclear_iod_index; not_absolute_genome_size
published_bootstrap_tree_sensitivity,published_bootstrap_122,published_bootstrap_122,lambda,,,18,4,cell_collider,1,5,6.014663110892799,0.0494233865214639,21.0146631108928,4.168222582394829,0.124417642101329,0.0539433793906748,False,False,False,6,1,relative_nuclear_iod_index; not_absolute_genome_size
published_bootstrap_tree_sensitivity,published_bootstrap_122,published_bootstrap_122,lambda,,,18,5,nucleus_collider,1,5,6.4940082320806445,0.0388905450383862,21.494008232080645,4.647567703582677,0.0979024355526545,0.0424472617796983,False,False,False,6,1,relative_nuclear_iod_index; not_absolute_genome_size
published_bootstrap_tree_sensitivity,published_bootstrap_122,published_bootstrap_122,lambda,,,18,6,iod_bridge,1,5,8.072593541173104,0.017662760707223,23.072593541173102,6.226153012675137,0.0444639510738164,0.0192781002876573,False,False,False,6,1,relative_nuclear_iod_index; not_absolute_genome_size
published_bootstrap_tree_sensitivity,published_bootstrap_122,published_bootstrap_122,lambda,,,18,7,iod_cell_only,2,4,14.087256652065903,0.0070217130934586,25.16417972898898,8.317739200491012,0.0156252106750791,0.0067745751588713,False,False,False,6,1,relative_nuclear_iod_index; not_absolute_genome_size
published_bootstrap_tree_sensitivity,published_bootstrap_122,published_bootstrap_122,lambda,,,18,8,iod_nucleus_only,2,4,14.566601773253748,0.0056899185822385,25.643524850176824,8.797084321678856,0.0122952513427936,0.0053308147999449,False,False,False,6,1,relative_nuclear_iod_index; not_absolute_genome_size
published_bootstrap_tree_sensitivity,published_bootstrap_122,published_bootstrap_122,lambda,,,18,9,iod_collider,1,5,11.957231576480774,0.0025323291471081,26.957231576480773,10.110791047982804,0.006374844859545,0.0027639221336076,False,False,False,6,1,relative_nuclear_iod_index; not_absolute_genome_size
published_bootstrap_tree_sensitivity,published_bootstrap_122,published_bootstrap_122,lambda,,,18,10,independent,3,3,24.465902919454216,0.00042860100177477545,32.18018863373993,15.333748105241964,0.00046807872863246575,0.00020294347342446624,False,False,False,6,1,relative_nuclear_iod_index; not_absolute_genome_size
published_bootstrap_tree_sensitivity,published_bootstrap_123,published_bootstrap_123,lambda,,,18,1,cell_bridge,1,5,1.8464405332468712,0.3972377676459971,16.84644053324687,0.0,1.0,0.4335669628049753,True,True,True,6,1,relative_nuclear_iod_index; not_absolute_genome_size
published_bootstrap_tree_sensitivity,published_bootstrap_123,published_bootstrap_123,lambda,,,18,2,nucleus_bridge,1,5,2.438963153223796,0.2953832608277222,17.438963153223796,0.5925226199769256,0.7435930943277181,0.3223973994704223,True,True,True,6,1,relative_nuclear_iod_index; not_absolute_genome_size
published_bootstrap_tree_sensitivity,published_bootstrap_123,published_bootstrap_123,lambda,,,18,3,nucleus_cell_only,2,4,8.453626254385211,0.0763054145274694,19.530549331308286,2.684108798061416,0.2613082852814682,0.1132946396052622,True,False,False,6,1,relative_nuclear_iod_index; not_absolute_genome_size
published_bootstrap_tree_sensitivity,published_bootstrap_123,published_bootstrap_123,lambda,,,18,4,cell_collider,1,5,6.014663101161416,0.0494233867619429,21.014663101161418,4.168222567914548,0.1244176430021302,0.0539433795957873,False,False,False,6,1,relative_nuclear_iod_index; not_absolute_genome_size
published_bootstrap_tree_sensitivity,published_bootstrap_123,published_bootstrap_123,lambda,,,18,5,nucleus_collider,1,5,6.494008217672123,0.0388905453185639,21.494008217672125,4.647567684425255,0.0979024364904337,0.0424472620403643,False,False,False,6,1,relative_nuclear_iod_index; not_absolute_genome_size
published_bootstrap_tree_sensitivity,published_bootstrap_123,published_bootstrap_123,lambda,,,18,6,iod_bridge,1,5,8.072593507816723,0.0176627610018059,23.072593507816723,6.226152974569853,0.0444639519209721,0.0192781005886823,False,False,False,6,1,relative_nuclear_iod_index; not_absolute_genome_size
published_bootstrap_tree_sensitivity,published_bootstrap_123,published_bootstrap_123,lambda,,,18,7,iod_cell_only,2,4,14.08725660897814,0.0070217132259269,25.164179685901217,8.317739152654347,0.0156252110488081,0.0067745752976184,False,False,False,6,1,relative_nuclear_iod_index; not_absolute_genome_size
published_bootstrap_tree_sensitivity,published_bootstrap_123,published_bootstrap_123,lambda,,,18,8,iod_nucleus_only,2,4,14.566601725488846,0.0056899187017225,25.643524802411925,8.797084269165055,0.0122952516656288,0.0053308149215895,False,False,False,6,1,relative_nuclear_iod_index; not_absolute_genome_size
published_bootstrap_tree_sensitivity,published_bootstrap_123,published_bootstrap_123,lambda,,,18,9,iod_collider,1,5,11.957231529986508,0.0025323292059775,26.957231529986508,10.110790996739638,0.0063748450228786,0.0027639221949219,False,False,False,6,1,relative_nuclear_iod_index; not_absolute_genome_size
published_bootstrap_tree_sensitivity,published_bootstrap_123,published_bootstrap_123,lambda,,,18,10,independent,3,3,24.465902848820047,0.0004286010146369312,32.18018856310576,15.333748029858889,0.0004680787462750728,0.000202943480376044,False,False,False,6,1,relative_nuclear_iod_index; not_absolute_genome_size
published_bootstrap_tree_sensitivity,published_bootstrap_124,published_bootstrap_124,lambda,,,18,1,cell_bridge,1,5,1.8464405354768196,0.3972377672030871,16.84644053547682,0.0,1.0,0.4335669637827189,True,True,True,6,1,relative_nuclear_iod_index; not_absolute_genome_size
published_bootstrap_tree_sensitivity,published_bootstrap_124,published_bootstrap_124,lambda,,,18,2,nucleus_bridge,1,5,2.438963150829722,0.295383261181307,17.43896315082972,0.5925226153529017,0.7435930960469143,0.3223974009428523,True,True,True,6,1,relative_nuclear_iod_index; not_absolute_genome_size
published_bootstrap_tree_sensitivity,published_bootstrap_124,published_bootstrap_124,lambda,,,18,3,nucleus_cell_only,2,4,8.45362627715994,0.0763054138247941,19.53054935408301,2.6841088186061945,0.2613082825972078,0.1132946386969481,True,False,False,6,1,relative_nuclear_iod_index; not_absolute_genome_size
published_bootstrap_tree_sensitivity,published_bootstrap_124,published_bootstrap_124,lambda,,,18,4,cell_collider,1,5,6.014663126330218,0.0494233861399792,21.01466312633022,4.1682225908534,0.1244176415751313,0.0539433790987362,False,False,False,6,1,relative_nuclear_iod_index; not_absolute_genome_size
published_bootstrap_tree_sensitivity,published_bootstrap_124,published_bootstrap_124,lambda,,,18,5,nucleus_collider,1,5,6.494008238817108,0.0388905449073939,21.49400823881711,4.64756770334029,0.0979024355645197,0.0424472617346421,False,False,False,6,1,relative_nuclear_iod_index; not_absolute_genome_size
published_bootstrap_tree_sensitivity,published_bootstrap_124,published_bootstrap_124,lambda,,,18,6,iod_bridge,1,5,8.072593547123464,0.0176627606546732,23.072593547123464,6.226153011646645,0.0444639510966818,0.0192781002747716,False,False,False,6,1,relative_nuclear_iod_index; not_absolute_genome_size
published_bootstrap_tree_sensitivity,published_bootstrap_124,published_bootstrap_124,lambda,,,18,7,iod_cell_only,2,4,14.087256673453682,0.0070217130277046,25.16417975037676,8.317739214899941,0.0156252105625078,0.0067745751020521,False,False,False,6,1,relative_nuclear_iod_index; not_absolute_genome_size
published_bootstrap_tree_sensitivity,published_bootstrap_124,published_bootstrap_124,lambda,,,18,8,iod_nucleus_only,2,4,14.566601785940572,0.0056899185505024,25.64352486286365,8.79708432738683,0.0122952513077031,0.0053308147784263,False,False,False,6,1,relative_nuclear_iod_index; not_absolute_genome_size
published_bootstrap_tree_sensitivity,published_bootstrap_124,published_bootstrap_124,lambda,,,18,9,iod_collider,1,5,11.957231591832835,0.0025323291276698,26.95723159183284,10.110791056356016,0.0063748448328561,0.0027639221187673,False,False,False,6,1,relative_nuclear_iod_index; not_absolute_genome_size
published_bootstrap_tree_sensitivity,published_bootstrap_124,published_bootstrap_124,lambda,,,18,10,independent,3,3,24.46590295698016,0.00042860099494146375,32.18018867126588,15.333748135789062,0.00046807872148324215,0.00020294347008478623,False,False,False,6,1,relative_nuclear_iod_index; not_absolute_genome_size
published_bootstrap_tree_sensitivity,published_bootstrap_125,published_bootstrap_125,lambda,,,18,1,cell_bridge,1,5,1.8464405330037237,0.3972377676942907,16.846440533003722,0.0,1.0,0.4335669645278949,True,True,True,6,1,relative_nuclear_iod_index; not_absolute_genome_size
published_bootstrap_tree_sensitivity,published_bootstrap_125,published_bootstrap_125,lambda,,,18,2,nucleus_bridge,1,5,2.4389631537357883,0.2953832607521052,17.438963153735788,0.5925226207320655,0.7435930940469597,0.3223974006298458,True,True,True,6,1,relative_nuclear_iod_index; not_absolute_genome_size
published_bootstrap_tree_sensitivity,published_bootstrap_125,published_bootstrap_125,lambda,,,18,3,nucleus_cell_only,2,4,8.453626281647013,0.0763054136863532,19.53054935857009,2.684108825566369,0.2613082816878322,0.1132946384973935,True,False,False,6,1,relative_nuclear_iod_index; not_absolute_genome_size
published_bootstrap_tree_sensitivity,published_bootstrap_125,published_bootstrap_125,lambda,,,18,4,cell_collider,1,5,6.014663127911224,0.0494233861009099,21.014663127911223,4.168222594907501,0.1244176413229304,0.0539433790821033,False,False,False,6,1,relative_nuclear_iod_index; not_absolute_genome_size
published_bootstrap_tree_sensitivity,published_bootstrap_125,published_bootstrap_125,lambda,,,18,5,nucleus_collider,1,5,6.494008244708986,0.0388905447928247,21.494008244708983,4.647567711705264,0.097902435155044,0.0424472616300615,False,False,False,6,1,relative_nuclear_iod_index; not_absolute_genome_size
published_bootstrap_tree_sensitivity,published_bootstrap_125,published_bootstrap_125,lambda,,,18,6,iod_bridge,1,5,8.072593553014404,0.017662760602648,23.072593553014404,6.226153020010681,0.0444639509107328,0.0192781002272837,False,False,False,6,1,relative_nuclear_iod_index; not_absolute_genome_size
published_bootstrap_tree_sensitivity,published_bootstrap_125,published_bootstrap_125,lambda,,,18,7,iod_cell_only,2,4,14.087256680925629,0.0070217130047329,25.164179757848704,8.317739224844981,0.0156252104848111,0.006774575080009,False,False,False,6,1,relative_nuclear_iod_index; not_absolute_genome_size
published_bootstrap_tree_sensitivity,published_bootstrap_125,published_bootstrap_125,lambda,,,18,8,iod_nucleus_only,2,4,14.56660179772339,0.0056899185210277,25.643524874646467,8.797084341642744,0.0122952512200631,0.0053308147495906,False,False,False,6,1,relative_nuclear_iod_index; not_absolute_genome_size
published_bootstrap_tree_sensitivity,published_bootstrap_125,published_bootstrap_125,lambda,,,18,9,iod_collider,1,5,11.957231601072769,0.0025323291159706,26.957231601072767,10.110791068069044,0.0063748447955217,0.0027639221073308,False,False,False,6,1,relative_nuclear_iod_index; not_absolute_genome_size
published_bootstrap_tree_sensitivity,published_bootstrap_125,published_bootstrap_125,lambda,,,18,10,independent,3,3,24.465902973692977,0.0004286009918981204,32.18018868797869,15.33374815497497,0.0004680787169929845,0.00020294346848675988,False,False,False,6,1,relative_nuclear_iod_index; not_absolute_genome_size
published_bootstrap_tree_sensitivity,published_bootstrap_126,published_bootstrap_126,lambda,,,18,1,cell_bridge,1,5,1.84644053662174,0.3972377669756842,16.84644053662174,0.0,1.0,0.433566961664649,True,True,True,6,1,relative_nuclear_iod_index; not_absolute_genome_size
published_bootstrap_tree_sensitivity,published_bootstrap_126,published_bootstrap_126,lambda,,,18,2,nucleus_bridge,1,5,2.4389631467460324,0.2953832617844336,17.438963146746033,0.5925226101242949,0.7435930979908922,0.3223974002107148,True,True,True,6,1,relative_nuclear_iod_index; not_absolute_genome_size
published_bootstrap_tree_sensitivity,published_bootstrap_126,published_bootstrap_126,lambda,,,18,3,nucleus_cell_only,2,4,8.453626247184065,0.0763054147496484,19.53054932410714,2.6841087874854037,0.2613082866632681,0.1132946399063883,True,False,False,6,1,relative_nuclear_iod_index; not_absolute_genome_size
published_bootstrap_tree_sensitivity,published_bootstrap_126,published_bootstrap_126,lambda,,,18,4,cell_collider,1,5,6.014663100438033,0.0494233867798189,21.01466310043803,4.168222563816293,0.1244176432570778,0.0539433795644474,False,False,False,6,1,relative_nuclear_iod_index; not_absolute_genome_size
published_bootstrap_tree_sensitivity,published_bootstrap_126,published_bootstrap_126,lambda,,,18,5,nucleus_collider,1,5,6.494008208929284,0.0388905454885708,21.494008208929284,4.647567672307545,0.0979024370836103,0.0424472621859054,False,False,False,6,1,relative_nuclear_iod_index; not_absolute_genome_size
published_bootstrap_tree_sensitivity,published_bootstrap_126,published_bootstrap_126,lambda,,,18,6,iod_bridge,1,5,8.072593508638855,0.0176627609945453,23.072593508638853,6.226152972017115,0.0444639519777246,0.0192781005625849,False,False,False,6,1,relative_nuclear_iod_index; not_absolute_genome_size
published_bootstrap_tree_sensitivity,published_bootstrap_126,published_bootstrap_126,lambda,,,18,7,iod_cell_only,2,4,14.087256609076888,0.0070217132256232,25.164179685999965,8.317739149378227,0.0156252110744031,0.0067745752908977,False,False,False,6,1,relative_nuclear_iod_index; not_absolute_genome_size
published_bootstrap_tree_sensitivity,published_bootstrap_126,published_bootstrap_126,lambda,,,18,8,iod_nucleus_only,2,4,14.56660171756814,0.0056899187215362,25.643524794491213,8.797084257869475,0.0122952517350698,0.0053308149376762,False,False,False,6,1,relative_nuclear_iod_index; not_absolute_genome_size
published_bootstrap_tree_sensitivity,published_bootstrap_126,published_bootstrap_126,lambda,,,18,9,iod_collider,1,5,11.957231527779305,0.0025323292087722,26.957231527779307,10.110790991157568,0.0063748450406711,0.0027639221953667,False,False,False,6,1,relative_nuclear_iod_index; not_absolute_genome_size
published_bootstrap_tree_sensitivity,published_bootstrap_126,published_bootstrap_126,lambda,,,18,10,independent,3,3,24.465902837146626,0.0004286010167625642,32.18018855143234,15.3337480148106,0.0004680787497969651,0.00020294348136925763,False,False,False,6,1,relative_nuclear_iod_index; not_absolute_genome_size
published_bootstrap_tree_sensitivity,published_bootstrap_127,published_bootstrap_127,lambda,,,18,1,cell_bridge,1,5,1.846440541557308,0.3972377659953874,16.846440541557307,0.0,1.0,0.4335669620749472,True,True,True,6,1,relative_nuclear_iod_index; not_absolute_genome_size
published_bootstrap_tree_sensitivity,published_bootstrap_127,published_bootstrap_127,lambda,,,18,2,nucleus_bridge,1,5,2.4389631479873457,0.295383261601102,17.438963147987344,0.5925226064300375,0.7435930993644044,0.3223974011113192,True,True,True,6,1,relative_nuclear_iod_index; not_absolute_genome_size
published_bootstrap_tree_sensitivity,published_bootstrap_127,published_bootstrap_127,lambda,,,18,3,nucleus_cell_only,2,4,8.45362626655415,0.0763054141520176,19.530549343477222,2.684108801919919,0.2613082847773388,0.113294639195926,True,False,False,6,1,relative_nuclear_iod_index; not_absolute_genome_size
published_bootstrap_tree_sensitivity,published_bootstrap_127,published_bootstrap_127,lambda,,,18,4,cell_collider,1,5,6.014663118566803,0.0494233863318263,21.0146631185668,4.168222577009495,0.1244176424363443,0.0539433792596528,False,False,False,6,1,relative_nuclear_iod_index; not_absolute_genome_size
published_bootstrap_tree_sensitivity,published_bootstrap_127,published_bootstrap_127,lambda,,,18,5,nucleus_collider,1,5,6.494008224131993,0.0388905451929499,21.494008224131992,4.647567682574685,0.0979024365810213,0.0424472620081686,False,False,False,6,1,relative_nuclear_iod_index; not_absolute_genome_size
published_bootstrap_tree_sensitivity,published_bootstrap_127,published_bootstrap_127,lambda,,,18,6,iod_bridge,1,5,8.072593515049228,0.0176627609379329,23.072593515049228,6.226152973491921,0.0444639519449367,0.0192781005666126,False,False,False,6,1,relative_nuclear_iod_index; not_absolute_genome_size
published_bootstrap_tree_sensitivity,published_bootstrap_127,published_bootstrap_127,lambda,,,18,7,iod_cell_only,2,4,14.08725663361603,0.0070217131501806,25.16417971053911,8.317739168981802,0.0156252109212481,0.0067745752309058,False,False,False,6,1,relative_nuclear_iod_index; not_absolute_genome_size
published_bootstrap_tree_sensitivity,published_bootstrap_127,published_bootstrap_127,lambda,,,18,8,iod_nucleus_only,2,4,14.56660173918122,0.005689918667471,25.643524816104296,8.79708427454699,0.0122952516325427,0.0053308148982685,False,False,False,6,1,relative_nuclear_iod_index; not_absolute_genome_size
published_bootstrap_tree_sensitivity,published_bootstrap_127,published_bootstrap_127,lambda,,,18,9,iod_collider,1,5,11.957231547520072,0.0025323291837771,26.957231547520077,10.110791005962769,0.0063748449934806,0.0027639221775221,False,False,False,6,1,relative_nuclear_iod_index; not_absolute_genome_size
published_bootstrap_tree_sensitivity,published_bootstrap_127,published_bootstrap_127,lambda,,,18,10,independent,3,3,24.465902890218867,0.0004286010070984058,32.18018860450458,15.333748062947272,0.0004680787385310883,0.00020294347667679756,False,False,False,6,1,relative_nuclear_iod_index; not_absolute_genome_size
published_bootstrap_tree_sensitivity,published_bootstrap_128,published_bootstrap_128,lambda,,,18,1,cell_bridge,1,5,1.8464405353228772,0.397237767233663,16.846440535322877,0.0,1.0,0.4335669617530918,True,True,True,6,1,relative_nuclear_iod_index; not_absolute_genome_size
published_bootstrap_tree_sensitivity,published_bootstrap_128,published_bootstrap_128,lambda,,,18,2,nucleus_bridge,1,5,2.4389631456192142,0.2953832619508552,17.438963145619216,0.5925226102963386,0.743593097926927,0.3223974002487469,True,True,True,6,1,relative_nuclear_iod_index; not_absolute_genome_size
published_bootstrap_tree_sensitivity,published_bootstrap_128,published_bootstrap_128,lambda,,,18,3,nucleus_cell_only,2,4,8.453626245587916,0.0763054147988948,19.530549322510996,2.684108787188116,0.26130828670211,0.1132946399463396,True,False,False,6,1,relative_nuclear_iod_index; not_absolute_genome_size
published_bootstrap_tree_sensitivity,published_bootstrap_128,published_bootstrap_128,lambda,,,18,4,cell_collider,1,5,6.014663099968701,0.0494233867914168,21.0146630999687,4.168222564645824,0.1244176432054737,0.0539433795530774,False,False,False,6,1,relative_nuclear_iod_index; not_absolute_genome_size
published_bootstrap_tree_sensitivity,published_bootstrap_128,published_bootstrap_128,lambda,,,18,5,nucleus_collider,1,5,6.4940082085020245,0.0388905454968789,21.494008208502024,4.647567673179147,0.0979024370409444,0.0424472621760656,False,False,False,6,1,relative_nuclear_iod_index; not_absolute_genome_size
published_bootstrap_tree_sensitivity,published_bootstrap_128,published_bootstrap_128,lambda,,,18,6,iod_bridge,1,5,8.072593516308437,0.0176627609268124,23.07259351630844,6.22615298098556,0.0444639517783383,0.0192781004800701,False,False,False,6,1,relative_nuclear_iod_index; not_absolute_genome_size
published_bootstrap_tree_sensitivity,published_bootstrap_128,published_bootstrap_128,lambda,,,18,7,iod_cell_only,2,4,14.087256616277138,0.0070217132034869,25.16417969320021,8.317739157877337,0.0156252110080029,0.0067745752634908,False,False,False,6,1,relative_nuclear_iod_index; not_absolute_genome_size
published_bootstrap_tree_sensitivity,published_bootstrap_128,published_bootstrap_128,lambda,,,18,8,iod_nucleus_only,2,4,14.56660172481046,0.0056899187034195,25.643524801733538,8.79708426641066,0.0122952516825618,0.0053308149159979,False,False,False,6,1,relative_nuclear_iod_index; not_absolute_genome_size
published_bootstrap_tree_sensitivity,published_bootstrap_128,published_bootstrap_128,lambda,,,18,9,iod_collider,1,5,11.957231536128754,0.0025323291982004,26.957231536128752,10.110791000805875,0.0063748450099178,0.0027639221825969,False,False,False,6,1,relative_nuclear_iod_index; not_absolute_genome_size
published_bootstrap_tree_sensitivity,published_bootstrap_128,published_bootstrap_128,lambda,,,18,10,independent,3,3,24.46590284459948,0.0004286010154054276,32.18018855888519,15.333748023562316,0.00046807874774871904,0.000202943480522604,False,False,False,6,1,relative_nuclear_iod_index; not_absolute_genome_size
published_bootstrap_tree_sensitivity,published_bootstrap_129,published_bootstrap_129,lambda,,,18,1,cell_bridge,1,5,1.8464405330468885,0.3972377676857174,16.846440533046888,0.0,1.0,0.4335669639132721,True,True,True,6,1,relative_nuclear_iod_index; not_absolute_genome_size
published_bootstrap_tree_sensitivity,published_bootstrap_129,published_bootstrap_129,lambda,,,18,2,nucleus_bridge,1,5,2.4389631519105768,0.2953832610216736,17.438963151910578,0.5925226188636898,0.7435930947416154,0.3223974004739963,True,True,True,6,1,relative_nuclear_iod_index; not_absolute_genome_size
published_bootstrap_tree_sensitivity,published_bootstrap_129,published_bootstrap_129,lambda,,,18,3,nucleus_cell_only,2,4,8.45362627241732,0.0763054139711195,19.5305493493404,2.6841088162935094,0.2613082828993697,0.1132946388620701,True,False,False,6,1,relative_nuclear_iod_index; not_absolute_genome_size
published_bootstrap_tree_sensitivity,published_bootstrap_129,published_bootstrap_129,lambda,,,18,4,cell_collider,1,5,6.014663120506744,0.049423386283887,21.014663120506743,4.168222587459855,0.1244176417862397,0.053943379206509,False,False,False,6,1,relative_nuclear_iod_index; not_absolute_genome_size
published_bootstrap_tree_sensitivity,published_bootstrap_129,published_bootstrap_129,lambda,,,18,5,nucleus_collider,1,5,6.494008235823285,0.0388905449656096,21.494008235823287,4.647567702776399,0.0979024355921228,0.0424472617593913,False,False,False,6,1,relative_nuclear_iod_index; not_absolute_genome_size
published_bootstrap_tree_sensitivity,published_bootstrap_129,published_bootstrap_129,lambda,,,18,6,iod_bridge,1,5,8.072593544912303,0.0176627606742008,23.0725935449123,6.226153011865414,0.0444639510918181,0.0192781002784678,False,False,False,6,1,relative_nuclear_iod_index; not_absolute_genome_size
published_bootstrap_tree_sensitivity,published_bootstrap_129,published_bootstrap_129,lambda,,,18,7,iod_cell_only,2,4,14.087256665419048,0.007021713052406,25.164179742342125,8.317739209295237,0.0156252106062951,0.0067745751230768,False,False,False,6,1,relative_nuclear_iod_index; not_absolute_genome_size
published_bootstrap_tree_sensitivity,published_bootstrap_129,published_bootstrap_129,lambda,,,18,8,iod_nucleus_only,2,4,14.566601780735589,0.0056899185635227,25.643524857658665,8.797084324611777,0.0122952513247631,0.0053308147874281,False,False,False,6,1,relative_nuclear_iod_index; not_absolute_genome_size
published_bootstrap_tree_sensitivity,published_bootstrap_129,published_bootstrap_129,lambda,,,18,9,iod_collider,1,5,11.957231585932632,0.0025323291351405,26.957231585932632,10.110791052885745,0.0063748448439173,0.0027639221243954,False,False,False,6,1,relative_nuclear_iod_index; not_absolute_genome_size
published_bootstrap_tree_sensitivity,published_bootstrap_129,published_bootstrap_129,lambda,,,18,10,independent,3,3,24.465902942262662,0.0004286009976214311,32.18018865654838,15.333748123501492,0.0004680787243590168,0.00020294347139273629,False,False,False,6,1,relative_nuclear_iod_index; not_absolute_genome_size
published_bootstrap_tree_sensitivity,published_bootstrap_130,published_bootstrap_130,lambda,,,18,1,cell_bridge,1,5,1.846440542273084,0.3972377658532208,16.846440542273083,0.0,1.0,0.4335669615003707,True,True,True,6,1,relative_nuclear_iod_index; not_absolute_genome_size
published_bootstrap_tree_sensitivity,published_bootstrap_130,published_bootstrap_130,lambda,,,18,2,nucleus_bridge,1,5,2.4389631470487947,0.2953832617397182,17.438963147048796,0.5925226047757128,0.7435930999794765,0.322397400950743,True,True,True,6,1,relative_nuclear_iod_index; not_absolute_genome_size
published_bootstrap_tree_sensitivity,published_bootstrap_130,published_bootstrap_130,lambda,,,18,3,nucleus_cell_only,2,4,8.453626259438252,0.0763054143715664,19.53054933636133,2.684108794088246,0.2613082858005794,0.1132946394894276,True,False,False,6,1,relative_nuclear_iod_index; not_absolute_genome_size
published_bootstrap_tree_sensitivity,published_bootstrap_130,published_bootstrap_130,lambda,,,18,4,cell_collider,1,5,6.014663112389458,0.0494233864844789,21.014663112389457,4.168222570116374,0.1244176428651572,0.0539433793740845,False,False,False,6,1,relative_nuclear_iod_index; not_absolute_genome_size
published_bootstrap_tree_sensitivity,published_bootstrap_130,published_bootstrap_130,lambda,,,18,5,nucleus_collider,1,5,6.49400821669523,0.0388905453375598,21.494008216695228,4.647567674422145,0.0979024369800981,0.0424472621249426,False,False,False,6,1,relative_nuclear_iod_index; not_absolute_genome_size
published_bootstrap_tree_sensitivity,published_bootstrap_130,published_bootstrap_130,lambda,,,18,6,iod_bridge,1,5,8.072593503872735,0.0176627610366367,23.07259350387273,6.226152961599652,0.0444639522093253,0.0192781006556949,False,False,False,6,1,relative_nuclear_iod_index; not_absolute_genome_size
published_bootstrap_tree_sensitivity,published_bootstrap_130,published_bootstrap_130,lambda,,,18,7,iod_cell_only,2,4,14.087256616262191,0.0070217132035329,25.164179693185268,8.317739150912185,0.0156252110624189,0.0067745752831349,False,False,False,6,1,relative_nuclear_iod_index; not_absolute_genome_size
published_bootstrap_tree_sensitivity,published_bootstrap_130,published_bootstrap_130,lambda,,,18,8,iod_nucleus_only,2,4,14.566601720567965,0.0056899187140321,25.64352479749104,8.797084255217957,0.0122952517513703,0.0053308149427237,False,False,False,6,1,relative_nuclear_iod_index; not_absolute_genome_size
published_bootstrap_tree_sensitivity,published_bootstrap_130,published_bootstrap_130,lambda,,,18,9,iod_collider,1,5,11.957231529880293,0.002532329206112,26.957231529880293,10.11079098760721,0.0063748450519876,0.0027639221992259,False,False,False,6,1,relative_nuclear_iod_index; not_absolute_genome_size
published_bootstrap_tree_sensitivity,published_bootstrap_130,published_bootstrap_130,lambda,,,18,10,independent,3,3,24.46590285896498,0.0004286010127895201,32.180188573250696,15.333748030977612,0.0004680787460132472,0.00020294347965186732,False,False,False,6,1,relative_nuclear_iod_index; not_absolute_genome_size
published_bootstrap_tree_sensitivity,published_bootstrap_131,published_bootstrap_131,lambda,,,18,1,cell_bridge,1,5,1.846440541377552,0.3972377660310903,16.846440541377554,0.0,1.0,0.4335669615158697,True,True,True,6,1,relative_nuclear_iod_index; not_absolute_genome_size
published_bootstrap_tree_sensitivity,published_bootstrap_131,published_bootstrap_131,lambda,,,18,2,nucleus_bridge,1,5,2.4389631429330265,0.2953832623475827,17.438963142933027,0.5925226015554728,0.7435931011767507,0.3223974014813665,True,True,True,6,1,relative_nuclear_iod_index; not_absolute_genome_size
published_bootstrap_tree_sensitivity,published_bootstrap_131,published_bootstrap_131,lambda,,,18,3,nucleus_cell_only,2,4,8.453626258839027,0.0763054143900545,19.530549335762103,2.6841087943845494,0.2613082857618661,0.1132946394766929,True,False,False,6,1,relative_nuclear_iod_index; not_absolute_genome_size
published_bootstrap_tree_sensitivity,published_bootstrap_131,published_bootstrap_131,lambda,,,18,4,cell_collider,1,5,6.014663115906,0.0494233863975792,21.014663115906,4.168222574528446,0.1244176425906874,0.0539433792570118,False,False,False,6,1,relative_nuclear_iod_index; not_absolute_genome_size
published_bootstrap_tree_sensitivity,published_bootstrap_131,published_bootstrap_131,lambda,,,18,5,nucleus_collider,1,5,6.494008217376983,0.038890545324303,21.494008217376983,4.647567675999429,0.0979024369028881,0.0424472620929843,False,False,False,6,1,relative_nuclear_iod_index; not_absolute_genome_size
published_bootstrap_tree_sensitivity,published_bootstrap_131,published_bootstrap_131,lambda,,,18,6,iod_bridge,1,5,8.072593524225175,0.0176627608568966,23.072593524225177,6.226152982847623,0.044463951736941,0.0192781004515737,False,False,False,6,1,relative_nuclear_iod_index; not_absolute_genome_size
published_bootstrap_tree_sensitivity,published_bootstrap_131,published_bootstrap_131,lambda,,,18,7,iod_cell_only,2,4,14.087256640131177,0.0070217131301506,25.164179717054253,8.3177391756767,0.0156252108689435,0.0067745751994925,False,False,False,6,1,relative_nuclear_iod_index; not_absolute_genome_size
published_bootstrap_tree_sensitivity,published_bootstrap_131,published_bootstrap_131,lambda,,,18,8,iod_nucleus_only,2,4,14.566601741602158,0.0056899186614151,25.64352481852524,8.797084277147682,0.0122952516165546,0.0053308148844626,False,False,False,6,1,relative_nuclear_iod_index; not_absolute_genome_size
published_bootstrap_tree_sensitivity,published_bootstrap_131,published_bootstrap_131,lambda,,,18,9,iod_collider,1,5,11.957231554609224,0.0025323291748011,26.957231554609223,10.110791013231667,0.0063748449703116,0.0027639221639127,False,False,False,6,1,relative_nuclear_iod_index; not_absolute_genome_size
published_bootstrap_tree_sensitivity,published_bootstrap_131,published_bootstrap_131,lambda,,,18,10,independent,3,3,24.46590288789221,0.000428601007522067,32.18018860217792,15.333748060800367,0.0004680787390335486,0.00020294347663295535,False,False,False,6,1,relative_nuclear_iod_index; not_absolute_genome_size
published_bootstrap_tree_sensitivity,published_bootstrap_132,published_bootstrap_132,lambda,,,18,1,cell_bridge,1,5,1.846440536426668,0.3972377670144293,16.84644053642667,0.0,1.0,0.43356696299965,True,True,True,6,1,relative_nuclear_iod_index; not_absolute_genome_size
published_bootstrap_tree_sensitivity,published_bootstrap_132,published_bootstrap_132,lambda,,,18,2,nucleus_bridge,1,5,2.4389631537168333,0.2953832607549047,17.438963153716834,0.5925226172901645,0.7435930953266466,0.3223974000482834,True,True,True,6,1,relative_nuclear_iod_index; not_absolute_genome_size
published_bootstrap_tree_sensitivity,published_bootstrap_132,published_bootstrap_132,lambda,,,18,3,nucleus_cell_only,2,4,8.453626265842601,0.0763054141739713,19.53054934276568,2.684108806339008,0.2613082841999666,0.1132946391872289,True,False,False,6,1,relative_nuclear_iod_index; not_absolute_genome_size
published_bootstrap_tree_sensitivity,published_bootstrap_132,published_bootstrap_132,lambda,,,18,4,cell_collider,1,5,6.014663112125768,0.0494233864909952,21.014663112125767,4.168222575699097,0.1244176425178626,0.0539433794100458,False,False,False,6,1,relative_nuclear_iod_index; not_absolute_genome_size
published_bootstrap_tree_sensitivity,published_bootstrap_132,published_bootstrap_132,lambda,,,18,5,nucleus_collider,1,5,6.494008226501435,0.0388905451468755,21.494008226501435,4.647567690074766,0.0979024362138832,0.0424472619395203,False,False,False,6,1,relative_nuclear_iod_index; not_absolute_genome_size
published_bootstrap_tree_sensitivity,published_bootstrap_132,published_bootstrap_132,lambda,,,18,6,iod_bridge,1,5,8.072593511515276,0.0176627609691426,23.07259351151528,6.226152975088606,0.0444639519094392,0.019278100592338,False,False,False,6,1,relative_nuclear_iod_index; not_absolute_genome_size
published_bootstrap_tree_sensitivity,published_bootstrap_132,published_bootstrap_132,lambda,,,18,7,iod_cell_only,2,4,14.087256623641045,0.0070217131808475,25.16417970056412,8.31773916413745,0.0156252109590951,0.0067745752617637,False,False,False,6,1,relative_nuclear_iod_index; not_absolute_genome_size
published_bootstrap_tree_sensitivity,published_bootstrap_132,published_bootstrap_132,lambda,,,18,8,iod_nucleus_only,2,4,14.566601738016711,0.005689918670384,25.643524814939788,8.797084278513118,0.0122952516081604,0.0053308148990666,False,False,False,6,1,relative_nuclear_iod_index; not_absolute_genome_size
published_bootstrap_tree_sensitivity,published_bootstrap_132,published_bootstrap_132,lambda,,,18,9,iod_collider,1,5,11.957231541605202,0.0025323291912663,26.957231541605204,10.110791005178534,0.0063748449959803,0.0027639221845007,False,False,False,6,1,relative_nuclear_iod_index; not_absolute_genome_size
published_bootstrap_tree_sensitivity,published_bootstrap_132,published_bootstrap_132,lambda,,,18,10,independent,3,3,24.46590288023241,0.00042860100891684016,32.18018859451812,15.333748058091452,0.0004680787396675415,0.00020294347760235976,False,False,False,6,1,relative_nuclear_iod_index; not_absolute_genome_size
published_bootstrap_tree_sensitivity,published_bootstrap_133,published_bootstrap_133,lambda,,,18,1,cell_bridge,1,5,1.8464405410765208,0.3972377660908806,16.84644054107652,0.0,1.0,0.4335669632587165,True,True,True,6,1,relative_nuclear_iod_index; not_absolute_genome_size
published_bootstrap_tree_sensitivity,published_bootstrap_133,published_bootstrap_133,lambda,,,18,2,nucleus_bridge,1,5,2.438963153011487,0.2953832608590785,17.438963153011485,0.5925226119349638,0.7435930973176917,0.3223974011041748,True,True,True,6,1,relative_nuclear_iod_index; not_absolute_genome_size
published_bootstrap_tree_sensitivity,published_bootstrap_133,published_bootstrap_133,lambda,,,18,3,nucleus_cell_only,2,4,8.453626282710221,0.0763054136535497,19.530549359633294,2.6841088185567763,0.2613082826036645,0.1132946385628213,True,False,False,6,1,relative_nuclear_iod_index; not_absolute_genome_size
published_bootstrap_tree_sensitivity,published_bootstrap_133,published_bootstrap_133,lambda,,,18,4,cell_collider,1,5,6.014663129698734,0.0494233860567374,21.01466312969873,4.168222588622211,0.1244176417139309,0.05394337909372,False,False,False,6,1,relative_nuclear_iod_index; not_absolute_genome_size
published_bootstrap_tree_sensitivity,published_bootstrap_133,published_bootstrap_133,lambda,,,18,5,nucleus_collider,1,5,6.494008239730158,0.0388905448896395,21.49400823973016,4.647567698653635,0.0979024357939371,0.0424472617828088,False,False,False,6,1,relative_nuclear_iod_index; not_absolute_genome_size
published_bootstrap_tree_sensitivity,published_bootstrap_133,published_bootstrap_133,lambda,,,18,6,iod_bridge,1,5,8.072593523187761,0.0176627608660584,23.072593523187763,6.226152982111241,0.0444639517533122,0.0192781005361656,False,False,False,6,1,relative_nuclear_iod_index; not_absolute_genome_size
published_bootstrap_tree_sensitivity,published_bootstrap_133,published_bootstrap_133,lambda,,,18,7,iod_cell_only,2,4,14.087256652886497,0.0070217130909359,25.16417972980957,8.31773918873305,0.0156252107669394,0.0067745751824993,False,False,False,6,1,relative_nuclear_iod_index; not_absolute_genome_size
published_bootstrap_tree_sensitivity,published_bootstrap_133,published_bootstrap_133,lambda,,,18,8,iod_nucleus_only,2,4,14.56660176291792,0.0056899186080936,25.643524839841,8.797084298764474,0.0122952514836626,0.0053308148482738,False,False,False,6,1,relative_nuclear_iod_index; not_absolute_genome_size
published_bootstrap_tree_sensitivity,published_bootstrap_133,published_bootstrap_133,lambda,,,18,9,iod_collider,1,5,11.957231566431814,0.0025323291598318,26.957231566431812,10.110791025355294,0.0063748449316685,0.0027639221582687,False,False,False,6,1,relative_nuclear_iod_index; not_absolute_genome_size
published_bootstrap_tree_sensitivity,published_bootstrap_133,published_bootstrap_133,lambda,,,18,10,independent,3,3,24.465902935860704,0.0004286009987871653,32.18018865014642,15.333748109069898,0.0004680787277365782,0.00020294347255075176,False,False,False,6,1,relative_nuclear_iod_index; not_absolute_genome_size
published_bootstrap_tree_sensitivity,published_bootstrap_134,published_bootstrap_134,lambda,,,18,1,cell_bridge,1,5,1.8464405351956672,0.3972377672589293,16.84644053519567,0.0,1.0,0.4335669631848409,True,True,True,6,1,relative_nuclear_iod_index; not_absolute_genome_size
published_bootstrap_tree_sensitivity,published_bootstrap_134,published_bootstrap_134,lambda,,,18,2,nucleus_bridge,1,5,2.438963155677874,0.2953832604652754,17.438963155677875,0.5925226204822067,0.7435930941398564,0.3223973996714371,True,True,True,6,1,relative_nuclear_iod_index; not_absolute_genome_size
published_bootstrap_tree_sensitivity,published_bootstrap_134,published_bootstrap_134,lambda,,,18,3,nucleus_cell_only,2,4,8.453626264855451,0.076305414204428,19.530549341778528,2.6841088065828598,0.2613082841681064,0.1132946392218073,True,False,False,6,1,relative_nuclear_iod_index; not_absolute_genome_size
published_bootstrap_tree_sensitivity,published_bootstrap_134,published_bootstrap_134,lambda,,,18,4,cell_collider,1,5,6.014663109177578,0.04942338656385,21.014663109177576,4.168222573981907,0.1244176426246869,0.0539433794794023,False,False,False,6,1,relative_nuclear_iod_index; not_absolute_genome_size
published_bootstrap_tree_sensitivity,published_bootstrap_134,published_bootstrap_134,lambda,,,18,5,nucleus_collider,1,5,6.494008226179054,0.0388905451531443,21.49400822617905,4.6475676909833865,0.0979024361694052,0.0424472619383667,False,False,False,6,1,relative_nuclear_iod_index; not_absolute_genome_size
published_bootstrap_tree_sensitivity,published_bootstrap_134,published_bootstrap_134,lambda,,,18,6,iod_bridge,1,5,8.072593506783893,0.0176627610109272,23.072593506783893,6.226152971588224,0.0444639519872596,0.0192781006343127,False,False,False,6,1,relative_nuclear_iod_index; not_absolute_genome_size
published_bootstrap_tree_sensitivity,published_bootstrap_134,published_bootstrap_134,lambda,,,18,7,iod_cell_only,2,4,14.08725661596147,0.0070217132044574,25.164179692884545,8.317739157688877,0.0156252110094753,0.0067745752865005,False,False,False,6,1,relative_nuclear_iod_index; not_absolute_genome_size
published_bootstrap_tree_sensitivity,published_bootstrap_134,published_bootstrap_134,lambda,,,18,8,iod_nucleus_only,2,4,14.566601732962948,0.005689918683026,25.643524809886024,8.797084274690356,0.0122952516316613,0.0053308149115328,False,False,False,6,1,relative_nuclear_iod_index; not_absolute_genome_size
published_bootstrap_tree_sensitivity,published_bootstrap_134,published_bootstrap_134,lambda,,,18,9,iod_collider,1,5,11.957231534915856,0.0025323291997361,26.957231534915856,10.110790999720187,0.0063748450133784,0.0027639221932245,False,False,False,6,1,relative_nuclear_iod_index; not_absolute_genome_size
published_bootstrap_tree_sensitivity,published_bootstrap_134,published_bootstrap_134,lambda,,,18,10,independent,3,3,24.465902870272487,0.0004286010107305005,32.1801885845582,15.333748049362534,0.000468078741710452,0.00020294347857478223,False,False,False,6,1,relative_nuclear_iod_index; not_absolute_genome_size
published_bootstrap_tree_sensitivity,published_bootstrap_135,published_bootstrap_135,lambda,,,18,1,cell_bridge,1,5,1.846440530201805,0.3972377682508046,16.846440530201804,0.0,1.0,0.433566961818229,True,True,True,6,1,relative_nuclear_iod_index; not_absolute_genome_size
published_bootstrap_tree_sensitivity,published_bootstrap_135,published_bootstrap_135,lambda,,,18,2,nucleus_bridge,1,5,2.438963146935267,0.2953832617564853,17.438963146935265,0.5925226167334614,0.743593095533627,0.3223973992595268,True,True,True,6,1,relative_nuclear_iod_index; not_absolute_genome_size
published_bootstrap_tree_sensitivity,published_bootstrap_135,published_bootstrap_135,lambda,,,18,3,nucleus_cell_only,2,4,8.45362623252593,0.0763054152019,19.530549309449007,2.684108779247204,0.261308287739623,0.1132946404131919,True,False,False,6,1,relative_nuclear_iod_index; not_absolute_genome_size
published_bootstrap_tree_sensitivity,published_bootstrap_135,published_bootstrap_135,lambda,,,18,4,cell_collider,1,5,6.014663085590664,0.0494233871467225,21.014663085590666,4.1682225553888586,0.1244176437813386,0.0539433798108576,False,False,False,6,1,relative_nuclear_iod_index; not_absolute_genome_size
published_bootstrap_tree_sensitivity,published_bootstrap_135,published_bootstrap_135,lambda,,,18,5,nucleus_collider,1,5,6.494008199302029,0.0388905456757754,21.49400819930203,4.647567669100226,0.0979024372406125,0.0424472622690122,False,False,False,6,1,relative_nuclear_iod_index; not_absolute_genome_size
published_bootstrap_tree_sensitivity,published_bootstrap_135,published_bootstrap_135,lambda,,,18,6,iod_bridge,1,5,8.072593510530476,0.0176627609778398,23.072593510530474,6.226152980328671,0.0444639517929423,0.0192781004892981,False,False,False,6,1,relative_nuclear_iod_index; not_absolute_genome_size
published_bootstrap_tree_sensitivity,published_bootstrap_135,published_bootstrap_135,lambda,,,18,7,iod_cell_only,2,4,14.08725659612114,0.0070217132654541,25.164179673044217,8.317739142842413,0.0156252111254648,0.0067745753154361,False,False,False,6,1,relative_nuclear_iod_index; not_absolute_genome_size
published_bootstrap_tree_sensitivity,published_bootstrap_135,published_bootstrap_135,lambda,,,18,8,iod_nucleus_only,2,4,14.566601709832504,0.0056899187408869,25.64352478675558,8.797084256553777,0.0122952517431582,0.0053308149430714,False,False,False,6,1,relative_nuclear_iod_index; not_absolute_genome_size
published_bootstrap_tree_sensitivity,published_bootstrap_135,published_bootstrap_135,lambda,,,18,9,iod_collider,1,5,11.957231520613757,0.0025323292178449,26.957231520613757,10.11079099041195,0.0063748450430477,0.0027639221973761,False,False,False,6,1,relative_nuclear_iod_index; not_absolute_genome_size
published_bootstrap_tree_sensitivity,published_bootstrap_135,published_bootstrap_135,lambda,,,18,10,independent,3,3,24.46590280550645,0.0004286010225240666,32.18018851979217,15.333747989590364,0.00046807875569949314,0.00020294348400028635,False,False,False,6,1,relative_nuclear_iod_index; not_absolute_genome_size
published_bootstrap_tree_sensitivity,published_bootstrap_136,published_bootstrap_136,lambda,,,18,1,cell_bridge,1,5,1.846440537154473,0.3972377668698735,16.84644053715447,0.0,1.0,0.4335669627489515,True,True,True,6,1,relative_nuclear_iod_index; not_absolute_genome_size
published_bootstrap_tree_sensitivity,published_bootstrap_136,published_bootstrap_136,lambda,,,18,2,nucleus_bridge,1,5,2.438963151159343,0.2953832611326246,17.438963151159342,0.5925226140048707,0.7435930965481076,0.3223974003914509,True,True,True,6,1,relative_nuclear_iod_index; not_absolute_genome_size
published_bootstrap_tree_sensitivity,published_bootstrap_136,published_bootstrap_136,lambda,,,18,3,nucleus_cell_only,2,4,8.453626264643702,0.0763054142109612,19.53054934156678,2.684108804412308,0.261308284451698,0.1132946392308617,True,False,False,6,1,relative_nuclear_iod_index; not_absolute_genome_size
published_bootstrap_tree_sensitivity,published_bootstrap_136,published_bootstrap_136,lambda,,,18,4,cell_collider,1,5,6.0146631134843584,0.0494233864574221,21.01466311348436,4.168222576329889,0.1244176424786218,0.053943379361841,False,False,False,6,1,relative_nuclear_iod_index; not_absolute_genome_size
published_bootstrap_tree_sensitivity,published_bootstrap_136,published_bootstrap_136,lambda,,,18,5,nucleus_collider,1,5,6.494008225132966,0.0388905451734857,21.49400822513297,4.647567687978494,0.0979024363164983,0.0424472619594668,False,False,False,6,1,relative_nuclear_iod_index; not_absolute_genome_size
published_bootstrap_tree_sensitivity,published_bootstrap_136,published_bootstrap_136,lambda,,,18,6,iod_bridge,1,5,8.072593517234331,0.0176627609186355,23.07259351723433,6.22615298007986,0.0444639517984738,0.01927810053308,False,False,False,6,1,relative_nuclear_iod_index; not_absolute_genome_size
published_bootstrap_tree_sensitivity,published_bootstrap_136,published_bootstrap_136,lambda,,,18,7,iod_cell_only,2,4,14.08725663071869,0.0070217131590881,25.164179707641765,8.317739170487293,0.0156252109094863,0.0067745752363377,False,False,False,6,1,relative_nuclear_iod_index; not_absolute_genome_size
published_bootstrap_tree_sensitivity,published_bootstrap_136,published_bootstrap_136,lambda,,,18,8,iod_nucleus_only,2,4,14.566601742367297,0.005689918659501,25.643524819290374,8.797084282135902,0.0122952515858889,0.005330814886328,False,False,False,6,1,relative_nuclear_iod_index; not_absolute_genome_size
published_bootstrap_tree_sensitivity,published_bootstrap_136,published_bootstrap_136,lambda,,,18,9,iod_collider,1,5,11.957231548202149,0.0025323291829135,26.957231548202145,10.110791011047674,0.0063748449772729,0.0027639221747916,False,False,False,6,1,relative_nuclear_iod_index; not_absolute_genome_size
published_bootstrap_tree_sensitivity,published_bootstrap_136,published_bootstrap_136,lambda,,,18,10,independent,3,3,24.46590288681947,0.0004286010077173552,32.180188601105186,15.333748063950717,0.0004680787382962432,0.0002029434768904635,False,False,False,6,1,relative_nuclear_iod_index; not_absolute_genome_size
published_bootstrap_tree_sensitivity,published_bootstrap_137,published_bootstrap_137,lambda,,,18,1,cell_bridge,1,5,1.8464405353055395,0.3972377672371066,16.84644053530554,0.0,1.0,0.433566962557188,True,True,True,6,1,relative_nuclear_iod_index; not_absolute_genome_size
published_bootstrap_tree_sensitivity,published_bootstrap_137,published_bootstrap_137,lambda,,,18,2,nucleus_bridge,1,5,2.4389631499463604,0.2953832613117719,17.43896314994636,0.5925226146408207,0.7435930963116635,0.3223974001463425,True,True,True,6,1,relative_nuclear_iod_index; not_absolute_genome_size
published_bootstrap_tree_sensitivity,published_bootstrap_137,published_bootstrap_137,lambda,,,18,3,nucleus_cell_only,2,4,8.453626257045123,0.0763054144454024,19.5305493339682,2.68410879866266,0.2613082852029132,0.1132946395064545,True,False,False,6,1,relative_nuclear_iod_index; not_absolute_genome_size
published_bootstrap_tree_sensitivity,published_bootstrap_137,published_bootstrap_137,lambda,,,18,4,cell_collider,1,5,6.014663107098762,0.049423386615221,21.01466310709876,4.168222571793223,0.1244176427608424,0.0539433794603437,False,False,False,6,1,relative_nuclear_iod_index; not_absolute_genome_size
published_bootstrap_tree_sensitivity,published_bootstrap_137,published_bootstrap_137,lambda,,,18,5,nucleus_collider,1,5,6.494008219207568,0.0388905452887068,21.49400821920757,4.647567683902029,0.0979024365160462,0.0424472620272101,False,False,False,6,1,relative_nuclear_iod_index; not_absolute_genome_size
published_bootstrap_tree_sensitivity,published_bootstrap_137,published_bootstrap_137,lambda,,,18,6,iod_bridge,1,5,8.072593517435129,0.0176627609168621,23.07259351743513,6.226152982129591,0.0444639517529042,0.019278100504796,False,False,False,6,1,relative_nuclear_iod_index; not_absolute_genome_size
published_bootstrap_tree_sensitivity,published_bootstrap_137,published_bootstrap_137,lambda,,,18,7,iod_cell_only,2,4,14.087256624533891,0.0070217131781026,25.16417970145697,8.317739166151426,0.0156252109433607,0.0067745752480282,False,False,False,6,1,relative_nuclear_iod_index; not_absolute_genome_size
published_bootstrap_tree_sensitivity,published_bootstrap_137,published_bootstrap_137,lambda,,,18,8,iod_nucleus_only,2,4,14.566601736642696,0.0056899186738211,25.64352481356577,8.797084278260233,0.0122952516097151,0.0053308148943005,False,False,False,6,1,relative_nuclear_iod_index; not_absolute_genome_size
published_bootstrap_tree_sensitivity,published_bootstrap_137,published_bootstrap_137,lambda,,,18,9,iod_collider,1,5,11.95723154384747,0.0025323291884272,26.95723154384747,10.11079100854193,0.0063748449852598,0.002763922177032,False,False,False,6,1,relative_nuclear_iod_index; not_absolute_genome_size
published_bootstrap_tree_sensitivity,published_bootstrap_137,published_bootstrap_137,lambda,,,18,10,independent,3,3,24.4659028701538,0.00042860101075214985,32.18018858443952,15.33374804913398,0.0004680787417639425,0.0002029434783041829,False,False,False,6,1,relative_nuclear_iod_index; not_absolute_genome_size
published_bootstrap_tree_sensitivity,published_bootstrap_138,published_bootstrap_138,lambda,,,18,1,cell_bridge,1,5,1.8464405412349436,0.3972377660594149,16.846440541234944,0.0,1.0,0.4335669621313957,True,True,True,6,1,relative_nuclear_iod_index; not_absolute_genome_size
published_bootstrap_tree_sensitivity,published_bootstrap_138,published_bootstrap_138,lambda,,,18,2,nucleus_bridge,1,5,2.4389631481484417,0.2953832615773095,17.438963148148442,0.5925226069134979,0.7435930991846554,0.3223974010753606,True,True,True,6,1,relative_nuclear_iod_index; not_absolute_genome_size
published_bootstrap_tree_sensitivity,published_bootstrap_138,published_bootstrap_138,lambda,,,18,3,nucleus_cell_only,2,4,8.453626266556547,0.0763054141519437,19.530549343479624,2.68410880224468,0.2613082847349075,0.1132946391922796,True,False,False,6,1,relative_nuclear_iod_index; not_absolute_genome_size
published_bootstrap_tree_sensitivity,published_bootstrap_138,published_bootstrap_138,lambda,,,18,4,cell_collider,1,5,6.014663118408105,0.049423386335748,21.014663118408105,4.168222577173161,0.1244176424261628,0.0539433792622616,False,False,False,6,1,relative_nuclear_iod_index; not_absolute_genome_size
published_bootstrap_tree_sensitivity,published_bootstrap_138,published_bootstrap_138,lambda,,,18,5,nucleus_collider,1,5,6.494008224356064,0.0388905451885929,21.494008224356065,4.647567683121121,0.0979024365542726,0.0424472620020977,False,False,False,6,1,relative_nuclear_iod_index; not_absolute_genome_size
published_bootstrap_tree_sensitivity,published_bootstrap_138,published_bootstrap_138,lambda,,,18,6,iod_bridge,1,5,8.072593515753878,0.0176627609317099,23.07259351575388,6.226152974518936,0.0444639519221041,0.0192781005592231,False,False,False,6,1,relative_nuclear_iod_index; not_absolute_genome_size
published_bootstrap_tree_sensitivity,published_bootstrap_138,published_bootstrap_138,lambda,,,18,7,iod_cell_only,2,4,14.087256634161983,0.0070217131485021,25.164179711085065,8.317739169850118,0.0156252109144643,0.0067745752288466,False,False,False,6,1,relative_nuclear_iod_index; not_absolute_genome_size
published_bootstrap_tree_sensitivity,published_bootstrap_138,published_bootstrap_138,lambda,,,18,8,iod_nucleus_only,2,4,14.566601740109942,0.0056899186651478,25.64352481703302,8.797084275798074,0.0122952516248515,0.0053308148956279,False,False,False,6,1,relative_nuclear_iod_index; not_absolute_genome_size
published_bootstrap_tree_sensitivity,published_bootstrap_138,published_bootstrap_138,lambda,,,18,9,iod_collider,1,5,11.9572315483245,0.0025323291827585,26.9572315483245,10.110791007089556,0.0063748449898891,0.0027639221763247,False,False,False,6,1,relative_nuclear_iod_index; not_absolute_genome_size
published_bootstrap_tree_sensitivity,published_bootstrap_138,published_bootstrap_138,lambda,,,18,10,independent,3,3,24.465902891088668,0.00042860100693997705,32.18018860537438,15.33374806413944,0.00046807873825207446,0.00020294347658224865,False,False,False,6,1,relative_nuclear_iod_index; not_absolute_genome_size
published_bootstrap_tree_sensitivity,published_bootstrap_139,published_bootstrap_139,lambda,,,18,1,cell_bridge,1,5,1.8464405329044955,0.3972377677139993,16.846440532904495,0.0,1.0,0.4335669619661319,True,True,True,6,1,relative_nuclear_iod_index; not_absolute_genome_size
published_bootstrap_tree_sensitivity,published_bootstrap_139,published_bootstrap_139,lambda,,,18,2,nucleus_bridge,1,5,2.438963146367445,0.2953832618403478,17.438963146367445,0.5925226134629504,0.7435930967495916,0.3223973998967084,True,True,True,6,1,relative_nuclear_iod_index; not_absolute_genome_size
published_bootstrap_tree_sensitivity,published_bootstrap_139,published_bootstrap_139,lambda,,,18,3,nucleus_cell_only,2,4,8.453626242345194,0.0763054148989434,19.53054931926827,2.684108786363776,0.2613082868098134,0.1132946400487054,True,False,False,6,1,relative_nuclear_iod_index; not_absolute_genome_size
published_bootstrap_tree_sensitivity,published_bootstrap_139,published_bootstrap_139,lambda,,,18,4,cell_collider,1,5,6.01466309597775,0.0494233868900401,21.01466309597775,4.168222563073254,0.1244176433033014,0.0539433796219982,False,False,False,6,1,relative_nuclear_iod_index; not_absolute_genome_size
published_bootstrap_tree_sensitivity,published_bootstrap_139,published_bootstrap_139,lambda,,,18,5,nucleus_collider,1,5,6.494008207028781,0.0388905455255266,21.49400820702878,4.647567674124286,0.0979024369946787,0.0424472621768634,False,False,False,6,1,relative_nuclear_iod_index; not_absolute_genome_size
published_bootstrap_tree_sensitivity,published_bootstrap_139,published_bootstrap_139,lambda,,,18,6,iod_bridge,1,5,8.072593518012567,0.0176627609117625,23.072593518012567,6.226152985108072,0.0444639516866867,0.0192781004498056,False,False,False,6,1,relative_nuclear_iod_index; not_absolute_genome_size
published_bootstrap_tree_sensitivity,published_bootstrap_139,published_bootstrap_139,lambda,,,18,7,iod_cell_only,2,4,14.087256613990316,0.0070217132105175,25.164179690913397,8.317739158008898,0.0156252110069751,0.0067745752663739,False,False,False,6,1,relative_nuclear_iod_index; not_absolute_genome_size
published_bootstrap_tree_sensitivity,published_bootstrap_139,published_bootstrap_139,lambda,,,18,8,iod_nucleus_only,2,4,14.566601725041348,0.0056899187028419,25.643524801964425,8.79708426905993,0.0122952516662751,0.0053308149115559,False,False,False,6,1,relative_nuclear_iod_index; not_absolute_genome_size
published_bootstrap_tree_sensitivity,published_bootstrap_139,published_bootstrap_139,lambda,,,18,9,iod_collider,1,5,11.957231535918044,0.0025323291984672,26.957231535918044,10.11079100301355,0.006374845002881,0.0027639221809041,False,False,False,6,1,relative_nuclear_iod_index; not_absolute_genome_size
published_bootstrap_tree_sensitivity,published_bootstrap_139,published_bootstrap_139,lambda,,,18,10,independent,3,3,24.46590283892457,0.0004286010164388232,32.180188553210286,15.33374802030579,0.00046807874851087386,0.00020294348095276863,False,False,False,6,1,relative_nuclear_iod_index; not_absolute_genome_size
published_bootstrap_tree_sensitivity,published_bootstrap_140,published_bootstrap_140,lambda,,,18,1,cell_bridge,1,5,1.8464405378207984,0.3972377667375287,16.846440537820797,0.0,1.0,0.4335669625009118,True,True,True,6,1,relative_nuclear_iod_index; not_absolute_genome_size
published_bootstrap_tree_sensitivity,published_bootstrap_140,published_bootstrap_140,lambda,,,18,2,nucleus_bridge,1,5,2.4389631496424187,0.2953832613566616,17.43896314964242,0.5925226118216216,0.743593097359832,0.3223974005589471,True,True,True,6,1,relative_nuclear_iod_index; not_absolute_genome_size
published_bootstrap_tree_sensitivity,published_bootstrap_140,published_bootstrap_140,lambda,,,18,3,nucleus_cell_only,2,4,8.45362626293709,0.0763054142636158,19.53054933986017,2.6841088020393684,0.2613082847617323,0.1132946393004676,True,False,False,6,1,relative_nuclear_iod_index; not_absolute_genome_size
published_bootstrap_tree_sensitivity,published_bootstrap_140,published_bootstrap_140,lambda,,,18,4,cell_collider,1,5,6.014663113294672,0.0494233864621096,21.014663113294677,4.168222575473877,0.1244176425318733,0.0539433793540685,False,False,False,6,1,relative_nuclear_iod_index; not_absolute_genome_size
published_bootstrap_tree_sensitivity,published_bootstrap_140,published_bootstrap_140,lambda,,,18,5,nucleus_collider,1,5,6.494008223159779,0.0388905452118549,21.494008223159778,4.647567685338981,0.0979024364457057,0.0424472619912031,False,False,False,6,1,relative_nuclear_iod_index; not_absolute_genome_size
published_bootstrap_tree_sensitivity,published_bootstrap_140,published_bootstrap_140,lambda,,,18,6,iod_bridge,1,5,8.072593517925554,0.017662760912531,23.072593517925554,6.226152980104757,0.0444639517979203,0.0192781005218112,False,False,False,6,1,relative_nuclear_iod_index; not_absolute_genome_size
published_bootstrap_tree_sensitivity,published_bootstrap_140,published_bootstrap_140,lambda,,,18,7,iod_cell_only,2,4,14.087256631220226,0.0070217131575462,25.1641797081433,8.317739170322504,0.0156252109107737,0.0067745752330202,False,False,False,6,1,relative_nuclear_iod_index; not_absolute_genome_size
published_bootstrap_tree_sensitivity,published_bootstrap_140,published_bootstrap_140,lambda,,,18,8,iod_nucleus_only,2,4,14.566601741085332,0.0056899186627079,25.64352481800841,8.797084280187612,0.0122952515978662,0.0053308148884713,False,False,False,6,1,relative_nuclear_iod_index; not_absolute_genome_size
published_bootstrap_tree_sensitivity,published_bootstrap_140,published_bootstrap_140,lambda,,,18,9,iod_collider,1,5,11.957231548265526,0.0025323291828333,26.95723154826553,10.110791010444728,0.0063748449791947,0.0027639221740436,False,False,False,6,1,relative_nuclear_iod_index; not_absolute_genome_size
published_bootstrap_tree_sensitivity,published_bootstrap_140,published_bootstrap_140,lambda,,,18,10,independent,3,3,24.465902884719977,0.000428601008099716,32.18018859900569,15.333748061184892,0.0004680787389435547,0.00020294347705501428,False,False,False,6,1,relative_nuclear_iod_index; not_absolute_genome_size
published_bootstrap_tree_sensitivity,published_bootstrap_141,published_bootstrap_141,lambda,,,18,1,cell_bridge,1,5,1.8464405450835328,0.3972377652950126,16.84644054508353,0.0,1.0,0.4335669624706978,True,True,True,6,1,relative_nuclear_iod_index; not_absolute_genome_size
published_bootstrap_tree_sensitivity,published_bootstrap_141,published_bootstrap_141,lambda,,,18,2,nucleus_bridge,1,5,2.438963147233976,0.2953832617123684,17.438963147233977,0.5925226021504457,0.7435931009555419,0.3223974020954612,True,True,True,6,1,relative_nuclear_iod_index; not_absolute_genome_size
published_bootstrap_tree_sensitivity,published_bootstrap_141,published_bootstrap_141,lambda,,,18,3,nucleus_cell_only,2,4,8.453626282677316,0.076305413654565,19.530549359600396,2.684108814516861,0.2613082831314962,0.1132946385857558,True,False,False,6,1,relative_nuclear_iod_index; not_absolute_genome_size
published_bootstrap_tree_sensitivity,published_bootstrap_141,published_bootstrap_141,lambda,,,18,4,cell_collider,1,5,6.014663135443341,0.0494233859147784,21.014663135443342,4.168222590359811,0.1244176416058369,0.0539433789488106,False,False,False,6,1,relative_nuclear_iod_index; not_absolute_genome_size
published_bootstrap_tree_sensitivity,published_bootstrap_141,published_bootstrap_141,lambda,,,18,5,nucleus_collider,1,5,6.494008237486044,0.0388905449332768,21.49400823748604,4.647567692402511,0.0979024360999373,0.0424472618383314,False,False,False,6,1,relative_nuclear_iod_index; not_absolute_genome_size
published_bootstrap_tree_sensitivity,published_bootstrap_141,published_bootstrap_141,lambda,,,18,6,iod_bridge,1,5,8.072593530493059,0.0176627608015426,23.07259353049306,6.226152985409527,0.0444639516799848,0.0192781004693348,False,False,False,6,1,relative_nuclear_iod_index; not_absolute_genome_size
published_bootstrap_tree_sensitivity,published_bootstrap_141,published_bootstrap_141,lambda,,,18,7,iod_cell_only,2,4,14.0872566659364,0.0070217130508155,25.164179742859474,8.317739197775943,0.0156252106962908,0.0067745751395554,False,False,False,6,1,relative_nuclear_iod_index; not_absolute_genome_size
published_bootstrap_tree_sensitivity,published_bootstrap_141,published_bootstrap_141,lambda,,,18,8,iod_nucleus_only,2,4,14.566601767979105,0.0056899185954331,25.64352484490218,8.79708429981865,0.012295251477182,0.0053308148357751,False,False,False,6,1,relative_nuclear_iod_index; not_absolute_genome_size
published_bootstrap_tree_sensitivity,published_bootstrap_141,published_bootstrap_141,lambda,,,18,9,iod_collider,1,5,11.957231576367256,0.0025323291472518,26.957231576367256,10.110791031283725,0.006374844912772,0.0027639221450523,False,False,False,6,1,relative_nuclear_iod_index; not_absolute_genome_size
published_bootstrap_tree_sensitivity,published_bootstrap_141,published_bootstrap_141,lambda,,,18,10,independent,3,3,24.46590294929664,0.0004286009963405668,32.18018866358236,15.333748118498823,0.0004680787255298381,0.00020294347122512736,False,False,False,6,1,relative_nuclear_iod_index; not_absolute_genome_size
published_bootstrap_tree_sensitivity,published_bootstrap_142,published_bootstrap_142,lambda,,,18,1,cell_bridge,1,5,1.8464405388335927,0.3972377665363686,16.846440538833594,0.0,1.0,0.433566962518405,True,True,True,6,1,relative_nuclear_iod_index; not_absolute_genome_size
published_bootstrap_tree_sensitivity,published_bootstrap_142,published_bootstrap_142,lambda,,,18,2,nucleus_bridge,1,5,2.4389631520728163,0.2953832609977123,17.438963152072816,0.5925226132392218,0.7435930968327732,0.3223974003434396,True,True,True,6,1,relative_nuclear_iod_index; not_absolute_genome_size
published_bootstrap_tree_sensitivity,published_bootstrap_142,published_bootstrap_142,lambda,,,18,3,nucleus_cell_only,2,4,8.453626265014057,0.0763054141995346,19.53054934193713,2.6841088031035376,0.2613082846226942,0.1132946392447563,True,False,False,6,1,relative_nuclear_iod_index; not_absolute_genome_size
published_bootstrap_tree_sensitivity,published_bootstrap_142,published_bootstrap_142,lambda,,,18,4,cell_collider,1,5,6.014663112941241,0.0494233864708435,21.014663112941243,4.168222574107649,0.1244176426168647,0.0539433793930945,False,False,False,6,1,relative_nuclear_iod_index; not_absolute_genome_size
published_bootstrap_tree_sensitivity,published_bootstrap_142,published_bootstrap_142,lambda,,,18,5,nucleus_collider,1,5,6.494008224091383,0.0388905451937396,21.49400822409138,4.647567685257787,0.0979024364496802,0.042447261994639,False,False,False,6,1,relative_nuclear_iod_index; not_absolute_genome_size
published_bootstrap_tree_sensitivity,published_bootstrap_142,published_bootstrap_142,lambda,,,18,6,iod_bridge,1,5,8.07259350675439,0.0176627610111878,23.07259350675439,6.226152967920797,0.0444639520687938,0.0192781006400308,False,False,False,6,1,relative_nuclear_iod_index; not_absolute_genome_size
published_bootstrap_tree_sensitivity,published_bootstrap_142,published_bootstrap_142,lambda,,,18,7,iod_cell_only,2,4,14.087256619695632,0.0070217131929772,25.16417969661871,8.317739157785116,0.0156252110087234,0.0067745752757613,False,False,False,6,1,relative_nuclear_iod_index; not_absolute_genome_size
published_bootstrap_tree_sensitivity,published_bootstrap_142,published_bootstrap_142,lambda,,,18,8,iod_nucleus_only,2,4,14.566601730845774,0.0056899186883222,25.64352480776885,8.797084268935254,0.0122952516670415,0.0053308149186785,False,False,False,6,1,relative_nuclear_iod_index; not_absolute_genome_size
published_bootstrap_tree_sensitivity,published_bootstrap_142,published_bootstrap_142,lambda,,,18,9,iod_collider,1,5,11.957231535772532,0.0025323291986514,26.95723153577253,10.110790996938938,0.0063748450222434,0.0027639221928196,False,False,False,6,1,relative_nuclear_iod_index; not_absolute_genome_size
published_bootstrap_tree_sensitivity,published_bootstrap_142,published_bootstrap_142,lambda,,,18,10,independent,3,3,24.46590287280516,0.00042860101026931385,32.18018858709087,15.333748048257274,0.0004680787419691263,0.00020294347837499036,False,False,False,6,1,relative_nuclear_iod_index; not_absolute_genome_size
published_bootstrap_tree_sensitivity,published_bootstrap_143,published_bootstrap_143,lambda,,,18,1,cell_bridge,1,5,1.8464405381903763,0.3972377666641234,16.846440538190375,0.0,1.0,0.4335669625840647,True,True,True,6,1,relative_nuclear_iod_index; not_absolute_genome_size
published_bootstrap_tree_sensitivity,published_bootstrap_143,published_bootstrap_143,lambda,,,18,2,nucleus_bridge,1,5,2.4389631520643222,0.2953832609989667,17.43896315206432,0.5925226138739461,0.7435930965967849,0.322397400289947,True,True,True,6,1,relative_nuclear_iod_index; not_absolute_genome_size
published_bootstrap_tree_sensitivity,published_bootstrap_143,published_bootstrap_143,lambda,,,18,3,nucleus_cell_only,2,4,8.453626264375579,0.0763054142192337,19.530549341298656,2.6841088031082805,0.2613082846220745,0.1132946392616451,True,False,False,6,1,relative_nuclear_iod_index; not_absolute_genome_size
published_bootstrap_tree_sensitivity,published_bootstrap_143,published_bootstrap_143,lambda,,,18,4,cell_collider,1,5,6.014663112311257,0.0494233864864114,21.014663112311258,4.1682225741208825,0.1244176426160415,0.0539433794009068,False,False,False,6,1,relative_nuclear_iod_index; not_absolute_genome_size
published_bootstrap_tree_sensitivity,published_bootstrap_143,published_bootstrap_143,lambda,,,18,5,nucleus_collider,1,5,6.494008223950682,0.0388905451964756,21.494008223950683,4.647567685760308,0.0979024364250812,0.0424472619904019,False,False,False,6,1,relative_nuclear_iod_index; not_absolute_genome_size
published_bootstrap_tree_sensitivity,published_bootstrap_143,published_bootstrap_143,lambda,,,18,6,iod_bridge,1,5,8.072593508471575,0.0176627609960227,23.072593508471577,6.226152970281202,0.0444639520163173,0.0192781006201983,False,False,False,6,1,relative_nuclear_iod_index; not_absolute_genome_size
published_bootstrap_tree_sensitivity,published_bootstrap_143,published_bootstrap_143,lambda,,,18,7,iod_cell_only,2,4,14.087256620782831,0.0070217131896347,25.164179697705908,8.317739159515533,0.0156252109952043,0.0067745752709258,False,False,False,6,1,relative_nuclear_iod_index; not_absolute_genome_size
published_bootstrap_tree_sensitivity,published_bootstrap_143,published_bootstrap_143,lambda,,,18,8,iod_nucleus_only,2,4,14.566601732422257,0.0056899186843786,25.643524809345333,8.797084271154958,0.0122952516533956,0.0053308149135694,False,False,False,6,1,relative_nuclear_iod_index; not_absolute_genome_size
published_bootstrap_tree_sensitivity,published_bootstrap_143,published_bootstrap_143,lambda,,,18,9,iod_collider,1,5,11.95723153740872,0.0025323291965797,26.95723153740872,10.110790999218342,0.006374845014978,0.0027639221900881,False,False,False,6,1,relative_nuclear_iod_index; not_absolute_genome_size
published_bootstrap_tree_sensitivity,published_bootstrap_143,published_bootstrap_143,lambda,,,18,10,independent,3,3,24.465902873670657,0.0004286010101117732,32.18018858795637,15.333748049765996,0.0004680787416160256,0.00020294347825263145,False,False,False,6,1,relative_nuclear_iod_index; not_absolute_genome_size
published_bootstrap_tree_sensitivity,published_bootstrap_144,published_bootstrap_144,lambda,,,18,1,cell_bridge,1,5,1.8464405359600773,0.397237767107103,16.846440535960078,0.0,1.0,0.433566962833364,True,True,True,6,1,relative_nuclear_iod_index; not_absolute_genome_size
published_bootstrap_tree_sensitivity,published_bootstrap_144,published_bootstrap_144,lambda,,,18,2,nucleus_bridge,1,5,2.4389631516559143,0.2953832610592852,17.438963151655916,0.5925226156958381,0.7435930959194117,0.3223974001816376,True,True,True,6,1,relative_nuclear_iod_index; not_absolute_genome_size
published_bootstrap_tree_sensitivity,published_bootstrap_144,published_bootstrap_144,lambda,,,18,3,nucleus_cell_only,2,4,8.45362626265558,0.0763054142723013,19.530549339578656,2.684108803618578,0.261308284555402,0.1132946392978821,True,False,False,6,1,relative_nuclear_iod_index; not_absolute_genome_size
published_bootstrap_tree_sensitivity,published_bootstrap_144,published_bootstrap_144,lambda,,,18,4,cell_collider,1,5,6.014663110999667,0.049423386518823,21.014663110999667,4.168222575039589,0.1244176425588898,0.0539433794071449,False,False,False,6,1,relative_nuclear_iod_index; not_absolute_genome_size
published_bootstrap_tree_sensitivity,published_bootstrap_144,published_bootstrap_144,lambda,,,18,5,nucleus_collider,1,5,6.494008224005214,0.0388905451954152,21.494008224005213,4.647567688045136,0.0979024363132361,0.0424472619663166,False,False,False,6,1,relative_nuclear_iod_index; not_absolute_genome_size
published_bootstrap_tree_sensitivity,published_bootstrap_144,published_bootstrap_144,lambda,,,18,6,iod_bridge,1,5,8.072593516878221,0.0176627609217804,23.07259351687822,6.226152980918144,0.0444639517798371,0.0192781005287531,False,False,False,6,1,relative_nuclear_iod_index; not_absolute_genome_size
published_bootstrap_tree_sensitivity,published_bootstrap_144,published_bootstrap_144,lambda,,,18,7,iod_cell_only,2,4,14.087256627877888,0.0070217131678218,25.164179704800965,8.317739168840887,0.015625210922349,0.0067745752432335,False,False,False,6,1,relative_nuclear_iod_index; not_absolute_genome_size
published_bootstrap_tree_sensitivity,published_bootstrap_144,published_bootstrap_144,lambda,,,18,8,iod_nucleus_only,2,4,14.566601740883437,0.005689918663213,25.64352481780651,8.797084281846434,0.0122952515876684,0.0053308148881375,False,False,False,6,1,relative_nuclear_iod_index; not_absolute_genome_size
published_bootstrap_tree_sensitivity,published_bootstrap_144,published_bootstrap_144,lambda,,,18,9,iod_collider,1,5,11.957231546398235,0.0025323291851976,26.957231546398237,10.110791010438156,0.0063748449792157,0.002763922176172,False,False,False,6,1,relative_nuclear_iod_index; not_absolute_genome_size
published_bootstrap_tree_sensitivity,published_bootstrap_144,published_bootstrap_144,lambda,,,18,10,independent,3,3,24.46590288140312,0.0004286010087036773,32.18018859568883,15.333748059728755,0.000468078739284348,0.0002029434773583848,False,False,False,6,1,relative_nuclear_iod_index; not_absolute_genome_size
published_bootstrap_tree_sensitivity,published_bootstrap_145,published_bootstrap_145,lambda,,,18,1,cell_bridge,1,5,1.8464405331125096,0.3972377676726837,16.84644053311251,0.0,1.0,0.4335669621160731,True,True,True,6,1,relative_nuclear_iod_index; not_absolute_genome_size
published_bootstrap_tree_sensitivity,published_bootstrap_145,published_bootstrap_145,lambda,,,18,2,nucleus_bridge,1,5,2.4389631504616838,0.295383261235663,17.43896315046168,0.5925226173491716,0.7435930953047081,0.3223973993817499,True,True,True,6,1,relative_nuclear_iod_index; not_absolute_genome_size
published_bootstrap_tree_sensitivity,published_bootstrap_145,published_bootstrap_145,lambda,,,18,3,nucleus_cell_only,2,4,8.45362624382022,0.0763054148534341,19.530549320743297,2.6841087876307874,0.2613082866442731,0.1132946400161135,True,False,False,6,1,relative_nuclear_iod_index; not_absolute_genome_size
published_bootstrap_tree_sensitivity,published_bootstrap_145,published_bootstrap_145,lambda,,,18,4,cell_collider,1,5,6.014663093358538,0.0494233869547652,21.01466309335854,4.168222560246029,0.1244176434791797,0.0539433797169086,False,False,False,6,1,relative_nuclear_iod_index; not_absolute_genome_size
published_bootstrap_tree_sensitivity,published_bootstrap_145,published_bootstrap_145,lambda,,,18,5,nucleus_collider,1,5,6.49400820773749,0.0388905455117456,21.49400820773749,4.64756767462498,0.0979024369701691,0.0424472621809165,False,False,False,6,1,relative_nuclear_iod_index; not_absolute_genome_size
published_bootstrap_tree_sensitivity,published_bootstrap_145,published_bootstrap_145,lambda,,,18,6,iod_bridge,1,5,8.072593502196844,0.0176627610514372,23.072593502196845,6.226152969084335,0.044463952042926,0.0192781006109262,False,False,False,6,1,relative_nuclear_iod_index; not_absolute_genome_size
published_bootstrap_tree_sensitivity,published_bootstrap_145,published_bootstrap_145,lambda,,,18,7,iod_cell_only,2,4,14.08725659555538,0.0070217132671934,25.164179672478458,8.317739139365948,0.0156252111526251,0.0067745753318658,False,False,False,6,1,relative_nuclear_iod_index; not_absolute_genome_size
published_bootstrap_tree_sensitivity,published_bootstrap_145,published_bootstrap_145,lambda,,,18,8,iod_nucleus_only,2,4,14.566601709934334,0.0056899187406321,25.64352478685741,8.797084253744902,0.0122952517604261,0.0053308149542202,False,False,False,6,1,relative_nuclear_iod_index; not_absolute_genome_size
published_bootstrap_tree_sensitivity,published_bootstrap_145,published_bootstrap_145,lambda,,,18,9,iod_collider,1,5,11.957231517150497,0.00253232922223,26.957231517150497,10.110790984037989,0.0063748450633642,0.0027639222080834,False,False,False,6,1,relative_nuclear_iod_index; not_absolute_genome_size
published_bootstrap_tree_sensitivity,published_bootstrap_145,published_bootstrap_145,lambda,,,18,10,independent,3,3,24.465902818246526,0.0004286010202042556,32.18018853253224,15.333747999419732,0.0004680787533990341,0.00020294348314229773,False,False,False,6,1,relative_nuclear_iod_index; not_absolute_genome_size
published_bootstrap_tree_sensitivity,published_bootstrap_146,published_bootstrap_146,lambda,,,18,1,cell_bridge,1,5,1.846440528983048,0.3972377684928729,16.84644052898305,0.0,1.0,0.4335669629208707,True,True,True,6,1,relative_nuclear_iod_index; not_absolute_genome_size
published_bootstrap_tree_sensitivity,published_bootstrap_146,published_bootstrap_146,lambda,,,18,2,nucleus_bridge,1,5,2.4389631539641368,0.29538326071838,17.43896315396414,0.5925226249810898,0.7435930924671872,0.3223973987499365,True,True,True,6,1,relative_nuclear_iod_index; not_absolute_genome_size
published_bootstrap_tree_sensitivity,published_bootstrap_146,published_bootstrap_146,lambda,,,18,3,nucleus_cell_only,2,4,8.453626244647737,0.0763054148279025,19.530549321570813,2.6841087925877645,0.2613082859966235,0.1132946399456143,True,False,False,6,1,relative_nuclear_iod_index; not_absolute_genome_size
published_bootstrap_tree_sensitivity,published_bootstrap_146,published_bootstrap_146,lambda,,,18,4,cell_collider,1,5,6.0146630906836,0.0494233870208674,21.0146630906836,4.168222561700549,0.1244176433886957,0.0539433797778087,False,False,False,6,1,relative_nuclear_iod_index; not_absolute_genome_size
published_bootstrap_tree_sensitivity,published_bootstrap_146,published_bootstrap_146,lambda,,,18,5,nucleus_collider,1,5,6.494008211187367,0.0388905454446617,21.494008211187367,4.647567682204318,0.0979024365991512,0.0424472620988471,False,False,False,6,1,relative_nuclear_iod_index; not_absolute_genome_size
published_bootstrap_tree_sensitivity,published_bootstrap_146,published_bootstrap_146,lambda,,,18,6,iod_bridge,1,5,8.072593506452844,0.0176627610138508,23.072593506452844,6.226152977469795,0.0444639518565007,0.0192781005658828,False,False,False,6,1,relative_nuclear_iod_index; not_absolute_genome_size
published_bootstrap_tree_sensitivity,published_bootstrap_146,published_bootstrap_146,lambda,,,18,7,iod_cell_only,2,4,14.087256597136443,0.0070217132623326,25.16417967405952,8.31773914507647,0.015625211108011,0.0067745753250978,False,False,False,6,1,relative_nuclear_iod_index; not_absolute_genome_size
published_bootstrap_tree_sensitivity,published_bootstrap_146,published_bootstrap_146,lambda,,,18,8,iod_nucleus_only,2,4,14.56660171764021,0.0056899187213559,25.643524794563287,8.797084265580239,0.0122952516876669,0.0053308149325694,False,False,False,6,1,relative_nuclear_iod_index; not_absolute_genome_size
published_bootstrap_tree_sensitivity,published_bootstrap_146,published_bootstrap_146,lambda,,,18,9,iod_collider,1,5,11.957231521974498,0.002532329216122,26.9572315219745,10.11079099299145,0.0063748450348257,0.0027639222008405,False,False,False,6,1,relative_nuclear_iod_index; not_absolute_genome_size
published_bootstrap_tree_sensitivity,published_bootstrap_146,published_bootstrap_146,lambda,,,18,10,independent,3,3,24.465902823845465,0.0004286010191846268,32.180188538131176,15.333748009148128,0.0004680787511222064,0.0002029434825318491,False,False,False,6,1,relative_nuclear_iod_index; not_absolute_genome_size
published_bootstrap_tree_sensitivity,published_bootstrap_147,published_bootstrap_147,lambda,,,18,1,cell_bridge,1,5,1.846440537817024,0.3972377667382784,16.846440537817024,0.0,1.0,0.4335669624439323,True,True,True,6,1,relative_nuclear_iod_index; not_absolute_genome_size
published_bootstrap_tree_sensitivity,published_bootstrap_147,published_bootstrap_147,lambda,,,18,2,nucleus_bridge,1,5,2.438963151774867,0.2953832610417168,17.438963151774868,0.5925226139578434,0.7435930965655921,0.3223974001722214,True,True,True,6,1,relative_nuclear_iod_index; not_absolute_genome_size
published_bootstrap_tree_sensitivity,published_bootstrap_147,published_bootstrap_147,lambda,,,18,3,nucleus_cell_only,2,4,8.453626261203851,0.0763054143170919,19.530549338126928,2.684108800309904,0.261308284987694,0.1132946393835478,True,False,False,6,1,relative_nuclear_iod_index; not_absolute_genome_size
published_bootstrap_tree_sensitivity,published_bootstrap_147,published_bootstrap_147,lambda,,,18,4,cell_collider,1,5,6.014663109428984,0.0494233865576373,21.014663109428984,4.16822257161196,0.1244176427721186,0.0539433794511417,False,False,False,6,1,relative_nuclear_iod_index; not_absolute_genome_size
published_bootstrap_tree_sensitivity,published_bootstrap_147,published_bootstrap_147,lambda,,,18,5,nucleus_collider,1,5,6.494008221143408,0.0388905452510638,21.494008221143407,4.647567683326383,0.0979024365442248,0.0424472620283394,False,False,False,6,1,relative_nuclear_iod_index; not_absolute_genome_size
published_bootstrap_tree_sensitivity,published_bootstrap_147,published_bootstrap_147,lambda,,,18,6,iod_bridge,1,5,8.072593505918942,0.017662761018566,23.07259350591894,6.226152968101918,0.0444639520647671,0.0192781006349737,False,False,False,6,1,relative_nuclear_iod_index; not_absolute_genome_size
published_bootstrap_tree_sensitivity,published_bootstrap_147,published_bootstrap_147,lambda,,,18,7,iod_cell_only,2,4,14.087256615347926,0.0070217132063437,25.164179692271,8.317739154453978,0.0156252110347482,0.0067745752858812,False,False,False,6,1,relative_nuclear_iod_index; not_absolute_genome_size
published_bootstrap_tree_sensitivity,published_bootstrap_147,published_bootstrap_147,lambda,,,18,8,iod_nucleus_only,2,4,14.566601727062348,0.0056899186977864,25.643524803985425,8.797084266168401,0.0122952516840511,0.0053308149251377,False,False,False,6,1,relative_nuclear_iod_index; not_absolute_genome_size
published_bootstrap_tree_sensitivity,published_bootstrap_147,published_bootstrap_147,lambda,,,18,9,iod_collider,1,5,11.957231532407352,0.0025323292029123,26.957231532407352,10.110790994590328,0.0063748450297294,0.0027639221955905,False,False,False,6,1,relative_nuclear_iod_index; not_absolute_genome_size
published_bootstrap_tree_sensitivity,published_bootstrap_147,published_bootstrap_147,lambda,,,18,10,independent,3,3,24.465902862979743,0.0004286010120584383,32.180188577265454,15.33374803944843,0.0004680787440307425,0.00020294347923397992,False,False,False,6,1,relative_nuclear_iod_index; not_absolute_genome_size
published_bootstrap_tree_sensitivity,published_bootstrap_148,published_bootstrap_148,lambda,,,18,1,cell_bridge,1,5,1.846440535124996,0.397237767272966,16.846440535124994,0.0,1.0,0.4335669628258141,True,True,True,6,1,relative_nuclear_iod_index; not_absolute_genome_size
published_bootstrap_tree_sensitivity,published_bootstrap_148,published_bootstrap_148,lambda,,,18,2,nucleus_bridge,1,5,2.4389631526525672,0.2953832609120879,17.43896315265257,0.5925226175275746,0.7435930952383784,0.32239739988075,True,True,True,6,1,relative_nuclear_iod_index; not_absolute_genome_size
published_bootstrap_tree_sensitivity,published_bootstrap_148,published_bootstrap_148,lambda,,,18,3,nucleus_cell_only,2,4,8.45362625993807,0.0763054143561454,19.530549336861142,2.6841088017361514,0.2613082848013489,0.1132946394025436,True,False,False,6,1,relative_nuclear_iod_index; not_absolute_genome_size
published_bootstrap_tree_sensitivity,published_bootstrap_148,published_bootstrap_148,lambda,,,18,4,cell_collider,1,5,6.014663107285503,0.0494233866106064,21.014663107285504,4.168222572160509,0.124417642737994,0.0539433794838592,False,False,False,6,1,relative_nuclear_iod_index; not_absolute_genome_size
published_bootstrap_tree_sensitivity,published_bootstrap_148,published_bootstrap_148,lambda,,,18,5,nucleus_collider,1,5,6.494008221811996,0.038890545238063,21.494008221811995,4.647567686687001,0.0979024363797184,0.042447261994402,False,False,False,6,1,relative_nuclear_iod_index; not_absolute_genome_size
published_bootstrap_tree_sensitivity,published_bootstrap_148,published_bootstrap_148,lambda,,,18,6,iod_bridge,1,5,8.072593511608572,0.0176627609683186,23.072593511608574,6.226152976483579,0.0444639518784262,0.0192781005711624,False,False,False,6,1,relative_nuclear_iod_index; not_absolute_genome_size
published_bootstrap_tree_sensitivity,published_bootstrap_148,published_bootstrap_148,lambda,,,18,7,iod_cell_only,2,4,14.087256618894074,0.0070217131954415,25.16417969581715,8.317739160692156,0.0156252109860118,0.0067745752707177,False,False,False,6,1,relative_nuclear_iod_index; not_absolute_genome_size
published_bootstrap_tree_sensitivity,published_bootstrap_148,published_bootstrap_148,lambda,,,18,8,iod_nucleus_only,2,4,14.566601733420567,0.0056899186818812,25.64352481034365,8.797084275218651,0.0122952516284136,0.0053308149057104,False,False,False,6,1,relative_nuclear_iod_index; not_absolute_genome_size
published_bootstrap_tree_sensitivity,published_bootstrap_148,published_bootstrap_148,lambda,,,18,9,iod_collider,1,5,11.957231538173437,0.0025323291956115,26.95723153817344,10.110791003048444,0.0063748450027698,0.0027639221863362,False,False,False,6,1,relative_nuclear_iod_index; not_absolute_genome_size
published_bootstrap_tree_sensitivity,published_bootstrap_148,published_bootstrap_148,lambda,,,18,10,independent,3,3,24.46590286727093,0.0004286010112770633,32.18018858155665,15.333748046431657,0.000468078742396393,0.00020294347870413072,False,False,False,6,1,relative_nuclear_iod_index; not_absolute_genome_size
published_bootstrap_tree_sensitivity,published_bootstrap_149,published_bootstrap_149,lambda,,,18,1,cell_bridge,1,5,1.8464405346380293,0.3972377673696866,16.84644053463803,0.0,1.0,0.4335669617974597,True,True,True,6,1,relative_nuclear_iod_index; not_absolute_genome_size
published_bootstrap_tree_sensitivity,published_bootstrap_149,published_bootstrap_149,lambda,,,18,2,nucleus_bridge,1,5,2.4389631461232955,0.2953832618764067,17.438963146123296,0.5925226114852649,0.7435930974848883,0.3223974000900853,True,True,True,6,1,relative_nuclear_iod_index; not_absolute_genome_size
published_bootstrap_tree_sensitivity,published_bootstrap_149,published_bootstrap_149,lambda,,,18,3,nucleus_cell_only,2,4,8.453626244300526,0.076305414838615,19.530549321223603,2.684108786585572,0.2613082867808348,0.1132946399920658,True,False,False,6,1,relative_nuclear_iod_index; not_absolute_genome_size
published_bootstrap_tree_sensitivity,published_bootstrap_149,published_bootstrap_149,lambda,,,18,4,cell_collider,1,5,6.01466309817723,0.0494233868356871,21.01466309817723,4.168222563539199,0.1244176432743155,0.0539433795884451,False,False,False,6,1,relative_nuclear_iod_index; not_absolute_genome_size
published_bootstrap_tree_sensitivity,published_bootstrap_149,published_bootstrap_149,lambda,,,18,5,nucleus_collider,1,5,6.494008207678154,0.0388905455128993,21.494008207678156,4.647567673040122,0.0979024370477498,0.0424472621833599,False,False,False,6,1,relative_nuclear_iod_index; not_absolute_genome_size
published_bootstrap_tree_sensitivity,published_bootstrap_149,published_bootstrap_149,lambda,,,18,6,iod_bridge,1,5,8.072593514919943,0.0176627609390747,23.072593514919944,6.226152980281913,0.0444639517939818,0.0192781004888253,False,False,False,6,1,relative_nuclear_iod_index; not_absolute_genome_size
published_bootstrap_tree_sensitivity,published_bootstrap_149,published_bootstrap_149,lambda,,,18,7,iod_cell_only,2,4,14.087256613097171,0.0070217132132633,25.164179690020248,8.317739155382217,0.0156252110274963,0.0067745752726357,False,False,False,6,1,relative_nuclear_iod_index; not_absolute_genome_size
published_bootstrap_tree_sensitivity,published_bootstrap_149,published_bootstrap_149,lambda,,,18,8,iod_nucleus_only,2,4,14.566601722598095,0.0056899187089537,25.64352479952117,8.797084264883143,0.0122952516919524,0.0053308149206148,False,False,False,6,1,relative_nuclear_iod_index; not_absolute_genome_size
published_bootstrap_tree_sensitivity,published_bootstrap_149,published_bootstrap_149,lambda,,,18,9,iod_collider,1,5,11.957231533543276,0.002532329201474,26.95723153354328,10.110790998905248,0.0063748450159759,0.0027639221855063,False,False,False,6,1,relative_nuclear_iod_index; not_absolute_genome_size
published_bootstrap_tree_sensitivity,published_bootstrap_149,published_bootstrap_149,lambda,,,18,10,independent,3,3,24.465902839398662,0.0004286010163524479,32.180188553684374,15.333748019046345,0.00046807874880563417,0.0002029434810016151,False,False,False,6,1,relative_nuclear_iod_index; not_absolute_genome_size
published_bootstrap_tree_sensitivity,published_bootstrap_150,published_bootstrap_150,lambda,,,18,1,cell_bridge,1,5,1.8464405311620853,0.3972377680600748,16.846440531162084,0.0,1.0,0.4335669633970003,True,True,True,6,1,relative_nuclear_iod_index; not_absolute_genome_size
published_bootstrap_tree_sensitivity,published_bootstrap_150,published_bootstrap_150,lambda,,,18,2,nucleus_bridge,1,5,2.4389631494840245,0.2953832613800551,17.438963149484024,0.5925226183219401,0.743593094943036,0.3223974001774294,True,True,True,6,1,relative_nuclear_iod_index; not_absolute_genome_size
published_bootstrap_tree_sensitivity,published_bootstrap_150,published_bootstrap_150,lambda,,,18,3,nucleus_cell_only,2,4,8.45362625988251,0.0763054143578596,19.530549336805585,2.6841088056435005,0.2613082842908375,0.1132946393304585,True,False,False,6,1,relative_nuclear_iod_index; not_absolute_genome_size
published_bootstrap_tree_sensitivity,published_bootstrap_150,published_bootstrap_150,lambda,,,18,4,cell_collider,1,5,6.014663110398486,0.0494233865336792,21.014663110398487,4.168222579236403,0.124417642297811,0.0539433793640761,False,False,False,6,1,relative_nuclear_iod_index; not_absolute_genome_size
published_bootstrap_tree_sensitivity,published_bootstrap_150,published_bootstrap_150,lambda,,,18,5,nucleus_collider,1,5,6.494008225224633,0.0388905451717033,21.494008225224636,4.647567694062548,0.0979024360186764,0.0424472618937866,False,False,False,6,1,relative_nuclear_iod_index; not_absolute_genome_size
published_bootstrap_tree_sensitivity,published_bootstrap_150,published_bootstrap_150,lambda,,,18,6,iod_bridge,1,5,8.07259354204402,0.0176627606995316,23.072593542044014,6.226153010881934,0.0444639511136828,0.0192781002649921,False,False,False,6,1,relative_nuclear_iod_index; not_absolute_genome_size
published_bootstrap_tree_sensitivity,published_bootstrap_150,published_bootstrap_150,lambda,,,18,7,iod_cell_only,2,4,14.087256652442504,0.0070217130923009,25.164179729365586,8.317739198203498,0.0156252106929505,0.0067745751525809,False,False,False,6,1,relative_nuclear_iod_index; not_absolute_genome_size
published_bootstrap_tree_sensitivity,published_bootstrap_150,published_bootstrap_150,lambda,,,18,8,iod_nucleus_only,2,4,14.566601767268653,0.0056899185972102,25.64352484419173,8.797084313029647,0.0122952513959657,0.0053308148119516,False,False,False,6,1,relative_nuclear_iod_index; not_absolute_genome_size
published_bootstrap_tree_sensitivity,published_bootstrap_150,published_bootstrap_150,lambda,,,18,9,iod_collider,1,5,11.957231575036417,0.0025323291489369,26.957231575036417,10.110791043874332,0.0063748448726405,0.0027639221335576,False,False,False,6,1,relative_nuclear_iod_index; not_absolute_genome_size
published_bootstrap_tree_sensitivity,published_bootstrap_150,published_bootstrap_150,lambda,,,18,10,independent,3,3,24.465902910659533,0.00042860100337616114,32.180188624945245,15.33374809378316,0.00046807873131427647,0.00020294347416665123,False,False,False,6,1,relative_nuclear_iod_index; not_absolute_genome_size
published_bootstrap_tree_sensitivity,published_bootstrap_151,published_bootstrap_151,lambda,,,18,1,cell_bridge,1,5,1.846440529048132,0.3972377684799461,16.84644052904813,0.0,1.0,0.4335669632338195,True,True,True,6,1,relative_nuclear_iod_index; not_absolute_genome_size
published_bootstrap_tree_sensitivity,published_bootstrap_151,published_bootstrap_151,lambda,,,18,2,nucleus_bridge,1,5,2.438963149189993,0.295383261423481,17.438963149189995,0.5925226201418639,0.7435930942663946,0.32239739976272,True,True,True,6,1,relative_nuclear_iod_index; not_absolute_genome_size
published_bootstrap_tree_sensitivity,published_bootstrap_151,published_bootstrap_151,lambda,,,18,3,nucleus_cell_only,2,4,8.453626251702389,0.0763054146102433,19.530549328625465,2.6841087995773343,0.2613082850834072,0.11329463963145,True,False,False,6,1,relative_nuclear_iod_index; not_absolute_genome_size
published_bootstrap_tree_sensitivity,published_bootstrap_151,published_bootstrap_151,lambda,,,18,4,cell_collider,1,5,6.014663102512395,0.0494233867285579,21.014663102512397,4.168222573464263,0.124417642656889,0.0539433794994579,False,False,False,6,1,relative_nuclear_iod_index; not_absolute_genome_size
published_bootstrap_tree_sensitivity,published_bootstrap_151,published_bootstrap_151,lambda,,,18,5,nucleus_collider,1,5,6.494008218793756,0.0388905452967535,21.49400821879376,4.647567689745625,0.0979024362299951,0.0424472619694316,False,False,False,6,1,relative_nuclear_iod_index; not_absolute_genome_size
published_bootstrap_tree_sensitivity,published_bootstrap_151,published_bootstrap_151,lambda,,,18,6,iod_bridge,1,5,8.072593538484469,0.0176627607309673,23.07259353848447,6.226153009436338,0.0444639511458213,0.0192781002716706,False,False,False,6,1,relative_nuclear_iod_index; not_absolute_genome_size
published_bootstrap_tree_sensitivity,published_bootstrap_151,published_bootstrap_151,lambda,,,18,7,iod_cell_only,2,4,14.087256640996864,0.0070217131274891,25.16417971791994,8.317739188871808,0.0156252107658553,0.0067745751816402,False,False,False,6,1,relative_nuclear_iod_index; not_absolute_genome_size
published_bootstrap_tree_sensitivity,published_bootstrap_151,published_bootstrap_151,lambda,,,18,8,iod_nucleus_only,2,4,14.566601757278224,0.0056899186222013,25.6435248342013,8.79708430515317,0.0122952514443873,0.0053308148309392,False,False,False,6,1,relative_nuclear_iod_index; not_absolute_genome_size
published_bootstrap_tree_sensitivity,published_bootstrap_151,published_bootstrap_151,lambda,,,18,9,iod_collider,1,5,11.957231565635322,0.0025323291608402,26.95723156563532,10.110791036587193,0.0063748448958677,0.0027639221425879,False,False,False,6,1,relative_nuclear_iod_index; not_absolute_genome_size
published_bootstrap_tree_sensitivity,published_bootstrap_151,published_bootstrap_151,lambda,,,18,10,independent,3,3,24.46590288694147,0.0004286010076951508,32.18018860122719,15.333748072179056,0.0004680787363704876,0.00020294347628247589,False,False,False,6,1,relative_nuclear_iod_index; not_absolute_genome_size
published_bootstrap_tree_sensitivity,published_bootstrap_152,published_bootstrap_152,lambda,,,18,1,cell_bridge,1,5,1.84644052747186,0.3972377687930233,16.84644052747186,0.0,1.0,0.4335669634558734,True,True,True,6,1,relative_nuclear_iod_index; not_absolute_genome_size
published_bootstrap_tree_sensitivity,published_bootstrap_152,published_bootstrap_152,lambda,,,18,2,nucleus_bridge,1,5,2.4389631513434518,0.2953832611054333,17.43896315134345,0.5925226238715915,0.7435930928796948,0.3223973993266105,True,True,True,6,1,relative_nuclear_iod_index; not_absolute_genome_size
published_bootstrap_tree_sensitivity,published_bootstrap_152,published_bootstrap_152,lambda,,,18,3,nucleus_cell_only,2,4,8.453626250325565,0.0763054146527228,19.530549327248643,2.684108799776784,0.2613082850573484,0.1132946396781763,True,False,False,6,1,relative_nuclear_iod_index; not_absolute_genome_size
published_bootstrap_tree_sensitivity,published_bootstrap_152,published_bootstrap_152,lambda,,,18,4,cell_collider,1,5,6.014663098982113,0.0494233868157971,21.014663098982112,4.1682225715102525,0.1244176427784457,0.0539433795797882,False,False,False,6,1,relative_nuclear_iod_index; not_absolute_genome_size
published_bootstrap_tree_sensitivity,published_bootstrap_152,published_bootstrap_152,lambda,,,18,5,nucleus_collider,1,5,6.494008218321089,0.0388905453059446,21.49400821832109,4.647567690849229,0.0979024361759723,0.0424472619677487,False,False,False,6,1,relative_nuclear_iod_index; not_absolute_genome_size
published_bootstrap_tree_sensitivity,published_bootstrap_152,published_bootstrap_152,lambda,,,18,6,iod_bridge,1,5,8.072593533756594,0.0176627607727211,23.0725935337566,6.226153006284736,0.0444639512158876,0.0192781003119225,False,False,False,6,1,relative_nuclear_iod_index; not_absolute_genome_size
published_bootstrap_tree_sensitivity,published_bootstrap_152,published_bootstrap_152,lambda,,,18,7,iod_cell_only,2,4,14.087256632738708,0.0070217131528778,25.164179709661784,8.317739182189925,0.0156252108180582,0.0067745752077433,False,False,False,6,1,relative_nuclear_iod_index; not_absolute_genome_size
published_bootstrap_tree_sensitivity,published_bootstrap_152,published_bootstrap_152,lambda,,,18,8,iod_nucleus_only,2,4,14.566601752077684,0.0056899186352105,25.64352482900076,8.797084301528901,0.012295251466668,0.0053308148433296,False,False,False,6,1,relative_nuclear_iod_index; not_absolute_genome_size
published_bootstrap_tree_sensitivity,published_bootstrap_152,published_bootstrap_152,lambda,,,18,9,iod_collider,1,5,11.95723155865876,0.0025323291696737,26.95723155865876,10.1107910311869,0.0063748449130807,0.0027639221514665,False,False,False,6,1,relative_nuclear_iod_index; not_absolute_genome_size
published_bootstrap_tree_sensitivity,published_bootstrap_152,published_bootstrap_152,lambda,,,18,10,independent,3,3,24.46590287596196,0.0004286010096944404,32.180188590247674,15.333748062775816,0.0004680787385712161,0.00020294347734057776,False,False,False,6,1,relative_nuclear_iod_index; not_absolute_genome_size
published_bootstrap_tree_sensitivity,published_bootstrap_153,published_bootstrap_153,lambda,,,18,1,cell_bridge,1,5,1.846440532770121,0.3972377677406886,16.84644053277012,0.0,1.0,0.4335669651327002,True,True,True,6,1,relative_nuclear_iod_index; not_absolute_genome_size
published_bootstrap_tree_sensitivity,published_bootstrap_153,published_bootstrap_153,lambda,,,18,2,nucleus_bridge,1,5,2.438963159024832,0.2953832599709578,17.43896315902483,0.5925226262547092,0.7435930919936599,0.3223974001893319,True,True,True,6,1,relative_nuclear_iod_index; not_absolute_genome_size
published_bootstrap_tree_sensitivity,published_bootstrap_153,published_bootstrap_153,lambda,,,18,3,nucleus_cell_only,2,4,8.45362628892002,0.076305413461957,19.530549365843097,2.684108833072976,0.2613082807070629,0.113294638230205,True,False,False,6,1,relative_nuclear_iod_index; not_absolute_genome_size
published_bootstrap_tree_sensitivity,published_bootstrap_153,published_bootstrap_153,lambda,,,18,4,cell_collider,1,5,6.0146631298951885,0.0494233860518827,21.01466312989519,4.1682225971250695,0.1244176411849781,0.0539433790975402,False,False,False,6,1,relative_nuclear_iod_index; not_absolute_genome_size
published_bootstrap_tree_sensitivity,published_bootstrap_153,published_bootstrap_153,lambda,,,18,5,nucleus_collider,1,5,6.494008251307548,0.0388905446645139,21.494008251307548,4.647567718537427,0.0979024348206013,0.0424472615442701,False,False,False,6,1,relative_nuclear_iod_index; not_absolute_genome_size
published_bootstrap_tree_sensitivity,published_bootstrap_153,published_bootstrap_153,lambda,,,18,6,iod_bridge,1,5,8.072593543865558,0.0176627606834449,23.07259354386556,6.2261530110954375,0.0444639511089362,0.0192781003401102,False,False,False,6,1,relative_nuclear_iod_index; not_absolute_genome_size
published_bootstrap_tree_sensitivity,published_bootstrap_153,published_bootstrap_153,lambda,,,18,7,iod_cell_only,2,4,14.087256673760749,0.0070217130267605,25.16417975068382,8.3177392179137,0.0156252105389625,0.0067745751129374,False,False,False,6,1,relative_nuclear_iod_index; not_absolute_genome_size
published_bootstrap_tree_sensitivity,published_bootstrap_153,published_bootstrap_153,lambda,,,18,8,iod_nucleus_only,2,4,14.566601795173106,0.0056899185274071,25.643524872096183,8.797084339326062,0.0122952512343052,0.0053308147632018,False,False,False,6,1,relative_nuclear_iod_index; not_absolute_genome_size
published_bootstrap_tree_sensitivity,published_bootstrap_153,published_bootstrap_153,lambda,,,18,9,iod_collider,1,5,11.95723159368166,0.0025323291253289,26.95723159368166,10.110791060911538,0.0063748448183357,0.0027639221210777,False,False,False,6,1,relative_nuclear_iod_index; not_absolute_genome_size
published_bootstrap_tree_sensitivity,published_bootstrap_153,published_bootstrap_153,lambda,,,18,10,independent,3,3,24.465902974884397,0.0004286009916811828,32.18018868917011,15.333748156399988,0.0004680787166594741,0.0002029434686252573,False,False,False,6,1,relative_nuclear_iod_index; not_absolute_genome_size
published_bootstrap_tree_sensitivity,published_bootstrap_154,published_bootstrap_154,lambda,,,18,1,cell_bridge,1,5,1.846440539456052,0.3972377664127364,16.84644053945605,0.0,1.0,0.4335669627481048,True,True,True,6,1,relative_nuclear_iod_index; not_absolute_genome_size
published_bootstrap_tree_sensitivity,published_bootstrap_154,published_bootstrap_154,lambda,,,18,2,nucleus_bridge,1,5,2.438963151862782,0.2953832610287326,17.438963151862783,0.5925226124067322,0.7435930971422899,0.3223974006484391,True,True,True,6,1,relative_nuclear_iod_index; not_absolute_genome_size
published_bootstrap_tree_sensitivity,published_bootstrap_154,published_bootstrap_154,lambda,,,18,3,nucleus_cell_only,2,4,8.453626270495747,0.0763054140304064,19.530549347418823,2.6841088079627724,0.261308283987815,0.1132946390295161,True,False,False,6,1,relative_nuclear_iod_index; not_absolute_genome_size
published_bootstrap_tree_sensitivity,published_bootstrap_154,published_bootstrap_154,lambda,,,18,4,cell_collider,1,5,6.014663118632964,0.0494233863301913,21.014663118632964,4.168222579176913,0.1244176423015118,0.0539433792849466,False,False,False,6,1,relative_nuclear_iod_index; not_absolute_genome_size
published_bootstrap_tree_sensitivity,published_bootstrap_154,published_bootstrap_154,lambda,,,18,5,nucleus_collider,1,5,6.494008229062896,0.0388905450970672,21.494008229062896,4.647567689606845,0.0979024362367885,0.0424472619248244,False,False,False,6,1,relative_nuclear_iod_index; not_absolute_genome_size
published_bootstrap_tree_sensitivity,published_bootstrap_154,published_bootstrap_154,lambda,,,18,6,iod_bridge,1,5,8.07259351428773,0.017662760944658,23.07259351428773,6.226152974831681,0.0444639519151512,0.0192781005836298,False,False,False,6,1,relative_nuclear_iod_index; not_absolute_genome_size
published_bootstrap_tree_sensitivity,published_bootstrap_154,published_bootstrap_154,lambda,,,18,7,iod_cell_only,2,4,14.087256632920695,0.0070217131523183,25.16417970984377,8.317739170387721,0.0156252109102642,0.0067745752366618,False,False,False,6,1,relative_nuclear_iod_index; not_absolute_genome_size
published_bootstrap_tree_sensitivity,published_bootstrap_154,published_bootstrap_154,lambda,,,18,8,iod_nucleus_only,2,4,14.566601743350626,0.0056899186570412,25.643524820273704,8.797084280817653,0.012295251593993,0.0053308148898313,False,False,False,6,1,relative_nuclear_iod_index; not_absolute_genome_size
published_bootstrap_tree_sensitivity,published_bootstrap_154,published_bootstrap_154,lambda,,,18,9,iod_collider,1,5,11.957231548285373,0.0025323291828081,26.95723154828537,10.11079100882932,0.0063748449843437,0.0027639221778519,False,False,False,6,1,relative_nuclear_iod_index; not_absolute_genome_size
published_bootstrap_tree_sensitivity,published_bootstrap_154,published_bootstrap_154,lambda,,,18,10,independent,3,3,24.465902895981237,0.0004286010060490231,32.18018861026695,15.333748070810902,0.0004680787366906894,0.00020294347619395205,False,False,False,6,1,relative_nuclear_iod_index; not_absolute_genome_size
published_bootstrap_tree_sensitivity,published_bootstrap_155,published_bootstrap_155,lambda,,,18,1,cell_bridge,1,5,1.8464405305577565,0.397237768180106,16.846440530557757,0.0,1.0,0.4335669630041791,True,True,True,6,1,relative_nuclear_iod_index; not_absolute_genome_size
published_bootstrap_tree_sensitivity,published_bootstrap_155,published_bootstrap_155,lambda,,,18,2,nucleus_bridge,1,5,2.438963148267759,0.2953832615596874,17.43896314826776,0.5925226177100029,0.7435930951705522,0.3223973999839738,True,True,True,6,1,relative_nuclear_iod_index; not_absolute_genome_size
published_bootstrap_tree_sensitivity,published_bootstrap_155,published_bootstrap_155,lambda,,,18,3,nucleus_cell_only,2,4,8.45362625231967,0.0763054145911981,19.530549329242746,2.6841087986849885,0.2613082851999959,0.1132946396219921,True,False,False,6,1,relative_nuclear_iod_index; not_absolute_genome_size
published_bootstrap_tree_sensitivity,published_bootstrap_155,published_bootstrap_155,lambda,,,18,4,cell_collider,1,5,6.014663104051912,0.0494233866905138,21.014663104051916,4.168222573494155,0.1244176426550294,0.0539433794700803,False,False,False,6,1,relative_nuclear_iod_index; not_absolute_genome_size
published_bootstrap_tree_sensitivity,published_bootstrap_155,published_bootstrap_155,lambda,,,18,5,nucleus_collider,1,5,6.494008218389412,0.0388905453046161,21.49400821838941,4.647567687831653,0.0979024363236863,0.0424472619875707,False,False,False,6,1,relative_nuclear_iod_index; not_absolute_genome_size
published_bootstrap_tree_sensitivity,published_bootstrap_155,published_bootstrap_155,lambda,,,18,6,iod_bridge,1,5,8.072593536967155,0.0176627607443673,23.072593536967155,6.2261530064093975,0.0444639512131162,0.0192781002906367,False,False,False,6,1,relative_nuclear_iod_index; not_absolute_genome_size
published_bootstrap_tree_sensitivity,published_bootstrap_155,published_bootstrap_155,lambda,,,18,7,iod_cell_only,2,4,14.087256641019067,0.0070217131274208,25.164179717942144,8.317739187384387,0.015625210777476,0.0067745751830904,False,False,False,6,1,relative_nuclear_iod_index; not_absolute_genome_size
published_bootstrap_tree_sensitivity,published_bootstrap_155,published_bootstrap_155,lambda,,,18,8,iod_nucleus_only,2,4,14.566601755356569,0.0056899186270084,25.643524832279645,8.797084301721888,0.0122952514654816,0.0053308148372615,False,False,False,6,1,relative_nuclear_iod_index; not_absolute_genome_size
published_bootstrap_tree_sensitivity,published_bootstrap_155,published_bootstrap_155,lambda,,,18,9,iod_collider,1,5,11.957231564427376,0.0025323291623696,26.95723156442737,10.110791033869615,0.0063748449045297,0.0027639221448796,False,False,False,6,1,relative_nuclear_iod_index; not_absolute_genome_size
published_bootstrap_tree_sensitivity,published_bootstrap_155,published_bootstrap_155,lambda,,,18,10,independent,3,3,24.4659028868687,0.0004286010077083624,32.18018860115441,15.333748070596656,0.00046807873674083145,0.00020294347633555496,False,False,False,6,1,relative_nuclear_iod_index; not_absolute_genome_size
published_bootstrap_tree_sensitivity,published_bootstrap_156,published_bootstrap_156,lambda,,,18,1,cell_bridge,1,5,1.846440537039157,0.3972377668927774,16.846440537039157,0.0,1.0,0.4335669626788329,True,True,True,6,1,relative_nuclear_iod_index; not_absolute_genome_size
published_bootstrap_tree_sensitivity,published_bootstrap_156,published_bootstrap_156,lambda,,,18,2,nucleus_bridge,1,5,2.4389631527320823,0.2953832609003441,17.438963152732082,0.5925226156929249,0.7435930959204948,0.3223974000671989,True,True,True,6,1,relative_nuclear_iod_index; not_absolute_genome_size
published_bootstrap_tree_sensitivity,published_bootstrap_156,published_bootstrap_156,lambda,,,18,3,nucleus_cell_only,2,4,8.453626262607578,0.0763054142737823,19.53054933953065,2.6841088024914974,0.2613082847026597,0.1132946393213479,True,False,False,6,1,relative_nuclear_iod_index; not_absolute_genome_size
published_bootstrap_tree_sensitivity,published_bootstrap_156,published_bootstrap_156,lambda,,,18,4,cell_collider,1,5,6.014663109875496,0.0494233865466032,21.014663109875496,4.1682225728363385,0.1244176426959514,0.0539433794473439,False,False,False,6,1,relative_nuclear_iod_index; not_absolute_genome_size
published_bootstrap_tree_sensitivity,published_bootstrap_156,published_bootstrap_156,lambda,,,18,5,nucleus_collider,1,5,6.494008222982858,0.0388905452152952,21.494008222982856,4.647567685943699,0.097902436416104,0.0424472619957877,False,False,False,6,1,relative_nuclear_iod_index; not_absolute_genome_size
published_bootstrap_tree_sensitivity,published_bootstrap_156,published_bootstrap_156,lambda,,,18,6,iod_bridge,1,5,8.072593507575169,0.0176627610039391,23.07259350757517,6.226152970536013,0.0444639520106524,0.0192781006219559,False,False,False,6,1,relative_nuclear_iod_index; not_absolute_genome_size
published_bootstrap_tree_sensitivity,published_bootstrap_156,published_bootstrap_156,lambda,,,18,7,iod_cell_only,2,4,14.087256617450665,0.007021713199879,25.164179694373743,8.317739157334586,0.0156252110122432,0.0067745752797941,False,False,False,6,1,relative_nuclear_iod_index; not_absolute_genome_size
published_bootstrap_tree_sensitivity,published_bootstrap_156,published_bootstrap_156,lambda,,,18,8,iod_nucleus_only,2,4,14.566601730558029,0.005689918689042,25.643524807481104,8.797084270441946,0.012295251657779,0.0053308149166351,False,False,False,6,1,relative_nuclear_iod_index; not_absolute_genome_size
published_bootstrap_tree_sensitivity,published_bootstrap_156,published_bootstrap_156,lambda,,,18,9,iod_collider,1,5,11.95723153506535,0.0025323291995468,26.95723153506535,10.110790998026191,0.0063748450187778,0.0027639221923398,False,False,False,6,1,relative_nuclear_iod_index; not_absolute_genome_size
published_bootstrap_tree_sensitivity,published_bootstrap_156,published_bootstrap_156,lambda,,,18,10,independent,3,3,24.465902867923703,0.00042860101115826943,32.18018858220942,15.33374804517026,0.000468078742691609,0.00020294347876332784,False,False,False,6,1,relative_nuclear_iod_index; not_absolute_genome_size
published_bootstrap_tree_sensitivity,published_bootstrap_157,published_bootstrap_157,lambda,,,18,1,cell_bridge,1,5,1.846440536012308,0.3972377670967291,16.84644053601231,0.0,1.0,0.4335669618411801,True,True,True,6,1,relative_nuclear_iod_index; not_absolute_genome_size
published_bootstrap_tree_sensitivity,published_bootstrap_157,published_bootstrap_157,lambda,,,18,2,nucleus_bridge,1,5,2.438963148167399,0.2953832615745096,17.4389631481674,0.59252261215509,0.7435930972358497,0.3223974000146206,True,True,True,6,1,relative_nuclear_iod_index; not_absolute_genome_size
published_bootstrap_tree_sensitivity,published_bootstrap_157,published_bootstrap_157,lambda,,,18,3,nucleus_cell_only,2,4,8.453626247911469,0.0763054147272056,19.530549324834546,2.684108788822236,0.2613082864886054,0.1132946398767893,True,False,False,6,1,relative_nuclear_iod_index; not_absolute_genome_size
published_bootstrap_tree_sensitivity,published_bootstrap_157,published_bootstrap_157,lambda,,,18,4,cell_collider,1,5,6.0146630997440695,0.0494233867969678,21.01466309974407,4.16822256373176,0.1244176432623365,0.053943379588691,False,False,False,6,1,relative_nuclear_iod_index; not_absolute_genome_size
published_bootstrap_tree_sensitivity,published_bootstrap_157,published_bootstrap_157,lambda,,,18,5,nucleus_collider,1,5,6.494008209905879,0.0388905454695807,21.49400820990588,4.647567673893569,0.0979024370059725,0.042447262169527,False,False,False,6,1,relative_nuclear_iod_index; not_absolute_genome_size
published_bootstrap_tree_sensitivity,published_bootstrap_157,published_bootstrap_157,lambda,,,18,6,iod_bridge,1,5,8.072593506445576,0.017662761013915,23.07259350644558,6.226152970433269,0.0444639520129366,0.0192781005857009,False,False,False,6,1,relative_nuclear_iod_index; not_absolute_genome_size
published_bootstrap_tree_sensitivity,published_bootstrap_157,published_bootstrap_157,lambda,,,18,7,iod_cell_only,2,4,14.087256606189646,0.0070217132344997,25.16417968311272,8.317739147100411,0.0156252110921988,0.0067745753013717,False,False,False,6,1,relative_nuclear_iod_index; not_absolute_genome_size
published_bootstrap_tree_sensitivity,published_bootstrap_157,published_bootstrap_157,lambda,,,18,8,iod_nucleus_only,2,4,14.566601716351457,0.0056899187245798,25.643524793274533,8.797084257262224,0.012295251738803,0.0053308149414653,False,False,False,6,1,relative_nuclear_iod_index; not_absolute_genome_size
published_bootstrap_tree_sensitivity,published_bootstrap_157,published_bootstrap_157,lambda,,,18,9,iod_collider,1,5,11.957231525323907,0.0025323292118811,26.957231525323905,10.110790989311596,0.006374845046555,0.0027639221990431,False,False,False,6,1,relative_nuclear_iod_index; not_absolute_genome_size
published_bootstrap_tree_sensitivity,published_bootstrap_157,published_bootstrap_157,lambda,,,18,10,independent,3,3,24.465902834973857,0.0004286010171582477,32.18018854925957,15.33374801324726,0.00046807875016284815,0.0002029434816105229,False,False,False,6,1,relative_nuclear_iod_index; not_absolute_genome_size
published_bootstrap_tree_sensitivity,published_bootstrap_158,published_bootstrap_158,lambda,,,18,1,cell_bridge,1,5,1.8464405385449247,0.3972377665937034,16.846440538544925,0.0,1.0,0.4335669615902856,True,True,True,6,1,relative_nuclear_iod_index; not_absolute_genome_size
published_bootstrap_tree_sensitivity,published_bootstrap_158,published_bootstrap_158,lambda,,,18,2,nucleus_bridge,1,5,2.438963144969613,0.295383262046796,17.438963144969613,0.5925226064246871,0.7435930993663936,0.3223974007517906,True,True,True,6,1,relative_nuclear_iod_index; not_absolute_genome_size
published_bootstrap_tree_sensitivity,published_bootstrap_158,published_bootstrap_158,lambda,,,18,3,nucleus_cell_only,2,4,8.453626251752894,0.076305414608685,19.53054932867597,2.684108790131045,0.261308286317604,0.1132946397370879,True,False,False,6,1,relative_nuclear_iod_index; not_absolute_genome_size
published_bootstrap_tree_sensitivity,published_bootstrap_158,published_bootstrap_158,lambda,,,18,4,cell_collider,1,5,6.014663106783281,0.0494233866230171,21.01466310678328,4.168222568238356,0.1244176429819865,0.0539433794359248,False,False,False,6,1,relative_nuclear_iod_index; not_absolute_genome_size
published_bootstrap_tree_sensitivity,published_bootstrap_158,published_bootstrap_158,lambda,,,18,5,nucleus_collider,1,5,6.494008212236714,0.0388905454242569,21.494008212236714,4.647567673691789,0.0979024370158499,0.0424472621492463,False,False,False,6,1,relative_nuclear_iod_index; not_absolute_genome_size
published_bootstrap_tree_sensitivity,published_bootstrap_158,published_bootstrap_158,lambda,,,18,6,iod_bridge,1,5,8.07259351569471,0.0176627609322324,23.07259351569471,6.226152977149784,0.0444639518636152,0.0192781005098043,False,False,False,6,1,relative_nuclear_iod_index; not_absolute_genome_size
published_bootstrap_tree_sensitivity,published_bootstrap_158,published_bootstrap_158,lambda,,,18,7,iod_cell_only,2,4,14.087256622477993,0.0070217131844232,25.164179699401068,8.317739160856142,0.0156252109847307,0.0067745752508568,False,False,False,6,1,relative_nuclear_iod_index; not_absolute_genome_size
published_bootstrap_tree_sensitivity,published_bootstrap_158,published_bootstrap_158,lambda,,,18,8,iod_nucleus_only,2,4,14.566601727931424,0.0056899186956124,25.6435248048545,8.797084266309575,0.0122952516831832,0.0053308149142656,False,False,False,6,1,relative_nuclear_iod_index; not_absolute_genome_size
published_bootstrap_tree_sensitivity,published_bootstrap_158,published_bootstrap_158,lambda,,,18,9,iod_collider,1,5,11.957231539483754,0.0025323291939524,26.957231539483757,10.110791000938828,0.006374845009494,0.0027639221813753,False,False,False,6,1,relative_nuclear_iod_index; not_absolute_genome_size
published_bootstrap_tree_sensitivity,published_bootstrap_158,published_bootstrap_158,lambda,,,18,10,independent,3,3,24.46590285850375,0.000428601012873564,32.18018857278946,15.333748034244536,0.00046807874524865866,0.00020294347936245427,False,False,False,6,1,relative_nuclear_iod_index; not_absolute_genome_size
published_bootstrap_tree_sensitivity,published_bootstrap_159,published_bootstrap_159,lambda,,,18,1,cell_bridge,1,5,1.846440534421073,0.3972377674127783,16.846440534421074,0.0,1.0,0.4335669639327388,True,True,True,6,1,relative_nuclear_iod_index; not_absolute_genome_size
published_bootstrap_tree_sensitivity,published_bootstrap_159,published_bootstrap_159,lambda,,,18,2,nucleus_bridge,1,5,2.438963151063346,0.2953832611468026,17.438963151063348,0.5925226166422739,0.7435930955675302,0.322397400846561,True,True,True,6,1,relative_nuclear_iod_index; not_absolute_genome_size
published_bootstrap_tree_sensitivity,published_bootstrap_159,published_bootstrap_159,lambda,,,18,3,nucleus_cell_only,2,4,8.45362627670887,0.0763054138387111,19.530549353631947,2.684108819210873,0.261308282518204,0.1132946387018961,True,False,False,6,1,relative_nuclear_iod_index; not_absolute_genome_size
published_bootstrap_tree_sensitivity,published_bootstrap_159,published_bootstrap_159,lambda,,,18,4,cell_collider,1,5,6.014663125645524,0.0494233861568991,21.014663125645523,4.168222591224449,0.1244176415520487,0.0539433791073935,False,False,False,6,1,relative_nuclear_iod_index; not_absolute_genome_size
published_bootstrap_tree_sensitivity,published_bootstrap_159,published_bootstrap_159,lambda,,,18,5,nucleus_collider,1,5,6.494008239140029,0.0388905449011146,21.49400823914003,4.647567704718956,0.0979024354970323,0.0424472617200691,False,False,False,6,1,relative_nuclear_iod_index; not_absolute_genome_size
published_bootstrap_tree_sensitivity,published_bootstrap_159,published_bootstrap_159,lambda,,,18,6,iod_bridge,1,5,8.072593549902587,0.0176627606301296,23.072593549902585,6.226153015481511,0.0444639510114251,0.0192781002444776,False,False,False,6,1,relative_nuclear_iod_index; not_absolute_genome_size
published_bootstrap_tree_sensitivity,published_bootstrap_159,published_bootstrap_159,lambda,,,18,7,iod_cell_only,2,4,14.087256675548112,0.0070217130212655,25.16417975247119,8.317739218050114,0.0156252105378967,0.0067745750937257,False,False,False,6,1,relative_nuclear_iod_index; not_absolute_genome_size
published_bootstrap_tree_sensitivity,published_bootstrap_159,published_bootstrap_159,lambda,,,18,8,iod_nucleus_only,2,4,14.566601789042616,0.0056899185427427,25.64352486596569,8.797084331544617,0.0122952512821426,0.0053308147691887,False,False,False,6,1,relative_nuclear_iod_index; not_absolute_genome_size
published_bootstrap_tree_sensitivity,published_bootstrap_159,published_bootstrap_159,lambda,,,18,9,iod_collider,1,5,11.957231594798994,0.0025323291239142,26.957231594798998,10.11079106037792,0.0063748448200366,0.0027639221141656,False,False,False,6,1,relative_nuclear_iod_index; not_absolute_genome_size
published_bootstrap_tree_sensitivity,published_bootstrap_159,published_bootstrap_159,lambda,,,18,10,independent,3,3,24.465902959584547,0.0004286009944671765,32.18018867387026,15.333748139449188,0.0004680787206266285,0.000202943469783608,False,False,False,6,1,relative_nuclear_iod_index; not_absolute_genome_size
published_bootstrap_tree_sensitivity,published_bootstrap_160,published_bootstrap_160,lambda,,,18,1,cell_bridge,1,5,1.8464405282828509,0.3972377686319454,16.84644052828285,0.0,1.0,0.4335669617797839,True,True,True,6,1,relative_nuclear_iod_index; not_absolute_genome_size
published_bootstrap_tree_sensitivity,published_bootstrap_160,published_bootstrap_160,lambda,,,18,2,nucleus_bridge,1,5,2.438963146667187,0.2953832617960784,17.438963146667188,0.5925226183843364,0.7435930949198373,0.3223973989648203,True,True,True,6,1,relative_nuclear_iod_index; not_absolute_genome_size
published_bootstrap_tree_sensitivity,published_bootstrap_160,published_bootstrap_160,lambda,,,18,3,nucleus_cell_only,2,4,8.45362622688968,0.0763054153757969,19.530549303812755,2.684108775529904,0.2613082882253037,0.113294640613721,True,False,False,6,1,relative_nuclear_iod_index; not_absolute_genome_size
published_bootstrap_tree_sensitivity,published_bootstrap_160,published_bootstrap_160,lambda,,,18,4,cell_collider,1,5,6.014663080222493,0.0494233872793791,21.01466308022249,4.1682225519396425,0.1244176439959103,0.0539433798991056,False,False,False,6,1,relative_nuclear_iod_index; not_absolute_genome_size
published_bootstrap_tree_sensitivity,published_bootstrap_160,published_bootstrap_160,lambda,,,18,5,nucleus_collider,1,5,6.49400819523179,0.0388905457549223,21.49400819523179,4.647567666948937,0.0979024373459207,0.0424472623109065,False,False,False,6,1,relative_nuclear_iod_index; not_absolute_genome_size
published_bootstrap_tree_sensitivity,published_bootstrap_160,published_bootstrap_160,lambda,,,18,6,iod_bridge,1,5,8.072593510345175,0.0176627609794761,23.072593510345172,6.226152982062324,0.0444639517543997,0.0192781004708779,False,False,False,6,1,relative_nuclear_iod_index; not_absolute_genome_size
published_bootstrap_tree_sensitivity,published_bootstrap_160,published_bootstrap_160,lambda,,,18,7,iod_cell_only,2,4,14.08725659056767,0.0070217132825276,25.164179667490743,8.317739139207895,0.0156252111538599,0.0067745753271466,False,False,False,6,1,relative_nuclear_iod_index; not_absolute_genome_size
published_bootstrap_tree_sensitivity,published_bootstrap_160,published_bootstrap_160,lambda,,,18,8,iod_nucleus_only,2,4,14.566601705576964,0.0056899187515321,25.64352478250004,8.79708425421719,0.0122952517575227,0.0053308149488266,False,False,False,6,1,relative_nuclear_iod_index; not_absolute_genome_size
published_bootstrap_tree_sensitivity,published_bootstrap_160,published_bootstrap_160,lambda,,,18,9,iod_collider,1,5,11.9572315168476,0.0025323292226135,26.9572315168476,10.110790988564748,0.0063748450489355,0.0027639221996838,False,False,False,6,1,relative_nuclear_iod_index; not_absolute_genome_size
published_bootstrap_tree_sensitivity,published_bootstrap_160,published_bootstrap_160,lambda,,,18,10,independent,3,3,24.465902792301883,0.0004286010249285877,32.1801885065876,15.333747978304746,0.0004680787583407721,0.00020294348512746223,False,False,False,6,1,relative_nuclear_iod_index; not_absolute_genome_size
published_bootstrap_tree_sensitivity,published_bootstrap_161,published_bootstrap_161,lambda,,,18,1,cell_bridge,1,5,1.846440538709476,0.3972377665610206,16.846440538709476,0.0,1.0,0.433566961735259,True,True,True,6,1,relative_nuclear_iod_index; not_absolute_genome_size
published_bootstrap_tree_sensitivity,published_bootstrap_161,published_bootstrap_161,lambda,,,18,2,nucleus_bridge,1,5,2.4389631434297114,0.2953832622742265,17.43896314342971,0.5925226047202337,0.7435931000001036,0.3223974011343475,True,True,True,6,1,relative_nuclear_iod_index; not_absolute_genome_size
published_bootstrap_tree_sensitivity,published_bootstrap_161,published_bootstrap_161,lambda,,,18,3,nucleus_cell_only,2,4,8.453626255128716,0.0763054145045298,19.53054933205179,2.6841087933423147,0.2613082858980384,0.1132946395930609,True,False,False,6,1,relative_nuclear_iod_index; not_absolute_genome_size
published_bootstrap_tree_sensitivity,published_bootstrap_161,published_bootstrap_161,lambda,,,18,4,cell_collider,1,5,6.014663111699004,0.0494233865015412,21.014663111699004,4.168222572989528,0.1244176426864217,0.0539433793258149,False,False,False,6,1,relative_nuclear_iod_index; not_absolute_genome_size
published_bootstrap_tree_sensitivity,published_bootstrap_161,published_bootstrap_161,lambda,,,18,5,nucleus_collider,1,5,6.4940082156678764,0.0388905453575371,21.49400821566788,4.647567676958399,0.0979024368559454,0.0424472620941102,False,False,False,6,1,relative_nuclear_iod_index; not_absolute_genome_size
published_bootstrap_tree_sensitivity,published_bootstrap_161,published_bootstrap_161,lambda,,,18,6,iod_bridge,1,5,8.072593527279198,0.0176627608299254,23.0725935272792,6.226152988569719,0.0444639516097275,0.0192781004061731,False,False,False,6,1,relative_nuclear_iod_index; not_absolute_genome_size
published_bootstrap_tree_sensitivity,published_bootstrap_161,published_bootstrap_161,lambda,,,18,7,iod_cell_only,2,4,14.087256638978202,0.0070217131336952,25.16417971590128,8.3177391771918,0.0156252108571066,0.0067745751977885,False,False,False,6,1,relative_nuclear_iod_index; not_absolute_genome_size
published_bootstrap_tree_sensitivity,published_bootstrap_161,published_bootstrap_161,lambda,,,18,8,iod_nucleus_only,2,4,14.566601742947077,0.0056899186580507,25.64352481987015,8.797084281160675,0.0122952515918842,0.0053308148764638,False,False,False,6,1,relative_nuclear_iod_index; not_absolute_genome_size
published_bootstrap_tree_sensitivity,published_bootstrap_161,published_bootstrap_161,lambda,,,18,9,iod_collider,1,5,11.957231555760352,0.0025323291733435,26.95723155576035,10.110791017050875,0.0063748449581381,0.0027639221600333,False,False,False,6,1,relative_nuclear_iod_index; not_absolute_genome_size
published_bootstrap_tree_sensitivity,published_bootstrap_161,published_bootstrap_161,lambda,,,18,10,independent,3,3,24.465902883127235,0.0004286010083897063,32.18018859741295,15.333748058703474,0.0004680787395243042,0.00020294347694842227,False,False,False,6,1,relative_nuclear_iod_index; not_absolute_genome_size
published_bootstrap_tree_sensitivity,published_bootstrap_162,published_bootstrap_162,lambda,,,18,1,cell_bridge,1,5,1.8464405367789565,0.3972377669444582,16.846440536778957,0.0,1.0,0.4335669627604445,True,True,True,6,1,relative_nuclear_iod_index; not_absolute_genome_size
published_bootstrap_tree_sensitivity,published_bootstrap_162,published_bootstrap_162,lambda,,,18,2,nucleus_bridge,1,5,2.438963150735952,0.2953832611951559,17.43896315073595,0.5925226139569943,0.7435930965659078,0.3223974004077146,True,True,True,6,1,relative_nuclear_iod_index; not_absolute_genome_size
published_bootstrap_tree_sensitivity,published_bootstrap_162,published_bootstrap_162,lambda,,,18,3,nucleus_cell_only,2,4,8.453626263988994,0.0763054142311611,19.53054934091207,2.684108804133114,0.2613082844881758,0.1132946392496805,True,False,False,6,1,relative_nuclear_iod_index; not_absolute_genome_size
published_bootstrap_tree_sensitivity,published_bootstrap_162,published_bootstrap_162,lambda,,,18,4,cell_collider,1,5,6.014663113253043,0.0494233864631383,21.014663113253043,4.168222576474086,0.1244176424696514,0.0539433793593816,False,False,False,6,1,relative_nuclear_iod_index; not_absolute_genome_size
published_bootstrap_tree_sensitivity,published_bootstrap_162,published_bootstrap_162,lambda,,,18,5,nucleus_collider,1,5,6.494008224832648,0.0388905451793255,21.494008224832648,4.647567688053691,0.0979024363128173,0.042447261958996,False,False,False,6,1,relative_nuclear_iod_index; not_absolute_genome_size
published_bootstrap_tree_sensitivity,published_bootstrap_162,published_bootstrap_162,lambda,,,18,6,iod_bridge,1,5,8.072593519538817,0.0176627608982836,23.072593519538817,6.22615298275986,0.0444639517388921,0.0192781005077584,False,False,False,6,1,relative_nuclear_iod_index; not_absolute_genome_size
published_bootstrap_tree_sensitivity,published_bootstrap_162,published_bootstrap_162,lambda,,,18,7,iod_cell_only,2,4,14.08725663279186,0.0070217131527144,25.164179709714936,8.31773917293598,0.0156252108903557,0.0067745752282229,False,False,False,6,1,relative_nuclear_iod_index; not_absolute_genome_size
published_bootstrap_tree_sensitivity,published_bootstrap_162,published_bootstrap_162,lambda,,,18,8,iod_nucleus_only,2,4,14.566601744371464,0.0056899186544876,25.64352482129454,8.797084284515584,0.0122952515712595,0.0053308148801265,False,False,False,6,1,relative_nuclear_iod_index; not_absolute_genome_size
published_bootstrap_tree_sensitivity,published_bootstrap_162,published_bootstrap_162,lambda,,,18,9,iod_collider,1,5,11.957231550617522,0.0025323291798552,26.95723155061752,10.110791013838565,0.0063748449683771,0.0027639221710079,False,False,False,6,1,relative_nuclear_iod_index; not_absolute_genome_size
published_bootstrap_tree_sensitivity,published_bootstrap_162,published_bootstrap_162,lambda,,,18,10,independent,3,3,24.46590288870321,0.0004286010073744073,32.18018860298893,15.33374806620997,0.0004680787377674884,0.0002029434766665925,False,False,False,6,1,relative_nuclear_iod_index; not_absolute_genome_size
published_bootstrap_tree_sensitivity,published_bootstrap_163,published_bootstrap_163,lambda,,,18,1,cell_bridge,1,5,1.846440534731883,0.3972377673510455,16.846440534731883,0.0,1.0,0.4335669631591304,True,True,True,6,1,relative_nuclear_iod_index; not_absolute_genome_size
published_bootstrap_tree_sensitivity,published_bootstrap_163,published_bootstrap_163,lambda,,,18,2,nucleus_bridge,1,5,2.4389631555913365,0.2953832604780562,17.43896315559134,0.5925226208594552,0.7435930939995967,0.322397399591507,True,True,True,6,1,relative_nuclear_iod_index; not_absolute_genome_size
published_bootstrap_tree_sensitivity,published_bootstrap_163,published_bootstrap_163,lambda,,,18,3,nucleus_cell_only,2,4,8.45362626323356,0.0763054142544688,19.53054934015664,2.684108805424753,0.2613082843194178,0.1132946392806926,True,False,False,6,1,relative_nuclear_iod_index; not_absolute_genome_size
published_bootstrap_tree_sensitivity,published_bootstrap_163,published_bootstrap_163,lambda,,,18,4,cell_collider,1,5,6.014663107642224,0.0494233866017911,21.014663107642225,4.1682225729103415,0.1244176426913478,0.0539433795051054,False,False,False,6,1,relative_nuclear_iod_index; not_absolute_genome_size
published_bootstrap_tree_sensitivity,published_bootstrap_163,published_bootstrap_163,lambda,,,18,5,nucleus_collider,1,5,6.49400822494198,0.0388905451771995,21.49400822494198,4.647567690210096,0.0979024362072587,0.0424472619522616,False,False,False,6,1,relative_nuclear_iod_index; not_absolute_genome_size
published_bootstrap_tree_sensitivity,published_bootstrap_163,published_bootstrap_163,lambda,,,18,6,iod_bridge,1,5,8.072593506390337,0.0176627610144028,23.072593506390337,6.226152971658454,0.0444639519856983,0.0192781006324926,False,False,False,6,1,relative_nuclear_iod_index; not_absolute_genome_size
published_bootstrap_tree_sensitivity,published_bootstrap_163,published_bootstrap_163,lambda,,,18,7,iod_cell_only,2,4,14.087256614032562,0.0070217132103876,25.16417969095564,8.317739156223755,0.0156252110209217,0.0067745752910616,False,False,False,6,1,relative_nuclear_iod_index; not_absolute_genome_size
published_bootstrap_tree_sensitivity,published_bootstrap_163,published_bootstrap_163,lambda,,,18,8,iod_nucleus_only,2,4,14.566601731332316,0.0056899186871051,25.643524808255396,8.79708427352351,0.0122952516388347,0.0053308149143268,False,False,False,6,1,relative_nuclear_iod_index; not_absolute_genome_size
published_bootstrap_tree_sensitivity,published_bootstrap_163,published_bootstrap_163,lambda,,,18,9,iod_collider,1,5,11.95723153342945,0.0025323292016181,26.95723153342945,10.110790998697569,0.0063748450166379,0.0027639221944738,False,False,False,6,1,relative_nuclear_iod_index; not_absolute_genome_size
published_bootstrap_tree_sensitivity,published_bootstrap_163,published_bootstrap_163,lambda,,,18,10,independent,3,3,24.465902866013653,0.0004286010115059913,32.18018858029937,15.33374804556749,0.0004680787425986418,0.00020294347894783744,False,False,False,6,1,relative_nuclear_iod_index; not_absolute_genome_size
published_bootstrap_tree_sensitivity,published_bootstrap_164,published_bootstrap_164,lambda,,,18,1,cell_bridge,1,5,1.8464405305595408,0.3972377681797516,16.84644053055954,0.0,1.0,0.4335669641104584,True,True,True,6,1,relative_nuclear_iod_index; not_absolute_genome_size
published_bootstrap_tree_sensitivity,published_bootstrap_164,published_bootstrap_164,lambda,,,18,2,nucleus_bridge,1,5,2.4389631540662573,0.2953832607032977,17.438963154066258,0.5925226235067171,0.7435930930153538,0.3223973998721727,True,True,True,6,1,relative_nuclear_iod_index; not_absolute_genome_size
published_bootstrap_tree_sensitivity,published_bootstrap_164,published_bootstrap_164,lambda,,,18,3,nucleus_cell_only,2,4,8.453626268208438,0.0763054141009773,19.530549345131515,2.6841088145719745,0.2613082831242954,0.1132946390111169,True,False,False,6,1,relative_nuclear_iod_index; not_absolute_genome_size
published_bootstrap_tree_sensitivity,published_bootstrap_164,published_bootstrap_164,lambda,,,18,4,cell_collider,1,5,6.014663114142182,0.0494233864411661,21.01466311414218,4.16822258358264,0.1244176420274367,0.0539433793356175,False,False,False,6,1,relative_nuclear_iod_index; not_absolute_genome_size
published_bootstrap_tree_sensitivity,published_bootstrap_164,published_bootstrap_164,lambda,,,18,5,nucleus_collider,1,5,6.494008233245323,0.0388905450157388,21.494008233245324,4.647567702685784,0.0979024355965585,0.0424472617806195,False,False,False,6,1,relative_nuclear_iod_index; not_absolute_genome_size
published_bootstrap_tree_sensitivity,published_bootstrap_164,published_bootstrap_164,lambda,,,18,6,iod_bridge,1,5,8.07259353927993,0.0176627607239423,23.07259353927993,6.226153008720388,0.0444639511617383,0.0192781003175505,False,False,False,6,1,relative_nuclear_iod_index; not_absolute_genome_size
published_bootstrap_tree_sensitivity,published_bootstrap_164,published_bootstrap_164,lambda,,,18,7,iod_cell_only,2,4,14.087256653422113,0.0070217130892892,25.16417973034519,8.317739199785649,0.0156252106805898,0.0067745751583696,False,False,False,6,1,relative_nuclear_iod_index; not_absolute_genome_size
published_bootstrap_tree_sensitivity,published_bootstrap_164,published_bootstrap_164,lambda,,,18,8,iod_nucleus_only,2,4,14.566601772525251,0.0056899185840608,25.64352484944833,8.797084318888789,0.0122952513599459,0.0053308148051067,False,False,False,6,1,relative_nuclear_iod_index; not_absolute_genome_size
published_bootstrap_tree_sensitivity,published_bootstrap_164,published_bootstrap_164,lambda,,,18,9,iod_collider,1,5,11.957231576068486,0.0025323291476301,26.957231576068487,10.110791045508948,0.0063748448674303,0.0027639221358468,False,False,False,6,1,relative_nuclear_iod_index; not_absolute_genome_size
published_bootstrap_tree_sensitivity,published_bootstrap_164,published_bootstrap_164,lambda,,,18,10,independent,3,3,24.46590292345599,0.00042860100104602505,32.18018863774171,15.333748107182169,0.0004680787281783816,0.00020294347314098537,False,False,False,6,1,relative_nuclear_iod_index; not_absolute_genome_size
published_bootstrap_tree_sensitivity,published_bootstrap_165,published_bootstrap_165,lambda,,,18,1,cell_bridge,1,5,1.8464405308698824,0.3972377681181117,16.846440530869884,0.0,1.0,0.4335669630224574,True,True,True,6,1,relative_nuclear_iod_index; not_absolute_genome_size
published_bootstrap_tree_sensitivity,published_bootstrap_165,published_bootstrap_165,lambda,,,18,2,nucleus_bridge,1,5,2.4389631553474973,0.2953832605140692,17.438963155347498,0.5925226244776134,0.743593092654378,0.3223973989066354,True,True,True,6,1,relative_nuclear_iod_index; not_absolute_genome_size
published_bootstrap_tree_sensitivity,published_bootstrap_165,published_bootstrap_165,lambda,,,18,3,nucleus_cell_only,2,4,8.453626250813068,0.0763054146376818,19.530549327736143,2.684108796866262,0.2613082854376201,0.1132946397297943,True,False,False,6,1,relative_nuclear_iod_index; not_absolute_genome_size
published_bootstrap_tree_sensitivity,published_bootstrap_165,published_bootstrap_165,lambda,,,18,4,cell_collider,1,5,6.014663095465571,0.0494233869026968,21.01466309546557,4.168222564595688,0.1244176432085926,0.0539433797123611,False,False,False,6,1,relative_nuclear_iod_index; not_absolute_genome_size
published_bootstrap_tree_sensitivity,published_bootstrap_165,published_bootstrap_165,lambda,,,18,5,nucleus_collider,1,5,6.494008215643821,0.0388905453580048,21.49400821564382,4.647567684773936,0.0979024364733653,0.042447262054256,False,False,False,6,1,relative_nuclear_iod_index; not_absolute_genome_size
published_bootstrap_tree_sensitivity,published_bootstrap_165,published_bootstrap_165,lambda,,,18,6,iod_bridge,1,5,8.072593502928024,0.0176627610449798,23.072593502928022,6.226152972058138,0.0444639519768125,0.019278100622563,False,False,False,6,1,relative_nuclear_iod_index; not_absolute_genome_size
published_bootstrap_tree_sensitivity,published_bootstrap_165,published_bootstrap_165,lambda,,,18,7,iod_cell_only,2,4,14.087256598393594,0.0070217132584677,25.16417967531667,8.317739144446787,0.0156252111129305,0.006774575328818,False,False,False,6,1,relative_nuclear_iod_index; not_absolute_genome_size
published_bootstrap_tree_sensitivity,published_bootstrap_165,published_bootstrap_165,lambda,,,18,8,iod_nucleus_only,2,4,14.566601718571846,0.0056899187190254,25.643524795494923,8.797084264625038,0.0122952516935391,0.0053308149363645,False,False,False,6,1,relative_nuclear_iod_index; not_absolute_genome_size
published_bootstrap_tree_sensitivity,published_bootstrap_165,published_bootstrap_165,lambda,,,18,9,iod_collider,1,5,11.9572315214212,0.0025323292168226,26.9572315214212,10.110790990551315,0.0063748450426034,0.0027639222048603,False,False,False,6,1,relative_nuclear_iod_index; not_absolute_genome_size
published_bootstrap_tree_sensitivity,published_bootstrap_165,published_bootstrap_165,lambda,,,18,10,independent,3,3,24.465902832530592,0.0004286010176031141,32.18018854681631,15.333748015946426,0.0004680787495311368,0.0002029434818895645,False,False,False,6,1,relative_nuclear_iod_index; not_absolute_genome_size
published_bootstrap_tree_sensitivity,published_bootstrap_166,published_bootstrap_166,lambda,,,18,1,cell_bridge,1,5,1.8464405282413408,0.39723776864019,16.84644052824134,0.0,1.0,0.4335669640648453,True,True,True,6,1,relative_nuclear_iod_index; not_absolute_genome_size
published_bootstrap_tree_sensitivity,published_bootstrap_166,published_bootstrap_166,lambda,,,18,2,nucleus_bridge,1,5,2.4389631539572263,0.2953832607194007,17.438963153957225,0.5925226257158833,0.7435930921939935,0.3223973994821404,True,True,True,6,1,relative_nuclear_iod_index; not_absolute_genome_size
published_bootstrap_tree_sensitivity,published_bootstrap_166,published_bootstrap_166,lambda,,,18,3,nucleus_cell_only,2,4,8.453626261333119,0.0763054143131036,19.530549338256197,2.684108810014852,0.2613082837197024,0.1132946392573466,True,False,False,6,1,relative_nuclear_iod_index; not_absolute_genome_size
published_bootstrap_tree_sensitivity,published_bootstrap_166,published_bootstrap_166,lambda,,,18,4,cell_collider,1,5,6.014663107375893,0.0494233866083726,21.01466310737589,4.16822257913455,0.1244176423041471,0.0539433794499149,False,False,False,6,1,relative_nuclear_iod_index; not_absolute_genome_size
published_bootstrap_tree_sensitivity,published_bootstrap_166,published_bootstrap_166,lambda,,,18,5,nucleus_collider,1,5,6.494008228231684,0.0388905451132304,21.494008228231685,4.647567699990344,0.0979024357285036,0.0424472618333609,False,False,False,6,1,relative_nuclear_iod_index; not_absolute_genome_size
published_bootstrap_tree_sensitivity,published_bootstrap_166,published_bootstrap_166,lambda,,,18,6,iod_bridge,1,5,8.072593538028752,0.017662760734992,23.07259353802875,6.22615300978741,0.0444639511380163,0.0192781003052373,False,False,False,6,1,relative_nuclear_iod_index; not_absolute_genome_size
published_bootstrap_tree_sensitivity,published_bootstrap_166,published_bootstrap_166,lambda,,,18,7,iod_cell_only,2,4,14.087256645404644,0.0070217131139379,25.16417972232772,8.317739194086379,0.0156252107251159,0.006774575176962,False,False,False,6,1,relative_nuclear_iod_index; not_absolute_genome_size
published_bootstrap_tree_sensitivity,published_bootstrap_166,published_bootstrap_166,lambda,,,18,8,iod_nucleus_only,2,4,14.566601766260437,0.0056899185997323,25.643524843183517,8.797084314942172,0.0122952513842082,0.0053308148150652,False,False,False,6,1,relative_nuclear_iod_index; not_absolute_genome_size
published_bootstrap_tree_sensitivity,published_bootstrap_166,published_bootstrap_166,lambda,,,18,9,iod_collider,1,5,11.957231570207162,0.0025323291550515,26.957231570207163,10.110791041965822,0.0063748448787237,0.0027639221404525,False,False,False,6,1,relative_nuclear_iod_index; not_absolute_genome_size
published_bootstrap_tree_sensitivity,published_bootstrap_166,published_bootstrap_166,lambda,,,18,10,independent,3,3,24.465902905814737,0.0004286010042584554,32.18018862010045,15.33374809185911,0.00046807873176458,0.000202943474674492,False,False,False,6,1,relative_nuclear_iod_index; not_absolute_genome_size
published_bootstrap_tree_sensitivity,published_bootstrap_167,published_bootstrap_167,lambda,,,18,1,cell_bridge,1,5,1.8464405375936817,0.3972377667826382,16.846440537593683,0.0,1.0,0.4335669620431964,True,True,True,6,1,relative_nuclear_iod_index; not_absolute_genome_size
published_bootstrap_tree_sensitivity,published_bootstrap_167,published_bootstrap_167,lambda,,,18,2,nucleus_bridge,1,5,2.4389631465264205,0.2953832618168684,17.43896314652642,0.592522608932736,0.7435930984339097,0.3223974006842777,True,True,True,6,1,relative_nuclear_iod_index; not_absolute_genome_size
published_bootstrap_tree_sensitivity,published_bootstrap_167,published_bootstrap_167,lambda,,,18,3,nucleus_cell_only,2,4,8.453626256027416,0.0763054144768019,19.530549332950493,2.68410879535681,0.2613082856348362,0.1132946395594117,True,False,False,6,1,relative_nuclear_iod_index; not_absolute_genome_size
published_bootstrap_tree_sensitivity,published_bootstrap_167,published_bootstrap_167,lambda,,,18,4,cell_collider,1,5,6.014663109500996,0.0494233865558577,21.014663109501,4.1682225719073145,0.1244176427537449,0.0539433793933169,False,False,False,6,1,relative_nuclear_iod_index; not_absolute_genome_size
published_bootstrap_tree_sensitivity,published_bootstrap_167,published_bootstrap_167,lambda,,,18,5,nucleus_collider,1,5,6.4940082169569,0.0388905453324717,21.4940082169569,4.647567679363217,0.0979024367382266,0.0424472620732191,False,False,False,6,1,relative_nuclear_iod_index; not_absolute_genome_size
published_bootstrap_tree_sensitivity,published_bootstrap_167,published_bootstrap_167,lambda,,,18,6,iod_bridge,1,5,8.072593520423156,0.0176627608904736,23.072593520423155,6.226152982829472,0.0444639517373445,0.0192781004751957,False,False,False,6,1,relative_nuclear_iod_index; not_absolute_genome_size
published_bootstrap_tree_sensitivity,published_bootstrap_167,published_bootstrap_167,lambda,,,18,7,iod_cell_only,2,4,14.087256629924152,0.0070217131615308,25.16417970684723,8.317739169253546,0.0156252109191251,0.0067745752294892,False,False,False,6,1,relative_nuclear_iod_index; not_absolute_genome_size
published_bootstrap_tree_sensitivity,published_bootstrap_167,published_bootstrap_167,lambda,,,18,8,iod_nucleus_only,2,4,14.566601737380056,0.0056899186719766,25.64352481430313,8.797084276709452,0.0122952516192487,0.0053308148921143,False,False,False,6,1,relative_nuclear_iod_index; not_absolute_genome_size
published_bootstrap_tree_sensitivity,published_bootstrap_167,published_bootstrap_167,lambda,,,18,9,iod_collider,1,5,11.957231547500738,0.0025323291838016,26.95723154750074,10.110791009907055,0.0063748449809085,0.0027639221718688,False,False,False,6,1,relative_nuclear_iod_index; not_absolute_genome_size
published_bootstrap_tree_sensitivity,published_bootstrap_167,published_bootstrap_167,lambda,,,18,10,independent,3,3,24.465902873958637,0.00042860101005925966,32.18018858824435,15.333748050650666,0.0004680787414089784,0.00020294347790969367,False,False,False,6,1,relative_nuclear_iod_index; not_absolute_genome_size
published_bootstrap_tree_sensitivity,published_bootstrap_168,published_bootstrap_168,lambda,,,18,1,cell_bridge,1,5,1.8464405315625745,0.3972377679805303,16.846440531562575,0.0,1.0,0.4335669641255182,True,True,True,6,1,relative_nuclear_iod_index; not_absolute_genome_size
published_bootstrap_tree_sensitivity,published_bootstrap_168,published_bootstrap_168,lambda,,,18,2,nucleus_bridge,1,5,2.438963153461825,0.2953832607925672,17.438963153461824,0.5925226218992492,0.7435930936130049,0.3223974001424928,True,True,True,6,1,relative_nuclear_iod_index; not_absolute_genome_size
published_bootstrap_tree_sensitivity,published_bootstrap_168,published_bootstrap_168,lambda,,,18,3,nucleus_cell_only,2,4,8.453626271349567,0.0763054140040633,19.530549348272643,2.6841088167100686,0.2613082828449445,0.1132946388939348,True,False,False,6,1,relative_nuclear_iod_index; not_absolute_genome_size
published_bootstrap_tree_sensitivity,published_bootstrap_168,published_bootstrap_168,lambda,,,18,4,cell_collider,1,5,6.014663117887742,0.0494233863486071,21.014663117887743,4.168222586325168,0.1244176418568272,0.0539433792635206,False,False,False,6,1,relative_nuclear_iod_index; not_absolute_genome_size
published_bootstrap_tree_sensitivity,published_bootstrap_168,published_bootstrap_168,lambda,,,18,5,nucleus_collider,1,5,6.494008235672811,0.0388905449685357,21.49400823567281,4.647567704110237,0.0979024355268298,0.0424472617518619,False,False,False,6,1,relative_nuclear_iod_index; not_absolute_genome_size
published_bootstrap_tree_sensitivity,published_bootstrap_168,published_bootstrap_168,lambda,,,18,6,iod_bridge,1,5,8.072593542877664,0.0176627606921694,23.072593542877662,6.226153011315088,0.044463951104053,0.0192781002932097,False,False,False,6,1,relative_nuclear_iod_index; not_absolute_genome_size
published_bootstrap_tree_sensitivity,published_bootstrap_168,published_bootstrap_168,lambda,,,18,7,iod_cell_only,2,4,14.087256660765403,0.0070217130667131,25.16417973768848,8.317739206125907,0.0156252106310559,0.0067745751371286,False,False,False,6,1,relative_nuclear_iod_index; not_absolute_genome_size
published_bootstrap_tree_sensitivity,published_bootstrap_168,published_bootstrap_168,lambda,,,18,8,iod_nucleus_only,2,4,14.566601778550474,0.0056899185689888,25.64352485547355,8.797084323910976,0.0122952513290714,0.0053308147919057,False,False,False,6,1,relative_nuclear_iod_index; not_absolute_genome_size
published_bootstrap_tree_sensitivity,published_bootstrap_168,published_bootstrap_168,lambda,,,18,9,iod_collider,1,5,11.957231582489428,0.0025323291395001,26.957231582489428,10.110791050926853,0.0063748448501611,0.0027639221284555,False,False,False,6,1,relative_nuclear_iod_index; not_absolute_genome_size
published_bootstrap_tree_sensitivity,published_bootstrap_168,published_bootstrap_168,lambda,,,18,10,independent,3,3,24.46590293604998,0.0004286009987527484,32.180188650335694,15.33374811877312,0.0004680787254656425,0.0002029434719718805,False,False,False,6,1,relative_nuclear_iod_index; not_absolute_genome_size
published_bootstrap_tree_sensitivity,published_bootstrap_169,published_bootstrap_169,lambda,,,18,1,cell_bridge,1,5,1.8464405273769944,0.3972377688118654,16.846440527376995,0.0,1.0,0.4335669629571314,True,True,True,6,1,relative_nuclear_iod_index; not_absolute_genome_size
published_bootstrap_tree_sensitivity,published_bootstrap_169,published_bootstrap_169,lambda,,,18,2,nucleus_bridge,1,5,2.43896315383715,0.2953832607371349,17.43896315383715,0.5925226264601555,0.7435930919172756,0.3223973985384762,True,True,True,6,1,relative_nuclear_iod_index; not_absolute_genome_size
published_bootstrap_tree_sensitivity,published_bootstrap_169,published_bootstrap_169,lambda,,,18,3,nucleus_cell_only,2,4,8.453626241010435,0.0763054149401252,19.530549317933517,2.684108790556518,0.2613082862620143,0.1132946400701542,True,False,False,6,1,relative_nuclear_iod_index; not_absolute_genome_size
published_bootstrap_tree_sensitivity,published_bootstrap_169,published_bootstrap_169,lambda,,,18,4,cell_collider,1,5,6.014663087173284,0.0494233871076132,21.01466308717328,4.168222559796288,0.1244176435071576,0.0539433798336814,False,False,False,6,1,relative_nuclear_iod_index; not_absolute_genome_size
published_bootstrap_tree_sensitivity,published_bootstrap_169,published_bootstrap_169,lambda,,,18,5,nucleus_collider,1,5,6.494008208833383,0.0388905454904356,21.49400820883338,4.647567681456387,0.0979024366357634,0.0424472621182709,False,False,False,6,1,relative_nuclear_iod_index; not_absolute_genome_size
published_bootstrap_tree_sensitivity,published_bootstrap_169,published_bootstrap_169,lambda,,,18,6,iod_bridge,1,5,8.072593507718551,0.0176627610026729,23.07259350771855,6.226152980341556,0.0444639517926558,0.019278100539814,False,False,False,6,1,relative_nuclear_iod_index; not_absolute_genome_size
published_bootstrap_tree_sensitivity,published_bootstrap_169,published_bootstrap_169,lambda,,,18,7,iod_cell_only,2,4,14.087256594891835,0.0070217132692335,25.164179671814917,8.317739144437919,0.0156252111129998,0.0067745753278273,False,False,False,6,1,relative_nuclear_iod_index; not_absolute_genome_size
published_bootstrap_tree_sensitivity,published_bootstrap_169,published_bootstrap_169,lambda,,,18,8,iod_nucleus_only,2,4,14.566601716551933,0.0056899187240783,25.64352479347501,8.797084266098015,0.0122952516844838,0.0053308149316352,False,False,False,6,1,relative_nuclear_iod_index; not_absolute_genome_size
published_bootstrap_tree_sensitivity,published_bootstrap_169,published_bootstrap_169,lambda,,,18,9,iod_collider,1,5,11.957231521181807,0.0025323292171257,26.957231521181807,10.110790993804812,0.0063748450322332,0.0027639221999477,False,False,False,6,1,relative_nuclear_iod_index; not_absolute_genome_size
published_bootstrap_tree_sensitivity,published_bootstrap_169,published_bootstrap_169,lambda,,,18,10,independent,3,3,24.465902817188475,0.0004286010203968793,32.18018853147419,15.333748004097192,0.0004680787523043242,0.0002029434830613492,False,False,False,6,1,relative_nuclear_iod_index; not_absolute_genome_size
published_bootstrap_tree_sensitivity,published_bootstrap_170,published_bootstrap_170,lambda,,,18,1,cell_bridge,1,5,1.8464405314120929,0.3972377680104187,16.846440531412092,0.0,1.0,0.4335669638231291,True,True,True,6,1,relative_nuclear_iod_index; not_absolute_genome_size
published_bootstrap_tree_sensitivity,published_bootstrap_170,published_bootstrap_170,lambda,,,18,2,nucleus_bridge,1,5,2.438963149423388,0.2953832613890106,17.438963149423387,0.5925226180112944,0.7435930950585331,0.3223974005443716,True,True,True,6,1,relative_nuclear_iod_index; not_absolute_genome_size
published_bootstrap_tree_sensitivity,published_bootstrap_170,published_bootstrap_170,lambda,,,18,3,nucleus_cell_only,2,4,8.45362626752061,0.0763054141221991,19.530549344443685,2.6841088130315924,0.2613082833255527,0.1132946390232938,True,False,False,6,1,relative_nuclear_iod_index; not_absolute_genome_size
published_bootstrap_tree_sensitivity,published_bootstrap_170,published_bootstrap_170,lambda,,,18,4,cell_collider,1,5,6.014663118097221,0.0494233863434304,21.01466311809722,4.168222586685129,0.1244176418344345,0.0539433792161893,False,False,False,6,1,relative_nuclear_iod_index; not_absolute_genome_size
published_bootstrap_tree_sensitivity,published_bootstrap_170,published_bootstrap_170,lambda,,,18,5,nucleus_collider,1,5,6.494008232587424,0.0388905450285318,21.494008232587426,4.647567701175333,0.0979024356704969,0.0424472617845465,False,False,False,6,1,relative_nuclear_iod_index; not_absolute_genome_size
published_bootstrap_tree_sensitivity,published_bootstrap_170,published_bootstrap_170,lambda,,,18,6,iod_bridge,1,5,8.072593554207952,0.0176627605921073,23.072593554207952,6.22615302279586,0.0444639508488127,0.0192781001691006,False,False,False,6,1,relative_nuclear_iod_index; not_absolute_genome_size
published_bootstrap_tree_sensitivity,published_bootstrap_170,published_bootstrap_170,lambda,,,18,7,iod_cell_only,2,4,14.087256672305172,0.0070217130312355,25.16417974922825,8.317739217816158,0.0156252105397245,0.0067745750928055,False,False,False,6,1,relative_nuclear_iod_index; not_absolute_genome_size
published_bootstrap_tree_sensitivity,published_bootstrap_170,published_bootstrap_170,lambda,,,18,8,iod_nucleus_only,2,4,14.566601786795376,0.0056899185483642,25.64352486371845,8.797084332306362,0.0122952512774597,0.0053308147658106,False,False,False,6,1,relative_nuclear_iod_index; not_absolute_genome_size
published_bootstrap_tree_sensitivity,published_bootstrap_170,published_bootstrap_170,lambda,,,18,9,iod_collider,1,5,11.957231594403805,0.0025323291244145,26.9572315944038,10.110791062991709,0.0063748448117053,0.0027639221098547,False,False,False,6,1,relative_nuclear_iod_index; not_absolute_genome_size
published_bootstrap_tree_sensitivity,published_bootstrap_170,published_bootstrap_170,lambda,,,18,10,independent,3,3,24.465902945088448,0.00042860099710684274,32.18018865937417,15.333748127962076,0.0004680787233150652,0.00020294347089791932,False,False,False,6,1,relative_nuclear_iod_index; not_absolute_genome_size
published_bootstrap_tree_sensitivity,published_bootstrap_171,published_bootstrap_171,lambda,,,18,1,cell_bridge,1,5,1.846440536505791,0.397237766998714,16.846440536505792,0.0,1.0,0.4335669627902952,True,True,True,6,1,relative_nuclear_iod_index; not_absolute_genome_size
published_bootstrap_tree_sensitivity,published_bootstrap_171,published_bootstrap_171,lambda,,,18,2,nucleus_bridge,1,5,2.4389631534188063,0.2953832607989208,17.438963153418808,0.5925226169130156,0.7435930954668694,0.3223973999534046,True,True,True,6,1,relative_nuclear_iod_index; not_absolute_genome_size
published_bootstrap_tree_sensitivity,published_bootstrap_171,published_bootstrap_171,lambda,,,18,3,nucleus_cell_only,2,4,8.453626262749763,0.0763054142693955,19.53054933967284,2.684108803167046,0.2613082846143966,0.1132946393122059,True,False,False,6,1,relative_nuclear_iod_index; not_absolute_genome_size
published_bootstrap_tree_sensitivity,published_bootstrap_171,published_bootstrap_171,lambda,,,18,4,cell_collider,1,5,6.014663109330956,0.0494233865600597,21.01466310933096,4.168222572825165,0.1244176426966465,0.0539433794615132,False,False,False,6,1,relative_nuclear_iod_index; not_absolute_genome_size
published_bootstrap_tree_sensitivity,published_bootstrap_171,published_bootstrap_171,lambda,,,18,5,nucleus_collider,1,5,6.494008223429541,0.0388905452066093,21.49400822342954,4.647567686923747,0.0979024363681295,0.0424472619859,False,False,False,6,1,relative_nuclear_iod_index; not_absolute_genome_size
published_bootstrap_tree_sensitivity,published_bootstrap_171,published_bootstrap_171,lambda,,,18,6,iod_bridge,1,5,8.072593507187342,0.0176627610073641,23.072593507187342,6.22615297068155,0.0444639520074168,0.0192781006255091,False,False,False,6,1,relative_nuclear_iod_index; not_absolute_genome_size
published_bootstrap_tree_sensitivity,published_bootstrap_171,published_bootstrap_171,lambda,,,18,7,iod_cell_only,2,4,14.0872566165183,0.0070217132027455,25.164179693441376,8.317739156935584,0.0156252110153604,0.0067745752828873,False,False,False,6,1,relative_nuclear_iod_index; not_absolute_genome_size
published_bootstrap_tree_sensitivity,published_bootstrap_171,published_bootstrap_171,lambda,,,18,8,iod_nucleus_only,2,4,14.566601730616885,0.0056899186888947,25.64352480753996,8.79708427103417,0.0122952516541382,0.005330814916427,False,False,False,6,1,relative_nuclear_iod_index; not_absolute_genome_size
published_bootstrap_tree_sensitivity,published_bootstrap_171,published_bootstrap_171,lambda,,,18,9,iod_collider,1,5,11.957231534544391,0.0025323292002065,26.95723153454439,10.1107909980386,0.0063748450187383,0.0027639221930332,False,False,False,6,1,relative_nuclear_iod_index; not_absolute_genome_size
published_bootstrap_tree_sensitivity,published_bootstrap_171,published_bootstrap_171,lambda,,,18,10,independent,3,3,24.46590286730489,0.0004286010112708461,32.180188581590606,15.333748045084814,0.0004680787427116068,0.0002029434788241714,False,False,False,6,1,relative_nuclear_iod_index; not_absolute_genome_size
published_bootstrap_tree_sensitivity,published_bootstrap_172,published_bootstrap_172,lambda,,,18,1,cell_bridge,1,5,1.8464405417189047,0.3972377659632912,16.846440541718906,0.0,1.0,0.4335669631985531,True,True,True,6,1,relative_nuclear_iod_index; not_absolute_genome_size
published_bootstrap_tree_sensitivity,published_bootstrap_172,published_bootstrap_172,lambda,,,18,2,nucleus_bridge,1,5,2.4389631521216155,0.2953832609905049,17.438963152121616,0.5925226104027104,0.7435930978873783,0.322397401306435,True,True,True,6,1,relative_nuclear_iod_index; not_absolute_genome_size
published_bootstrap_tree_sensitivity,published_bootstrap_172,published_bootstrap_172,lambda,,,18,3,nucleus_cell_only,2,4,8.453626283770568,0.0763054136208345,19.530549360693644,2.684108818974739,0.261308282549056,0.1132946385234237,True,False,False,6,1,relative_nuclear_iod_index; not_absolute_genome_size
published_bootstrap_tree_sensitivity,published_bootstrap_172,published_bootstrap_172,lambda,,,18,4,cell_collider,1,5,6.014663131648953,0.0494233860085442,21.014663131648952,4.168222589930046,0.124417641632572,0.0539433790509601,False,False,False,6,1,relative_nuclear_iod_index; not_absolute_genome_size
published_bootstrap_tree_sensitivity,published_bootstrap_172,published_bootstrap_172,lambda,,,18,5,nucleus_collider,1,5,6.494008240417651,0.0388905448762709,21.49400824041765,4.647567698698744,0.097902435791729,0.0424472617759613,False,False,False,6,1,relative_nuclear_iod_index; not_absolute_genome_size
published_bootstrap_tree_sensitivity,published_bootstrap_172,published_bootstrap_172,lambda,,,18,6,iod_bridge,1,5,8.072593526015208,0.0176627608410882,23.072593526015208,6.226152984296302,0.044463951704734,0.0192781005124286,False,False,False,6,1,relative_nuclear_iod_index; not_absolute_genome_size
published_bootstrap_tree_sensitivity,published_bootstrap_172,published_bootstrap_172,lambda,,,18,7,iod_cell_only,2,4,14.08725665766416,0.0070217130762475,25.16417973458724,8.31773919286833,0.0156252107346321,0.0067745751675518,False,False,False,6,1,relative_nuclear_iod_index; not_absolute_genome_size
published_bootstrap_tree_sensitivity,published_bootstrap_172,published_bootstrap_172,lambda,,,18,8,iod_nucleus_only,2,4,14.56660176643286,0.005689918599301,25.643524843355934,8.797084301637028,0.0122952514660033,0.0053308148398776,False,False,False,6,1,relative_nuclear_iod_index; not_absolute_genome_size
published_bootstrap_tree_sensitivity,published_bootstrap_172,published_bootstrap_172,lambda,,,18,9,iod_collider,1,5,11.95723157066835,0.0025323291544676,26.95723157066835,10.110791028949444,0.0063748449202124,0.0027639221529182,False,False,False,6,1,relative_nuclear_iod_index; not_absolute_genome_size
published_bootstrap_tree_sensitivity,published_bootstrap_172,published_bootstrap_172,lambda,,,18,10,independent,3,3,24.465902942734957,0.0004286009975353888,32.180188657020665,15.33374811530176,0.00046807872627807737,0.0002029434718902328,False,False,False,6,1,relative_nuclear_iod_index; not_absolute_genome_size
published_bootstrap_tree_sensitivity,published_bootstrap_173,published_bootstrap_173,lambda,,,18,1,cell_bridge,1,5,1.846440533369388,0.3972377676216629,16.84644053336939,0.0,1.0,0.4335669640279355,True,True,True,6,1,relative_nuclear_iod_index; not_absolute_genome_size
published_bootstrap_tree_sensitivity,published_bootstrap_173,published_bootstrap_173,lambda,,,18,2,nucleus_bridge,1,5,2.438963151619224,0.295383261064704,17.438963151619223,0.5925226182498342,0.7435930949698447,0.3223974006582119,True,True,True,6,1,relative_nuclear_iod_index; not_absolute_genome_size
published_bootstrap_tree_sensitivity,published_bootstrap_173,published_bootstrap_173,lambda,,,18,3,nucleus_cell_only,2,4,8.453626275254507,0.076305413883583,19.530549352177584,2.6841088188081947,0.2613082825708157,0.1132946387495824,True,False,False,6,1,relative_nuclear_iod_index; not_absolute_genome_size
published_bootstrap_tree_sensitivity,published_bootstrap_173,published_bootstrap_173,lambda,,,18,4,cell_collider,1,5,6.014663123635284,0.0494233862065756,21.014663123635284,4.168222590265895,0.1244176416116793,0.0539433791450915,False,False,False,6,1,relative_nuclear_iod_index; not_absolute_genome_size
published_bootstrap_tree_sensitivity,published_bootstrap_173,published_bootstrap_173,lambda,,,18,5,nucleus_collider,1,5,6.494008238422486,0.0388905449150674,21.494008238422488,4.647567705053099,0.0979024354806756,0.0424472617222973,False,False,False,6,1,relative_nuclear_iod_index; not_absolute_genome_size
published_bootstrap_tree_sensitivity,published_bootstrap_173,published_bootstrap_173,lambda,,,18,6,iod_bridge,1,5,8.072593549587422,0.017662760632913,23.072593549587424,6.226153016218035,0.0444639509950508,0.019278100241611,False,False,False,6,1,relative_nuclear_iod_index; not_absolute_genome_size
published_bootstrap_tree_sensitivity,published_bootstrap_173,published_bootstrap_173,lambda,,,18,7,iod_cell_only,2,4,14.087256673222706,0.0070217130284147,25.164179750145784,8.317739216776395,0.0156252105478478,0.0067745750995276,False,False,False,6,1,relative_nuclear_iod_index; not_absolute_genome_size
published_bootstrap_tree_sensitivity,published_bootstrap_173,published_bootstrap_173,lambda,,,18,8,iod_nucleus_only,2,4,14.566601788009908,0.0056899185453259,25.643524864932985,8.797084331563596,0.0122952512820259,0.0053308147703085,False,False,False,6,1,relative_nuclear_iod_index; not_absolute_genome_size
published_bootstrap_tree_sensitivity,published_bootstrap_173,published_bootstrap_173,lambda,,,18,9,iod_collider,1,5,11.957231593372136,0.0025323291257208,26.957231593372136,10.110791060002748,0.0063748448212324,0.0027639221152909,False,False,False,6,1,relative_nuclear_iod_index; not_absolute_genome_size
published_bootstrap_tree_sensitivity,published_bootstrap_173,published_bootstrap_173,lambda,,,18,10,independent,3,3,24.465902955429907,0.0004286009952236825,32.18018866971562,15.33374813634623,0.0004680787213528428,0.00020294347014303003,False,False,False,6,1,relative_nuclear_iod_index; not_absolute_genome_size
published_bootstrap_tree_sensitivity,published_bootstrap_174,published_bootstrap_174,lambda,,,18,1,cell_bridge,1,5,1.8464405343360597,0.3972377674296636,16.84644053433606,0.0,1.0,0.4335669641126779,True,True,True,6,1,relative_nuclear_iod_index; not_absolute_genome_size
published_bootstrap_tree_sensitivity,published_bootstrap_174,published_bootstrap_174,lambda,,,18,2,nucleus_bridge,1,5,2.4389631524808064,0.2953832609374556,17.438963152480806,0.5925226181447449,0.7435930950089166,0.322397400738166,True,True,True,6,1,relative_nuclear_iod_index; not_absolute_genome_size
published_bootstrap_tree_sensitivity,published_bootstrap_174,published_bootstrap_174,lambda,,,18,3,nucleus_cell_only,2,4,8.453626278889523,0.0763054137714308,19.5305493558126,2.6841088214765385,0.2613082822221855,0.1132946386205718,True,False,False,6,1,relative_nuclear_iod_index; not_absolute_genome_size
published_bootstrap_tree_sensitivity,published_bootstrap_174,published_bootstrap_174,lambda,,,18,4,cell_collider,1,5,6.014663126408717,0.0494233861380393,21.01466312640872,4.168222592072656,0.1244176414992828,0.0539433791069035,False,False,False,6,1,relative_nuclear_iod_index; not_absolute_genome_size
published_bootstrap_tree_sensitivity,published_bootstrap_174,published_bootstrap_174,lambda,,,18,5,nucleus_collider,1,5,6.4940082411541065,0.0388905448619504,21.494008241154106,4.6475677068180445,0.0979024353942794,0.0424472616931353,False,False,False,6,1,relative_nuclear_iod_index; not_absolute_genome_size
published_bootstrap_tree_sensitivity,published_bootstrap_174,published_bootstrap_174,lambda,,,18,6,iod_bridge,1,5,8.072593547940484,0.0176627606474577,23.072593547940485,6.226153013604424,0.0444639510531565,0.0192781002705717,False,False,False,6,1,relative_nuclear_iod_index; not_absolute_genome_size
published_bootstrap_tree_sensitivity,published_bootstrap_174,published_bootstrap_174,lambda,,,18,7,iod_cell_only,2,4,14.0872566743492,0.0070217130249513,25.16417975127228,8.317739216936218,0.0156252105465992,0.0067745751003104,False,False,False,6,1,relative_nuclear_iod_index; not_absolute_genome_size
published_bootstrap_tree_sensitivity,published_bootstrap_174,published_bootstrap_174,lambda,,,18,8,iod_nucleus_only,2,4,14.566601789094593,0.0056899185426126,25.643524866017668,8.797084331681607,0.0122952512813004,0.0053308147710359,False,False,False,6,1,relative_nuclear_iod_index; not_absolute_genome_size
published_bootstrap_tree_sensitivity,published_bootstrap_174,published_bootstrap_174,lambda,,,18,9,iod_collider,1,5,11.957231593548844,0.0025323291254971,26.957231593548844,10.110791059212785,0.0063748448237503,0.0027639221169228,False,False,False,6,1,relative_nuclear_iod_index; not_absolute_genome_size
published_bootstrap_tree_sensitivity,published_bootstrap_174,published_bootstrap_174,lambda,,,18,10,independent,3,3,24.465902961111667,0.0004286009941890656,32.18018867539738,15.33374814106132,0.000468078720249326,0.00020294346970424772,False,False,False,6,1,relative_nuclear_iod_index; not_absolute_genome_size
published_bootstrap_tree_sensitivity,published_bootstrap_175,published_bootstrap_175,lambda,,,18,1,cell_bridge,1,5,1.8464405320802049,0.397237767877719,16.846440532080205,0.0,1.0,0.4335669623242292,True,True,True,6,1,relative_nuclear_iod_index; not_absolute_genome_size
published_bootstrap_tree_sensitivity,published_bootstrap_175,published_bootstrap_175,lambda,,,18,2,nucleus_bridge,1,5,2.438963149307698,0.295383261406097,17.438963149307696,0.5925226172274911,0.7435930953499484,0.3223973995561481,True,True,True,6,1,relative_nuclear_iod_index; not_absolute_genome_size
published_bootstrap_tree_sensitivity,published_bootstrap_175,published_bootstrap_175,lambda,,,18,3,nucleus_cell_only,2,4,8.453626244896322,0.0763054148202327,19.5305493218194,2.684108789739195,0.2613082863688009,0.1132946399510708,True,False,False,6,1,relative_nuclear_iod_index; not_absolute_genome_size
published_bootstrap_tree_sensitivity,published_bootstrap_175,published_bootstrap_175,lambda,,,18,4,cell_collider,1,5,6.014663095588624,0.049423386899656,21.014663095588624,4.168222563508419,0.1244176432762303,0.0539433796548147,False,False,False,6,1,relative_nuclear_iod_index; not_absolute_genome_size
published_bootstrap_tree_sensitivity,published_bootstrap_175,published_bootstrap_175,lambda,,,18,5,nucleus_collider,1,5,6.4940082097509535,0.0388905454725932,21.49400820975095,4.647567677670747,0.0979024368210751,0.0424472621366533,False,False,False,6,1,relative_nuclear_iod_index; not_absolute_genome_size
published_bootstrap_tree_sensitivity,published_bootstrap_175,published_bootstrap_175,lambda,,,18,6,iod_bridge,1,5,8.072593513377237,0.0176627609526989,23.072593513377235,6.22615298129703,0.0444639517714137,0.0192781005024628,False,False,False,6,1,relative_nuclear_iod_index; not_absolute_genome_size
published_bootstrap_tree_sensitivity,published_bootstrap_175,published_bootstrap_175,lambda,,,18,7,iod_cell_only,2,4,14.08725660896586,0.0070217132259646,25.16417968588894,8.317739153808734,0.0156252110397893,0.0067745752861964,False,False,False,6,1,relative_nuclear_iod_index; not_absolute_genome_size
published_bootstrap_tree_sensitivity,published_bootstrap_175,published_bootstrap_175,lambda,,,18,8,iod_nucleus_only,2,4,14.56660172312819,0.0056899187076278,25.643524800051267,8.797084267971062,0.012295251672969,0.005330814918861,False,False,False,6,1,relative_nuclear_iod_index; not_absolute_genome_size
published_bootstrap_tree_sensitivity,published_bootstrap_175,published_bootstrap_175,lambda,,,18,9,iod_collider,1,5,11.957231531391086,0.0025323292041991,26.957231531391088,10.110790999310884,0.006374845014683,0.0027639221883038,False,False,False,6,1,relative_nuclear_iod_index; not_absolute_genome_size
published_bootstrap_tree_sensitivity,published_bootstrap_175,published_bootstrap_175,lambda,,,18,10,independent,3,3,24.465902836730663,0.0004286010168382815,32.18018855101638,15.333748018936172,0.00046807874883141823,0.00020294348125936387,False,False,False,6,1,relative_nuclear_iod_index; not_absolute_genome_size
published_bootstrap_tree_sensitivity,published_bootstrap_176,published_bootstrap_176,lambda,,,18,1,cell_bridge,1,5,1.8464405362666847,0.397237767046205,16.846440536266684,0.0,1.0,0.4335669617564718,True,True,True,6,1,relative_nuclear_iod_index; not_absolute_genome_size
published_bootstrap_tree_sensitivity,published_bootstrap_176,published_bootstrap_176,lambda,,,18,2,nucleus_bridge,1,5,2.438963143924894,0.2953832622010921,17.438963143924894,0.5925226076582106,0.7435930989077738,0.3223974006765231,True,True,True,6,1,relative_nuclear_iod_index; not_absolute_genome_size
published_bootstrap_tree_sensitivity,published_bootstrap_176,published_bootstrap_176,lambda,,,18,3,nucleus_cell_only,2,4,8.453626248786621,0.0763054147002043,19.5305493257097,2.684108789443016,0.2613082864074979,0.1132946398194888,True,False,False,6,1,relative_nuclear_iod_index; not_absolute_genome_size
published_bootstrap_tree_sensitivity,published_bootstrap_176,published_bootstrap_176,lambda,,,18,4,cell_collider,1,5,6.014663104861727,0.0494233866705019,21.014663104861725,4.168222568595041,0.1244176429597975,0.0539433794469809,False,False,False,6,1,relative_nuclear_iod_index; not_absolute_genome_size
published_bootstrap_tree_sensitivity,published_bootstrap_176,published_bootstrap_176,lambda,,,18,5,nucleus_collider,1,5,6.494008211188466,0.0388905454446404,21.494008211188465,4.647567674921781,0.0979024369556403,0.0424472621394115,False,False,False,6,1,relative_nuclear_iod_index; not_absolute_genome_size
published_bootstrap_tree_sensitivity,published_bootstrap_176,published_bootstrap_176,lambda,,,18,6,iod_bridge,1,5,8.07259352489806,0.0176627608509541,23.07259352489806,6.226152988631377,0.0444639516083567,0.019278100406522,False,False,False,6,1,relative_nuclear_iod_index; not_absolute_genome_size
published_bootstrap_tree_sensitivity,published_bootstrap_176,published_bootstrap_176,lambda,,,18,7,iod_cell_only,2,4,14.087256629759787,0.0070217131620361,25.164179706682862,8.317739170416182,0.0156252109100418,0.0067745752210709,False,False,False,6,1,relative_nuclear_iod_index; not_absolute_genome_size
published_bootstrap_tree_sensitivity,published_bootstrap_176,published_bootstrap_176,lambda,,,18,8,iod_nucleus_only,2,4,14.566601736086524,0.0056899186752124,25.6435248130096,8.797084276742918,0.0122952516190429,0.0053308148884998,False,False,False,6,1,relative_nuclear_iod_index; not_absolute_genome_size
published_bootstrap_tree_sensitivity,published_bootstrap_176,published_bootstrap_176,lambda,,,18,9,iod_collider,1,5,11.95723154876346,0.0025323291822028,26.95723154876346,10.110791012496776,0.006374844972654,0.0027639221664621,False,False,False,6,1,relative_nuclear_iod_index; not_absolute_genome_size
published_bootstrap_tree_sensitivity,published_bootstrap_176,published_bootstrap_176,lambda,,,18,10,independent,3,3,24.465902864813653,0.0004286010117245942,32.180188579099365,15.33374804283268,0.0004680787432386945,0.0002029434785687885,False,False,False,6,1,relative_nuclear_iod_index; not_absolute_genome_size
published_bootstrap_tree_sensitivity,published_bootstrap_177,published_bootstrap_177,lambda,,,18,1,cell_bridge,1,5,1.846440537837248,0.3972377667342616,16.846440537837246,0.0,1.0,0.4335669636786244,True,True,True,6,1,relative_nuclear_iod_index; not_absolute_genome_size
published_bootstrap_tree_sensitivity,published_bootstrap_177,published_bootstrap_177,lambda,,,18,2,nucleus_bridge,1,5,2.438963155533369,0.2953832604866175,17.43896315553337,0.5925226176961225,0.7435930951757129,0.3223974004877242,True,True,True,6,1,relative_nuclear_iod_index; not_absolute_genome_size
published_bootstrap_tree_sensitivity,published_bootstrap_177,published_bootstrap_177,lambda,,,18,3,nucleus_cell_only,2,4,8.453626279995518,0.0763054137373072,19.530549356918595,2.6841088190813487,0.261308282535127,0.1132946386428311,True,False,False,6,1,relative_nuclear_iod_index; not_absolute_genome_size
published_bootstrap_tree_sensitivity,published_bootstrap_177,published_bootstrap_177,lambda,,,18,4,cell_collider,1,5,6.014663124462149,0.0494233861861423,21.01466312446215,4.168222586624903,0.1244176418381811,0.0539433791998347,False,False,False,6,1,relative_nuclear_iod_index; not_absolute_genome_size
published_bootstrap_tree_sensitivity,published_bootstrap_177,published_bootstrap_177,lambda,,,18,5,nucleus_collider,1,5,6.494008239146467,0.0388905449009895,21.494008239146467,4.647567701309221,0.097902435663943,0.0424472617675576,False,False,False,6,1,relative_nuclear_iod_index; not_absolute_genome_size
published_bootstrap_tree_sensitivity,published_bootstrap_177,published_bootstrap_177,lambda,,,18,6,iod_bridge,1,5,8.072593521769557,0.0176627608785832,23.072593521769555,6.226152983932309,0.0444639517128262,0.019278100537283,False,False,False,6,1,relative_nuclear_iod_index; not_absolute_genome_size
published_bootstrap_tree_sensitivity,published_bootstrap_177,published_bootstrap_177,lambda,,,18,7,iod_cell_only,2,4,14.087256646231705,0.0070217131113952,25.16417972315478,8.317739185317535,0.0156252107936235,0.0067745752006298,False,False,False,6,1,relative_nuclear_iod_index; not_absolute_genome_size
published_bootstrap_tree_sensitivity,published_bootstrap_177,published_bootstrap_177,lambda,,,18,8,iod_nucleus_only,2,4,14.566601760916024,0.0056899186131014,25.643524837839102,8.797084300001856,0.0122952514760557,0.0053308148501386,False,False,False,6,1,relative_nuclear_iod_index; not_absolute_genome_size
published_bootstrap_tree_sensitivity,published_bootstrap_177,published_bootstrap_177,lambda,,,18,9,iod_collider,1,5,11.957231562455831,0.002532329164866,26.95723156245583,10.110791024618583,0.0063748449340167,0.0027639221619636,False,False,False,6,1,relative_nuclear_iod_index; not_absolute_genome_size
published_bootstrap_tree_sensitivity,published_bootstrap_177,published_bootstrap_177,lambda,,,18,10,independent,3,3,24.465902926064448,0.0004286010005710717,32.18018864035017,15.33374810251292,0.000468078729271169,0.0002029434734126496,False,False,False,6,1,relative_nuclear_iod_index; not_absolute_genome_size
published_bootstrap_tree_sensitivity,published_bootstrap_178,published_bootstrap_178,lambda,,,18,1,cell_bridge,1,5,1.8464405359100329,0.3972377671170427,16.846440535910034,0.0,1.0,0.4335669628071515,True,True,True,6,1,relative_nuclear_iod_index; not_absolute_genome_size
published_bootstrap_tree_sensitivity,published_bootstrap_178,published_bootstrap_178,lambda,,,18,2,nucleus_bridge,1,5,2.438963151609958,0.2953832610660725,17.438963151609958,0.5925226156999237,0.7435930959178927,0.3223974001614876,True,True,True,6,1,relative_nuclear_iod_index; not_absolute_genome_size
published_bootstrap_tree_sensitivity,published_bootstrap_178,published_bootstrap_178,lambda,,,18,3,nucleus_cell_only,2,4,8.453626262111946,0.0763054142890742,19.530549339035023,2.684108803124989,0.2613082846198915,0.113294639318993,True,False,False,6,1,relative_nuclear_iod_index; not_absolute_genome_size
published_bootstrap_tree_sensitivity,published_bootstrap_178,published_bootstrap_178,lambda,,,18,4,cell_collider,1,5,6.014663110501988,0.0494233865311215,21.01466311050199,4.1682225745919546,0.1244176425867366,0.0539433794159571,False,False,False,6,1,relative_nuclear_iod_index; not_absolute_genome_size
published_bootstrap_tree_sensitivity,published_bootstrap_178,published_bootstrap_178,lambda,,,18,5,nucleus_collider,1,5,6.494008223512922,0.038890545204988,21.49400822351292,4.647567687602887,0.0979024363348847,0.0424472619731365,False,False,False,6,1,relative_nuclear_iod_index; not_absolute_genome_size
published_bootstrap_tree_sensitivity,published_bootstrap_178,published_bootstrap_178,lambda,,,18,6,iod_bridge,1,5,8.072593516365144,0.0176627609263115,23.072593516365146,6.226152980455112,0.0444639517901312,0.0192781005320508,False,False,False,6,1,relative_nuclear_iod_index; not_absolute_genome_size
published_bootstrap_tree_sensitivity,published_bootstrap_178,published_bootstrap_178,lambda,,,18,7,iod_cell_only,2,4,14.08725662686713,0.0070217131709293,25.164179703790207,8.317739167880173,0.0156252109298547,0.0067745752460782,False,False,False,6,1,relative_nuclear_iod_index; not_absolute_genome_size
published_bootstrap_tree_sensitivity,published_bootstrap_178,published_bootstrap_178,lambda,,,18,8,iod_nucleus_only,2,4,14.566601739878068,0.0056899186657278,25.643524816801143,8.79708428089111,0.0122952515935414,0.0053308148903615,False,False,False,6,1,relative_nuclear_iod_index; not_absolute_genome_size
published_bootstrap_tree_sensitivity,published_bootstrap_178,published_bootstrap_178,lambda,,,18,9,iod_collider,1,5,11.957231545450329,0.0025323291863977,26.957231545450327,10.110791009540293,0.0063748449820775,0.0027639221772457,False,False,False,6,1,relative_nuclear_iod_index; not_absolute_genome_size
published_bootstrap_tree_sensitivity,published_bootstrap_178,published_bootstrap_178,lambda,,,18,10,independent,3,3,24.46590287946524,0.0004286010090565062,32.180188593750955,15.33374805784092,0.0004680787397261754,0.00020294347753767707,False,False,False,6,1,relative_nuclear_iod_index; not_absolute_genome_size
published_bootstrap_tree_sensitivity,published_bootstrap_179,published_bootstrap_179,lambda,,,18,1,cell_bridge,1,5,1.8464405292178847,0.3972377684462298,16.846440529217883,0.0,1.0,0.4335669638888661,True,True,True,6,1,relative_nuclear_iod_index; not_absolute_genome_size
published_bootstrap_tree_sensitivity,published_bootstrap_179,published_bootstrap_179,lambda,,,18,2,nucleus_bridge,1,5,2.43896315008396,0.2953832612914497,17.43896315008396,0.5925226208660774,0.7435930939971346,0.3223974001330659,True,True,True,6,1,relative_nuclear_iod_index; not_absolute_genome_size
published_bootstrap_tree_sensitivity,published_bootstrap_179,published_bootstrap_179,lambda,,,18,3,nucleus_cell_only,2,4,8.453626262504933,0.0763054142769492,19.53054933942801,2.6841088102101267,0.2613082836941889,0.1132946392002999,True,False,False,6,1,relative_nuclear_iod_index; not_absolute_genome_size
published_bootstrap_tree_sensitivity,published_bootstrap_179,published_bootstrap_179,lambda,,,18,4,cell_collider,1,5,6.014663112420974,0.0494233864837001,21.014663112420976,4.168222583203093,0.1244176420510479,0.0539433793182845,False,False,False,6,1,relative_nuclear_iod_index; not_absolute_genome_size
published_bootstrap_tree_sensitivity,published_bootstrap_179,published_bootstrap_179,lambda,,,18,5,nucleus_collider,1,5,6.494008229205391,0.0388905450942964,21.49400822920539,4.647567699987508,0.0979024357286424,0.0424472618161923,False,False,False,6,1,relative_nuclear_iod_index; not_absolute_genome_size
published_bootstrap_tree_sensitivity,published_bootstrap_179,published_bootstrap_179,lambda,,,18,6,iod_bridge,1,5,8.072593552308032,0.0176627606088862,23.07259355230803,6.2261530230901485,0.0444639508422701,0.0192781001691868,False,False,False,6,1,relative_nuclear_iod_index; not_absolute_genome_size
published_bootstrap_tree_sensitivity,published_bootstrap_179,published_bootstrap_179,lambda,,,18,7,iod_cell_only,2,4,14.087256664729006,0.0070217130545274,25.164179741652084,8.317739212434201,0.0156252105817716,0.0067745751120629,False,False,False,6,1,relative_nuclear_iod_index; not_absolute_genome_size
published_bootstrap_tree_sensitivity,published_bootstrap_179,published_bootstrap_179,lambda,,,18,8,iod_nucleus_only,2,4,14.566601781513423,0.0056899185615769,25.6435248584365,8.797084329218617,0.012295251296442,0.005330814774849,False,False,False,6,1,relative_nuclear_iod_index; not_absolute_genome_size
published_bootstrap_tree_sensitivity,published_bootstrap_179,published_bootstrap_179,lambda,,,18,9,iod_collider,1,5,11.957231588791336,0.0025323291315209,26.957231588791338,10.110791059573454,0.0063748448226007,0.0027639221149976,False,False,False,6,1,relative_nuclear_iod_index; not_absolute_genome_size
published_bootstrap_tree_sensitivity,published_bootstrap_179,published_bootstrap_179,lambda,,,18,10,independent,3,3,24.465902930417705,0.0004286009997783724,32.18018864470342,15.333748115485538,0.000468078726235066,0.0002029434721947053,False,False,False,6,1,relative_nuclear_iod_index; not_absolute_genome_size
published_bootstrap_tree_sensitivity,published_bootstrap_180,published_bootstrap_180,lambda,,,18,1,cell_bridge,1,5,1.8464405404080808,0.3972377662236455,16.846440540408082,0.0,1.0,0.4335669633896378,True,True,True,6,1,relative_nuclear_iod_index; not_absolute_genome_size
published_bootstrap_tree_sensitivity,published_bootstrap_180,published_bootstrap_180,lambda,,,18,2,nucleus_bridge,1,5,2.4389631536095617,0.2953832607707478,17.438963153609564,0.5925226132014814,0.743593096846805,0.3223974009973661,True,True,True,6,1,relative_nuclear_iod_index; not_absolute_genome_size
published_bootstrap_tree_sensitivity,published_bootstrap_180,published_bootstrap_180,lambda,,,18,3,nucleus_cell_only,2,4,8.453626282843146,0.0763054136494485,19.530549359766223,2.6841088193581406,0.261308282498963,0.113294638551637,True,False,False,6,1,relative_nuclear_iod_index; not_absolute_genome_size
published_bootstrap_tree_sensitivity,published_bootstrap_180,published_bootstrap_180,lambda,,,18,4,cell_collider,1,5,6.014663129233584,0.0494233860682321,21.014663129233583,4.1682225888255005,0.1244176417012845,0.0539433791045259,False,False,False,6,1,relative_nuclear_iod_index; not_absolute_genome_size
published_bootstrap_tree_sensitivity,published_bootstrap_180,published_bootstrap_180,lambda,,,18,5,nucleus_collider,1,5,6.494008240283094,0.0388905448788874,21.49400824028309,4.647567699875012,0.0979024357341493,0.0424472617697042,False,False,False,6,1,relative_nuclear_iod_index; not_absolute_genome_size
published_bootstrap_tree_sensitivity,published_bootstrap_180,published_bootstrap_180,lambda,,,18,6,iod_bridge,1,5,8.072593523742446,0.0176627608611598,23.072593523742448,6.226152983334366,0.0444639517261197,0.0192781005301971,False,False,False,6,1,relative_nuclear_iod_index; not_absolute_genome_size
published_bootstrap_tree_sensitivity,published_bootstrap_180,published_bootstrap_180,lambda,,,18,7,iod_cell_only,2,4,14.08725665297603,0.0070217130906606,25.164179729899107,8.317739189491025,0.0156252107610176,0.0067745751819775,False,False,False,6,1,relative_nuclear_iod_index; not_absolute_genome_size
published_bootstrap_tree_sensitivity,published_bootstrap_180,published_bootstrap_180,lambda,,,18,8,iod_nucleus_only,2,4,14.56660176402554,0.0056899186053229,25.64352484094861,8.797084300540533,0.0122952514727441,0.0053308148451496,False,False,False,6,1,relative_nuclear_iod_index; not_absolute_genome_size
published_bootstrap_tree_sensitivity,published_bootstrap_180,published_bootstrap_180,lambda,,,18,9,iod_collider,1,5,11.95723156704552,0.0025323291590547,26.95723156704552,10.110791026637436,0.0063748449275817,0.0027639221573314,False,False,False,6,1,relative_nuclear_iod_index; not_absolute_genome_size
published_bootstrap_tree_sensitivity,published_bootstrap_180,published_bootstrap_180,lambda,,,18,10,independent,3,3,24.4659029365622,0.0004286009986594896,32.18018865084791,15.333748110439828,0.0004680787274159607,0.00020294347247302408,False,False,False,6,1,relative_nuclear_iod_index; not_absolute_genome_size
published_bootstrap_tree_sensitivity,published_bootstrap_181,published_bootstrap_181,lambda,,,18,1,cell_bridge,1,5,1.846440541506529,0.397237766005473,16.846440541506528,0.0,1.0,0.4335669618998513,True,True,True,6,1,relative_nuclear_iod_index; not_absolute_genome_size
published_bootstrap_tree_sensitivity,published_bootstrap_181,published_bootstrap_181,lambda,,,18,2,nucleus_bridge,1,5,2.4389631460138186,0.2953832618925756,17.43896314601382,0.5925226045072911,0.7435931000792748,0.3223974012910633,True,True,True,6,1,relative_nuclear_iod_index; not_absolute_genome_size
published_bootstrap_tree_sensitivity,published_bootstrap_181,published_bootstrap_181,lambda,,,18,3,nucleus_cell_only,2,4,8.45362626429797,0.0763054142216281,19.530549341221047,2.6841087997145188,0.2613082850654835,0.113294639275102,True,False,False,6,1,relative_nuclear_iod_index; not_absolute_genome_size
published_bootstrap_tree_sensitivity,published_bootstrap_181,published_bootstrap_181,lambda,,,18,4,cell_collider,1,5,6.014663118284151,0.0494233863388111,21.01466311828415,4.168222576777623,0.1244176424507688,0.0539433792441218,False,False,False,6,1,relative_nuclear_iod_index; not_absolute_genome_size
published_bootstrap_tree_sensitivity,published_bootstrap_181,published_bootstrap_181,lambda,,,18,5,nucleus_collider,1,5,6.494008222226641,0.0388905452300001,21.49400822222664,4.647567680720112,0.097902436671805,0.042447262030387,False,False,False,6,1,relative_nuclear_iod_index; not_absolute_genome_size
published_bootstrap_tree_sensitivity,published_bootstrap_181,published_bootstrap_181,lambda,,,18,6,iod_bridge,1,5,8.072593519833946,0.0176627608956773,23.072593519833944,6.226152978327416,0.0444639518374341,0.0192781005122176,False,False,False,6,1,relative_nuclear_iod_index; not_absolute_genome_size
published_bootstrap_tree_sensitivity,published_bootstrap_181,published_bootstrap_181,lambda,,,18,7,iod_cell_only,2,4,14.087256638118095,0.0070217131363395,25.16417971504117,8.317739173534644,0.0156252108856785,0.0067745752127481,False,False,False,6,1,relative_nuclear_iod_index; not_absolute_genome_size
published_bootstrap_tree_sensitivity,published_bootstrap_181,published_bootstrap_181,lambda,,,18,8,iod_nucleus_only,2,4,14.566601742060588,0.0056899186602683,25.643524818983664,8.797084277477136,0.0122952516145292,0.0053308148883057,False,False,False,6,1,relative_nuclear_iod_index; not_absolute_genome_size
published_bootstrap_tree_sensitivity,published_bootstrap_181,published_bootstrap_181,lambda,,,18,9,iod_collider,1,5,11.957231552201428,0.0025323291778497,26.957231552201428,10.1107910106949,0.0063748449783973,0.0027639221698662,False,False,False,6,1,relative_nuclear_iod_index; not_absolute_genome_size
published_bootstrap_tree_sensitivity,published_bootstrap_181,published_bootstrap_181,lambda,,,18,10,independent,3,3,24.46590289271222,0.0004286010066443247,32.18018860699793,15.333748065491402,0.00046807873793566166,0.00020294347633668152,False,False,False,6,1,relative_nuclear_iod_index; not_absolute_genome_size
published_bootstrap_tree_sensitivity,published_bootstrap_182,published_bootstrap_182,lambda,,,18,1,cell_bridge,1,5,1.846440535498674,0.3972377671987466,16.846440535498672,0.0,1.0,0.4335669628492004,True,True,True,6,1,relative_nuclear_iod_index; not_absolute_genome_size
published_bootstrap_tree_sensitivity,published_bootstrap_182,published_bootstrap_182,lambda,,,18,2,nucleus_bridge,1,5,2.4389631525955435,0.2953832609205098,17.438963152595544,0.592522617096872,0.7435930953985121,0.3223973999675686,True,True,True,6,1,relative_nuclear_iod_index; not_absolute_genome_size
published_bootstrap_tree_sensitivity,published_bootstrap_182,published_bootstrap_182,lambda,,,18,3,nucleus_cell_only,2,4,8.453626261335602,0.0763054143130269,19.53054933825868,2.684108802760008,0.2613082846675778,0.1132946393506559,True,False,False,6,1,relative_nuclear_iod_index; not_absolute_genome_size
published_bootstrap_tree_sensitivity,published_bootstrap_182,published_bootstrap_182,lambda,,,18,4,cell_collider,1,5,6.014663108740058,0.0494233865746618,21.01466310874006,4.168222573241387,0.1244176426707538,0.0539433794576158,False,False,False,6,1,relative_nuclear_iod_index; not_absolute_genome_size
published_bootstrap_tree_sensitivity,published_bootstrap_182,published_bootstrap_182,lambda,,,18,5,nucleus_collider,1,5,6.494008222916622,0.0388905452165831,21.494008222916623,4.647567687417951,0.0979024363439376,0.0424472619811782,False,False,False,6,1,relative_nuclear_iod_index; not_absolute_genome_size
published_bootstrap_tree_sensitivity,published_bootstrap_182,published_bootstrap_182,lambda,,,18,6,iod_bridge,1,5,8.072593512619415,0.0176627609593915,23.072593512619413,6.226152977120741,0.0444639518642609,0.0192781005660606,False,False,False,6,1,relative_nuclear_iod_index; not_absolute_genome_size
published_bootstrap_tree_sensitivity,published_bootstrap_182,published_bootstrap_182,lambda,,,18,7,iod_cell_only,2,4,14.087256621359472,0.0070217131878619,25.16417969828255,8.317739162783877,0.01562521096967,0.0067745752639978,False,False,False,6,1,relative_nuclear_iod_index; not_absolute_genome_size
published_bootstrap_tree_sensitivity,published_bootstrap_182,published_bootstrap_182,lambda,,,18,8,iod_nucleus_only,2,4,14.566601735536036,0.0056899186765895,25.643524812459116,8.79708427696044,0.0122952516177057,0.0053308149013553,False,False,False,6,1,relative_nuclear_iod_index; not_absolute_genome_size
published_bootstrap_tree_sensitivity,published_bootstrap_182,published_bootstrap_182,lambda,,,18,9,iod_collider,1,5,11.957231540282113,0.0025323291929415,26.957231540282116,10.11079100478344,0.0063748449972396,0.0027639221840876,False,False,False,6,1,relative_nuclear_iod_index; not_absolute_genome_size
published_bootstrap_tree_sensitivity,published_bootstrap_182,published_bootstrap_182,lambda,,,18,10,independent,3,3,24.465902871938795,0.00042860101042707655,32.18018858622451,15.333748050725838,0.0004680787413913852,0.0002029434782793392,False,False,False,6,1,relative_nuclear_iod_index; not_absolute_genome_size
published_bootstrap_tree_sensitivity,published_bootstrap_183,published_bootstrap_183,lambda,,,18,1,cell_bridge,1,5,1.8464405420296977,0.3972377659015618,16.846440542029697,0.0,1.0,0.4335669626687823,True,True,True,6,1,relative_nuclear_iod_index; not_absolute_genome_size
published_bootstrap_tree_sensitivity,published_bootstrap_183,published_bootstrap_183,lambda,,,18,2,nucleus_bridge,1,5,2.438963150449915,0.2953832612374012,17.438963150449915,0.592522608420218,0.7435930986244621,0.3223974012320764,True,True,True,6,1,relative_nuclear_iod_index; not_absolute_genome_size
published_bootstrap_tree_sensitivity,published_bootstrap_183,published_bootstrap_183,lambda,,,18,3,nucleus_cell_only,2,4,8.453626276580142,0.0763054138426828,19.53054935350322,2.684108811473521,0.2613082835291211,0.113294638809914,True,False,False,6,1,relative_nuclear_iod_index; not_absolute_genome_size
published_bootstrap_tree_sensitivity,published_bootstrap_183,published_bootstrap_183,lambda,,,18,4,cell_collider,1,5,6.014663126130226,0.0494233861449213,21.014663126130227,4.16822258410053,0.1244176419952194,0.0539433791422792,False,False,False,6,1,relative_nuclear_iod_index; not_absolute_genome_size
published_bootstrap_tree_sensitivity,published_bootstrap_183,published_bootstrap_183,lambda,,,18,5,nucleus_collider,1,5,6.4940082333206295,0.0388905450142744,21.494008233320628,4.647567691290931,0.0979024361543505,0.0424472618813161,False,False,False,6,1,relative_nuclear_iod_index; not_absolute_genome_size
published_bootstrap_tree_sensitivity,published_bootstrap_183,published_bootstrap_183,lambda,,,18,6,iod_bridge,1,5,8.07259351957447,0.0176627608979688,23.07259351957447,6.226152977544771,0.0444639518548338,0.0192781005539512,False,False,False,6,1,relative_nuclear_iod_index; not_absolute_genome_size
published_bootstrap_tree_sensitivity,published_bootstrap_183,published_bootstrap_183,lambda,,,18,7,iod_cell_only,2,4,14.087256645704697,0.0070217131130154,25.16417972262777,8.317739180598075,0.0156252108304947,0.0067745752008369,False,False,False,6,1,relative_nuclear_iod_index; not_absolute_genome_size
published_bootstrap_tree_sensitivity,published_bootstrap_183,published_bootstrap_183,lambda,,,18,8,iod_nucleus_only,2,4,14.5666017528951,0.0056899186331658,25.643524829818176,8.79708428778848,0.012295251551139,0.0053308148702759,False,False,False,6,1,relative_nuclear_iod_index; not_absolute_genome_size
published_bootstrap_tree_sensitivity,published_bootstrap_183,published_bootstrap_183,lambda,,,18,9,iod_collider,1,5,11.957231558774955,0.0025323291695266,26.95723155877496,10.11079101674526,0.0063748449591123,0.0027639221664067,False,False,False,6,1,relative_nuclear_iod_index; not_absolute_genome_size
published_bootstrap_tree_sensitivity,published_bootstrap_183,published_bootstrap_183,lambda,,,18,10,independent,3,3,24.46590291822581,0.0004286010019983744,32.18018863251153,15.333748090481834,0.000468078732086917,0.00020294347416077927,False,False,False,6,1,relative_nuclear_iod_index; not_absolute_genome_size
published_bootstrap_tree_sensitivity,published_bootstrap_184,published_bootstrap_184,lambda,,,18,1,cell_bridge,1,5,1.8464405328950475,0.397237767715876,16.84644053289505,0.0,1.0,0.4335669629443747,True,True,True,6,1,relative_nuclear_iod_index; not_absolute_genome_size
published_bootstrap_tree_sensitivity,published_bootstrap_184,published_bootstrap_184,lambda,,,18,2,nucleus_bridge,1,5,2.4389631531139946,0.2953832608439388,17.438963153113995,0.5925226202189471,0.7435930942377353,0.3223973995350652,True,True,True,6,1,relative_nuclear_iod_index; not_absolute_genome_size
published_bootstrap_tree_sensitivity,published_bootstrap_184,published_bootstrap_184,lambda,,,18,3,nucleus_cell_only,2,4,8.453626255762913,0.0763054144849627,19.53054933268599,2.684108799790941,0.2613082850554986,0.1132946395437154,True,False,False,6,1,relative_nuclear_iod_index; not_absolute_genome_size
published_bootstrap_tree_sensitivity,published_bootstrap_184,published_bootstrap_184,lambda,,,18,4,cell_collider,1,5,6.0146631026489175,0.0494233867251842,21.01466310264892,4.168222569753869,0.1244176428877082,0.0539433795635214,False,False,False,6,1,relative_nuclear_iod_index; not_absolute_genome_size
published_bootstrap_tree_sensitivity,published_bootstrap_184,published_bootstrap_184,lambda,,,18,5,nucleus_collider,1,5,6.494008219315979,0.0388905452865987,21.49400821931598,4.647567686420931,0.0979024363927429,0.0424472620116563,False,False,False,6,1,relative_nuclear_iod_index; not_absolute_genome_size
published_bootstrap_tree_sensitivity,published_bootstrap_184,published_bootstrap_184,lambda,,,18,6,iod_bridge,1,5,8.072593512138518,0.0176627609636385,23.07259351213852,6.226152979243469,0.0444639518170684,0.0192781005498313,False,False,False,6,1,relative_nuclear_iod_index; not_absolute_genome_size
published_bootstrap_tree_sensitivity,published_bootstrap_184,published_bootstrap_184,lambda,,,18,7,iod_cell_only,2,4,14.087256614787435,0.0070217132080668,25.164179691710512,8.317739158815463,0.0156252110006737,0.0067745752789271,False,False,False,6,1,relative_nuclear_iod_index; not_absolute_genome_size
published_bootstrap_tree_sensitivity,published_bootstrap_184,published_bootstrap_184,lambda,,,18,8,iod_nucleus_only,2,4,14.566601731454496,0.0056899186867994,25.64352480837757,8.797084275482526,0.0122952516267914,0.0053308149064648,False,False,False,6,1,relative_nuclear_iod_index; not_absolute_genome_size
published_bootstrap_tree_sensitivity,published_bootstrap_184,published_bootstrap_184,lambda,,,18,9,iod_collider,1,5,11.957231536032552,0.0025323291983222,26.957231536032552,10.110791003137503,0.0063748450024859,0.0027639221869689,False,False,False,6,1,relative_nuclear_iod_index; not_absolute_genome_size
published_bootstrap_tree_sensitivity,published_bootstrap_184,published_bootstrap_184,lambda,,,18,10,independent,3,3,24.46590285799745,0.0004286010129657125,32.180188572283164,15.333748039388116,0.00046807874404485847,0.00020294347947434664,False,False,False,6,1,relative_nuclear_iod_index; not_absolute_genome_size
published_bootstrap_tree_sensitivity,published_bootstrap_185,published_bootstrap_185,lambda,,,18,1,cell_bridge,1,5,1.846440543387473,0.3972377656318819,16.846440543387473,0.0,1.0,0.4335669626370638,True,True,True,6,1,relative_nuclear_iod_index; not_absolute_genome_size
published_bootstrap_tree_sensitivity,published_bootstrap_185,published_bootstrap_185,lambda,,,18,2,nucleus_bridge,1,5,2.438963150336034,0.2953832612542204,17.438963150336033,0.5925226069485596,0.7435930991716196,0.3223974014457201,True,True,True,6,1,relative_nuclear_iod_index; not_absolute_genome_size
published_bootstrap_tree_sensitivity,published_bootstrap_185,published_bootstrap_185,lambda,,,18,3,nucleus_cell_only,2,4,8.453626279720183,0.0763054137458022,19.53054935664326,2.6841088132557864,0.2613082832962608,0.1132946387006652,True,False,False,6,1,relative_nuclear_iod_index; not_absolute_genome_size
published_bootstrap_tree_sensitivity,published_bootstrap_185,published_bootstrap_185,lambda,,,18,4,cell_collider,1,5,6.014663129384148,0.0494233860645113,21.014663129384147,4.1682225859966735,0.1244176418772625,0.0539433790871906,False,False,False,6,1,relative_nuclear_iod_index; not_absolute_genome_size
published_bootstrap_tree_sensitivity,published_bootstrap_185,published_bootstrap_185,lambda,,,18,5,nucleus_collider,1,5,6.494008235406826,0.0388905449737078,21.494008235406824,4.647567692019351,0.0979024361186934,0.0424472618627511,False,False,False,6,1,relative_nuclear_iod_index; not_absolute_genome_size
published_bootstrap_tree_sensitivity,published_bootstrap_185,published_bootstrap_185,lambda,,,18,6,iod_bridge,1,5,8.072593519556678,0.0176627608981259,23.07259351955668,6.226152976169203,0.0444639518854154,0.0192781005658001,False,False,False,6,1,relative_nuclear_iod_index; not_absolute_genome_size
published_bootstrap_tree_sensitivity,published_bootstrap_185,published_bootstrap_185,lambda,,,18,7,iod_cell_only,2,4,14.087256648940826,0.0070217131030664,25.164179725863903,8.31773918247643,0.0156252108158199,0.0067745751939788,False,False,False,6,1,relative_nuclear_iod_index; not_absolute_genome_size
published_bootstrap_tree_sensitivity,published_bootstrap_185,published_bootstrap_185,lambda,,,18,8,iod_nucleus_only,2,4,14.566601754963504,0.0056899186279916,25.64352483188658,8.797084288499107,0.0122952515467703,0.0053308148679918,False,False,False,6,1,relative_nuclear_iod_index; not_absolute_genome_size
published_bootstrap_tree_sensitivity,published_bootstrap_185,published_bootstrap_185,lambda,,,18,9,iod_collider,1,5,11.957231560786884,0.0025323291669792,26.957231560786884,10.11079101739941,0.0063748449570272,0.0027639221653005,False,False,False,6,1,relative_nuclear_iod_index; not_absolute_genome_size
published_bootstrap_tree_sensitivity,published_bootstrap_185,published_bootstrap_185,lambda,,,18,10,independent,3,3,24.465902925577858,0.00042860100065966733,32.18018863986357,15.3337480964761,0.0004680787306840227,0.00020294347353768392,False,False,False,6,1,relative_nuclear_iod_index; not_absolute_genome_size
published_bootstrap_tree_sensitivity,published_bootstrap_186,published_bootstrap_186,lambda,,,18,1,cell_bridge,1,5,1.8464405310775327,0.3972377680768687,16.846440531077533,0.0,1.0,0.4335669629632907,True,True,True,6,1,relative_nuclear_iod_index; not_absolute_genome_size
published_bootstrap_tree_sensitivity,published_bootstrap_186,published_bootstrap_186,lambda,,,18,2,nucleus_bridge,1,5,2.4389631463485792,0.2953832618431341,17.43896314634858,0.5925226152710472,0.7435930960773475,0.322397400346726,True,True,True,6,1,relative_nuclear_iod_index; not_absolute_genome_size
published_bootstrap_tree_sensitivity,published_bootstrap_186,published_bootstrap_186,lambda,,,18,3,nucleus_cell_only,2,4,8.453626253751153,0.0763054145470322,19.53054933067423,2.684108799596697,0.2613082850808775,0.1132946395596618,True,False,False,6,1,relative_nuclear_iod_index; not_absolute_genome_size
published_bootstrap_tree_sensitivity,published_bootstrap_186,published_bootstrap_186,lambda,,,18,4,cell_collider,1,5,6.014663107402575,0.0494233866077132,21.014663107402576,4.168222576325043,0.1244176424789232,0.0539433793886392,False,False,False,6,1,relative_nuclear_iod_index; not_absolute_genome_size
published_bootstrap_tree_sensitivity,published_bootstrap_186,published_bootstrap_186,lambda,,,18,5,nucleus_collider,1,5,6.494008219684972,0.0388905452794235,21.49400821968497,4.647567688607438,0.0979024362857107,0.0424472619671026,False,False,False,6,1,relative_nuclear_iod_index; not_absolute_genome_size
published_bootstrap_tree_sensitivity,published_bootstrap_186,published_bootstrap_186,lambda,,,18,6,iod_bridge,1,5,8.072593545334074,0.0176627606704758,23.072593545334072,6.226153014256539,0.0444639510386587,0.0192781002131797,False,False,False,6,1,relative_nuclear_iod_index; not_absolute_genome_size
published_bootstrap_tree_sensitivity,published_bootstrap_186,published_bootstrap_186,lambda,,,18,7,iod_cell_only,2,4,14.087256652736649,0.0070217130913965,25.164179729659725,8.317739198582192,0.0156252106899919,0.0067745751445213,False,False,False,6,1,relative_nuclear_iod_index; not_absolute_genome_size
published_bootstrap_tree_sensitivity,published_bootstrap_186,published_bootstrap_186,lambda,,,18,8,iod_nucleus_only,2,4,14.566601765019048,0.0056899186028376,25.643524841942124,8.79708431086459,0.0122952514092757,0.0053308148123897,False,False,False,6,1,relative_nuclear_iod_index; not_absolute_genome_size
published_bootstrap_tree_sensitivity,published_bootstrap_186,published_bootstrap_186,lambda,,,18,9,iod_collider,1,5,11.957231575716282,0.0025323291480761,26.95723157571628,10.110791044638749,0.0063748448702039,0.0027639221297364,False,False,False,6,1,relative_nuclear_iod_index; not_absolute_genome_size
published_bootstrap_tree_sensitivity,published_bootstrap_186,published_bootstrap_186,lambda,,,18,10,independent,3,3,24.46590290280383,0.0004286010048066835,32.18018861708954,15.333748086012008,0.0004680787331330321,0.0002029434747521934,False,False,False,6,1,relative_nuclear_iod_index; not_absolute_genome_size
published_bootstrap_tree_sensitivity,published_bootstrap_187,published_bootstrap_187,lambda,,,18,1,cell_bridge,1,5,1.8464405336756289,0.3972377675608377,16.84644053367563,0.0,1.0,0.4335669633744533,True,True,True,6,1,relative_nuclear_iod_index; not_absolute_genome_size
published_bootstrap_tree_sensitivity,published_bootstrap_187,published_bootstrap_187,lambda,,,18,2,nucleus_bridge,1,5,2.438963153899632,0.2953832607279069,17.438963153899632,0.5925226202240026,0.7435930942358557,0.3223973998540537,True,True,True,6,1,relative_nuclear_iod_index; not_absolute_genome_size
published_bootstrap_tree_sensitivity,published_bootstrap_187,published_bootstrap_187,lambda,,,18,3,nucleus_cell_only,2,4,8.453626264562974,0.0763054142134519,19.53054934148605,2.6841088078104214,0.2613082840077203,0.1132946392018165,True,False,False,6,1,relative_nuclear_iod_index; not_absolute_genome_size
published_bootstrap_tree_sensitivity,published_bootstrap_187,published_bootstrap_187,lambda,,,18,4,cell_collider,1,5,6.014663110663342,0.0494233865271341,21.014663110663346,4.168222576987713,0.1244176424376993,0.0539433794219218,False,False,False,6,1,relative_nuclear_iod_index; not_absolute_genome_size
published_bootstrap_tree_sensitivity,published_bootstrap_187,published_bootstrap_187,lambda,,,18,5,nucleus_collider,1,5,6.494008227301333,0.0388905451313212,21.49400822730133,4.647567693625703,0.0979024360400605,0.0424472619008507,False,False,False,6,1,relative_nuclear_iod_index; not_absolute_genome_size
published_bootstrap_tree_sensitivity,published_bootstrap_187,published_bootstrap_187,lambda,,,18,6,iod_bridge,1,5,8.072593520393143,0.0176627608907388,23.07259352039314,6.226152986717512,0.0444639516509057,0.0192781004969117,False,False,False,6,1,relative_nuclear_iod_index; not_absolute_genome_size
published_bootstrap_tree_sensitivity,published_bootstrap_187,published_bootstrap_187,lambda,,,18,7,iod_cell_only,2,4,14.087256631056484,0.0070217131580496,25.164179707979564,8.317739174303934,0.0156252108796684,0.0067745752331833,False,False,False,6,1,relative_nuclear_iod_index; not_absolute_genome_size
published_bootstrap_tree_sensitivity,published_bootstrap_187,published_bootstrap_187,lambda,,,18,8,iod_nucleus_only,2,4,14.566601747694476,0.0056899186461751,25.643524824617558,8.797084290941925,0.0122952515317528,0.0053308148705471,False,False,False,6,1,relative_nuclear_iod_index; not_absolute_genome_size
published_bootstrap_tree_sensitivity,published_bootstrap_187,published_bootstrap_187,lambda,,,18,9,iod_collider,1,5,11.957231551307268,0.0025323291789819,26.957231551307267,10.110791017631636,0.006374844956287,0.0027639221696803,False,False,False,6,1,relative_nuclear_iod_index; not_absolute_genome_size
published_bootstrap_tree_sensitivity,published_bootstrap_187,published_bootstrap_187,lambda,,,18,10,independent,3,3,24.46590288927194,0.0004286010072708235,32.18018860355765,15.333748069882024,0.00046807873690808346,0.0002029434765813874,False,False,False,6,1,relative_nuclear_iod_index; not_absolute_genome_size
published_bootstrap_tree_sensitivity,published_bootstrap_188,published_bootstrap_188,lambda,,,18,1,cell_bridge,1,5,1.846440534930388,0.3972377673116187,16.846440534930387,0.0,1.0,0.4335669625435763,True,True,True,6,1,relative_nuclear_iod_index; not_absolute_genome_size
published_bootstrap_tree_sensitivity,published_bootstrap_188,published_bootstrap_188,lambda,,,18,2,nucleus_bridge,1,5,2.438963149570513,0.2953832613672815,17.43896314957051,0.5925226146401243,0.7435930963119224,0.3223974001363331,True,True,True,6,1,relative_nuclear_iod_index; not_absolute_genome_size
published_bootstrap_tree_sensitivity,published_bootstrap_188,published_bootstrap_188,lambda,,,18,3,nucleus_cell_only,2,4,8.453626255964242,0.0763054144787511,19.53054933288732,2.684108797956931,0.2613082852951197,0.1132946395428753,True,False,False,6,1,relative_nuclear_iod_index; not_absolute_genome_size
published_bootstrap_tree_sensitivity,published_bootstrap_188,published_bootstrap_188,lambda,,,18,4,cell_collider,1,5,6.014663106393729,0.0494233866326435,21.01466310639373,4.168222571463343,0.1244176427813639,0.0539433794675476,False,False,False,6,1,relative_nuclear_iod_index; not_absolute_genome_size
published_bootstrap_tree_sensitivity,published_bootstrap_188,published_bootstrap_188,lambda,,,18,5,nucleus_collider,1,5,6.494008218479197,0.0388905453028701,21.4940082184792,4.647567683548811,0.0979024365333367,0.042447262033374,False,False,False,6,1,relative_nuclear_iod_index; not_absolute_genome_size
published_bootstrap_tree_sensitivity,published_bootstrap_188,published_bootstrap_188,lambda,,,18,6,iod_bridge,1,5,8.072593518811363,0.017662760904708,23.072593518811363,6.226152983880976,0.0444639517139675,0.0192781004873091,False,False,False,6,1,relative_nuclear_iod_index; not_absolute_genome_size
published_bootstrap_tree_sensitivity,published_bootstrap_188,published_bootstrap_188,lambda,,,18,7,iod_cell_only,2,4,14.087256625205091,0.007021713176039,25.16417970212817,8.317739167197782,0.0156252109351859,0.0067745752442712,False,False,False,6,1,relative_nuclear_iod_index; not_absolute_genome_size
published_bootstrap_tree_sensitivity,published_bootstrap_188,published_bootstrap_188,lambda,,,18,8,iod_nucleus_only,2,4,14.56660173729056,0.0056899186722005,25.64352481421364,8.79708427928325,0.0122952516034259,0.0053308148914064,False,False,False,6,1,relative_nuclear_iod_index; not_absolute_genome_size
published_bootstrap_tree_sensitivity,published_bootstrap_188,published_bootstrap_188,lambda,,,18,9,iod_collider,1,5,11.957231544875697,0.0025323291871253,26.957231544875697,10.11079100994531,0.0063748449807866,0.0027639221750058,False,False,False,6,1,relative_nuclear_iod_index; not_absolute_genome_size
published_bootstrap_tree_sensitivity,published_bootstrap_188,published_bootstrap_188,lambda,,,18,10,independent,3,3,24.46590286974862,0.0004286010108258687,32.18018858403434,15.333748049103953,0.00046807874177097,0.00020294347830085847,False,False,False,6,1,relative_nuclear_iod_index; not_absolute_genome_size
published_bootstrap_tree_sensitivity,published_bootstrap_189,published_bootstrap_189,lambda,,,18,1,cell_bridge,1,5,1.8464405369975097,0.3972377669010494,16.84644053699751,0.0,1.0,0.4335669624412898,True,True,True,6,1,relative_nuclear_iod_index; not_absolute_genome_size
published_bootstrap_tree_sensitivity,published_bootstrap_189,published_bootstrap_189,lambda,,,18,2,nucleus_bridge,1,5,2.4389631486476446,0.2953832615035814,17.438963148647645,0.5925226116501356,0.7435930974235899,0.3223974005422559,True,True,True,6,1,relative_nuclear_iod_index; not_absolute_genome_size
published_bootstrap_tree_sensitivity,published_bootstrap_189,published_bootstrap_189,lambda,,,18,3,nucleus_cell_only,2,4,8.453626260143107,0.0763054143498194,19.530549337066184,2.6841088000686746,0.2613082850192116,0.1132946393965223,True,False,False,6,1,relative_nuclear_iod_index; not_absolute_genome_size
published_bootstrap_tree_sensitivity,published_bootstrap_189,published_bootstrap_189,lambda,,,18,4,cell_collider,1,5,6.014663111495461,0.0494233865065711,21.014663111495462,4.168222574497953,0.1244176425925843,0.0539433793729728,False,False,False,6,1,relative_nuclear_iod_index; not_absolute_genome_size
published_bootstrap_tree_sensitivity,published_bootstrap_189,published_bootstrap_189,lambda,,,18,5,nucleus_collider,1,5,6.494008221169087,0.0388905452505645,21.49400822116909,4.647567684171577,0.0979024365028515,0.0424472620101426,False,False,False,6,1,relative_nuclear_iod_index; not_absolute_genome_size
published_bootstrap_tree_sensitivity,published_bootstrap_189,published_bootstrap_189,lambda,,,18,6,iod_bridge,1,5,8.072593520952157,0.0176627608858018,23.07259352095216,6.226152983954648,0.0444639517123296,0.0192781004820509,False,False,False,6,1,relative_nuclear_iod_index; not_absolute_genome_size
published_bootstrap_tree_sensitivity,published_bootstrap_189,published_bootstrap_189,lambda,,,18,7,iod_cell_only,2,4,14.08725663244762,0.0070217131537727,25.164179709370696,8.317739172373187,0.0156252108947525,0.0067745752251424,False,False,False,6,1,relative_nuclear_iod_index; not_absolute_genome_size
published_bootstrap_tree_sensitivity,published_bootstrap_189,published_bootstrap_189,lambda,,,18,8,iod_nucleus_only,2,4,14.566601742121245,0.0056899186601165,25.64352481904432,8.79708428204681,0.0122952515864366,0.0053308148827827,False,False,False,6,1,relative_nuclear_iod_index; not_absolute_genome_size
published_bootstrap_tree_sensitivity,published_bootstrap_189,published_bootstrap_189,lambda,,,18,9,iod_collider,1,5,11.957231550297031,0.002532329180261,26.95723155029703,10.110791013299522,0.0063748449700953,0.0027639221697183,False,False,False,6,1,relative_nuclear_iod_index; not_absolute_genome_size
published_bootstrap_tree_sensitivity,published_bootstrap_189,published_bootstrap_189,lambda,,,18,10,independent,3,3,24.46590288296158,0.00042860100841990434,32.180188597247295,15.333748060249786,0.0004680787391624064,0.0002029434771219933,False,False,False,6,1,relative_nuclear_iod_index; not_absolute_genome_size
published_bootstrap_tree_sensitivity,published_bootstrap_190,published_bootstrap_190,lambda,,,18,1,cell_bridge,1,5,1.846440536653607,0.397237766969355,16.846440536653606,0.0,1.0,0.4335669631759692,True,True,True,6,1,relative_nuclear_iod_index; not_absolute_genome_size
published_bootstrap_tree_sensitivity,published_bootstrap_190,published_bootstrap_190,lambda,,,18,2,nucleus_bridge,1,5,2.438963151249181,0.2953832611193563,17.43896315124918,0.5925226145955733,0.7435930963284864,0.3223974006137577,True,True,True,6,1,relative_nuclear_iod_index; not_absolute_genome_size
published_bootstrap_tree_sensitivity,published_bootstrap_190,published_bootstrap_190,lambda,,,18,3,nucleus_cell_only,2,4,8.453626270241148,0.0763054140382616,19.530549347164225,2.684108810510619,0.2613082836549283,0.113294638996992,True,False,False,6,1,relative_nuclear_iod_index; not_absolute_genome_size
published_bootstrap_tree_sensitivity,published_bootstrap_190,published_bootstrap_190,lambda,,,18,4,cell_collider,1,5,6.014663118991967,0.0494233863213198,21.01466311899197,4.1682225823383625,0.1244176421048417,0.0539433792529108,False,False,False,6,1,relative_nuclear_iod_index; not_absolute_genome_size
published_bootstrap_tree_sensitivity,published_bootstrap_190,published_bootstrap_190,lambda,,,18,5,nucleus_collider,1,5,6.494008231029033,0.0388905450588351,21.494008231029035,4.647567694375429,0.0979024360033606,0.0424472618655067,False,False,False,6,1,relative_nuclear_iod_index; not_absolute_genome_size
published_bootstrap_tree_sensitivity,published_bootstrap_190,published_bootstrap_190,lambda,,,18,6,iod_bridge,1,5,8.072593528518734,0.0176627608189786,23.07259352851873,6.226152991865128,0.044463951536464,0.0192781004384681,False,False,False,6,1,relative_nuclear_iod_index; not_absolute_genome_size
published_bootstrap_tree_sensitivity,published_bootstrap_190,published_bootstrap_190,lambda,,,18,7,iod_cell_only,2,4,14.0872566475107,0.0070217131074631,25.16417972443378,8.317739187780173,0.0156252107743838,0.006774575184434,False,False,False,6,1,relative_nuclear_iod_index; not_absolute_genome_size
published_bootstrap_tree_sensitivity,published_bootstrap_190,published_bootstrap_190,lambda,,,18,8,iod_nucleus_only,2,4,14.566601759547767,0.0056899186165241,25.64352483647085,8.79708429981724,0.0122952514771906,0.0053308148444504,False,False,False,6,1,relative_nuclear_iod_index; not_absolute_genome_size
published_bootstrap_tree_sensitivity,published_bootstrap_190,published_bootstrap_190,lambda,,,18,9,iod_collider,1,5,11.957231565185277,0.0025323291614101,26.957231565185275,10.110791028531668,0.006374844921544,0.0027639221533516,False,False,False,6,1,relative_nuclear_iod_index; not_absolute_genome_size
published_bootstrap_tree_sensitivity,published_bootstrap_190,published_bootstrap_190,lambda,,,18,10,independent,3,3,24.465902915206275,0.00042860100254826783,32.180188629491994,15.333748092838388,0.00046807873153539056,0.00020294347415905905,False,False,False,6,1,relative_nuclear_iod_index; not_absolute_genome_size
published_bootstrap_tree_sensitivity,published_bootstrap_191,published_bootstrap_191,lambda,,,18,1,cell_bridge,1,5,1.846440531754585,0.3972377679423933,16.846440531754585,0.0,1.0,0.4335669642406229,True,True,True,6,1,relative_nuclear_iod_index; not_absolute_genome_size
published_bootstrap_tree_sensitivity,published_bootstrap_191,published_bootstrap_191,lambda,,,18,2,nucleus_bridge,1,5,2.438963154431544,0.2953832606493479,17.438963154431544,0.5925226226769595,0.7435930933238548,0.3223974001027179,True,True,True,6,1,relative_nuclear_iod_index; not_absolute_genome_size
published_bootstrap_tree_sensitivity,published_bootstrap_191,published_bootstrap_191,lambda,,,18,3,nucleus_cell_only,2,4,8.453626273377044,0.0763054139415089,19.53054935030012,2.6841088185455355,0.2613082826051332,0.1132946388200383,True,False,False,6,1,relative_nuclear_iod_index; not_absolute_genome_size
published_bootstrap_tree_sensitivity,published_bootstrap_191,published_bootstrap_191,lambda,,,18,4,cell_collider,1,5,6.0146631189455,0.0494233863224681,21.0146631189455,4.168222587190915,0.1244176418029702,0.053943379254491,False,False,False,6,1,relative_nuclear_iod_index; not_absolute_genome_size
published_bootstrap_tree_sensitivity,published_bootstrap_191,published_bootstrap_191,lambda,,,18,5,nucleus_collider,1,5,6.49400823738966,0.038890544935151,21.49400823738966,4.647567705635076,0.0979024354521871,0.0424472617307683,False,False,False,6,1,relative_nuclear_iod_index; not_absolute_genome_size
published_bootstrap_tree_sensitivity,published_bootstrap_191,published_bootstrap_191,lambda,,,18,6,iod_bridge,1,5,8.072593541369825,0.0176627607054857,23.072593541369827,6.226153009615242,0.0444639511418439,0.0192781003147126,False,False,False,6,1,relative_nuclear_iod_index; not_absolute_genome_size
published_bootstrap_tree_sensitivity,published_bootstrap_191,published_bootstrap_191,lambda,,,18,7,iod_cell_only,2,4,14.087256660315326,0.0070217130680968,25.164179737238403,8.317739205483818,0.0156252106360722,0.0067745751411021,False,False,False,6,1,relative_nuclear_iod_index; not_absolute_genome_size
published_bootstrap_tree_sensitivity,published_bootstrap_191,published_bootstrap_191,lambda,,,18,8,iod_nucleus_only,2,4,14.566601778759484,0.0056899185684659,25.64352485568256,8.797084323927976,0.0122952513289669,0.0053308147932756,False,False,False,6,1,relative_nuclear_iod_index; not_absolute_genome_size
published_bootstrap_tree_sensitivity,published_bootstrap_191,published_bootstrap_191,lambda,,,18,9,iod_collider,1,5,11.95723158177983,0.0025323291403986,26.95723158177983,10.110791050025243,0.0063748448530349,0.0027639221304353,False,False,False,6,1,relative_nuclear_iod_index; not_absolute_genome_size
published_bootstrap_tree_sensitivity,published_bootstrap_191,published_bootstrap_191,lambda,,,18,10,independent,3,3,24.46590293811499,0.00042860099837671584,32.1801886524007,15.333748120646115,0.00046807872502728726,0.0002029434718357022,False,False,False,6,1,relative_nuclear_iod_index; not_absolute_genome_size
published_bootstrap_tree_sensitivity,published_bootstrap_192,published_bootstrap_192,lambda,,,18,1,cell_bridge,1,5,1.8464405381816784,0.397237766665851,16.846440538181678,0.0,1.0,0.4335669623667428,True,True,True,6,1,relative_nuclear_iod_index; not_absolute_genome_size
published_bootstrap_tree_sensitivity,published_bootstrap_192,published_bootstrap_192,lambda,,,18,2,nucleus_bridge,1,5,2.438963148947758,0.2953832614592572,17.438963148947757,0.5925226107660784,0.7435930977522793,0.3223974006293322,True,True,True,6,1,relative_nuclear_iod_index; not_absolute_genome_size
published_bootstrap_tree_sensitivity,published_bootstrap_192,published_bootstrap_192,lambda,,,18,3,nucleus_cell_only,2,4,8.453626261968305,0.076305414293506,19.530549338891383,2.684108800709705,0.2613082849354584,0.11329463934073,True,False,False,6,1,relative_nuclear_iod_index; not_absolute_genome_size
published_bootstrap_tree_sensitivity,published_bootstrap_192,published_bootstrap_192,lambda,,,18,4,cell_collider,1,5,6.014663113020546,0.0494233864688836,21.014663113020543,4.168222574838868,0.1244176425713764,0.0539433793545028,False,False,False,6,1,relative_nuclear_iod_index; not_absolute_genome_size
published_bootstrap_tree_sensitivity,published_bootstrap_192,published_bootstrap_192,lambda,,,18,5,nucleus_collider,1,5,6.494008222028868,0.0388905452338458,21.494008222028867,4.647567683847189,0.0979024365187307,0.0424472620097289,False,False,False,6,1,relative_nuclear_iod_index; not_absolute_genome_size
published_bootstrap_tree_sensitivity,published_bootstrap_192,published_bootstrap_192,lambda,,,18,6,iod_bridge,1,5,8.072593517684123,0.0176627609146632,23.072593517684123,6.226152979502444,0.0444639518113109,0.0192781005216513,False,False,False,6,1,relative_nuclear_iod_index; not_absolute_genome_size
published_bootstrap_tree_sensitivity,published_bootstrap_192,published_bootstrap_192,lambda,,,18,7,iod_cell_only,2,4,14.087256630704667,0.0070217131591312,25.164179707627746,8.317739169446067,0.015625210917621,0.0067745752338926,False,False,False,6,1,relative_nuclear_iod_index; not_absolute_genome_size
published_bootstrap_tree_sensitivity,published_bootstrap_192,published_bootstrap_192,lambda,,,18,8,iod_nucleus_only,2,4,14.56660173971299,0.0056899186661408,25.643524816636067,8.797084278454388,0.0122952516085215,0.0053308148914414,False,False,False,6,1,relative_nuclear_iod_index; not_absolute_genome_size
published_bootstrap_tree_sensitivity,published_bootstrap_192,published_bootstrap_192,lambda,,,18,9,iod_collider,1,5,11.957231547511068,0.0025323291837885,26.957231547511068,10.11079100932939,0.0063748449827498,0.0027639221747297,False,False,False,6,1,relative_nuclear_iod_index; not_absolute_genome_size
published_bootstrap_tree_sensitivity,published_bootstrap_192,published_bootstrap_192,lambda,,,18,10,independent,3,3,24.46590288256048,0.000428601008492957,32.18018859684619,15.333748058664517,0.0004680787395334221,0.00020294347724795968,False,False,False,6,1,relative_nuclear_iod_index; not_absolute_genome_size
published_bootstrap_tree_sensitivity,published_bootstrap_193,published_bootstrap_193,lambda,,,18,1,cell_bridge,1,5,1.8464405419086136,0.3972377659256114,16.846440541908613,0.0,1.0,0.4335669625084946,True,True,True,6,1,relative_nuclear_iod_index; not_absolute_genome_size
published_bootstrap_tree_sensitivity,published_bootstrap_193,published_bootstrap_193,lambda,,,18,2,nucleus_bridge,1,5,2.4389631484261782,0.2953832615362901,17.43896314842618,0.5925226065175657,0.7435930993318617,0.3223974014195926,True,True,True,6,1,relative_nuclear_iod_index; not_absolute_genome_size
published_bootstrap_tree_sensitivity,published_bootstrap_193,published_bootstrap_193,lambda,,,18,3,nucleus_cell_only,2,4,8.453626274396989,0.0763054139100403,19.530549351320065,2.684108809411452,0.2613082837985391,0.1132946388848402,True,False,False,6,1,relative_nuclear_iod_index; not_absolute_genome_size
published_bootstrap_tree_sensitivity,published_bootstrap_193,published_bootstrap_193,lambda,,,18,4,cell_collider,1,5,6.01466312597081,0.0494233861488607,21.01466312597081,4.168222584062196,0.1244176419976041,0.0539433791233705,False,False,False,6,1,relative_nuclear_iod_index; not_absolute_genome_size
published_bootstrap_tree_sensitivity,published_bootstrap_193,published_bootstrap_193,lambda,,,18,5,nucleus_collider,1,5,6.494008231548049,0.0388905450487427,21.49400823154805,4.647567689639438,0.0979024362351931,0.0424472619006742,False,False,False,6,1,relative_nuclear_iod_index; not_absolute_genome_size
published_bootstrap_tree_sensitivity,published_bootstrap_193,published_bootstrap_193,lambda,,,18,6,iod_bridge,1,5,8.072593524999379,0.0176627608500593,23.072593524999377,6.226152983090763,0.0444639517315355,0.0192781004933661,False,False,False,6,1,relative_nuclear_iod_index; not_absolute_genome_size
published_bootstrap_tree_sensitivity,published_bootstrap_193,published_bootstrap_193,lambda,,,18,7,iod_cell_only,2,4,14.08725665097019,0.0070217130968273,25.164179727893263,8.317739185984653,0.0156252107884115,0.0067745751800865,False,False,False,6,1,relative_nuclear_iod_index; not_absolute_genome_size
published_bootstrap_tree_sensitivity,published_bootstrap_193,published_bootstrap_193,lambda,,,18,8,iod_nucleus_only,2,4,14.566601756547428,0.0056899186240294,25.643524833470504,8.797084291561891,0.0122952515279414,0.0053308148582475,False,False,False,6,1,relative_nuclear_iod_index; not_absolute_genome_size
published_bootstrap_tree_sensitivity,published_bootstrap_193,published_bootstrap_193,lambda,,,18,9,iod_collider,1,5,11.957231564275531,0.0025323291625619,26.95723156427553,10.110791022366918,0.0063748449411937,0.002763922157616,False,False,False,6,1,relative_nuclear_iod_index; not_absolute_genome_size
published_bootstrap_tree_sensitivity,published_bootstrap_193,published_bootstrap_193,lambda,,,18,10,independent,3,3,24.46590292179439,0.0004286010013485608,32.1801886360801,15.33374809417149,0.0004680787312233921,0.00020294347371135616,False,False,False,6,1,relative_nuclear_iod_index; not_absolute_genome_size
published_bootstrap_tree_sensitivity,published_bootstrap_194,published_bootstrap_194,lambda,,,18,1,cell_bridge,1,5,1.8464405398246515,0.3972377663395257,16.846440539824652,0.0,1.0,0.4335669628809977,True,True,True,6,1,relative_nuclear_iod_index; not_absolute_genome_size
published_bootstrap_tree_sensitivity,published_bootstrap_194,published_bootstrap_194,lambda,,,18,2,nucleus_bridge,1,5,2.438963152659444,0.2953832609110722,17.438963152659444,0.5925226128347916,0.7435930969831389,0.3223974006782547,True,True,True,6,1,relative_nuclear_iod_index; not_absolute_genome_size
published_bootstrap_tree_sensitivity,published_bootstrap_194,published_bootstrap_194,lambda,,,18,3,nucleus_cell_only,2,4,8.453626273347929,0.0763054139424072,19.53054935027101,2.6841088104463537,0.2613082836633248,0.113294638923554,True,False,False,6,1,relative_nuclear_iod_index; not_absolute_genome_size
published_bootstrap_tree_sensitivity,published_bootstrap_194,published_bootstrap_194,lambda,,,18,4,cell_collider,1,5,6.014663120688485,0.049423386279396,21.01466312068849,4.168222580863834,0.1244176421965704,0.0539433792559817,False,False,False,6,1,relative_nuclear_iod_index; not_absolute_genome_size
published_bootstrap_tree_sensitivity,published_bootstrap_194,published_bootstrap_194,lambda,,,18,5,nucleus_collider,1,5,6.494008231485066,0.0388905450499674,21.494008231485065,4.647567691660413,0.0979024361362639,0.0424472618942507,False,False,False,6,1,relative_nuclear_iod_index; not_absolute_genome_size
published_bootstrap_tree_sensitivity,published_bootstrap_194,published_bootstrap_194,lambda,,,18,6,iod_bridge,1,5,8.072593514158699,0.0176627609457975,23.072593514158697,6.226152974334045,0.0444639519262146,0.0192781005943355,False,False,False,6,1,relative_nuclear_iod_index; not_absolute_genome_size
published_bootstrap_tree_sensitivity,published_bootstrap_194,published_bootstrap_194,lambda,,,18,7,iod_cell_only,2,4,14.087256634847185,0.0070217131463956,25.16417971177026,8.317739171945608,0.015625210898093,0.0067745752334612,False,False,False,6,1,relative_nuclear_iod_index; not_absolute_genome_size
published_bootstrap_tree_sensitivity,published_bootstrap_194,published_bootstrap_194,lambda,,,18,8,iod_nucleus_only,2,4,14.566601745643766,0.0056899186513049,25.64352482256684,8.79708428274219,0.0122952515821617,0.0053308148863356,False,False,False,6,1,relative_nuclear_iod_index; not_absolute_genome_size
published_bootstrap_tree_sensitivity,published_bootstrap_194,published_bootstrap_194,lambda,,,18,9,iod_collider,1,5,11.957231549781264,0.002532329180914,26.957231549781262,10.11079100995661,0.0063748449807506,0.0027639221771412,False,False,False,6,1,relative_nuclear_iod_index; not_absolute_genome_size
published_bootstrap_tree_sensitivity,published_bootstrap_194,published_bootstrap_194,lambda,,,18,10,independent,3,3,24.465902901954813,0.0004286010049613376,32.18018861624053,15.333748076415876,0.0004680787353789047,0.00020294347568740992,False,False,False,6,1,relative_nuclear_iod_index; not_absolute_genome_size
published_bootstrap_tree_sensitivity,published_bootstrap_195,published_bootstrap_195,lambda,,,18,1,cell_bridge,1,5,1.8464405290148445,0.3972377684865574,16.846440529014846,0.0,1.0,0.4335669640217477,True,True,True,6,1,relative_nuclear_iod_index; not_absolute_genome_size
published_bootstrap_tree_sensitivity,published_bootstrap_195,published_bootstrap_195,lambda,,,18,2,nucleus_bridge,1,5,2.4389631541442345,0.2953832606917811,17.438963154144233,0.5925226251293871,0.7435930924120507,0.3223973995446358,True,True,True,6,1,relative_nuclear_iod_index; not_absolute_genome_size
published_bootstrap_tree_sensitivity,published_bootstrap_195,published_bootstrap_195,lambda,,,18,3,nucleus_cell_only,2,4,8.453626262619984,0.0763054142733995,19.53054933954306,2.684108810528216,0.2613082836526293,0.1132946392170042,True,False,False,6,1,relative_nuclear_iod_index; not_absolute_genome_size
published_bootstrap_tree_sensitivity,published_bootstrap_195,published_bootstrap_195,lambda,,,18,4,cell_collider,1,5,6.014663108475751,0.0494233865811932,21.01466310847575,4.168222579460906,0.1244176422838449,0.0539433794357504,False,False,False,6,1,relative_nuclear_iod_index; not_absolute_genome_size
published_bootstrap_tree_sensitivity,published_bootstrap_195,published_bootstrap_195,lambda,,,18,5,nucleus_collider,1,5,6.49400822888807,0.0388905451004668,21.49400822888807,4.647567699873225,0.0979024357342367,0.0424472618316273,False,False,False,6,1,relative_nuclear_iod_index; not_absolute_genome_size
published_bootstrap_tree_sensitivity,published_bootstrap_195,published_bootstrap_195,lambda,,,18,6,iod_bridge,1,5,8.07259353609333,0.0176627607520845,23.07259353609333,6.226153007078484,0.0444639511982411,0.0192781003294325,False,False,False,6,1,relative_nuclear_iod_index; not_absolute_genome_size
published_bootstrap_tree_sensitivity,published_bootstrap_195,published_bootstrap_195,lambda,,,18,7,iod_cell_only,2,4,14.08725664456908,0.0070217131165067,25.16417972149216,8.317739192477312,0.0156252107376869,0.0067745751817389,False,False,False,6,1,relative_nuclear_iod_index; not_absolute_genome_size
published_bootstrap_tree_sensitivity,published_bootstrap_195,published_bootstrap_195,lambda,,,18,8,iod_nucleus_only,2,4,14.5666017649814,0.0056899186029318,25.64352484190448,8.79708431288963,0.0122952513968265,0.0053308148200062,False,False,False,6,1,relative_nuclear_iod_index; not_absolute_genome_size
published_bootstrap_tree_sensitivity,published_bootstrap_195,published_bootstrap_195,lambda,,,18,9,iod_collider,1,5,11.957231568686904,0.0025323291569764,26.957231568686904,10.110791039672058,0.0063748448860349,0.0027639221433477,False,False,False,6,1,relative_nuclear_iod_index; not_absolute_genome_size
published_bootstrap_tree_sensitivity,published_bootstrap_195,published_bootstrap_195,lambda,,,18,10,independent,3,3,24.46590290605073,0.00042860100421548974,32.18018862033644,15.333748091321592,0.00046807873189038047,0.00020294347470886195,False,False,False,6,1,relative_nuclear_iod_index; not_absolute_genome_size
published_bootstrap_tree_sensitivity,published_bootstrap_196,published_bootstrap_196,lambda,,,18,1,cell_bridge,1,5,1.8464405298811688,0.397237768314489,16.846440529881168,0.0,1.0,0.4335669637495585,True,True,True,6,1,relative_nuclear_iod_index; not_absolute_genome_size
published_bootstrap_tree_sensitivity,published_bootstrap_196,published_bootstrap_196,lambda,,,18,2,nucleus_bridge,1,5,2.438963150577336,0.2953832612185821,17.438963150577337,0.5925226206961689,0.7435930940603059,0.3223974000568667,True,True,True,6,1,relative_nuclear_iod_index; not_absolute_genome_size
published_bootstrap_tree_sensitivity,published_bootstrap_196,published_bootstrap_196,lambda,,,18,3,nucleus_cell_only,2,4,8.453626261815169,0.0763054142982307,19.530549338738247,2.6841088088570797,0.2613082838709701,0.1132946392405442,True,False,False,6,1,relative_nuclear_iod_index; not_absolute_genome_size
published_bootstrap_tree_sensitivity,published_bootstrap_196,published_bootstrap_196,lambda,,,18,4,cell_collider,1,5,6.014663111237832,0.0494233865129376,21.01466311123783,4.168222581356663,0.1244176421659121,0.0539433793507535,False,False,False,6,1,relative_nuclear_iod_index; not_absolute_genome_size
published_bootstrap_tree_sensitivity,published_bootstrap_196,published_bootstrap_196,lambda,,,18,5,nucleus_collider,1,5,6.494008227949077,0.0388905451187258,21.49400822794908,4.64756769806791,0.0979024358226091,0.0424472618432946,False,False,False,6,1,relative_nuclear_iod_index; not_absolute_genome_size
published_bootstrap_tree_sensitivity,published_bootstrap_196,published_bootstrap_196,lambda,,,18,6,iod_bridge,1,5,8.07259354618319,0.0176627606629771,23.072593546183192,6.226153016302025,0.0444639509931835,0.0192781002284237,False,False,False,6,1,relative_nuclear_iod_index; not_absolute_genome_size
published_bootstrap_tree_sensitivity,published_bootstrap_196,published_bootstrap_196,lambda,,,18,7,iod_cell_only,2,4,14.087256657421024,0.007021713076995,25.1641797343441,8.317739204462931,0.015625210644048,0.0067745751368872,False,False,False,6,1,relative_nuclear_iod_index; not_absolute_genome_size
published_bootstrap_tree_sensitivity,published_bootstrap_196,published_bootstrap_196,lambda,,,18,8,iod_nucleus_only,2,4,14.566601774132268,0.0056899185800409,25.643524851055343,8.797084321174179,0.0122952513458962,0.0053308147945778,False,False,False,6,1,relative_nuclear_iod_index; not_absolute_genome_size
published_bootstrap_tree_sensitivity,published_bootstrap_196,published_bootstrap_196,lambda,,,18,9,iod_collider,1,5,11.957231580956364,0.0025323291414413,26.957231580956364,10.110791051075196,0.0063748448496883,0.0027639221258538,False,False,False,6,1,relative_nuclear_iod_index; not_absolute_genome_size
published_bootstrap_tree_sensitivity,published_bootstrap_196,published_bootstrap_196,lambda,,,18,10,independent,3,3,24.46590292014327,0.00042860100164932025,32.18018863442899,15.33374810454782,0.0004680787287949226,0.00020294347323936767,False,False,False,6,1,relative_nuclear_iod_index; not_absolute_genome_size
published_bootstrap_tree_sensitivity,published_bootstrap_197,published_bootstrap_197,lambda,,,18,1,cell_bridge,1,5,1.8464405275151996,0.3972377687844153,16.8464405275152,0.0,1.0,0.4335669639958714,True,True,True,6,1,relative_nuclear_iod_index; not_absolute_genome_size
published_bootstrap_tree_sensitivity,published_bootstrap_197,published_bootstrap_197,lambda,,,18,2,nucleus_bridge,1,5,2.4389631541302617,0.2953832606938448,17.438963154130263,0.5925226266150645,0.743593091859681,0.3223973992859051,True,True,True,6,1,relative_nuclear_iod_index; not_absolute_genome_size
published_bootstrap_tree_sensitivity,published_bootstrap_197,published_bootstrap_197,lambda,,,18,3,nucleus_cell_only,2,4,8.453626258210486,0.0763054144094471,19.530549335133564,2.684108807618365,0.2613082840328132,0.1132946393750777,True,False,False,6,1,relative_nuclear_iod_index; not_absolute_genome_size
published_bootstrap_tree_sensitivity,published_bootstrap_197,published_bootstrap_197,lambda,,,18,4,cell_collider,1,5,6.014663104080224,0.0494233866898141,21.014663104080224,4.168222576565025,0.1244176424639942,0.0539433795106378,False,False,False,6,1,relative_nuclear_iod_index; not_absolute_genome_size
published_bootstrap_tree_sensitivity,published_bootstrap_197,published_bootstrap_197,lambda,,,18,5,nucleus_collider,1,5,6.494008225674272,0.0388905451629599,21.49400822567427,4.647567698159072,0.0979024358181466,0.0424472618654745,False,False,False,6,1,relative_nuclear_iod_index; not_absolute_genome_size
published_bootstrap_tree_sensitivity,published_bootstrap_197,published_bootstrap_197,lambda,,,18,6,iod_bridge,1,5,8.072593535108014,0.0176627607607862,23.07259353510801,6.2261530075928135,0.0444639511868065,0.0192781003233243,False,False,False,6,1,relative_nuclear_iod_index; not_absolute_genome_size
published_bootstrap_tree_sensitivity,published_bootstrap_197,published_bootstrap_197,lambda,,,18,7,iod_cell_only,2,4,14.087256639188238,0.0070217131330495,25.164179716111317,8.317739188596114,0.0156252107680092,0.0067745751944813,False,False,False,6,1,relative_nuclear_iod_index; not_absolute_genome_size
published_bootstrap_tree_sensitivity,published_bootstrap_197,published_bootstrap_197,lambda,,,18,8,iod_nucleus_only,2,4,14.566601760782287,0.0056899186134359,25.643524837705364,8.797084310190165,0.0122952514134218,0.0053308148268832,False,False,False,6,1,relative_nuclear_iod_index; not_absolute_genome_size
published_bootstrap_tree_sensitivity,published_bootstrap_197,published_bootstrap_197,lambda,,,18,9,iod_collider,1,5,11.95723156469793,0.0025323291620271,26.957231564697928,10.110791037182729,0.0063748448939694,0.0027639221466229,False,False,False,6,1,relative_nuclear_iod_index; not_absolute_genome_size
published_bootstrap_tree_sensitivity,published_bootstrap_197,published_bootstrap_197,lambda,,,18,10,independent,3,3,24.465902894452427,0.000428601006327467,32.18018860873814,15.333748081222945,0.0004680787342538619,0.00020294347572147724,False,False,False,6,1,relative_nuclear_iod_index; not_absolute_genome_size
published_bootstrap_tree_sensitivity,published_bootstrap_198,published_bootstrap_198,lambda,,,18,1,cell_bridge,1,5,1.8464405356248128,0.3972377671736928,16.84644053562481,0.0,1.0,0.4335669630566001,True,True,True,6,1,relative_nuclear_iod_index; not_absolute_genome_size
published_bootstrap_tree_sensitivity,published_bootstrap_198,published_bootstrap_198,lambda,,,18,2,nucleus_bridge,1,5,2.438963151740419,0.2953832610468045,17.43896315174042,0.592522616115609,0.7435930957633423,0.3223974002799679,True,True,True,6,1,relative_nuclear_iod_index; not_absolute_genome_size
published_bootstrap_tree_sensitivity,published_bootstrap_198,published_bootstrap_198,lambda,,,18,3,nucleus_cell_only,2,4,8.453626265372353,0.0763054141884799,19.53054934229543,2.6841088066706185,0.2613082841566403,0.1132946391833256,True,False,False,6,1,relative_nuclear_iod_index; not_absolute_genome_size
published_bootstrap_tree_sensitivity,published_bootstrap_198,published_bootstrap_198,lambda,,,18,4,cell_collider,1,5,6.014663113631934,0.0494233864537753,21.014663113631933,4.168222578007121,0.1244176423742831,0.0539433793548801,False,False,False,6,1,relative_nuclear_iod_index; not_absolute_genome_size
published_bootstrap_tree_sensitivity,published_bootstrap_198,published_bootstrap_198,lambda,,,18,5,nucleus_collider,1,5,6.494008226931057,0.0388905451385214,21.494008226931054,4.647567691306247,0.0979024361536008,0.0424472619189593,False,False,False,6,1,relative_nuclear_iod_index; not_absolute_genome_size
published_bootstrap_tree_sensitivity,published_bootstrap_198,published_bootstrap_198,lambda,,,18,6,iod_bridge,1,5,8.07259352257744,0.0176627608714484,23.07259352257744,6.226152986952631,0.0444639516456785,0.0192781004805123,False,False,False,6,1,relative_nuclear_iod_index; not_absolute_genome_size
published_bootstrap_tree_sensitivity,published_bootstrap_198,published_bootstrap_198,lambda,,,18,7,iod_cell_only,2,4,14.087256636209377,0.0070217131422076,25.16417971313245,8.31773917750764,0.0156252108546391,0.0067745752173649,False,False,False,6,1,relative_nuclear_iod_index; not_absolute_genome_size
published_bootstrap_tree_sensitivity,published_bootstrap_198,published_bootstrap_198,lambda,,,18,8,iod_nucleus_only,2,4,14.566601749508497,0.0056899186416373,25.643524826431573,8.797084290806762,0.0122952515325837,0.0053308148669993,False,False,False,6,1,relative_nuclear_iod_index; not_absolute_genome_size
published_bootstrap_tree_sensitivity,published_bootstrap_198,published_bootstrap_198,lambda,,,18,9,iod_collider,1,5,11.95723155489654,0.0025323291744373,26.95723155489654,10.11079101927173,0.0063748449510593,0.0027639221653875,False,False,False,6,1,relative_nuclear_iod_index; not_absolute_genome_size
published_bootstrap_tree_sensitivity,published_bootstrap_198,published_bootstrap_198,lambda,,,18,10,independent,3,3,24.46590289545953,0.00042860100614405816,32.180188609745244,15.333748074120432,0.00046807873591612895,0.0002029434760025284,False,False,False,6,1,relative_nuclear_iod_index; not_absolute_genome_size
published_bootstrap_tree_sensitivity,published_bootstrap_199,published_bootstrap_199,lambda,,,18,1,cell_bridge,1,5,1.8464405423150525,0.397237765844885,16.84644054231505,0.0,1.0,0.4335669622575009,True,True,True,6,1,relative_nuclear_iod_index; not_absolute_genome_size
published_bootstrap_tree_sensitivity,published_bootstrap_199,published_bootstrap_199,lambda,,,18,2,nucleus_bridge,1,5,2.438963147400225,0.2953832616878149,17.438963147400226,0.5925226050851755,0.7435930998644195,0.3223974014638548,True,True,True,6,1,relative_nuclear_iod_index; not_absolute_genome_size
published_bootstrap_tree_sensitivity,published_bootstrap_199,published_bootstrap_199,lambda,,,18,3,nucleus_cell_only,2,4,8.453626271767487,0.076305413991169,19.530549348690563,2.6841088063755123,0.2613082841951971,0.1132946389912313,True,False,False,6,1,relative_nuclear_iod_index; not_absolute_genome_size
published_bootstrap_tree_sensitivity,published_bootstrap_199,published_bootstrap_199,lambda,,,18,4,cell_collider,1,5,6.014663124367262,0.0494233861884871,21.01466312436726,4.168222582052209,0.124417642122643,0.0539433791463552,False,False,False,6,1,relative_nuclear_iod_index; not_absolute_genome_size
published_bootstrap_tree_sensitivity,published_bootstrap_199,published_bootstrap_199,lambda,,,18,5,nucleus_collider,1,5,6.494008228790031,0.0388905451023732,21.49400822879003,4.647567686474979,0.0979024363900972,0.0424472619432626,False,False,False,6,1,relative_nuclear_iod_index; not_absolute_genome_size
published_bootstrap_tree_sensitivity,published_bootstrap_199,published_bootstrap_199,lambda,,,18,6,iod_bridge,1,5,8.072593523149854,0.0176627608663932,23.072593523149852,6.226152980834804,0.0444639517816899,0.0192781005039513,False,False,False,6,1,relative_nuclear_iod_index; not_absolute_genome_size
published_bootstrap_tree_sensitivity,published_bootstrap_199,published_bootstrap_199,lambda,,,18,7,iod_cell_only,2,4,14.087256647517115,0.0070217131074433,25.164179724440192,8.317739182125141,0.0156252108185644,0.006774575189238,False,False,False,6,1,relative_nuclear_iod_index; not_absolute_genome_size
published_bootstrap_tree_sensitivity,published_bootstrap_199,published_bootstrap_199,lambda,,,18,8,iod_nucleus_only,2,4,14.566601751939883,0.0056899186355552,25.64352482886296,8.79708428654791,0.0122952515587655,0.0053308148685257,False,False,False,6,1,relative_nuclear_iod_index; not_absolute_genome_size
published_bootstrap_tree_sensitivity,published_bootstrap_199,published_bootstrap_199,lambda,,,18,9,iod_collider,1,5,11.957231560618776,0.002532329167192,26.957231560618776,10.110791018303726,0.0063748449541448,0.0027639221616311,False,False,False,6,1,relative_nuclear_iod_index; not_absolute_genome_size
published_bootstrap_tree_sensitivity,published_bootstrap_199,published_bootstrap_199,lambda,,,18,10,independent,3,3,24.46590291377607,0.00042860100280872615,32.180188628061785,15.333748085746734,0.0004680787331951167,0.000202943474448746,False,False,False,6,1,relative_nuclear_iod_index; not_absolute_genome_size
published_bootstrap_tree_sensitivity,published_bootstrap_200,published_bootstrap_200,lambda,,,18,1,cell_bridge,1,5,1.8464405331609484,0.3972377676630628,16.846440533160948,0.0,1.0,0.4335669630819295,True,True,True,6,1,relative_nuclear_iod_index; not_absolute_genome_size
published_bootstrap_tree_sensitivity,published_bootstrap_200,published_bootstrap_200,lambda,,,18,2,nucleus_bridge,1,5,2.4389631546775963,0.295383260613008,17.438963154677595,0.5925226215166468,0.7435930937552551,0.3223973994281623,True,True,True,6,1,relative_nuclear_iod_index; not_absolute_genome_size
published_bootstrap_tree_sensitivity,published_bootstrap_200,published_bootstrap_200,lambda,,,18,3,nucleus_cell_only,2,4,8.453626258132168,0.0763054144118634,19.530549335055245,2.684108801894297,0.2613082847806865,0.1132946394605102,True,False,False,6,1,relative_nuclear_iod_index; not_absolute_genome_size
published_bootstrap_tree_sensitivity,published_bootstrap_200,published_bootstrap_200,lambda,,,18,4,cell_collider,1,5,6.014663103454572,0.0494233867052751,21.014663103454573,4.168222570293626,0.1244176428541306,0.0539433795660775,False,False,False,6,1,relative_nuclear_iod_index; not_absolute_genome_size
published_bootstrap_tree_sensitivity,published_bootstrap_200,published_bootstrap_200,lambda,,,18,5,nucleus_collider,1,5,6.494008221228659,0.0388905452494061,21.49400822122866,4.6475676880677135,0.0979024363121309,0.0424472619901726,False,False,False,6,1,relative_nuclear_iod_index; not_absolute_genome_size
published_bootstrap_tree_sensitivity,published_bootstrap_200,published_bootstrap_200,lambda,,,18,6,iod_bridge,1,5,8.072593508365784,0.0176627609969569,23.072593508365784,6.226152975204837,0.0444639519068552,0.0192781005948761,False,False,False,6,1,relative_nuclear_iod_index; not_absolute_genome_size
published_bootstrap_tree_sensitivity,published_bootstrap_200,published_bootstrap_200,lambda,,,18,7,iod_cell_only,2,4,14.087256611820356,0.0070217132171888,25.16417968874343,8.317739155582483,0.0156252110259317,0.0067745752920275,False,False,False,6,1,relative_nuclear_iod_index; not_absolute_genome_size
published_bootstrap_tree_sensitivity,published_bootstrap_200,published_bootstrap_200,lambda,,,18,8,iod_nucleus_only,2,4,14.566601729594444,0.0056899186914524,25.64352480651752,8.797084273356571,0.0122952516398609,0.0053308149138226,False,False,False,6,1,relative_nuclear_iod_index; not_absolute_genome_size
published_bootstrap_tree_sensitivity,published_bootstrap_200,published_bootstrap_200,lambda,,,18,9,iod_collider,1,5,11.957231532717168,0.0025323292025201,26.957231532717167,10.11079099955622,0.006374845013901,0.002763922192795,False,False,False,6,1,relative_nuclear_iod_index; not_absolute_genome_size
published_bootstrap_tree_sensitivity,published_bootstrap_200,published_bootstrap_200,lambda,,,18,10,independent,3,3,24.4659028574004,0.0004286010130745144,32.18018857168612,15.333748038525169,0.000468078744246822,0.0002029434796262978,False,False,False,6,1,relative_nuclear_iod_index; not_absolute_genome_size
