species,display_species,element_id,ratio_terminal_internal_all_positions,left_right_terminal_log2_imbalance,terminal_positive_coverage_fraction,internal_positive_coverage_fraction,domain_count,complete,sequence,species_q1,species_q3,species_iqr,species_iqr_upper,fraction_of_species_ratio_sum,upper_within_species_iqr_outlier,extreme_one_sided_terminal_pileup,dominates_species_ratio_sum,artifact_screen_keep,artifact_screen_rule_id,artifact_screen_reason
abditus,D. abditus,JASCRC010005969.1_De_498_6305,0.9799172723014948,1.5276799275827122,1,0.9981195938322678,6,no,JASCRC010005969.1_De,0.4389034481357871,0.7237510557669361,0.284847607631149,1.1510224672136595,0.020218599482176164,FALSE,FALSE,FALSE,TRUE,one_sided_terminal_pileup_v1,retained
abditus,D. abditus,JASCRC010007407.1_De_5_6294,0.4717175407795073,0.5465784149911088,1,1,5,no,JASCRC010007407.1_De,0.4389034481357871,0.7237510557669361,0.284847607631149,1.1510224672136595,0.009732931845703329,FALSE,FALSE,FALSE,TRUE,one_sided_terminal_pileup_v1,retained
abditus,D. abditus,JASCRC010007518.1_De_21_6268,0.6792539564185398,-1.419113328616402,1,1,6,no,JASCRC010007518.1_De,0.4389034481357871,0.7237510557669361,0.284847607631149,1.1510224672136595,0.014015023594037173,FALSE,FALSE,FALSE,TRUE,one_sided_terminal_pileup_v1,retained
abditus,D. abditus,JASCRC010013481.1_De_40_5976,0.5690475772035329,-0.4902585187693884,1,1,5,no,JASCRC010013481.1_De,0.4389034481357871,0.7237510557669361,0.284847607631149,1.1510224672136595,0.011741139150204772,FALSE,FALSE,FALSE,TRUE,one_sided_terminal_pileup_v1,retained
abditus,D. abditus,JASCRC010014362.1_De_11_5215,0.6105769996091334,-0.3554796495249058,1,1,5,no,JASCRC010014362.1_De,0.4389034481357871,0.7237510557669361,0.284847607631149,1.1510224672136595,0.0125980142988312,FALSE,FALSE,FALSE,TRUE,one_sided_terminal_pileup_v1,retained
abditus,D. abditus,JASCRC010016022.1_De_602_6192,0.9720373559847112,2.785389280718794,1,1,6,yes,JASCRC010016022.1_De,0.4389034481357871,0.7237510557669361,0.284847607631149,1.1510224672136595,0.020056013438980985,FALSE,FALSE,FALSE,TRUE,one_sided_terminal_pileup_v1,retained
abditus,D. abditus,JASCRC010019118.1_De_699_6157,0.34858298122197273,-0.2560180815255311,1,1,6,yes,JASCRC010019118.1_De,0.4389034481357871,0.7237510557669361,0.284847607631149,1.1510224672136595,0.007192300700116202,FALSE,FALSE,FALSE,TRUE,one_sided_terminal_pileup_v1,retained
abditus,D. abditus,JASCRC010021995.1_De_15_5470,0.5305358437219287,-0.20860957286293197,1,1,6,no,JASCRC010021995.1_De,0.4389034481357871,0.7237510557669361,0.284847607631149,1.1510224672136595,0.010946527873683363,FALSE,FALSE,FALSE,TRUE,one_sided_terminal_pileup_v1,retained
abditus,D. abditus,JASCRC010025200.1_De_127_5569,0.6242708174739929,1.1310027364155664,0.98348623853211,1,5,no,JASCRC010025200.1_De,0.4389034481357871,0.7237510557669361,0.284847607631149,1.1510224672136595,0.012880558373333725,FALSE,FALSE,FALSE,TRUE,one_sided_terminal_pileup_v1,retained
abditus,D. abditus,JASCRC010027857.1_De_300_5855,0.3886909206596813,-0.913428695487488,1,1,6,yes,JASCRC010027857.1_De,0.4389034481357871,0.7237510557669361,0.284847607631149,1.1510224672136595,0.00801984643940276,FALSE,FALSE,FALSE,TRUE,one_sided_terminal_pileup_v1,retained
abditus,D. abditus,JASCRC010033273.1_De_2552_9199,0.3354239782141174,2.130832592763968,1,1,5,no,JASCRC010033273.1_De,0.4389034481357871,0.7237510557669361,0.284847607631149,1.1510224672136595,0.006920791442221706,FALSE,FALSE,FALSE,TRUE,one_sided_terminal_pileup_v1,retained
abditus,D. abditus,JASCRC010036589.1_De_8_5310,0.5128260541244726,-0.6098134464169173,1,1,5,no,JASCRC010036589.1_De,0.4389034481357871,0.7237510557669361,0.284847607631149,1.1510224672136595,0.010581122392112865,FALSE,FALSE,FALSE,TRUE,one_sided_terminal_pileup_v1,retained
abditus,D. abditus,JASCRC010039241.1_De_9_5841,0.827033196665594,-1.293538414677826,1,1,5,no,JASCRC010039241.1_De,0.4389034481357871,0.7237510557669361,0.284847607631149,1.1510224672136595,0.017064147591329244,FALSE,FALSE,FALSE,TRUE,one_sided_terminal_pileup_v1,retained
abditus,D. abditus,JASCRC010040016.1_De_7_5376,1.0487345478928816,-0.7457146847087033,1,1,5,no,JASCRC010040016.1_De,0.4389034481357871,0.7237510557669361,0.284847607631149,1.1510224672136595,0.021638503969999796,FALSE,FALSE,FALSE,TRUE,one_sided_terminal_pileup_v1,retained
abditus,D. abditus,JASCRC010041566.1_De_22_5954,0.8036166455287277,0.245788151656513,1,1,5,no,JASCRC010041566.1_De,0.4389034481357871,0.7237510557669361,0.284847607631149,1.1510224672136595,0.016580994694576825,FALSE,FALSE,FALSE,TRUE,one_sided_terminal_pileup_v1,retained
abditus,D. abditus,JASCRC010043887.1_De_17_5580,0.4646150148589262,0.20831049448660635,1,1,6,yes,JASCRC010043887.1_De,0.4389034481357871,0.7237510557669361,0.284847607631149,1.1510224672136595,0.009586385671899567,FALSE,FALSE,FALSE,TRUE,one_sided_terminal_pileup_v1,retained
abditus,D. abditus,JASCRC010044327.1_De_490_6141,0.601202798880661,1.011856378698451,1,1,6,yes,JASCRC010044327.1_De,0.4389034481357871,0.7237510557669361,0.284847607631149,1.1510224672136595,0.012404596736602342,FALSE,FALSE,FALSE,TRUE,one_sided_terminal_pileup_v1,retained
abditus,D. abditus,JASCRC010047980.1_De_13_5163,1.251926322769839,0.5456054867859551,1,1,6,no,JASCRC010047980.1_De,0.4389034481357871,0.7237510557669361,0.284847607631149,1.1510224672136595,0.02583095289444911,TRUE,FALSE,FALSE,TRUE,one_sided_terminal_pileup_v1,retained
abditus,D. abditus,JASCRC010050518.1_De_27_5867,0.35365814484277924,-0.5646950345409415,1,1,5,no,JASCRC010050518.1_De,0.4389034481357871,0.7237510557669361,0.284847607631149,1.1510224672136595,0.0072970163770983984,FALSE,FALSE,FALSE,TRUE,one_sided_terminal_pileup_v1,retained
abditus,D. abditus,JASCRC010050959.1_De_1545_8640,0.464400094778567,0.25341599784083263,1,1,5,no,JASCRC010050959.1_De,0.4389034481357871,0.7237510557669361,0.284847607631149,1.1510224672136595,0.009581951233250214,FALSE,FALSE,FALSE,TRUE,one_sided_terminal_pileup_v1,retained
abditus,D. abditus,JASCRC010053167.1_De_9_5838,0.5336286152689295,-0.6695615164803794,0.9956188389923328,1,6,no,JASCRC010053167.1_De,0.4389034481357871,0.7237510557669361,0.284847607631149,1.1510224672136595,0.011010340922974567,FALSE,FALSE,FALSE,TRUE,one_sided_terminal_pileup_v1,retained
abditus,D. abditus,JASCRC010057599.1_De_3734_8871,1.1776271943392584,0.7073561078232092,1,1,6,yes,JASCRC010057599.1_De,0.4389034481357871,0.7237510557669361,0.284847607631149,1.1510224672136595,0.02429794152494395,TRUE,FALSE,FALSE,TRUE,one_sided_terminal_pileup_v1,retained
abditus,D. abditus,JASCRC010061579.1_De_6_5035,0.6158569030336867,0.09008867386168118,1,1,5,no,JASCRC010061579.1_De,0.4389034481357871,0.7237510557669361,0.284847607631149,1.1510224672136595,0.012706954365164442,FALSE,FALSE,FALSE,TRUE,one_sided_terminal_pileup_v1,retained
abditus,D. abditus,JASCRC010062793.1_De_730_5756,0.7986533463106618,2.169879216570666,1,0.9977220956719818,6,yes,JASCRC010062793.1_De,0.4389034481357871,0.7237510557669361,0.284847607631149,1.1510224672136595,0.016478587111981018,FALSE,FALSE,FALSE,TRUE,one_sided_terminal_pileup_v1,retained
abditus,D. abditus,JASCRC010063347.1_De_9_5746,0.48536217926042335,-4.042388601762608,1,1,5,no,JASCRC010063347.1_De,0.4389034481357871,0.7237510557669361,0.284847607631149,1.1510224672136595,0.0100144612036631,FALSE,FALSE,FALSE,TRUE,one_sided_terminal_pileup_v1,retained
abditus,D. abditus,JASCRC010068210.1_De_9_5711,0.9035893111722568,-0.4963899547626398,1,1,6,no,JASCRC010068210.1_De,0.4389034481357871,0.7237510557669361,0.284847607631149,1.1510224672136595,0.0186437272771597,FALSE,FALSE,FALSE,TRUE,one_sided_terminal_pileup_v1,retained
abditus,D. abditus,JASCRC010068541.1_De_1639_5709,0.2510182162238935,1.0054013990784534,1,1,5,no,JASCRC010068541.1_De,0.4389034481357871,0.7237510557669361,0.284847607631149,1.1510224672136595,0.005179250248994162,FALSE,FALSE,FALSE,TRUE,one_sided_terminal_pileup_v1,retained
abditus,D. abditus,JASCRC010070310.1_De_12_5678,0.5938557826211269,0.3818898052446601,1,1,6,no,JASCRC010070310.1_De,0.4389034481357871,0.7237510557669361,0.284847607631149,1.1510224672136595,0.012253006002017505,FALSE,FALSE,FALSE,TRUE,one_sided_terminal_pileup_v1,retained
abditus,D. abditus,JASCRC010073072.1_De_2705_8696,0.5623005022812002,0.07506261375129261,1,1,6,yes,JASCRC010073072.1_De,0.4389034481357871,0.7237510557669361,0.284847607631149,1.1510224672136595,0.011601926984660955,FALSE,FALSE,FALSE,TRUE,one_sided_terminal_pileup_v1,retained
abditus,D. abditus,JASCRC010081934.1_De_8_5163,0.8889323492697763,0.25635302199337845,1,1,6,no,JASCRC010081934.1_De,0.4389034481357871,0.7237510557669361,0.284847607631149,1.1510224672136595,0.01834131068475108,FALSE,FALSE,FALSE,TRUE,one_sided_terminal_pileup_v1,retained
abditus,D. abditus,JASCRC010086024.1_De_6_5569,0.1561439926370996,1.969354230516241,1,1,5,no,JASCRC010086024.1_De,0.4389034481357871,0.7237510557669361,0.284847607631149,1.1510224672136595,0.003221713646563881,FALSE,FALSE,FALSE,TRUE,one_sided_terminal_pileup_v1,retained
abditus,D. abditus,JASCRC010100742.1_De_11_5487,0.8251307987588788,-1.0709876233523934,1,1,5,no,JASCRC010100742.1_De,0.4389034481357871,0.7237510557669361,0.284847607631149,1.1510224672136595,0.01702489548054517,FALSE,FALSE,FALSE,TRUE,one_sided_terminal_pileup_v1,retained
abditus,D. abditus,JASCRC010104510.1_De_17_5354,0.4499793435686262,-0.5886866324007803,1,1,5,no,JASCRC010104510.1_De,0.4389034481357871,0.7237510557669361,0.284847607631149,1.1510224672136595,0.009284408367962101,FALSE,FALSE,FALSE,TRUE,one_sided_terminal_pileup_v1,retained
abditus,D. abditus,JASCRC010108049.1_De_9_5112,0.21935162130160787,-0.9478323088111856,1,1,6,yes,JASCRC010108049.1_De,0.4389034481357871,0.7237510557669361,0.284847607631149,1.1510224672136595,0.004525874481676309,FALSE,FALSE,FALSE,TRUE,one_sided_terminal_pileup_v1,retained
abditus,D. abditus,JASCRC010110698.1_De_885_6869,0.623233083662267,-0.5181227764624597,1,1,6,yes,JASCRC010110698.1_De,0.4389034481357871,0.7237510557669361,0.284847607631149,1.1510224672136595,0.01285914684717589,FALSE,FALSE,FALSE,TRUE,one_sided_terminal_pileup_v1,retained
abditus,D. abditus,JASCRC010124418.1_De_21_5345,1.1782739615437663,0.5859298640944839,1,1,5,no,JASCRC010124418.1_De,0.4389034481357871,0.7237510557669361,0.284847607631149,1.1510224672136595,0.024311286250499647,TRUE,FALSE,FALSE,TRUE,one_sided_terminal_pileup_v1,retained
abditus,D. abditus,JASCRC010125192.1_De_11_5343,0.4270210502657852,0.0650418792712358,1,1,5,no,JASCRC010125192.1_De,0.4389034481357871,0.7237510557669361,0.284847607631149,1.1510224672136595,0.008810710689387402,FALSE,FALSE,FALSE,TRUE,one_sided_terminal_pileup_v1,retained
abditus,D. abditus,JASCRC010140571.1_De_316_6216,1.2221691387634952,-0.8672794258094386,1,1,5,no,JASCRC010140571.1_De,0.4389034481357871,0.7237510557669361,0.284847607631149,1.1510224672136595,0.025216973937094257,TRUE,FALSE,FALSE,TRUE,one_sided_terminal_pileup_v1,retained
abditus,D. abditus,JASCRC010141015.1_De_10_5215,0.3733123958642077,0.1203123522229758,1,1,6,no,JASCRC010141015.1_De,0.4389034481357871,0.7237510557669361,0.284847607631149,1.1510224672136595,0.007702541864562355,FALSE,FALSE,FALSE,TRUE,one_sided_terminal_pileup_v1,retained
abditus,D. abditus,JASCRC010152516.1_De_159_5081,0.56174339205752,-1.2187870120395246,1,1,6,yes,JASCRC010152516.1_De,0.4389034481357871,0.7237510557669361,0.284847607631149,1.1510224672136595,0.011590432148516716,FALSE,FALSE,FALSE,TRUE,one_sided_terminal_pileup_v1,retained
abditus,D. abditus,JASCRC010191452.1_De_1397_7089,0.4599674740975067,1.5060153581503992,1,1,5,no,JASCRC010191452.1_De,0.4389034481357871,0.7237510557669361,0.284847607631149,1.1510224672136595,0.009490493122713722,FALSE,FALSE,FALSE,TRUE,one_sided_terminal_pileup_v1,retained
abditus,D. abditus,JASCRC010195872.1_De_2279_7962,0.7039711976157776,0.45993550861931926,1,1,6,no,JASCRC010195872.1_De,0.4389034481357871,0.7237510557669361,0.284847607631149,1.1510224672136595,0.014525013584210074,FALSE,FALSE,FALSE,TRUE,one_sided_terminal_pileup_v1,retained
abditus,D. abditus,JASCRC010217992.1_De_2495_7842,0.43461539002461697,-0.7311120026495926,1,1,5,no,JASCRC010217992.1_De,0.4389034481357871,0.7237510557669361,0.284847607631149,1.1510224672136595,0.008967404441253574,FALSE,FALSE,FALSE,TRUE,one_sided_terminal_pileup_v1,retained
abditus,D. abditus,JASCRC010261149.1_De_1848_7697,0.7437657309838526,-1.4577656115080824,1,1,6,no,JASCRC010261149.1_De,0.4389034481357871,0.7237510557669361,0.284847607631149,1.1510224672136595,0.01534609282680725,FALSE,FALSE,FALSE,TRUE,one_sided_terminal_pileup_v1,retained
abditus,D. abditus,JASCRC010293249.1_De_1973_7568,0.7858804189172908,3.7042224444518266,1,1,5,no,JASCRC010293249.1_De,0.4389034481357871,0.7237510557669361,0.284847607631149,1.1510224672136595,0.016215043739003274,FALSE,FALSE,FALSE,TRUE,one_sided_terminal_pileup_v1,retained
abditus,D. abditus,JASCRC010298790.1_De_11_6210,0.625351762928676,1.0533894317890442,1,1,5,no,JASCRC010298790.1_De,0.4389034481357871,0.7237510557669361,0.284847607631149,1.1510224672136595,0.012902861483839151,FALSE,FALSE,FALSE,TRUE,one_sided_terminal_pileup_v1,retained
abditus,D. abditus,JASCRC010327577.1_De_324_5894,0.8920029710602283,-0.20049725463683643,1,1,5,no,JASCRC010327577.1_De,0.4389034481357871,0.7237510557669361,0.284847607631149,1.1510224672136595,0.018404666718874835,FALSE,FALSE,FALSE,TRUE,one_sided_terminal_pileup_v1,retained
abditus,D. abditus,JASCRC010345291.1_De_899_6539,0.7237510557669361,1.6948170683806365,1,1,5,no,JASCRC010345291.1_De,0.4389034481357871,0.7237510557669361,0.284847607631149,1.1510224672136595,0.014933130719275212,FALSE,FALSE,FALSE,TRUE,one_sided_terminal_pileup_v1,retained
abditus,D. abditus,JASCRC010365228.1_De_1035_7345,0.4193488229716016,0.8190195473362187,1,1,5,no,JASCRC010365228.1_De,0.4389034481357871,0.7237510557669361,0.284847607631149,1.1510224672136595,0.00865240988667475,FALSE,FALSE,FALSE,TRUE,one_sided_terminal_pileup_v1,retained
abditus,D. abditus,JASCRC010387371.1_De_5_5494,0.45069514424814294,-2.1916692786835887,1,1,6,no,JASCRC010387371.1_De,0.4389034481357871,0.7237510557669361,0.284847607631149,1.1510224672136595,0.00929917745884079,FALSE,FALSE,FALSE,TRUE,one_sided_terminal_pileup_v1,retained
abditus,D. abditus,JASCRC010407292.1_De_455_7276,0.7150106151455792,-0.2584465297998138,1,1,6,yes,JASCRC010407292.1_De,0.4389034481357871,0.7237510557669361,0.284847607631149,1.1510224672136595,0.014752789507607512,FALSE,FALSE,FALSE,TRUE,one_sided_terminal_pileup_v1,retained
abditus,D. abditus,JASCRC010411724.1_De_626_5452,0.39820253649721993,-4.804806550625319,1,0.976905311778291,5,no,JASCRC010411724.1_De,0.4389034481357871,0.7237510557669361,0.284847607631149,1.1510224672136595,0.008216099282865598,FALSE,FALSE,FALSE,TRUE,one_sided_terminal_pileup_v1,retained
abditus,D. abditus,JASCRC010419472.1_De_22_6416,0.9219079497868248,2.8035441234209415,0.994413407821229,1,6,yes,JASCRC010419472.1_De,0.4389034481357871,0.7237510557669361,0.284847607631149,1.1510224672136595,0.019021695119625405,FALSE,FALSE,FALSE,TRUE,one_sided_terminal_pileup_v1,retained
abditus,D. abditus,JASCRC010431656.1_De_227_10921,0.3510002814048455,-0.01961823930766692,1,1,6,yes,JASCRC010431656.1_De,0.4389034481357871,0.7237510557669361,0.284847607631149,1.1510224672136595,0.007242176771910413,FALSE,FALSE,FALSE,TRUE,one_sided_terminal_pileup_v1,retained
abditus,D. abditus,JASCRC010482583.1_De_7_6437,0.2853497932988358,0.40309997685444376,1,1,6,yes,JASCRC010482583.1_De,0.4389034481357871,0.7237510557669361,0.284847607631149,1.1510224672136595,0.005887612501696809,FALSE,FALSE,FALSE,TRUE,one_sided_terminal_pileup_v1,retained
abditus,D. abditus,JASCRC010508072.1_De_581_5804,0.6811560828712575,-0.5978482171166645,1,1,6,yes,JASCRC010508072.1_De,0.4389034481357871,0.7237510557669361,0.284847607631149,1.1510224672136595,0.014054270103920222,FALSE,FALSE,FALSE,TRUE,one_sided_terminal_pileup_v1,retained
abditus,D. abditus,JASCRC010525788.1_De_5_5577,0.4906138205477056,-0.6179305167490075,1,1,6,no,JASCRC010525788.1_De,0.4389034481357871,0.7237510557669361,0.284847607631149,1.1510224672136595,0.010122818138287016,FALSE,FALSE,FALSE,TRUE,one_sided_terminal_pileup_v1,retained
abditus,D. abditus,JASCRC010563450.1_De_24_6334,0.34887439114534446,-0.763946575695475,1,1,5,no,JASCRC010563450.1_De,0.4389034481357871,0.7237510557669361,0.284847607631149,1.1510224672136595,0.007198313351073918,FALSE,FALSE,FALSE,TRUE,one_sided_terminal_pileup_v1,retained
abditus,D. abditus,JASCRC010575649.1_De_4579_10709,0.9011163716298188,0.15005849513976585,1,1,5,no,JASCRC010575649.1_De,0.4389034481357871,0.7237510557669361,0.284847607631149,1.1510224672136595,0.018592703200367218,FALSE,FALSE,FALSE,TRUE,one_sided_terminal_pileup_v1,retained
abditus,D. abditus,JASCRC010597807.1_De_121_5585,0.4389034481357871,-0.07832235577641426,1,1,5,no,JASCRC010597807.1_De,0.4389034481357871,0.7237510557669361,0.284847607631149,1.1510224672136595,0.009055879797241961,FALSE,FALSE,FALSE,TRUE,one_sided_terminal_pileup_v1,retained
abditus,D. abditus,JASCRC010606670.1_De_18_6043,0.4809649596513754,-0.2983328775183749,1,1,5,no,JASCRC010606670.1_De,0.4389034481357871,0.7237510557669361,0.284847607631149,1.1510224672136595,0.009923733522231686,FALSE,FALSE,FALSE,TRUE,one_sided_terminal_pileup_v1,retained
abditus,D. abditus,JASCRC010698633.1_De_6_3898,0.4082615305188602,0.8263287610687605,1,1,5,no,JASCRC010698633.1_De,0.4389034481357871,0.7237510557669361,0.284847607631149,1.1510224672136595,0.008423646161633724,FALSE,FALSE,FALSE,TRUE,one_sided_terminal_pileup_v1,retained
abditus,D. abditus,JASCRC010705281.1_De_1195_6735,0.5111245333461018,0.14602731485558762,1,1,5,no,JASCRC010705281.1_De,0.4389034481357871,0.7237510557669361,0.284847607631149,1.1510224672136595,0.010546014972230693,FALSE,FALSE,FALSE,TRUE,one_sided_terminal_pileup_v1,retained
abditus,D. abditus,JASCRC010748499.1_De_363_6679,0.3580640693825667,-0.11606638767390988,1,1,5,no,JASCRC010748499.1_De,0.4389034481357871,0.7237510557669361,0.284847607631149,1.1510224672136595,0.007387923667067307,FALSE,FALSE,FALSE,TRUE,one_sided_terminal_pileup_v1,retained
abditus,D. abditus,JASCRC010754033.1_De_830_6463,0.6582321536290779,0.48958299520187354,1,1,6,yes,JASCRC010754033.1_De,0.4389034481357871,0.7237510557669361,0.284847607631149,1.1510224672136595,0.013581281457830953,FALSE,FALSE,FALSE,TRUE,one_sided_terminal_pileup_v1,retained
abditus,D. abditus,JASCRC010757359.1_De_11_6088,0.49901023236804853,-1.2690887161113389,1,1,5,no,JASCRC010757359.1_De,0.4389034481357871,0.7237510557669361,0.284847607631149,1.1510224672136595,0.010296061015498688,FALSE,FALSE,FALSE,TRUE,one_sided_terminal_pileup_v1,retained
abditus,D. abditus,JASCRC010762892.1_De_1480_6660,0.39004138780375297,-0.15199411145837036,1,1,6,yes,JASCRC010762892.1_De,0.4389034481357871,0.7237510557669361,0.284847607631149,1.1510224672136595,0.008047710581684582,FALSE,FALSE,FALSE,TRUE,one_sided_terminal_pileup_v1,retained
abditus,D. abditus,JASCRC010775080.1_De_329_6126,0.7088410224794742,-1.3848639349939025,1,1,6,no,JASCRC010775080.1_De,0.4389034481357871,0.7237510557669361,0.284847607631149,1.1510224672136595,0.01462549251365702,FALSE,FALSE,FALSE,TRUE,one_sided_terminal_pileup_v1,retained
abditus,D. abditus,JASCRC010822740.1_De_22_6548,0.5425407266686124,0.9940183309170504,0.9981167608286252,1,6,yes,JASCRC010822740.1_De,0.4389034481357871,0.7237510557669361,0.284847607631149,1.1510224672136595,0.011194224211925601,FALSE,FALSE,FALSE,TRUE,one_sided_terminal_pileup_v1,retained
abditus,D. abditus,JASCRC010828283.1_De_9_5717,0.524556163414148,0.00254051685661978,1,1,5,no,JASCRC010828283.1_De,0.4389034481357871,0.7237510557669361,0.284847607631149,1.1510224672136595,0.010823149334910881,FALSE,FALSE,FALSE,TRUE,one_sided_terminal_pileup_v1,retained
abditus,D. abditus,JASCRC010834935.1_De_6_6163,0.8198804571975179,-0.02772761368056578,1,1,5,no,JASCRC010834935.1_De,0.4389034481357871,0.7237510557669361,0.284847607631149,1.1510224672136595,0.016916565363121628,FALSE,FALSE,FALSE,TRUE,one_sided_terminal_pileup_v1,retained
abditus,D. abditus,JASCRC010868206.1_De_548_6505,0.44112941958751367,1.1736737756269489,1,1,5,no,JASCRC010868206.1_De,0.4389034481357871,0.7237510557669361,0.284847607631149,1.1510224672136595,0.009101808189886285,FALSE,FALSE,FALSE,TRUE,one_sided_terminal_pileup_v1,retained
abditus,D. abditus,JASCRC010870426.1_De_607_6496,0.6807639997320873,1.139034115872337,1,1,5,no,JASCRC010870426.1_De,0.4389034481357871,0.7237510557669361,0.284847607631149,1.1510224672136595,0.014046180265952597,FALSE,FALSE,FALSE,TRUE,one_sided_terminal_pileup_v1,retained
abditus,D. abditus,JASCRC010882618.1_De_716_6471,0.7771077111030431,2.240370466216203,1,1,5,no,JASCRC010882618.1_De,0.4389034481357871,0.7237510557669361,0.284847607631149,1.1510224672136595,0.016034036759450965,FALSE,FALSE,FALSE,TRUE,one_sided_terminal_pileup_v1,retained
abditus,D. abditus,JASCRC010914759.1_De_579_6452,0.6384797394162327,-0.2695346580814803,1,1,5,no,JASCRC010914759.1_De,0.4389034481357871,0.7237510557669361,0.284847607631149,1.1510224672136595,0.013173730572604094,FALSE,FALSE,FALSE,TRUE,one_sided_terminal_pileup_v1,retained
abditus,D. abditus,JASCRC010933602.1_De_8_5908,0.1653290595629433,0.3491410376631587,1,1,5,no,JASCRC010933602.1_De,0.4389034481357871,0.7237510557669361,0.284847607631149,1.1510224672136595,0.0034112288175277,FALSE,FALSE,FALSE,TRUE,one_sided_terminal_pileup_v1,retained
abditus,D. abditus,JASCRC010943582.1_De_1221_6409,0.4774917474063277,-0.36144185040651144,1,1,5,no,JASCRC010943582.1_De,0.4389034481357871,0.7237510557669361,0.284847607631149,1.1510224672136595,0.00985207085306138,FALSE,FALSE,FALSE,TRUE,one_sided_terminal_pileup_v1,retained
abditus,D. abditus,JASCRC010954666.1_De_9_5294,0.5807754194954006,0.13954828532908506,1,1,5,no,JASCRC010954666.1_De,0.4389034481357871,0.7237510557669361,0.284847607631149,1.1510224672136595,0.011983119318114745,FALSE,FALSE,FALSE,TRUE,one_sided_terminal_pileup_v1,retained
abditus,D. abditus,JASCRC010967779.1_De_1095_6383,0.608824215483376,-0.2526765988768984,1,1,6,no,JASCRC010967779.1_De,0.4389034481357871,0.7237510557669361,0.284847607631149,1.1510224672136595,0.012561849164060005,FALSE,FALSE,FALSE,TRUE,one_sided_terminal_pileup_v1,retained
abditus,D. abditus,JASCRC010968220.1_De_313_6376,0.29819859013125366,-0.17378009989369492,1,1,5,no,JASCRC010968220.1_De,0.4389034481357871,0.7237510557669361,0.284847607631149,1.1510224672136595,0.006152721286209162,FALSE,FALSE,FALSE,TRUE,one_sided_terminal_pileup_v1,retained
abditus,D. abditus,JASCRC010968993.1_De_5_5954,0.43977642868328376,1.0113616065713529,1,1,5,no,JASCRC010968993.1_De,0.4389034481357871,0.7237510557669361,0.284847607631149,1.1510224672136595,0.009073891974947648,FALSE,FALSE,FALSE,TRUE,one_sided_terminal_pileup_v1,retained
adatsihi,D. adatsihi,JAUEJF010008137.1_De_5_6017,0.3932455542577925,-1.2485906629296972,1,1,5,no,JAUEJF010008137.1_De,0.4385005226381025,0.9193425452094304,0.48084202257132785,1.6406055790664222,0.010956655799856599,FALSE,FALSE,FALSE,TRUE,one_sided_terminal_pileup_v1,retained
adatsihi,D. adatsihi,JAUEJF010010782.1_De_525_5968,0.7274530283586993,-0.6604484217778699,1,1,5,no,JAUEJF010010782.1_De,0.4385005226381025,0.9193425452094304,0.48084202257132785,1.6406055790664222,0.0202683853790361,FALSE,FALSE,FALSE,TRUE,one_sided_terminal_pileup_v1,retained
adatsihi,D. adatsihi,JAUEJF010011004.1_De_5_5969,0.6650182963621964,-0.3968841522197267,1,1,6,no,JAUEJF010011004.1_De,0.4385005226381025,0.9193425452094304,0.48084202257132785,1.6406055790664222,0.018528821228760855,FALSE,FALSE,FALSE,TRUE,one_sided_terminal_pileup_v1,retained
adatsihi,D. adatsihi,JAUEJF010011333.1_De_638_5969,0.5912070004659162,-0.1370311804206648,1,1,5,no,JAUEJF010011333.1_De,0.4385005226381025,0.9193425452094304,0.48084202257132785,1.6406055790664222,0.016472281861638727,FALSE,FALSE,FALSE,TRUE,one_sided_terminal_pileup_v1,retained
adatsihi,D. adatsihi,JAUEJF010027996.1_De_12_5781,0.714796318041653,-0.11984239786648072,1,1,6,no,JAUEJF010027996.1_De,0.4385005226381025,0.9193425452094304,0.48084202257132785,1.6406055790664222,0.019915742565911096,FALSE,FALSE,FALSE,TRUE,one_sided_terminal_pileup_v1,retained
adatsihi,D. adatsihi,JAUEJF010029100.1_De_8_5753,0.6852034821928227,-0.2297054344217685,1,1,5,no,JAUEJF010029100.1_De,0.4385005226381025,0.9193425452094304,0.48084202257132785,1.6406055790664222,0.01909122334877905,FALSE,FALSE,FALSE,TRUE,one_sided_terminal_pileup_v1,retained
adatsihi,D. adatsihi,JAUEJF010030863.1_De_16_5746,0.5928321342690723,-0.3868279005674655,0.988663967611336,1,5,no,JAUEJF010030863.1_De,0.4385005226381025,0.9193425452094304,0.48084202257132785,1.6406055790664222,0.016517561538718615,FALSE,FALSE,FALSE,TRUE,one_sided_terminal_pileup_v1,retained
adatsihi,D. adatsihi,JAUEJF010052721.1_De_5_5290,0.5443028553249981,-0.49300785645237727,1,1,5,no,JAUEJF010052721.1_De,0.4385005226381025,0.9193425452094304,0.48084202257132785,1.6406055790664222,0.015165432824615261,FALSE,FALSE,FALSE,TRUE,one_sided_terminal_pileup_v1,retained
adatsihi,D. adatsihi,JAUEJF010072935.1_De_9_5418,1.4235838906051606,0.6608423817205293,1,1,5,no,JAUEJF010072935.1_De,0.4385005226381025,0.9193425452094304,0.48084202257132785,1.6406055790664222,0.03966406872932212,FALSE,FALSE,FALSE,TRUE,one_sided_terminal_pileup_v1,retained
adatsihi,D. adatsihi,JAUEJF010080661.1_De_2635_8704,2.3197666651156172,2.1451966346834155,1,1,5,no,JAUEJF010080661.1_De,0.4385005226381025,0.9193425452094304,0.48084202257132785,1.6406055790664222,0.06463362296269207,TRUE,FALSE,FALSE,TRUE,one_sided_terminal_pileup_v1,retained
adatsihi,D. adatsihi,JAUEJF010094562.1_De_10_5257,0.6850950414529268,-0.00345438701760872,1,1,5,no,JAUEJF010094562.1_De,0.4385005226381025,0.9193425452094304,0.48084202257132785,1.6406055790664222,0.019088201959601588,FALSE,FALSE,FALSE,TRUE,one_sided_terminal_pileup_v1,retained
adatsihi,D. adatsihi,JAUEJF010103839.1_De_867_6682,0.7167051859630731,0.391254351520534,1,1,5,no,JAUEJF010103839.1_De,0.4385005226381025,0.9193425452094304,0.48084202257132785,1.6406055790664222,0.019968927677747546,FALSE,FALSE,FALSE,TRUE,one_sided_terminal_pileup_v1,retained
adatsihi,D. adatsihi,JAUEJF010130222.1_De_15_5056,0.6064742031691681,-0.5599584945912617,1,1,6,no,JAUEJF010130222.1_De,0.4385005226381025,0.9193425452094304,0.48084202257132785,1.6406055790664222,0.016897658533377304,FALSE,FALSE,FALSE,TRUE,one_sided_terminal_pileup_v1,retained
adatsihi,D. adatsihi,JAUEJF010130331.1_De_784_6511,0.4971458811326706,1.3881251202105178,1,1,6,no,JAUEJF010130331.1_De,0.4385005226381025,0.9193425452094304,0.48084202257132785,1.6406055790664222,0.01385153943359337,FALSE,FALSE,FALSE,TRUE,one_sided_terminal_pileup_v1,retained
adatsihi,D. adatsihi,JAUEJF010187741.1_De_2116_13548,0.13053607152201518,0.04095773436761602,1,1,6,yes,JAUEJF010187741.1_De,0.4385005226381025,0.9193425452094304,0.48084202257132785,1.6406055790664222,0.0036370120136045812,FALSE,FALSE,FALSE,TRUE,one_sided_terminal_pileup_v1,retained
adatsihi,D. adatsihi,JAUEJF010261774.1_De_170_5820,1.5299677399084837,3.3129374313171924,1,1,5,no,JAUEJF010261774.1_De,0.4385005226381025,0.9193425452094304,0.48084202257132785,1.6406055790664222,0.04262814856915728,FALSE,FALSE,FALSE,TRUE,one_sided_terminal_pileup_v1,retained
adatsihi,D. adatsihi,JAUEJF010323663.1_De_390_7073,0.32868704561901246,0.1925713721507888,1,1,5,no,JAUEJF010323663.1_De,0.4385005226381025,0.9193425452094304,0.48084202257132785,1.6406055790664222,0.009157918724641043,FALSE,FALSE,FALSE,TRUE,one_sided_terminal_pileup_v1,retained
adatsihi,D. adatsihi,JAUEJF010332521.1_De_1226_7229,0.3953043874666239,-2.6855136947293,1,1,5,no,JAUEJF010332521.1_De,0.4385005226381025,0.9193425452094304,0.48084202257132785,1.6406055790664222,0.01101401926289957,FALSE,FALSE,FALSE,TRUE,one_sided_terminal_pileup_v1,retained
adatsihi,D. adatsihi,JAUEJF010361259.1_De_1499_7194,0.5254752893613175,-0.5213059479493796,0.9911634756995582,1,5,no,JAUEJF010361259.1_De,0.4385005226381025,0.9193425452094304,0.48084202257132785,1.6406055790664222,0.014640856875619503,FALSE,FALSE,FALSE,TRUE,one_sided_terminal_pileup_v1,retained
adatsihi,D. adatsihi,JAUEJF010376741.1_De_1416_7171,1.05006507906499,1.656420154802026,1,1,5,no,JAUEJF010376741.1_De,0.4385005226381025,0.9193425452094304,0.48084202257132785,1.6406055790664222,0.029257041851316272,FALSE,FALSE,FALSE,TRUE,one_sided_terminal_pileup_v1,retained
adatsihi,D. adatsihi,JAUEJF010405493.1_De_1014_6822,0.7432004865218076,-0.7889545507771925,1,1,6,yes,JAUEJF010405493.1_De,0.4385005226381025,0.9193425452094304,0.48084202257132785,1.6406055790664222,0.02070714298722183,FALSE,FALSE,FALSE,TRUE,one_sided_terminal_pileup_v1,retained
adatsihi,D. adatsihi,JAUEJF010408808.1_De_5874_11794,0.35289416209475066,-0.1894678282915603,1,1,5,no,JAUEJF010408808.1_De,0.4385005226381025,0.9193425452094304,0.48084202257132785,1.6406055790664222,0.00983238036892407,FALSE,FALSE,FALSE,TRUE,one_sided_terminal_pileup_v1,retained
adatsihi,D. adatsihi,JAUEJF010464137.1_De_5285_11214,0.31027610103979175,0.8981162024431639,1,1,5,no,JAUEJF010464137.1_De,0.4385005226381025,0.9193425452094304,0.48084202257132785,1.6406055790664222,0.008644950731689449,FALSE,FALSE,FALSE,TRUE,one_sided_terminal_pileup_v1,retained
adatsihi,D. adatsihi,JAUEJF010476310.1_De_449_5850,1.6286519490021212,0.02254726865325303,1,1,5,no,JAUEJF010476310.1_De,0.4385005226381025,0.9193425452094304,0.48084202257132785,1.6406055790664222,0.04537770009037105,FALSE,FALSE,FALSE,TRUE,one_sided_terminal_pileup_v1,retained
adatsihi,D. adatsihi,JAUEJF010481832.1_De_823_6095,1.195303841533622,-2.1438531366985063,1,1,5,no,JAUEJF010481832.1_De,0.4385005226381025,0.9193425452094304,0.48084202257132785,1.6406055790664222,0.033303702040951205,FALSE,FALSE,FALSE,TRUE,one_sided_terminal_pileup_v1,retained
adatsihi,D. adatsihi,JAUEJF010533851.1_De_13_5608,0.4546093720088036,-2.9827519426957254,1,1,5,no,JAUEJF010533851.1_De,0.4385005226381025,0.9193425452094304,0.48084202257132785,1.6406055790664222,0.012666382006251812,FALSE,FALSE,FALSE,TRUE,one_sided_terminal_pileup_v1,retained
adatsihi,D. adatsihi,JAUEJF010540495.1_De_10_6221,0.4079448009275041,0.4327818125611048,0.997874601487779,1,5,no,JAUEJF010540495.1_De,0.4385005226381025,0.9193425452094304,0.48084202257132785,1.6406055790664222,0.01136620801102194,FALSE,FALSE,FALSE,TRUE,one_sided_terminal_pileup_v1,retained
adatsihi,D. adatsihi,JAUEJF010541605.1_De_10_6306,0.5715622595251655,-0.6662547679203428,1,1,5,no,JAUEJF010541605.1_De,0.4385005226381025,0.9193425452094304,0.48084202257132785,1.6406055790664222,0.015924937683339243,FALSE,FALSE,FALSE,TRUE,one_sided_terminal_pileup_v1,retained
adatsihi,D. adatsihi,JAUEJF010574816.1_De_15_6080,0.5662935546817018,-0.6550321537632819,0.9974734714502274,1,5,no,JAUEJF010574816.1_De,0.4385005226381025,0.9193425452094304,0.48084202257132785,1.6406055790664222,0.015778140383647395,FALSE,FALSE,FALSE,TRUE,one_sided_terminal_pileup_v1,retained
adatsihi,D. adatsihi,JAUEJF010603612.1_De_15_6533,1.1614424296940558,-0.755552017831404,1,1,6,yes,JAUEJF010603612.1_De,0.4385005226381025,0.9193425452094304,0.48084202257132785,1.6406055790664222,0.032360251236723925,FALSE,FALSE,FALSE,TRUE,one_sided_terminal_pileup_v1,retained
adatsihi,D. adatsihi,JAUEJF010604719.1_De_6_5644,4.826165134011986,-3.454785075841385,1,1,5,no,JAUEJF010604719.1_De,0.4385005226381025,0.9193425452094304,0.48084202257132785,1.6406055790664222,0.13446720410213078,TRUE,FALSE,FALSE,TRUE,one_sided_terminal_pileup_v1,retained
adatsihi,D. adatsihi,JAUEJF010618004.1_De_29_5839,0.6984946717990289,-0.3681954194842001,1,1,6,no,JAUEJF010618004.1_De,0.4385005226381025,0.9193425452094304,0.48084202257132785,1.6406055790664222,0.019461544101573545,FALSE,FALSE,FALSE,TRUE,one_sided_terminal_pileup_v1,retained
adatsihi,D. adatsihi,JAUEJF010630176.1_De_14_5649,0.8842946057994331,0.07550270284737486,1,1,6,yes,JAUEJF010630176.1_De,0.4385005226381025,0.9193425452094304,0.48084202257132785,1.6406055790664222,0.02463832462060763,FALSE,FALSE,FALSE,TRUE,one_sided_terminal_pileup_v1,retained
adatsihi,D. adatsihi,JAUEJF010712095.1_De_934_6485,0.8065600118221448,0.6712316923142253,1,1,6,no,JAUEJF010712095.1_De,0.4385005226381025,0.9193425452094304,0.48084202257132785,1.6406055790664222,0.02247247384180286,FALSE,FALSE,FALSE,TRUE,one_sided_terminal_pileup_v1,retained
adatsihi,D. adatsihi,JAUEJF010726496.1_De_757_6455,0.43941772736101814,0.11558481880436466,1,1,5,no,JAUEJF010726496.1_De,0.4385005226381025,0.9193425452094304,0.48084202257132785,1.6406055790664222,0.012243110542309458,FALSE,FALSE,FALSE,TRUE,one_sided_terminal_pileup_v1,retained
adatsihi,D. adatsihi,JAUEJF010732032.1_De_12_5932,0.39702070666175826,0.3550454483252924,1,1,5,no,JAUEJF010732032.1_De,0.4385005226381025,0.9193425452094304,0.48084202257132785,1.6406055790664222,0.0110618395585397,FALSE,FALSE,FALSE,TRUE,one_sided_terminal_pileup_v1,retained
adatsihi,D. adatsihi,JAUEJF010738675.1_De_407_6283,0.7167961871730743,-0.9350417420892596,1,1,5,no,JAUEJF010738675.1_De,0.4385005226381025,0.9193425452094304,0.48084202257132785,1.6406055790664222,0.019971463164606983,FALSE,FALSE,FALSE,TRUE,one_sided_terminal_pileup_v1,retained
adatsihi,D. adatsihi,JAUEJF010764130.1_De_7_6388,1.0248082114363184,-0.0936719813735438,0.9936238044633368,1,5,no,JAUEJF010764130.1_De,0.4385005226381025,0.9193425452094304,0.48084202257132785,1.6406055790664222,0.028553331911830262,FALSE,FALSE,FALSE,TRUE,one_sided_terminal_pileup_v1,retained
adatsihi,D. adatsihi,JAUEJF010785170.1_De_7_6365,0.5600955721344896,1.6602863794332865,1,1,5,no,JAUEJF010785170.1_De,0.4385005226381025,0.9193425452094304,0.48084202257132785,1.6406055790664222,0.015605451434750072,FALSE,FALSE,FALSE,TRUE,one_sided_terminal_pileup_v1,retained
adatsihi,D. adatsihi,JAUEJF010817210.1_De_16_6080,0.43574890846935577,-1.0314588505824982,1,1,5,no,JAUEJF010817210.1_De,0.4385005226381025,0.9193425452094304,0.48084202257132785,1.6406055790664222,0.012140889460970533,FALSE,FALSE,FALSE,TRUE,one_sided_terminal_pileup_v1,retained
adatsihi,D. adatsihi,JAUEJF010819858.1_De_758_6208,0.11919153404250288,-1.778396322590932,1,1,5,no,JAUEJF010819858.1_De,0.4385005226381025,0.9193425452094304,0.48084202257132785,1.6406055790664222,0.0033209291208019195,FALSE,FALSE,FALSE,TRUE,one_sided_terminal_pileup_v1,retained
adatsihi,D. adatsihi,JAUEJF010821067.1_De_210_6193,0.27594399436421274,-0.6472233169339752,1,1,6,no,JAUEJF010821067.1_De,0.4385005226381025,0.9193425452094304,0.48084202257132785,1.6406055790664222,0.007688385370287594,FALSE,FALSE,FALSE,TRUE,one_sided_terminal_pileup_v1,retained
adatsihi,D. adatsihi,JAUEJF010827018.1_De_75_6027,1.024486363439422,0.17873135773460194,1,1,5,no,JAUEJF010827018.1_De,0.4385005226381025,0.9193425452094304,0.48084202257132785,1.6406055790664222,0.028544364543518816,FALSE,FALSE,FALSE,TRUE,one_sided_terminal_pileup_v1,retained
adatsihi,D. adatsihi,JAUEJF010828119.1_De_7_6100,1.1669524301827772,-1.056323342059743,1,1,6,no,JAUEJF010828119.1_De,0.4385005226381025,0.9193425452094304,0.48084202257132785,1.6406055790664222,0.032513771545239316,FALSE,FALSE,FALSE,TRUE,one_sided_terminal_pileup_v1,retained
aeneus,D. aeneus,JASCRE010075447.1_De_16_6314,0.35116144764589696,-1.4737974718026652e-5,0.9944405837387076,1,5,no,JASCRE010075447.1_De,0.44635596426488433,0.9454771089860368,0.49912114472115243,1.6941588260677654,0.018648750702789946,FALSE,FALSE,FALSE,TRUE,one_sided_terminal_pileup_v1,retained
aeneus,D. aeneus,JASCRE010166278.1_De_1452_6421,0.643020132243414,-0.07143449986266481,1,1,5,no,JASCRE010166278.1_De,0.44635596426488433,0.9454771089860368,0.49912114472115243,1.6941588260677654,0.03414817379148757,FALSE,FALSE,FALSE,TRUE,one_sided_terminal_pileup_v1,retained
aeneus,D. aeneus,JASCRE010166279.1_De_1059_6342,1.5586079782582702,1.2943561552925784,1,1,5,no,JASCRE010166279.1_De,0.44635596426488433,0.9454771089860368,0.49912114472115243,1.6941588260677654,0.0827713059755566,FALSE,FALSE,FALSE,TRUE,one_sided_terminal_pileup_v1,retained
aeneus,D. aeneus,JASCRE010197306.1_De_608_6272,0.6508417247142936,-0.533295926508435,1,1,5,no,JASCRE010197306.1_De,0.44635596426488433,0.9454771089860368,0.49912114472115243,1.6941588260677654,0.03456354663228795,FALSE,FALSE,FALSE,TRUE,one_sided_terminal_pileup_v1,retained
aeneus,D. aeneus,JASCRE010202844.1_De_116_6103,0.4330395482327314,1.428849148331427,1,1,5,no,JASCRE010202844.1_De,0.44635596426488433,0.9454771089860368,0.49912114472115243,1.6941588260677654,0.022996962319121902,FALSE,FALSE,FALSE,TRUE,one_sided_terminal_pileup_v1,retained
aeneus,D. aeneus,JASCRE010237193.1_De_20_6259,0.5562634149691441,1.734753944444966,1,1,5,no,JASCRE010237193.1_De,0.44635596426488433,0.9454771089860368,0.49912114472115243,1.6941588260677654,0.029540878762131878,FALSE,FALSE,FALSE,TRUE,one_sided_terminal_pileup_v1,retained
aeneus,D. aeneus,JASCRE010264885.1_De_1028_6219,0.4942632055581011,1.3525794062877663,1,1,6,yes,JASCRE010264885.1_De,0.44635596426488433,0.9454771089860368,0.49912114472115243,1.6941588260677654,0.0262483007853113,FALSE,FALSE,FALSE,TRUE,one_sided_terminal_pileup_v1,retained
aeneus,D. aeneus,JASCRE010388970.1_De_188_5507,0.6108077987954519,-1.461927194114713,1,1,6,yes,JASCRE010388970.1_De,0.44635596426488433,0.9454771089860368,0.49912114472115243,1.6941588260677654,0.03243750828405994,FALSE,FALSE,FALSE,TRUE,one_sided_terminal_pileup_v1,retained
aeneus,D. aeneus,JASCRE010413349.1_De_734_6085,0.41976036714090287,0.3255742441517975,1,1,5,no,JASCRE010413349.1_De,0.44635596426488433,0.9454771089860368,0.49912114472115243,1.6941588260677654,0.022291759229833962,FALSE,FALSE,FALSE,TRUE,one_sided_terminal_pileup_v1,retained
aeneus,D. aeneus,JASCRE010543018.1_De_1099_7080,1.0963999302974687,0.161264928469311,1,1,6,no,JASCRE010543018.1_De,0.44635596426488433,0.9454771089860368,0.49912114472115243,1.6941588260677654,0.05822532372998853,FALSE,FALSE,FALSE,TRUE,one_sided_terminal_pileup_v1,retained
aeneus,D. aeneus,JASCRE010572054.1_De_15_5149,0.48784694709519544,0.6685224541020502,1,1,6,yes,JASCRE010572054.1_De,0.44635596426488433,0.9454771089860368,0.49912114472115243,1.6941588260677654,0.025907559495737705,FALSE,FALSE,FALSE,TRUE,one_sided_terminal_pileup_v1,retained
aeneus,D. aeneus,JASCRE010584081.1_De_209_5647,1.0328465650124123,-0.2186093988298492,1,1,5,no,JASCRE010584081.1_De,0.44635596426488433,0.9454771089860368,0.49912114472115243,1.6941588260677654,0.054850263986188065,FALSE,FALSE,FALSE,TRUE,one_sided_terminal_pileup_v1,retained
aeneus,D. aeneus,JASCRE010588827.1_De_198_5596,0.9938427830716776,-0.5328233804253694,1,1,6,yes,JASCRE010588827.1_De,0.44635596426488433,0.9454771089860368,0.49912114472115243,1.6941588260677654,0.05277893237859028,FALSE,FALSE,FALSE,TRUE,one_sided_terminal_pileup_v1,retained
aeneus,D. aeneus,JASCRE010624447.1_De_5280_10623,0.5630768920770918,1.2004402508236676,0.9913978494623656,0.9795039967206396,6,yes,JASCRE010624447.1_De,0.44635596426488433,0.9454771089860368,0.49912114472115243,1.6941588260677654,0.02990271471211181,FALSE,FALSE,FALSE,TRUE,one_sided_terminal_pileup_v1,retained
aeneus,D. aeneus,JASCRE010626105.1_De_289_5481,0.5013374646744291,0.00521015444946478,1,1,6,no,JASCRE010626105.1_De,0.44635596426488433,0.9454771089860368,0.49912114472115243,1.6941588260677654,0.026623985802991176,FALSE,FALSE,FALSE,TRUE,one_sided_terminal_pileup_v1,retained
aeneus,D. aeneus,JASCRE010651372.1_De_9_5345,0.8186435653942237,-0.8064628494967084,1,1,6,no,JASCRE010651372.1_De,0.44635596426488433,0.9454771089860368,0.49912114472115243,1.6941588260677654,0.04347481726090434,FALSE,FALSE,FALSE,TRUE,one_sided_terminal_pileup_v1,retained
aeneus,D. aeneus,JASCRE010717173.1_De_1197_6809,0.6926086040694024,-1.1141933797744932,0.9944289693593314,1,5,no,JASCRE010717173.1_De,0.44635596426488433,0.9454771089860368,0.49912114472115243,1.6941588260677654,0.03678161506191908,FALSE,FALSE,FALSE,TRUE,one_sided_terminal_pileup_v1,retained
aeneus,D. aeneus,JASCRE010800034.1_De_16_6540,0.31909788034933495,-0.02194326949428471,1,1,5,no,JASCRE010800034.1_De,0.44635596426488433,0.9454771089860368,0.49912114472115243,1.6941588260677654,0.01694598555825544,FALSE,FALSE,FALSE,TRUE,one_sided_terminal_pileup_v1,retained
aeneus,D. aeneus,JASCRE010964681.1_De_12_5371,1.6486949222821314,-0.646430726992138,1,1,5,no,JASCRE010964681.1_De,0.44635596426488433,0.9454771089860368,0.49912114472115243,1.6941588260677654,0.08755545575036691,FALSE,FALSE,FALSE,TRUE,one_sided_terminal_pileup_v1,retained
aeneus,D. aeneus,JASCRE010989012.1_De_1585_6610,1.0510082954201112,-1.8173201488749195,1,1,6,yes,JASCRE010989012.1_De,0.44635596426488433,0.9454771089860368,0.49912114472115243,1.6941588260677654,0.05581475933433912,FALSE,FALSE,FALSE,TRUE,one_sided_terminal_pileup_v1,retained
aeneus,D. aeneus,JASCRE011115130.1_De_853_7076,0.9662744963342682,1.283904743308741,1,1,6,yes,JASCRE011115130.1_De,0.44635596426488433,0.9454771089860368,0.49912114472115243,1.6941588260677654,0.05131489323045634,FALSE,FALSE,FALSE,TRUE,one_sided_terminal_pileup_v1,retained
aeneus,D. aeneus,JASCRE011146105.1_De_686_7024,0.38699349290908747,-0.5639154644373975,0.9980988593155894,1,6,yes,JASCRE011146105.1_De,0.44635596426488433,0.9454771089860368,0.49912114472115243,1.6941588260677654,0.020551644325549318,FALSE,FALSE,FALSE,TRUE,one_sided_terminal_pileup_v1,retained
aeneus,D. aeneus,JASCRE011189249.1_De_7_5509,0.27403706357514845,0.9798278702035652,1,1,5,no,JASCRE011189249.1_De,0.44635596426488433,0.9454771089860368,0.49912114472115243,1.6941588260677654,0.014552989561345018,FALSE,FALSE,FALSE,TRUE,one_sided_terminal_pileup_v1,retained
aeneus,D. aeneus,JASCRE011193669.1_De_9_5424,0.9246797216378054,0.24609289462078804,1,1,6,no,JASCRE011193669.1_De,0.44635596426488433,0.9454771089860368,0.49912114472115243,1.6941588260677654,0.049105964576547735,FALSE,FALSE,FALSE,TRUE,one_sided_terminal_pileup_v1,retained
aeneus,D. aeneus,JASCRE011243490.1_De_1248_7391,0.5762817186320965,-0.8290827405026517,1,1,6,yes,JASCRE011243490.1_De,0.44635596426488433,0.9454771089860368,0.49912114472115243,1.6941588260677654,0.030603969135536393,FALSE,FALSE,FALSE,TRUE,one_sided_terminal_pileup_v1,retained
aeneus,D. aeneus,JASCRE011395148.1_De_661_6680,0.4596723802970373,1.6663638147980082,1,1,5,no,JASCRE011395148.1_De,0.44635596426488433,0.9454771089860368,0.49912114472115243,1.6941588260677654,0.02441132328900075,FALSE,FALSE,FALSE,TRUE,one_sided_terminal_pileup_v1,retained
aeneus,D. aeneus,JASCRE011400692.1_De_925_6677,0.3191850790946834,-1.6893426343216664,1,1,5,no,JASCRE011400692.1_De,0.44635596426488433,0.9454771089860368,0.49912114472115243,1.6941588260677654,0.016950616327591025,FALSE,FALSE,FALSE,TRUE,one_sided_terminal_pileup_v1,retained
amphileucus,D. amphileucus,JAUCMQ010000064.1_De_1343_7662,1.0346535228856113,-1.2875913144147189,1,1,5,no,JAUCMQ010000064.1_De,0.5035909650241798,0.9377304154674042,0.43413945044322444,1.5889395911322408,0.04947116361741596,FALSE,FALSE,FALSE,TRUE,one_sided_terminal_pileup_v1,retained
amphileucus,D. amphileucus,JAUCMQ010000073.1_De_290_6170,0.9377304154674042,0.12942222908705195,1,1,5,no,JAUCMQ010000073.1_De,0.5035909650241798,0.9377304154674042,0.43413945044322444,1.5889395911322408,0.04483685966992472,FALSE,FALSE,FALSE,TRUE,one_sided_terminal_pileup_v1,retained
amphileucus,D. amphileucus,JAUCMQ010000102.1_De_6_6197,0.6785720055731056,0.4742746475922848,1,1,6,yes,JAUCMQ010000102.1_De,0.5035909650241798,0.9377304154674042,0.43413945044322444,1.5889395911322408,0.032445399325834595,FALSE,FALSE,FALSE,TRUE,one_sided_terminal_pileup_v1,retained
amphileucus,D. amphileucus,JAUCMQ010000165.1_De_3390_9494,1.1561447306250925,-0.21012232842673725,1,1,5,no,JAUCMQ010000165.1_De,0.5035909650241798,0.9377304154674042,0.43413945044322444,1.5889395911322408,0.055280172414288176,FALSE,FALSE,FALSE,TRUE,one_sided_terminal_pileup_v1,retained
amphileucus,D. amphileucus,JAUCMQ010000273.1_De_3172_8646,0.37495358065071943,1.0552837638211108,1,1,5,no,JAUCMQ010000273.1_De,0.5035909650241798,0.9377304154674042,0.43413945044322444,1.5889395911322408,0.01792811750698353,FALSE,FALSE,FALSE,TRUE,one_sided_terminal_pileup_v1,retained
amphileucus,D. amphileucus,JAUCMQ010000392.1_De_5_7094,2.1197049124463088,-1.5479774350030242,1,1,6,no,JAUCMQ010000392.1_De,0.5035909650241798,0.9377304154674042,0.43413945044322444,1.5889395911322408,0.10135206252602229,TRUE,FALSE,FALSE,TRUE,one_sided_terminal_pileup_v1,retained
amphileucus,D. amphileucus,JAUCMQ010000403.1_De_2464_7953,0.5035909650241798,-0.888746047899878,1,1,6,yes,JAUCMQ010000403.1_De,0.5035909650241798,0.9377304154674042,0.43413945044322444,1.5889395911322408,0.02407881525158441,FALSE,FALSE,FALSE,TRUE,one_sided_terminal_pileup_v1,retained
amphileucus,D. amphileucus,JAUCMQ010000405.1_De_31_6524,2.0783988909565587,-0.5090452450402279,1,1,6,yes,JAUCMQ010000405.1_De,0.5035909650241798,0.9377304154674042,0.43413945044322444,1.5889395911322408,0.099377046830135235,TRUE,FALSE,FALSE,TRUE,one_sided_terminal_pileup_v1,retained
amphileucus,D. amphileucus,JAUCMQ010000426.1_De_161_5975,0.4973720324035171,-0.960329367165498,1,1,6,yes,JAUCMQ010000426.1_De,0.5035909650241798,0.9377304154674042,0.43413945044322444,1.5889395911322408,0.02378146176426003,FALSE,FALSE,FALSE,TRUE,one_sided_terminal_pileup_v1,retained
amphileucus,D. amphileucus,JAUCMQ010000661.1_De_133_6603,0.7520462255758898,0.02670656639594477,1,1,5,no,JAUCMQ010000661.1_De,0.5035909650241798,0.9377304154674042,0.43413945044322444,1.5889395911322408,0.03595851272951999,FALSE,FALSE,FALSE,TRUE,one_sided_terminal_pileup_v1,retained
amphileucus,D. amphileucus,JAUCMQ010000701.1_De_21_6348,1.2713979431460476,1.407488586064476,1,1,5,no,JAUCMQ010000701.1_De,0.5035909650241798,0.9377304154674042,0.43413945044322444,1.5889395911322408,0.06079091626035862,FALSE,FALSE,FALSE,TRUE,one_sided_terminal_pileup_v1,retained
amphileucus,D. amphileucus,JAUCMQ010000854.1_De_12_5135,0.7746162007441248,-0.816360174056792,1,1,6,yes,JAUCMQ010000854.1_De,0.5035909650241798,0.9377304154674042,0.43413945044322444,1.5889395911322408,0.03703767875920181,FALSE,FALSE,FALSE,TRUE,one_sided_terminal_pileup_v1,retained
amphileucus,D. amphileucus,JAUCMQ010000880.1_De_1581_6844,0.7277679194210502,-1.225140888646722,1,1,5,no,JAUCMQ010000880.1_De,0.5035909650241798,0.9377304154674042,0.43413945044322444,1.5889395911322408,0.034797664165654836,FALSE,FALSE,FALSE,TRUE,one_sided_terminal_pileup_v1,retained
amphileucus,D. amphileucus,JAUCMQ010001175.1_De_986_6435,0.923994075299994,0.5682197592638406,1,1,5,no,JAUCMQ010001175.1_De,0.5035909650241798,0.9377304154674042,0.43413945044322444,1.5889395911322408,0.04418006711387061,FALSE,FALSE,FALSE,TRUE,one_sided_terminal_pileup_v1,retained
amphileucus,D. amphileucus,JAUCMQ010001200.1_De_1022_6406,0.29177404839724447,-0.30544852986875753,0.9513422818791948,1,5,no,JAUCMQ010001200.1_De,0.5035909650241798,0.9377304154674042,0.43413945044322444,1.5889395911322408,0.013950952051387114,FALSE,FALSE,FALSE,TRUE,one_sided_terminal_pileup_v1,retained
amphileucus,D. amphileucus,JAUCMQ010001257.1_De_8_6331,0.5747922587768837,1.304956008644554,1,1,6,no,JAUCMQ010001257.1_De,0.5035909650241798,0.9377304154674042,0.43413945044322444,1.5889395911322408,0.02748325043215368,FALSE,FALSE,FALSE,TRUE,one_sided_terminal_pileup_v1,retained
amphileucus,D. amphileucus,JAUCMQ010001279.1_De_476_6312,0.478430596805202,0.9002750909723896,0.9752293577981652,1,5,no,JAUCMQ010001279.1_De,0.5035909650241798,0.9377304154674042,0.43413945044322444,1.5889395911322408,0.0228757915675167,FALSE,FALSE,FALSE,TRUE,one_sided_terminal_pileup_v1,retained
amphileucus,D. amphileucus,JAUCMQ010001306.1_De_10_6276,0.7089735067772364,-0.6206673797361727,1,0.9978719631140271,6,no,JAUCMQ010001306.1_De,0.5035909650241798,0.9377304154674042,0.43413945044322444,1.5889395911322408,0.03389902375857226,FALSE,FALSE,FALSE,TRUE,one_sided_terminal_pileup_v1,retained
amphileucus,D. amphileucus,JAUCMQ010001728.1_De_327_5845,0.6504638355677319,-0.15977642654503624,1,1,6,yes,JAUCMQ010001728.1_De,0.5035909650241798,0.9377304154674042,0.43413945044322444,1.5889395911322408,0.031101428763163713,FALSE,FALSE,FALSE,TRUE,one_sided_terminal_pileup_v1,retained
amphileucus,D. amphileucus,JAUCMQ010001801.1_De_6_5745,1.235953376942537,-2.018297379150396,1,1,6,yes,JAUCMQ010001801.1_De,0.5035909650241798,0.9377304154674042,0.43413945044322444,1.5889395911322408,0.05909616154758115,FALSE,FALSE,FALSE,TRUE,one_sided_terminal_pileup_v1,retained
amphileucus,D. amphileucus,JAUCMQ010001870.1_De_624_5710,0.37284198672146457,-1.163991285277424,1,1,6,yes,JAUCMQ010001870.1_De,0.5035909650241798,0.9377304154674042,0.43413945044322444,1.5889395911322408,0.01782715326488984,FALSE,FALSE,FALSE,TRUE,one_sided_terminal_pileup_v1,retained
amphileucus,D. amphileucus,JAUCMQ010002003.1_De_76_5601,0.49868512015378846,0.2279125710529173,1,1,5,no,JAUCMQ010002003.1_De,0.5035909650241798,0.9377304154674042,0.43413945044322444,1.5889395911322408,0.02384424604663171,FALSE,FALSE,FALSE,TRUE,one_sided_terminal_pileup_v1,retained
amphileucus,D. amphileucus,JAUCMQ010002076.1_De_6_5543,0.7429027030300106,0.23013270735270325,1,1,6,yes,JAUCMQ010002076.1_De,0.5035909650241798,0.9377304154674042,0.43413945044322444,1.5889395911322408,0.0355213222209088,FALSE,FALSE,FALSE,TRUE,one_sided_terminal_pileup_v1,retained
amphileucus,D. amphileucus,JAUCMQ010002399.1_De_99_5258,0.8681271797103725,0.3100785792845962,1,1,6,yes,JAUCMQ010002399.1_De,0.5035909650241798,0.9377304154674042,0.43413945044322444,1.5889395911322408,0.04150883440516333,FALSE,FALSE,FALSE,TRUE,one_sided_terminal_pileup_v1,retained
amphileucus,D. amphileucus,JAUCMQ010002504.1_De_8_5263,0.6603870158351034,-0.32211801037293164,0.9913544668587896,1,5,no,JAUCMQ010002504.1_De,0.5035909650241798,0.9377304154674042,0.43413945044322444,1.5889395911322408,0.03157589800697696,FALSE,FALSE,FALSE,TRUE,one_sided_terminal_pileup_v1,retained
anicetus,D. anicetus,JAVSBX010118635.1_De_11_6939,1.2474454998186777,-1.2458469141330808,1,1,6,no,JAVSBX010118635.1_De,0.4570531122889133,0.8719843639636671,0.41493125167475375,1.4943812414757978,0.069551227643153607,FALSE,FALSE,FALSE,TRUE,one_sided_terminal_pileup_v1,retained
anicetus,D. anicetus,JAVSBX010148532.1_De_19_6027,0.8944974045886694,0.08799419615343008,1,1,6,no,JAVSBX010148532.1_De,0.4570531122889133,0.8719843639636671,0.41493125167475375,1.4943812414757978,0.04987263381189771,FALSE,FALSE,FALSE,TRUE,one_sided_terminal_pileup_v1,retained
anicetus,D. anicetus,JAVSBX010219422.1_De_579_6049,0.8856789583394624,-0.17520466202344195,1,1,5,no,JAVSBX010219422.1_De,0.4570531122889133,0.8719843639636671,0.41493125167475375,1.4943812414757978,0.049380962021325164,FALSE,FALSE,FALSE,TRUE,one_sided_terminal_pileup_v1,retained
anicetus,D. anicetus,JAVSBX010221637.1_De_5714_11652,0.4532765610519399,-0.4419559502290708,1,1,5,no,JAVSBX010221637.1_De,0.4570531122889133,0.8719843639636671,0.41493125167475375,1.4943812414757978,0.025272399706128833,FALSE,FALSE,FALSE,TRUE,one_sided_terminal_pileup_v1,retained
anicetus,D. anicetus,JAVSBX010371213.1_De_511_6276,0.4084966495546229,0.664170455278304,1,1,5,no,JAVSBX010371213.1_De,0.4570531122889133,0.8719843639636671,0.41493125167475375,1.4943812414757978,0.02277569919388772,FALSE,FALSE,FALSE,TRUE,one_sided_terminal_pileup_v1,retained
anicetus,D. anicetus,JAVSBX010418969.1_De_1404_6765,0.29089514838210656,-0.4049429305526633,1,1,6,yes,JAVSBX010418969.1_De,0.4570531122889133,0.8719843639636671,0.41493125167475375,1.4943812414757978,0.016218836565087352,FALSE,FALSE,FALSE,TRUE,one_sided_terminal_pileup_v1,retained
anicetus,D. anicetus,JAVSBX010450629.1_De_694_12586,1.0204793529927672,0.29724166985424155,1,1,5,no,JAVSBX010450629.1_De,0.4570531122889133,0.8719843639636671,0.41493125167475375,1.4943812414757978,0.05689674762982006,FALSE,FALSE,FALSE,TRUE,one_sided_terminal_pileup_v1,retained
anicetus,D. anicetus,JAVSBX010452065.1_De_689_6415,0.4875633234347429,-2.363064745955949,1,1,6,yes,JAVSBX010452065.1_De,0.4570531122889133,0.8719843639636671,0.41493125167475375,1.4943812414757978,0.02718405549869025,FALSE,FALSE,FALSE,TRUE,one_sided_terminal_pileup_v1,retained
anicetus,D. anicetus,JAVSBX010457249.1_De_735_6244,0.5105008302695844,-0.5492479817742667,1,1,6,yes,JAVSBX010457249.1_De,0.4570531122889133,0.8719843639636671,0.41493125167475375,1.4943812414757978,0.02846293442339545,FALSE,FALSE,FALSE,TRUE,one_sided_terminal_pileup_v1,retained
anicetus,D. anicetus,JAVSBX010462219.1_De_11_5857,0.5407596641138427,0.7568459956178566,1,1,6,no,JAVSBX010462219.1_De,0.4570531122889133,0.8719843639636671,0.41493125167475375,1.4943812414757978,0.030150013370912016,FALSE,FALSE,FALSE,TRUE,one_sided_terminal_pileup_v1,retained
anicetus,D. anicetus,JAVSBX010470942.1_De_15_5666,0.6891107104949695,-0.06713865482202179,1,1,6,yes,JAVSBX010470942.1_De,0.4570531122889133,0.8719843639636671,0.41493125167475375,1.4943812414757978,0.03842131452150622,FALSE,FALSE,FALSE,TRUE,one_sided_terminal_pileup_v1,retained
anicetus,D. anicetus,JAVSBX010485954.1_De_507_11633,0.4155957725293424,-1.0004727898757206,1,1,5,no,JAVSBX010485954.1_De,0.4570531122889133,0.8719843639636671,0.41493125167475375,1.4943812414757978,0.023171510247880236,FALSE,FALSE,FALSE,TRUE,one_sided_terminal_pileup_v1,retained
anicetus,D. anicetus,JAVSBX010489815.1_De_21_5400,0.5970589104963696,-0.5455831514746664,1,1,5,no,JAVSBX010489815.1_De,0.4570531122889133,0.8719843639636671,0.41493125167475375,1.4943812414757978,0.03328897351134163,FALSE,FALSE,FALSE,TRUE,one_sided_terminal_pileup_v1,retained
anicetus,D. anicetus,JAVSBX010495216.1_De_30_6045,0.5359655778150143,0.9890376787367372,0.9662710805746408,1,6,no,JAVSBX010495216.1_De,0.4570531122889133,0.8719843639636671,0.41493125167475375,1.4943812414757978,0.029882719459026322,FALSE,FALSE,FALSE,TRUE,one_sided_terminal_pileup_v1,retained
anicetus,D. anicetus,JAVSBX010532419.1_De_718_5095,2.1552505354865272,0.974051770212344,1,1,5,no,JAVSBX010532419.1_De,0.4570531122889133,0.8719843639636671,0.41493125167475375,1.4943812414757978,0.1201658273996266,TRUE,FALSE,FALSE,TRUE,one_sided_terminal_pileup_v1,retained
anicetus,D. anicetus,JAVSBX010536723.1_De_4915_11053,0.8068650290039817,0.8847540307182026,1,1,5,no,JAVSBX010536723.1_De,0.4570531122889133,0.8719843639636671,0.41493125167475375,1.4943812414757978,0.0449866974691181,FALSE,FALSE,FALSE,TRUE,one_sided_terminal_pileup_v1,retained
anicetus,D. anicetus,JAVSBX010538155.1_De_28_5729,0.5150509810594239,0.6992845911845035,1,1,5,no,JAVSBX010538155.1_De,0.4570531122889133,0.8719843639636671,0.41493125167475375,1.4943812414757978,0.02871662772978904,FALSE,FALSE,FALSE,TRUE,one_sided_terminal_pileup_v1,retained
anicetus,D. anicetus,JAVSBX010563189.1_De_1501_7994,0.46838276599983353,2.2230462691786426,1,1,5,no,JAVSBX010563189.1_De,0.4570531122889133,0.8719843639636671,0.41493125167475375,1.4943812414757978,0.02611464499805365,FALSE,FALSE,FALSE,TRUE,one_sided_terminal_pileup_v1,retained
anicetus,D. anicetus,JAVSBX010605487.1_De_11_5327,0.26851458774105835,0.3541690292622033,1,1,5,no,JAVSBX010605487.1_De,0.4570531122889133,0.8719843639636671,0.41493125167475375,1.4943812414757978,0.014971010132467086,FALSE,FALSE,FALSE,TRUE,one_sided_terminal_pileup_v1,retained
anicetus,D. anicetus,JAVSBX010636053.1_De_4155_10005,0.6892865504984094,0.738480686266139,1,1,5,no,JAVSBX010636053.1_De,0.4570531122889133,0.8719843639636671,0.41493125167475375,1.4943812414757978,0.03843111846733776,FALSE,FALSE,FALSE,TRUE,one_sided_terminal_pileup_v1,retained
anicetus,D. anicetus,JAVSBX010680221.1_De_367_6028,0.1343755575794608,-1.7047759506553402,1,1,5,no,JAVSBX010680221.1_De,0.4570531122889133,0.8719843639636671,0.41493125167475375,1.4943812414757978,0.007492098850204884,FALSE,FALSE,FALSE,TRUE,one_sided_terminal_pileup_v1,retained
anicetus,D. anicetus,JAVSBX010895734.1_De_2441_7488,0.605662815612871,1.0833519922363972,1,0.9698340874811464,5,no,JAVSBX010895734.1_De,0.4570531122889133,0.8719843639636671,0.41493125167475375,1.4943812414757978,0.03376868357760494,FALSE,FALSE,FALSE,TRUE,one_sided_terminal_pileup_v1,retained
anicetus,D. anicetus,JAVSBX010910095.1_De_2010_7660,0.4470526524399563,-0.08532101138001548,0.9970817120622568,1,5,no,JAVSBX010910095.1_De,0.4570531122889133,0.8719843639636671,0.41493125167475375,1.4943812414757978,0.024925386161436757,FALSE,FALSE,FALSE,TRUE,one_sided_terminal_pileup_v1,retained
anicetus,D. anicetus,JAVSBX011139120.1_De_6_5906,1.0591181088701658,-0.14489777360231185,1,1,5,no,JAVSBX011139120.1_De,0.4570531122889133,0.8719843639636671,0.41493125167475375,1.4943812414757978,0.05905104848406004,FALSE,FALSE,FALSE,TRUE,one_sided_terminal_pileup_v1,retained
anicetus,D. anicetus,JAVSBX011226549.1_De_1984_11710,0.8309005808362813,0.6043881121427881,1,1,5,unknown,JAVSBX011226549.1_De,0.4570531122889133,0.8719843639636671,0.41493125167475375,1.4943812414757978,0.04632679780797865,FALSE,FALSE,FALSE,TRUE,one_sided_terminal_pileup_v1,retained
anicetus,D. anicetus,JAVSBX011331720.1_De_78_6210,0.9778514344404078,-1.2524800452609224,1,0.9801429706115964,5,no,JAVSBX011331720.1_De,0.4570531122889133,0.8719843639636671,0.41493125167475375,1.4943812414757978,0.05452003131826985,FALSE,FALSE,FALSE,TRUE,one_sided_terminal_pileup_v1,retained
apalachicolae,D. apalachicolae,JASBQJ010036695.1_De_656_6713,0.5857222729366375,-0.5336767883769729,1,1,5,no,JASBQJ010036695.1_De,0.3845448680936043,0.8709899644284296,0.4864450963348253,1.6006576089306677,0.07971306204734942,FALSE,FALSE,FALSE,TRUE,one_sided_terminal_pileup_v1,retained
apalachicolae,D. apalachicolae,JASBQJ010310906.1_De_6_5977,0.44541822990345714,-1.112271294633817,1,1,6,no,JASBQJ010310906.1_De,0.3845448680936043,0.8709899644284296,0.4864450963348253,1.6006576089306677,0.060618577503122835,FALSE,FALSE,FALSE,TRUE,one_sided_terminal_pileup_v1,retained
apalachicolae,D. apalachicolae,JASBQJ010325490.1_De_2996_9399,0.1986333213024905,0.3839356297968255,1,1,5,no,JASBQJ010325490.1_De,0.3845448680936043,0.8709899644284296,0.4864450963348253,1.6006576089306677,0.027032726937753618,FALSE,FALSE,FALSE,TRUE,one_sided_terminal_pileup_v1,retained
apalachicolae,D. apalachicolae,JASBQJ010354198.1_De_2368_9151,0.8921883942940878,2.3736175892851255,0.999492127983748,1,5,no,JASBQJ010354198.1_De,0.3845448680936043,0.8709899644284296,0.4864450963348253,1.6006576089306677,0.12142114465908865,FALSE,FALSE,FALSE,TRUE,one_sided_terminal_pileup_v1,retained
apalachicolae,D. apalachicolae,JASBQJ010369910.1_De_14_5309,0.6485987873437864,0.8769666193189025,0.9968354430379748,1,6,no,JASBQJ010369910.1_De,0.3845448680936043,0.8709899644284296,0.4864450963348253,1.6006576089306677,0.08827015424930554,FALSE,FALSE,FALSE,TRUE,one_sided_terminal_pileup_v1,retained
apalachicolae,D. apalachicolae,JASBQJ010375321.1_De_16_5829,0.5749633107507905,-0.6114034886818567,1,1,5,no,JASBQJ010375321.1_De,0.3845448680936043,0.8709899644284296,0.4864450963348253,1.6006576089306677,0.07824883597995812,FALSE,FALSE,FALSE,TRUE,one_sided_terminal_pileup_v1,retained
apalachicolae,D. apalachicolae,JASBQJ010457884.1_De_15_5337,0.396179576732536,-0.5183760229955399,1,1,5,no,JASBQJ010457884.1_De,0.3845448680936043,0.8709899644284296,0.4864450963348253,1.6006576089306677,0.05391751115018571,FALSE,FALSE,FALSE,TRUE,one_sided_terminal_pileup_v1,retained
apalachicolae,D. apalachicolae,JASBQJ010857421.1_De_18_6065,0.34964074217680907,-0.36933368160871466,1,1,5,no,JASBQJ010857421.1_De,0.3845448680936043,0.8709899644284296,0.4864450963348253,1.6006576089306677,0.047583872874911684,FALSE,FALSE,FALSE,TRUE,one_sided_terminal_pileup_v1,retained
apalachicolae,D. apalachicolae,JASBQJ010926064.1_De_16_10900,0.9697020860869549,0.2067767118493652,1,0.990379064845103,6,no,JASBQJ010926064.1_De,0.3845448680936043,0.8709899644284296,0.4864450963348253,1.6006576089306677,0.13197026325829267,FALSE,FALSE,FALSE,TRUE,one_sided_terminal_pileup_v1,retained
apalachicolae,D. apalachicolae,JASBQJ010943775.1_De_5_6444,0.8639238211398769,-1.5596501897210806,1,1,5,no,JASBQJ010943775.1_De,0.3845448680936043,0.8709899644284296,0.4864450963348253,1.6006576089306677,0.11757451669616809,FALSE,FALSE,FALSE,TRUE,one_sided_terminal_pileup_v1,retained
apalachicolae,D. apalachicolae,JASBQJ011003545.1_De_3867_9487,1.1239155213529226,0.31312454939324547,1,1,5,no,JASBQJ011003545.1_De,0.3845448680936043,0.8709899644284296,0.4864450963348253,1.6006576089306677,0.1529577272866937,FALSE,FALSE,FALSE,TRUE,one_sided_terminal_pileup_v1,retained
apalachicolae,D. apalachicolae,JASBQJ011105468.1_De_712_6921,0.2989971798665753,0.6563179350245828,1,1,6,no,JASBQJ011105468.1_De,0.3845448680936043,0.8709899644284296,0.4864450963348253,1.6006576089306677,0.04069160735717,FALSE,FALSE,FALSE,TRUE,one_sided_terminal_pileup_v1,retained
aureatus,D. aureatus,JAUEJG010004385.1_De_6_6023,0.496331661149055,-1.020248219207538,1,1,6,yes,JAUEJG010004385.1_De,0.6441229109094777,0.9884148502472951,0.34429193933781743,1.5048527592540213,0.021481136213864004,FALSE,FALSE,FALSE,TRUE,one_sided_terminal_pileup_v1,retained
aureatus,D. aureatus,JAUEJG010008696.1_De_168_6614,0.8876743588078422,1.646308348526481,1,1,5,no,JAUEJG010008696.1_De,0.6441229109094777,0.9884148502472951,0.34429193933781743,1.5048527592540213,0.03841837083485834,FALSE,FALSE,FALSE,TRUE,one_sided_terminal_pileup_v1,retained
aureatus,D. aureatus,JAUEJG010032935.1_De_8_5372,0.8437757435553772,-0.04751768078185073,1,1,6,yes,JAUEJG010032935.1_De,0.6441229109094777,0.9884148502472951,0.34429193933781743,1.5048527592540213,0.036518447441587214,FALSE,FALSE,FALSE,TRUE,one_sided_terminal_pileup_v1,retained
aureatus,D. aureatus,JAUEJG010044333.1_De_574_6773,0.6626433335087506,-0.11522123276623196,1,1,6,no,JAUEJG010044333.1_De,0.6441229109094777,0.9884148502472951,0.34429193933781743,1.5048527592540213,0.02867907252855188,FALSE,FALSE,FALSE,TRUE,one_sided_terminal_pileup_v1,retained
aureatus,D. aureatus,JAUEJG010097479.1_De_4764_9898,0.9416012301162412,-0.6827415716528663,1,0.979291778836198,6,yes,JAUEJG010097479.1_De,0.6441229109094777,0.9884148502472951,0.34429193933781743,1.5048527592540213,0.04075231516853515,FALSE,FALSE,FALSE,TRUE,one_sided_terminal_pileup_v1,retained
aureatus,D. aureatus,JAUEJG010101580.1_De_578_5225,0.7018634944081406,-0.392305965192127,1,1,5,no,JAUEJG010101580.1_De,0.6441229109094777,0.9884148502472951,0.34429193933781743,1.5048527592540213,0.030376513341936636,FALSE,FALSE,FALSE,TRUE,one_sided_terminal_pileup_v1,retained
aureatus,D. aureatus,JAUEJG010111871.1_De_11_5629,0.02812451219298691,0.18808308173891988,1,1,5,no,JAUEJG010111871.1_De,0.6441229109094777,0.9884148502472951,0.34429193933781743,1.5048527592540213,0.0012172233299954595,FALSE,FALSE,FALSE,TRUE,one_sided_terminal_pileup_v1,retained
aureatus,D. aureatus,JAUEJG010125598.1_De_6_5537,0.6407840441563301,0.46483684451856794,1,1,5,no,JAUEJG010125598.1_De,0.6441229109094777,0.9884148502472951,0.34429193933781743,1.5048527592540213,0.027733006805018282,FALSE,FALSE,FALSE,TRUE,one_sided_terminal_pileup_v1,retained
aureatus,D. aureatus,JAUEJG010125819.1_De_12_5496,3.7864516818656098,-2.9569876499429157,1,1,5,no,JAUEJG010125819.1_De,0.6441229109094777,0.9884148502472951,0.34429193933781743,1.5048527592540213,0.16387688054609706,TRUE,FALSE,FALSE,TRUE,one_sided_terminal_pileup_v1,retained
aureatus,D. aureatus,JAUEJG010128476.1_De_2644_9146,1.042857800960132,1.2841030597411411,1,1,5,no,JAUEJG010128476.1_De,0.6441229109094777,0.9884148502472951,0.34429193933781743,1.5048527592540213,0.04513467954523199,FALSE,FALSE,FALSE,TRUE,one_sided_terminal_pileup_v1,retained
aureatus,D. aureatus,JAUEJG010135122.1_De_6_6591,0.6545707379901193,0.19276866829617784,1,1,6,no,JAUEJG010135122.1_De,0.6441229109094777,0.9884148502472951,0.34429193933781743,1.5048527592540213,0.028329692189740352,FALSE,FALSE,FALSE,TRUE,one_sided_terminal_pileup_v1,retained
aureatus,D. aureatus,JAUEJG010192688.1_De_20_5522,1.2927808499428155,-1.2871737819570193,1,1,5,no,JAUEJG010192688.1_De,0.6441229109094777,0.9884148502472951,0.34429193933781743,1.5048527592540213,0.05595129971762305,FALSE,FALSE,FALSE,TRUE,one_sided_terminal_pileup_v1,retained
aureatus,D. aureatus,JAUEJG010225895.1_De_9_6407,0.846951273472891,-0.4604754466651303,1,1,6,no,JAUEJG010225895.1_De,0.6441229109094777,0.9884148502472951,0.34429193933781743,1.5048527592540213,0.03665588374889711,FALSE,FALSE,FALSE,TRUE,one_sided_terminal_pileup_v1,retained
aureatus,D. aureatus,JAUEJG010239187.1_De_1079_6664,3.0495578492718765,-0.3639630998436242,1,1,5,no,JAUEJG010239187.1_De,0.6441229109094777,0.9884148502472951,0.34429193933781743,1.5048527592540213,0.13198426108987316,TRUE,FALSE,FALSE,TRUE,one_sided_terminal_pileup_v1,retained
aureatus,D. aureatus,JAUEJG010266870.1_De_11_5459,0.7821588896892184,0.39623051325708136,1,1,6,yes,JAUEJG010266870.1_De,0.6441229109094777,0.9884148502472951,0.34429193933781743,1.5048527592540213,0.03385168218243681,FALSE,FALSE,FALSE,TRUE,one_sided_terminal_pileup_v1,retained
aureatus,D. aureatus,JAUEJG010316720.1_De_92_5623,1.7845870368170085,-2.6827716261804366,1,1,5,no,JAUEJG010316720.1_De,0.6441229109094777,0.9884148502472951,0.34429193933781743,1.5048527592540213,0.07723657429915516,TRUE,FALSE,FALSE,TRUE,one_sided_terminal_pileup_v1,retained
aureatus,D. aureatus,JAUEJG010443035.1_De_1769_7070,0.7990085734046057,-0.35088124261573067,1,1,6,yes,JAUEJG010443035.1_De,0.6441229109094777,0.9884148502472951,0.34429193933781743,1.5048527592540213,0.034580933163953505,FALSE,FALSE,FALSE,TRUE,one_sided_terminal_pileup_v1,retained
aureatus,D. aureatus,JAUEJG010553873.1_De_1529_7542,0.436106160932533,-0.2675747125949484,1,1,6,yes,JAUEJG010553873.1_De,0.6441229109094777,0.9884148502472951,0.34429193933781743,1.5048527592540213,0.018874588465722895,FALSE,FALSE,FALSE,TRUE,one_sided_terminal_pileup_v1,retained
aureatus,D. aureatus,JAUEJG010638089.1_De_8_6410,0.6474617776626254,-1.739564767005491,1,1,6,no,JAUEJG010638089.1_De,0.6441229109094777,0.9884148502472951,0.34429193933781743,1.5048527592540213,0.02802201779157619,FALSE,FALSE,FALSE,TRUE,one_sided_terminal_pileup_v1,retained
aureatus,D. aureatus,JAUEJG010662037.1_De_5733_11720,0.5307971442181094,-0.9644905626917804,1,1,6,yes,JAUEJG010662037.1_De,0.6441229109094777,0.9884148502472951,0.34429193933781743,1.5048527592540213,0.022972795510329158,FALSE,FALSE,FALSE,TRUE,one_sided_terminal_pileup_v1,retained
aureatus,D. aureatus,JAUEJG010662259.1_De_15_6437,1.0352284703783492,-0.6320070326334536,1,1,6,no,JAUEJG010662259.1_De,0.6441229109094777,0.9884148502472951,0.34429193933781743,1.5048527592540213,0.04480448362529317,FALSE,FALSE,FALSE,TRUE,one_sided_terminal_pileup_v1,retained
aureatus,D. aureatus,JAUEJG010686379.1_De_3976_10399,0.7061257967304242,-0.6951101547772545,1,1,5,no,JAUEJG010686379.1_De,0.6441229109094777,0.9884148502472951,0.34429193933781743,1.5048527592540213,0.030560984944166637,FALSE,FALSE,FALSE,TRUE,one_sided_terminal_pileup_v1,retained
aureatus,D. aureatus,JAUEJG010694344.1_De_26_5946,0.5080235191004006,-0.4618566640468285,0.999216914643696,1,5,no,JAUEJG010694344.1_De,0.6441229109094777,0.9884148502472951,0.34429193933781743,1.5048527592540213,0.02198715751555682,FALSE,FALSE,FALSE,TRUE,one_sided_terminal_pileup_v1,retained
auriculatus,D. auriculatus,JASBQM010004517.1_De_3486_9667,0.44830309631076626,0.5542456707545785,1,1,5,no,JASBQM010004517.1_De,0.44830309631076626,1.0304962821156445,0.5821931858048782,1.9037860608229618,0.04623040044163116,FALSE,FALSE,FALSE,TRUE,one_sided_terminal_pileup_v1,retained
auriculatus,D. auriculatus,JASBQM010014473.1_De_21_5632,0.4089028239531477,0.11439095116625655,1,1,5,no,JASBQM010014473.1_De,0.44830309631076626,1.0304962821156445,0.5821931858048782,1.9037860608229618,0.04216732261863221,FALSE,FALSE,FALSE,TRUE,one_sided_terminal_pileup_v1,retained
auriculatus,D. auriculatus,JASBQM010040795.1_De_78_5492,0.76910937356471,1.662455384398307,0.9971070395371264,1,6,yes,JASBQM010040795.1_De,0.44830309631076626,1.0304962821156445,0.5821931858048782,1.9037860608229618,0.07931293496724111,FALSE,FALSE,FALSE,TRUE,one_sided_terminal_pileup_v1,retained
auriculatus,D. auriculatus,JASBQM010054626.1_De_212_5382,0.7094433907699379,0.3524577058255359,1,1,5,no,JASBQM010054626.1_De,0.44830309631076626,1.0304962821156445,0.5821931858048782,1.9037860608229618,0.07315999446773214,FALSE,FALSE,FALSE,TRUE,one_sided_terminal_pileup_v1,retained
auriculatus,D. auriculatus,JASBQM010063031.1_De_24_5304,0.7070532412005757,-0.12245627153272014,1,1,6,no,JASBQM010063031.1_De,0.44830309631076626,1.0304962821156445,0.5821931858048782,1.9037860608229618,0.07291351485914516,FALSE,FALSE,FALSE,TRUE,one_sided_terminal_pileup_v1,retained
auriculatus,D. auriculatus,JASBQM010234735.1_De_10_6550,0.6729804534134326,-0.976938497284233,1,1,6,no,JASBQM010234735.1_De,0.44830309631076626,1.0304962821156445,0.5821931858048782,1.9037860608229618,0.06939982370571532,FALSE,FALSE,FALSE,TRUE,one_sided_terminal_pileup_v1,retained
auriculatus,D. auriculatus,JASBQM010302302.1_De_487_7205,0.2551579998379969,-0.76569311418026,0.9992982456140352,1,5,no,JASBQM010302302.1_De,0.44830309631076626,1.0304962821156445,0.5821931858048782,1.9037860608229618,0.02631268132089626,FALSE,FALSE,FALSE,TRUE,one_sided_terminal_pileup_v1,retained
auriculatus,D. auriculatus,JASBQM010386500.1_De_7_5633,0.7227051575782921,0.6709295113649496,1,1,5,no,JASBQM010386500.1_De,0.44830309631076626,1.0304962821156445,0.5821931858048782,1.9037860608229618,0.07452758883671848,FALSE,FALSE,FALSE,TRUE,one_sided_terminal_pileup_v1,retained
auriculatus,D. auriculatus,JASBQM010438580.1_De_414_5945,1.4282666928647862,2.0581801820548877,1,1,6,yes,JASBQM010438580.1_De,0.44830309631076626,1.0304962821156445,0.5821931858048782,1.9037860608229618,0.14728727437298667,FALSE,FALSE,FALSE,TRUE,one_sided_terminal_pileup_v1,retained
auriculatus,D. auriculatus,JASBQM010477354.1_De_13_6176,0.39847274841010655,0.14243744479507275,1,1,5,no,JASBQM010477354.1_De,0.44830309631076626,1.0304962821156445,0.5821931858048782,1.9037860608229618,0.04109174100217824,FALSE,FALSE,FALSE,TRUE,one_sided_terminal_pileup_v1,retained
auriculatus,D. auriculatus,JASBQM010740058.1_De_6_6289,1.0500472997707784,-0.8506710500286149,1,1,6,no,JASBQM010740058.1_De,0.44830309631076626,1.0304962821156445,0.5821931858048782,1.9037860608229618,0.10828412194906088,FALSE,FALSE,FALSE,TRUE,one_sided_terminal_pileup_v1,retained
auriculatus,D. auriculatus,JASBQM010774424.1_De_21_5246,1.0304962821156445,-1.9580596959107448,1,1,6,yes,JASBQM010774424.1_De,0.44830309631076626,1.0304962821156445,0.5821931858048782,1.9037860608229618,0.10626796060046363,FALSE,FALSE,FALSE,TRUE,one_sided_terminal_pileup_v1,retained
auriculatus,D. auriculatus,JASBQM010867463.1_De_10_6018,1.096210762478354,-0.8375337370193782,1,1,5,no,JASBQM010867463.1_De,0.44830309631076626,1.0304962821156445,0.5821931858048782,1.9037860608229618,0.11304464085759885,FALSE,FALSE,FALSE,TRUE,one_sided_terminal_pileup_v1,retained
bairdi,D. bairdi,JAVKLH010005631.1_De_1053_6615,0.7355514642078298,1.0075116943528013,1,1,5,no,JAVKLH010005631.1_De,0.35833248816156993,0.8080483490159475,0.44971586085437754,1.4826221402975137,0.039603534775230834,FALSE,FALSE,FALSE,TRUE,one_sided_terminal_pileup_v1,retained
bairdi,D. bairdi,JAVKLH010076530.1_De_340_6285,0.04442570632218214,-0.7203131766253642,1,1,5,no,JAVKLH010076530.1_De,0.35833248816156993,0.8080483490159475,0.44971586085437754,1.4826221402975137,0.0023919672393550024,FALSE,FALSE,FALSE,TRUE,one_sided_terminal_pileup_v1,retained
bairdi,D. bairdi,JAVKLH010093133.1_De_498_6508,0.8921073567421978,-0.37920344910586296,1,1,6,no,JAVKLH010093133.1_De,0.35833248816156993,0.8080483490159475,0.44971586085437754,1.4826221402975137,0.04803281136015282,FALSE,FALSE,FALSE,TRUE,one_sided_terminal_pileup_v1,retained
bairdi,D. bairdi,JAVKLH010094240.1_De_12_5668,0.5665271673710873,0.11924824230444354,1,1,5,no,JAVKLH010094240.1_De,0.35833248816156993,0.8080483490159475,0.44971586085437754,1.4826221402975137,0.030502934826263164,FALSE,FALSE,FALSE,TRUE,one_sided_terminal_pileup_v1,retained
bairdi,D. bairdi,JAVKLH010174933.1_De_7_6332,0.4426963534100221,-0.0706063074628912,1,1,5,no,JAVKLH010174933.1_De,0.35833248816156993,0.8080483490159475,0.44971586085437754,1.4826221402975137,0.023835640713493207,FALSE,FALSE,FALSE,TRUE,one_sided_terminal_pileup_v1,retained
bairdi,D. bairdi,JAVKLH010183443.1_De_12_5339,0.6777276205049731,-0.10821480743852312,1,1,5,no,JAVKLH010183443.1_De,0.35833248816156993,0.8080483490159475,0.44971586085437754,1.4826221402975137,0.03649018551775923,FALSE,FALSE,FALSE,TRUE,one_sided_terminal_pileup_v1,retained
bairdi,D. bairdi,JAVKLH010187868.1_De_479_6216,1.2421762232909552,1.4360927228786573,1,1,5,no,JAVKLH010187868.1_De,0.35833248816156993,0.8080483490159475,0.44971586085437754,1.4826221402975137,0.06688120634638331,FALSE,FALSE,FALSE,TRUE,one_sided_terminal_pileup_v1,retained
bairdi,D. bairdi,JAVKLH010191190.1_De_6_6182,0.3595279076684529,-0.7874485596825135,1,1,5,no,JAVKLH010191190.1_De,0.35833248816156993,0.8080483490159475,0.44971586085437754,1.4826221402975137,0.019357688328916777,FALSE,FALSE,FALSE,TRUE,one_sided_terminal_pileup_v1,retained
bairdi,D. bairdi,JAVKLH010192628.1_De_588_6121,0.14119415746957617,-3.522256125425417,1,1,6,yes,JAVKLH010192628.1_De,0.35833248816156993,0.8080483490159475,0.44971586085437754,1.4826221402975137,0.007602170612804083,FALSE,FALSE,FALSE,TRUE,one_sided_terminal_pileup_v1,retained
bairdi,D. bairdi,JAVKLH010198479.1_De_188_5231,0.8763324463595955,1.4980105113136115,1,1,6,yes,JAVKLH010198479.1_De,0.35833248816156993,0.8080483490159475,0.44971586085437754,1.4826221402975137,0.04718345921783009,FALSE,FALSE,FALSE,TRUE,one_sided_terminal_pileup_v1,retained
bairdi,D. bairdi,JAVKLH010201026.1_De_145_5816,0.4273760909084411,-1.0289777975897594,1,1,6,yes,JAVKLH010201026.1_De,0.35833248816156993,0.8080483490159475,0.44971586085437754,1.4826221402975137,0.023010767705592298,FALSE,FALSE,FALSE,TRUE,one_sided_terminal_pileup_v1,retained
bairdi,D. bairdi,JAVKLH010204567.1_De_18_5979,0.3894057243265376,-1.462866068370898,1,1,5,no,JAVKLH010204567.1_De,0.35833248816156993,0.8080483490159475,0.44971586085437754,1.4826221402975137,0.020966368630166366,FALSE,FALSE,FALSE,TRUE,one_sided_terminal_pileup_v1,retained
bairdi,D. bairdi,JAVKLH010256516.1_De_20_5706,0.6880344166172636,-0.16924810223448797,1,1,5,no,JAVKLH010256516.1_De,0.35833248816156993,0.8080483490159475,0.44971586085437754,1.4826221402975137,0.03704512365345299,FALSE,FALSE,FALSE,TRUE,one_sided_terminal_pileup_v1,retained
bairdi,D. bairdi,JAVKLH010260390.1_De_765_6792,0.5132115767897386,-0.5413861747934194,1,1,5,no,JAVKLH010260390.1_De,0.35833248816156993,0.8080483490159475,0.44971586085437754,1.4826221402975137,0.027632318766890037,FALSE,FALSE,FALSE,TRUE,one_sided_terminal_pileup_v1,retained
bairdi,D. bairdi,JAVKLH010267126.1_De_442_5147,1.0332295710792956,-0.6647511687203909,1,1,5,no,JAVKLH010267126.1_De,0.35833248816156993,0.8080483490159475,0.44971586085437754,1.4826221402975137,0.05563110841347454,FALSE,FALSE,FALSE,TRUE,one_sided_terminal_pileup_v1,retained
bairdi,D. bairdi,JAVKLH010278073.1_De_1775_7494,0.5199067778960906,0.6997818740563204,1,1,6,yes,JAVKLH010278073.1_De,0.35833248816156993,0.8080483490159475,0.44971586085437754,1.4826221402975137,0.027992801537634216,FALSE,FALSE,FALSE,TRUE,one_sided_terminal_pileup_v1,retained
bairdi,D. bairdi,JAVKLH010286469.1_De_7_5556,0.23788082505796648,0.323306805339345,1,1,5,no,JAVKLH010286469.1_De,0.35833248816156993,0.8080483490159475,0.44971586085437754,1.4826221402975137,0.012807970598889188,FALSE,FALSE,FALSE,TRUE,one_sided_terminal_pileup_v1,retained
bairdi,D. bairdi,JAVKLH010306822.1_De_2897_8517,0.35474622964092106,0.6761184705846518,0.9988776655443322,1,5,no,JAVKLH010306822.1_De,0.35833248816156993,0.8080483490159475,0.44971586085437754,1.4826221402975137,0.01910023339712453,FALSE,FALSE,FALSE,TRUE,one_sided_terminal_pileup_v1,retained
bairdi,D. bairdi,JAVKLH010320430.1_De_372_5384,0.25578700872366267,0.8673464453714611,1,0.9940685413005272,6,yes,JAVKLH010320430.1_De,0.35833248816156993,0.8080483490159475,0.44971586085437754,1.4826221402975137,0.013772074678621807,FALSE,FALSE,FALSE,TRUE,one_sided_terminal_pileup_v1,retained
bairdi,D. bairdi,JAVKLH010321866.1_De_7_5372,0.7204195997782543,-0.30145597706080934,1,1,5,no,JAVKLH010321866.1_De,0.35833248816156993,0.8080483490159475,0.44971586085437754,1.4826221402975137,0.03878880548936614,FALSE,FALSE,FALSE,TRUE,one_sided_terminal_pileup_v1,retained
bairdi,D. bairdi,JAVKLH010390907.1_De_1651_8139,0.5750257318061135,-0.4386624106118314,1,1,5,no,JAVKLH010390907.1_De,0.35833248816156993,0.8080483490159475,0.44971586085437754,1.4826221402975137,0.03096051421875962,FALSE,FALSE,FALSE,TRUE,one_sided_terminal_pileup_v1,retained
bairdi,D. bairdi,JAVKLH010403064.1_De_2440_8096,0.8072378666692536,0.5958873858031571,1,1,6,no,JAVKLH010403064.1_De,0.35833248816156993,0.8080483490159475,0.44971586085437754,1.4826221402975137,0.04346327140949851,FALSE,FALSE,FALSE,TRUE,one_sided_terminal_pileup_v1,retained
bairdi,D. bairdi,JAVKLH010422973.1_De_890_6454,1.0198163034226004,-0.2845580953073405,1,1,5,no,JAVKLH010422973.1_De,0.35833248816156993,0.8080483490159475,0.44971586085437754,1.4826221402975137,0.05490891175159513,FALSE,FALSE,FALSE,TRUE,one_sided_terminal_pileup_v1,retained
bairdi,D. bairdi,JAVKLH010450632.1_De_7_5980,0.6963487148425593,-0.9531466062564484,0.9976757699012202,1,5,no,JAVKLH010450632.1_De,0.35833248816156993,0.8080483490159475,0.44971586085437754,1.4826221402975137,0.03749278179148927,FALSE,FALSE,FALSE,TRUE,one_sided_terminal_pileup_v1,retained
bairdi,D. bairdi,JAVKLH010455064.1_De_1383_7906,0.4598196873719026,0.1487337541109632,1,1,5,no,JAVKLH010455064.1_De,0.35833248816156993,0.8080483490159475,0.44971586085437754,1.4826221402975137,0.02475759462838014,FALSE,FALSE,FALSE,TRUE,one_sided_terminal_pileup_v1,retained
bairdi,D. bairdi,JAVKLH010632105.1_De_442_6437,0.2760292492287205,-0.0903880130879504,1,1,5,no,JAVKLH010632105.1_De,0.35833248816156993,0.8080483490159475,0.44971586085437754,1.4826221402975137,0.014861956644439135,FALSE,FALSE,FALSE,TRUE,one_sided_terminal_pileup_v1,retained
bairdi,D. bairdi,JAVKLH010865670.1_De_1491_6959,0.3202267125775647,-0.5722568566273313,1,0.9804381846635368,5,no,JAVKLH010865670.1_De,0.35833248816156993,0.8080483490159475,0.44971586085437754,1.4826221402975137,0.017241634834051674,FALSE,FALSE,FALSE,TRUE,one_sided_terminal_pileup_v1,retained
bairdi,D. bairdi,JAVKLH010865671.1_De_9_5807,0.8994445319076964,-1.821752135210074,1,1,5,no,JAVKLH010865671.1_De,0.35833248816156993,0.8080483490159475,0.44971586085437754,1.4826221402975137,0.048427859274484314,FALSE,FALSE,FALSE,TRUE,one_sided_terminal_pileup_v1,retained
bairdi,D. bairdi,JAVKLH010926566.1_De_11_6107,0.28047829871249513,-0.33101403406197627,0.9975859987929994,1,6,yes,JAVKLH010926566.1_De,0.35833248816156993,0.8080483490159475,0.44971586085437754,1.4826221402975137,0.0151015022024609,FALSE,FALSE,FALSE,TRUE,one_sided_terminal_pileup_v1,retained
bairdi,D. bairdi,JAVKLH010969749.1_De_14_5986,0.8104797960560289,0.19698411619817377,1,1,6,no,JAVKLH010969749.1_De,0.35833248816156993,0.8080483490159475,0.44971586085437754,1.4826221402975137,0.04363782325183122,FALSE,FALSE,FALSE,TRUE,one_sided_terminal_pileup_v1,retained
bairdi,D. bairdi,JAVKLH010986370.1_De_6_5343,0.8628955367778054,1.314629546202957,1,1,5,no,JAVKLH010986370.1_De,0.35833248816156993,0.8080483490159475,0.44971586085437754,1.4826221402975137,0.04645998962829271,FALSE,FALSE,FALSE,TRUE,one_sided_terminal_pileup_v1,retained
bairdi,D. bairdi,JAVKLH010998550.1_De_20_6697,0.4468074190024406,0.222386897056001,1,1,5,no,JAVKLH010998550.1_De,0.35833248816156993,0.8080483490159475,0.44971586085437754,1.4826221402975137,0.024056988555316818,FALSE,FALSE,FALSE,TRUE,one_sided_terminal_pileup_v1,retained
balsameus,D. balsameus,JAUBNR010001177.1_De_976_6762,2.2451688963314336,0.33145371436371096,1,1,5,no,JAUBNR010001177.1_De,0.4367533431442249,0.803445286771415,0.3666919436271901,1.3534832022122,0.07196109331269984,TRUE,FALSE,FALSE,TRUE,one_sided_terminal_pileup_v1,retained
balsameus,D. balsameus,JAUBNR010002280.1_De_872_6728,2.219812274597448,-0.902781075753041,1,1,5,no,JAUBNR010002280.1_De,0.4367533431442249,0.803445286771415,0.3666919436271901,1.3534832022122,0.07114837484609554,TRUE,FALSE,FALSE,TRUE,one_sided_terminal_pileup_v1,retained
balsameus,D. balsameus,JAUBNR010009355.1_De_20_5634,0.3615541808241168,1.1098833765177163,1,1,6,yes,JAUBNR010009355.1_De,0.4367533431442249,0.803445286771415,0.3666919436271901,1.3534832022122,0.01158836388050525,FALSE,FALSE,FALSE,TRUE,one_sided_terminal_pileup_v1,retained
balsameus,D. balsameus,JAUBNR010014998.1_De_5_5403,0.7040521964918045,-1.2573661826687543,1,1,6,no,JAUBNR010014998.1_De,0.4367533431442249,0.803445286771415,0.3666919436271901,1.3534832022122,0.022565948553600005,FALSE,FALSE,FALSE,TRUE,one_sided_terminal_pileup_v1,retained
balsameus,D. balsameus,JAUBNR010030478.1_De_7_4823,0.6372606251839027,0.21633972511607455,0.9924812030075189,1,6,no,JAUBNR010030478.1_De,0.4367533431442249,0.803445286771415,0.3666919436271901,1.3534832022122,0.020425176648536054,FALSE,FALSE,FALSE,TRUE,one_sided_terminal_pileup_v1,retained
balsameus,D. balsameus,JAUBNR010044301.1_De_2168_8368,0.9934004190105612,0.4658964322783966,1,1,6,yes,JAUBNR010044301.1_De,0.4367533431442249,0.803445286771415,0.3666919436271901,1.3534832022122,0.031840001153633155,FALSE,FALSE,FALSE,TRUE,one_sided_terminal_pileup_v1,retained
balsameus,D. balsameus,JAUBNR010045408.1_De_11_5715,2.273754183957581,-1.6446731496982774,1,1,5,no,JAUBNR010045408.1_De,0.4367533431442249,0.803445286771415,0.3666919436271901,1.3534832022122,0.07287729545392704,TRUE,FALSE,FALSE,TRUE,one_sided_terminal_pileup_v1,retained
balsameus,D. balsameus,JAUBNR010068005.1_De_17_5096,0.4539891704047751,0.6453342317755032,1,1,5,no,JAUBNR010068005.1_De,0.4367533431442249,0.803445286771415,0.3666919436271901,1.3534832022122,0.014551046519410941,FALSE,FALSE,FALSE,TRUE,one_sided_terminal_pileup_v1,retained
balsameus,D. balsameus,JAUBNR010078728.1_De_16_5014,0.5044970936365124,0.34410149275624913,1,1,6,no,JAUBNR010078728.1_De,0.4367533431442249,0.803445286771415,0.3666919436271901,1.3534832022122,0.016169902625358522,FALSE,FALSE,FALSE,TRUE,one_sided_terminal_pileup_v1,retained
balsameus,D. balsameus,JAUBNR010079720.1_De_1601_7002,0.7168786822648575,-0.25312814541341866,1,1,6,no,JAUBNR010079720.1_De,0.4367533431442249,0.803445286771415,0.3666919436271901,1.3534832022122,0.022977057019024083,FALSE,FALSE,FALSE,TRUE,one_sided_terminal_pileup_v1,retained
balsameus,D. balsameus,JAUBNR010095207.1_De_7_6303,0.7962789851678438,-2.081708978922633,1,1,6,yes,JAUBNR010095207.1_De,0.4367533431442249,0.803445286771415,0.3666919436271901,1.3534832022122,0.02552195803542181,FALSE,FALSE,FALSE,TRUE,one_sided_terminal_pileup_v1,retained
balsameus,D. balsameus,JAUBNR010101846.1_De_2321_7939,5.122753668415022,1.024897862949158,1,1,5,no,JAUBNR010101846.1_De,0.4367533431442249,0.803445286771415,0.3666919436271901,1.3534832022122,0.16419208165280502,TRUE,FALSE,FALSE,TRUE,one_sided_terminal_pileup_v1,retained
balsameus,D. balsameus,JAUBNR010107383.1_De_1374_7159,0.6343688897478738,-0.4277116687077651,1,1,5,no,JAUBNR010107383.1_De,0.4367533431442249,0.803445286771415,0.3666919436271901,1.3534832022122,0.020332492109797016,FALSE,FALSE,FALSE,TRUE,one_sided_terminal_pileup_v1,retained
balsameus,D. balsameus,JAUBNR010153884.1_De_648_7223,0.6594800348345776,-0.33052514474661676,1,1,5,no,JAUBNR010153884.1_De,0.4367533431442249,0.803445286771415,0.3666919436271901,1.3534832022122,0.021137342674814947,FALSE,FALSE,FALSE,TRUE,one_sided_terminal_pileup_v1,retained
balsameus,D. balsameus,JAUBNR010166061.1_De_18_5955,0.6511481493272113,0.2646368136110655,1,1,5,no,JAUBNR010166061.1_De,0.4367533431442249,0.803445286771415,0.3666919436271901,1.3534832022122,0.02087029301478892,FALSE,FALSE,FALSE,TRUE,one_sided_terminal_pileup_v1,retained
balsameus,D. balsameus,JAUBNR010179337.1_De_1403_6622,0.6192385990276378,0.735163197574029,1,1,6,no,JAUBNR010179337.1_De,0.4367533431442249,0.803445286771415,0.3666919436271901,1.3534832022122,0.019847543176045864,FALSE,FALSE,FALSE,TRUE,one_sided_terminal_pileup_v1,retained
balsameus,D. balsameus,JAUBNR010276748.1_De_22_11456,0.10847318132258987,-0.1105109591462166,0.994550408719346,1,6,no,JAUBNR010276748.1_De,0.4367533431442249,0.803445286771415,0.3666919436271901,1.3534832022122,0.0034767311874999334,FALSE,FALSE,FALSE,TRUE,one_sided_terminal_pileup_v1,retained
balsameus,D. balsameus,JAUBNR010337653.1_De_7_5603,0.5090771195565981,-1.122978662731494,1,1,5,no,JAUBNR010337653.1_De,0.4367533431442249,0.803445286771415,0.3666919436271901,1.3534832022122,0.016316699453493993,FALSE,FALSE,FALSE,TRUE,one_sided_terminal_pileup_v1,retained
balsameus,D. balsameus,JAUBNR010350948.1_De_1478_6891,2.4943155516157005,0.6621350268197117,1,1,5,no,JAUBNR010350948.1_De,0.4367533431442249,0.803445286771415,0.3666919436271901,1.3534832022122,0.07994662426262243,TRUE,FALSE,FALSE,TRUE,one_sided_terminal_pileup_v1,retained
balsameus,D. balsameus,JAUBNR010360916.1_De_741_6464,0.7174225093712258,0.4032047125807761,1,1,5,no,JAUBNR010360916.1_De,0.4367533431442249,0.803445286771415,0.3666919436271901,1.3534832022122,0.02299448750864617,FALSE,FALSE,FALSE,TRUE,one_sided_terminal_pileup_v1,retained
balsameus,D. balsameus,JAUBNR010365354.1_De_571_6564,0.6429563314696816,-0.24310358260865161,1,1,5,no,JAUBNR010365354.1_De,0.4367533431442249,0.803445286771415,0.3666919436271901,1.3534832022122,0.020607732736936522,FALSE,FALSE,FALSE,TRUE,one_sided_terminal_pileup_v1,retained
balsameus,D. balsameus,JAUBNR010445143.1_De_5_6329,0.46062016176998377,-0.5022860538378288,1,1,5,no,JAUBNR010445143.1_De,0.4367533431442249,0.803445286771415,0.3666919436271901,1.3534832022122,0.014763579923542445,FALSE,FALSE,FALSE,TRUE,one_sided_terminal_pileup_v1,retained
balsameus,D. balsameus,JAUBNR010448468.1_De_84_5094,0.4752863380072331,1.0452199335179289,1,0.9790532048596564,5,no,JAUBNR010448468.1_De,0.4367533431442249,0.803445286771415,0.3666919436271901,1.3534832022122,0.01523365327903641,FALSE,FALSE,FALSE,TRUE,one_sided_terminal_pileup_v1,retained
balsameus,D. balsameus,JAUBNR010454003.1_De_1427_7921,0.4288707540150043,1.7769184090414434,1,1,5,no,JAUBNR010454003.1_De,0.4367533431442249,0.803445286771415,0.3666919436271901,1.3534832022122,0.013745962898020565,FALSE,FALSE,FALSE,TRUE,one_sided_terminal_pileup_v1,retained
balsameus,D. balsameus,JAUBNR010492796.1_De_884_6449,0.8058340539726054,-0.06949384093037099,1,1,5,no,JAUBNR010492796.1_De,0.4367533431442249,0.803445286771415,0.3666919436271901,1.3534832022122,0.025828212588917644,FALSE,FALSE,FALSE,TRUE,one_sided_terminal_pileup_v1,retained
balsameus,D. balsameus,JAUBNR010493903.1_De_12_5888,0.48337164227160295,0.01802458651940973,1,1,5,no,JAUBNR010493903.1_De,0.4367533431442249,0.803445286771415,0.3666919436271901,1.3534832022122,0.015492799633495794,FALSE,FALSE,FALSE,TRUE,one_sided_terminal_pileup_v1,retained
balsameus,D. balsameus,JAUBNR010521604.1_De_18_6450,0.2690779759676711,1.0615702987566489,1,1,5,no,JAUBNR010521604.1_De,0.4367533431442249,0.803445286771415,0.3666919436271901,1.3534832022122,0.008624360229041577,FALSE,FALSE,FALSE,TRUE,one_sided_terminal_pileup_v1,retained
balsameus,D. balsameus,JAUBNR010552617.1_De_11_6380,0.4310080673907082,0.946469849468125,1,1,6,yes,JAUBNR010552617.1_De,0.4367533431442249,0.803445286771415,0.3666919436271901,1.3534832022122,0.013814467057114707,FALSE,FALSE,FALSE,TRUE,one_sided_terminal_pileup_v1,retained
balsameus,D. balsameus,JAUBNR010569814.1_De_584_6226,0.41458987669608827,0.34831829789383334,0.9874826147426982,1,6,yes,JAUBNR010569814.1_De,0.4367533431442249,0.803445286771415,0.3666919436271901,1.3534832022122,0.013288238961521657,FALSE,FALSE,FALSE,TRUE,one_sided_terminal_pileup_v1,retained
balsameus,D. balsameus,JAUBNR010571138.1_De_1368_6714,1.069317416824654,0.8567147059088736,1,1,5,no,JAUBNR010571138.1_De,0.4367533431442249,0.803445286771415,0.3666919436271901,1.3534832022122,0.03427325692011314,FALSE,FALSE,FALSE,TRUE,one_sided_terminal_pileup_v1,retained
balsameus,D. balsameus,JAUBNR010579433.1_De_149_5926,0.2845014548949327,0.5237591333863326,1,1,5,no,JAUBNR010579433.1_De,0.4367533431442249,0.803445286771415,0.3666919436271901,1.3534832022122,0.009118706292762964,FALSE,FALSE,FALSE,TRUE,one_sided_terminal_pileup_v1,retained
balsameus,D. balsameus,JAUBNR010584525.1_De_5_5830,0.40489844948473824,-0.8763209694672764,1,1,5,no,JAUBNR010584525.1_De,0.4367533431442249,0.803445286771415,0.3666919436271901,1.3534832022122,0.012977613912765303,FALSE,FALSE,FALSE,TRUE,one_sided_terminal_pileup_v1,retained
balsameus,D. balsameus,JAUBNR010593262.1_De_933_7546,1.520970364371408,-0.14643143247826984,1,1,5,no,JAUBNR010593262.1_De,0.4367533431442249,0.803445286771415,0.3666919436271901,1.3534832022122,0.04874942392762633,TRUE,FALSE,FALSE,TRUE,one_sided_terminal_pileup_v1,retained
balsameus,D. balsameus,JAUBNR010597025.1_De_10_5800,0.08553347493656253,1.0379449102403908,1,1,5,no,JAUBNR010597025.1_De,0.4367533431442249,0.803445286771415,0.3666919436271901,1.3534832022122,0.0027414785503784354,FALSE,FALSE,FALSE,TRUE,one_sided_terminal_pileup_v1,retained
campi,D. campi,JAVSBW010043954.1_De_2731_8896,2.203591072231693,-0.4362200865530135,1,1,6,yes,JAVSBW010043954.1_De,0.4977076512695292,1.2097224674354192,0.71201481616589,2.277744691684254,0.06293985117850706,FALSE,FALSE,FALSE,TRUE,one_sided_terminal_pileup_v1,retained
campi,D. campi,JAVSBW010046393.1_De_9_5446,0.681557875595686,1.2226132640426663,1,1,6,yes,JAVSBW010046393.1_De,0.4977076512695292,1.2097224674354192,0.71201481616589,2.277744691684254,0.0194669291412983,FALSE,FALSE,FALSE,TRUE,one_sided_terminal_pileup_v1,retained
campi,D. campi,JAVSBW010061548.1_De_452_5829,0.511500101350991,0.0046459876391629,1,1,5,no,JAVSBW010061548.1_De,0.4977076512695292,1.2097224674354192,0.71201481616589,2.277744691684254,0.01460967085159696,FALSE,FALSE,FALSE,TRUE,one_sided_terminal_pileup_v1,retained
campi,D. campi,JAVSBW010062322.1_De_21_5986,1.1066170918588802,2.403151143156108,1,1,5,no,JAVSBW010062322.1_De,0.4977076512695292,1.2097224674354192,0.71201481616589,2.277744691684254,0.03160764079637138,FALSE,FALSE,FALSE,TRUE,one_sided_terminal_pileup_v1,retained
campi,D. campi,JAVSBW010066083.1_De_8_5908,1.2954959697880315,-1.6987452652020392,1,1,5,no,JAVSBW010066083.1_De,0.4977076512695292,1.2097224674354192,0.71201481616589,2.277744691684254,0.03700247499107728,FALSE,FALSE,FALSE,TRUE,one_sided_terminal_pileup_v1,retained
campi,D. campi,JAVSBW010066195.1_De_321_5957,0.03004757036017671,1.0601003480913405,1,1,6,yes,JAVSBW010066195.1_De,0.4977076512695292,1.2097224674354192,0.71201481616589,2.277744691684254,8.582307446135796e-4,FALSE,FALSE,FALSE,TRUE,one_sided_terminal_pileup_v1,retained
campi,D. campi,JAVSBW010067191.1_De_1963_8293,1.092129366666156,0.8943711377556275,1,1,6,yes,JAVSBW010067191.1_De,0.4977076512695292,1.2097224674354192,0.71201481616589,2.277744691684254,0.03119383658422158,FALSE,FALSE,FALSE,TRUE,one_sided_terminal_pileup_v1,retained
campi,D. campi,JAVSBW010088498.1_De_141_5675,0.9718628152775732,-0.11519329715125758,1,1,6,no,JAVSBW010088498.1_De,0.4977076512695292,1.2097224674354192,0.71201481616589,2.277744691684254,0.02775873515295485,FALSE,FALSE,FALSE,TRUE,one_sided_terminal_pileup_v1,retained
campi,D. campi,JAVSBW010106735.1_De_9_5600,2.661580213720954,0.2317563807702696,1,1,5,no,JAVSBW010106735.1_De,0.4977076512695292,1.2097224674354192,0.71201481616589,2.277744691684254,0.07602112055282566,TRUE,FALSE,FALSE,TRUE,one_sided_terminal_pileup_v1,retained
campi,D. campi,JAVSBW010117558.1_De_11_5548,0.4673431944095665,-0.8252931354707074,1,1,5,no,JAVSBW010117558.1_De,0.4977076512695292,1.2097224674354192,0.71201481616589,2.277744691684254,0.01334844358197394,FALSE,FALSE,FALSE,TRUE,one_sided_terminal_pileup_v1,retained
campi,D. campi,JAVSBW010128515.1_De_16_5485,0.6788051714873998,0.04333296478332179,0.9956140350877192,1,6,yes,JAVSBW010128515.1_De,0.4977076512695292,1.2097224674354192,0.71201481616589,2.277744691684254,0.019388305303555786,FALSE,FALSE,FALSE,TRUE,one_sided_terminal_pileup_v1,retained
campi,D. campi,JAVSBW010139020.1_De_92_5415,0.4537515926316158,1.128338635005255,1,1,5,no,JAVSBW010139020.1_De,0.4977076512695292,1.2097224674354192,0.71201481616589,2.277744691684254,0.012960234805871308,FALSE,FALSE,FALSE,TRUE,one_sided_terminal_pileup_v1,retained
campi,D. campi,JAVSBW010158926.1_De_1530_8325,0.5058766483333599,-0.39952475774885576,1,1,5,no,JAVSBW010158926.1_De,0.4977076512695292,1.2097224674354192,0.71201481616589,2.277744691684254,0.014449051533203836,FALSE,FALSE,FALSE,TRUE,one_sided_terminal_pileup_v1,retained
campi,D. campi,JAVSBW010166658.1_De_1139_6001,1.411212982266906,1.400717543690001,1,1,6,no,JAVSBW010166658.1_De,0.4977076512695292,1.2097224674354192,0.71201481616589,2.277744691684254,0.04030763066901607,FALSE,FALSE,FALSE,TRUE,one_sided_terminal_pileup_v1,retained
campi,D. campi,JAVSBW010286073.1_De_831_6303,0.46114288314534624,-2.9481127349233893,1,0.9807729282830224,5,no,JAVSBW010286073.1_De,0.4977076512695292,1.2097224674354192,0.71201481616589,2.277744691684254,0.01317134780719608,FALSE,FALSE,FALSE,TRUE,one_sided_terminal_pileup_v1,retained
campi,D. campi,JAVSBW010288280.1_De_67_5680,0.3792115972252948,-0.7109859584020429,0.9921146953405018,1,5,no,JAVSBW010288280.1_De,0.4977076512695292,1.2097224674354192,0.71201481616589,2.277744691684254,0.010831193589086435,FALSE,FALSE,FALSE,TRUE,one_sided_terminal_pileup_v1,retained
campi,D. campi,JAVSBW010307085.1_De_17_6098,0.4542834554785328,-0.5537519573495671,0.996341463414634,1,5,no,JAVSBW010307085.1_De,0.4977076512695292,1.2097224674354192,0.71201481616589,2.277744691684254,0.012975426085621064,FALSE,FALSE,FALSE,TRUE,one_sided_terminal_pileup_v1,retained
campi,D. campi,JAVSBW010313727.1_De_14_7035,0.9816317288100316,-0.8080875830771487,1,1,6,no,JAVSBW010313727.1_De,0.4977076512695292,1.2097224674354192,0.71201481616589,2.277744691684254,0.028037758775648118,FALSE,FALSE,FALSE,TRUE,one_sided_terminal_pileup_v1,retained
campi,D. campi,JAVSBW010321469.1_De_1157_6679,2.8691275838631003,0.20305494861876175,1,1,5,no,JAVSBW010321469.1_De,0.4977076512695292,1.2097224674354192,0.71201481616589,2.277744691684254,0.08194917170253721,TRUE,FALSE,FALSE,TRUE,one_sided_terminal_pileup_v1,retained
campi,D. campi,JAVSBW010349118.1_De_1780_7467,0.5334066652917455,-0.29749750059399543,1,1,6,yes,JAVSBW010349118.1_De,0.4977076512695292,1.2097224674354192,0.71201481616589,2.277744691684254,0.015235374908778113,FALSE,FALSE,FALSE,TRUE,one_sided_terminal_pileup_v1,retained
campi,D. campi,JAVSBW010354659.1_De_6_10616,1.2884743186824594,-1.1939191221800605,1,1,5,no,JAVSBW010354659.1_De,0.4977076512695292,1.2097224674354192,0.71201481616589,2.277744691684254,0.03680191977864192,FALSE,FALSE,FALSE,TRUE,one_sided_terminal_pileup_v1,retained
campi,D. campi,JAVSBW010454210.1_De_4145_9931,0.4977076512695292,-0.6658123051465804,1,1,5,no,JAVSBW010454210.1_De,0.4977076512695292,1.2097224674354192,0.71201481616589,2.277744691684254,0.014215725365770033,FALSE,FALSE,FALSE,TRUE,one_sided_terminal_pileup_v1,retained
campi,D. campi,JAVSBW010474141.1_De_5_6313,0.7550183807195155,-0.7383680160820001,1,1,6,yes,JAVSBW010474141.1_De,0.4977076512695292,1.2097224674354192,0.71201481616589,2.277744691684254,0.0215651375240856,FALSE,FALSE,FALSE,TRUE,one_sided_terminal_pileup_v1,retained
campi,D. campi,JAVSBW010623606.1_De_1055_6733,0.9462400001929204,-0.39232662126701134,0.9975247524752476,1,5,no,JAVSBW010623606.1_De,0.4977076512695292,1.2097224674354192,0.71201481616589,2.277744691684254,0.027026886041509143,FALSE,FALSE,FALSE,TRUE,one_sided_terminal_pileup_v1,retained
campi,D. campi,JAVSBW010700022.1_De_13_6195,0.5326104662450497,-0.3070793896872893,1,1,6,no,JAVSBW010700022.1_De,0.4977076512695292,1.2097224674354192,0.71201481616589,2.277744691684254,0.015212633552571424,FALSE,FALSE,FALSE,TRUE,one_sided_terminal_pileup_v1,retained
campi,D. campi,JAVSBW010731036.1_De_312_6774,0.6240487303113114,0.09085815895114877,1,1,6,yes,JAVSBW010731036.1_De,0.4977076512695292,1.2097224674354192,0.71201481616589,2.277744691684254,0.017824329889915464,FALSE,FALSE,FALSE,TRUE,one_sided_terminal_pileup_v1,retained
campi,D. campi,JAVSBW010778675.1_De_1225_6633,0.1402842793099249,0.7447604720419343,0.976271186440678,1,6,yes,JAVSBW010778675.1_De,0.4977076512695292,1.2097224674354192,0.71201481616589,2.277744691684254,0.0040068557972095615,FALSE,FALSE,FALSE,TRUE,one_sided_terminal_pileup_v1,retained
campi,D. campi,JAVSBW010808575.1_De_401_13346,1.9904543820782432,1.690573471425782,1,1,5,no,JAVSBW010808575.1_De,0.4977076512695292,1.2097224674354192,0.71201481616589,2.277744691684254,0.05685215563100613,FALSE,FALSE,FALSE,TRUE,one_sided_terminal_pileup_v1,retained
campi,D. campi,JAVSBW010854006.1_De_1403_6517,0.7962783353810733,-0.5801667633999056,1,1,6,yes,JAVSBW010854006.1_De,0.4977076512695292,1.2097224674354192,0.71201481616589,2.277744691684254,0.02274362088188954,FALSE,FALSE,FALSE,TRUE,one_sided_terminal_pileup_v1,retained
campi,D. campi,JAVSBW010897227.1_De_61_6007,1.2097224674354192,0.5910456109124088,1,1,5,no,JAVSBW010897227.1_De,0.4977076512695292,1.2097224674354192,0.71201481616589,2.277744691684254,0.03455257784765433,FALSE,FALSE,FALSE,TRUE,one_sided_terminal_pileup_v1,retained
campi,D. campi,JAVSBW010898336.1_De_276_6435,0.4390884224749037,-0.38950001901101033,1,1,6,yes,JAVSBW010898336.1_De,0.4977076512695292,1.2097224674354192,0.71201481616589,2.277744691684254,0.012541419464359728,FALSE,FALSE,FALSE,TRUE,one_sided_terminal_pileup_v1,retained
campi,D. campi,JAVSBW010951507.1_De_1094_6391,5.537373557996343,1.7746838548694257,1,1,5,no,JAVSBW010951507.1_De,0.4977076512695292,1.2097224674354192,0.71201481616589,2.277744691684254,0.15816068237521216,TRUE,FALSE,FALSE,TRUE,one_sided_terminal_pileup_v1,retained
campi,D. campi,JAVSBW011019102.1_De_3422_9691,0.5035860692018526,0.04779861167573501,1,1,6,no,JAVSBW011019102.1_De,0.4977076512695292,1.2097224674354192,0.71201481616589,2.277744691684254,0.0143836270942204,FALSE,FALSE,FALSE,TRUE,one_sided_terminal_pileup_v1,retained
carolinensis,D. carolinensis,JASAFM010007931.1_De_116_5272,0.4266614416626121,-1.9371932089645112,0.9878640776699028,1,6,yes,JASAFM010007931.1_De,0.4474466808969878,0.8551327397923503,0.40768605889536247,1.466661828135394,0.014372792307644008,FALSE,FALSE,FALSE,TRUE,one_sided_terminal_pileup_v1,retained
carolinensis,D. carolinensis,JASAFM010016679.1_De_685_5413,0.4474466808969878,0.5387633578604888,1,0.973045822102426,5,no,JASAFM010016679.1_De,0.4474466808969878,0.8551327397923503,0.40768605889536247,1.466661828135394,0.01507297727260414,FALSE,FALSE,FALSE,TRUE,one_sided_terminal_pileup_v1,retained
carolinensis,D. carolinensis,JASAFM010017454.1_De_8_5290,0.5429138384233395,0.8712260044471893,1,1,6,no,JASAFM010017454.1_De,0.4474466808969878,0.8551327397923503,0.40768605889536247,1.466661828135394,0.018288945469731303,FALSE,FALSE,FALSE,TRUE,one_sided_terminal_pileup_v1,retained
carolinensis,D. carolinensis,JASAFM010049871.1_De_8_6462,0.4327481664076937,-0.45783792593146894,1,1,5,no,JASAFM010049871.1_De,0.4474466808969878,0.8551327397923503,0.40768605889536247,1.466661828135394,0.01457783364030803,FALSE,FALSE,FALSE,TRUE,one_sided_terminal_pileup_v1,retained
carolinensis,D. carolinensis,JASAFM010063156.1_De_1298_7186,0.5731236968242556,1.0022381095407364,1,1,5,no,JASAFM010063156.1_De,0.4474466808969878,0.8551327397923503,0.40768605889536247,1.466661828135394,0.019306614230113567,FALSE,FALSE,FALSE,TRUE,one_sided_terminal_pileup_v1,retained
carolinensis,D. carolinensis,JASAFM010084175.1_De_168_6255,0.6604383667266445,-0.82805967720008955,1,1,5,no,JASAFM010084175.1_De,0.4474466808969878,0.8551327397923503,0.40768605889536247,1.466661828135394,0.022247952474852128,FALSE,FALSE,FALSE,TRUE,one_sided_terminal_pileup_v1,retained
carolinensis,D. carolinensis,JASAFM010089706.1_De_916_6274,0.3016830409948091,-0.4965305016473034,0.9837251356238698,1,5,no,JASAFM010089706.1_De,0.4474466808969878,0.8551327397923503,0.40768605889536247,1.466661828135394,0.01016268935402326,FALSE,FALSE,FALSE,TRUE,one_sided_terminal_pileup_v1,retained
carolinensis,D. carolinensis,JASAFM010095231.1_De_5_6636,0.9436899488782756,0.5852032167310565,1,1,5,no,JASAFM010095231.1_De,0.4474466808969878,0.8551327397923503,0.40768605889536247,1.466661828135394,0.031789747827187353,FALSE,FALSE,FALSE,TRUE,one_sided_terminal_pileup_v1,retained
carolinensis,D. carolinensis,JASAFM010099657.1_De_4104_9980,3.653938169592756,-0.3761545292705507,1,1,5,no,JASAFM010099657.1_De,0.4474466808969878,0.8551327397923503,0.40768605889536247,1.466661828135394,0.12308891614831766,TRUE,FALSE,FALSE,TRUE,one_sided_terminal_pileup_v1,retained
carolinensis,D. carolinensis,JASAFM010124003.1_De_395_6501,0.8411511063209745,-0.2387352245361378,1,1,5,no,JASAFM010124003.1_De,0.4474466808969878,0.8551327397923503,0.40768605889536247,1.466661828135394,0.02833555829039837,FALSE,FALSE,FALSE,TRUE,one_sided_terminal_pileup_v1,retained
carolinensis,D. carolinensis,JASAFM010143933.1_De_901_7248,0.8113171770933132,0.5096010777187181,1,1,5,no,JASAFM010143933.1_De,0.4474466808969878,0.8551327397923503,0.40768605889536247,1.466661828135394,0.027330553322433157,FALSE,FALSE,FALSE,TRUE,one_sided_terminal_pileup_v1,retained
carolinensis,D. carolinensis,JASAFM010156110.1_De_772_6042,0.2397562321473602,-0.2459957569615484,1,1,6,yes,JASAFM010156110.1_De,0.4474466808969878,0.8551327397923503,0.40768605889536247,1.466661828135394,0.008076582959287497,FALSE,FALSE,FALSE,TRUE,one_sided_terminal_pileup_v1,retained
carolinensis,D. carolinensis,JASAFM010192652.1_De_1222_6736,0.7890228634845398,-0.0488156266350938,1,1,6,no,JASAFM010192652.1_De,0.4474466808969878,0.8551327397923503,0.40768605889536247,1.466661828135394,0.026579532705496865,FALSE,FALSE,FALSE,TRUE,one_sided_terminal_pileup_v1,retained
carolinensis,D. carolinensis,JASAFM010242480.1_De_1426_7022,2.028270895928736,-2.414155541533684,0.993127147766323,1,6,yes,JASAFM010242480.1_De,0.4474466808969878,0.8551327397923503,0.40768605889536247,1.466661828135394,0.06832564062321574,TRUE,FALSE,FALSE,TRUE,one_sided_terminal_pileup_v1,retained
carolinensis,D. carolinensis,JASAFM010286783.1_De_1230_6693,0.545960806109875,-0.4624645396176359,1,1,5,no,JASAFM010286783.1_De,0.4474466808969878,0.8551327397923503,0.40768605889536247,1.466661828135394,0.018391587586994166,FALSE,FALSE,FALSE,TRUE,one_sided_terminal_pileup_v1,retained
carolinensis,D. carolinensis,JASAFM010293425.1_De_1295_6820,0.2644113876673597,0.05234877848584832,1,1,5,no,JASAFM010293425.1_De,0.4474466808969878,0.8551327397923503,0.40768605889536247,1.466661828135394,0.008907132418410717,FALSE,FALSE,FALSE,TRUE,one_sided_terminal_pileup_v1,retained
carolinensis,D. carolinensis,JASAFM010332208.1_De_534_6445,0.2695449666036148,-0.3843713479692788,1,0.981262881768784,5,no,JASAFM010332208.1_De,0.4474466808969878,0.8551327397923503,0.40768605889536247,1.466661828135394,0.009080065467055025,FALSE,FALSE,FALSE,TRUE,one_sided_terminal_pileup_v1,retained
carolinensis,D. carolinensis,JASAFM010373206.1_De_937_6591,0.8720291672379349,1.2190631508835124,1,1,5,no,JASAFM010373206.1_De,0.4474466808969878,0.8551327397923503,0.40768605889536247,1.466661828135394,0.02937573655139341,FALSE,FALSE,FALSE,TRUE,one_sided_terminal_pileup_v1,retained
carolinensis,D. carolinensis,JASAFM010374313.1_De_6_5808,0.8551327397923503,-1.3584341821198973,1,1,5,no,JASAFM010374313.1_De,0.4474466808969878,0.8551327397923503,0.40768605889536247,1.466661828135394,0.028806552606694232,FALSE,FALSE,FALSE,TRUE,one_sided_terminal_pileup_v1,retained
carolinensis,D. carolinensis,JASAFM010376530.1_De_3053_8688,1.285129048759892,0.3618402608151662,1,1,6,yes,JASAFM010376530.1_De,0.4474466808969878,0.8551327397923503,0.40768605889536247,1.466661828135394,0.043291685403697974,FALSE,FALSE,FALSE,TRUE,one_sided_terminal_pileup_v1,retained
carolinensis,D. carolinensis,JASAFM010395369.1_De_13_6512,0.5696337783608527,0.5164960034583105,1,1,5,no,JASAFM010395369.1_De,0.4474466808969878,0.8551327397923503,0.40768605889536247,1.466661828135394,0.019189050587498858,FALSE,FALSE,FALSE,TRUE,one_sided_terminal_pileup_v1,retained
carolinensis,D. carolinensis,JASAFM010431925.1_De_9_5650,0.5666912437465761,-1.4716209147515809,1,1,5,no,JASAFM010431925.1_De,0.4474466808969878,0.8551327397923503,0.40768605889536247,1.466661828135394,0.01908992647001534,FALSE,FALSE,FALSE,TRUE,one_sided_terminal_pileup_v1,retained
carolinensis,D. carolinensis,JASAFM010502834.1_De_435_6263,0.5386478147089534,-0.21159548467904943,1,1,6,no,JASAFM010502834.1_De,0.4474466808969878,0.8551327397923503,0.40768605889536247,1.466661828135394,0.018145237445431228,FALSE,FALSE,FALSE,TRUE,one_sided_terminal_pileup_v1,retained
carolinensis,D. carolinensis,JASAFM010543830.1_De_13_5538,2.5383797242250576,-0.8452629828004304,1,1,5,no,JASAFM010543830.1_De,0.4474466808969878,0.8551327397923503,0.40768605889536247,1.466661828135394,0.08550949537894098,TRUE,FALSE,FALSE,TRUE,one_sided_terminal_pileup_v1,retained
carolinensis,D. carolinensis,JASAFM010563249.1_De_345_5922,0.5323841043224375,-0.00537748839370751,1,1,5,no,JASAFM010563249.1_De,0.4474466808969878,0.8551327397923503,0.40768605889536247,1.466661828135394,0.017934234060382397,FALSE,FALSE,FALSE,TRUE,one_sided_terminal_pileup_v1,retained
carolinensis,D. carolinensis,JASAFM010563360.1_De_702_6079,1.1059643630269829,0.9608447984325892,1,1,5,no,JASAFM010563360.1_De,0.4474466808969878,0.8551327397923503,0.40768605889536247,1.466661828135394,0.03725622832825007,FALSE,FALSE,FALSE,TRUE,one_sided_terminal_pileup_v1,retained
carolinensis,D. carolinensis,JASAFM010563692.1_De_14_6071,0.7778009874558236,0.62742196015732965,1,1,6,no,JASAFM010563692.1_De,0.4474466808969878,0.8551327397923503,0.40768605889536247,1.466661828135394,0.02620150535708133,FALSE,FALSE,FALSE,TRUE,one_sided_terminal_pileup_v1,retained
carolinensis,D. carolinensis,JASAFM010571103.1_De_117_7406,0.6157837910710777,-0.7298695788941615,1,1,5,no,JASAFM010571103.1_De,0.4474466808969878,0.8551327397923503,0.40768605889536247,1.466661828135394,0.020743689659392564,FALSE,FALSE,FALSE,TRUE,one_sided_terminal_pileup_v1,retained
carolinensis,D. carolinensis,JASAFM010580500.1_De_8_5735,0.6357280850847123,0.16264430491089435,1,1,5,no,JASAFM010580500.1_De,0.4474466808969878,0.8551327397923503,0.40768605889536247,1.466661828135394,0.021415546001656637,FALSE,FALSE,FALSE,TRUE,one_sided_terminal_pileup_v1,retained
carolinensis,D. carolinensis,JASAFM010582606.1_De_12_5751,0.5835191587179164,1.310543623506883,1,1,5,no,JASAFM010582606.1_De,0.4474466808969878,0.8551327397923503,0.40768605889536247,1.466661828135394,0.019656802459350753,FALSE,FALSE,FALSE,TRUE,one_sided_terminal_pileup_v1,retained
carolinensis,D. carolinensis,JASAFM010583268.1_De_1666_7218,0.17612274539032177,-0.21489221752267412,1,1,5,no,JASAFM010583268.1_De,0.4474466808969878,0.8551327397923503,0.40768605889536247,1.466661828135394,0.005932984312533397,FALSE,FALSE,FALSE,TRUE,one_sided_terminal_pileup_v1,retained
carolinensis,D. carolinensis,JASAFM010584374.1_De_18_5662,1.3501472823426026,-3.836826874456935,1,1,5,no,JASAFM010584374.1_De,0.4474466808969878,0.8551327397923503,0.40768605889536247,1.466661828135394,0.045481931524492605,FALSE,FALSE,FALSE,TRUE,one_sided_terminal_pileup_v1,retained
carolinensis,D. carolinensis,JASAFM010584596.1_De_111_5737,1.1521823242310052,-1.5440211198761291,1,1,5,no,JASAFM010584596.1_De,0.4474466808969878,0.8551327397923503,0.40768605889536247,1.466661828135394,0.03881315635689872,FALSE,FALSE,FALSE,TRUE,one_sided_terminal_pileup_v1,retained
carolinensis,D. carolinensis,JASAFM010585590.1_De_10_5715,0.07571382525259072,1.16572574415587,0.9867109634551496,1,5,no,JASAFM010585590.1_De,0.4474466808969878,0.8551327397923503,0.40768605889536247,1.466661828135394,0.0025505447151075384,FALSE,FALSE,FALSE,TRUE,one_sided_terminal_pileup_v1,retained
carolinensis,D. carolinensis,JASAFM010587251.1_De_23_5603,0.3691577944000021,-0.8797787980243906,1,1,5,no,JASAFM010587251.1_De,0.4474466808969878,0.8551327397923503,0.40768605889536247,1.466661828135394,0.012435687384787935,FALSE,FALSE,FALSE,TRUE,one_sided_terminal_pileup_v1,retained
carolinensis,D. carolinensis,JASAFM010598750.1_De_10_5557,0.6892661543529464,0.8617988383139488,1,1,6,no,JASAFM010598750.1_De,0.4474466808969878,0.8551327397923503,0.40768605889536247,1.466661828135394,0.023219063908374513,FALSE,FALSE,FALSE,TRUE,one_sided_terminal_pileup_v1,retained
carolinensis,D. carolinensis,JASAFM010603841.1_De_8_5493,0.6238620587223581,-0.6802663078694924,1,1,5,no,JASAFM010603841.1_De,0.4474466808969878,0.8551327397923503,0.40768605889536247,1.466661828135394,0.021015819389946528,FALSE,FALSE,FALSE,TRUE,one_sided_terminal_pileup_v1,retained
cheaha,D. cheaha,JAUBNS010008784.1_De_5_6019,0.06661743437681517,-0.40280799498052133,1,1,5,no,JAUBNS010008784.1_De,0.5581267182141005,0.9245697474749405,0.36644302926083994,1.4742342913662005,0.0024589566213558014,FALSE,FALSE,FALSE,TRUE,one_sided_terminal_pileup_v1,retained
cheaha,D. cheaha,JAUBNS010012200.1_De_72_5281,0.4257792465423236,0.9236028883126636,1,1,5,no,JAUBNS010012200.1_De,0.5581267182141005,0.9245697474749405,0.36644302926083994,1.4742342913662005,0.01571619662803328,FALSE,FALSE,FALSE,TRUE,one_sided_terminal_pileup_v1,retained
cheaha,D. cheaha,JAUBNS010025344.1_De_21_5829,4.545234616274851,0.8538671471154601,0.9987012987012988,1,5,no,JAUBNS010025344.1_De,0.5581267182141005,0.9245697474749405,0.36644302926083994,1.4742342913662005,0.16777191826520424,TRUE,FALSE,FALSE,TRUE,one_sided_terminal_pileup_v1,retained
cheaha,D. cheaha,JAUBNS010029860.1_De_2781_9240,0.0976438301193603,0.48036100527576425,1,1,5,no,JAUBNS010029860.1_De,0.5581267182141005,0.9245697474749405,0.36644302926083994,1.4742342913662005,0.003604190777573755,FALSE,FALSE,FALSE,TRUE,one_sided_terminal_pileup_v1,retained
cheaha,D. cheaha,JAUBNS010036484.1_De_24_5832,0.6588037762076348,-0.6949524251630061,1,1,5,no,JAUBNS010036484.1_De,0.5581267182141005,0.9245697474749405,0.36644302926083994,1.4742342913662005,0.02431750671328415,FALSE,FALSE,FALSE,TRUE,one_sided_terminal_pileup_v1,retained
cheaha,D. cheaha,JAUBNS010067067.1_De_5_5459,0.8361103689454407,-0.231029565725589,1,1,6,no,JAUBNS010067067.1_De,0.5581267182141005,0.9245697474749405,0.36644302926083994,1.4742342913662005,0.03086217815404443,FALSE,FALSE,FALSE,TRUE,one_sided_terminal_pileup_v1,retained
cheaha,D. cheaha,JAUBNS010136966.1_De_1890_8270,0.6240443966095113,0.16670505657732548,1,1,6,no,JAUBNS010136966.1_De,0.5581267182141005,0.9245697474749405,0.36644302926083994,1.4742342913662005,0.023034482120449153,FALSE,FALSE,FALSE,TRUE,one_sided_terminal_pileup_v1,retained
cheaha,D. cheaha,JAUBNS010137854.1_De_6_4970,0.7143047561523329,1.95722654023595,1,1,6,no,JAUBNS010137854.1_De,0.5581267182141005,0.9245697474749405,0.36644302926083994,1.4742342913662005,0.02636613712668008,FALSE,FALSE,FALSE,TRUE,one_sided_terminal_pileup_v1,retained
cheaha,D. cheaha,JAUBNS010168997.1_De_10_5834,1.92786761742539,-0.4731277642864773,1,1,5,no,JAUBNS010168997.1_De,0.5581267182141005,0.9245697474749405,0.36644302926083994,1.4742342913662005,0.0711606937029602,TRUE,FALSE,FALSE,TRUE,one_sided_terminal_pileup_v1,retained
cheaha,D. cheaha,JAUBNS010170096.1_De_970_6386,1.8458193648291317,-1.1684025863541203,1,1,5,no,JAUBNS010170096.1_De,0.5581267182141005,0.9245697474749405,0.36644302926083994,1.4742342913662005,0.06813216076890806,TRUE,FALSE,FALSE,TRUE,one_sided_terminal_pileup_v1,retained
cheaha,D. cheaha,JAUBNS010227561.1_De_1240_7147,0.41851170687324907,1.920853601296555,1,1,6,no,JAUBNS010227561.1_De,0.5581267182141005,0.9245697474749405,0.36644302926083994,1.4742342913662005,0.015447940052897804,FALSE,FALSE,FALSE,TRUE,one_sided_terminal_pileup_v1,retained
cheaha,D. cheaha,JAUBNS010228667.1_De_2349_7764,0.7667614828375412,0.21727332254363865,1,1,5,no,JAUBNS010228667.1_De,0.5581267182141005,0.9245697474749405,0.36644302926083994,1.4742342913662005,0.02830239925721533,FALSE,FALSE,FALSE,TRUE,one_sided_terminal_pileup_v1,retained
cheaha,D. cheaha,JAUBNS010286151.1_De_8_5881,0.9191874439238518,-0.3660212544967737,1,1,5,no,JAUBNS010286151.1_De,0.5581267182141005,0.9245697474749405,0.36644302926083994,1.4742342913662005,0.033928686576532294,FALSE,FALSE,FALSE,TRUE,one_sided_terminal_pileup_v1,retained
cheaha,D. cheaha,JAUBNS010387888.1_De_1254_7185,0.5827000764891674,0.06410471159272682,1,1,6,yes,JAUBNS010387888.1_De,0.5581267182141005,0.9245697474749405,0.36644302926083994,1.4742342913662005,0.02150839678458465,FALSE,FALSE,FALSE,TRUE,one_sided_terminal_pileup_v1,retained
cheaha,D. cheaha,JAUBNS010400061.1_De_985_7144,0.45616050302261496,-2.9733103032643036,1,1,5,no,JAUBNS010400061.1_De,0.5581267182141005,0.9245697474749405,0.36644302926083994,1.4742342913662005,0.01683761765672005,FALSE,FALSE,FALSE,TRUE,one_sided_terminal_pileup_v1,retained
cheaha,D. cheaha,JAUBNS010412227.1_De_1081_6812,1.1431219728949122,0.04817263220507674,1,1,6,yes,JAUBNS010412227.1_De,0.5581267182141005,0.9245697474749405,0.36644302926083994,1.4742342913662005,0.042194470119754766,FALSE,FALSE,FALSE,TRUE,one_sided_terminal_pileup_v1,retained
cheaha,D. cheaha,JAUBNS010442093.1_De_2188_7900,0.6618496281375521,-0.29167249562458014,1,1,5,no,JAUBNS010442093.1_De,0.5581267182141005,0.9245697474749405,0.36644302926083994,1.4742342913662005,0.02442993400564091,FALSE,FALSE,FALSE,TRUE,one_sided_terminal_pileup_v1,retained
cheaha,D. cheaha,JAUBNS010452051.1_De_280_5976,2.819487384384547,0.2936618552690347,1,1,5,no,JAUBNS010452051.1_De,0.5581267182141005,0.9245697474749405,0.36644302926083994,1.4742342913662005,0.104071812994864,TRUE,FALSE,FALSE,TRUE,one_sided_terminal_pileup_v1,retained
cheaha,D. cheaha,JAUBNS010478609.1_De_65_6616,0.48191279071604376,0.1753696896034301,1,1,5,no,JAUBNS010478609.1_De,0.5581267182141005,0.9245697474749405,0.36644302926083994,1.4742342913662005,0.0177881760042636,FALSE,FALSE,FALSE,TRUE,one_sided_terminal_pileup_v1,retained
cheaha,D. cheaha,JAUBNS010491889.1_De_728_6937,0.6769562727041737,0.7778058975930542,1,1,5,no,JAUBNS010491889.1_De,0.5581267182141005,0.9245697474749405,0.36644302926083994,1.4742342913662005,0.02498754454755171,FALSE,FALSE,FALSE,TRUE,one_sided_terminal_pileup_v1,retained
cheaha,D. cheaha,JAUBNS010628018.1_De_17_6177,0.5979828591622343,0.0128255080493726,1,1,5,no,JAUBNS010628018.1_De,0.5581267182141005,0.9245697474749405,0.36644302926083994,1.4742342913662005,0.022072508867228263,FALSE,FALSE,FALSE,TRUE,one_sided_terminal_pileup_v1,retained
cheaha,D. cheaha,JAUBNS010655751.1_De_87_5510,0.5551435613940333,0.38173649872541104,1,1,6,yes,JAUBNS010655751.1_De,0.5581267182141005,0.9245697474749405,0.36644302926083994,1.4742342913662005,0.020491241502509517,FALSE,FALSE,FALSE,TRUE,one_sided_terminal_pileup_v1,retained
cheaha,D. cheaha,JAUBNS010656968.1_De_7_6099,0.9299520510260292,1.227187518970413,1,1,6,no,JAUBNS010656968.1_De,0.5581267182141005,0.9245697474749405,0.36644302926083994,1.4742342913662005,0.03432602553378588,FALSE,FALSE,FALSE,TRUE,one_sided_terminal_pileup_v1,retained
cheaha,D. cheaha,JAUBNS010660838.1_De_8_6072,0.5611098750341678,-0.16199461168904805,1,1,5,no,JAUBNS010660838.1_De,0.5581267182141005,0.9245697474749405,0.36644302926083994,1.4742342913662005,0.02071146773259081,FALSE,FALSE,FALSE,TRUE,one_sided_terminal_pileup_v1,retained
cheaha,D. cheaha,JAUBNS010664803.1_De_5_6266,0.5628089968523498,0.33480036235728605,1,1,5,no,JAUBNS010664803.1_De,0.5581267182141005,0.9245697474749405,0.36644302926083994,1.4742342913662005,0.020774185051028442,FALSE,FALSE,FALSE,TRUE,one_sided_terminal_pileup_v1,retained
cheaha,D. cheaha,JAUBNS010669656.1_De_89_5565,0.7537203686237863,-0.76947529672395,1,1,6,no,JAUBNS010669656.1_De,0.5581267182141005,0.9245697474749405,0.36644302926083994,1.4742342913662005,0.027821030761929506,FALSE,FALSE,FALSE,TRUE,one_sided_terminal_pileup_v1,retained
cheaha,D. cheaha,JAUBNS010671312.1_De_894_6190,2.462156126018991,0.5045466178632686,1,1,5,no,JAUBNS010671312.1_De,0.5581267182141005,0.9245697474749405,0.36644302926083994,1.4742342913662005,0.09088214167240932,TRUE,FALSE,FALSE,TRUE,one_sided_terminal_pileup_v1,retained
conanti,D. conanti,JASCRB010018982.1_De_916_6860,0.5764023718741671,0.4901019425640848,1,0.997941115915174,6,no,JASCRB010018982.1_De,0.5764023718741671,0.8308285097511903,0.2544261378770232,1.212467716566725,0.0296207635373141,FALSE,FALSE,FALSE,TRUE,one_sided_terminal_pileup_v1,retained
conanti,D. conanti,JASCRB010220706.1_De_735_6403,0.2822014233780741,-0.7963933737560227,1,1,5,no,JASCRB010220706.1_De,0.5764023718741671,0.8308285097511903,0.2544261378770232,1.212467716566725,0.014502059741003688,FALSE,FALSE,FALSE,TRUE,one_sided_terminal_pileup_v1,retained
conanti,D. conanti,JASCRB010247318.1_De_518_6603,0.7066079008483389,1.6458081922485008,1,1,6,no,JASCRB010247318.1_De,0.5764023718741671,0.8308285097511903,0.2544261378770232,1.212467716566725,0.036311900446509206,FALSE,FALSE,FALSE,TRUE,one_sided_terminal_pileup_v1,retained
conanti,D. conanti,JASCRB010291507.1_De_507_6534,0.34794341919983174,1.1409259456703016,1,1,5,no,JASCRB010291507.1_De,0.5764023718741671,0.8308285097511903,0.2544261378770232,1.212467716566725,0.01788047767911115,FALSE,FALSE,FALSE,TRUE,one_sided_terminal_pileup_v1,retained
conanti,D. conanti,JASCRB010300681.1_De_6_5795,0.8582852989625638,-0.1847612003951429,1,1,5,no,JASCRB010300681.1_De,0.5764023718741671,0.8308285097511903,0.2544261378770232,1.212467716566725,0.044106456060304146,FALSE,FALSE,FALSE,TRUE,one_sided_terminal_pileup_v1,retained
conanti,D. conanti,JASCRB010301785.1_De_3801_9872,0.6895277809782697,-0.19157114053104943,1,1,6,yes,JASCRB010301785.1_De,0.5764023718741671,0.8308285097511903,0.2544261378770232,1.212467716566725,0.0354341695131418,FALSE,FALSE,FALSE,TRUE,one_sided_terminal_pileup_v1,retained
conanti,D. conanti,JASCRB010304764.1_De_530_6394,0.5866198919600154,-0.8189957855876083,1,1,6,yes,JASCRB010304764.1_De,0.5764023718741671,0.8308285097511903,0.2544261378770232,1.212467716566725,0.030145832067855715,FALSE,FALSE,FALSE,TRUE,one_sided_terminal_pileup_v1,retained
conanti,D. conanti,JASCRB010317787.1_De_352_6125,0.3735143856464266,-1.056213795487855,1,1,5,no,JASCRB010317787.1_De,0.5764023718741671,0.8308285097511903,0.2544261378770232,1.212467716566725,0.01919454505199929,FALSE,FALSE,FALSE,TRUE,one_sided_terminal_pileup_v1,retained
conanti,D. conanti,JASCRB010319446.1_De_3983_9673,0.6584233979185389,0.28073758065309456,1,1,5,no,JASCRB010319446.1_De,0.5764023718741671,0.8308285097511903,0.2544261378770232,1.212467716566725,0.03383574518225189,FALSE,FALSE,FALSE,TRUE,one_sided_terminal_pileup_v1,retained
conanti,D. conanti,JASCRB010325295.1_De_189_5552,0.9019893315409394,-1.5916361939343562,1,1,6,yes,JASCRB010325295.1_De,0.5764023718741671,0.8308285097511903,0.2544261378770232,1.212467716566725,0.04635236426228106,FALSE,FALSE,FALSE,TRUE,one_sided_terminal_pileup_v1,retained
conanti,D. conanti,JASCRB010348606.1_De_660_5932,0.6955955025987337,0.8249378466937345,0.9956204379562044,1,5,no,JASCRB010348606.1_De,0.5764023718741671,0.8308285097511903,0.2544261378770232,1.212467716566725,0.03574598389160388,FALSE,FALSE,FALSE,TRUE,one_sided_terminal_pileup_v1,retained
conanti,D. conanti,JASCRB010354674.1_De_427_5563,1.084974229484347,-1.3575958197772966,1,1,5,no,JASCRB010354674.1_De,0.5764023718741671,0.8308285097511903,0.2544261378770232,1.212467716566725,0.05575578218240108,FALSE,FALSE,FALSE,TRUE,one_sided_terminal_pileup_v1,retained
conanti,D. conanti,JASCRB010360084.1_De_488_5937,0.6216672879141514,0.02569033862892615,1,1,5,no,JASCRB010360084.1_De,0.5764023718741671,0.8308285097511903,0.2544261378770232,1.212467716566725,0.031946884039207965,FALSE,FALSE,FALSE,TRUE,one_sided_terminal_pileup_v1,retained
conanti,D. conanti,JASCRB010362292.1_De_559_5925,0.6051035962934258,-0.3708892463376569,0.990811638591118,1,5,no,JASCRB010362292.1_De,0.5764023718741671,0.8308285097511903,0.2544261378770232,1.212467716566725,0.031095691856900965,FALSE,FALSE,FALSE,TRUE,one_sided_terminal_pileup_v1,retained
conanti,D. conanti,JASCRB010370580.1_De_15_5143,0.6974270789216396,0.4929248362438603,0.9847328244274808,1,5,no,JASCRB010370580.1_De,0.5764023718741671,0.8308285097511903,0.2544261378770232,1.212467716566725,0.03584010683732483,FALSE,FALSE,FALSE,TRUE,one_sided_terminal_pileup_v1,retained
conanti,D. conanti,JASCRB010376865.1_De_11_5347,0.6693840447552589,-0.08562860019919794,1,1,6,yes,JASCRB010376865.1_De,0.5764023718741671,0.8308285097511903,0.2544261378770232,1.212467716566725,0.034399002281820815,FALSE,FALSE,FALSE,TRUE,one_sided_terminal_pileup_v1,retained
conanti,D. conanti,JASCRB010437412.1_De_78_5180,2.8887146689909295,1.415909094720997,1,1,5,no,JASCRB010437412.1_De,0.5764023718741671,0.8308285097511903,0.2544261378770232,1.212467716566725,0.14844826862653954,TRUE,FALSE,FALSE,TRUE,one_sided_terminal_pileup_v1,retained
conanti,D. conanti,JASCRB010562522.1_De_14_6444,0.454533539632182,-0.4091682503515624,0.9907514450867052,1,6,no,JASCRB010562522.1_De,0.5764023718741671,0.8308285097511903,0.2544261378770232,1.212467716566725,0.023358041455392314,FALSE,FALSE,FALSE,TRUE,one_sided_terminal_pileup_v1,retained
conanti,D. conanti,JASCRB010583547.1_De_1980_8057,0.9264874994673188,0.9159331432473364,1,1,6,no,JASCRB010583547.1_De,0.5764023718741671,0.8308285097511903,0.2544261378770232,1.212467716566725,0.04761130155097617,FALSE,FALSE,FALSE,TRUE,one_sided_terminal_pileup_v1,retained
conanti,D. conanti,JASCRB010607883.1_De_1061_6757,1.5260609183896163,0.8515116814398513,1,1,5,no,JASCRB010607883.1_De,0.5764023718741671,0.8308285097511903,0.2544261378770232,1.212467716566725,0.0784228029114068,TRUE,FALSE,FALSE,TRUE,one_sided_terminal_pileup_v1,retained
conanti,D. conanti,JASCRB010750593.1_De_842_6665,0.8308285097511903,-0.3125822382749832,1,1,5,no,JASCRB010750593.1_De,0.5764023718741671,0.8308285097511903,0.2544261378770232,1.212467716566725,0.04269547806921857,FALSE,FALSE,FALSE,TRUE,one_sided_terminal_pileup_v1,retained
conanti,D. conanti,JASCRB010764973.1_De_700_5525,0.49131441751961463,1.653584401667208,0.9422382671480144,0.978017146625632,5,no,JASCRB010764973.1_De,0.5764023718741671,0.8308285097511903,0.2544261378770232,1.212467716566725,0.025248175396125484,FALSE,FALSE,FALSE,TRUE,one_sided_terminal_pileup_v1,retained
conanti,D. conanti,JASCRB011089452.1_De_2465_8818,0.7354211716148624,-0.9175357245782764,1,1,5,no,JASCRB011089452.1_De,0.5764023718741671,0.8308285097511903,0.2544261378770232,1.212467716566725,0.037792586720121764,FALSE,FALSE,FALSE,TRUE,one_sided_terminal_pileup_v1,retained
conanti,D. conanti,JASCRB011190285.1_De_6_5783,0.544906129668088,1.2082472749439526,1,1,5,no,JASCRB011190285.1_De,0.5764023718741671,0.8308285097511903,0.2544261378770232,1.212467716566725,0.02800220194176274,FALSE,FALSE,FALSE,TRUE,one_sided_terminal_pileup_v1,retained
conanti,D. conanti,JASCRB011225754.1_De_15_6037,0.7054691025545036,0.5394366175449926,1,1,5,no,JASCRB011225754.1_De,0.5764023718741671,0.8308285097511903,0.2544261378770232,1.212467716566725,0.03625337869742495,FALSE,FALSE,FALSE,TRUE,one_sided_terminal_pileup_v1,retained
fuscus,D. fuscus,JAUCNN010003622.1_De_1050_6155,1.7684700784796339,-0.7221124368960323,1,1,6,yes,JAUCNN010003622.1_De,0.5691093320929042,0.959658704947034,0.39054937285412983,1.5454827642282287,0.055791071944543635,TRUE,FALSE,FALSE,TRUE,one_sided_terminal_pileup_v1,retained
fuscus,D. fuscus,JAUCNN010017643.1_De_525_6022,1.3772214788077128,-1.2259554249165816,1,1,5,no,JAUCNN010017643.1_De,0.5691093320929042,0.959658704947034,0.39054937285412983,1.5454827642282287,0.043448098750864306,FALSE,FALSE,FALSE,TRUE,one_sided_terminal_pileup_v1,retained
fuscus,D. fuscus,JAUCNN010021841.1_De_19_5962,0.6327500287386684,0.2190274545804397,1,1,5,no,JAUCNN010021841.1_De,0.5691093320929042,0.959658704947034,0.39054937285412983,1.5454827642282287,0.019961775325381986,FALSE,FALSE,FALSE,TRUE,one_sided_terminal_pileup_v1,retained
fuscus,D. fuscus,JAUCNN010031460.1_De_8_5878,0.3913005606343955,-1.1476807767029504,1,1,5,no,JAUCNN010031460.1_De,0.5691093320929042,0.959658704947034,0.39054937285412983,1.5454827642282287,0.012344612439845264,FALSE,FALSE,FALSE,TRUE,one_sided_terminal_pileup_v1,retained
fuscus,D. fuscus,JAUCNN010043605.1_De_14_5785,1.0283521150060615,0.7976608980809067,1,1,5,no,JAUCNN010043605.1_De,0.5691093320929042,0.959658704947034,0.39054937285412983,1.5454827642282287,0.03244209078275763,FALSE,FALSE,FALSE,TRUE,one_sided_terminal_pileup_v1,retained
fuscus,D. fuscus,JAUCNN010056543.1_De_6_5669,0.3757692392575754,-0.21911879164065848,0.976997578692494,1,5,no,JAUCNN010056543.1_De,0.5691093320929042,0.959658704947034,0.39054937285412983,1.5454827642282287,0.011854635776472512,FALSE,FALSE,FALSE,TRUE,one_sided_terminal_pileup_v1,retained
fuscus,D. fuscus,JAUCNN010059750.1_De_1409_6508,0.41690923172633887,0.4943985617530949,1,1,6,yes,JAUCNN010059750.1_De,0.5691093320929042,0.959658704947034,0.39054937285412983,1.5454827642282287,0.013152505787140719,FALSE,FALSE,FALSE,TRUE,one_sided_terminal_pileup_v1,retained
fuscus,D. fuscus,JAUCNN010066828.1_De_392_5445,0.9319580733153028,0.9511981507151884,1,1,6,yes,JAUCNN010066828.1_De,0.5691093320929042,0.959658704947034,0.39054937285412983,1.5454827642282287,0.029401085463844966,FALSE,FALSE,FALSE,TRUE,one_sided_terminal_pileup_v1,retained
fuscus,D. fuscus,JAUCNN010076348.1_De_10_6473,0.4120615690304593,0.6238171882650156,1,1,6,no,JAUCNN010076348.1_De,0.5691093320929042,0.959658704947034,0.39054937285412983,1.5454827642282287,0.012999573429664131,FALSE,FALSE,FALSE,TRUE,one_sided_terminal_pileup_v1,retained
fuscus,D. fuscus,JAUCNN010093916.1_De_17_5446,0.9745191197940536,0.8341996729959904,1,1,5,no,JAUCNN010093916.1_De,0.5691093320929042,0.959658704947034,0.39054937285412983,1.5454827642282287,0.030743786386538807,FALSE,FALSE,FALSE,TRUE,one_sided_terminal_pileup_v1,retained
fuscus,D. fuscus,JAUCNN010141213.1_De_10_5145,0.5063917174965742,0.3802851524979827,1,1,6,yes,JAUCNN010141213.1_De,0.5691093320929042,0.959658704947034,0.39054937285412983,1.5454827642282287,0.015975467771137494,FALSE,FALSE,FALSE,TRUE,one_sided_terminal_pileup_v1,retained
fuscus,D. fuscus,JAUCNN010163643.1_De_826_6347,0.7232734318405407,-0.1463459215437996,0.9937833037300178,1,6,yes,JAUCNN010163643.1_De,0.5691093320929042,0.959658704947034,0.39054937285412983,1.5454827642282287,0.02281757580319575,FALSE,FALSE,FALSE,TRUE,one_sided_terminal_pileup_v1,retained
fuscus,D. fuscus,JAUCNN010180192.1_De_2298_8026,0.5193796003376538,-0.00123650750306799,1,1,5,no,JAUCNN010180192.1_De,0.5691093320929042,0.959658704947034,0.39054937285412983,1.5454827642282287,0.016385204930285207,FALSE,FALSE,FALSE,TRUE,one_sided_terminal_pileup_v1,retained
fuscus,D. fuscus,JAUCNN010217767.1_De_1745_7844,0.8132673643539703,1.3902176160830104,1,1,5,no,JAUCNN010217767.1_De,0.5691093320929042,0.959658704947034,0.39054937285412983,1.5454827642282287,0.025656672729136177,FALSE,FALSE,FALSE,TRUE,one_sided_terminal_pileup_v1,retained
fuscus,D. fuscus,JAUCNN010302874.1_De_271_6131,1.6471204303177165,-0.2105696854445338,1,1,5,no,JAUCNN010302874.1_De,0.5691093320929042,0.959658704947034,0.39054937285412983,1.5454827642282287,0.05196277593126474,TRUE,FALSE,FALSE,TRUE,one_sided_terminal_pileup_v1,retained
fuscus,D. fuscus,JAUCNN010362560.1_De_1748_6955,0.686824389721438,-0.19020023595492463,1,1,6,no,JAUCNN010362560.1_De,0.5691093320929042,0.959658704947034,0.39054937285412983,1.5454827642282287,0.02166769424403202,FALSE,FALSE,FALSE,TRUE,one_sided_terminal_pileup_v1,retained
fuscus,D. fuscus,JAUCNN010371412.1_De_538_7289,0.9630049280195097,0.7599299094169778,1,1,6,no,JAUCNN010371412.1_De,0.5691093320929042,0.959658704947034,0.39054937285412983,1.5454827642282287,0.03038054071476068,FALSE,FALSE,FALSE,TRUE,one_sided_terminal_pileup_v1,retained
fuscus,D. fuscus,JAUCNN010404628.1_De_18_6891,0.6227903970366895,-1.2230003447575788,1,1,5,no,JAUCNN010404628.1_De,0.5691093320929042,0.959658704947034,0.39054937285412983,1.5454827642282287,0.01964757236792852,FALSE,FALSE,FALSE,TRUE,one_sided_terminal_pileup_v1,retained
fuscus,D. fuscus,JAUCNN010420111.1_De_4854_11313,0.607169661240471,-0.7842250057940953,1,1,5,no,JAUCNN010420111.1_De,0.5691093320929042,0.959658704947034,0.39054937285412983,1.5454827642282287,0.01915477488990573,FALSE,FALSE,FALSE,TRUE,one_sided_terminal_pileup_v1,retained
fuscus,D. fuscus,JAUCNN010457731.1_De_456_6317,0.6546808564975047,0.08157591852213744,1,1,5,no,JAUCNN010457731.1_De,0.5691093320929042,0.959658704947034,0.39054937285412983,1.5454827642282287,0.020653641364952485,FALSE,FALSE,FALSE,TRUE,one_sided_terminal_pileup_v1,retained
fuscus,D. fuscus,JAUCNN010485386.1_De_1478_7031,0.9496200357296072,-0.14178892820337707,1,1,5,no,JAUCNN010485386.1_De,0.5691093320929042,0.959658704947034,0.39054937285412983,1.5454827642282287,0.029958278841176755,FALSE,FALSE,FALSE,TRUE,one_sided_terminal_pileup_v1,retained
fuscus,D. fuscus,JAUCNN010498674.1_De_1675_6995,5.2288543872639455,-0.12445257620352798,1,1,5,no,JAUCNN010498674.1_De,0.5691093320929042,0.959658704947034,0.39054937285412983,1.5454827642282287,0.16495805886531145,TRUE,FALSE,FALSE,TRUE,one_sided_terminal_pileup_v1,retained
fuscus,D. fuscus,JAUCNN010558434.1_De_1118_6895,0.6417887612022682,0.5488224703260093,1,1,5,no,JAUCNN010558434.1_De,0.5691093320929042,0.959658704947034,0.39054937285412983,1.5454827642282287,0.02024692607760603,FALSE,FALSE,FALSE,TRUE,one_sided_terminal_pileup_v1,retained
fuscus,D. fuscus,JAUCNN010619322.1_De_4480_10730,0.8689297809112805,-0.19873493449131288,1,1,6,yes,JAUCNN010619322.1_De,0.5691093320929042,0.959658704947034,0.39054937285412983,1.5454827642282287,0.027412691066424553,FALSE,FALSE,FALSE,TRUE,one_sided_terminal_pileup_v1,retained
fuscus,D. fuscus,JAUCNN010660297.1_De_246_6266,0.34539073559848854,-1.0882710509972042,1,1,5,no,JAUCNN010660297.1_De,0.5691093320929042,0.959658704947034,0.39054937285412983,1.5454827642282287,0.01089626542922368,FALSE,FALSE,FALSE,TRUE,one_sided_terminal_pileup_v1,retained
fuscus,D. fuscus,JAUCNN010687980.1_De_180_6039,0.6429252346645987,-0.8152006648028896,1,1,6,no,JAUCNN010687980.1_De,0.5691093320929042,0.959658704947034,0.39054937285412983,1.5454827642282287,0.02028277914262054,FALSE,FALSE,FALSE,TRUE,one_sided_terminal_pileup_v1,retained
fuscus,D. fuscus,JAUCNN010728965.1_De_200_5859,2.009665764985157,-0.5523837803525732,1,0.9813049168068798,5,no,JAUCNN010728965.1_De,0.5691093320929042,0.959658704947034,0.39054937285412983,1.5454827642282287,0.06340022861747527,TRUE,FALSE,FALSE,TRUE,one_sided_terminal_pileup_v1,retained
fuscus,D. fuscus,JAUCNN010744252.1_De_54_6586,0.7768335142990652,-0.9914045635614102,1,1,5,no,JAUCNN010744252.1_De,0.5691093320929042,0.959658704947034,0.39054937285412983,1.5454827642282287,0.024507270443869675,FALSE,FALSE,FALSE,TRUE,one_sided_terminal_pileup_v1,retained
fuscus,D. fuscus,JAUCNN010748130.1_De_832_6512,0.8047025407754387,0.42158385651749297,1,0.98138495904691,6,no,JAUCNN010748130.1_De,0.5691093320929042,0.959658704947034,0.39054937285412983,1.5454827642282287,0.025386472687712245,FALSE,FALSE,FALSE,TRUE,one_sided_terminal_pileup_v1,retained
fuscus,D. fuscus,JAUCNN010754098.1_De_14_5677,0.5564225557103819,-0.29674032192919575,1,1,5,no,JAUCNN010754098.1_De,0.5691093320929042,0.959658704947034,0.39054937285412983,1.5454827642282287,0.01755382305585458,FALSE,FALSE,FALSE,TRUE,one_sided_terminal_pileup_v1,retained
fuscus,D. fuscus,JAUCNN010755313.1_De_4174_10102,0.9029393633079976,1.299452528126962,1,1,6,yes,JAUCNN010755313.1_De,0.5691093320929042,0.959658704947034,0.39054937285412983,1.5454827642282287,0.028485613408390533,FALSE,FALSE,FALSE,TRUE,one_sided_terminal_pileup_v1,retained
fuscus,D. fuscus,JAUCNN010760843.1_De_2314_8549,0.2865457551433207,0.18817579311208257,1,1,5,no,JAUCNN010760843.1_De,0.5691093320929042,0.959658704947034,0.39054937285412983,1.5454827642282287,0.009039844685610096,FALSE,FALSE,FALSE,TRUE,one_sided_terminal_pileup_v1,retained
fuscus,D. fuscus,JAUCNN010761066.1_De_1267_6341,0.9659104792227684,1.4675062610752725,1,1,6,yes,JAUCNN010761066.1_De,0.5691093320929042,0.959658704947034,0.39054937285412983,1.5454827642282287,0.030472204022040903,FALSE,FALSE,FALSE,TRUE,one_sided_terminal_pileup_v1,retained
fuscus,D. fuscus,JAUCNN010765042.1_De_782_6283,0.6643407035909615,1.0854884401763996,1,1,6,yes,JAUCNN010765042.1_De,0.5691093320929042,0.959658704947034,0.39054937285412983,1.5454827642282287,0.02095838682303095,FALSE,FALSE,FALSE,TRUE,one_sided_terminal_pileup_v1,retained
gvnigeusgwotli,D. gvnigeusgwotli,JAUBNT010014448.1_De_8_9299,0.5993167389686299,-1.0089756033584198,1,1,5,no,JAUBNT010014448.1_De,0.439768986133078,0.6606238624585778,0.22085487632549983,0.9919061769468276,0.029876669595672176,FALSE,FALSE,FALSE,TRUE,one_sided_terminal_pileup_v1,retained
gvnigeusgwotli,D. gvnigeusgwotli,JAUBNT010017768.1_De_6_5722,0.34736892707863576,0.34306516031687356,1,1,5,no,JAUBNT010017768.1_De,0.439768986133078,0.6606238624585778,0.22085487632549983,0.9919061769468276,0.017316764220521415,FALSE,FALSE,FALSE,TRUE,one_sided_terminal_pileup_v1,retained
gvnigeusgwotli,D. gvnigeusgwotli,JAUBNT010023741.1_De_462_6174,0.5039827639273623,-0.9451832221733082,1,1,5,no,JAUBNT010023741.1_De,0.439768986133078,0.6606238624585778,0.22085487632549983,0.9919061769468276,0.02512415479281249,FALSE,FALSE,FALSE,TRUE,one_sided_terminal_pileup_v1,retained
gvnigeusgwotli,D. gvnigeusgwotli,JAUBNT010034897.1_De_18_5767,0.9599007065601202,-0.44116317372386454,1,1,6,no,JAUBNT010034897.1_De,0.439768986133078,0.6606238624585778,0.22085487632549983,0.9919061769468276,0.04785221968587484,FALSE,FALSE,FALSE,TRUE,one_sided_terminal_pileup_v1,retained
gvnigeusgwotli,D. gvnigeusgwotli,JAUBNT010058319.1_De_9_5770,2.9451177170262297,-2.036617837791313,1,1,5,no,JAUBNT010058319.1_De,0.439768986133078,0.6606238624585778,0.22085487632549983,0.9919061769468276,0.14681770628228474,TRUE,FALSE,FALSE,TRUE,one_sided_terminal_pileup_v1,retained
gvnigeusgwotli,D. gvnigeusgwotli,JAUBNT010058984.1_De_9_5058,0.46589295300795774,0.3501686129849549,1,1,6,yes,JAUBNT010058984.1_De,0.439768986133078,0.6606238624585778,0.22085487632549983,0.9919061769468276,0.023225331312996013,FALSE,FALSE,FALSE,TRUE,one_sided_terminal_pileup_v1,retained
gvnigeusgwotli,D. gvnigeusgwotli,JAUBNT010070807.1_De_1264_8541,0.5132832219481414,-0.00344995293588892,1,1,6,no,JAUBNT010070807.1_De,0.439768986133078,0.6606238624585778,0.22085487632549983,0.9919061769468276,0.02558779395605932,FALSE,FALSE,FALSE,TRUE,one_sided_terminal_pileup_v1,retained
gvnigeusgwotli,D. gvnigeusgwotli,JAUBNT010098662.1_De_110_5257,0.5027042166487667,-0.12676182097288682,1,1,5,no,JAUBNT010098662.1_De,0.439768986133078,0.6606238624585778,0.22085487632549983,0.9919061769468276,0.025060417653297945,FALSE,FALSE,FALSE,TRUE,one_sided_terminal_pileup_v1,retained
gvnigeusgwotli,D. gvnigeusgwotli,JAUBNT010102863.1_De_140_5462,0.32075139666189134,0.00427987328521548,1,1,5,no,JAUBNT010102863.1_De,0.439768986133078,0.6606238624585778,0.22085487632549983,0.9919061769468276,0.015989847900642933,FALSE,FALSE,FALSE,TRUE,one_sided_terminal_pileup_v1,retained
gvnigeusgwotli,D. gvnigeusgwotli,JAUBNT010118348.1_De_2424_9035,0.4722543030293312,-0.36549396184249705,1,1,6,yes,JAUBNT010118348.1_De,0.439768986133078,0.6606238624585778,0.22085487632549983,0.9919061769468276,0.02354245236170569,FALSE,FALSE,FALSE,TRUE,one_sided_terminal_pileup_v1,retained
gvnigeusgwotli,D. gvnigeusgwotli,JAUBNT010176947.1_De_1307_5746,0.29559801658263035,-1.4307544032638149,1,0.9639379733141002,5,no,JAUBNT010176947.1_De,0.439768986133078,0.6606238624585778,0.22085487632549983,0.9919061769468276,0.014735921258888014,FALSE,FALSE,FALSE,TRUE,one_sided_terminal_pileup_v1,retained
gvnigeusgwotli,D. gvnigeusgwotli,JAUBNT010221201.1_De_1594_8255,0.5739753621644347,0.8966526649629629,1,1,6,no,JAUBNT010221201.1_De,0.439768986133078,0.6606238624585778,0.22085487632549983,0.9919061769468276,0.02861337108813958,FALSE,FALSE,FALSE,TRUE,one_sided_terminal_pileup_v1,retained
gvnigeusgwotli,D. gvnigeusgwotli,JAUBNT010227840.1_De_1647_7713,0.3683319280425408,4.5403841498349e-4,1,1,5,no,JAUBNT010227840.1_De,0.439768986133078,0.6606238624585778,0.22085487632549983,0.9919061769468276,0.018361795358163527,FALSE,FALSE,FALSE,TRUE,one_sided_terminal_pileup_v1,retained
gvnigeusgwotli,D. gvnigeusgwotli,JAUBNT010341786.1_De_1317_6888,0.6163534086271578,0.5288140623704325,1,1,6,yes,JAUBNT010341786.1_De,0.439768986133078,0.6606238624585778,0.22085487632549983,0.9919061769468276,0.030725968334223003,FALSE,FALSE,FALSE,TRUE,one_sided_terminal_pileup_v1,retained
gvnigeusgwotli,D. gvnigeusgwotli,JAUBNT010398240.1_De_1475_7960,0.6290836014743354,-1.002916029345036,1,1,5,no,JAUBNT010398240.1_De,0.439768986133078,0.6606238624585778,0.22085487632549983,0.9919061769468276,0.03136058395707184,FALSE,FALSE,FALSE,TRUE,one_sided_terminal_pileup_v1,retained
gvnigeusgwotli,D. gvnigeusgwotli,JAUBNT010480148.1_De_785_6985,1.0026581969870985,1.100873130781337,1,1,6,no,JAUBNT010480148.1_De,0.439768986133078,0.6606238624585778,0.22085487632549983,0.9919061769468276,0.04998373267585961,TRUE,FALSE,FALSE,TRUE,one_sided_terminal_pileup_v1,retained
gvnigeusgwotli,D. gvnigeusgwotli,JAUBNT010483468.1_De_1218_7310,0.6366129586027373,-0.83442410802365,0.9994934143870314,1,6,no,JAUBNT010483468.1_De,0.439768986133078,0.6606238624585778,0.22085487632549983,0.9919061769468276,0.03173593158307041,FALSE,FALSE,FALSE,TRUE,one_sided_terminal_pileup_v1,retained
gvnigeusgwotli,D. gvnigeusgwotli,JAUBNT010486790.1_De_24_6102,0.5151846064452962,0.29274397376336603,1,1,5,no,JAUBNT010486790.1_De,0.439768986133078,0.6606238624585778,0.22085487632549983,0.9919061769468276,0.02568258028973254,FALSE,FALSE,FALSE,TRUE,one_sided_terminal_pileup_v1,retained
gvnigeusgwotli,D. gvnigeusgwotli,JAUBNT010491215.1_De_17_5101,0.4283910319196804,-0.3023245180811662,1,1,5,no,JAUBNT010491215.1_De,0.439768986133078,0.6606238624585778,0.22085487632549983,0.9919061769468276,0.021355814857497712,FALSE,FALSE,FALSE,TRUE,one_sided_terminal_pileup_v1,retained
gvnigeusgwotli,D. gvnigeusgwotli,JAUBNT010548794.1_De_118_6846,0.5097947285551119,1.0302943152036477,1,1,6,yes,JAUBNT010548794.1_De,0.439768986133078,0.6606238624585778,0.22085487632549983,0.9919061769468276,0.025413888310324165,FALSE,FALSE,FALSE,TRUE,one_sided_terminal_pileup_v1,retained
gvnigeusgwotli,D. gvnigeusgwotli,JAUBNT010553225.1_De_3750_10478,0.4511469403464757,-0.02501169507303443,1,1,5,no,JAUBNT010553225.1_De,0.439768986133078,0.6606238624585778,0.22085487632549983,0.9919061769468276,0.022490224616495486,FALSE,FALSE,FALSE,TRUE,one_sided_terminal_pileup_v1,retained
gvnigeusgwotli,D. gvnigeusgwotli,JAUBNT010559866.1_De_1241_6575,0.4031231835105965,-0.02008899023589137,1,1,5,no,JAUBNT010559866.1_De,0.439768986133078,0.6606238624585778,0.22085487632549983,0.9919061769468276,0.02009618183004235,FALSE,FALSE,FALSE,TRUE,one_sided_terminal_pileup_v1,retained
gvnigeusgwotli,D. gvnigeusgwotli,JAUBNT010591863.1_De_171_5969,0.6846347663144184,1.3176563344917744,1,1,6,yes,JAUBNT010591863.1_De,0.439768986133078,0.6606238624585778,0.22085487632549983,0.9919061769468276,0.03412987720330763,FALSE,FALSE,FALSE,TRUE,one_sided_terminal_pileup_v1,retained
gvnigeusgwotli,D. gvnigeusgwotli,JAUBNT010594624.1_De_1043_6920,0.8667990391476803,0.5789974399452559,1,1,5,no,JAUBNT010594624.1_De,0.439768986133078,0.6606238624585778,0.22085487632549983,0.9919061769468276,0.043210988137971716,FALSE,FALSE,FALSE,TRUE,one_sided_terminal_pileup_v1,retained
gvnigeusgwotli,D. gvnigeusgwotli,JAUBNT010598382.1_De_653_6905,1.0290199653602847,0.28153537014952185,1,1,6,no,JAUBNT010598382.1_De,0.439768986133078,0.6606238624585778,0.22085487632549983,0.9919061769468276,0.05129789894626734,TRUE,FALSE,FALSE,TRUE,one_sided_terminal_pileup_v1,retained
gvnigeusgwotli,D. gvnigeusgwotli,JAUBNT010607768.1_De_88_5740,3.1842270020278183,-1.7771026681244195,1,1,5,no,JAUBNT010607768.1_De,0.439768986133078,0.6606238624585778,0.22085487632549983,0.9919061769468276,0.15873759545064617,TRUE,FALSE,FALSE,TRUE,one_sided_terminal_pileup_v1,retained
gvnigeusgwotli,D. gvnigeusgwotli,JAUBNT010618375.1_De_8173_17634,0.23418260845848468,-0.731199472193246,1,1,5,no,JAUBNT010618375.1_De,0.439768986133078,0.6606238624585778,0.22085487632549983,0.9919061769468276,0.011674288340431344,FALSE,FALSE,FALSE,TRUE,one_sided_terminal_pileup_v1,retained
intermedius,D. intermedius,JAUEJH010005274.1_De_13_6105,0.8643291441391917,-0.8053855589134534,1,1,5,no,JAUEJH010005274.1_De,0.5592699413997141,0.8722690993180046,0.31299915791829047,1.3417678361954404,0.011565095476330743,FALSE,FALSE,FALSE,TRUE,one_sided_terminal_pileup_v1,retained
intermedius,D. intermedius,JAUEJH010017866.1_De_689_6429,0.10478178976401102,1.0160364575903746,1,1,5,no,JAUEJH010017866.1_De,0.5592699413997141,0.8722690993180046,0.31299915791829047,1.3417678361954404,0.0014020253869936063,FALSE,FALSE,FALSE,TRUE,one_sided_terminal_pileup_v1,retained
intermedius,D. intermedius,JAUEJH010026582.1_De_4734_10191,0.6619075519976609,0.6358695549434928,1,1,5,no,JAUEJH010026582.1_De,0.5592699413997141,0.8722690993180046,0.31299915791829047,1.3417678361954404,0.0088566075635239,FALSE,FALSE,FALSE,TRUE,one_sided_terminal_pileup_v1,retained
intermedius,D. intermedius,JAUEJH010035201.1_De_903_6241,3.781894335524605,-0.718916121554081,1,1,5,no,JAUEJH010035201.1_De,0.5592699413997141,0.8722690993180046,0.31299915791829047,1.3417678361954404,0.05060337183850982,TRUE,FALSE,FALSE,TRUE,one_sided_terminal_pileup_v1,retained
intermedius,D. intermedius,JAUEJH010042935.1_De_10_6021,0.6414146902174407,0.2765670454931503,1,1,5,no,JAUEJH010042935.1_De,0.5592699413997141,0.8722690993180046,0.31299915791829047,1.3417678361954404,0.008582404264145938,FALSE,FALSE,FALSE,TRUE,one_sided_terminal_pileup_v1,retained
intermedius,D. intermedius,JAUEJH010045363.1_De_7_5654,0.9703028700130067,-0.20087343569919916,1,1,5,no,JAUEJH010045363.1_De,0.5592699413997141,0.8722690993180046,0.31299915791829047,1.3417678361954404,0.012983069480821561,FALSE,FALSE,FALSE,TRUE,one_sided_terminal_pileup_v1,retained
intermedius,D. intermedius,JAUEJH010063043.1_De_913_5927,0.6503005847316786,-1.984423395380831,1,1,6,yes,JAUEJH010063043.1_De,0.5592699413997141,0.8722690993180046,0.31299915791829047,1.3417678361954404,0.008701301352305695,FALSE,FALSE,FALSE,TRUE,one_sided_terminal_pileup_v1,retained
intermedius,D. intermedius,JAUEJH010067137.1_De_766_5913,0.8960889648544433,0.7611641827807268,1,1,6,yes,JAUEJH010067137.1_De,0.5592699413997141,0.8722690993180046,0.31299915791829047,1.3417678361954404,0.01199005552930783,FALSE,FALSE,FALSE,TRUE,one_sided_terminal_pileup_v1,retained
intermedius,D. intermedius,JAUEJH010124954.1_De_2669_9128,0.4581009345255856,0.2899611600297156,1,1,5,no,JAUEJH010124954.1_De,0.5592699413997141,0.8722690993180046,0.31299915791829047,1.3417678361954404,0.006129587416447857,FALSE,FALSE,FALSE,TRUE,one_sided_terminal_pileup_v1,retained
intermedius,D. intermedius,JAUEJH010179133.1_De_2140_8560,0.3504530437023858,-0.33540441599258175,1,1,5,no,JAUEJH010179133.1_De,0.5592699413997141,0.8722690993180046,0.31299915791829047,1.3417678361954404,0.004689212365302474,FALSE,FALSE,FALSE,TRUE,one_sided_terminal_pileup_v1,retained
intermedius,D. intermedius,JAUEJH010232201.1_De_2963_8286,0.5073108752695711,1.4030543632844608,1,1,6,no,JAUEJH010232201.1_De,0.5592699413997141,0.8722690993180046,0.31299915791829047,1.3417678361954404,0.006788037576260031,FALSE,FALSE,FALSE,TRUE,one_sided_terminal_pileup_v1,retained
intermedius,D. intermedius,JAUEJH010257644.1_De_2285_8099,0.6836804494196119,-1.131398647968776,1,1,6,yes,JAUEJH010257644.1_De,0.5592699413997141,0.8722690993180046,0.31299915791829047,1.3417678361954404,0.009147938290005417,FALSE,FALSE,FALSE,TRUE,one_sided_terminal_pileup_v1,retained
intermedius,D. intermedius,JAUEJH010260966.1_De_13_5997,0.5710053101617185,-0.1984389194556461,0.9875,1,6,no,JAUEJH010260966.1_De,0.5592699413997141,0.8722690993180046,0.31299915791829047,1.3417678361954404,0.007640296493865139,FALSE,FALSE,FALSE,TRUE,one_sided_terminal_pileup_v1,retained
intermedius,D. intermedius,JAUEJH010322918.1_De_9_5811,0.8034132337376544,0.3717299917149423,1,1,6,yes,JAUEJH010322918.1_De,0.5592699413997141,0.8722690993180046,0.31299915791829047,1.3417678361954404,0.010750014410745459,FALSE,FALSE,FALSE,TRUE,one_sided_terminal_pileup_v1,retained
intermedius,D. intermedius,JAUEJH010383764.1_De_732_7712,0.6312539456351987,1.57713957086071,1,1,6,no,JAUEJH010383764.1_De,0.5592699413997141,0.8722690993180046,0.31299915791829047,1.3417678361954404,0.008446449134088081,FALSE,FALSE,FALSE,TRUE,one_sided_terminal_pileup_v1,retained
intermedius,D. intermedius,JAUEJH010597481.1_De_5169_11831,56.06620307343128,7.037499661795445,0.9704604691572546,1,6,yes,JAUEJH010597481.1_De,0.5592699413997141,0.8722690993180046,0.31299915791829047,1.3417678361954404,0.7501898969117263,TRUE,TRUE,TRUE,FALSE,one_sided_terminal_pileup_v1,flagged: upper 1.5-IQR outlier; >64-fold left/right terminal imbalance; >50% of species ratio sum
intermedius,D. intermedius,JAUEJH010744808.1_De_9_5408,0.6101274388180895,0.5023764600221382,1,1,5,no,JAUEJH010744808.1_De,0.5592699413997141,0.8722690993180046,0.31299915791829047,1.3417678361954404,0.008163767391747258,FALSE,FALSE,FALSE,TRUE,one_sided_terminal_pileup_v1,retained
intermedius,D. intermedius,JAUEJH010745918.1_De_430_6424,0.846854315810038,-0.3784122985610906,1,1,6,yes,JAUEJH010745918.1_De,0.5592699413997141,0.8722690993180046,0.31299915791829047,1.3417678361954404,0.011331274761815294,FALSE,FALSE,FALSE,TRUE,one_sided_terminal_pileup_v1,retained
intermedius,D. intermedius,JAUEJH010784693.1_De_82_5281,0.5709292702220081,0.4455188502211635,0.9984326018808778,1,5,no,JAUEJH010784693.1_De,0.5592699413997141,0.8722690993180046,0.31299915791829047,1.3417678361954404,0.00763927904678641,FALSE,FALSE,FALSE,TRUE,one_sided_terminal_pileup_v1,retained
intermedius,D. intermedius,JAUEJH010802399.1_De_12_5463,1.3219560394047865,-1.0688014267143706,1,1,5,no,JAUEJH010802399.1_De,0.5592699413997141,0.8722690993180046,0.31299915791829047,1.3417678361954404,0.017688340043716413,FALSE,FALSE,FALSE,TRUE,one_sided_terminal_pileup_v1,retained
intermedius,D. intermedius,JAUEJH010862913.1_De_23_6740,0.578462914443399,0.01787853160506213,1,1,6,no,JAUEJH010862913.1_De,0.5592699413997141,0.8722690993180046,0.31299915791829047,1.3417678361954404,0.007740082444769554,FALSE,FALSE,FALSE,TRUE,one_sided_terminal_pileup_v1,retained
intermedius,D. intermedius,JAUEJH010864020.1_De_6_6140,1.1803932963164134,-1.04948401829461,1,1,6,yes,JAUEJH010864020.1_De,0.5592699413997141,0.8722690993180046,0.31299915791829047,1.3417678361954404,0.015794169691125987,FALSE,FALSE,FALSE,TRUE,one_sided_terminal_pileup_v1,retained
intermedius,D. intermedius,JAUEJH010864683.1_De_756_6720,0.5242919549328321,-0.8482905055747716,1,1,6,no,JAUEJH010864683.1_De,0.5592699413997141,0.8722690993180046,0.31299915791829047,1.3417678361954404,0.007015251721390333,FALSE,FALSE,FALSE,TRUE,one_sided_terminal_pileup_v1,retained
intermedius,D. intermedius,JAUEJH010869096.1_De_26_6431,0.460558553017777,-0.27858173932263164,1,1,5,no,JAUEJH010869096.1_De,0.5592699413997141,0.8722690993180046,0.31299915791829047,1.3417678361954404,0.006162471408268932,FALSE,FALSE,FALSE,TRUE,one_sided_terminal_pileup_v1,retained
marmoratus,D. marmoratus,JASANK010026728.1_De_6_6469,0.6503355483546892,-0.6240629926988843,1,1,5,no,JASANK010026728.1_De,0.4079117124905063,0.9712845533209955,0.5633728408304892,1.8163438145667294,0.03796845085252381,FALSE,FALSE,FALSE,TRUE,one_sided_terminal_pileup_v1,retained
marmoratus,D. marmoratus,JASANK010164138.1_De_1020_6515,0.02976037235568471,-0.04185187703080658,1,1,5,no,JASANK010164138.1_De,0.4079117124905063,0.9712845533209955,0.5633728408304892,1.8163438145667294,0.0017374957250889077,FALSE,FALSE,FALSE,TRUE,one_sided_terminal_pileup_v1,retained
marmoratus,D. marmoratus,JASANK010200710.1_De_1389_6459,1.078267554976431,-1.337818630182957,1,1,6,yes,JASANK010200710.1_De,0.4079117124905063,0.9712845533209955,0.5633728408304892,1.8163438145667294,0.06295234632424723,FALSE,FALSE,FALSE,TRUE,one_sided_terminal_pileup_v1,retained
marmoratus,D. marmoratus,JASANK010229519.1_De_89_5519,3.5386082383239996,-1.305522574206521,1,1,5,no,JASANK010229519.1_De,0.4079117124905063,0.9712845533209955,0.5633728408304892,1.8163438145667294,0.2065940779695222,TRUE,FALSE,FALSE,TRUE,one_sided_terminal_pileup_v1,retained
marmoratus,D. marmoratus,JASANK010600919.1_De_1010_6640,4.988388843857374,0.969099157426879,1,1,5,no,JASANK010600919.1_De,0.4079117124905063,0.9712845533209955,0.5633728408304892,1.8163438145667294,0.2912364196151528,TRUE,FALSE,FALSE,TRUE,one_sided_terminal_pileup_v1,retained
marmoratus,D. marmoratus,JASANK010626520.1_De_5_5641,3.223916639835839,0.2844630261995932,1,1,5,no,JASANK010626520.1_De,0.4079117124905063,0.9712845533209955,0.5633728408304892,1.8163438145667294,0.18822148166730787,TRUE,FALSE,FALSE,TRUE,one_sided_terminal_pileup_v1,retained
marmoratus,D. marmoratus,JASANK010629174.1_De_4246_10021,0.30881505793972497,0.05735509464367591,1,0.9796001631986944,5,no,JASANK010629174.1_De,0.4079117124905063,0.9712845533209955,0.5633728408304892,1.8163438145667294,0.018029507043814355,FALSE,FALSE,FALSE,TRUE,one_sided_terminal_pileup_v1,retained
marmoratus,D. marmoratus,JASANK010680309.1_De_305_5814,0.46733825669296936,0.7016258010248554,1,1,5,no,JASANK010680309.1_De,0.4079117124905063,0.9712845533209955,0.5633728408304892,1.8163438145667294,0.02728454514848945,FALSE,FALSE,FALSE,TRUE,one_sided_terminal_pileup_v1,retained
marmoratus,D. marmoratus,JASANK010708690.1_De_1525_7952,0.4037113760186168,-0.7653352961312766,1,1,5,no,JASANK010708690.1_De,0.4079117124905063,0.9712845533209955,0.5633728408304892,1.8163438145667294,0.023569825727268484,FALSE,FALSE,FALSE,TRUE,one_sided_terminal_pileup_v1,retained
marmoratus,D. marmoratus,JASANK010913116.1_De_29_6128,0.5573925259123944,-0.4825815562580277,1,1,5,no,JASANK010913116.1_De,0.4079117124905063,0.9712845533209955,0.5633728408304892,1.8163438145667294,0.03254217115950502,FALSE,FALSE,FALSE,TRUE,one_sided_terminal_pileup_v1,retained
marmoratus,D. marmoratus,JASANK010959551.1_De_21_6823,0.4205127219061748,0.32246250555352857,0.99495904221802145,1,6,yes,JASANK010959551.1_De,0.4079117124905063,0.9712845533209955,0.5633728408304892,1.8163438145667294,0.024550736392850124,FALSE,FALSE,FALSE,TRUE,one_sided_terminal_pileup_v1,retained
marmoratus,D. marmoratus,JASANK011117751.1_De_2069_8134,0.617014025575563,-0.17823571892144963,1,1,6,no,JASANK011117751.1_De,0.4079117124905063,0.9712845533209955,0.5633728408304892,1.8163438145667294,0.036023044972172805,FALSE,FALSE,FALSE,TRUE,one_sided_terminal_pileup_v1,retained
marmoratus,D. marmoratus,JASANK011388950.1_De_6_6398,0.4446865512692835,-0.5916550188891676,1,1,6,no,JASANK011388950.1_De,0.4079117124905063,0.9712845533209955,0.5633728408304892,1.8163438145667294,0.02596207374694768,FALSE,FALSE,FALSE,TRUE,one_sided_terminal_pileup_v1,retained
marmoratus,D. marmoratus,JASANK011524079.1_De_797_7377,0.39956628853764664,-1.223206048968725,1,1,6,yes,JASANK011524079.1_De,0.4079117124905063,0.9712845533209955,0.5633728408304892,1.8163438145667294,0.02332782365510928,FALSE,FALSE,FALSE,TRUE,one_sided_terminal_pileup_v1,retained
mavrokoilius,D. mavrokoilius,JAUBNV010002851.1_De_23_6476,0.987379234111698,-0.19221881998215504,1,1,5,no,JAUBNV010002851.1_De,0.4668624861578218,0.8091030041556393,0.3422405179978175,1.3224637811523656,0.0492287723850164,FALSE,FALSE,FALSE,TRUE,one_sided_terminal_pileup_v1,retained
mavrokoilius,D. mavrokoilius,JAUBNV010014451.1_De_1369_7354,0.9063867029168388,-0.32493206739316555,1,1,6,yes,JAUBNV010014451.1_De,0.4668624861578218,0.8091030041556393,0.3422405179978175,1.3224637811523656,0.04519064524467286,FALSE,FALSE,FALSE,TRUE,one_sided_terminal_pileup_v1,retained
mavrokoilius,D. mavrokoilius,JAUBNV010026281.1_De_715_6198,0.565134898900425,-1.3674658235450314,1,1,6,yes,JAUBNV010026281.1_De,0.4668624861578218,0.8091030041556393,0.3422405179978175,1.3224637811523656,0.028176506395566972,FALSE,FALSE,FALSE,TRUE,one_sided_terminal_pileup_v1,retained
mavrokoilius,D. mavrokoilius,JAUBNV010026830.1_De_739_6031,0.8593595673082862,0.8269640996306467,1,1,5,no,JAUBNV010026830.1_De,0.4668624861578218,0.8091030041556393,0.3422405179978175,1.3224637811523656,0.042845965434918185,FALSE,FALSE,FALSE,TRUE,one_sided_terminal_pileup_v1,retained
mavrokoilius,D. mavrokoilius,JAUBNV010031030.1_De_4328_10497,0.5247313064391207,0.4726236924084515,1,1,5,no,JAUBNV010031030.1_De,0.4668624861578218,0.8091030041556393,0.3422405179978175,1.3224637811523656,0.026162063324355382,FALSE,FALSE,FALSE,TRUE,one_sided_terminal_pileup_v1,retained
mavrokoilius,D. mavrokoilius,JAUBNV010041072.1_De_7_5324,0.73178325577691,-0.02315093670530344,1,1,5,no,JAUBNV010041072.1_De,0.4668624861578218,0.8091030041556393,0.3422405179978175,1.3224637811523656,0.0364852633002938,FALSE,FALSE,FALSE,TRUE,one_sided_terminal_pileup_v1,retained
mavrokoilius,D. mavrokoilius,JAUBNV010046046.1_De_102_5778,1.1886620950431095,-0.8517640277781483,1,1,5,no,JAUBNV010046046.1_De,0.4668624861578218,0.8091030041556393,0.3422405179978175,1.3224637811523656,0.05926433704291806,FALSE,FALSE,FALSE,TRUE,one_sided_terminal_pileup_v1,retained
mavrokoilius,D. mavrokoilius,JAUBNV010050911.1_De_2473_8136,0.7588464410029925,0.08716494005697506,1,1,6,yes,JAUBNV010050911.1_De,0.4668624861578218,0.8091030041556393,0.3422405179978175,1.3224637811523656,0.037834580097205125,FALSE,FALSE,FALSE,TRUE,one_sided_terminal_pileup_v1,retained
mavrokoilius,D. mavrokoilius,JAUBNV010059519.1_De_29_5822,0.34599959090418686,0.4085542026019572,1,1,5,no,JAUBNV010059519.1_De,0.4668624861578218,0.8091030041556393,0.3422405179978175,1.3224637811523656,0.017250854096860738,FALSE,FALSE,FALSE,TRUE,one_sided_terminal_pileup_v1,retained
mavrokoilius,D. mavrokoilius,JAUBNV010061941.1_De_6_6369,0.5602638961133519,0.20726618213242248,1,1,6,no,JAUBNV010061941.1_De,0.4668624861578218,0.8091030041556393,0.3422405179978175,1.3224637811523656,0.02793364784719236,FALSE,FALSE,FALSE,TRUE,one_sided_terminal_pileup_v1,retained
mavrokoilius,D. mavrokoilius,JAUBNV010063817.1_De_16_5800,0.150869322867329,0.1103559691823807,1,1,5,no,JAUBNV010063817.1_De,0.4668624861578218,0.8091030041556393,0.3422405179978175,1.3224637811523656,0.0075220455309647424,FALSE,FALSE,FALSE,TRUE,one_sided_terminal_pileup_v1,retained
mavrokoilius,D. mavrokoilius,JAUBNV010064149.1_De_1345_7644,0.24481456671239632,0.12130735342953558,1,1,5,no,JAUBNV010064149.1_De,0.4668624861578218,0.8091030041556393,0.3422405179978175,1.3224637811523656,0.012205969261712859,FALSE,FALSE,FALSE,TRUE,one_sided_terminal_pileup_v1,retained
mavrokoilius,D. mavrokoilius,JAUBNV010096181.1_De_990_7351,1.4777528745070838,-0.08121643638672246,1,1,5,no,JAUBNV010096181.1_De,0.4668624861578218,0.8091030041556393,0.3422405179978175,1.3224637811523656,0.0736778305509545,TRUE,FALSE,FALSE,TRUE,one_sided_terminal_pileup_v1,retained
mavrokoilius,D. mavrokoilius,JAUBNV010104033.1_De_55_5136,0.3263894726009657,-1.1970536138854155,1,1,6,yes,JAUBNV010104033.1_De,0.4668624861578218,0.8091030041556393,0.3422405179978175,1.3224637811523656,0.016273132450465137,FALSE,FALSE,FALSE,TRUE,one_sided_terminal_pileup_v1,retained
mavrokoilius,D. mavrokoilius,JAUBNV010113858.1_De_1440_7122,0.4247369292731186,0.7729857576628303,1,1,5,no,JAUBNV010113858.1_De,0.4668624861578218,0.8091030041556393,0.3422405179978175,1.3224637811523656,0.021176541790964773,FALSE,FALSE,FALSE,TRUE,one_sided_terminal_pileup_v1,retained
mavrokoilius,D. mavrokoilius,JAUBNV010249820.1_De_1517_8157,0.5792901095449556,-0.8930471605969263,0.9880197322057788,1,5,no,JAUBNV010249820.1_De,0.4668624861578218,0.8091030041556393,0.3422405179978175,1.3224637811523656,0.028882257153540404,FALSE,FALSE,FALSE,TRUE,one_sided_terminal_pileup_v1,retained
mavrokoilius,D. mavrokoilius,JAUBNV010430067.1_De_1631_7287,0.6355765867073221,-0.5029519571162921,1,1,6,no,JAUBNV010430067.1_De,0.4668624861578218,0.8091030041556393,0.3422405179978175,1.3224637811523656,0.031688589388260156,FALSE,FALSE,FALSE,TRUE,one_sided_terminal_pileup_v1,retained
mavrokoilius,D. mavrokoilius,JAUBNV010431172.1_De_12_5538,3.2173502440932813,1.419478632490203,1,1,5,no,JAUBNV010431172.1_De,0.4668624861578218,0.8091030041556393,0.3422405179978175,1.3224637811523656,0.16041070885173947,TRUE,FALSE,FALSE,TRUE,one_sided_terminal_pileup_v1,retained
mavrokoilius,D. mavrokoilius,JAUBNV010480964.1_De_7_6350,0.6880526189921972,-0.53350249857908,1,1,5,no,JAUBNV010480964.1_De,0.4668624861578218,0.8091030041556393,0.3422405179978175,1.3224637811523656,0.03430494039076529,FALSE,FALSE,FALSE,TRUE,one_sided_terminal_pileup_v1,retained
mavrokoilius,D. mavrokoilius,JAUBNV010484287.1_De_2243_7392,0.49863547022262494,-0.06471555258893295,1,1,5,no,JAUBNV010484287.1_De,0.4668624861578218,0.8091030041556393,0.3422405179978175,1.3224637811523656,0.02486097663251879,FALSE,FALSE,FALSE,TRUE,one_sided_terminal_pileup_v1,retained
mavrokoilius,D. mavrokoilius,JAUBNV010486502.1_De_5666_11497,0.7328088192102029,-0.1502206537721252,1,1,6,yes,JAUBNV010486502.1_De,0.4668624861578218,0.8091030041556393,0.3422405179978175,1.3224637811523656,0.036536395861198216,FALSE,FALSE,FALSE,TRUE,one_sided_terminal_pileup_v1,retained
mavrokoilius,D. mavrokoilius,JAUBNV010597204.1_De_395_7117,0.49308635857872257,-1.945097399787644,1,1,5,no,JAUBNV010597204.1_De,0.4668624861578218,0.8091030041556393,0.3422405179978175,1.3224637811523656,0.024584308920033954,FALSE,FALSE,FALSE,TRUE,one_sided_terminal_pileup_v1,retained
mavrokoilius,D. mavrokoilius,JAUBNV010637067.1_De_139_6059,0.5132519038758404,1.1722676528669922,1,1,5,no,JAUBNV010637067.1_De,0.4668624861578218,0.8091030041556393,0.3422405179978175,1.3224637811523656,0.025589723055915253,FALSE,FALSE,FALSE,TRUE,one_sided_terminal_pileup_v1,retained
mavrokoilius,D. mavrokoilius,JAUBNV010661422.1_De_16_6030,0.44063861373692104,0.2730190874952356,1,1,5,no,JAUBNV010661422.1_De,0.4668624861578218,0.8091030041556393,0.3422405179978175,1.3224637811523656,0.02196936827339647,FALSE,FALSE,FALSE,TRUE,one_sided_terminal_pileup_v1,retained
mavrokoilius,D. mavrokoilius,JAUBNV010689106.1_De_929_6920,0.710957045959061,-0.23846789039313293,1,1,5,no,JAUBNV010689106.1_De,0.4668624861578218,0.8091030041556393,0.3422405179978175,1.3224637811523656,0.035446909740338844,FALSE,FALSE,FALSE,TRUE,one_sided_terminal_pileup_v1,retained
mavrokoilius,D. mavrokoilius,JAUBNV010740999.1_De_636_6770,0.3910937664072052,-0.3468754869662929,1,1,6,no,JAUBNV010740999.1_De,0.4668624861578218,0.8091030041556393,0.3422405179978175,1.3224637811523656,0.019499160345396793,FALSE,FALSE,FALSE,TRUE,one_sided_terminal_pileup_v1,retained
mavrokoilius,D. mavrokoilius,JAUBNV010760341.1_De_6_5301,1.1031025297909671,0.38170800052502,1,1,5,no,JAUBNV010760341.1_De,0.4668624861578218,0.8091030041556393,0.3422405179978175,1.3224637811523656,0.054998506632834517,FALSE,FALSE,FALSE,TRUE,one_sided_terminal_pileup_v1,retained
monticola,D. monticola,JASANL010110956.1_De_5_5636,0.6464118610063946,-0.5488114320172757,1,1,5,no,JASANL010110956.1_De,0.45069011110766266,0.8343208024710802,0.38363069136341754,1.4097668395162066,0.03910184551464495,FALSE,FALSE,FALSE,TRUE,one_sided_terminal_pileup_v1,retained
monticola,D. monticola,JASANL010139753.1_De_5_6459,1.0189772727012103,-0.3390584828913652,1,1,5,no,JASANL010139753.1_De,0.45069011110766266,0.8343208024710802,0.38363069136341754,1.4097668395162066,0.06163855322528311,FALSE,FALSE,FALSE,TRUE,one_sided_terminal_pileup_v1,retained
monticola,D. monticola,JASANL010141970.1_De_444_6566,0.589720997636323,0.07743760996216124,1,1,5,no,JASANL010141970.1_De,0.45069011110766266,0.8343208024710802,0.38363069136341754,1.4097668395162066,0.035672580806944215,FALSE,FALSE,FALSE,TRUE,one_sided_terminal_pileup_v1,retained
monticola,D. monticola,JASANL010321685.1_De_9_6002,0.8305370467715002,-0.10273480599088491,1,1,6,yes,JASANL010321685.1_De,0.45069011110766266,0.8343208024710802,0.38363069136341754,1.4097668395162066,0.050239689671671084,FALSE,FALSE,FALSE,TRUE,one_sided_terminal_pileup_v1,retained
monticola,D. monticola,JASANL010326219.1_De_895_6248,0.42376914437539054,0.45222726939206775,0.9929577464788732,1,5,no,JASANL010326219.1_De,0.45069011110766266,0.8343208024710802,0.38363069136341754,1.4097668395162066,0.025634052555041024,FALSE,FALSE,FALSE,TRUE,one_sided_terminal_pileup_v1,retained
monticola,D. monticola,JASANL010363239.1_De_4251_9542,0.28137340740439165,1.6524685422744594,1,1,6,yes,JASANL010363239.1_De,0.45069011110766266,0.8343208024710802,0.38363069136341754,1.4097668395162066,0.01702044806406629,FALSE,FALSE,FALSE,TRUE,one_sided_terminal_pileup_v1,retained
monticola,D. monticola,JASANL010376720.1_De_953_5860,1.0390227569443389,-0.454161530451457,1,1,6,no,JASANL010376720.1_De,0.45069011110766266,0.8343208024710802,0.38363069136341754,1.4097668395162066,0.0628511167245369,FALSE,FALSE,FALSE,TRUE,one_sided_terminal_pileup_v1,retained
monticola,D. monticola,JASANL010380803.1_De_574_5838,0.9754102613749408,0.1553383762066223,1,1,5,no,JASANL010380803.1_De,0.45069011110766266,0.8343208024710802,0.38363069136341754,1.4097668395162066,0.05900315828719777,FALSE,FALSE,FALSE,TRUE,one_sided_terminal_pileup_v1,retained
monticola,D. monticola,JASANL010387535.1_De_25_5465,0.6698505096063124,0.0803404487201136,0.9857621440536012,1,6,yes,JASANL010387535.1_De,0.45069011110766266,0.8343208024710802,0.38363069136341754,1.4097668395162066,0.04051966358376136,FALSE,FALSE,FALSE,TRUE,one_sided_terminal_pileup_v1,retained
monticola,D. monticola,JASANL010394161.1_De_175_5814,0.4594071180741741,-1.7503109717540528,1,1,6,yes,JASANL010394161.1_De,0.45069011110766266,0.8343208024710802,0.38363069136341754,1.4097668395162066,0.027789815198157236,FALSE,FALSE,FALSE,TRUE,one_sided_terminal_pileup_v1,retained
monticola,D. monticola,JASANL010396370.1_De_668_6772,1.2331062328764697,-1.75224849345616,1,1,5,no,JASANL010396370.1_De,0.45069011110766266,0.8343208024710802,0.38363069136341754,1.4097668395162066,0.07459134389337038,FALSE,FALSE,FALSE,TRUE,one_sided_terminal_pileup_v1,retained
monticola,D. monticola,JASANL010427851.1_De_22_5514,0.8456720695698199,-0.03416048760157959,1,1,6,no,JASANL010427851.1_De,0.45069011110766266,0.8343208024710802,0.38363069136341754,1.4097668395162066,0.05115521637998232,FALSE,FALSE,FALSE,TRUE,one_sided_terminal_pileup_v1,retained
monticola,D. monticola,JASANL010447742.1_De_95_5475,0.6691348416942986,-1.496760132154853,1,1,6,yes,JASANL010447742.1_De,0.45069011110766266,0.8343208024710802,0.38363069136341754,1.4097668395162066,0.040476372397718174,FALSE,FALSE,FALSE,TRUE,one_sided_terminal_pileup_v1,retained
monticola,D. monticola,JASANL010466091.1_De_1030_5192,0.5178563844755807,0.5338821870185595,1,1,5,no,JASANL010466091.1_De,0.45069011110766266,0.8343208024710802,0.38363069136341754,1.4097668395162066,0.03132544677167739,FALSE,FALSE,FALSE,TRUE,one_sided_terminal_pileup_v1,retained
monticola,D. monticola,JASANL010468963.1_De_9_5357,0.4245390902081282,-0.6422968744884826,1,1,5,no,JASANL010468963.1_De,0.45069011110766266,0.8343208024710802,0.38363069136341754,1.4097668395162066,0.02568062704542782,FALSE,FALSE,FALSE,TRUE,one_sided_terminal_pileup_v1,retained
monticola,D. monticola,JASANL010480346.1_De_7_5787,0.2643958035247263,-0.5400523684334074,1,1,5,no,JASANL010480346.1_De,0.45069011110766266,0.8343208024710802,0.38363069136341754,1.4097668395162066,0.015993462508637344,FALSE,FALSE,FALSE,TRUE,one_sided_terminal_pileup_v1,retained
monticola,D. monticola,JASANL010549986.1_De_25_6060,0.608658204955292,-0.759121861797418,1,1,6,no,JASANL010549986.1_De,0.45069011110766266,0.8343208024710802,0.38363069136341754,1.4097668395162066,0.03681810396289664,FALSE,FALSE,FALSE,TRUE,one_sided_terminal_pileup_v1,retained
monticola,D. monticola,JASANL010662835.1_De_1819_7852,0.5126173361264703,1.3758270309462357,0.9982653946227232,1,5,no,JASANL010662835.1_De,0.45069011110766266,0.8343208024710802,0.38363069136341754,1.4097668395162066,0.031008533559608954,FALSE,FALSE,FALSE,TRUE,one_sided_terminal_pileup_v1,retained
monticola,D. monticola,JASANL010724800.1_De_1316_7281,0.7566837552377009,-0.00677911885376745,1,0.9775583482944344,5,no,JASANL010724800.1_De,0.45069011110766266,0.8343208024710802,0.38363069136341754,1.4097668395162066,0.04577225927550438,FALSE,FALSE,FALSE,TRUE,one_sided_terminal_pileup_v1,retained
monticola,D. monticola,JASANL010947253.1_De_1028_6810,0.4182020372365534,-0.04185722677688513,1,1,6,yes,JASANL010947253.1_De,0.45069011110766266,0.8343208024710802,0.38363069136341754,1.4097668395162066,0.025297294867817625,FALSE,FALSE,FALSE,TRUE,one_sided_terminal_pileup_v1,retained
monticola,D. monticola,JASANL010966071.1_De_967_7170,0.6048962012790825,1.5251754984620285,1,1,5,no,JASANL010966071.1_De,0.45069011110766266,0.8343208024710802,0.38363069136341754,1.4097668395162066,0.036590538078904895,FALSE,FALSE,FALSE,TRUE,one_sided_terminal_pileup_v1,retained
monticola,D. monticola,JASANL010973812.1_De_387_6755,0.6895095245872135,0.671752132296987,1,1,6,yes,JASANL010973812.1_De,0.45069011110766266,0.8343208024710802,0.38363069136341754,1.4097668395162066,0.04170884932295324,FALSE,FALSE,FALSE,TRUE,one_sided_terminal_pileup_v1,retained
monticola,D. monticola,JASANL011022535.1_De_58_6390,0.35653023047038335,-0.04316901560339341,1,1,6,yes,JASANL011022535.1_De,0.45069011110766266,0.8343208024710802,0.38363069136341754,1.4097668395162066,0.021566729873194232,FALSE,FALSE,FALSE,TRUE,one_sided_terminal_pileup_v1,retained
monticola,D. monticola,JASANL011075703.1_De_332_6992,1.6952102876973727,-0.31557799364519024,1,1,6,no,JASANL011075703.1_De,0.45069011110766266,0.8343208024710802,0.38363069136341754,1.4097668395162066,0.10254429843100257,TRUE,FALSE,FALSE,TRUE,one_sided_terminal_pileup_v1,retained
ocoee,D. ocoee,JASBQK010084442.1_De_19_5708,1.3360590107909165,-3.212784845882419,1,1,5,no,JASBQK010084442.1_De,0.5075304132743189,0.9043738426153197,0.3968434293410008,1.499638986626821,0.033641926964021365,FALSE,FALSE,FALSE,TRUE,one_sided_terminal_pileup_v1,retained
ocoee,D. ocoee,JASBQK010122219.1_De_4247_10033,0.3544586278996218,0.6654273389652419,1,1,5,no,JASBQK010122219.1_De,0.5075304132743189,0.9043738426153197,0.3968434293410008,1.499638986626821,0.008925257922931988,FALSE,FALSE,FALSE,TRUE,one_sided_terminal_pileup_v1,retained
ocoee,D. ocoee,JASBQK010133370.1_De_3364_10023,0.9783889721225076,0.2040784386270661,1,1,5,no,JASBQK010133370.1_De,0.5075304132743189,0.9043738426153197,0.3968434293410008,1.499638986626821,0.024635805811499652,FALSE,FALSE,FALSE,TRUE,one_sided_terminal_pileup_v1,retained
ocoee,D. ocoee,JASBQK010136702.1_De_193_6700,0.8174246442320466,1.816452136050213,0.9992790194664743,1,5,no,JASBQK010136702.1_De,0.5075304132743189,0.9043738426153197,0.3968434293410008,1.499638986626821,0.020582728725108065,FALSE,FALSE,FALSE,TRUE,one_sided_terminal_pileup_v1,retained
ocoee,D. ocoee,JASBQK010136925.1_De_1133_6563,0.21246499437842095,1.6961693142700407,0.8604651162790697,1,5,no,JASBQK010136925.1_De,0.5075304132743189,0.9043738426153197,0.3968434293410008,1.499638986626821,0.005349862368024263,FALSE,FALSE,FALSE,TRUE,one_sided_terminal_pileup_v1,retained
ocoee,D. ocoee,JASBQK010147252.1_De_535_6391,1.3127356195808306,-0.4206638461388681,1,1,5,no,JASBQK010147252.1_De,0.5075304132743189,0.9043738426153197,0.3968434293410008,1.499638986626821,0.03305464465290659,FALSE,FALSE,FALSE,TRUE,one_sided_terminal_pileup_v1,retained
ocoee,D. ocoee,JASBQK010160137.1_De_14_6315,0.7502251503114996,0.30863747389590573,1,1,5,no,JASBQK010160137.1_De,0.5075304132743189,0.9043738426153197,0.3968434293410008,1.499638986626821,0.018890647426127158,FALSE,FALSE,FALSE,TRUE,one_sided_terminal_pileup_v1,retained
ocoee,D. ocoee,JASBQK010161136.1_De_17_5524,0.658456890433738,-0.21112009959378564,1,1,5,no,JASBQK010161136.1_De,0.5075304132743189,0.9043738426153197,0.3968434293410008,1.499638986626821,0.016579925316184272,FALSE,FALSE,FALSE,TRUE,one_sided_terminal_pileup_v1,retained
ocoee,D. ocoee,JASBQK010166358.1_De_797_6280,13.397042913363618,1.328515477386784,1,1,5,no,JASBQK010166358.1_De,0.5075304132743189,0.9043738426153197,0.3968434293410008,1.499638986626821,0.33733715021946026,TRUE,FALSE,FALSE,TRUE,one_sided_terminal_pileup_v1,retained
ocoee,D. ocoee,JASBQK010176800.1_De_8_5497,0.4765457612911779,-0.8462612574138466,1,1,6,yes,JASBQK010176800.1_De,0.5075304132743189,0.9043738426153197,0.3968434293410008,1.499638986626821,0.011999408384575198,FALSE,FALSE,FALSE,TRUE,one_sided_terminal_pileup_v1,retained
ocoee,D. ocoee,JASBQK010181132.1_De_16_6111,0.6938678611749023,0.3930358736075247,1,1,5,no,JASBQK010181132.1_De,0.5075304132743189,0.9043738426153197,0.3968434293410008,1.499638986626821,0.017471572527705363,FALSE,FALSE,FALSE,TRUE,one_sided_terminal_pileup_v1,retained
ocoee,D. ocoee,JASBQK010187133.1_De_9_6119,0.6092633298174583,0.11785767398278806,1,1,5,no,JASBQK010187133.1_De,0.5075304132743189,0.9043738426153197,0.3968434293410008,1.499638986626821,0.01534123289318019,FALSE,FALSE,FALSE,TRUE,one_sided_terminal_pileup_v1,retained
ocoee,D. ocoee,JASBQK010187688.1_De_384_6081,1.0522702581871757,-0.8203340925559581,1,1,6,no,JASBQK010187688.1_De,0.5075304132743189,0.9043738426153197,0.3968434293410008,1.499638986626821,0.02649613444198744,FALSE,FALSE,FALSE,TRUE,one_sided_terminal_pileup_v1,retained
ocoee,D. ocoee,JASBQK010197797.1_De_4082_9235,0.2273541608488122,1.2516838295270136,0.986046511627907,1,6,yes,JASBQK010197797.1_De,0.5075304132743189,0.9043738426153197,0.3968434293410008,1.499638986626821,0.005724771145934856,FALSE,FALSE,FALSE,TRUE,one_sided_terminal_pileup_v1,retained
ocoee,D. ocoee,JASBQK010200686.1_De_5_5527,0.546523381666171,1.4315090877225445,1,1,6,no,JASBQK010200686.1_De,0.5075304132743189,0.9043738426153197,0.3968434293410008,1.499638986626821,0.013761442826734985,FALSE,FALSE,FALSE,TRUE,one_sided_terminal_pileup_v1,retained
ocoee,D. ocoee,JASBQK010206351.1_De_32_5962,0.7064049526523112,1.5617550103911733,1,1,6,yes,JASBQK010206351.1_De,0.5075304132743189,0.9043738426153197,0.3968434293410008,1.499638986626821,0.017787256125823207,FALSE,FALSE,FALSE,TRUE,one_sided_terminal_pileup_v1,retained
ocoee,D. ocoee,JASBQK010221462.1_De_17_5867,0.4331854897581281,0.6393929731981451,1,1,5,no,JASBQK010221462.1_De,0.5075304132743189,0.9043738426153197,0.3968434293410008,1.499638986626821,0.010907598010726915,FALSE,FALSE,FALSE,TRUE,one_sided_terminal_pileup_v1,retained
ocoee,D. ocoee,JASBQK010226459.1_De_140_5045,0.4379096986318259,0.1976317777084214,0.996268656716418,1,6,no,JASBQK010226459.1_De,0.5075304132743189,0.9043738426153197,0.3968434293410008,1.499638986626821,0.011026553452521091,FALSE,FALSE,FALSE,TRUE,one_sided_terminal_pileup_v1,retained
ocoee,D. ocoee,JASBQK010306673.1_De_17_5698,0.5652312145706941,-0.66146735519312,1,1,5,no,JASBQK010306673.1_De,0.5075304132743189,0.9043738426153197,0.3968434293410008,1.499638986626821,0.014232505514195559,FALSE,FALSE,FALSE,TRUE,one_sided_terminal_pileup_v1,retained
ocoee,D. ocoee,JASBQK010377779.1_De_781_6221,0.37339518450795023,0.6023423575420181,1,1,5,no,JASBQK010377779.1_De,0.5075304132743189,0.9043738426153197,0.3968434293410008,1.499638986626821,0.009402079866590236,FALSE,FALSE,FALSE,TRUE,one_sided_terminal_pileup_v1,retained
ocoee,D. ocoee,JASBQK010429994.1_De_5217_12150,0.5393724219813701,0.36122601191071246,1,1,5,no,JASBQK010429994.1_De,0.5075304132743189,0.9043738426153197,0.3968434293410008,1.499638986626821,0.013581381870223553,FALSE,FALSE,FALSE,TRUE,one_sided_terminal_pileup_v1,retained
ocoee,D. ocoee,JASBQK010574427.1_De_6_11606,2.542896713586668,-0.23460401261528743,1,1,6,no,JASBQK010574427.1_De,0.5075304132743189,0.9043738426153197,0.3968434293410008,1.499638986626821,0.06403006515774344,TRUE,FALSE,FALSE,TRUE,one_sided_terminal_pileup_v1,retained
ocoee,D. ocoee,JASBQK010663306.1_De_566_6877,1.267575825368009,0.3525819938369304,1,1,5,no,JASBQK010663306.1_De,0.5075304132743189,0.9043738426153197,0.3968434293410008,1.499638986626821,0.031917522350412925,FALSE,FALSE,FALSE,TRUE,one_sided_terminal_pileup_v1,retained
ocoee,D. ocoee,JASBQK010663307.1_De_5_6292,0.6613184807132935,-0.377377895306472,1,1,6,no,JASBQK010663307.1_De,0.5075304132743189,0.9043738426153197,0.3968434293410008,1.499638986626821,0.01665198007604759,FALSE,FALSE,FALSE,TRUE,one_sided_terminal_pileup_v1,retained
ocoee,D. ocoee,JASBQK010792185.1_De_474_7209,0.7091832980566098,0.3390471219396803,1,1,5,no,JASBQK010792185.1_De,0.5075304132743189,0.9043738426153197,0.3968434293410008,1.499638986626821,0.017857214782152995,FALSE,FALSE,FALSE,TRUE,one_sided_terminal_pileup_v1,retained
ocoee,D. ocoee,JASBQK010836627.1_De_13_6026,0.5100028142952978,-0.5577246869805549,1,1,5,no,JASBQK010836627.1_De,0.5075304132743189,0.9043738426153197,0.3968434293410008,1.499638986626821,0.012841856004407265,FALSE,FALSE,FALSE,TRUE,one_sided_terminal_pileup_v1,retained
ocoee,D. ocoee,JASBQK010852183.1_De_82_6940,0.7138097412818263,1.5255811782704969,1,0.9794576828266228,5,no,JASBQK010852183.1_De,0.5075304132743189,0.9043738426153197,0.3968434293410008,1.499638986626821,0.017973708487766932,FALSE,FALSE,FALSE,TRUE,one_sided_terminal_pileup_v1,retained
ocoee,D. ocoee,JASBQK010907738.1_De_4170_10242,0.6380183501190129,1.6686696890690356,1,1,5,no,JASBQK010907738.1_De,0.5075304132743189,0.9043738426153197,0.3968434293410008,1.499638986626821,0.016065283466561067,FALSE,FALSE,FALSE,TRUE,one_sided_terminal_pileup_v1,retained
ocoee,D. ocoee,JASBQK010972175.1_De_1212_6939,0.9333569087430774,0.4496854303239112,1,1,5,no,JASBQK010972175.1_De,0.5075304132743189,0.9043738426153197,0.3968434293410008,1.499638986626821,0.02350189976766919,FALSE,FALSE,FALSE,TRUE,one_sided_terminal_pileup_v1,retained
ocoee,D. ocoee,JASBQK011007728.1_De_111_6880,0.7488493693817834,-0.43961671438382305,1,1,6,yes,JASBQK011007728.1_De,0.5075304132743189,0.9043738426153197,0.3968434293410008,1.499638986626821,0.018856005302401942,FALSE,FALSE,FALSE,TRUE,one_sided_terminal_pileup_v1,retained
ocoee,D. ocoee,JASBQK011018837.1_De_16_5722,0.6106879826338389,1.33228419711927,1,1,5,no,JASBQK011018837.1_De,0.5075304132743189,0.9043738426153197,0.3968434293410008,1.499638986626821,0.015377105609587672,FALSE,FALSE,FALSE,TRUE,one_sided_terminal_pileup_v1,retained
ocoee,D. ocoee,JASBQK011054389.1_De_6_5553,2.9122864672337925,-3.13336035879841,1,1,6,yes,JASBQK011054389.1_De,0.5075304132743189,0.9043738426153197,0.3968434293410008,1.499638986626821,0.07333128839196117,TRUE,FALSE,FALSE,TRUE,one_sided_terminal_pileup_v1,retained
ocoee,D. ocoee,JASBQK011061055.1_De_1066_6825,0.5067062796006593,0.4850727261460438,0.9965576592082616,1,5,no,JASBQK011061055.1_De,0.5075304132743189,0.9043738426153197,0.3968434293410008,1.499638986626821,0.012758849356844789,FALSE,FALSE,FALSE,TRUE,one_sided_terminal_pileup_v1,retained
ocoee,D. ocoee,JASBQK011107721.1_De_154_6753,0.4808319614615243,0.8976238656525507,1,1,5,no,JASBQK011107721.1_De,0.5075304132743189,0.9043738426153197,0.3968434293410008,1.499638986626821,0.012107334779980897,FALSE,FALSE,FALSE,TRUE,one_sided_terminal_pileup_v1,retained
orestes,D. orestes,JASBQG010001193.1_De_210_6067,0.3777042168722165,-0.13274358951742998,0.9987046632124352,1,5,no,JASBQG010001193.1_De,0.5269833578791102,1.0382126190488505,0.5112292611697403,1.805056510803461,0.011897121711626848,FALSE,FALSE,FALSE,TRUE,one_sided_terminal_pileup_v1,retained
orestes,D. orestes,JASBQG010001523.1_De_27_6058,0.6545021943728504,0.8047765163157868,1,1,5,no,JASBQG010001523.1_De,0.5269833578791102,1.0382126190488505,0.5112292611697403,1.805056510803461,0.020615846790016164,FALSE,FALSE,FALSE,TRUE,one_sided_terminal_pileup_v1,retained
orestes,D. orestes,JASBQG010003622.1_De_9_6039,0.3858792908428285,0.1741857910166438,0.9988276670574444,1,5,no,JASBQG010003622.1_De,0.5269833578791102,1.0382126190488505,0.5112292611697403,1.805056510803461,0.012154624396757917,FALSE,FALSE,FALSE,TRUE,one_sided_terminal_pileup_v1,retained
orestes,D. orestes,JASBQG010005279.1_De_5_6008,1.1053852451809951,-0.14386461061169795,1,1,5,no,JASBQG010005279.1_De,0.5269833578791102,1.0382126190488505,0.5112292611697403,1.805056510803461,0.034817993055671785,FALSE,FALSE,FALSE,TRUE,one_sided_terminal_pileup_v1,retained
orestes,D. orestes,JASBQG010033001.1_De_8_5735,0.7001116739598785,-1.9905916485557795,1,1,6,no,JASBQG010033001.1_De,0.5269833578791102,1.0382126190488505,0.5112292611697403,1.805056510803461,0.02205247763926721,FALSE,FALSE,FALSE,TRUE,one_sided_terminal_pileup_v1,retained
orestes,D. orestes,JASBQG010082974.1_De_821_6341,0.5725847543553303,0.8889364631240914,1,1,6,no,JASBQG010082974.1_De,0.5269833578791102,1.0382126190488505,0.5112292611697403,1.805056510803461,0.018035569126547437,FALSE,FALSE,FALSE,TRUE,one_sided_terminal_pileup_v1,retained
orestes,D. orestes,JASBQG010089601.1_De_428_6722,0.7944993900430685,-0.2939713700211318,1,1,6,yes,JASBQG010089601.1_De,0.5269833578791102,1.0382126190488505,0.5112292611697403,1.805056510803461,0.025025550472881082,FALSE,FALSE,FALSE,TRUE,one_sided_terminal_pileup_v1,retained
orestes,D. orestes,JASBQG010098118.1_De_16_5228,0.33550499331960987,1.2480028329345416,0.961764705882353,1,5,no,JASBQG010098118.1_De,0.5269833578791102,1.0382126190488505,0.5112292611697403,1.805056510803461,0.010567908861161471,FALSE,FALSE,FALSE,TRUE,one_sided_terminal_pileup_v1,retained
orestes,D. orestes,JASBQG010132264.1_De_29_5020,0.5298347883695796,0.5334110178766355,1,1,6,no,JASBQG010132264.1_De,0.5269833578791102,1.0382126190488505,0.5112292611697403,1.805056510803461,0.016689008707624575,FALSE,FALSE,FALSE,TRUE,one_sided_terminal_pileup_v1,retained
orestes,D. orestes,JASBQG010143771.1_De_1008_4654,1.4199550744414378,-5.772042861926412,1,0.9699338544798556,5,no,JASBQG010143771.1_De,0.5269833578791102,1.0382126190488505,0.5112292611697403,1.805056510803461,0.04472647535038575,FALSE,FALSE,FALSE,TRUE,one_sided_terminal_pileup_v1,retained
orestes,D. orestes,JASBQG010221184.1_De_1432_7138,2.6416896011349262,3.011429402707748,1,1,5,no,JASBQG010221184.1_De,0.5269833578791102,1.0382126190488505,0.5112292611697403,1.805056510803461,0.08320929792444963,TRUE,FALSE,FALSE,TRUE,one_sided_terminal_pileup_v1,retained
orestes,D. orestes,JASBQG010225612.1_De_1588_7452,2.0997495895314295,0.21681586868826527,1,1,6,yes,JASBQG010225612.1_De,0.5269833578791102,1.0382126190488505,0.5112292611697403,1.805056510803461,0.06613899266855526,TRUE,FALSE,FALSE,TRUE,one_sided_terminal_pileup_v1,retained
orestes,D. orestes,JASBQG010285370.1_De_2095_7361,0.7328748256855339,1.480564837914484,1,1,5,no,JASBQG010285370.1_De,0.5269833578791102,1.0382126190488505,0.5112292611697403,1.805056510803461,0.02308446824547347,FALSE,FALSE,FALSE,TRUE,one_sided_terminal_pileup_v1,retained
orestes,D. orestes,JASBQG010339597.1_De_18_6897,0.6886941511469149,0.6012645710001007,1,1,5,no,JASBQG010339597.1_De,0.5269833578791102,1.0382126190488505,0.5112292611697403,1.805056510803461,0.02169284263260521,FALSE,FALSE,FALSE,TRUE,one_sided_terminal_pileup_v1,retained
orestes,D. orestes,JASBQG010375007.1_De_5_4007,0.6970234988634822,0.6575137497912198,1,1,5,no,JASBQG010375007.1_De,0.5269833578791102,1.0382126190488505,0.5112292611697403,1.805056510803461,0.02195520471154379,FALSE,FALSE,FALSE,TRUE,one_sided_terminal_pileup_v1,retained
orestes,D. orestes,JASBQG010420406.1_De_3901_10163,0.5579223547248299,-0.42749176213973294,1,1,6,yes,JASBQG010420406.1_De,0.5269833578791102,1.0382126190488505,0.5112292611697403,1.805056510803461,0.01757372532074319,FALSE,FALSE,FALSE,TRUE,one_sided_terminal_pileup_v1,retained
orestes,D. orestes,JASBQG010464709.1_De_9_5830,0.5009749610207995,-1.5318246679130278,1,1,6,yes,JASBQG010464709.1_De,0.5269833578791102,1.0382126190488505,0.5112292611697403,1.805056510803461,0.015779967020485734,FALSE,FALSE,FALSE,TRUE,one_sided_terminal_pileup_v1,retained
orestes,D. orestes,JASBQG010470239.1_De_732_6475,0.5038351645577286,-4.414935082396331,1,1,5,no,JASBQG010470239.1_De,0.5269833578791102,1.0382126190488505,0.5112292611697403,1.805056510803461,0.01587005918276197,FALSE,FALSE,FALSE,TRUE,one_sided_terminal_pileup_v1,retained
orestes,D. orestes,JASBQG010497932.1_De_7_6051,0.7903758737493488,-0.950917516251777,1,1,5,no,JASBQG010497932.1_De,0.5269833578791102,1.0382126190488505,0.5112292611697403,1.805056510803461,0.024895665835551615,FALSE,FALSE,FALSE,TRUE,one_sided_terminal_pileup_v1,retained
orestes,D. orestes,JASBQG010520086.1_De_881_6737,0.3470098891006875,-0.13237332085138337,0.9988412514484356,1,5,no,JASBQG010520086.1_De,0.5269833578791102,1.0382126190488505,0.5112292611697403,1.805056510803461,0.01093029598651721,FALSE,FALSE,FALSE,TRUE,one_sided_terminal_pileup_v1,retained
orestes,D. orestes,JASBQG010610865.1_De_920_6555,0.8050309749948117,1.2326219337384852,1,1,5,no,JASBQG010610865.1_De,0.5269833578791102,1.0382126190488505,0.5112292611697403,1.805056510803461,0.025357279753069704,FALSE,FALSE,FALSE,TRUE,one_sided_terminal_pileup_v1,retained
orestes,D. orestes,JASBQG010619733.1_De_13_6092,0.356683034698335,1.308063330599162,1,1,5,no,JASBQG010619733.1_De,0.5269833578791102,1.0382126190488505,0.5112292611697403,1.805056510803461,0.011234985702354918,FALSE,FALSE,FALSE,TRUE,one_sided_terminal_pileup_v1,retained
orestes,D. orestes,JASBQG010669571.1_De_976_6565,1.7972188025188582,0.8374403629497552,1,1,5,no,JASBQG010669571.1_De,0.5269833578791102,1.0382126190488505,0.5112292611697403,1.805056510803461,0.05660972231936955,FALSE,FALSE,FALSE,TRUE,one_sided_terminal_pileup_v1,retained
orestes,D. orestes,JASBQG010672896.1_De_11_5940,0.7171321757135115,0.22827659516791304,0.9986996098829648,1,6,no,JASBQG010672896.1_De,0.5269833578791102,1.0382126190488505,0.5112292611697403,1.805056510803461,0.022588598158738236,FALSE,FALSE,FALSE,TRUE,one_sided_terminal_pileup_v1,retained
orestes,D. orestes,JASBQG010676220.1_De_252_6418,1.015821743671469,-1.0068299501072149,1,1,5,no,JASBQG010676220.1_De,0.5269833578791102,1.0382126190488505,0.5112292611697403,1.805056510803461,0.03199687581424368,FALSE,FALSE,FALSE,TRUE,one_sided_terminal_pileup_v1,retained
orestes,D. orestes,JASBQG010733842.1_De_10_6474,1.7503899851494238,0.18273977293869853,1,1,5,no,JASBQG010733842.1_De,0.5269833578791102,1.0382126190488505,0.5112292611697403,1.805056510803461,0.055134684141428865,FALSE,FALSE,FALSE,TRUE,one_sided_terminal_pileup_v1,retained
orestes,D. orestes,JASBQG010753785.1_De_18_5887,0.5515462717092747,-1.712024545365889,0.9973045822102424,1,5,no,JASBQG010753785.1_De,0.5269833578791102,1.0382126190488505,0.5112292611697403,1.805056510803461,0.01737288817810372,FALSE,FALSE,FALSE,TRUE,one_sided_terminal_pileup_v1,retained
orestes,D. orestes,JASBQG010836898.1_De_203_5410,3.7209721737633026,0.4619932105895439,1,1,6,yes,JASBQG010836898.1_De,0.5269833578791102,1.0382126190488505,0.5112292611697403,1.805056510803461,0.1172050955730145,TRUE,FALSE,FALSE,TRUE,one_sided_terminal_pileup_v1,retained
orestes,D. orestes,JASBQG010847467.1_De_12_5182,0.5184290664077018,0.5763978571746317,1,1,6,no,JASBQG010847467.1_De,0.5269833578791102,1.0382126190488505,0.5112292611697403,1.805056510803461,0.01632974541024036,FALSE,FALSE,FALSE,TRUE,one_sided_terminal_pileup_v1,retained
orestes,D. orestes,JASBQG010853981.1_De_1898_8393,0.717116439525145,-1.863694755555389,1,1,6,no,JASBQG010853981.1_De,0.5269833578791102,1.0382126190488505,0.5112292611697403,1.805056510803461,0.022588102492182478,FALSE,FALSE,FALSE,TRUE,one_sided_terminal_pileup_v1,retained
orestes,D. orestes,JASBQG010856965.1_De_835_6098,2.5977187477911676,0.32633317695443814,1,1,6,yes,JASBQG010856965.1_De,0.5269833578791102,1.0382126190488505,0.5112292611697403,1.805056510803461,0.08182428136750775,TRUE,FALSE,FALSE,TRUE,one_sided_terminal_pileup_v1,retained
orestes,D. orestes,JASBQG010857297.1_De_589_6011,0.7633580793288964,0.1346998791996584,1,1,6,yes,JASBQG010857297.1_De,0.5269833578791102,1.0382126190488505,0.5112292611697403,1.805056510803461,0.024044645449118964,FALSE,FALSE,FALSE,TRUE,one_sided_terminal_pileup_v1,retained
organi,D. organi,JASDQV010060661.1_De_724_5647,0.481912455855647,0.4553811443157067,1,1,6,no,JASDQV010060661.1_De,0.3967710533662532,0.7934010050478963,0.39662995168164317,1.388345932570361,0.03961075765145202,FALSE,FALSE,FALSE,TRUE,one_sided_terminal_pileup_v1,retained
organi,D. organi,JASDQV010068727.1_De_7_5432,0.35404579607039943,-0.938521924402226,1,1,5,no,JASDQV010068727.1_De,0.3967710533662532,0.7934010050478963,0.39662995168164317,1.388345932570361,0.029100767276828345,FALSE,FALSE,FALSE,TRUE,one_sided_terminal_pileup_v1,retained
organi,D. organi,JASDQV010073255.1_De_1183_14007,0.5885079254425031,-0.354686975452528,1,1,5,no,JASDQV010073255.1_De,0.3967710533662532,0.7934010050478963,0.39662995168164317,1.388345932570361,0.04837236416575313,FALSE,FALSE,FALSE,TRUE,one_sided_terminal_pileup_v1,retained
organi,D. organi,JASDQV010077565.1_De_6_4757,0.8737003874164283,-1.0294288469968491,1,1,6,yes,JASDQV010077565.1_De,0.3967710533662532,0.7934010050478963,0.39662995168164317,1.388345932570361,0.07181373688398378,FALSE,FALSE,FALSE,TRUE,one_sided_terminal_pileup_v1,retained
organi,D. organi,JASDQV010107515.1_De_14_5142,0.51405748883035,0.8637723243764888,1,1,6,yes,JASDQV010107515.1_De,0.3967710533662532,0.7934010050478963,0.39662995168164317,1.388345932570361,0.042252916191633634,FALSE,FALSE,FALSE,TRUE,one_sided_terminal_pileup_v1,retained
organi,D. organi,JASDQV010108619.1_De_6_6944,0.8642379028173762,0.6466899409658301,1,1,6,no,JASDQV010108619.1_De,0.3967710533662532,0.7934010050478963,0.39662995168164317,1.388345932570361,0.07103596868214689,FALSE,FALSE,FALSE,TRUE,one_sided_terminal_pileup_v1,retained
organi,D. organi,JASDQV010109727.1_De_2761_8004,0.6631480470769416,0.29896216768848605,1,1,6,yes,JASDQV010109727.1_De,0.3967710533662532,0.7934010050478963,0.39662995168164317,1.388345932570361,0.05450740328585061,FALSE,FALSE,FALSE,TRUE,one_sided_terminal_pileup_v1,retained
organi,D. organi,JASDQV010118571.1_De_1379_7011,0.18801490088778164,-1.231882311351205,1,1,5,no,JASDQV010118571.1_De,0.3967710533662532,0.7934010050478963,0.39662995168164317,1.388345932570361,0.01545387047675419,FALSE,FALSE,FALSE,TRUE,one_sided_terminal_pileup_v1,retained
organi,D. organi,JASDQV010119678.1_De_11_7315,0.8241759766919126,-0.8455813583059396,1,1,5,no,JASDQV010119678.1_De,0.3967710533662532,0.7934010050478963,0.39662995168164317,1.388345932570361,0.06774308171165228,FALSE,FALSE,FALSE,TRUE,one_sided_terminal_pileup_v1,retained
organi,D. organi,JASDQV010139570.1_De_665_6248,0.3366035732451172,2.0838177634940864,1,1,6,no,JASDQV010139570.1_De,0.3967710533662532,0.7934010050478963,0.39662995168164317,1.388345932570361,0.02766710509848068,FALSE,FALSE,FALSE,TRUE,one_sided_terminal_pileup_v1,retained
organi,D. organi,JASDQV010170520.1_De_1886_8227,0.8113129867681732,0.74020369400588,1,1,6,yes,JASDQV010170520.1_De,0.3967710533662532,0.7934010050478963,0.39662995168164317,1.388345932570361,0.06668580923331872,FALSE,FALSE,FALSE,TRUE,one_sided_terminal_pileup_v1,retained
organi,D. organi,JASDQV010183782.1_De_1373_8134,0.7231515251120596,-0.4401492922361371,1,1,5,no,JASDQV010183782.1_De,0.3967710533662532,0.7934010050478963,0.39662995168164317,1.388345932570361,0.05943938459866654,FALSE,FALSE,FALSE,TRUE,one_sided_terminal_pileup_v1,retained
organi,D. organi,JASDQV010299878.1_De_12_7124,0.4473247827603212,-0.21301026764601425,1,1,6,no,JASDQV010299878.1_De,0.3967710533662532,0.7934010050478963,0.39662995168164317,1.388345932570361,0.03676782649235996,FALSE,FALSE,FALSE,TRUE,one_sided_terminal_pileup_v1,retained
organi,D. organi,JASDQV010306515.1_De_6_5384,0.3967710533662532,-1.838375067804341,1,1,6,yes,JASDQV010306515.1_De,0.3967710533662532,0.7934010050478963,0.39662995168164317,1.388345932570361,0.032612566550281726,FALSE,FALSE,FALSE,TRUE,one_sided_terminal_pileup_v1,retained
organi,D. organi,JASDQV010318682.1_De_1446_7475,0.3516476500751498,2.3390430256844397,1,1,5,no,JASDQV010318682.1_De,0.3967710533662532,0.7934010050478963,0.39662995168164317,1.388345932570361,0.028903651849168415,FALSE,FALSE,FALSE,TRUE,one_sided_terminal_pileup_v1,retained
organi,D. organi,JASDQV010347456.1_De_923_7389,0.3394303173630414,-0.3822607818458728,0.993660855784469,1,6,yes,JASDQV010347456.1_De,0.3967710533662532,0.7934010050478963,0.39662995168164317,1.388345932570361,0.027899449116231705,FALSE,FALSE,FALSE,TRUE,one_sided_terminal_pileup_v1,retained
organi,D. organi,JASDQV010358515.1_De_5_6215,0.693194696749663,1.9098945881600489,1,1,6,no,JASDQV010358515.1_De,0.3967710533662532,0.7934010050478963,0.39662995168164317,1.388345932570361,0.056977085370143433,FALSE,FALSE,FALSE,TRUE,one_sided_terminal_pileup_v1,retained
organi,D. organi,JASDQV010523393.1_De_574_6910,0.5348472735475608,-0.3113298525849547,1,1,6,no,JASDQV010523393.1_De,0.3967710533662532,0.7934010050478963,0.39662995168164317,1.388345932570361,0.0439617309650496,FALSE,FALSE,FALSE,TRUE,one_sided_terminal_pileup_v1,retained
organi,D. organi,JASDQV010544417.1_De_6_5353,0.9275271178300076,2.0502457293571172,1,1,5,no,JASDQV010544417.1_De,0.3967710533662532,0.7934010050478963,0.39662995168164317,1.388345932570361,0.0762380208958936,FALSE,FALSE,FALSE,TRUE,one_sided_terminal_pileup_v1,retained
organi,D. organi,JASDQV010759292.1_De_113_6052,0.7934010050478963,2.1592201519593224,1,1,6,yes,JASDQV010759292.1_De,0.3967710533662532,0.7934010050478963,0.39662995168164317,1.388345932570361,0.0652135352583301,FALSE,FALSE,FALSE,TRUE,one_sided_terminal_pileup_v1,retained
organi,D. organi,JASDQV010995319.1_De_21_5557,0.4591885537451906,-1.8353325877693123,1,1,6,no,JASDQV010995319.1_De,0.3967710533662532,0.7934010050478963,0.39662995168164317,1.388345932570361,0.037742968246020615,FALSE,FALSE,FALSE,TRUE,one_sided_terminal_pileup_v1,retained
pascagoula,D. pascagoula,JASBQL010000082.1_De_2959_14752,0.8353017974115086,-0.24776955662245623,1,1,6,no,JASBQL010000082.1_De,0.48091811370134857,0.8753681226370583,0.39445000893570975,1.467043136040623,0.06738463796619769,FALSE,FALSE,FALSE,TRUE,one_sided_terminal_pileup_v1,retained
pascagoula,D. pascagoula,JASBQL010017678.1_De_189_5959,0.5016438641545179,1.3854682522862112,1,1,5,no,JASBQL010017678.1_De,0.48091811370134857,0.8753681226370583,0.39445000893570975,1.467043136040623,0.04046811616923131,FALSE,FALSE,FALSE,TRUE,one_sided_terminal_pileup_v1,retained
pascagoula,D. pascagoula,JASBQL010035502.1_De_2487_9054,1.0661023748957128,-0.9389615343260774,1,1,5,no,JASBQL010035502.1_De,0.48091811370134857,0.8753681226370583,0.39445000893570975,1.467043136040623,0.08600355319463053,FALSE,FALSE,FALSE,TRUE,one_sided_terminal_pileup_v1,retained
pascagoula,D. pascagoula,JASBQL010067933.1_De_5_5488,0.5080101277245705,0.14800176505951942,1,1,6,yes,JASBQL010067933.1_De,0.48091811370134857,0.8753681226370583,0.39445000893570975,1.467043136040623,0.04098168906850528,FALSE,FALSE,FALSE,TRUE,one_sided_terminal_pileup_v1,retained
pascagoula,D. pascagoula,JASBQL010162831.1_De_1086_7945,0.4008883265524966,1.1218510241039286,1,1,5,no,JASBQL010162831.1_De,0.48091811370134857,0.8753681226370583,0.39445000893570975,1.467043136040623,0.03234006539112786,FALSE,FALSE,FALSE,TRUE,one_sided_terminal_pileup_v1,retained
pascagoula,D. pascagoula,JASBQL010177213.1_De_4321_9360,0.1975874092586587,-1.0791472513689575,1,1,6,yes,JASBQL010177213.1_De,0.48091811370134857,0.8753681226370583,0.39445000893570975,1.467043136040623,0.015939575469408912,FALSE,FALSE,FALSE,TRUE,one_sided_terminal_pileup_v1,retained
pascagoula,D. pascagoula,JASBQL010191594.1_De_1451_7781,0.6555950378495783,1.121608165368517,1,1,5,no,JASBQL010191594.1_De,0.48091811370134857,0.8753681226370583,0.39445000893570975,1.467043136040623,0.05288751253119337,FALSE,FALSE,FALSE,TRUE,one_sided_terminal_pileup_v1,retained
pascagoula,D. pascagoula,JASBQL010199345.1_De_1527_7551,0.8753681226370583,0.9350216833133728,1,1,5,no,JASBQL010199345.1_De,0.48091811370134857,0.8753681226370583,0.39445000893570975,1.467043136040623,0.0706168288082695,FALSE,FALSE,FALSE,TRUE,one_sided_terminal_pileup_v1,retained
pascagoula,D. pascagoula,JASBQL010376608.1_De_1123_6739,0.6077264557052897,-2.1500755587845983,1,1,5,no,JASBQL010376608.1_De,0.48091811370134857,0.8753681226370583,0.39445000893570975,1.467043136040623,0.0490259057589539,FALSE,FALSE,FALSE,TRUE,one_sided_terminal_pileup_v1,retained
pascagoula,D. pascagoula,JASBQL010396560.1_De_140_6461,0.76259616941125,-2.312088058406378,1,1,5,no,JASBQL010396560.1_De,0.48091811370134857,0.8753681226370583,0.39445000893570975,1.467043136040623,0.06151940166946687,FALSE,FALSE,FALSE,TRUE,one_sided_terminal_pileup_v1,retained
pascagoula,D. pascagoula,JASBQL010419831.1_De_6_7020,0.04802257185200934,-0.37667448004442183,1,1,5,no,JASBQL010419831.1_De,0.48091811370134857,0.8753681226370583,0.39445000893570975,1.467043136040623,0.003874029277180124,FALSE,FALSE,FALSE,TRUE,one_sided_terminal_pileup_v1,retained
pascagoula,D. pascagoula,JASBQL010654109.1_De_4839_10110,1.674202407059341,-0.5166936681038854,1,1,5,no,JASBQL010654109.1_De,0.48091811370134857,0.8753681226370583,0.39445000893570975,1.467043136040623,0.1350595957430369,TRUE,FALSE,FALSE,TRUE,one_sided_terminal_pileup_v1,retained
pascagoula,D. pascagoula,JASBQL010656435.1_De_966_6553,1.3739614837775895,0.7501442834269094,1,1,5,no,JASBQL010656435.1_De,0.48091811370134857,0.8753681226370583,0.39445000893570975,1.467043136040623,0.11083885782451099,FALSE,FALSE,FALSE,TRUE,one_sided_terminal_pileup_v1,retained
pascagoula,D. pascagoula,JASBQL010657210.1_De_230_6236,1.227047429970154,-0.2220639378358557,1,0.9796292523935628,5,no,JASBQL010657210.1_De,0.48091811370134857,0.8753681226370583,0.39445000893570975,1.467043136040623,0.0989871530171724,FALSE,FALSE,FALSE,TRUE,one_sided_terminal_pileup_v1,retained
pascagoula,D. pascagoula,JASBQL010660307.1_De_5_5805,0.7634126655979518,0.3016896799644014,1,1,5,no,JASBQL010660307.1_De,0.48091811370134857,0.8753681226370583,0.39445000893570975,1.467043136040623,0.061585269239861413,FALSE,FALSE,FALSE,TRUE,one_sided_terminal_pileup_v1,retained
pascagoula,D. pascagoula,JASBQL010662965.1_De_6_5597,0.41764272847388045,-1.280299388317417,1,1,5,no,JASBQL010662965.1_De,0.48091811370134857,0.8753681226370583,0.39445000893570975,1.467043136040623,0.03369165988225814,FALSE,FALSE,FALSE,TRUE,one_sided_terminal_pileup_v1,retained
pascagoula,D. pascagoula,JASBQL010679113.1_De_165_6238,0.48091811370134857,1.0930303447753855,1,1,5,no,JASBQL010679113.1_De,0.48091811370134857,0.8753681226370583,0.39445000893570975,1.467043136040623,0.03879614898899484,FALSE,FALSE,FALSE,TRUE,one_sided_terminal_pileup_v1,retained
perlapsus,D. perlapsus,JAUEJI010000022.1_De_1221_10648,1.371025675886848,0.218571453452932,1,1,6,no,JAUEJI010000022.1_De,0.44793402614218514,0.8454572425865678,0.3975232164443827,1.4417420672531418,0.033443834488260174,FALSE,FALSE,FALSE,TRUE,one_sided_terminal_pileup_v1,retained
perlapsus,D. perlapsus,JAUEJI010004944.1_De_28_5982,0.4368484525023406,-1.5345805766283347,1,1,6,yes,JAUEJI010004944.1_De,0.44793402614218514,0.8454572425865678,0.3975232164443827,1.4417420672531418,0.010656173402799667,FALSE,FALSE,FALSE,TRUE,one_sided_terminal_pileup_v1,retained
perlapsus,D. perlapsus,JAUEJI010008139.1_De_13_5547,0.16198254853525915,-1.338766005769849,0.9760479041916168,1,5,no,JAUEJI010008139.1_De,0.44793402614218514,0.8454572425865678,0.3975232164443827,1.4417420672531418,0.00395128817678457,FALSE,FALSE,FALSE,TRUE,one_sided_terminal_pileup_v1,retained
perlapsus,D. perlapsus,JAUEJI010008800.1_De_801_6356,0.25272515534018364,2.4530886744324594,1,1,6,yes,JAUEJI010008800.1_De,0.44793402614218514,0.8454572425865678,0.3975232164443827,1.4417420672531418,0.006164799401550013,FALSE,FALSE,FALSE,TRUE,one_sided_terminal_pileup_v1,retained
perlapsus,D. perlapsus,JAUEJI010009244.1_De_10_6029,1.7891594318252153,1.9726173312151545,1,0.9978295185477506,5,no,JAUEJI010009244.1_De,0.44793402614218514,0.8454572425865678,0.3975232164443827,1.4417420672531418,0.043643494767059685,TRUE,FALSE,FALSE,TRUE,one_sided_terminal_pileup_v1,retained
perlapsus,D. perlapsus,JAUEJI010010016.1_De_990_6347,0.7367742561556442,-0.3052851907118547,1,1,6,no,JAUEJI010010016.1_De,0.44793402614218514,0.8454572425865678,0.3975232164443827,1.4417420672531418,0.017972352167760552,FALSE,FALSE,FALSE,TRUE,one_sided_terminal_pileup_v1,retained
perlapsus,D. perlapsus,JAUEJI010013336.1_De_6_6331,0.5760105631722496,-1.7128710784156114,1,1,5,no,JAUEJI010013336.1_De,0.44793402614218514,0.8454572425865678,0.3975232164443827,1.4417420672531418,0.014050795894658448,FALSE,FALSE,FALSE,TRUE,one_sided_terminal_pileup_v1,retained
perlapsus,D. perlapsus,JAUEJI010017742.1_De_2305_8063,0.9844581593768138,0.51459761541437965,1,1,5,no,JAUEJI010017742.1_De,0.44793402614218514,0.8454572425865678,0.3975232164443827,1.4417420672531418,0.024014178816540756,FALSE,FALSE,FALSE,TRUE,one_sided_terminal_pileup_v1,retained
perlapsus,D. perlapsus,JAUEJI010019616.1_De_17_6041,0.47374848999370384,-1.0360678006714328,1,1,5,no,JAUEJI010019616.1_De,0.44793402614218514,0.8454572425865678,0.3975232164443827,1.4417420672531418,0.011556286922317442,FALSE,FALSE,FALSE,TRUE,one_sided_terminal_pileup_v1,retained
perlapsus,D. perlapsus,JAUEJI010025242.1_De_240_6172,0.8286175502281788,0.22478292948121273,1,1,5,no,JAUEJI010025242.1_De,0.44793402614218514,0.8454572425865678,0.3975232164443827,1.4417420672531418,0.020212712782328616,FALSE,FALSE,FALSE,TRUE,one_sided_terminal_pileup_v1,retained
perlapsus,D. perlapsus,JAUEJI010026458.1_De_16_5454,3.96110805409675,0.467977403530285,1,1,5,no,JAUEJI010026458.1_De,0.44793402614218514,0.8454572425865678,0.3975232164443827,1.4417420672531418,0.09662447938156578,TRUE,FALSE,FALSE,TRUE,one_sided_terminal_pileup_v1,retained
perlapsus,D. perlapsus,JAUEJI010036496.1_De_3997_10071,0.420057167084363,-0.06886938529957326,1,0.9773448119619392,5,no,JAUEJI010036496.1_De,0.44793402614218514,0.8454572425865678,0.3975232164443827,1.4417420672531418,0.010246578615305457,FALSE,FALSE,FALSE,TRUE,one_sided_terminal_pileup_v1,retained
perlapsus,D. perlapsus,JAUEJI010040579.1_De_431_5988,0.5130329589943039,1.1652171830402027,0.9801375095492744,1,6,yes,JAUEJI010040579.1_De,0.44793402614218514,0.8454572425865678,0.3975232164443827,1.4417420672531418,0.01251456458430609,FALSE,FALSE,FALSE,TRUE,one_sided_terminal_pileup_v1,retained
perlapsus,D. perlapsus,JAUEJI010072927.1_De_4152_9486,1.1447294883415666,0.8323259096947516,1,1,5,no,JAUEJI010072927.1_De,0.44793402614218514,0.8454572425865678,0.3975232164443827,1.4417420672531418,0.027923724708628823,FALSE,FALSE,FALSE,TRUE,one_sided_terminal_pileup_v1,retained
perlapsus,D. perlapsus,JAUEJI010108264.1_De_1019_6920,0.5956296703157288,1.2554283939852977,1,1,5,no,JAUEJI010108264.1_De,0.44793402614218514,0.8454572425865678,0.3975232164443827,1.4417420672531418,0.014529370573203061,FALSE,FALSE,FALSE,TRUE,one_sided_terminal_pileup_v1,retained
perlapsus,D. perlapsus,JAUEJI010108925.1_De_11_5367,0.5083077740476989,0.02443249529390054,1,1,5,no,JAUEJI010108925.1_De,0.44793402614218514,0.8454572425865678,0.3975232164443827,1.4417420672531418,0.012399301751479524,FALSE,FALSE,FALSE,TRUE,one_sided_terminal_pileup_v1,retained
perlapsus,D. perlapsus,JAUEJI010109478.1_De_5_5482,0.3151166183352412,-0.766739442342249,1,1,5,no,JAUEJI010109478.1_De,0.44793402614218514,0.8454572425865678,0.3975232164443827,1.4417420672531418,0.007686732796807101,FALSE,FALSE,FALSE,TRUE,one_sided_terminal_pileup_v1,retained
perlapsus,D. perlapsus,JAUEJI010110473.1_De_11_5473,0.414888751185811,0.1838194292869658,1,1,6,no,JAUEJI010110473.1_De,0.44793402614218514,0.8454572425865678,0.3975232164443827,1.4417420672531418,0.010120503918880929,FALSE,FALSE,FALSE,TRUE,one_sided_terminal_pileup_v1,retained
perlapsus,D. perlapsus,JAUEJI010123726.1_De_13_5401,0.09298742497887837,0.291420518590105,1,1,5,no,JAUEJI010123726.1_De,0.44793402614218514,0.8454572425865678,0.3975232164443827,1.4417420672531418,0.0022682697378891225,FALSE,FALSE,FALSE,TRUE,one_sided_terminal_pileup_v1,retained
perlapsus,D. perlapsus,JAUEJI010130348.1_De_1312_7430,0.3990756396588649,0.22105058737747332,1,1,5,no,JAUEJI010130348.1_De,0.44793402614218514,0.8454572425865678,0.3975232164443827,1.4417420672531418,0.009734770016188336,FALSE,FALSE,FALSE,TRUE,one_sided_terminal_pileup_v1,retained
perlapsus,D. perlapsus,JAUEJI010132338.1_De_10_5225,0.4489408985359786,0.43668778233462074,1,1,5,no,JAUEJI010132338.1_De,0.44793402614218514,0.8454572425865678,0.3975232164443827,1.4417420672531418,0.010951148012553499,FALSE,FALSE,FALSE,TRUE,one_sided_terminal_pileup_v1,retained
perlapsus,D. perlapsus,JAUEJI010164589.1_De_754_7078,0.41493235442192006,0.7438076474716769,0.9988317757009346,1,6,yes,JAUEJI010164589.1_De,0.44793402614218514,0.8454572425865678,0.3975232164443827,1.4417420672531418,0.01012156754550531,FALSE,FALSE,FALSE,TRUE,one_sided_terminal_pileup_v1,retained
perlapsus,D. perlapsus,JAUEJI010165693.1_De_1696_8683,0.4449134089608046,0.4401136730328677,1,1,6,yes,JAUEJI010165693.1_De,0.44793402614218514,0.8454572425865678,0.3975232164443827,1.4417420672531418,0.010852904269110704,FALSE,FALSE,FALSE,TRUE,one_sided_terminal_pileup_v1,retained
perlapsus,D. perlapsus,JAUEJI010183363.1_De_14_6397,0.4491460009619442,-0.2790338029303506,0.9802989130434784,1,5,no,JAUEJI010183363.1_De,0.44793402614218514,0.8454572425865678,0.3975232164443827,1.4417420672531418,0.010956151136643569,FALSE,FALSE,FALSE,TRUE,one_sided_terminal_pileup_v1,retained
perlapsus,D. perlapsus,JAUEJI010187778.1_De_2041_7142,0.8920048616754508,-0.5291809212786527,1,1,6,yes,JAUEJI010187778.1_De,0.44793402614218514,0.8454572425865678,0.3975232164443827,1.4417420672531418,0.02175893820318158,FALSE,FALSE,FALSE,TRUE,one_sided_terminal_pileup_v1,retained
perlapsus,D. perlapsus,JAUEJI010325905.1_De_5_5902,0.5016415414583445,-1.3918571860796207,1,1,5,no,JAUEJI010325905.1_De,0.44793402614218514,0.8454572425865678,0.3975232164443827,1.4417420672531418,0.012236690369869619,FALSE,FALSE,FALSE,TRUE,one_sided_terminal_pileup_v1,retained
perlapsus,D. perlapsus,JAUEJI010439758.1_De_820_7259,0.4494066572104133,-0.5346316854117895,1,1,5,no,JAUEJI010439758.1_De,0.44793402614218514,0.8454572425865678,0.3975232164443827,1.4417420672531418,0.010962509401543672,FALSE,FALSE,FALSE,TRUE,one_sided_terminal_pileup_v1,retained
perlapsus,D. perlapsus,JAUEJI010457446.1_De_259_6041,1.4232870402487885,0.2952315608299964,1,1,5,no,JAUEJI010457446.1_De,0.44793402614218514,0.8454572425865678,0.3975232164443827,1.4417420672531418,0.03471866139383276,FALSE,FALSE,FALSE,TRUE,one_sided_terminal_pileup_v1,retained
perlapsus,D. perlapsus,JAUEJI010470707.1_De_1161_7439,0.8299413695569401,-1.4247883520220157,1,1,5,no,JAUEJI010470707.1_De,0.44793402614218514,0.8454572425865678,0.3975232164443827,1.4417420672531418,0.020245005098440648,FALSE,FALSE,FALSE,TRUE,one_sided_terminal_pileup_v1,retained
perlapsus,D. perlapsus,JAUEJI010481766.1_De_1560_7411,3.6059148978258935,0.8463064919381021,1,1,5,no,JAUEJI010481766.1_De,0.44793402614218514,0.8454572425865678,0.3975232164443827,1.4417420672531418,0.08796014775115972,TRUE,FALSE,FALSE,TRUE,one_sided_terminal_pileup_v1,retained
perlapsus,D. perlapsus,JAUEJI010529299.1_De_1009_7011,0.5742729283070769,1.64973723758594,1,1,5,no,JAUEJI010529299.1_De,0.44793402614218514,0.8454572425865678,0.3975232164443827,1.4417420672531418,0.01400840925387269,FALSE,FALSE,FALSE,TRUE,one_sided_terminal_pileup_v1,retained
perlapsus,D. perlapsus,JAUEJI010559166.1_De_8_6970,0.42954823216463073,-1.1923721568021497,1,1,6,yes,JAUEJI010559166.1_De,0.44793402614218514,0.8454572425865678,0.3975232164443827,1.4417420672531418,0.010478096970683052,FALSE,FALSE,FALSE,TRUE,one_sided_terminal_pileup_v1,retained
perlapsus,D. perlapsus,JAUEJI010560274.1_De_10_6709,1.0945014740902053,-0.3747677965415008,0.9878048780487804,1,6,no,JAUEJI010560274.1_De,0.44793402614218514,0.8454572425865678,0.3975232164443827,1.4417420672531418,0.0266984979132153,FALSE,FALSE,FALSE,TRUE,one_sided_terminal_pileup_v1,retained
perlapsus,D. perlapsus,JAUEJI010572450.1_De_578_6733,0.5299062384584454,0.2068938711379211,1,1,5,no,JAUEJI010572450.1_De,0.44793402614218514,0.8454572425865678,0.3975232164443827,1.4417420672531418,0.012926159476799906,FALSE,FALSE,FALSE,TRUE,one_sided_terminal_pileup_v1,retained
perlapsus,D. perlapsus,JAUEJI010669845.1_De_516_6287,0.4754807203753008,0.8099589899504583,1,1,5,no,JAUEJI010669845.1_De,0.44793402614218514,0.8454572425865678,0.3975232164443827,1.4417420672531418,0.01159854172993816,FALSE,FALSE,FALSE,TRUE,one_sided_terminal_pileup_v1,retained
perlapsus,D. perlapsus,JAUEJI010694187.1_De_994_6328,0.6254037264808617,0.2867458625333241,1,1,6,no,JAUEJI010694187.1_De,0.44793402614218514,0.8454572425865678,0.3975232164443827,1.4417420672531418,0.015255657924303735,FALSE,FALSE,FALSE,TRUE,one_sided_terminal_pileup_v1,retained
perlapsus,D. perlapsus,JAUEJI010700827.1_De_836_6334,0.451793498275182,-1.3308160399458742,1,1,5,no,JAUEJI010700827.1_De,0.44793402614218514,0.8454572425865678,0.3975232164443827,1.4417420672531418,0.011020732321014725,FALSE,FALSE,FALSE,TRUE,one_sided_terminal_pileup_v1,retained
perlapsus,D. perlapsus,JAUEJI010715221.1_De_742_6897,0.48847912473482824,0.6243385480397117,1,1,5,no,JAUEJI010715221.1_De,0.44793402614218514,0.8454572425865678,0.3975232164443827,1.4417420672531418,0.011915615648871385,FALSE,FALSE,FALSE,TRUE,one_sided_terminal_pileup_v1,retained
perlapsus,D. perlapsus,JAUEJI010772757.1_De_1024_6803,7.1381558865106864,-0.2748106676048564,1,0.981981981981982,5,no,JAUEJI010772757.1_De,0.44793402614218514,0.8454572425865678,0.3975232164443827,1.4417420672531418,0.17412314606394422,TRUE,FALSE,FALSE,TRUE,one_sided_terminal_pileup_v1,retained
perlapsus,D. perlapsus,JAUEJI010812521.1_De_808_6716,0.8017117897906807,-1.6294901643398447,1,1,5,no,JAUEJI010812521.1_De,0.44793402614218514,0.8454572425865678,0.3975232164443827,1.4417420672531418,0.019556392616573583,FALSE,FALSE,FALSE,TRUE,one_sided_terminal_pileup_v1,retained
perlapsus,D. perlapsus,JAUEJI010816163.1_De_8_5971,0.6411213211242985,0.31607320875303974,1,1,5,no,JAUEJI010816163.1_De,0.44793402614218514,0.8454572425865678,0.3975232164443827,1.4417420672531418,0.01563906185542898,FALSE,FALSE,FALSE,TRUE,one_sided_terminal_pileup_v1,retained
perlapsus,D. perlapsus,JAUEJI010823774.1_De_7_6033,0.8012945977714913,-1.8022600550055905,1,1,5,no,JAUEJI010823774.1_De,0.44793402614218514,0.8454572425865678,0.3975232164443827,1.4417420672531418,0.019546215928357608,FALSE,FALSE,FALSE,TRUE,one_sided_terminal_pileup_v1,retained
perlapsus,D. perlapsus,JAUEJI010825321.1_De_654_6528,0.5817025443126524,-0.11885252726801684,1,1,6,no,JAUEJI010825321.1_De,0.44793402614218514,0.8454572425865678,0.3975232164443827,1.4417420672531418,0.014189642072755583,FALSE,FALSE,FALSE,TRUE,one_sided_terminal_pileup_v1,retained
perlapsus,D. perlapsus,JAUEJI010828304.1_De_495_6472,0.925085916016016,0.5569017314711573,1,1,5,no,JAUEJI010828304.1_De,0.44793402614218514,0.8454572425865678,0.3975232164443827,1.4417420672531418,0.022565894138085834,FALSE,FALSE,FALSE,TRUE,one_sided_terminal_pileup_v1,retained
santeetlah,D. santeetlah,JASANM010000009.1_De_757_6460,0.7550667821641904,0.2301953284930452,1,1,5,no,JASANM010000009.1_De,0.455937218292526,0.9487552640534311,0.49281804576090515,1.687982332694789,0.020522803316305717,FALSE,FALSE,FALSE,TRUE,one_sided_terminal_pileup_v1,retained
santeetlah,D. santeetlah,JASANM010001191.1_De_31_5805,1.0619166604577854,-0.5367957015593131,1,1,5,no,JASANM010001191.1_De,0.455937218292526,0.9487552640534311,0.49281804576090515,1.687982332694789,0.028863018842410552,FALSE,FALSE,FALSE,TRUE,one_sided_terminal_pileup_v1,retained
santeetlah,D. santeetlah,JASANM010007162.1_De_5_5736,0.3400817190365004,-1.4809515777203806,1,1,5,no,JASANM010007162.1_De,0.455937218292526,0.9487552640534311,0.49281804576090515,1.687982332694789,0.009243460838328273,FALSE,FALSE,FALSE,TRUE,one_sided_terminal_pileup_v1,retained
santeetlah,D. santeetlah,JASANM010009931.1_De_8_5711,0.5542569360510703,-1.1028145447662698,1,1,5,no,JASANM010009931.1_De,0.455937218292526,0.9487552640534311,0.49281804576090515,1.687982332694789,0.015064768248275105,FALSE,FALSE,FALSE,TRUE,one_sided_terminal_pileup_v1,retained
santeetlah,D. santeetlah,JASANM010013364.1_De_8_5668,0.3207904002320558,1.6019043962487145,1,1,6,no,JASANM010013364.1_De,0.455937218292526,0.9487552640534311,0.49281804576090515,1.687982332694789,0.008719120540373443,FALSE,FALSE,FALSE,TRUE,one_sided_terminal_pileup_v1,retained
santeetlah,D. santeetlah,JASANM010029948.1_De_3271_8637,1.00968266890964,-0.08807374661012976,1,1,5,no,JASANM010029948.1_De,0.455937218292526,0.9487552640534311,0.49281804576090515,1.687982332694789,0.027443292852219848,FALSE,FALSE,FALSE,TRUE,one_sided_terminal_pileup_v1,retained
santeetlah,D. santeetlah,JASANM010047653.1_De_258_6058,0.805533800656202,-0.827360298118914,1,0.9799398194583752,6,yes,JASANM010047653.1_De,0.455937218292526,0.9487552640534311,0.49281804576090515,1.687982332694789,0.02189450277248269,FALSE,FALSE,FALSE,TRUE,one_sided_terminal_pileup_v1,retained
santeetlah,D. santeetlah,JASANM010048760.1_De_12_5388,0.22891821965477335,-0.196010364328724,1,1,5,no,JASANM010048760.1_De,0.455937218292526,0.9487552640534311,0.49281804576090515,1.687982332694789,0.0062220239434029115,FALSE,FALSE,FALSE,TRUE,one_sided_terminal_pileup_v1,retained
santeetlah,D. santeetlah,JASANM010065790.1_De_7_5218,0.9413068084863212,0.1461131301968273,0.9864712514092446,1,6,no,JASANM010065790.1_De,0.455937218292526,0.9487552640534311,0.49281804576090515,1.687982332694789,0.02558482898094627,FALSE,FALSE,FALSE,TRUE,one_sided_terminal_pileup_v1,retained
santeetlah,D. santeetlah,JASANM010085040.1_De_15_5096,0.8930868408793785,-1.0852232895601206,1,1,6,no,JASANM010085040.1_De,0.455937218292526,0.9487552640534311,0.49281804576090515,1.687982332694789,0.024274204630237214,FALSE,FALSE,FALSE,TRUE,one_sided_terminal_pileup_v1,retained
santeetlah,D. santeetlah,JASANM010088582.1_De_449_6148,0.6282262654529069,-1.1291859703257392,1,1,5,no,JASANM010088582.1_De,0.455937218292526,0.9487552640534311,0.49281804576090515,1.687982332694789,0.01707526325959295,FALSE,FALSE,FALSE,TRUE,one_sided_terminal_pileup_v1,retained
santeetlah,D. santeetlah,JASANM010095215.1_De_19_5350,1.9560965677450404,0.23347676673069123,1,1,6,yes,JASANM010095215.1_De,0.455937218292526,0.9487552640534311,0.49281804576090515,1.687982332694789,0.0531669331452627,TRUE,FALSE,FALSE,TRUE,one_sided_terminal_pileup_v1,retained
santeetlah,D. santeetlah,JASANM010129490.1_De_345_5843,0.9675437821481654,-0.4504393729948176,1,1,6,no,JASANM010129490.1_De,0.455937218292526,0.9487552640534311,0.49281804576090515,1.687982332694789,0.02629795298904233,FALSE,FALSE,FALSE,TRUE,one_sided_terminal_pileup_v1,retained
santeetlah,D. santeetlah,JASANM010147208.1_De_1252_7363,0.5353542407091703,-1.6078767613036904,1,1,6,yes,JASANM010147208.1_De,0.455937218292526,0.9487552640534311,0.49281804576090515,1.687982332694789,0.014550990781415881,FALSE,FALSE,FALSE,TRUE,one_sided_terminal_pileup_v1,retained
santeetlah,D. santeetlah,JASANM010174880.1_De_80_5282,0.5361415295388885,-0.02715456401537781,1,1,6,yes,JASANM010174880.1_De,0.455937218292526,0.9487552640534311,0.49281804576090515,1.687982332694789,0.014572389383747613,FALSE,FALSE,FALSE,TRUE,one_sided_terminal_pileup_v1,retained
santeetlah,D. santeetlah,JASANM010200337.1_De_1435_7505,1.4704028066740291,-1.764979079370735,1,1,5,no,JASANM010200337.1_De,0.455937218292526,0.9487552640534311,0.49281804576090515,1.687982332694789,0.03996571999978806,FALSE,FALSE,FALSE,TRUE,one_sided_terminal_pileup_v1,retained
santeetlah,D. santeetlah,JASANM010215825.1_De_600_6757,0.4047886570953397,-0.2896163258974398,1,1,6,yes,JASANM010215825.1_De,0.455937218292526,0.9487552640534311,0.49281804576090515,1.687982332694789,0.011002202971276676,FALSE,FALSE,FALSE,TRUE,one_sided_terminal_pileup_v1,retained
santeetlah,D. santeetlah,JASANM010266753.1_De_275_5370,0.55159599553313865,-1.7121418658248848,1,1,6,yes,JASANM010266753.1_De,0.455937218292526,0.9487552640534311,0.49281804576090515,1.687982332694789,0.014992443574251734,FALSE,FALSE,FALSE,TRUE,one_sided_terminal_pileup_v1,retained
santeetlah,D. santeetlah,JASANM010309948.1_De_5477_11005,0.3859418927834906,1.2602777522033783,1,1,5,no,JASANM010309948.1_De,0.455937218292526,0.9487552640534311,0.49281804576090515,1.687982332694789,0.010489945716345893,FALSE,FALSE,FALSE,TRUE,one_sided_terminal_pileup_v1,retained
santeetlah,D. santeetlah,JASANM010331002.1_De_593_6966,0.8109746488228613,0.9327714264399471,1,0.9783643444396364,5,no,JASANM010331002.1_De,0.455937218292526,0.9487552640534311,0.49281804576090515,1.687982332694789,0.022042385661037507,FALSE,FALSE,FALSE,TRUE,one_sided_terminal_pileup_v1,retained
santeetlah,D. santeetlah,JASANM010336539.1_De_1320_6954,6.5839228483412064,-0.14533699429969438,1,1,5,no,JASANM010336539.1_De,0.455937218292526,0.9487552640534311,0.49281804576090515,1.687982332694789,0.17895179189177432,TRUE,FALSE,FALSE,TRUE,one_sided_terminal_pileup_v1,retained
santeetlah,D. santeetlah,JASANM010400777.1_De_902_6798,0.4911165171633993,0.3022779472273574,1,1,5,no,JASANM010400777.1_De,0.455937218292526,0.9487552640534311,0.49281804576090515,1.687982332694789,0.013348604289337962,FALSE,FALSE,FALSE,TRUE,one_sided_terminal_pileup_v1,retained
santeetlah,D. santeetlah,JASANM010440664.1_De_1402_6726,0.7862528877443989,-1.2371001854346535,1,1,5,no,JASANM010440664.1_De,0.455937218292526,0.9487552640534311,0.49281804576090515,1.687982332694789,0.02137044530790506,FALSE,FALSE,FALSE,TRUE,one_sided_terminal_pileup_v1,retained
santeetlah,D. santeetlah,JASANM010467270.1_De_295_6089,0.939038621082692,0.5132369573562792,1,1,6,yes,JASANM010467270.1_De,0.455937218292526,0.9487552640534311,0.49281804576090515,1.687982332694789,0.02552317938243555,FALSE,FALSE,FALSE,TRUE,one_sided_terminal_pileup_v1,retained
santeetlah,D. santeetlah,JASANM010476127.1_De_858_6607,0.5100623129498005,-0.2520147280921945,1,0.9801980198019802,5,no,JASANM010476127.1_De,0.455937218292526,0.9487552640534311,0.49281804576090515,1.687982332694789,0.013863553231312019,FALSE,FALSE,FALSE,TRUE,one_sided_terminal_pileup_v1,retained
santeetlah,D. santeetlah,JASANM010572489.1_De_747_6302,0.03746034335752214,0.2810952230047878,0.9808612440191388,1,5,no,JASANM010572489.1_De,0.455937218292526,0.9487552640534311,0.49281804576090515,1.687982332694789,0.00101817650709541,FALSE,FALSE,FALSE,TRUE,one_sided_terminal_pileup_v1,retained
santeetlah,D. santeetlah,JASANM010630147.1_De_9_5988,0.3171106387864434,0.04029771566240838,1,1,5,no,JASANM010630147.1_De,0.455937218292526,0.9487552640534311,0.49281804576090515,1.687982332694789,0.008619104194557284,FALSE,FALSE,FALSE,TRUE,one_sided_terminal_pileup_v1,retained
santeetlah,D. santeetlah,JASANM010659154.1_De_1331_6295,0.4218607349922638,1.0741608701872043,1,1,6,no,JASANM010659154.1_De,0.455937218292526,0.9487552640534311,0.49281804576090515,1.687982332694789,0.011466224042201018,FALSE,FALSE,FALSE,TRUE,one_sided_terminal_pileup_v1,retained
santeetlah,D. santeetlah,JASANM010659708.1_De_541_6275,0.607333858300323,-0.2507758345741954,1,1,5,no,JASANM010659708.1_De,0.455937218292526,0.9487552640534311,0.49281804576090515,1.687982332694789,0.016507405193359782,FALSE,FALSE,FALSE,TRUE,one_sided_terminal_pileup_v1,retained
santeetlah,D. santeetlah,JASANM010659929.1_De_320_5650,1.3708528441565426,0.7095110986293666,1,1,5,no,JASANM010659929.1_De,0.455937218292526,0.9487552640534311,0.49281804576090515,1.687982332694789,0.0372599403930675,FALSE,FALSE,FALSE,TRUE,one_sided_terminal_pileup_v1,retained
santeetlah,D. santeetlah,JASANM010660372.1_De_9_5857,0.956203719620541,-0.2567608644231516,1,1,5,no,JASANM010660372.1_De,0.455937218292526,0.9487552640534311,0.49281804576090515,1.687982332694789,0.025989728765243227,FALSE,FALSE,FALSE,TRUE,one_sided_terminal_pileup_v1,retained
santeetlah,D. santeetlah,JASANM010665791.1_De_1738_7452,0.3666891368946285,0.6441904309390653,1,1,5,no,JASANM010665791.1_De,0.455937218292526,0.9487552640534311,0.49281804576090515,1.687982332694789,0.009966653562939992,FALSE,FALSE,FALSE,TRUE,one_sided_terminal_pileup_v1,retained
santeetlah,D. santeetlah,JASANM010669111.1_De_600_5839,1.5097010086705525,-1.6499790580886111,1,1,5,no,JASANM010669111.1_De,0.455937218292526,0.9487552640534311,0.49281804576090515,1.687982332694789,0.04103384971931759,FALSE,FALSE,FALSE,TRUE,one_sided_terminal_pileup_v1,retained
santeetlah,D. santeetlah,JASANM010673536.1_De_6_5993,0.35039033330049707,0.9902200228259138,1,1,6,yes,JASANM010673536.1_De,0.455937218292526,0.9487552640534311,0.49281804576090515,1.687982332694789,0.009523650177868923,FALSE,FALSE,FALSE,TRUE,one_sided_terminal_pileup_v1,retained
santeetlah,D. santeetlah,JASANM010673645.1_De_1187_5948,0.7382575923170942,1.256820630231269,0.8295819935691319,1,5,no,JASANM010673645.1_De,0.455937218292526,0.9487552640534311,0.49281804576090515,1.687982332694789,0.0200659275732759,FALSE,FALSE,FALSE,TRUE,one_sided_terminal_pileup_v1,retained
santeetlah,D. santeetlah,JASANM010674864.1_De_336_5973,0.4035895435037066,0.4392910524129443,1,1,6,yes,JASANM010674864.1_De,0.455937218292526,0.9487552640534311,0.49281804576090515,1.687982332694789,0.010969610923822995,FALSE,FALSE,FALSE,TRUE,one_sided_terminal_pileup_v1,retained
santeetlah,D. santeetlah,JASANM010675751.1_De_3974_9486,0.6049186342260545,-1.3267805880013692,0.9984326018808778,1,6,yes,JASANM010675751.1_De,0.455937218292526,0.9487552640534311,0.49281804576090515,1.687982332694789,0.016441759120970068,FALSE,FALSE,FALSE,TRUE,one_sided_terminal_pileup_v1,retained
santeetlah,D. santeetlah,JASANM010676414.1_De_27_6044,0.5683678015945244,-1.33518471239736,1,1,5,no,JASANM010676414.1_De,0.455937218292526,0.9487552640534311,0.49281804576090515,1.687982332694789,0.015448303221620245,FALSE,FALSE,FALSE,TRUE,one_sided_terminal_pileup_v1,retained
santeetlah,D. santeetlah,JASANM010680174.1_De_1847_7237,0.8747732633895777,-0.32299606114999413,1,1,6,yes,JASANM010680174.1_De,0.455937218292526,0.9487552640534311,0.49281804576090515,1.687982332694789,0.02377643945539553,FALSE,FALSE,FALSE,TRUE,one_sided_terminal_pileup_v1,retained
santeetlah,D. santeetlah,JASANM010680397.1_De_165_5595,0.5292453309795737,0.5342438323489589,1,1,5,no,JASANM010680397.1_De,0.455937218292526,0.9487552640534311,0.49281804576090515,1.687982332694789,0.014384949901563861,FALSE,FALSE,FALSE,TRUE,one_sided_terminal_pileup_v1,retained
santeetlah,D. santeetlah,JASANM010682613.1_De_20_5341,1.018475447973075,0.7359416089886215,1,1,5,no,JASANM010682613.1_De,0.455937218292526,0.9487552640534311,0.49281804576090515,1.687982332694789,0.027682281613989227,FALSE,FALSE,FALSE,TRUE,one_sided_terminal_pileup_v1,retained
santeetlah,D. santeetlah,JASANM010683277.1_De_801_5941,1.1582562247649226,-3.1709427835261033,1,1,5,no,JASANM010683277.1_De,0.455937218292526,0.9487552640534311,0.49281804576090515,1.687982332694789,0.03148153945086188,FALSE,FALSE,FALSE,TRUE,one_sided_terminal_pileup_v1,retained
santeetlah,D. santeetlah,JASANM010689031.1_De_3266_8786,0.4900137015927882,-0.29586326621010955,1,1,5,no,JASANM010689031.1_De,0.455937218292526,0.9487552640534311,0.49281804576090515,1.687982332694789,0.013318629633341388,FALSE,FALSE,FALSE,TRUE,one_sided_terminal_pileup_v1,retained
tilleyi,D. tilleyi,JAWLIA010000012.1_De_4086_9664,0.5157081258873777,0.1645684689354314,1,1,5,no,JAWLIA010000012.1_De,0.4775180951417994,0.8173633946830859,0.33984529954128656,1.3271313439950156,0.006000710502084904,FALSE,FALSE,FALSE,TRUE,one_sided_terminal_pileup_v1,retained
tilleyi,D. tilleyi,JAWLIA010000034.1_De_119_11554,0.264829997612721,-0.23925294900626284,1,1,6,yes,JAWLIA010000034.1_De,0.4775180951417994,0.8173633946830859,0.33984529954128656,1.3271313439950156,0.0030815262901031423,FALSE,FALSE,FALSE,TRUE,one_sided_terminal_pileup_v1,retained
tilleyi,D. tilleyi,JAWLIA010000037.1_De_2480_8069,2.6930813350703104,-2.4422565223141306,1,1,5,no,JAWLIA010000037.1_De,0.4775180951417994,0.8173633946830859,0.33984529954128656,1.3271313439950156,0.03133633278032624,TRUE,FALSE,FALSE,TRUE,one_sided_terminal_pileup_v1,retained
tilleyi,D. tilleyi,JAWLIA010000038.1_De_20_5707,0.438204884397915,0.555438545622586,1,1,5,no,JAWLIA010000038.1_De,0.4775180951417994,0.8173633946830859,0.33984529954128656,1.3271313439950156,0.00509889319146722,FALSE,FALSE,FALSE,TRUE,one_sided_terminal_pileup_v1,retained
tilleyi,D. tilleyi,JAWLIA010000053.1_De_2226_7598,0.881335769498166,1.5681520228238326,1,1,5,no,JAWLIA010000053.1_De,0.4775180951417994,0.8173633946830859,0.33984529954128656,1.3271313439950156,0.010255104665629565,FALSE,FALSE,FALSE,TRUE,one_sided_terminal_pileup_v1,retained
tilleyi,D. tilleyi,JAWLIA010000057.1_De_1177_7132,1.000678234371655,-1.5272812843717327,1,1,6,no,JAWLIA010000057.1_De,0.4775180951417994,0.8173633946830859,0.33984529954128656,1.3271313439950156,0.011643757561254941,FALSE,FALSE,FALSE,TRUE,one_sided_terminal_pileup_v1,retained
tilleyi,D. tilleyi,JAWLIA010000071.1_De_1001_6375,1.2900174820046857,-0.02360775973786222,1,1,5,no,JAWLIA010000071.1_De,0.4775180951417994,0.8173633946830859,0.33984529954128656,1.3271313439950156,0.015010470193423239,FALSE,FALSE,FALSE,TRUE,one_sided_terminal_pileup_v1,retained
tilleyi,D. tilleyi,JAWLIA010000099.1_De_3430_8640,0.8036782137478146,0.8506140805944808,1,1,5,no,JAWLIA010000099.1_De,0.4775180951417994,0.8173633946830859,0.33984529954128656,1.3271313439950156,0.009351491774993932,FALSE,FALSE,FALSE,TRUE,one_sided_terminal_pileup_v1,retained
tilleyi,D. tilleyi,JAWLIA010000135.1_De_341_5614,0.4482990138726587,-1.849459674893439,0.9910714285714286,1,5,no,JAWLIA010000135.1_De,0.4775180951417994,0.8173633946830859,0.33984529954128656,1.3271313439950156,0.005216347126567183,FALSE,FALSE,FALSE,TRUE,one_sided_terminal_pileup_v1,retained
tilleyi,D. tilleyi,JAWLIA010000165.1_De_949_7247,0.550775766620484,-1.1436209845404763,1,1,5,no,JAWLIA010000165.1_De,0.4775180951417994,0.8173633946830859,0.33984529954128656,1.3271313439950156,0.006408752860673697,FALSE,FALSE,FALSE,TRUE,one_sided_terminal_pileup_v1,retained
tilleyi,D. tilleyi,JAWLIA010000170.1_De_4190_9899,0.8261351074840374,-4.536426354204068,1,1,5,no,JAWLIA010000170.1_De,0.4775180951417994,0.8173633946830859,0.33984529954128656,1.3271313439950156,0.009612797174933636,FALSE,FALSE,FALSE,TRUE,one_sided_terminal_pileup_v1,retained
tilleyi,D. tilleyi,JAWLIA010000180.1_De_21_5875,0.6453963853362731,-0.5420133206640316,0.9984802431610942,1,5,no,JAWLIA010000180.1_De,0.4775180951417994,0.8173633946830859,0.33984529954128656,1.3271313439950156,0.0075097456741272575,FALSE,FALSE,FALSE,TRUE,one_sided_terminal_pileup_v1,retained
tilleyi,D. tilleyi,JAWLIA010000192.1_De_1255_7290,1.0225024539248693,-0.4603775799196003,0.9992125984251968,1,5,no,JAWLIA010000192.1_De,0.4775180951417994,0.8173633946830859,0.33984529954128656,1.3271313439950156,0.011897701249358433,FALSE,FALSE,FALSE,TRUE,one_sided_terminal_pileup_v1,retained
tilleyi,D. tilleyi,JAWLIA010000204.1_De_1557_8334,0.5525407845858601,-0.08553191930372156,1,1,6,yes,JAWLIA010000204.1_De,0.4775180951417994,0.8173633946830859,0.33984529954128656,1.3271313439950156,0.006429290372707226,FALSE,FALSE,FALSE,TRUE,one_sided_terminal_pileup_v1,retained
tilleyi,D. tilleyi,JAWLIA010000216.1_De_7_5388,0.5085926946013624,-0.9610419201033166,1,1,5,no,JAWLIA010000216.1_De,0.4775180951417994,0.8173633946830859,0.33984529954128656,1.3271313439950156,0.0059179162991209976,FALSE,FALSE,FALSE,TRUE,one_sided_terminal_pileup_v1,retained
tilleyi,D. tilleyi,JAWLIA010000242.1_De_303_5876,0.43571181199375336,-0.932948449626612,1,1,5,no,JAWLIA010000242.1_De,0.4775180951417994,0.8173633946830859,0.33984529954128656,1.3271313439950156,0.005069884135749184,FALSE,FALSE,FALSE,TRUE,one_sided_terminal_pileup_v1,retained
tilleyi,D. tilleyi,JAWLIA010000255.1_De_893_6466,1.3464395618436378,-1.1615156831562508,1,1,6,no,JAWLIA010000255.1_De,0.4775180951417994,0.8173633946830859,0.33984529954128656,1.3271313439950156,0.01566698993791338,TRUE,FALSE,FALSE,TRUE,one_sided_terminal_pileup_v1,retained
tilleyi,D. tilleyi,JAWLIA010000259.1_De_2143_8697,0.4877783367656075,0.5880738314096589,1,1,6,no,JAWLIA010000259.1_De,0.4775180951417994,0.8173633946830859,0.33984529954128656,1.3271313439950156,0.005675723226354788,FALSE,FALSE,FALSE,TRUE,one_sided_terminal_pileup_v1,retained
tilleyi,D. tilleyi,JAWLIA010000292.1_De_881_6102,0.8282542942234159,-0.19402882380557293,1,1,6,no,JAWLIA010000292.1_De,0.4775180951417994,0.8173633946830859,0.33984529954128656,1.3271313439950156,0.009637455747262677,FALSE,FALSE,FALSE,TRUE,one_sided_terminal_pileup_v1,retained
tilleyi,D. tilleyi,JAWLIA010000312.1_De_2576_8562,0.892143094072161,-0.9172771673403824,1,1,6,no,JAWLIA010000312.1_De,0.4775180951417994,0.8173633946830859,0.33984529954128656,1.3271313439950156,0.010380857243134567,FALSE,FALSE,FALSE,TRUE,one_sided_terminal_pileup_v1,retained
tilleyi,D. tilleyi,JAWLIA010000347.1_De_1130_7569,0.3757106640165483,0.9709531193527492,1,1,6,yes,JAWLIA010000347.1_De,0.4775180951417994,0.8173633946830859,0.33984529954128656,1.3271313439950156,0.004371718835009684,FALSE,FALSE,FALSE,TRUE,one_sided_terminal_pileup_v1,retained
tilleyi,D. tilleyi,JAWLIA010000349.1_De_768_7069,0.814199404983356,-1.121803488812127,1,1,6,no,JAWLIA010000349.1_De,0.4775180951417994,0.8173633946830859,0.33984529954128656,1.3271313439950156,0.00947391494339548,FALSE,FALSE,FALSE,TRUE,one_sided_terminal_pileup_v1,retained
tilleyi,D. tilleyi,JAWLIA010000402.1_De_903_7501,0.47579766680064456,-0.47666582884623304,1,0.9981801637852592,6,yes,JAWLIA010000402.1_De,0.4775180951417994,0.8173633946830859,0.33984529954128656,1.3271313439950156,0.005536317759440608,FALSE,FALSE,FALSE,TRUE,one_sided_terminal_pileup_v1,retained
tilleyi,D. tilleyi,JAWLIA010000415.1_De_5_6594,0.5186924908870384,-0.5168294562015883,1,1,5,no,JAWLIA010000415.1_De,0.4775180951417994,0.8173633946830859,0.33984529954128656,1.3271313439950156,0.006035436172472013,FALSE,FALSE,FALSE,TRUE,one_sided_terminal_pileup_v1,retained
tilleyi,D. tilleyi,JAWLIA010000416.1_De_1926_8059,0.45662367132978127,0.17610667319819992,0.9802631578947368,1,5,no,JAWLIA010000416.1_De,0.4775180951417994,0.8173633946830859,0.33984529954128656,1.3271313439950156,0.005313211722879795,FALSE,FALSE,FALSE,TRUE,one_sided_terminal_pileup_v1,retained
tilleyi,D. tilleyi,JAWLIA010000420.1_De_997_7040,0.4805714721878152,-0.09339731007175033,0.993421052631579,1,5,no,JAWLIA010000420.1_De,0.4775180951417994,0.8173633946830859,0.33984529954128656,1.3271313439950156,0.0055918651178856835,FALSE,FALSE,FALSE,TRUE,one_sided_terminal_pileup_v1,retained
tilleyi,D. tilleyi,JAWLIA010000435.1_De_12_5878,0.6505716301273353,0.3743080869979567,0.9951590594744122,1,5,no,JAWLIA010000435.1_De,0.4775180951417994,0.8173633946830859,0.33984529954128656,1.3271313439950156,0.007569964127569601,FALSE,FALSE,FALSE,TRUE,one_sided_terminal_pileup_v1,retained
tilleyi,D. tilleyi,JAWLIA010000444.1_De_1550_7139,0.4584531076192011,-0.7192882979305928,0.996031746031746,1,6,yes,JAWLIA010000444.1_De,0.4775180951417994,0.8173633946830859,0.33984529954128656,1.3271313439950156,0.005334498797881623,FALSE,FALSE,FALSE,TRUE,one_sided_terminal_pileup_v1,retained
tilleyi,D. tilleyi,JAWLIA010000457.1_De_1901_7904,0.46538872917965257,1.2151911410073293,1,1,5,no,JAWLIA010000457.1_De,0.4775180951417994,0.8173633946830859,0.33984529954128656,1.3271313439950156,0.005415200759024226,FALSE,FALSE,FALSE,TRUE,one_sided_terminal_pileup_v1,retained
tilleyi,D. tilleyi,JAWLIA010000461.1_De_812_6214,1.5341854844772718,0.457140850973186,1,1,5,no,JAWLIA010000461.1_De,0.4775180951417994,0.8173633946830859,0.33984529954128656,1.3271313439950156,0.01785157628262671,TRUE,FALSE,FALSE,TRUE,one_sided_terminal_pileup_v1,retained
tilleyi,D. tilleyi,JAWLIA010000470.1_De_544_5544,0.5573820583943427,-1.8981837726712691,0.979890310786106,1,6,yes,JAWLIA010000470.1_De,0.4775180951417994,0.8173633946830859,0.33984529954128656,1.3271313439950156,0.0064856227846428385,FALSE,FALSE,FALSE,TRUE,one_sided_terminal_pileup_v1,retained
tilleyi,D. tilleyi,JAWLIA010000511.1_De_18_7197,0.6065042060150383,1.0913422776617117,1,1,6,yes,JAWLIA010000511.1_De,0.4775180951417994,0.8173633946830859,0.33984529954128656,1.3271313439950156,0.007057201498096823,FALSE,FALSE,FALSE,TRUE,one_sided_terminal_pileup_v1,retained
tilleyi,D. tilleyi,JAWLIA010000538.1_De_12_5952,0.4765003027931275,1.2758140346542155,1,1,5,no,JAWLIA010000538.1_De,0.4775180951417994,0.8173633946830859,0.33984529954128656,1.3271313439950156,0.005544493537497198,FALSE,FALSE,FALSE,TRUE,one_sided_terminal_pileup_v1,retained
tilleyi,D. tilleyi,JAWLIA010000543.1_De_6_5580,0.1328834385578992,-0.27494975336190247,1,1,6,yes,JAWLIA010000543.1_De,0.4775180951417994,0.8173633946830859,0.33984529954128656,1.3271313439950156,0.001546213847097065,FALSE,FALSE,FALSE,TRUE,one_sided_terminal_pileup_v1,retained
tilleyi,D. tilleyi,JAWLIA010000545.1_De_1542_7519,0.5465284846008169,2.436440135995854,1,1,5,no,JAWLIA010000545.1_De,0.4775180951417994,0.8173633946830859,0.33984529954128656,1.3271313439950156,0.006359332057429851,FALSE,FALSE,FALSE,TRUE,one_sided_terminal_pileup_v1,retained
tilleyi,D. tilleyi,JAWLIA010000607.1_De_1611_7518,3.8541518823336056,-1.062903057068084,1,1,5,no,JAWLIA010000607.1_De,0.4775180951417994,0.8173633946830859,0.33984529954128656,1.3271313439950156,0.044846393756456486,TRUE,FALSE,FALSE,TRUE,one_sided_terminal_pileup_v1,retained
tilleyi,D. tilleyi,JAWLIA010000628.1_De_8_7177,1.0785883747829164,0.0756095924297201,1,1,6,no,JAWLIA010000628.1_De,0.4775180951417994,0.8173633946830859,0.33984529954128656,1.3271313439950156,0.012550309493087143,FALSE,FALSE,FALSE,TRUE,one_sided_terminal_pileup_v1,retained
tilleyi,D. tilleyi,JAWLIA010000641.1_De_199_6341,0.47596917123875954,-0.1444357502107713,1,1,5,no,JAWLIA010000641.1_De,0.4775180951417994,0.8173633946830859,0.33984529954128656,1.3271313439950156,0.0055383133620524145,FALSE,FALSE,FALSE,TRUE,one_sided_terminal_pileup_v1,retained
tilleyi,D. tilleyi,JAWLIA010000658.1_De_752_6282,0.8363046924584474,0.28816515030140966,1,1,6,yes,JAWLIA010000658.1_De,0.4775180951417994,0.8173633946830859,0.33984529954128656,1.3271313439950156,0.00973112910009534,FALSE,FALSE,FALSE,TRUE,one_sided_terminal_pileup_v1,retained
tilleyi,D. tilleyi,JAWLIA010000660.1_De_1099_7410,0.6537445096027865,0.657863345206967,0.9779816513761468,1,5,no,JAWLIA010000660.1_De,0.4775180951417994,0.8173633946830859,0.33984529954128656,1.3271313439950156,0.007606883327082753,FALSE,FALSE,FALSE,TRUE,one_sided_terminal_pileup_v1,retained
tilleyi,D. tilleyi,JAWLIA010000667.1_De_1197_7286,0.37968708479715113,-0.8803380994543145,1,1,6,yes,JAWLIA010000667.1_De,0.4775180951417994,0.8173633946830859,0.33984529954128656,1.3271313439950156,0.004417987933247789,FALSE,FALSE,FALSE,TRUE,one_sided_terminal_pileup_v1,retained
tilleyi,D. tilleyi,JAWLIA010000674.1_De_134_6499,0.5592519385526129,1.0318454824604697,1,1,5,no,JAWLIA010000674.1_De,0.4775180951417994,0.8173633946830859,0.33984529954128656,1.3271313439950156,0.006507380459071692,FALSE,FALSE,FALSE,TRUE,one_sided_terminal_pileup_v1,retained
tilleyi,D. tilleyi,JAWLIA010000686.1_De_6_6460,0.9512468938185076,0.052163373166474,1,1,5,no,JAWLIA010000686.1_De,0.4775180951417994,0.8173633946830859,0.33984529954128656,1.3271313439950156,0.011068581120358247,FALSE,FALSE,FALSE,TRUE,one_sided_terminal_pileup_v1,retained
tilleyi,D. tilleyi,JAWLIA010000696.1_De_1455_7005,0.744501459489155,0.5105832659826922,1,1,5,no,JAWLIA010000696.1_De,0.4775180951417994,0.8173633946830859,0.33984529954128656,1.3271313439950156,0.008662919008861516,FALSE,FALSE,FALSE,TRUE,one_sided_terminal_pileup_v1,retained
tilleyi,D. tilleyi,JAWLIA010000702.1_De_1032_6055,0.27585105587978065,0.20604475557625615,1,0.9997822299651568,6,yes,JAWLIA010000702.1_De,0.4775180951417994,0.8173633946830859,0.33984529954128656,1.3271313439950156,0.003209765844159882,FALSE,FALSE,FALSE,TRUE,one_sided_terminal_pileup_v1,retained
tilleyi,D. tilleyi,JAWLIA010000714.1_De_5_5394,0.640777469524607,0.9779689634415883,0.9976133651551312,1,5,no,JAWLIA010000714.1_De,0.4775180951417994,0.8173633946830859,0.33984529954128656,1.3271313439950156,0.007456000589983744,FALSE,FALSE,FALSE,TRUE,one_sided_terminal_pileup_v1,retained
tilleyi,D. tilleyi,JAWLIA010000728.1_De_1533_6945,0.4493524939403228,-1.2104695770886,0.994186046511628,0.9978299467350562,6,yes,JAWLIA010000728.1_De,0.4775180951417994,0.8173633946830859,0.33984529954128656,1.3271313439950156,0.005228605279170249,FALSE,FALSE,FALSE,TRUE,one_sided_terminal_pileup_v1,retained
tilleyi,D. tilleyi,JAWLIA010000755.1_De_13_6660,0.33696656333874037,-0.2967970602996023,0.9989969909729188,1,5,no,JAWLIA010000755.1_De,0.4775180951417994,0.8173633946830859,0.33984529954128656,1.3271313439950156,0.003920897682189747,FALSE,FALSE,FALSE,TRUE,one_sided_terminal_pileup_v1,retained
tilleyi,D. tilleyi,JAWLIA010000768.1_De_59_5562,1.3482249762805147,-0.8592136633561882,1,1,5,no,JAWLIA010000768.1_De,0.4775180951417994,0.8173633946830859,0.33984529954128656,1.3271313439950156,0.015687764780550402,TRUE,FALSE,FALSE,TRUE,one_sided_terminal_pileup_v1,retained
tilleyi,D. tilleyi,JAWLIA010000791.1_De_20_6063,0.9913968650792429,1.1443398357712096,1,1,5,no,JAWLIA010000791.1_De,0.4775180951417994,0.8173633946830859,0.33984529954128656,1.3271313439950156,0.011535760794496861,FALSE,FALSE,FALSE,TRUE,one_sided_terminal_pileup_v1,retained
tilleyi,D. tilleyi,JAWLIA010000814.1_De_714_7076,0.3240033243675479,-0.3027262701817883,1,1,5,no,JAWLIA010000814.1_De,0.4775180951417994,0.8173633946830859,0.33984529954128656,1.3271313439950156,0.0037700591742612167,FALSE,FALSE,FALSE,TRUE,one_sided_terminal_pileup_v1,retained
tilleyi,D. tilleyi,JAWLIA010000821.1_De_6_4992,0.5997753929666495,-1.0672416803989655,1,1,6,yes,JAWLIA010000821.1_De,0.4775180951417994,0.8173633946830859,0.33984529954128656,1.3271313439950156,0.006978905933029752,FALSE,FALSE,FALSE,TRUE,one_sided_terminal_pileup_v1,retained
tilleyi,D. tilleyi,JAWLIA010000834.1_De_663_7048,1.3665824133307305,-0.42543243634294503,1,1,5,no,JAWLIA010000834.1_De,0.4775180951417994,0.8173633946830859,0.33984529954128656,1.3271313439950156,0.015901369452978327,TRUE,FALSE,FALSE,TRUE,one_sided_terminal_pileup_v1,retained
tilleyi,D. tilleyi,JAWLIA010000836.1_De_9_5902,0.5051462798564936,-0.5145532350971118,1,1,5,no,JAWLIA010000836.1_De,0.4775180951417994,0.8173633946830859,0.33984529954128656,1.3271313439950156,0.00587781427994399,FALSE,FALSE,FALSE,TRUE,one_sided_terminal_pileup_v1,retained
tilleyi,D. tilleyi,JAWLIA010000862.1_De_1127_6801,0.5744153637168077,-0.7354699699069787,0.9501466275659824,0.9997997196074504,5,no,JAWLIA010000862.1_De,0.4775180951417994,0.8173633946830859,0.33984529954128656,1.3271313439950156,0.006683820038094795,FALSE,FALSE,FALSE,TRUE,one_sided_terminal_pileup_v1,retained
tilleyi,D. tilleyi,JAWLIA010000876.1_De_416_6977,0.6460992280619152,1.5508862661918557,0.999462365591398,1,5,no,JAWLIA010000876.1_De,0.4775180951417994,0.8173633946830859,0.33984529954128656,1.3271313439950156,0.007517923857703127,FALSE,FALSE,FALSE,TRUE,one_sided_terminal_pileup_v1,retained
tilleyi,D. tilleyi,JAWLIA010000879.1_De_1691_6977,0.5553914838062883,0.07979222899287368,1,1,6,yes,JAWLIA010000879.1_De,0.4775180951417994,0.8173633946830859,0.33984529954128656,1.3271313439950156,0.006462460726036203,FALSE,FALSE,FALSE,TRUE,one_sided_terminal_pileup_v1,retained
tilleyi,D. tilleyi,JAWLIA010000888.1_De_1300_6950,0.5161234949885183,0.2242452451297227,0.9590163934426228,1,6,yes,JAWLIA010000888.1_De,0.4775180951417994,0.8173633946830859,0.33984529954128656,1.3271313439950156,0.006005543681168843,FALSE,FALSE,FALSE,TRUE,one_sided_terminal_pileup_v1,retained
tilleyi,D. tilleyi,JAWLIA010000906.1_De_1076_6523,0.9299792308421528,0.33545815510725163,1,1,5,no,JAWLIA010000906.1_De,0.4775180951417994,0.8173633946830859,0.33984529954128656,1.3271313439950156,0.010821113449847108,FALSE,FALSE,FALSE,TRUE,one_sided_terminal_pileup_v1,retained
tilleyi,D. tilleyi,JAWLIA010000909.1_De_8_5640,0.8184180579163292,0.0734645437717698,1,1,6,no,JAWLIA010000909.1_De,0.4775180951417994,0.8173633946830859,0.33984529954128656,1.3271313439950156,0.00952300262243095,FALSE,FALSE,FALSE,TRUE,one_sided_terminal_pileup_v1,retained
tilleyi,D. tilleyi,JAWLIA010000930.1_De_494_5735,0.7283328590968633,0.7548400951150209,1,0.9779054352629252,5,no,JAWLIA010000930.1_De,0.4775180951417994,0.8173633946830859,0.33984529954128656,1.3271313439950156,0.00847478334586204,FALSE,FALSE,FALSE,TRUE,one_sided_terminal_pileup_v1,retained
tilleyi,D. tilleyi,JAWLIA010000934.1_De_20_6335,0.4708761204743402,-1.110677534706601,0.9943855271366188,1,5,no,JAWLIA010000934.1_De,0.4775180951417994,0.8173633946830859,0.33984529954128656,1.3271313439950156,0.005479051307266843,FALSE,FALSE,FALSE,TRUE,one_sided_terminal_pileup_v1,retained
tilleyi,D. tilleyi,JAWLIA010000950.1_De_1749_6861,0.8204080327847523,-0.4934461928972772,0.9973579920739762,1,6,no,JAWLIA010000950.1_De,0.4775180951417994,0.8173633946830859,0.33984529954128656,1.3271313439950156,0.009546157702780488,FALSE,FALSE,FALSE,TRUE,one_sided_terminal_pileup_v1,retained
tilleyi,D. tilleyi,JAWLIA010000966.1_De_124_6844,0.6864621710738981,-0.3166861361454438,1,1,5,no,JAWLIA010000966.1_De,0.4775180951417994,0.8173633946830859,0.33984529954128656,1.3271313439950156,0.007987581642540813,FALSE,FALSE,FALSE,TRUE,one_sided_terminal_pileup_v1,retained
tilleyi,D. tilleyi,JAWLIA010001036.1_De_6_5925,0.5312171768822898,-0.5625083883061209,1,1,6,no,JAWLIA010001036.1_De,0.4775180951417994,0.8173633946830859,0.33984529954128656,1.3271313439950156,0.006181171736862623,FALSE,FALSE,FALSE,TRUE,one_sided_terminal_pileup_v1,retained
tilleyi,D. tilleyi,JAWLIA010001039.1_De_18_6077,0.4566450778043528,-0.11426847261652356,1,1,5,no,JAWLIA010001039.1_De,0.4775180951417994,0.8173633946830859,0.33984529954128656,1.3271313439950156,0.005313460805743388,FALSE,FALSE,FALSE,TRUE,one_sided_terminal_pileup_v1,retained
tilleyi,D. tilleyi,JAWLIA010001058.1_De_6_6726,0.7978553061670152,-1.5541771492802336,1,1,5,no,JAWLIA010001058.1_De,0.4775180951417994,0.8173633946830859,0.33984529954128656,1.3271313439950156,0.009283737204300192,FALSE,FALSE,FALSE,TRUE,one_sided_terminal_pileup_v1,retained
tilleyi,D. tilleyi,JAWLIA010001065.1_De_934_6385,0.3692600178296267,-0.5415752096605871,1,1,5,no,JAWLIA010001065.1_De,0.4775180951417994,0.8173633946830859,0.33984529954128656,1.3271313439950156,0.004296659982189615,FALSE,FALSE,FALSE,TRUE,one_sided_terminal_pileup_v1,retained
tilleyi,D. tilleyi,JAWLIA010001092.1_De_68_6689,0.5729917699005878,0.32047277592239243,1,1,6,no,JAWLIA010001092.1_De,0.4775180951417994,0.8173633946830859,0.33984529954128656,1.3271313439950156,0.00666725529161345,FALSE,FALSE,FALSE,TRUE,one_sided_terminal_pileup_v1,retained
tilleyi,D. tilleyi,JAWLIA010001109.1_De_1012_6499,1.058022063351037,-0.3611778136270803,1,1,5,no,JAWLIA010001109.1_De,0.4775180951417994,0.8173633946830859,0.33984529954128656,1.3271313439950156,0.012311002654968059,FALSE,FALSE,FALSE,TRUE,one_sided_terminal_pileup_v1,retained
tilleyi,D. tilleyi,JAWLIA010001122.1_De_80_6258,0.6445552310211404,-0.1327984096267614,1,1,6,yes,JAWLIA010001122.1_De,0.4775180951417994,0.8173633946830859,0.33984529954128656,1.3271313439950156,0.007499958115468946,FALSE,FALSE,FALSE,TRUE,one_sided_terminal_pileup_v1,retained
tilleyi,D. tilleyi,JAWLIA010001135.1_De_78_5718,0.7159014345980653,0.9363334200626138,1,1,5,no,JAWLIA010001135.1_De,0.4775180951417994,0.8173633946830859,0.33984529954128656,1.3271313439950156,0.008330132959720744,FALSE,FALSE,FALSE,TRUE,one_sided_terminal_pileup_v1,retained
tilleyi,D. tilleyi,JAWLIA010001263.1_De_602_6483,0.4350589806333932,-1.3696040648665129,1,1,5,no,JAWLIA010001263.1_De,0.4775180951417994,0.8173633946830859,0.33984529954128656,1.3271313439950156,0.005062287877704069,FALSE,FALSE,FALSE,TRUE,one_sided_terminal_pileup_v1,retained
tilleyi,D. tilleyi,JAWLIA010001268.1_De_909_6482,0.8309355520719216,-1.061290957325797,0.9969040247678018,1,5,no,JAWLIA010001268.1_De,0.4775180951417994,0.8173633946830859,0.33984529954128656,1.3271313439950156,0.009668654503541029,FALSE,FALSE,FALSE,TRUE,one_sided_terminal_pileup_v1,retained
tilleyi,D. tilleyi,JAWLIA010001284.1_De_507_5688,0.08729032657736578,-1.2246358348380633,0.9957716701902748,1,6,yes,JAWLIA010001284.1_De,0.4775180951417994,0.8173633946830859,0.33984529954128656,1.3271313439950156,0.0010156985184631552,FALSE,FALSE,FALSE,TRUE,one_sided_terminal_pileup_v1,retained
tilleyi,D. tilleyi,JAWLIA010001315.1_De_835_6430,2.0072078098037274,-0.01033958145362826,1,1,5,no,JAWLIA010001315.1_De,0.4775180951417994,0.8173633946830859,0.33984529954128656,1.3271313439950156,0.023355600541354334,TRUE,FALSE,FALSE,TRUE,one_sided_terminal_pileup_v1,retained
tilleyi,D. tilleyi,JAWLIA010001326.1_De_605_6418,0.8457952530438728,-0.25702965646204456,1,1,5,no,JAWLIA010001326.1_De,0.4775180951417994,0.8173633946830859,0.33984529954128656,1.3271313439950156,0.009841559988648127,FALSE,FALSE,FALSE,TRUE,one_sided_terminal_pileup_v1,retained
tilleyi,D. tilleyi,JAWLIA010001337.1_De_792_5948,0.5100950469149071,0.3396920583509411,0.9975786924939468,1,6,yes,JAWLIA010001337.1_De,0.4775180951417994,0.8173633946830859,0.33984529954128656,1.3271313439950156,0.005935397468901302,FALSE,FALSE,FALSE,TRUE,one_sided_terminal_pileup_v1,retained
tilleyi,D. tilleyi,JAWLIA010001348.1_De_5_5460,0.6140365238044831,0.01295872242552942,1,1,5,no,JAWLIA010001348.1_De,0.4775180951417994,0.8173633946830859,0.33984529954128656,1.3271313439950156,0.007144846536433941,FALSE,FALSE,FALSE,TRUE,one_sided_terminal_pileup_v1,retained
tilleyi,D. tilleyi,JAWLIA010001371.1_De_6_6126,0.4434188385880623,0.3253909255501408,1,1,5,no,JAWLIA010001371.1_De,0.4775180951417994,0.8173633946830859,0.33984529954128656,1.3271313439950156,0.0051595620622793105,FALSE,FALSE,FALSE,TRUE,one_sided_terminal_pileup_v1,retained
tilleyi,D. tilleyi,JAWLIA010001383.1_De_929_6367,0.6083306877003611,-0.02215081471354795,1,1,6,yes,JAWLIA010001383.1_De,0.4775180951417994,0.8173633946830859,0.33984529954128656,1.3271313439950156,0.007078454193722131,FALSE,FALSE,FALSE,TRUE,one_sided_terminal_pileup_v1,retained
tilleyi,D. tilleyi,JAWLIA010001405.1_De_8_5492,0.7772905293624323,-1.8547881857559791,0.9987046632124352,1,5,no,JAWLIA010001405.1_De,0.4775180951417994,0.8173633946830859,0.33984529954128656,1.3271313439950156,0.009044448222898254,FALSE,FALSE,FALSE,TRUE,one_sided_terminal_pileup_v1,retained
tilleyi,D. tilleyi,JAWLIA010001409.1_De_938_6341,1.240461949520397,-1.1534283764605004,1,1,5,no,JAWLIA010001409.1_De,0.4775180951417994,0.8173633946830859,0.33984529954128656,1.3271313439950156,0.014433848671892626,FALSE,FALSE,FALSE,TRUE,one_sided_terminal_pileup_v1,retained
tilleyi,D. tilleyi,JAWLIA010001491.1_De_252_5941,0.699641491455256,-0.6181986960980647,1,1,6,yes,JAWLIA010001491.1_De,0.4775180951417994,0.8173633946830859,0.33984529954128656,1.3271313439950156,0.008140934444742008,FALSE,FALSE,FALSE,TRUE,one_sided_terminal_pileup_v1,retained
tilleyi,D. tilleyi,JAWLIA010001505.1_De_13_5224,0.5699549923046013,-0.3920165402678247,1,1,5,no,JAWLIA010001505.1_De,0.4775180951417994,0.8173633946830859,0.33984529954128656,1.3271313439950156,0.006631919755293606,FALSE,FALSE,FALSE,TRUE,one_sided_terminal_pileup_v1,retained
tilleyi,D. tilleyi,JAWLIA010001517.1_De_855_6225,0.780010648582107,1.6711670747263143,1,1,5,no,JAWLIA010001517.1_De,0.4775180951417994,0.8173633946830859,0.33984529954128656,1.3271313439950156,0.009076099164873114,FALSE,FALSE,FALSE,TRUE,one_sided_terminal_pileup_v1,retained
tilleyi,D. tilleyi,JAWLIA010001558.1_De_426_6192,0.36664535722182806,1.6319171520981235,1,1,6,yes,JAWLIA010001558.1_De,0.4775180951417994,0.8173633946830859,0.33984529954128656,1.3271313439950156,0.0042662361424612655,FALSE,FALSE,FALSE,TRUE,one_sided_terminal_pileup_v1,retained
tilleyi,D. tilleyi,JAWLIA010001576.1_De_54_6179,0.5409795509213212,-0.5222086913371263,1,1,5,no,JAWLIA010001576.1_De,0.4775180951417994,0.8173633946830859,0.33984529954128656,1.3271313439950156,0.006294765410261693,FALSE,FALSE,FALSE,TRUE,one_sided_terminal_pileup_v1,retained
tilleyi,D. tilleyi,JAWLIA010001602.1_De_1053_6153,0.5347899811908047,0.5106286082328242,1,1,6,yes,JAWLIA010001602.1_De,0.4775180951417994,0.8173633946830859,0.33984529954128656,1.3271313439950156,0.006222744408030271,FALSE,FALSE,FALSE,TRUE,one_sided_terminal_pileup_v1,retained
tilleyi,D. tilleyi,JAWLIA010001697.1_De_751_5815,1.0431196328418868,-0.6304338791879901,1,1,6,yes,JAWLIA010001697.1_De,0.4775180951417994,0.8173633946830859,0.33984529954128656,1.3271313439950156,0.012137599974703955,FALSE,FALSE,FALSE,TRUE,one_sided_terminal_pileup_v1,retained
tilleyi,D. tilleyi,JAWLIA010001728.1_De_20_5946,0.5757571371511939,-2.247287890964134,0.9823071479122436,1,5,no,JAWLIA010001728.1_De,0.4775180951417994,0.8173633946830859,0.33984529954128656,1.3271313439950156,0.006699432733600195,FALSE,FALSE,FALSE,TRUE,one_sided_terminal_pileup_v1,retained
tilleyi,D. tilleyi,JAWLIA010001747.1_De_93_5166,0.4484456470516699,0.9853833501558228,1,1,6,yes,JAWLIA010001747.1_De,0.4775180951417994,0.8173633946830859,0.33984529954128656,1.3271313439950156,0.00521805333054784,FALSE,FALSE,FALSE,TRUE,one_sided_terminal_pileup_v1,retained
tilleyi,D. tilleyi,JAWLIA010001770.1_De_6_5967,0.5050744565191537,0.4343448311034446,0.9994308480364256,1,5,no,JAWLIA010001770.1_De,0.4775180951417994,0.8173633946830859,0.33984529954128656,1.3271313439950156,0.0058769785532353435,FALSE,FALSE,FALSE,TRUE,one_sided_terminal_pileup_v1,retained
tilleyi,D. tilleyi,JAWLIA010001780.1_De_10_5588,0.6169974543991592,1.0113065795577212,1,1,5,no,JAWLIA010001780.1_De,0.4775180951417994,0.8173633946830859,0.33984529954128656,1.3271313439950156,0.007179299527231487,FALSE,FALSE,FALSE,TRUE,one_sided_terminal_pileup_v1,retained
tilleyi,D. tilleyi,JAWLIA010001791.1_De_479_5978,0.5373946280839622,-0.20207458641003984,1,1,6,yes,JAWLIA010001791.1_De,0.4775180951417994,0.8173633946830859,0.33984529954128656,1.3271313439950156,0.006253051729519726,FALSE,FALSE,FALSE,TRUE,one_sided_terminal_pileup_v1,retained
tilleyi,D. tilleyi,JAWLIA010002019.1_De_405_5810,0.4299203062649087,-1.0648741459823867,0.976629766297663,1,6,yes,JAWLIA010002019.1_De,0.4775180951417994,0.8173633946830859,0.33984529954128656,1.3271313439950156,0.00500249495278806,FALSE,FALSE,FALSE,TRUE,one_sided_terminal_pileup_v1,retained
tilleyi,D. tilleyi,JAWLIA010002084.1_De_514_5760,0.8421806505390464,1.4731495908967591,1,1,5,no,JAWLIA010002084.1_De,0.4775180951417994,0.8173633946830859,0.33984529954128656,1.3271313439950156,0.009799500959280978,FALSE,FALSE,FALSE,TRUE,one_sided_terminal_pileup_v1,retained
tilleyi,D. tilleyi,JAWLIA010002193.1_De_359_5690,0.5526959134128144,0.18870751411189832,1,1,6,yes,JAWLIA010002193.1_De,0.4775180951417994,0.8173633946830859,0.33984529954128656,1.3271313439950156,0.0064310954309065305,FALSE,FALSE,FALSE,TRUE,one_sided_terminal_pileup_v1,retained
tilleyi,D. tilleyi,JAWLIA010002268.1_De_18_5120,0.8970728404493146,-0.13555902349915028,1,1,6,yes,JAWLIA010002268.1_De,0.4775180951417994,0.8173633946830859,0.33984529954128656,1.3271313439950156,0.010438219109998887,FALSE,FALSE,FALSE,TRUE,one_sided_terminal_pileup_v1,retained
tilleyi,D. tilleyi,JAWLIA010002305.1_De_257_5626,0.591604291090905,1.207919295529973,1,1,6,yes,JAWLIA010002305.1_De,0.4775180951417994,0.8173633946830859,0.33984529954128656,1.3271313439950156,0.006883828088842177,FALSE,FALSE,FALSE,TRUE,one_sided_terminal_pileup_v1,retained
tilleyi,D. tilleyi,JAWLIA010002343.1_De_35_5596,0.7064819239691635,-0.6320236179070617,0.936046511627907,1,5,no,JAWLIA010002343.1_De,0.4775180951417994,0.8173633946830859,0.33984529954128656,1.3271313439950156,0.00822052879892128,FALSE,FALSE,FALSE,TRUE,one_sided_terminal_pileup_v1,retained
tilleyi,D. tilleyi,JAWLIA010002401.1_De_7_5560,0.27957290165490223,0.5087697511510428,1,1,6,yes,JAWLIA010002401.1_De,0.4775180951417994,0.8173633946830859,0.33984529954128656,1.3271313439950156,0.0032530727418192563,FALSE,FALSE,FALSE,TRUE,one_sided_terminal_pileup_v1,retained
tilleyi,D. tilleyi,JAWLIA010002421.1_De_459_5558,0.2063135283735059,2.1965143651103114,0.8588588588588588,1,6,yes,JAWLIA010002421.1_De,0.4775180951417994,0.8173633946830859,0.33984529954128656,1.3271313439950156,0.002400636511792048,FALSE,FALSE,FALSE,TRUE,one_sided_terminal_pileup_v1,retained
tilleyi,D. tilleyi,JAWLIA010002477.1_De_36_5532,0.5196286437001345,-0.8277080003304957,1,1,6,no,JAWLIA010002477.1_De,0.4775180951417994,0.8173633946830859,0.33984529954128656,1.3271313439950156,0.006046329120895961,FALSE,FALSE,FALSE,TRUE,one_sided_terminal_pileup_v1,retained
tilleyi,D. tilleyi,JAWLIA010002502.1_De_5_5514,0.6985106588108589,0.27596822258023973,1,1,6,no,JAWLIA010002502.1_De,0.4775180951417994,0.8173633946830859,0.33984529954128656,1.3271313439950156,0.008127776227943199,FALSE,FALSE,FALSE,TRUE,one_sided_terminal_pileup_v1,retained
tilleyi,D. tilleyi,JAWLIA010002507.1_De_16_5511,1.7148351704036284,0.8941106774698738,0.9360313315926893,1,5,no,JAWLIA010002507.1_De,0.4775180951417994,0.8173633946830859,0.33984529954128656,1.3271313439950156,0.019953591769916828,TRUE,FALSE,FALSE,TRUE,one_sided_terminal_pileup_v1,retained
tilleyi,D. tilleyi,JAWLIA010002529.1_De_12_5347,0.5597822599059202,0.01532444555232734,0.9958419958419958,1,5,no,JAWLIA010002529.1_De,0.4775180951417994,0.8173633946830859,0.33984529954128656,1.3271313439950156,0.006513551207125731,FALSE,FALSE,FALSE,TRUE,one_sided_terminal_pileup_v1,retained
tilleyi,D. tilleyi,JAWLIA010002581.1_De_5_5463,0.775504283728095,-0.06731997046782524,1,1,5,no,JAWLIA010002581.1_De,0.4775180951417994,0.8173633946830859,0.33984529954128656,1.3271313439950156,0.009023663708559204,FALSE,FALSE,FALSE,TRUE,one_sided_terminal_pileup_v1,retained
tilleyi,D. tilleyi,JAWLIA010002608.1_De_10_4910,0.2863871153097284,-0.5110064982229247,1,1,6,yes,JAWLIA010002608.1_De,0.4775180951417994,0.8173633946830859,0.33984529954128656,1.3271313439950156,0.0033323620168749985,FALSE,FALSE,FALSE,TRUE,one_sided_terminal_pileup_v1,retained
tilleyi,D. tilleyi,JAWLIA010002622.1_De_15_5441,0.44582239094610665,-1.440863132631915,0.9797782126549248,1,6,yes,JAWLIA010002622.1_De,0.4775180951417994,0.8173633946830859,0.33984529954128656,1.3271313439950156,0.00518752947476173,FALSE,FALSE,FALSE,TRUE,one_sided_terminal_pileup_v1,retained
tilleyi,D. tilleyi,JAWLIA010002640.1_De_14_5431,0.5023198062195287,-0.3094554483086819,1,1,6,no,JAWLIA010002640.1_De,0.4775180951417994,0.8173633946830859,0.33984529954128656,1.3271313439950156,0.005844925812251112,FALSE,FALSE,FALSE,TRUE,one_sided_terminal_pileup_v1,retained
tilleyi,D. tilleyi,JAWLIA010002677.1_De_28_5424,0.6099149629504761,0.3967528544395211,1,1,5,no,JAWLIA010002677.1_De,0.4775180951417994,0.8173633946830859,0.33984529954128656,1.3271313439950156,0.007096888607791523,FALSE,FALSE,FALSE,TRUE,one_sided_terminal_pileup_v1,retained
tilleyi,D. tilleyi,JAWLIA010002743.1_De_11_5379,0.5342114974164792,0.8512296527734804,1,1,5,no,JAWLIA010002743.1_De,0.4775180951417994,0.8173633946830859,0.33984529954128656,1.3271313439950156,0.006216013248512651,FALSE,FALSE,FALSE,TRUE,one_sided_terminal_pileup_v1,retained
tilleyi,D. tilleyi,JAWLIA010002806.1_De_16_5353,0.5450475314917294,0.1461268956369728,1,1,6,yes,JAWLIA010002806.1_De,0.4775180951417994,0.8173633946830859,0.33984529954128656,1.3271313439950156,0.006342099885919066,FALSE,FALSE,FALSE,TRUE,one_sided_terminal_pileup_v1,retained
tilleyi,D. tilleyi,JAWLIA010002807.1_De_10_5347,0.5455693013226922,-0.6702784518129243,1,1,5,no,JAWLIA010002807.1_De,0.4775180951417994,0.8173633946830859,0.33984529954128656,1.3271313439950156,0.006348171129607426,FALSE,FALSE,FALSE,TRUE,one_sided_terminal_pileup_v1,retained
tilleyi,D. tilleyi,JAWLIA010002900.1_De_9_5283,0.6321852416431297,1.282006376076592,0.9640287769784172,1,6,no,JAWLIA010002900.1_De,0.4775180951417994,0.8173633946830859,0.33984529954128656,1.3271313439950156,0.007356022580143451,FALSE,FALSE,FALSE,TRUE,one_sided_terminal_pileup_v1,retained
tilleyi,D. tilleyi,JAWLIA010002919.1_De_18_5288,0.6754692972772235,-1.1702135713601003,1,1,6,no,JAWLIA010002919.1_De,0.4775180951417994,0.8173633946830859,0.33984529954128656,1.3271313439950156,0.007859670039196784,FALSE,FALSE,FALSE,TRUE,one_sided_terminal_pileup_v1,retained
tilleyi,D. tilleyi,JAWLIA010003072.1_De_8_5212,0.9284042353404864,-0.7742161630032289,1,0.9965070885555783,6,no,JAWLIA010003072.1_De,0.4775180951417994,0.8173633946830859,0.33984529954128656,1.3271313439950156,0.010802787013684553,FALSE,FALSE,FALSE,TRUE,one_sided_terminal_pileup_v1,retained
tilleyi,D. tilleyi,JAWLIA010003134.1_De_122_4978,0.5680368248342357,1.230284986701736,1,1,6,yes,JAWLIA010003134.1_De,0.4775180951417994,0.8173633946830859,0.33984529954128656,1.3271313439950156,0.006609600216185366,FALSE,FALSE,FALSE,TRUE,one_sided_terminal_pileup_v1,retained
tilleyi,D. tilleyi,JAWLIA010003274.1_De_10_5127,0.2630572394476795,0.7534281823033014,1,1,5,no,JAWLIA010003274.1_De,0.4775180951417994,0.8173633946830859,0.33984529954128656,1.3271313439950156,0.003060898714145682,FALSE,FALSE,FALSE,TRUE,one_sided_terminal_pileup_v1,retained
tilleyi,D. tilleyi,JAWLIA010003381.1_De_7_5069,0.5153453856302814,-0.7457463993001847,1,1,6,yes,JAWLIA010003381.1_De,0.4775180951417994,0.8173633946830859,0.33984529954128656,1.3271313439950156,0.005996489705163117,FALSE,FALSE,FALSE,TRUE,one_sided_terminal_pileup_v1,retained
tilleyi,D. tilleyi,JAWLIA010003703.1_De_8_4939,1.2499976172246068,-0.5899827970028151,1,1,6,no,JAWLIA010003703.1_De,0.4775180951417994,0.8173633946830859,0.33984529954128656,1.3271313439950156,0.014544804420822476,FALSE,FALSE,FALSE,TRUE,one_sided_terminal_pileup_v1,retained
valentinei,D. valentinei,JASBQI010000404.1_De_43_5971,0.9246816048619146,0.7705380782332116,1,1,5,no,JASBQI010000404.1_De,0.46584050293962087,0.8844316587572251,0.4185911558176042,1.5123183924836314,0.016344020886230437,FALSE,FALSE,FALSE,TRUE,one_sided_terminal_pileup_v1,retained
valentinei,D. valentinei,JASBQI010000736.1_De_7_5970,1.2687340843683104,1.1283454904751835,1,1,5,no,JASBQI010000736.1_De,0.46584050293962087,0.8844316587572251,0.4185911558176042,1.5123183924836314,0.022425250232034965,FALSE,FALSE,FALSE,TRUE,one_sided_terminal_pileup_v1,retained
valentinei,D. valentinei,JASBQI010001512.1_De_8_5544,0.7246004419249039,0.20075278215139877,0.998175182481752,1,5,no,JASBQI010001512.1_De,0.46584050293962087,0.8844316587572251,0.4185911558176042,1.5123183924836314,0.01280752714742386,FALSE,FALSE,FALSE,TRUE,one_sided_terminal_pileup_v1,retained
valentinei,D. valentinei,JASBQI010013018.1_De_9_5820,1.3306505071495407,-1.4453655812528834,1,1,5,no,JASBQI010013018.1_De,0.46584050293962087,0.8844316587572251,0.4185911558176042,1.5123183924836314,0.023519641319536076,FALSE,FALSE,FALSE,TRUE,one_sided_terminal_pileup_v1,retained
valentinei,D. valentinei,JASBQI010016009.1_De_15_5723,1.721373527411087,0.8947793903362289,1,1,6,no,JASBQI010016009.1_De,0.46584050293962087,0.8844316587572251,0.4185911558176042,1.5123183924836314,0.03042578627830747,TRUE,FALSE,FALSE,TRUE,one_sided_terminal_pileup_v1,retained
valentinei,D. valentinei,JASBQI010016120.1_De_12_5773,1.7051912636533693,0.16930470405285045,1,1,5,no,JASBQI010016120.1_De,0.46584050293962087,0.8844316587572251,0.4185911558176042,1.5123183924836314,0.030139759979685335,TRUE,FALSE,FALSE,TRUE,one_sided_terminal_pileup_v1,retained
valentinei,D. valentinei,JASBQI010016340.1_De_19_5772,0.503518744755632,0.7667485850663159,1,1,5,no,JASBQI010016340.1_De,0.46584050293962087,0.8844316587572251,0.4185911558176042,1.5123183924836314,0.00889984275411591,FALSE,FALSE,FALSE,TRUE,one_sided_terminal_pileup_v1,retained
valentinei,D. valentinei,JASBQI010018445.1_De_306_5749,0.6080139669556985,-0.5057162460974765,1,1,6,yes,JASBQI010018445.1_De,0.46584050293962087,0.8844316587572251,0.4185911558176042,1.5123183924836314,0.010746826716129754,FALSE,FALSE,FALSE,TRUE,one_sided_terminal_pileup_v1,retained
valentinei,D. valentinei,JASBQI010020989.1_De_9_5370,0.27905805978095133,-0.5079485718459649,1,1,5,no,JASBQI010020989.1_De,0.46584050293962087,0.8844316587572251,0.4185911558176042,1.5123183924836314,0.004932433751844677,FALSE,FALSE,FALSE,TRUE,one_sided_terminal_pileup_v1,retained
valentinei,D. valentinei,JASBQI010025086.1_De_49_5697,0.5459199737169922,0.14966335237993034,1,1,6,yes,JASBQI010025086.1_De,0.46584050293962087,0.8844316587572251,0.4185911558176042,1.5123183924836314,0.009649297018267514,FALSE,FALSE,FALSE,TRUE,one_sided_terminal_pileup_v1,retained
valentinei,D. valentinei,JASBQI010043902.1_De_17_5518,0.5949744801950612,-0.4604355446570601,1,1,5,no,JASBQI010043902.1_De,0.46584050293962087,0.8844316587572251,0.4185911558176042,1.5123183924836314,0.010516349930562673,FALSE,FALSE,FALSE,TRUE,one_sided_terminal_pileup_v1,retained
valentinei,D. valentinei,JASBQI010050997.1_De_18_5459,0.4701939165342276,0.04834611601797664,0.965675057208238,1,5,no,JASBQI010050997.1_De,0.46584050293962087,0.8844316587572251,0.4185911558176042,1.5123183924836314,0.008310816557837235,FALSE,FALSE,FALSE,TRUE,one_sided_terminal_pileup_v1,retained
valentinei,D. valentinei,JASBQI010057630.1_De_8_5624,0.26780916902970225,-1.2606254633685712,1,1,5,no,JASBQI010057630.1_De,0.46584050293962087,0.8844316587572251,0.4185911558176042,1.5123183924836314,0.004733606280400824,FALSE,FALSE,FALSE,TRUE,one_sided_terminal_pileup_v1,retained
valentinei,D. valentinei,JASBQI010059067.1_De_18_5408,0.940203465418045,0.259104335961729,0.994645247657296,1,6,no,JASBQI010059067.1_De,0.46584050293962087,0.8844316587572251,0.4185911558176042,1.5123183924836314,0.01661837436291762,FALSE,FALSE,FALSE,TRUE,one_sided_terminal_pileup_v1,retained
valentinei,D. valentinei,JASBQI010063057.1_De_17_5294,0.9075888148516288,-0.28411258615368035,1,1,5,no,JASBQI010063057.1_De,0.46584050293962087,0.8844316587572251,0.4185911558176042,1.5123183924836314,0.01604190076676101,FALSE,FALSE,FALSE,TRUE,one_sided_terminal_pileup_v1,retained
valentinei,D. valentinei,JASBQI010065048.1_De_6_5362,0.3739425105201623,0.5705210179256697,1,1,5,no,JASBQI010065048.1_De,0.46584050293962087,0.8844316587572251,0.4185911558176042,1.5123183924836314,0.006609544485427132,FALSE,FALSE,FALSE,TRUE,one_sided_terminal_pileup_v1,retained
valentinei,D. valentinei,JASBQI010077563.1_De_418_5685,0.7263691999268922,0.19882155558980988,1,1,6,yes,JASBQI010077563.1_De,0.46584050293962087,0.8844316587572251,0.4185911558176042,1.5123183924836314,0.012838790468306622,FALSE,FALSE,FALSE,TRUE,one_sided_terminal_pileup_v1,retained
valentinei,D. valentinei,JASBQI010096389.1_De_1536_6723,0.5201155449174986,0.77706587278355,1,1,6,no,JASBQI010096389.1_De,0.46584050293962087,0.8844316587572251,0.4185911558176042,1.5123183924836314,0.00919319610630101,FALSE,FALSE,FALSE,TRUE,one_sided_terminal_pileup_v1,retained
valentinei,D. valentinei,JASBQI010103033.1_De_8_7051,0.6376219347763059,0.5650932387177078,1,1,6,yes,JASBQI010103033.1_De,0.46584050293962087,0.8844316587572251,0.4185911558176042,1.5123183924836314,0.011270156305379137,FALSE,FALSE,FALSE,TRUE,one_sided_terminal_pileup_v1,retained
valentinei,D. valentinei,JASBQI010104139.1_De_2266_7977,0.34927116602205877,3.227785743501785,1,1,5,no,JASBQI010104139.1_De,0.46584050293962087,0.8844316587572251,0.4185911558176042,1.5123183924836314,0.006173471173653394,FALSE,FALSE,FALSE,TRUE,one_sided_terminal_pileup_v1,retained
valentinei,D. valentinei,JASBQI010121874.1_De_1103_7482,0.7355122453199348,-0.8720846519853604,1,1,6,yes,JASBQI010121874.1_De,0.46584050293962087,0.8844316587572251,0.4185911558176042,1.5123183924836314,0.013000396500136308,FALSE,FALSE,FALSE,TRUE,one_sided_terminal_pileup_v1,retained
valentinei,D. valentinei,JASBQI010153991.1_De_471_6211,0.5414804614529062,-0.2618979741255881,1,1,6,yes,JASBQI010153991.1_De,0.46584050293962087,0.8844316587572251,0.4185911558176042,1.5123183924836314,0.009570827325794576,FALSE,FALSE,FALSE,TRUE,one_sided_terminal_pileup_v1,retained
valentinei,D. valentinei,JASBQI010200522.1_De_605_7540,0.5850575654638018,-0.3927882383745997,1,1,5,no,JASBQI010200522.1_De,0.46584050293962087,0.8844316587572251,0.4185911558176042,1.5123183924836314,0.010341065529269894,FALSE,FALSE,FALSE,TRUE,one_sided_terminal_pileup_v1,retained
valentinei,D. valentinei,JASBQI010209381.1_De_576_6598,0.40450720071392554,0.32585275486228443,0.9994051160023796,1,6,yes,JASBQI010209381.1_De,0.46584050293962087,0.8844316587572251,0.4185911558176042,1.5123183924836314,0.007149784425619981,FALSE,FALSE,FALSE,TRUE,one_sided_terminal_pileup_v1,retained
valentinei,D. valentinei,JASBQI010224892.1_De_1389_7017,0.33230063849725217,-3.5662207363989804,1,1,5,no,JASBQI010224892.1_De,0.46584050293962087,0.8844316587572251,0.4185911558176042,1.5123183924836314,0.0058735120797799864,FALSE,FALSE,FALSE,TRUE,one_sided_terminal_pileup_v1,retained
valentinei,D. valentinei,JASBQI010232650.1_De_2469_8584,0.5809702060692133,2.0383005248500083,1,1,6,no,JASBQI010232650.1_De,0.46584050293962087,0.8844316587572251,0.4185911558176042,1.5123183924836314,0.010268820242931943,FALSE,FALSE,FALSE,TRUE,one_sided_terminal_pileup_v1,retained
valentinei,D. valentinei,JASBQI010256262.1_De_65_4227,0.34489268753005187,0.7236470752680394,1,1,5,no,JASBQI010256262.1_De,0.46584050293962087,0.8844316587572251,0.4185911558176042,1.5123183924836314,0.006096080271155708,FALSE,FALSE,FALSE,TRUE,one_sided_terminal_pileup_v1,retained
valentinei,D. valentinei,JASBQI010276977.1_De_1645_7570,2.336132273067558,0.41469270358339505,1,1,5,no,JASBQI010276977.1_De,0.46584050293962087,0.8844316587572251,0.4185911558176042,1.5123183924836314,0.0412918289530751,TRUE,FALSE,FALSE,TRUE,one_sided_terminal_pileup_v1,retained
valentinei,D. valentinei,JASBQI010301351.1_De_961_7031,0.4074697474929798,0.32494171225739577,1,1,6,yes,JASBQI010301351.1_De,0.46584050293962087,0.8844316587572251,0.4185911558176042,1.5123183924836314,0.007202148316259429,FALSE,FALSE,FALSE,TRUE,one_sided_terminal_pileup_v1,retained
valentinei,D. valentinei,JASBQI010332366.1_De_249_5856,0.5069039026892557,-0.38838767075891034,1,1,5,no,JASBQI010332366.1_De,0.46584050293962087,0.8844316587572251,0.4185911558176042,1.5123183924836314,0.008959676421920512,FALSE,FALSE,FALSE,TRUE,one_sided_terminal_pileup_v1,retained
valentinei,D. valentinei,JASBQI010352308.1_De_278_6009,0.4528632964638626,-0.1719383894567246,1,1,5,no,JASBQI010352308.1_De,0.46584050293962087,0.8844316587572251,0.4185911558176042,1.5123183924836314,0.008004492721705912,FALSE,FALSE,FALSE,TRUE,one_sided_terminal_pileup_v1,retained
valentinei,D. valentinei,JASBQI010376703.1_De_4534_10557,2.679742375624306,-3.7861508255713066,1,1,5,no,JASBQI010376703.1_De,0.46584050293962087,0.8844316587572251,0.4185911558176042,1.5123183924836314,0.047365239155439755,TRUE,FALSE,FALSE,TRUE,one_sided_terminal_pileup_v1,retained
valentinei,D. valentinei,JASBQI010378918.1_De_685_6768,0.5619006461703091,1.3383135067316765,1,1,5,no,JASBQI010378918.1_De,0.46584050293962087,0.8844316587572251,0.4185911558176042,1.5123183924836314,0.00993176013095377,FALSE,FALSE,FALSE,TRUE,one_sided_terminal_pileup_v1,retained
valentinei,D. valentinei,JASBQI010412182.1_De_1331_6855,0.5267186058643301,0.6401908227327086,1,1,6,no,JASBQI010412182.1_De,0.46584050293962087,0.8844316587572251,0.4185911558176042,1.5123183924836314,0.009309907161717952,FALSE,FALSE,FALSE,TRUE,one_sided_terminal_pileup_v1,retained
valentinei,D. valentinei,JASBQI010427697.1_De_22_5866,0.48720213115788474,-0.16300888757448134,0.9949238578680204,1,5,no,JASBQI010427697.1_De,0.46584050293962087,0.8844316587572251,0.4185911558176042,1.5123183924836314,0.008611441782330647,FALSE,FALSE,FALSE,TRUE,one_sided_terminal_pileup_v1,retained
valentinei,D. valentinei,JASBQI010428805.1_De_7_6476,1.2158943435398697,-2.277947829908783,1,1,5,no,JASBQI010428805.1_De,0.46584050293962087,0.8844316587572251,0.4185911558176042,1.5123183924836314,0.021491292182926804,FALSE,FALSE,FALSE,TRUE,one_sided_terminal_pileup_v1,retained
valentinei,D. valentinei,JASBQI010445437.1_De_11_5742,0.7050902176407124,0.14716562766525154,1,1,6,no,JASBQI010445437.1_De,0.46584050293962087,0.8844316587572251,0.4185911558176042,1.5123183924836314,0.012462678162087461,FALSE,FALSE,FALSE,TRUE,one_sided_terminal_pileup_v1,retained
valentinei,D. valentinei,JASBQI010454307.1_De_879_6668,0.5225917865331674,1.2718924615097742,1,1,6,yes,JASBQI010454307.1_De,0.46584050293962087,0.8844316587572251,0.4185911558176042,1.5123183924836314,0.009236964409328826,FALSE,FALSE,FALSE,TRUE,one_sided_terminal_pileup_v1,retained
valentinei,D. valentinei,JASBQI010466498.1_De_1379_6738,1.540037926900664,-1.4271412053527714,1,1,5,no,JASBQI010466498.1_De,0.46584050293962087,0.8844316587572251,0.4185911558176042,1.5123183924836314,0.0272206259003176,TRUE,FALSE,FALSE,TRUE,one_sided_terminal_pileup_v1,retained
valentinei,D. valentinei,JASBQI010484237.1_De_26_6127,0.4643893650747519,-1.057447412130253,1,1,5,no,JASBQI010484237.1_De,0.46584050293962087,0.8844316587572251,0.4185911558176042,1.5123183924836314,0.008208219393807961,FALSE,FALSE,FALSE,TRUE,one_sided_terminal_pileup_v1,retained
valentinei,D. valentinei,JASBQI010507516.1_De_910_6604,1.5478291000297455,0.41022428356890095,1,1,5,no,JASBQI010507516.1_De,0.46584050293962087,0.8844316587572251,0.4185911558176042,1.5123183924836314,0.02735833718999872,TRUE,FALSE,FALSE,TRUE,one_sided_terminal_pileup_v1,retained
valentinei,D. valentinei,JASBQI010515281.1_De_1182_6679,0.5847800647280309,0.6266143257724087,1,1,6,no,JASBQI010515281.1_De,0.46584050293962087,0.8844316587572251,0.4185911558176042,1.5123183924836314,0.01033616062168058,FALSE,FALSE,FALSE,TRUE,one_sided_terminal_pileup_v1,retained
valentinei,D. valentinei,JASBQI010526374.1_De_1207_6612,2.727304599043578,1.895790463950594,1,1,5,no,JASBQI010526374.1_De,0.46584050293962087,0.8844316587572251,0.4185911558176042,1.5123183924836314,0.04820591552325419,TRUE,FALSE,FALSE,TRUE,one_sided_terminal_pileup_v1,retained
valentinei,D. valentinei,JASBQI010533027.1_De_12_5762,0.765848715634557,-1.5054905206589384,1,1,6,yes,JASBQI010533027.1_De,0.46584050293962087,0.8844316587572251,0.4185911558176042,1.5123183924836314,0.01353660258645803,FALSE,FALSE,FALSE,TRUE,one_sided_terminal_pileup_v1,retained
valentinei,D. valentinei,JASBQI010554094.1_De_3079_8707,0.5442364892475113,0.37452061442436263,1,1,5,no,JASBQI010554094.1_De,0.46584050293962087,0.8844316587572251,0.4185911558176042,1.5123183924836314,0.009619540932295684,FALSE,FALSE,FALSE,TRUE,one_sided_terminal_pileup_v1,retained
valentinei,D. valentinei,JASBQI010562968.1_De_10_6471,0.5072968676544933,0.10424379249391864,1,1,5,no,JASBQI010562968.1_De,0.46584050293962087,0.8844316587572251,0.4185911558176042,1.5123183924836314,0.008966622193919903,FALSE,FALSE,FALSE,TRUE,one_sided_terminal_pileup_v1,retained
valentinei,D. valentinei,JASBQI010564078.1_De_533_6582,1.5733261355338373,-2.7169261398362763,1,0.9816108863552776,5,no,JASBQI010564078.1_De,0.46584050293962087,0.8844316587572251,0.4185911558176042,1.5123183924836314,0.027809004834542236,TRUE,FALSE,FALSE,TRUE,one_sided_terminal_pileup_v1,retained
valentinei,D. valentinei,JASBQI010565188.1_De_7_5216,0.7053352703444881,0.03956910661908257,1,1,5,no,JASBQI010565188.1_De,0.46584050293962087,0.8844316587572251,0.4185911558176042,1.5123183924836314,0.012467009541113147,FALSE,FALSE,FALSE,TRUE,one_sided_terminal_pileup_v1,retained
valentinei,D. valentinei,JASBQI010576270.1_De_3408_9109,0.784489269494708,0.8853279450888254,0.9896602658788776,1,6,yes,JASBQI010576270.1_De,0.46584050293962087,0.8844316587572251,0.4185911558176042,1.5123183924836314,0.013866079889801495,FALSE,FALSE,FALSE,TRUE,one_sided_terminal_pileup_v1,retained
valentinei,D. valentinei,JASBQI010578887.1_De_1054_6529,0.5323349157219636,0.7680926886669416,0.989778534923339,1,5,no,JASBQI010578887.1_De,0.46584050293962087,0.8844316587572251,0.4185911558176042,1.5123183924836314,0.009409177099752907,FALSE,FALSE,FALSE,TRUE,one_sided_terminal_pileup_v1,retained
valentinei,D. valentinei,JASBQI010583313.1_De_9_5819,1.0248514095039394,-1.1346980636181536,1,1,5,no,JASBQI010583313.1_De,0.46584050293962087,0.8844316587572251,0.4185911558176042,1.5123183924836314,0.018114551813449824,FALSE,FALSE,FALSE,TRUE,one_sided_terminal_pileup_v1,retained
valentinei,D. valentinei,JASBQI010588741.1_De_6_5725,0.3510582182507637,1.2286277891278332,1,1,5,no,JASBQI010588741.1_De,0.46584050293962087,0.8844316587572251,0.4185911558176042,1.5123183924836314,0.0062050578504047925,FALSE,FALSE,FALSE,TRUE,one_sided_terminal_pileup_v1,retained
valentinei,D. valentinei,JASBQI010588852.1_De_25_6378,0.6687828937118355,0.41178373359693166,0.9984067976633032,1,6,no,JASBQI010588852.1_De,0.46584050293962087,0.8844316587572251,0.4185911558176042,1.5123183924836314,0.011820935471958664,FALSE,FALSE,FALSE,TRUE,one_sided_terminal_pileup_v1,retained
valentinei,D. valentinei,JASBQI010589295.1_De_5_5587,0.7351244362007144,0.7098851364961718,1,1,5,no,JASBQI010589295.1_De,0.46584050293962087,0.8844316587572251,0.4185911558176042,1.5123183924836314,0.01299354185924037,FALSE,FALSE,FALSE,TRUE,one_sided_terminal_pileup_v1,retained
valentinei,D. valentinei,JASBQI010590732.1_De_6_5330,3.2378246799334085,-0.9447687549459948,1,1,5,no,JASBQI010590732.1_De,0.46584050293962087,0.8844316587572251,0.4185911558176042,1.5123183924836314,0.057229508964533334,TRUE,FALSE,FALSE,TRUE,one_sided_terminal_pileup_v1,retained
valentinei,D. valentinei,JASBQI010592061.1_De_20_5827,0.5065294275191712,-0.9449879554895264,1,1,5,no,JASBQI010592061.1_De,0.46584050293962087,0.8844316587572251,0.4185911558176042,1.5123183924836314,0.008953057462519726,FALSE,FALSE,FALSE,TRUE,one_sided_terminal_pileup_v1,retained
valentinei,D. valentinei,JASBQI010599254.1_De_15_5396,0.37655183956145455,0.4835685305985699,1,1,5,no,JASBQI010599254.1_De,0.46584050293962087,0.8844316587572251,0.4185911558176042,1.5123183924836314,0.006655665148070028,FALSE,FALSE,FALSE,TRUE,one_sided_terminal_pileup_v1,retained
valentinei,D. valentinei,JASBQI010599476.1_De_7_5268,0.42503982822484165,-0.649995213043887,1,1,5,no,JASBQI010599476.1_De,0.46584050293962087,0.8844316587572251,0.4185911558176042,1.5123183924836314,0.007512704690415037,FALSE,FALSE,FALSE,TRUE,one_sided_terminal_pileup_v1,retained
valentinei,D. valentinei,JASBQI010599920.1_De_546_6230,0.5599950380888052,-0.8742770224093308,1,1,5,no,JASBQI010599920.1_De,0.46584050293962087,0.8844316587572251,0.4185911558176042,1.5123183924836314,0.009898077944435396,FALSE,FALSE,FALSE,TRUE,one_sided_terminal_pileup_v1,retained
valentinei,D. valentinei,JASBQI010601470.1_De_468_6213,1.0790459558485437,1.5110095857141974,1,1,6,yes,JASBQI010601470.1_De,0.46584050293962087,0.8844316587572251,0.4185911558176042,1.5123183924836314,0.019072456450806883,FALSE,FALSE,FALSE,TRUE,one_sided_terminal_pileup_v1,retained
valentinei,D. valentinei,JASBQI010601914.1_De_730_6206,0.5401433718235675,-0.7712275293933758,1,1,5,no,JASBQI010601914.1_De,0.46584050293962087,0.8844316587572251,0.4185911558176042,1.5123183924836314,0.009547193871085657,FALSE,FALSE,FALSE,TRUE,one_sided_terminal_pileup_v1,retained
valentinei,D. valentinei,JASBQI010603683.1_De_334_6183,0.4745620729674741,0.8780599830446796,1,1,6,no,JASBQI010603683.1_De,0.46584050293962087,0.8844316587572251,0.4185911558176042,1.5123183924836314,0.008388025014893071,FALSE,FALSE,FALSE,TRUE,one_sided_terminal_pileup_v1,retained
valentinei,D. valentinei,JASBQI010604015.1_De_7_5683,0.44830931356970816,-1.285591436082952,1,1,5,no,JASBQI010604015.1_De,0.46584050293962087,0.8844316587572251,0.4185911558176042,1.5123183924836314,0.007923999726986165,FALSE,FALSE,FALSE,TRUE,one_sided_terminal_pileup_v1,retained
valentinei,D. valentinei,JASBQI010605571.1_De_10_5523,0.40283874146357673,-0.9711535298958894,1,1,5,no,JASBQI010605571.1_De,0.46584050293962087,0.8844316587572251,0.4185911558176042,1.5123183924836314,0.007120293914840764,FALSE,FALSE,FALSE,TRUE,one_sided_terminal_pileup_v1,retained
valentinei,D. valentinei,JASBQI010607119.1_De_538_6144,0.45440420141346377,-0.6031629621303128,1,1,5,no,JASBQI010607119.1_De,0.46584050293962087,0.8844316587572251,0.4185911558176042,1.5123183924836314,0.008031728672488926,FALSE,FALSE,FALSE,TRUE,one_sided_terminal_pileup_v1,retained
valentinei,D. valentinei,JASBQI010607672.1_De_32_6128,0.4338032668303896,1.0031614435805538,1,1,5,no,JASBQI010607672.1_De,0.46584050293962087,0.8844316587572251,0.4185911558176042,1.5123183924836314,0.007667601059988284,FALSE,FALSE,FALSE,TRUE,one_sided_terminal_pileup_v1,retained
valentinei,D. valentinei,JASBQI010611877.1_De_523_5952,0.8149601904740141,1.31853787855519,1,0.9957317073170732,5,no,JASBQI010611877.1_De,0.46584050293962087,0.8844316587572251,0.4185911558176042,1.5123183924836314,0.014404662431391935,FALSE,FALSE,FALSE,TRUE,one_sided_terminal_pileup_v1,retained
valentinei,D. valentinei,JASBQI010612650.1_De_22_6052,0.425489094621939,0.2268714149582349,1,1,5,no,JASBQI010612650.1_De,0.46584050293962087,0.8844316587572251,0.4185911558176042,1.5123183924836314,0.007520645606876479,FALSE,FALSE,FALSE,TRUE,one_sided_terminal_pileup_v1,retained
valentinei,D. valentinei,JASBQI010613425.1_De_612_6048,0.7812566183499129,-0.21372288391035804,1,1,5,no,JASBQI010613425.1_De,0.46584050293962087,0.8844316587572251,0.4185911558176042,1.5123183924836314,0.01380894182460086,FALSE,FALSE,FALSE,TRUE,one_sided_terminal_pileup_v1,retained
valentinei,D. valentinei,JASBQI010615419.1_De_646_6027,1.231297425936717,-1.2046634147260915,1,1,5,no,JASBQI010615419.1_De,0.46584050293962087,0.8844316587572251,0.4185911558176042,1.5123183924836314,0.02176354622051415,FALSE,FALSE,FALSE,TRUE,one_sided_terminal_pileup_v1,retained
welteri,D. welteri,JASCRD010000331.1_De_388_6423,0.7869814351169017,1.7300552551706814,1,0.9771480804387568,5,no,JASCRD010000331.1_De,0.488571499084073,0.8568320338304356,0.3682605347463626,1.4092228359499797,0.011755117758043072,FALSE,FALSE,FALSE,TRUE,one_sided_terminal_pileup_v1,retained
welteri,D. welteri,JASCRD010001987.1_De_630_6378,0.5740669644896887,1.043375132660589,1,1,6,no,JASCRD010001987.1_De,0.488571499084073,0.8568320338304356,0.3682605347463626,1.4092228359499797,0.008574820786688838,FALSE,FALSE,FALSE,TRUE,one_sided_terminal_pileup_v1,retained
welteri,D. welteri,JASCRD010005186.1_De_245_5983,1.8085499295808785,1.7402088620806913,1,1,5,no,JASCRD010005186.1_De,0.488571499084073,0.8568320338304356,0.3682605347463626,1.4092228359499797,0.027014255285914997,TRUE,FALSE,FALSE,TRUE,one_sided_terminal_pileup_v1,retained
welteri,D. welteri,JASCRD010008943.1_De_494_6310,0.6479188502373349,0.29575955352895594,1,1,5,no,JASCRD010008943.1_De,0.488571499084073,0.8568320338304356,0.3682605347463626,1.4092228359499797,0.009677944157684453,FALSE,FALSE,FALSE,TRUE,one_sided_terminal_pileup_v1,retained
welteri,D. welteri,JASCRD010011261.1_De_7_6263,0.37789567145276903,-1.077091346629313,1,1,5,no,JASCRD010011261.1_De,0.488571499084073,0.8568320338304356,0.3682605347463626,1.4092228359499797,0.005644616149709034,FALSE,FALSE,FALSE,TRUE,one_sided_terminal_pileup_v1,retained
welteri,D. welteri,JASCRD010012586.1_De_5_5886,1.01041808133257,-1.7052656888148852,1,1,5,no,JASCRD010012586.1_De,0.488571499084073,0.8568320338304356,0.3682605347463626,1.4092228359499797,0.015092584146099907,FALSE,FALSE,FALSE,TRUE,one_sided_terminal_pileup_v1,retained
welteri,D. welteri,JASCRD010018000.1_De_785_6218,0.3818130401165609,0.9554968129946328,1,1,6,yes,JASCRD010018000.1_De,0.488571499084073,0.8568320338304356,0.3682605347463626,1.4092228359499797,0.005703129766282088,FALSE,FALSE,FALSE,TRUE,one_sided_terminal_pileup_v1,retained
welteri,D. welteri,JASCRD010018662.1_De_42_6216,0.7000885778539515,1.0015473316065922,1,1,5,no,JASCRD010018662.1_De,0.488571499084073,0.8568320338304356,0.3682605347463626,1.4092228359499797,0.010457201792201921,FALSE,FALSE,FALSE,TRUE,one_sided_terminal_pileup_v1,retained
welteri,D. welteri,JASCRD010020877.1_De_728_6202,0.8750335825784826,1.8692986808607432,1,1,5,no,JASCRD010020877.1_De,0.488571499084073,0.8568320338304356,0.3682605347463626,1.4092228359499797,0.013070350006318033,FALSE,FALSE,FALSE,TRUE,one_sided_terminal_pileup_v1,retained
welteri,D. welteri,JASCRD010022206.1_De_10_6184,0.3988781643538095,0.12065940836954626,1,1,5,no,JASCRD010022206.1_De,0.488571499084073,0.8568320338304356,0.3682605347463626,1.4092228359499797,0.005958031007929158,FALSE,FALSE,FALSE,TRUE,one_sided_terminal_pileup_v1,retained
welteri,D. welteri,JASCRD010027627.1_De_405_5960,0.632380326841968,-0.931134907941116,1,1,5,no,JASCRD010027627.1_De,0.488571499084073,0.8568320338304356,0.3682605347463626,1.4092228359499797,0.009445845706376625,FALSE,FALSE,FALSE,TRUE,one_sided_terminal_pileup_v1,retained
welteri,D. welteri,JASCRD010032165.1_De_1019_6080,0.85076485091442,0.05112408781136401,1,1,6,no,JASCRD010032165.1_De,0.488571499084073,0.8568320338304356,0.3682605347463626,1.4092228359499797,0.012707848699655026,FALSE,FALSE,FALSE,TRUE,one_sided_terminal_pileup_v1,retained
welteri,D. welteri,JASCRD010036685.1_De_1172_6034,1.1977130940091898,0.1446424350965552,1,1,6,yes,JASCRD010036685.1_De,0.488571499084073,0.8568320338304356,0.3682605347463626,1.4092228359499797,0.017890204053335444,FALSE,FALSE,FALSE,TRUE,one_sided_terminal_pileup_v1,retained
welteri,D. welteri,JASCRD010037680.1_De_263_5856,0.5538327225193262,-0.4351344567476789,1,1,5,no,JASCRD010037680.1_De,0.488571499084073,0.8568320338304356,0.3682605347463626,1.4092228359499797,0.008272582529860052,FALSE,FALSE,FALSE,TRUE,one_sided_terminal_pileup_v1,retained
welteri,D. welteri,JASCRD010042766.1_De_9_5988,0.239620201608348,-1.868019819262278,1,1,5,no,JASCRD010042766.1_De,0.488571499084073,0.8568320338304356,0.3682605347463626,1.4092228359499797,0.003579199662688025,FALSE,FALSE,FALSE,TRUE,one_sided_terminal_pileup_v1,retained
welteri,D. welteri,JASCRD010043982.1_De_23_5978,0.5814384204814321,0.02259093444437464,1,1,5,no,JASCRD010043982.1_De,0.488571499084073,0.8568320338304356,0.3682605347463626,1.4092228359499797,0.008684928000613528,FALSE,FALSE,FALSE,TRUE,one_sided_terminal_pileup_v1,retained
welteri,D. welteri,JASCRD010045421.1_De_3111_9593,0.6802770783232175,0.7153249243376577,1,1,6,yes,JASCRD010045421.1_De,0.488571499084073,0.8568320338304356,0.3682605347463626,1.4092228359499797,0.010161278026334942,FALSE,FALSE,FALSE,TRUE,one_sided_terminal_pileup_v1,retained
welteri,D. welteri,JASCRD010048743.1_De_13_5604,0.5351740925952579,-2.6899155441297022,1,1,5,no,JASCRD010048743.1_De,0.488571499084073,0.8568320338304356,0.3682605347463626,1.4092228359499797,0.007993879142240002,FALSE,FALSE,FALSE,TRUE,one_sided_terminal_pileup_v1,retained
welteri,D. welteri,JASCRD010049517.1_De_146_5244,0.2904650391979017,-0.17766720496211877,1,1,6,yes,JASCRD010049517.1_De,0.488571499084073,0.8568320338304356,0.3682605347463626,1.4092228359499797,0.004338667455171586,FALSE,FALSE,FALSE,TRUE,one_sided_terminal_pileup_v1,retained
welteri,D. welteri,JASCRD010050624.1_De_5_5716,0.5845303346464495,0.5818957688614518,1,1,5,no,JASCRD010050624.1_De,0.488571499084073,0.8568320338304356,0.3682605347463626,1.4092228359499797,0.008731111828446953,FALSE,FALSE,FALSE,TRUE,one_sided_terminal_pileup_v1,retained
welteri,D. welteri,JASCRD010055375.1_De_13_6477,0.907934933504056,-1.8014144553003335,1,1,5,no,JASCRD010055375.1_De,0.488571499084073,0.8568320338304356,0.3682605347463626,1.4092228359499797,0.013561796484304344,FALSE,FALSE,FALSE,TRUE,one_sided_terminal_pileup_v1,retained
welteri,D. welteri,JASCRD010057589.1_De_8_5861,0.7251028133244765,-0.6852256352781773,0.9990291262135922,1,5,no,JASCRD010057589.1_De,0.488571499084073,0.8568320338304356,0.3682605347463626,1.4092228359499797,0.010830838666545418,FALSE,FALSE,FALSE,TRUE,one_sided_terminal_pileup_v1,retained
welteri,D. welteri,JASCRD010062897.1_De_5_5801,0.4788892572937933,0.46182275465726697,1,1,6,yes,JASCRD010062897.1_De,0.488571499084073,0.8568320338304356,0.3682605347463626,1.4092228359499797,0.0071531542694067635,FALSE,FALSE,FALSE,TRUE,one_sided_terminal_pileup_v1,retained
welteri,D. welteri,JASCRD010071969.1_De_2337_8160,3.2230327148660316,-2.1247303909165827,1,1,5,no,JASCRD010071969.1_De,0.488571499084073,0.8568320338304356,0.3682605347463626,1.4092228359499797,0.04814234162416746,TRUE,FALSE,FALSE,TRUE,one_sided_terminal_pileup_v1,retained
welteri,D. welteri,JASCRD010079826.1_De_282_5693,0.5325043053797772,-0.6872171915591555,1,1,5,no,JASCRD010079826.1_De,0.488571499084073,0.8568320338304356,0.3682605347463626,1.4092228359499797,0.007954000611811604,FALSE,FALSE,FALSE,TRUE,one_sided_terminal_pileup_v1,retained
welteri,D. welteri,JASCRD010082700.1_De_30_5662,0.46260947814091086,0.0377346215128056,1,1,5,no,JASCRD010082700.1_De,0.488571499084073,0.8568320338304356,0.3682605347463626,1.4092228359499797,0.006909983703396346,FALSE,FALSE,FALSE,TRUE,one_sided_terminal_pileup_v1,retained
welteri,D. welteri,JASCRD010097398.1_De_10_6092,0.49179891301416623,-0.5585714651643988,1,1,5,no,JASCRD010097398.1_De,0.488571499084073,0.8568320338304356,0.3682605347463626,1.4092228359499797,0.007345985404217759,FALSE,FALSE,FALSE,TRUE,one_sided_terminal_pileup_v1,retained
welteri,D. welteri,JASCRD010103925.1_De_10_5538,0.49951993800994104,0.3521533168221425,1,0.9802136921250496,5,no,JASCRD010103925.1_De,0.488571499084073,0.8568320338304356,0.3682605347463626,1.4092228359499797,0.007461314119722522,FALSE,FALSE,FALSE,TRUE,one_sided_terminal_pileup_v1,retained
welteri,D. welteri,JASCRD010110669.1_De_5562_11878,0.6146876745993237,-0.9366658838739804,0.9994977398292316,1,6,yes,JASCRD010110669.1_De,0.488571499084073,0.8568320338304356,0.3682605347463626,1.4092228359499797,0.009181571098001023,FALSE,FALSE,FALSE,TRUE,one_sided_terminal_pileup_v1,retained
welteri,D. welteri,JASCRD010121852.1_De_13_5441,0.7356309437731592,0.02281051839168388,1,1,5,no,JASCRD010121852.1_De,0.488571499084073,0.8568320338304356,0.3682605347463626,1.4092228359499797,0.010988097030814102,FALSE,FALSE,FALSE,TRUE,one_sided_terminal_pileup_v1,retained
welteri,D. welteri,JASCRD010125061.1_De_5_5716,0.5809031318624931,-0.6208022892152888,1,1,5,no,JASCRD010125061.1_De,0.488571499084073,0.8568320338304356,0.3682605347463626,1.4092228359499797,0.008676932410794773,FALSE,FALSE,FALSE,TRUE,one_sided_terminal_pileup_v1,retained
welteri,D. welteri,JASCRD010128939.1_De_75_5398,0.35709517404383423,-1.0842853464388698,1,1,5,no,JASCRD010128939.1_De,0.488571499084073,0.8568320338304356,0.3682605347463626,1.4092228359499797,0.005333919752618577,FALSE,FALSE,FALSE,TRUE,one_sided_terminal_pileup_v1,retained
welteri,D. welteri,JASCRD010129271.1_De_13_5383,0.3892203355316981,0.5640466773139985,0.9964912280701754,1,5,no,JASCRD010129271.1_De,0.488571499084073,0.8568320338304356,0.3682605347463626,1.4092228359499797,0.00581377231258385,FALSE,FALSE,FALSE,TRUE,one_sided_terminal_pileup_v1,retained
welteri,D. welteri,JASCRD010135021.1_De_61_5655,1.0121687576070255,-0.4911762995590811,1,0.9807618314736436,5,no,JASCRD010135021.1_De,0.488571499084073,0.8568320338304356,0.3682605347463626,1.4092228359499797,0.015118733944359607,FALSE,FALSE,FALSE,TRUE,one_sided_terminal_pileup_v1,retained
welteri,D. welteri,JASCRD010147643.1_De_14_5291,0.4779069535168846,0.1845676857875052,1,1,5,no,JASCRD010147643.1_De,0.488571499084073,0.8568320338304356,0.3682605347463626,1.4092228359499797,0.0071384816277706665,FALSE,FALSE,FALSE,TRUE,one_sided_terminal_pileup_v1,retained
welteri,D. welteri,JASCRD010174856.1_De_2209_8132,1.2903830519956838,-3.523184540325904,1,1,5,no,JASCRD010174856.1_De,0.488571499084073,0.8568320338304356,0.3682605347463626,1.4092228359499797,0.019274412396957076,FALSE,FALSE,FALSE,TRUE,one_sided_terminal_pileup_v1,retained
welteri,D. welteri,JASCRD010191471.1_De_1217_6687,0.5898128796469863,0.33436573346438764,1,1,5,no,JASCRD010191471.1_De,0.488571499084073,0.8568320338304356,0.3682605347463626,1.4092228359499797,0.008810017042436209,FALSE,FALSE,FALSE,TRUE,one_sided_terminal_pileup_v1,retained
welteri,D. welteri,JASCRD010203641.1_De_2039_8054,0.2815849497274774,-0.8318488611043358,1,1,5,no,JASCRD010203641.1_De,0.488571499084073,0.8568320338304356,0.3682605347463626,1.4092228359499797,0.004206025828865256,FALSE,FALSE,FALSE,TRUE,one_sided_terminal_pileup_v1,retained
welteri,D. welteri,JASCRD010214709.1_De_693_5749,0.8228334082984128,-0.18935861752305624,1,1,6,yes,JASCRD010214709.1_De,0.488571499084073,0.8568320338304356,0.3682605347463626,1.4092228359499797,0.012290637590914685,FALSE,FALSE,FALSE,TRUE,one_sided_terminal_pileup_v1,retained
welteri,D. welteri,JASCRD010215815.1_De_1911_7065,0.536422862070816,0.23937834327039215,1,1,6,yes,JASCRD010215815.1_De,0.488571499084073,0.8568320338304356,0.3682605347463626,1.4092228359499797,0.008012531973911507,FALSE,FALSE,FALSE,TRUE,one_sided_terminal_pileup_v1,retained
welteri,D. welteri,JASCRD010222790.1_De_138_4711,0.5148617791212396,0.6722606276082327,1,1,6,no,JASCRD010222790.1_De,0.488571499084073,0.8568320338304356,0.3682605347463626,1.4092228359499797,0.007690474733735879,FALSE,FALSE,FALSE,TRUE,one_sided_terminal_pileup_v1,retained
welteri,D. welteri,JASCRD010237953.1_De_7_6427,0.6781889809057812,-1.2149754846221357,1,1,5,no,JASCRD010237953.1_De,0.488571499084073,0.8568320338304356,0.3682605347463626,1.4092228359499797,0.01013008817872617,FALSE,FALSE,FALSE,TRUE,one_sided_terminal_pileup_v1,retained
welteri,D. welteri,JASCRD010249020.1_De_1600_7299,6.230717419596628,-0.12069893734954408,1,1,5,no,JASCRD010249020.1_De,0.488571499084073,0.8568320338304356,0.3682605347463626,1.4092228359499797,0.09306803657136946,TRUE,FALSE,FALSE,TRUE,one_sided_terminal_pileup_v1,retained
welteri,D. welteri,JASCRD010280017.1_De_372_6337,1.4704894620447444,3.019713164983643,1,1,5,no,JASCRD010280017.1_De,0.488571499084073,0.8568320338304356,0.3682605347463626,1.4092228359499797,0.02196465636540673,TRUE,FALSE,FALSE,TRUE,one_sided_terminal_pileup_v1,retained
welteri,D. welteri,JASCRD010305490.1_De_1401_7295,0.5389162239246997,-1.5664533553839624,1,1,6,yes,JASCRD010305490.1_De,0.488571499084073,0.8568320338304356,0.3682605347463626,1.4092228359499797,0.008049775244080215,FALSE,FALSE,FALSE,TRUE,one_sided_terminal_pileup_v1,retained
welteri,D. welteri,JASCRD010308811.1_De_693_6362,1.5716226820661443,-2.1081664364422497,1,1,5,no,JASCRD010308811.1_De,0.488571499084073,0.8568320338304356,0.3682605347463626,1.4092228359499797,0.02347528019660936,TRUE,FALSE,FALSE,TRUE,one_sided_terminal_pileup_v1,retained
welteri,D. welteri,JASCRD010314349.1_De_2212_7727,0.5486216340001768,1.0201151296011617,1,1,5,no,JASCRD010314349.1_De,0.488571499084073,0.8568320338304356,0.3682605347463626,1.4092228359499797,0.008194744659159725,FALSE,FALSE,FALSE,TRUE,one_sided_terminal_pileup_v1,retained
welteri,D. welteri,JASCRD010340939.1_De_1016_6888,2.9976327436664953,-0.7059991628171705,1,1,5,no,JASCRD010340939.1_De,0.488571499084073,0.8568320338304356,0.3682605347463626,1.4092228359499797,0.04477554911054676,TRUE,FALSE,FALSE,TRUE,one_sided_terminal_pileup_v1,retained
welteri,D. welteri,JASCRD010347585.1_De_721_6250,0.6883515485174653,0.3147731490019301,1,0.9761393462180864,6,no,JASCRD010347585.1_De,0.488571499084073,0.8568320338304356,0.3682605347463626,1.4092228359499797,0.010281886142018247,FALSE,FALSE,FALSE,TRUE,one_sided_terminal_pileup_v1,retained
welteri,D. welteri,JASCRD010381921.1_De_13_6245,0.4930878717177809,-0.9136191869623824,1,1,5,no,JASCRD010381921.1_De,0.488571499084073,0.8568320338304356,0.3682605347463626,1.4092228359499797,0.007365238541166275,FALSE,FALSE,FALSE,TRUE,one_sided_terminal_pileup_v1,retained
welteri,D. welteri,JASCRD010431755.1_De_400_6572,0.9778750793300862,1.1134762554990678,1,1,5,no,JASCRD010431755.1_De,0.488571499084073,0.8568320338304356,0.3682605347463626,1.4092228359499797,0.014606490315077573,FALSE,FALSE,FALSE,TRUE,one_sided_terminal_pileup_v1,retained
welteri,D. welteri,JASCRD010433970.1_De_6_6252,1.0226639104920947,-2.8797614439866797,1,1,5,no,JASCRD010433970.1_De,0.488571499084073,0.8568320338304356,0.3682605347463626,1.4092228359499797,0.015275499723763701,FALSE,FALSE,FALSE,TRUE,one_sided_terminal_pileup_v1,retained
welteri,D. welteri,JASCRD010442826.1_De_2102_8538,0.40423551783582146,0.31333871583577433,1,1,6,no,JASCRD010442826.1_De,0.488571499084073,0.8568320338304356,0.3682605347463626,1.4092228359499797,0.006038053633930695,FALSE,FALSE,FALSE,TRUE,one_sided_terminal_pileup_v1,retained
welteri,D. welteri,JASCRD010458337.1_De_5_5762,0.3864148166968597,-0.6151669689004577,1,1,5,no,JASCRD010458337.1_De,0.488571499084073,0.8568320338304356,0.3682605347463626,1.4092228359499797,0.005771866363085773,FALSE,FALSE,FALSE,TRUE,one_sided_terminal_pileup_v1,retained
welteri,D. welteri,JASCRD010462769.1_De_836_7027,0.7281505400797108,-1.0217015561667675,1,1,5,no,JASCRD010462769.1_De,0.488571499084073,0.8568320338304356,0.3682605347463626,1.4092228359499797,0.010876362468383001,FALSE,FALSE,FALSE,TRUE,one_sided_terminal_pileup_v1,retained
welteri,D. welteri,JASCRD010494882.1_De_147_6932,0.5046247846799615,0.21836200017417576,1,1,6,no,JASCRD010494882.1_De,0.488571499084073,0.8568320338304356,0.3682605347463626,1.4092228359499797,0.007537565059154061,FALSE,FALSE,FALSE,TRUE,one_sided_terminal_pileup_v1,retained
welteri,D. welteri,JASCRD010509276.1_De_1806_6990,0.4173408158404122,0.15076823423371205,1,1,5,no,JASCRD010509276.1_De,0.488571499084073,0.8568320338304356,0.3682605347463626,1.4092228359499797,0.006233807071590031,FALSE,FALSE,FALSE,TRUE,one_sided_terminal_pileup_v1,retained
welteri,D. welteri,JASCRD010549152.1_De_58_6604,0.30010194465272094,-1.4916838009169535,1,1,6,yes,JASCRD010549152.1_De,0.488571499084073,0.8568320338304356,0.3682605347463626,1.4092228359499797,0.0044826136188160955,FALSE,FALSE,FALSE,TRUE,one_sided_terminal_pileup_v1,retained
welteri,D. welteri,JASCRD010575723.1_De_1263_6986,0.5935597859675428,0.7991953900446646,1,1,6,yes,JASCRD010575723.1_De,0.488571499084073,0.8568320338304356,0.3682605347463626,1.4092228359499797,0.008865984468173457,FALSE,FALSE,FALSE,TRUE,one_sided_terminal_pileup_v1,retained
welteri,D. welteri,JASCRD010656624.1_De_11_6211,0.6469167639841259,0.01141668454601437,0.9989909182643796,1,6,no,JASCRD010656624.1_De,0.488571499084073,0.8568320338304356,0.3682605347463626,1.4092228359499797,0.009662976025801599,FALSE,FALSE,FALSE,TRUE,one_sided_terminal_pileup_v1,retained
welteri,D. welteri,JASCRD010664382.1_De_7_6365,0.5295903453031554,-0.7297787420866398,1,1,6,yes,JASCRD010664382.1_De,0.488571499084073,0.8568320338304356,0.3682605347463626,1.4092228359499797,0.007910474878783559,FALSE,FALSE,FALSE,TRUE,one_sided_terminal_pileup_v1,retained
welteri,D. welteri,JASCRD010666594.1_De_13_6117,1.200201568071556,0.7595685044578434,1,1,5,no,JASCRD010666594.1_De,0.488571499084073,0.8568320338304356,0.3682605347463626,1.4092228359499797,0.01792737431471093,FALSE,FALSE,FALSE,TRUE,one_sided_terminal_pileup_v1,retained
welteri,D. welteri,JASCRD010667703.1_De_134_5740,1.8329658568736191,-0.12509244914493955,1,1,5,no,JASCRD010667703.1_De,0.488571499084073,0.8568320338304356,0.3682605347463626,1.4092228359499797,0.02737895524920619,TRUE,FALSE,FALSE,TRUE,one_sided_terminal_pileup_v1,retained
welteri,D. welteri,JASCRD010716473.1_De_9_5328,0.4694661216400347,-0.2203853003408693,1,1,6,no,JASCRD010716473.1_De,0.488571499084073,0.8568320338304356,0.3682605347463626,1.4092228359499797,0.007012401178778277,FALSE,FALSE,FALSE,TRUE,one_sided_terminal_pileup_v1,retained
welteri,D. welteri,JASCRD010748637.1_De_1049_6725,0.31178945643656425,-0.46084110920426546,1,1,6,yes,JASCRD010748637.1_De,0.488571499084073,0.8568320338304356,0.3682605347463626,1.4092228359499797,0.004657189626822163,FALSE,FALSE,FALSE,TRUE,one_sided_terminal_pileup_v1,retained
welteri,D. welteri,JASCRD010802970.1_De_10_5692,5.510318081384458,-2.481232806723953,1,1,5,no,JASCRD010802970.1_De,0.488571499084073,0.8568320338304356,0.3682605347463626,1.4092228359499797,0.08230745356950687,TRUE,FALSE,FALSE,TRUE,one_sided_terminal_pileup_v1,retained
welteri,D. welteri,JASCRD010804079.1_De_9_6661,0.6020958251196464,-0.5633695806145939,1,1,5,no,JASCRD010804079.1_De,0.488571499084073,0.8568320338304356,0.3682605347463626,1.4092228359499797,0.00899348702534031,FALSE,FALSE,FALSE,TRUE,one_sided_terminal_pileup_v1,retained
welteri,D. welteri,JASCRD010835110.1_De_12_5859,1.0584729960490875,-1.8804855860280587,1,1,5,no,JASCRD010835110.1_De,0.488571499084073,0.8568320338304356,0.3682605347463626,1.4092228359499797,0.015810378945492434,FALSE,FALSE,FALSE,TRUE,one_sided_terminal_pileup_v1,retained
welteri,D. welteri,JASCRD010836218.1_De_127_6638,0.5352021251183244,0.2618625353428466,1,1,6,no,JASCRD010836218.1_De,0.488571499084073,0.8568320338304356,0.3682605347463626,1.4092228359499797,0.007994297863184356,FALSE,FALSE,FALSE,TRUE,one_sided_terminal_pileup_v1,retained
welteri,D. welteri,JASCRD010841757.1_De_6_5850,0.6778185232721773,-1.2764074310648916,1,1,5,no,JASCRD010841757.1_De,0.488571499084073,0.8568320338304356,0.3682605347463626,1.4092228359499797,0.01012455466432156,FALSE,FALSE,FALSE,TRUE,one_sided_terminal_pileup_v1,retained
welteri,D. welteri,JASCRD010875023.1_De_469_6568,0.318461288136323,-0.01547469129292908,1,1,5,no,JASCRD010875023.1_De,0.488571499084073,0.8568320338304356,0.3682605347463626,1.4092228359499797,0.004756846573978558,FALSE,FALSE,FALSE,TRUE,one_sided_terminal_pileup_v1,retained
welteri,D. welteri,JASCRD010897202.1_De_1491_7659,0.7936122274978202,1.0456415227878146,1,0.97653683716565,5,no,JASCRD010897202.1_De,0.488571499084073,0.8568320338304356,0.3682605347463626,1.4092228359499797,0.011854161702142279,FALSE,FALSE,FALSE,TRUE,one_sided_terminal_pileup_v1,retained
welteri,D. welteri,JASCRD010910929.1_De_8_5711,0.6528946847983994,0.9499795792374586,1,1,5,no,JASCRD010910929.1_De,0.488571499084073,0.8568320338304356,0.3682605347463626,1.4092228359499797,0.009752268047168791,FALSE,FALSE,FALSE,TRUE,one_sided_terminal_pileup_v1,retained
welteri,D. welteri,JASCRD010915350.1_De_17_5900,0.944842715735594,0.0410788692420059,1,1,6,yes,JASCRD010915350.1_De,0.488571499084073,0.8568320338304356,0.3682605347463626,1.4092228359499797,0.014113086904840746,FALSE,FALSE,FALSE,TRUE,one_sided_terminal_pileup_v1,retained
welteri,D. welteri,JASCRD010917551.1_De_10_5705,0.37097787824429507,0.03704126201964709,1,1,5,no,JASCRD010917551.1_De,0.488571499084073,0.8568320338304356,0.3682605347463626,1.4092228359499797,0.005541285282978585,FALSE,FALSE,FALSE,TRUE,one_sided_terminal_pileup_v1,retained
welteri,D. welteri,JASCRD010917995.1_De_649_6431,0.7070170270407438,-0.5863766155956415,1,1,5,no,JASCRD010917995.1_De,0.488571499084073,0.8568320338304356,0.3682605347463626,1.4092228359499797,0.010560691826956379,FALSE,FALSE,FALSE,TRUE,one_sided_terminal_pileup_v1,retained
wrighti,D. wrighti,JASBQO010049990.1_De_27_5873,1.7140468568716891,5.276808489890952,1,1,5,no,JASBQO010049990.1_De,0.5215907197321298,0.9171926619375619,0.3956019422054321,1.51059557524571,0.04384908925470207,TRUE,FALSE,FALSE,TRUE,one_sided_terminal_pileup_v1,retained
wrighti,D. wrighti,JASBQO010118700.1_De_9_5767,0.4835001610192848,0.47688391412235925,1,1,6,yes,JASBQO010118700.1_De,0.5215907197321298,0.9171926619375619,0.3956019422054321,1.51059557524571,0.01236899774950815,FALSE,FALSE,FALSE,TRUE,one_sided_terminal_pileup_v1,retained
wrighti,D. wrighti,JASBQO010195184.1_De_8_5254,0.3608209252993982,1.2456891789276532,1,1,5,no,JASBQO010195184.1_De,0.5215907197321298,0.9171926619375619,0.3956019422054321,1.51059557524571,0.009230593023164877,FALSE,FALSE,FALSE,TRUE,one_sided_terminal_pileup_v1,retained
wrighti,D. wrighti,JASBQO010298278.1_De_5_5576,10.925968965136455,5.829508633919826,1,1,5,no,JASBQO010298278.1_De,0.5215907197321298,0.9171926619375619,0.3956019422054321,1.51059557524571,0.2795103216844191,TRUE,FALSE,FALSE,TRUE,one_sided_terminal_pileup_v1,retained
wrighti,D. wrighti,JASBQO010364230.1_De_748_5520,0.5026681844066855,0.9656248577901212,1,1,6,yes,JASBQO010364230.1_De,0.5215907197321298,0.9171926619375619,0.3956019422054321,1.51059557524571,0.012859357954645337,FALSE,FALSE,FALSE,TRUE,one_sided_terminal_pileup_v1,retained
wrighti,D. wrighti,JASBQO010376245.1_De_1661_8201,0.6136970649776908,1.1556262399160582,1,1,6,yes,JASBQO010376245.1_De,0.5215907197321298,0.9171926619375619,0.3956019422054321,1.51059557524571,0.015699720967178848,FALSE,FALSE,FALSE,TRUE,one_sided_terminal_pileup_v1,retained
wrighti,D. wrighti,JASBQO010378124.1_De_6_5379,0.6696966619656831,-0.09290982355236065,1,1,5,no,JASBQO010378124.1_De,0.5215907197321298,0.9171926619375619,0.3956019422054321,1.51059557524571,0.017132313849170078,FALSE,FALSE,FALSE,TRUE,one_sided_terminal_pileup_v1,retained
wrighti,D. wrighti,JASBQO010388935.1_De_10_5283,0.6976971537715353,-1.0718627426812206,1,1,6,no,JASBQO010388935.1_De,0.5215907197321298,0.9171926619375619,0.3956019422054321,1.51059557524571,0.017848628026608155,FALSE,FALSE,FALSE,TRUE,one_sided_terminal_pileup_v1,retained
wrighti,D. wrighti,JASBQO010404956.1_De_2117_13917,0.37605724892598097,-0.25317623062403644,0.9984662576687116,1,5,no,JASBQO010404956.1_De,0.5215907197321298,0.9171926619375619,0.3956019422054321,1.51059557524571,0.009620371699247806,FALSE,FALSE,FALSE,TRUE,one_sided_terminal_pileup_v1,retained
wrighti,D. wrighti,JASBQO010421531.1_De_1771_8187,1.1531825743991055,-2.1903045153728065,1,1,6,yes,JASBQO010421531.1_De,0.5215907197321298,0.9171926619375619,0.3956019422054321,1.51059557524571,0.029500947088507035,FALSE,FALSE,FALSE,TRUE,one_sided_terminal_pileup_v1,retained
wrighti,D. wrighti,JASBQO010422633.1_De_1684_8857,0.6286064999951151,-0.07642591339661171,1,1,5,no,JASBQO010422633.1_De,0.5215907197321298,0.9171926619375619,0.3956019422054321,1.51059557524571,0.0160811371135317,FALSE,FALSE,FALSE,TRUE,one_sided_terminal_pileup_v1,retained
wrighti,D. wrighti,JASBQO010426714.1_De_94_5005,0.43730977664233184,-1.315548228308673,1,1,6,yes,JASBQO010426714.1_De,0.5215907197321298,0.9171926619375619,0.3956019422054321,1.51059557524571,0.011187346104960591,FALSE,FALSE,FALSE,TRUE,one_sided_terminal_pileup_v1,retained
wrighti,D. wrighti,JASBQO010455774.1_De_814_6825,0.8891624886681707,-0.8208888047925127,1,1,6,no,JASBQO010455774.1_De,0.5215907197321298,0.9171926619375619,0.3956019422054321,1.51059557524571,0.022746732489392085,FALSE,FALSE,FALSE,TRUE,one_sided_terminal_pileup_v1,retained
wrighti,D. wrighti,JASBQO010485600.1_De_6_6899,0.24665246370194793,-0.2354981893875315,1,1,5,no,JASBQO010485600.1_De,0.5215907197321298,0.9171926619375619,0.3956019422054321,1.51059557524571,0.0063099126213493634,FALSE,FALSE,FALSE,TRUE,one_sided_terminal_pileup_v1,retained
wrighti,D. wrighti,JASBQO010487810.1_De_293_6493,0.926536053027359,0.07602873844280414,1,1,5,no,JASBQO010487810.1_De,0.5215907197321298,0.9171926619375619,0.3956019422054321,1.51059557524571,0.023702830482152545,FALSE,FALSE,FALSE,TRUE,one_sided_terminal_pileup_v1,retained
wrighti,D. wrighti,JASBQO010503250.1_De_3011_8119,1.9399868719809847,-0.07498104957408967,1,1,6,yes,JASBQO010503250.1_De,0.5215907197321298,0.9171926619375619,0.3956019422054321,1.51059557524571,0.04962913187665116,TRUE,FALSE,FALSE,TRUE,one_sided_terminal_pileup_v1,retained
wrighti,D. wrighti,JASBQO010512093.1_De_45_6299,0.5359872052325755,-0.2891225011401599,1,1,5,no,JASBQO010512093.1_De,0.5215907197321298,0.9171926619375619,0.3956019422054321,1.51059557524571,0.013711731804412907,FALSE,FALSE,FALSE,TRUE,one_sided_terminal_pileup_v1,retained
wrighti,D. wrighti,JASBQO010526459.1_De_2566_9075,0.7207179960106206,-0.8933777470537572,1,1,6,no,JASBQO010526459.1_De,0.5215907197321298,0.9171926619375619,0.3956019422054321,1.51059557524571,0.01843755181361734,FALSE,FALSE,FALSE,TRUE,one_sided_terminal_pileup_v1,retained
wrighti,D. wrighti,JASBQO010543029.1_De_17_6953,1.2853970692546537,-0.31816434310577935,1,1,6,yes,JASBQO010543029.1_De,0.5215907197321298,0.9171926619375619,0.3956019422054321,1.51059557524571,0.03288328471973567,FALSE,FALSE,FALSE,TRUE,one_sided_terminal_pileup_v1,retained
wrighti,D. wrighti,JASBQO010550761.1_De_377_6714,0.9350977090885196,3.0254436479363234,1,1,6,yes,JASBQO010550761.1_De,0.5215907197321298,0.9171926619375619,0.3956019422054321,1.51059557524571,0.023921856478605803,FALSE,FALSE,FALSE,TRUE,one_sided_terminal_pileup_v1,retained
wrighti,D. wrighti,JASBQO010559601.1_De_2242_7584,0.2722466607172356,-2.068612657287245,1,0.9794323323735088,6,yes,JASBQO010559601.1_De,0.5215907197321298,0.9171926619375619,0.3956019422054321,1.51059557524571,0.006964668484543243,FALSE,FALSE,FALSE,TRUE,one_sided_terminal_pileup_v1,retained
wrighti,D. wrighti,JASBQO010566222.1_De_1052_7879,0.7853300795037861,1.7663113318531178,1,1,5,no,JASBQO010566222.1_De,0.5215907197321298,0.9171926619375619,0.3956019422054321,1.51059557524571,0.020090471046639313,FALSE,FALSE,FALSE,TRUE,one_sided_terminal_pileup_v1,retained
wrighti,D. wrighti,JASBQO010567328.1_De_879_6353,1.63771281687715,-0.7018647505110382,1,1,5,no,JASBQO010567328.1_De,0.5215907197321298,0.9171926619375619,0.3956019422054321,1.51059557524571,0.04189629658776093,TRUE,FALSE,FALSE,TRUE,one_sided_terminal_pileup_v1,retained
wrighti,D. wrighti,JASBQO010570634.1_De_316_7520,0.9996710258209228,0.38410118916993513,1,1,5,no,JASBQO010570634.1_De,0.5215907197321298,0.9171926619375619,0.3956019422054321,1.51059557524571,0.025573783972606193,FALSE,FALSE,FALSE,TRUE,one_sided_terminal_pileup_v1,retained
wrighti,D. wrighti,JASBQO010642491.1_De_27_7415,0.8036567075550695,1.5712435872064043,1,1,5,no,JASBQO010642491.1_De,0.5215907197321298,0.9171926619375619,0.3956019422054321,1.51059557524571,0.020559306508130204,FALSE,FALSE,FALSE,TRUE,one_sided_terminal_pileup_v1,retained
wrighti,D. wrighti,JASBQO010697787.1_De_714_6373,1.2113395761505623,-0.3609098598489482,1,1,5,no,JASBQO010697787.1_De,0.5215907197321298,0.9171926619375619,0.3956019422054321,1.51059557524571,0.03098873113032707,FALSE,FALSE,FALSE,TRUE,one_sided_terminal_pileup_v1,retained
wrighti,D. wrighti,JASBQO010703325.1_De_340_7334,0.7490979020628974,0.03334875723199454,1,1,5,no,JASBQO010703325.1_De,0.5215907197321298,0.9171926619375619,0.3956019422054321,1.51059557524571,0.01916357224213559,FALSE,FALSE,FALSE,TRUE,one_sided_terminal_pileup_v1,retained
wrighti,D. wrighti,JASBQO010825005.1_De_1562_6963,0.5736847080902768,-0.6336696216572373,1,1,6,no,JASBQO010825005.1_De,0.5215907197321298,0.9171926619375619,0.3956019422054321,1.51059557524571,0.01467611685658332,FALSE,FALSE,FALSE,TRUE,one_sided_terminal_pileup_v1,retained
wrighti,D. wrighti,JASBQO010827215.1_De_9_6844,0.3209818151208282,-1.1644550477109623,1,1,6,yes,JASBQO010827215.1_De,0.5215907197321298,0.9171926619375619,0.3956019422054321,1.51059557524571,0.008211420944499354,FALSE,FALSE,FALSE,TRUE,one_sided_terminal_pileup_v1,retained
wrighti,D. wrighti,JASBQO010850442.1_De_1246_6797,0.5458855747588669,1.756132541275406,1,1,5,no,JASBQO010850442.1_De,0.5215907197321298,0.9171926619375619,0.3956019422054321,1.51059557524571,0.013964953871881082,FALSE,FALSE,FALSE,TRUE,one_sided_terminal_pileup_v1,retained
wrighti,D. wrighti,JASBQO010991013.1_De_11_6238,0.7966145865932422,-3.310458374572864,1,1,6,yes,JASBQO010991013.1_De,0.5215907197321298,0.9171926619375619,0.3956019422054321,1.51059557524571,0.020379153562276004,FALSE,FALSE,FALSE,TRUE,one_sided_terminal_pileup_v1,retained
wrighti,D. wrighti,JASBQO010994338.1_De_972_6521,0.7779729075181467,0.6958639093027297,1,1,5,no,JASBQO010994338.1_De,0.5215907197321298,0.9171926619375619,0.3956019422054321,1.51059557524571,0.019902258402529176,FALSE,FALSE,FALSE,TRUE,one_sided_terminal_pileup_v1,retained
wrighti,D. wrighti,JASBQO011016474.1_De_16_6463,0.6005873107699726,1.9983272803932364,0.9943741209563994,1,5,no,JASBQO011016474.1_De,0.5215907197321298,0.9171926619375619,0.3956019422054321,1.51059557524571,0.01536434461497655,FALSE,FALSE,FALSE,TRUE,one_sided_terminal_pileup_v1,retained
wrighti,D. wrighti,JASBQO011048579.1_De_5_6284,0.2155019980851693,-0.24086311289582144,1,1,5,no,JASBQO011048579.1_De,0.5215907197321298,0.9171926619375619,0.3956019422054321,1.51059557524571,0.00551301518433962,FALSE,FALSE,FALSE,TRUE,one_sided_terminal_pileup_v1,retained
wrighti,D. wrighti,JASBQO011057434.1_De_4967_10746,0.6136213100783534,0.18338491253528968,1,1,5,no,JASBQO011057434.1_De,0.5215907197321298,0.9171926619375619,0.3956019422054321,1.51059557524571,0.015697782990203944,FALSE,FALSE,FALSE,TRUE,one_sided_terminal_pileup_v1,retained
wrighti,D. wrighti,JASBQO011181415.1_De_512_6174,0.7673189212567432,1.017698837169857,1,1,5,no,JASBQO011181415.1_De,0.5215907197321298,0.9171926619375619,0.3956019422054321,1.51059557524571,0.01962970599672897,FALSE,FALSE,FALSE,TRUE,one_sided_terminal_pileup_v1,retained
wrighti,D. wrighti,JASBQO011256738.1_De_731_6048,0.858874040573964,0.5024279804130727,1,1,6,no,JASBQO011256738.1_De,0.5215907197321298,0.9171926619375619,0.3956019422054321,1.51059557524571,0.021971887356923982,FALSE,FALSE,FALSE,TRUE,one_sided_terminal_pileup_v1,retained
wrighti,D. wrighti,JASBQO011304369.1_De_13_5979,0.5167918912319812,-0.3622222445827804,1,1,5,no,JASBQO011304369.1_De,0.5215907197321298,0.9171926619375619,0.3956019422054321,1.51059557524571,0.013220673445354816,FALSE,FALSE,FALSE,TRUE,one_sided_terminal_pileup_v1,retained
