species,te_level,composition_mode,feature,closed_proportion,clr_value
abditus,order,classified_conditional,DIRS,0.01422396476409308,0.4582924228412377
abditus,order,classified_conditional,Helitron,0.001645915878239484,-1.6983387845436928
abditus,order,classified_conditional,LINE,0.16702126575756382,2.9214853654631856
abditus,order,classified_conditional,LTR,0.6378693198311491,4.261497655801648
abditus,order,classified_conditional,Maverick,0.003873265636222111,-0.8425377938488294
abditus,order,classified_conditional,PLE,8.3097701201179e-05,-4.684374019257923
abditus,order,classified_conditional,SINE,0.008246234827669247,-0.08687906706565318
abditus,order,classified_conditional,TIR,0.1633465913540212,2.899238491985373
abditus,order,classified_conditional,Transposon Derivatives,0.0022913768080547988,-1.367482915585315
abditus,order,classified_conditional,YR,0.00139896744178596,-1.8609013557900322
adatsihi,order,classified_conditional,DIRS,0.018131338202938385,0.6084318227218688
adatsihi,order,classified_conditional,Helitron,0.0016806319017401395,-1.7700401561619685
adatsihi,order,classified_conditional,LINE,0.1782957688178676,2.894233783051516
adatsihi,order,classified_conditional,LTR,0.6113381657839776,4.126440258043694
adatsihi,order,classified_conditional,Maverick,0.003571138563863564,-1.016325540447796
adatsihi,order,classified_conditional,PLE,0.00010990589593495699,-4.497340781677211
adatsihi,order,classified_conditional,SINE,0.010432883261475479,0.05575265922437289
adatsihi,order,classified_conditional,TIR,0.1725790051336478,2.861645121550432
adatsihi,order,classified_conditional,Transposon Derivatives,0.0019220868031257217,-1.6357985384005147
adatsihi,order,classified_conditional,YR,0.0019390756354286315,-1.626998627904392
aeneus,order,classified_conditional,DIRS,0.01536383797124239,0.4910215720036053
aeneus,order,classified_conditional,Helitron,0.001218680985346038,-2.0432258781054085
aeneus,order,classified_conditional,LINE,0.20363908620596124,3.0753542492992
aeneus,order,classified_conditional,LTR,0.6005511880637007,4.156852887867718
aeneus,order,classified_conditional,Maverick,0.008860977948720952,-0.059337855938291106
aeneus,order,classified_conditional,PLE,5.9027965005605e-05,-5.070738956648656
aeneus,order,classified_conditional,SINE,0.00951538625703426,0.011915102039164793
aeneus,order,classified_conditional,TIR,0.15730321197307134,2.817180236841428
aeneus,order,classified_conditional,Transposon Derivatives,0.0015725760896934142,-1.788279896279385
aeneus,order,classified_conditional,YR,0.0019160265402240258,-1.5907414610793715
amphileucus,order,classified_conditional,DIRS,0.024703653516032577,0.8138938255430657
amphileucus,order,classified_conditional,Helitron,0.0030903921841880194,-1.2647593194761448
amphileucus,order,classified_conditional,LINE,0.15798132414938493,2.6694195016731603
amphileucus,order,classified_conditional,LTR,0.5984727175923306,4.001323616536688
amphileucus,order,classified_conditional,Maverick,0.0037096925805313523,-1.0821083119856825
amphileucus,order,classified_conditional,PLE,0.00010052058790672902,-4.6904500404508385
amphileucus,order,classified_conditional,SINE,0.011972058073870681,0.08951811800518517
amphileucus,order,classified_conditional,TIR,0.19584611876688857,2.884271919758085
amphileucus,order,classified_conditional,Transposon Derivatives,0.0026406529798208875,-1.4220310953655098
amphileucus,order,classified_conditional,YR,0.0014828695690457172,-1.9990782142380032
anicetus,order,classified_conditional,DIRS,0.018179393660132662,0.6850591715455359
anicetus,order,classified_conditional,Helitron,0.0017703772824902292,-1.6440368867987551
anicetus,order,classified_conditional,LINE,0.17890358982287188,2.971617491780136
anicetus,order,classified_conditional,LTR,0.602211739295599,4.185379545252539
anicetus,order,classified_conditional,Maverick,0.0025383047234935232,-1.283733138116407
anicetus,order,classified_conditional,PLE,5.847912197612001e-05,-5.054315042361262
anicetus,order,classified_conditional,SINE,0.012442760559756285,0.30590940802121747
anicetus,order,classified_conditional,TIR,0.18006985172453113,2.978115276128994
anicetus,order,classified_conditional,Transposon Derivatives,0.002109369965972599,-1.4688402560456684
anicetus,order,classified_conditional,YR,0.0017161338431767041,-1.6751555694063303
apalachicolae,order,classified_conditional,DIRS,0.016645033214792982,0.5936511745423996
apalachicolae,order,classified_conditional,Helitron,0.0016459565703742264,-1.7201389750063427
apalachicolae,order,classified_conditional,LINE,0.1778875189020961,2.9626907423041793
apalachicolae,order,classified_conditional,LTR,0.6130982445801612,4.200064499613422
apalachicolae,order,classified_conditional,Maverick,0.003155658911692147,-1.069263370964495
apalachicolae,order,classified_conditional,PLE,7.600239289655902e-05,-4.795451145674726
apalachicolae,order,classified_conditional,SINE,0.010075585558552251,0.09165453413510338
apalachicolae,order,classified_conditional,TIR,0.17368018692883025,2.938754909888148
apalachicolae,order,classified_conditional,Transposon Derivatives,0.0020933770445136814,-1.4796821192332041
apalachicolae,order,classified_conditional,YR,0.0016424358960908584,-1.7222802496044816
aureatus,order,classified_conditional,DIRS,0.026910288405859777,0.8957423946168594
aureatus,order,classified_conditional,Helitron,0.002752045704471742,-1.3844217598250301
aureatus,order,classified_conditional,LINE,0.13878404434953262,2.5361527997230913
aureatus,order,classified_conditional,LTR,0.6338923400225782,4.055112841840041
aureatus,order,classified_conditional,Maverick,0.003893446393986839,-1.0374715596260327
aureatus,order,classified_conditional,PLE,7.0878513604475e-05,-5.043554230984468
aureatus,order,classified_conditional,SINE,0.011342157413867212,0.03176024085338458
aureatus,order,classified_conditional,TIR,0.17484154700806975,2.767113830604028
aureatus,order,classified_conditional,Transposon Derivatives,0.006387084949815498,-0.5424883125716162
aureatus,order,classified_conditional,YR,0.001126167238213905,-2.2779462446302476
auriculatus,order,classified_conditional,DIRS,0.010942125314434769,0.3623866748107689
auriculatus,order,classified_conditional,Helitron,0.001127029583672735,-1.9106478887285476
auriculatus,order,classified_conditional,LINE,0.1525877172206335,2.9975062522025877
auriculatus,order,classified_conditional,LTR,0.6475484662517069,4.442960268753352
auriculatus,order,classified_conditional,Maverick,0.00588289730326632,-0.2581839941676609
auriculatus,order,classified_conditional,PLE,3.7625207846084005e-05,-5.310314405153048
auriculatus,order,classified_conditional,SINE,0.007261387085409329,-0.047662504189442956
auriculatus,order,classified_conditional,TIR,0.17169374934065607,3.115478989328677
auriculatus,order,classified_conditional,Transposon Derivatives,0.001881367089736073,-1.398234685403641
auriculatus,order,classified_conditional,YR,0.001037635602638195,-1.9932887074530452
bairdi,order,classified_conditional,DIRS,0.01395890296008893,0.581386392606781
bairdi,order,classified_conditional,Helitron,0.0011901604089029232,-1.88064302168217
bairdi,order,classified_conditional,LINE,0.1510124524135047,2.9626311826106955
bairdi,order,classified_conditional,LTR,0.665716189729612,4.446132321050477
bairdi,order,classified_conditional,Maverick,0.0050955277143427714,-0.42636788086288924
bairdi,order,classified_conditional,PLE,3.295083638987401e-05,-5.46746975186674
bairdi,order,classified_conditional,SINE,0.008756949994581702,0.11511655306843416
bairdi,order,classified_conditional,TIR,0.15113017625675493,2.9634104427218926
bairdi,order,classified_conditional,Transposon Derivatives,0.0019446292863685355,-1.3896597564825237
bairdi,order,classified_conditional,YR,0.0011620603994537283,-1.904536481163964
balsameus,order,classified_conditional,DIRS,0.01943533248243372,0.6671589107091083
balsameus,order,classified_conditional,Helitron,0.001685154235661406,-1.7780766667221988
balsameus,order,classified_conditional,LINE,0.1786407581400148,2.8854430906226503
balsameus,order,classified_conditional,LTR,0.6038916213614225,4.103460986147726
balsameus,order,classified_conditional,Maverick,0.003477005361653911,-1.0537623657956283
balsameus,order,classified_conditional,PLE,0.00014010015155928998,-4.265331504700764
balsameus,order,classified_conditional,SINE,0.010422702578266614,0.04405260635835795
balsameus,order,classified_conditional,TIR,0.17881852736209236,2.886437717109878
balsameus,order,classified_conditional,Transposon Derivatives,0.001828653488756771,-1.6963538633274613
balsameus,order,classified_conditional,YR,0.001660144838138642,-1.7930289104016754
campi,order,classified_conditional,DIRS,0.015427035141015613,0.5872376536102175
campi,order,classified_conditional,Helitron,0.0014107448728962481,-1.8047660017575602
campi,order,classified_conditional,LINE,0.1677074440495392,2.9733372116214887
campi,order,classified_conditional,LTR,0.6244755652849422,4.288028356647172
campi,order,classified_conditional,Maverick,0.0040201510023495785,-0.7575643806084233
campi,order,classified_conditional,PLE,4.475503502368401e-05,-5.2554351714022385
campi,order,classified_conditional,SINE,0.012911077487360876,0.4092018175216259
campi,order,classified_conditional,TIR,0.170893539640559,2.992156942113419
campi,order,classified_conditional,Transposon Derivatives,0.0017577620500219481,-1.5848424078664376
campi,order,classified_conditional,YR,0.001351925436291771,-1.8473540198792655
carolinensis,order,classified_conditional,DIRS,0.018338541646590937,0.6733219901325085
carolinensis,order,classified_conditional,Helitron,0.002005801649558821,-1.5396391498339348
carolinensis,order,classified_conditional,LINE,0.17799344565981937,2.9460637715782534
carolinensis,order,classified_conditional,LTR,0.6010080866809895,4.162925433920673
carolinensis,order,classified_conditional,Maverick,0.002122157666757713,-1.4832496174515963
carolinensis,order,classified_conditional,PLE,7.9192473155987e-05,-4.771556976487243
carolinensis,order,classified_conditional,SINE,0.01077876853038278,0.14189536654167334
carolinensis,order,classified_conditional,TIR,0.1837112884053975,2.977682484652969
carolinensis,order,classified_conditional,Transposon Derivatives,0.002100838837929657,-1.4933462442950542
carolinensis,order,classified_conditional,YR,0.001861878449417774,-1.6140970587582544
catahoula,order,classified_conditional,DIRS,0.01444297859004361,0.5118104539386623
catahoula,order,classified_conditional,Helitron,0.001382082454390961,-1.8348065451471536
catahoula,order,classified_conditional,LINE,0.15021968941597882,2.8537008869246803
catahoula,order,classified_conditional,LTR,0.6540214471193907,4.3247422128767505
catahoula,order,classified_conditional,Maverick,0.0033450400612308273,-0.950919261843139
catahoula,order,classified_conditional,PLE,6.7736269917783e-05,-4.850531429603626
catahoula,order,classified_conditional,SINE,0.009404848649226348,0.08282743823397887
catahoula,order,classified_conditional,TIR,0.1631501693254538,2.9362731290868975
catahoula,order,classified_conditional,Transposon Derivatives,0.002664095617933207,-1.1785332871516925
catahoula,order,classified_conditional,YR,0.0013019124964339722,-1.8945635973153578
cheaha,order,classified_conditional,DIRS,0.01511045727170638,0.5996252757558667
cheaha,order,classified_conditional,Helitron,0.001380609587886143,-1.7932366309364483
cheaha,order,classified_conditional,LINE,0.15521322108922173,2.929038028627719
cheaha,order,classified_conditional,LTR,0.6412815673402515,4.3477068601706765
cheaha,order,classified_conditional,Maverick,0.002624513256516771,-1.1508663101625132
cheaha,order,classified_conditional,PLE,5.8087620740135e-05,-4.961564468906249
cheaha,order,classified_conditional,SINE,0.009738527890738645,0.16032820272659887
cheaha,order,classified_conditional,TIR,0.17114760857389308,3.02676462926362
cheaha,order,classified_conditional,Transposon Derivatives,0.0019262714702078822,-1.460175509216632
cheaha,order,classified_conditional,YR,0.001519135898837708,-1.6976200773226413
conanti,order,classified_conditional,DIRS,0.014555094090120055,0.49745164381977336
conanti,order,classified_conditional,Helitron,0.0017051697782376827,-1.64682471535333
conanti,order,classified_conditional,LINE,0.18319438705916175,3.0300584156369395
conanti,order,classified_conditional,LTR,0.6103958175628763,4.2336182301751855
conanti,order,classified_conditional,Maverick,0.0030239652768740467,-1.0739204220742087
conanti,order,classified_conditional,PLE,6.363709874041099e-05,-4.935048062979167
conanti,order,classified_conditional,SINE,0.010739958844512114,0.19348185928088935
conanti,order,classified_conditional,TIR,0.17284130629023095,2.9718844710252545
conanti,order,classified_conditional,Transposon Derivatives,0.0019719702723923226,-1.5014562165953214
conanti,order,classified_conditional,YR,0.0015086937268542428,-1.76924520293601
fuscus,order,classified_conditional,DIRS,0.014372898270326196,0.5256480340362923
fuscus,order,classified_conditional,Helitron,0.0014999017412696812,-1.7342967345337872
fuscus,order,classified_conditional,LINE,0.16359921687490772,2.957723302652858
fuscus,order,classified_conditional,LTR,0.6469634795975235,4.332593512478199
fuscus,order,classified_conditional,Maverick,0.004976283035455974,-0.5350131007411232
fuscus,order,classified_conditional,PLE,4.5735613245865006e-05,-5.224574335962354
fuscus,order,classified_conditional,SINE,0.009211603144384434,0.08076756606604452
fuscus,order,classified_conditional,TIR,0.1559169861815483,2.9096273910748627
fuscus,order,classified_conditional,Transposon Derivatives,0.0022397201434903517,-1.3333454125561426
fuscus,order,classified_conditional,YR,0.001174175397847909,-1.9791302225148453
gvnigeusgwotli,order,classified_conditional,DIRS,0.025090541228573633,0.772057567450898
gvnigeusgwotli,order,classified_conditional,Helitron,0.003217249139734045,-1.2819066741804699
gvnigeusgwotli,order,classified_conditional,LINE,0.15541189973092,2.5956456456665196
gvnigeusgwotli,order,classified_conditional,LTR,0.6040273239428557,3.9531860710472104
gvnigeusgwotli,order,classified_conditional,Maverick,0.004994791339875873,-0.842037726751026
gvnigeusgwotli,order,classified_conditional,PLE,0.00013260756241760795,-4.470794535229998
gvnigeusgwotli,order,classified_conditional,SINE,0.011039732886119627,-0.04893251872198601
gvnigeusgwotli,order,classified_conditional,TIR,0.19191361006793456,2.8066119590277925
gvnigeusgwotli,order,classified_conditional,Transposon Derivatives,0.0025625936269890225,-1.5094134830217456
gvnigeusgwotli,order,classified_conditional,YR,0.0016096504745797136,-1.9744163052872006
intermedius,order,classified_conditional,DIRS,0.021067132756998626,0.7388723342991366
intermedius,order,classified_conditional,Helitron,0.002432969096466855,-1.4197294405832688
intermedius,order,classified_conditional,LINE,0.1636153342025052,2.788676347138548
intermedius,order,classified_conditional,LTR,0.6139731573503512,4.111109407039164
intermedius,order,classified_conditional,Maverick,0.0056695874008590415,-0.5737254561979421
intermedius,order,classified_conditional,PLE,7.289031343417899e-05,-4.927641325980666
intermedius,order,classified_conditional,SINE,0.010073365199347383,0.0010530290927004415
intermedius,order,classified_conditional,TIR,0.17975680995469281,2.882763079102271
intermedius,order,classified_conditional,Transposon Derivatives,0.0018238134152748962,-1.7079122103193543
intermedius,order,classified_conditional,YR,0.0015149403100697969,-1.8934657635905987
kanawha,order,classified_conditional,DIRS,0.02025791476509464,0.7100185271811132
kanawha,order,classified_conditional,Helitron,0.0021616478389845087,-1.5276562233423485
kanawha,order,classified_conditional,LINE,0.15011039774057924,2.71284396572363
kanawha,order,classified_conditional,LTR,0.6342074111083403,4.15384900518922
kanawha,order,classified_conditional,Maverick,0.005418384518746321,-0.6087293308545565
kanawha,order,classified_conditional,PLE,8.657212911616399e-05,-4.745304392505695
kanawha,order,classified_conditional,SINE,0.01014231710647597,0.01818944093932462
kanawha,order,classified_conditional,TIR,0.17422619268491915,2.8618273703543142
kanawha,order,classified_conditional,Transposon Derivatives,0.0019992358672235528,-1.6057620014399587
kanawha,order,classified_conditional,YR,0.0013899262405201909,-1.9692763612450488
lycos,order,classified_conditional,DIRS,0.016077812235410428,0.608905889474392
lycos,order,classified_conditional,Helitron,0.001520802906122269,-1.74929588690126
lycos,order,classified_conditional,LINE,0.16523842511268932,2.938855121566388
lycos,order,classified_conditional,LTR,0.6241196016520438,4.267807709309068
lycos,order,classified_conditional,Maverick,0.00340803705353288,-0.942397828584836
lycos,order,classified_conditional,PLE,5.2968127711634e-05,-5.10659922026158
lycos,order,classified_conditional,SINE,0.011868132787113971,0.3053225810258473
lycos,order,classified_conditional,TIR,0.17434974762121255,2.992529015571215
lycos,order,classified_conditional,Transposon Derivatives,0.001908809379087854,-1.522054624054591
lycos,order,classified_conditional,YR,0.001455663125075245,-1.7930727571446505
marmoratus,order,classified_conditional,DIRS,0.019165829956799246,0.6316162278586512
marmoratus,order,classified_conditional,Helitron,0.0026880014995517127,-1.3327147953661083
marmoratus,order,classified_conditional,LINE,0.1691107756753867,2.809041201664968
marmoratus,order,classified_conditional,LTR,0.6033818152280408,4.081037413199096
marmoratus,order,classified_conditional,Maverick,0.005265705114921466,-0.6602977143156625
marmoratus,order,classified_conditional,PLE,6.342951018224802e-05,-5.0793388414399665
marmoratus,order,classified_conditional,SINE,0.011027098894742448,0.07884300325827187
marmoratus,order,classified_conditional,TIR,0.18557939330584258,2.901970010845332
marmoratus,order,classified_conditional,Transposon Derivatives,0.0021633925471649207,-1.54983516265166
marmoratus,order,classified_conditional,YR,0.0015545582673680682,-1.880321343052926
mavrokoilius,order,classified_conditional,DIRS,0.020946935187906007,0.7326318529300697
mavrokoilius,order,classified_conditional,Helitron,0.0024686652155279185,-1.4056828849894067
mavrokoilius,order,classified_conditional,LINE,0.15801194131952645,2.7533101171531165
mavrokoilius,order,classified_conditional,LTR,0.6245793257550863,4.12771785333565
mavrokoilius,order,classified_conditional,Maverick,0.005168475375735892,-0.666782744270658
mavrokoilius,order,classified_conditional,PLE,7.891916621339402e-05,-4.848691653832726
mavrokoilius,order,classified_conditional,SINE,0.010547596390584247,0.04653751269877482
mavrokoilius,order,classified_conditional,TIR,0.17479256962324208,2.8542394634520942
mavrokoilius,order,classified_conditional,Transposon Derivatives,0.0020361835918227995,-1.5982832235657298
mavrokoilius,order,classified_conditional,YR,0.0013693883743550316,-1.9949962929111855
monticola,order,classified_conditional,DIRS,0.015123170724352845,0.5506873669750707
monticola,order,classified_conditional,Helitron,0.0017914053495343306,-1.5825402624975338
monticola,order,classified_conditional,LINE,0.17640505397195802,3.0072421080138536
monticola,order,classified_conditional,LTR,0.6180323354828169,4.261000093093533
monticola,order,classified_conditional,Maverick,0.0023907066345723654,-1.293951700538381
monticola,order,classified_conditional,PLE,6.278470709715398e-05,-4.933584438507541
monticola,order,classified_conditional,SINE,0.009622737974510616,0.09858815113498665
monticola,order,classified_conditional,TIR,0.1728114466104304,2.9866604103514645
monticola,order,classified_conditional,Transposon Derivatives,0.0021799826575351444,-1.3862237642728514
monticola,order,classified_conditional,YR,0.0015803758871920776,-1.7078779637525967
ocoee,order,classified_conditional,DIRS,0.015774488996969743,0.5813574867381526
ocoee,order,classified_conditional,Helitron,0.001683140208100278,-1.6563753077692258
ocoee,order,classified_conditional,LINE,0.17784917442777898,3.0038993284803235
ocoee,order,classified_conditional,LTR,0.6170544765044749,4.247920784614235
ocoee,order,classified_conditional,Maverick,0.0038388174699745805,-0.8318721592997367
ocoee,order,classified_conditional,PLE,5.3940176920386e-05,-5.09691620927352
ocoee,order,classified_conditional,SINE,0.009973035590025712,0.12284848210583821
ocoee,order,classified_conditional,TIR,0.1704271442382675,2.961271370936281
ocoee,order,classified_conditional,Transposon Derivatives,0.001814266455671245,-1.581355298576879
ocoee,order,classified_conditional,YR,0.001531515931816779,-1.7507784779554685
orestes,order,classified_conditional,DIRS,0.016683674730052417,0.596849067785648
orestes,order,classified_conditional,Helitron,0.001875715964625339,-1.5885911781006685
orestes,order,classified_conditional,LINE,0.17091378791740425,2.923577652705532
orestes,order,classified_conditional,LTR,0.6208391942378724,4.213490489486289
orestes,order,classified_conditional,Maverick,0.0028627466552367353,-1.1658000795014853
orestes,order,classified_conditional,PLE,7.334489514563837e-05,-4.830163985086106
orestes,order,classified_conditional,SINE,0.01018253443362088,0.10309232974383686
orestes,order,classified_conditional,TIR,0.17274660400875352,2.9342441916013247
orestes,order,classified_conditional,Transposon Derivatives,0.0023207001479607,-1.3757126843744052
orestes,order,classified_conditional,YR,0.0015016970093281443,-1.8109858042599676
organi,order,classified_conditional,DIRS,0.028133794904279648,1.0853388822727608
organi,order,classified_conditional,Helitron,0.0019077935305312752,-1.605685282415795
organi,order,classified_conditional,LINE,0.2637855314023777,3.323503754857728
organi,order,classified_conditional,LTR,0.5128045933579543,3.9882622258959706
organi,order,classified_conditional,Maverick,0.0033620648768391387,-1.039077305179732
organi,order,classified_conditional,PLE,6.7505817796467e-05,-4.947174132317152
organi,order,classified_conditional,SINE,0.010260911930622754,0.07670908084313588
organi,order,classified_conditional,TIR,0.17681737195179287,2.9234847659457843
organi,order,classified_conditional,Transposon Derivatives,0.0012405235503703282,-2.036099128528102
organi,order,classified_conditional,YR,0.0016199086774357312,-1.7692628613745978
pascagoula,order,classified_conditional,DIRS,0.009942111200339747,0.28812359320392567
pascagoula,order,classified_conditional,Helitron,0.0011956296523121005,-1.8299828469945263
pascagoula,order,classified_conditional,LINE,0.1590932192707389,3.060834515831681
pascagoula,order,classified_conditional,LTR,0.6477369167929469,4.464828821999051
pascagoula,order,classified_conditional,Maverick,0.005011672150638164,-0.39688617729958153
pascagoula,order,classified_conditional,PLE,4.3112194812135014e-05,-5.1526051789285745
pascagoula,order,classified_conditional,SINE,0.007207535483428853,-0.03352872566838361
pascagoula,order,classified_conditional,TIR,0.16716467874071456,3.110323627470663
pascagoula,order,classified_conditional,Transposon Derivatives,0.0014966930180063045,-1.605397779695652
pascagoula,order,classified_conditional,YR,0.0011084314960625972,-1.9057098499186038
perlapsus,order,classified_conditional,DIRS,0.017754790144973318,0.7001914922309611
perlapsus,order,classified_conditional,Helitron,0.001605678776431634,-1.7029172737614973
perlapsus,order,classified_conditional,LINE,0.1821870151933642,3.0285698609047262
perlapsus,order,classified_conditional,LTR,0.6146669274464992,4.244616685105272
perlapsus,order,classified_conditional,Maverick,0.004026797650346105,-0.7834924222363044
perlapsus,order,classified_conditional,PLE,4.4209509976474004e-05,-5.295279209808103
perlapsus,order,classified_conditional,SINE,0.009616092031549664,0.08697409381042753
perlapsus,order,classified_conditional,TIR,0.16655087640485144,2.9388369721331635
perlapsus,order,classified_conditional,Transposon Derivatives,0.001957886109052968,-1.5045984791688118
perlapsus,order,classified_conditional,YR,0.0015897267329549958,-1.7129017192098326
santeetlah,order,classified_conditional,DIRS,0.015546506154622039,0.5387793609961742
santeetlah,order,classified_conditional,Helitron,0.001782131620133698,-1.627246380566893
santeetlah,order,classified_conditional,LINE,0.17977389728226703,2.9866433672992887
santeetlah,order,classified_conditional,LTR,0.61234523116711,4.212239658886667
santeetlah,order,classified_conditional,Maverick,0.00359722076877524,-0.9248950291571196
santeetlah,order,classified_conditional,PLE,6.4832493592428e-05,-4.941004924770992
santeetlah,order,classified_conditional,SINE,0.010653551706948745,0.16083676237552869
santeetlah,order,classified_conditional,TIR,0.1728297139069204,2.947250229273687
santeetlah,order,classified_conditional,Transposon Derivatives,0.00185370442857275,-1.5878705369984116
santeetlah,order,classified_conditional,YR,0.0015532104710576239,-1.764732507337932
tilleyi,order,classified_conditional,DIRS,0.017904689374551967,0.6543390870040495
tilleyi,order,classified_conditional,Helitron,0.0017983553677044357,-1.64385100513557
tilleyi,order,classified_conditional,LINE,0.18530523783548145,2.9912808319131763
tilleyi,order,classified_conditional,LTR,0.5976727713458329,4.162319831307142
tilleyi,order,classified_conditional,Maverick,0.002154460929574637,-1.4631830241907862
tilleyi,order,classified_conditional,PLE,8.175124343980699e-05,-4.734797826812413
tilleyi,order,classified_conditional,SINE,0.01072728623797361,0.1420670433737854
tilleyi,order,classified_conditional,TIR,0.18030922068043184,2.963949701904581
tilleyi,order,classified_conditional,Transposon Derivatives,0.0023074676829827516,-1.3945728856759443
tilleyi,order,classified_conditional,YR,0.0017387593020266657,-1.6775517536880171
valentinei,order,classified_conditional,DIRS,0.009807454334241744,0.268867859977699
valentinei,order,classified_conditional,Helitron,0.001076124120565593,-1.9409090741328416
valentinei,order,classified_conditional,LINE,0.16062068386660253,3.06477070151385
valentinei,order,classified_conditional,LTR,0.6427106629512491,4.451419760203008
valentinei,order,classified_conditional,Maverick,0.005407651944142184,-0.326459905676864
valentinei,order,classified_conditional,PLE,4.973576351300799e-05,-5.015305899777035
valentinei,order,classified_conditional,SINE,0.006728312583555304,-0.10795050121342342
valentinei,order,classified_conditional,TIR,0.17099782719282003,3.12737596704199
valentinei,order,classified_conditional,Transposon Derivatives,0.0014800482873679067,-1.6222001690614807
valentinei,order,classified_conditional,YR,0.0011214989559424988,-1.8996087388749059
valtos,order,classified_conditional,DIRS,0.012632104073418415,0.4818990390686091
valtos,order,classified_conditional,Helitron,0.0011255420208426728,-1.9360777607873798
valtos,order,classified_conditional,LINE,0.14630578215227905,2.9313563530952633
valtos,order,classified_conditional,LTR,0.6730186804773529,4.457430609562019
valtos,order,classified_conditional,Maverick,0.005620434576248467,-0.3279334890711434
valtos,order,classified_conditional,PLE,4.3097433698177e-05,-5.198634303332707
valtos,order,classified_conditional,SINE,0.007970948114265897,0.02146096938979003
valtos,order,classified_conditional,TIR,0.1503306919162816,2.958495003556745
valtos,order,classified_conditional,Transposon Derivatives,0.0018281969103503307,-1.4510122904810778
valtos,order,classified_conditional,YR,0.0011245223252624487,-1.9369841310001217
welteri,order,classified_conditional,DIRS,0.012807402956380247,0.36843430366164487
welteri,order,classified_conditional,Helitron,0.0015073986172578083,-1.7712036609237343
welteri,order,classified_conditional,LINE,0.17779305420777686,2.999031201070855
welteri,order,classified_conditional,LTR,0.6259381371541827,4.257662487731653
welteri,order,classified_conditional,Maverick,0.005286041288362649,-0.5165194290065438
welteri,order,classified_conditional,PLE,6.936633294330502e-05,-4.849942701314744
welteri,order,classified_conditional,SINE,0.008779404960546562,-0.00918042284470566
welteri,order,classified_conditional,TIR,0.16448431766833085,2.921226176289921
welteri,order,classified_conditional,Transposon Derivatives,0.0020662509187912323,-1.455853241228728
welteri,order,classified_conditional,YR,0.001268625895427954,-1.9436547134356204
wrighti,order,classified_conditional,DIRS,0.028880721076138784,1.049950656769275
wrighti,order,classified_conditional,Helitron,0.001923242413271974,-1.6592111063484207
wrighti,order,classified_conditional,LINE,0.2592924275674644,3.244732863799226
wrighti,order,classified_conditional,LTR,0.5069947308817059,3.9152769858449252
wrighti,order,classified_conditional,Maverick,0.005341600770471257,-0.6376982471526995
wrighti,order,classified_conditional,PLE,7.20144617127e-05,-4.94411194796834
wrighti,order,classified_conditional,SINE,0.010957152253116165,0.08076879188390862
wrighti,order,classified_conditional,TIR,0.18368345919968504,2.8999903207507653
wrighti,order,classified_conditional,Transposon Derivatives,0.0011631521127071652,-2.16208996658483
wrighti,order,classified_conditional,YR,0.0016914992637267004,-1.7876083509938017
abditus,superfamily,classified_conditional,Academ,0.0003577234782084491,-2.0720651219289152
abditus,superfamily,classified_conditional,CACTA,0.00975559323154723,1.2337706616527564
abditus,superfamily,classified_conditional,Copia,0.007542857310026127,0.9765309401711173
abditus,superfamily,classified_conditional,Cyrypton,0.0016630829630721366,-0.5353970370859003
abditus,superfamily,classified_conditional,DIRS,0.07266610652054209,3.2418049420100226
abditus,superfamily,classified_conditional,EnSpm,0.00040512525847669447,-1.9476291031518276
abditus,superfamily,classified_conditional,Gypsy,0.5732775807293641,5.3072999098487506
abditus,superfamily,classified_conditional,Helitron,0.0019566535817699183,-0.3728344658395617
abditus,superfamily,classified_conditional,IS3EU,1.4152454300309561e-05,-5.301937344796604
abditus,superfamily,classified_conditional,Jockey,0.000997355212773615,-1.0467184145033928
abditus,superfamily,classified_conditional,Kolobok,0.00017505013474560915,-2.7867529854751183
abditus,superfamily,classified_conditional,L1,0.051559961274395716,2.8986753033439263
abditus,superfamily,classified_conditional,L2,0.09701499529554536,3.5307954335828615
abditus,superfamily,classified_conditional,MITE,0.0027239731373516762,-0.041978596881182995
abditus,superfamily,classified_conditional,MULE,0.00012574039397169362,-3.1176059864556116
abditus,superfamily,classified_conditional,Maverick,0.004604511798237618,0.48296652485530256
abditus,superfamily,classified_conditional,Mutator,0.02231119682158101,2.061018528430363
abditus,superfamily,classified_conditional,P,9.647965512421133e-05,-3.382493244241207
abditus,superfamily,classified_conditional,PIF-Harbinger,0.047956541676864604,2.82622509542197
abditus,superfamily,classified_conditional,Penelope,9.878598101018788e-05,-3.3588697005537984
abditus,superfamily,classified_conditional,PiggyBac,0.0004396510803226964,-1.8658439895750112
abditus,superfamily,classified_conditional,Tc1-mariner,0.011815025081435842,1.425301909835154
abditus,superfamily,classified_conditional,hAT,0.09188567965861848,3.4764750683114203
abditus,superfamily,classified_conditional,tRNA,0.0005561772707146417,-1.6307383269755071
adatsihi,superfamily,classified_conditional,Academ,0.00038954006991384664,-2.0427028618461263
adatsihi,superfamily,classified_conditional,CACTA,0.009475738854418972,1.1488204091427683
adatsihi,superfamily,classified_conditional,Copia,0.007672946766723635,0.9377864172881152
adatsihi,superfamily,classified_conditional,Cyrypton,0.0022536923677125204,-0.2873443946657046
adatsihi,superfamily,classified_conditional,DIRS,0.0778852979511768,3.255322887154642
adatsihi,superfamily,classified_conditional,EnSpm,0.00039952930084269947,-2.017382490822542
adatsihi,superfamily,classified_conditional,Gypsy,0.5534177615127002,5.216198843946532
adatsihi,superfamily,classified_conditional,Helitron,0.001953315910262923,-0.43038592292328115
adatsihi,superfamily,classified_conditional,IS3EU,1.8704364696416416e-05,-5.078912694274806
adatsihi,superfamily,classified_conditional,Jockey,0.0008865217002437822,-1.2203639933507757
adatsihi,superfamily,classified_conditional,Kolobok,0.00020403976814605888,-2.6893546803878694
adatsihi,superfamily,classified_conditional,L1,0.053992284000601305,2.88892682933324
adatsihi,superfamily,classified_conditional,L2,0.10411906671664083,3.5456207984065875
adatsihi,superfamily,classified_conditional,MITE,0.0022339470823828154,-0.2961443051618282
adatsihi,superfamily,classified_conditional,MULE,0.00017107041066202408,-2.8655943671148867
adatsihi,superfamily,classified_conditional,Maverick,0.004150558945909351,0.3233286927908914
adatsihi,superfamily,classified_conditional,Mutator,0.025173446814432072,2.1258754230038446
adatsihi,superfamily,classified_conditional,P,0.00010706796266404162,-3.3342057992113885
adatsihi,superfamily,classified_conditional,PIF-Harbinger,0.04777657974282856,2.76662123774321
adatsihi,superfamily,classified_conditional,Penelope,0.0001277382244970894,-3.1576865484385257
adatsihi,superfamily,classified_conditional,PiggyBac,0.00043705397436547873,-1.927612898523293
adatsihi,superfamily,classified_conditional,Tc1-mariner,0.013066069935381274,1.4701044707311732
adatsihi,superfamily,classified_conditional,hAT,0.0935762489449503,3.4388622825515887
adatsihi,superfamily,classified_conditional,tRNA,0.000511778677847191,-1.769777335371563
aeneus,superfamily,classified_conditional,Academ,0.00043006699674873563,-1.8530642958512988
aeneus,superfamily,classified_conditional,CACTA,0.007731107589023048,1.036002117001516
aeneus,superfamily,classified_conditional,Copia,0.007220776885493082,0.9677125291722941
aeneus,superfamily,classified_conditional,Cyrypton,0.002265556275484602,-0.1914296947910028
aeneus,superfamily,classified_conditional,DIRS,0.0808173541722817,3.3829417020125643
aeneus,superfamily,classified_conditional,EnSpm,0.0003217772847726789,-2.143145654755651
aeneus,superfamily,classified_conditional,Gypsy,0.5326223737328293,5.2685626611956335
aeneus,superfamily,classified_conditional,Helitron,0.0014409979696010126,-0.6439141118170406
aeneus,superfamily,classified_conditional,IS3EU,1.6593781861343557e-05,-5.107977260273424
aeneus,superfamily,classified_conditional,Jockey,0.0010169193440214598,-0.9924722136380693
aeneus,superfamily,classified_conditional,Kolobok,0.0001552026331215877,-2.8722737251999515
aeneus,superfamily,classified_conditional,L1,0.08032032070312405,3.3767726289406044
aeneus,superfamily,classified_conditional,L2,0.10524338367968096,3.6470255878730193
aeneus,superfamily,classified_conditional,MITE,0.0018594521286043272,-0.38896812999101726
aeneus,superfamily,classified_conditional,MULE,9.085440074352961e-05,-3.407747065461134
aeneus,superfamily,classified_conditional,Maverick,0.010477435347168104,1.3399739103500767
aeneus,superfamily,classified_conditional,Mutator,0.020612269236809217,2.016636472707053
aeneus,superfamily,classified_conditional,P,6.84675788548034e-05,-3.6906449669587698
aeneus,superfamily,classified_conditional,PIF-Harbinger,0.04346272430732932,2.7626536384474543
aeneus,superfamily,classified_conditional,Penelope,6.979609819595582e-05,-3.6714271903602906
aeneus,superfamily,classified_conditional,PiggyBac,0.0002734234619852332,-2.3059835625861513
aeneus,superfamily,classified_conditional,Tc1-mariner,0.010188762677277079,1.3120353948557613
aeneus,superfamily,classified_conditional,hAT,0.09259036746763366,3.5189350934010264
aeneus,superfamily,classified_conditional,tRNA,0.0007040162473553911,-1.360203864273208
amphileucus,superfamily,classified_conditional,Academ,0.00045437952447334944,-1.9601908711151914
amphileucus,superfamily,classified_conditional,CACTA,0.011743087401781583,1.2918963632920786
amphileucus,superfamily,classified_conditional,Copia,0.010030415441670193,1.1342536230766394
amphileucus,superfamily,classified_conditional,Cyrypton,0.0017643002435944665,-0.6036142487262284
amphileucus,superfamily,classified_conditional,DIRS,0.08545599912622694,3.276633215425863
amphileucus,superfamily,classified_conditional,EnSpm,0.00021356018838190026,-2.71520497119434
amphileucus,superfamily,classified_conditional,Gypsy,0.5282127385665982,5.0981307185634
amphileucus,superfamily,classified_conditional,Helitron,0.0036769111708686362,0.13070464603563003
amphileucus,superfamily,classified_conditional,IS3EU,2.812268173400575e-05,-4.742547247036938
amphileucus,superfamily,classified_conditional,Jockey,0.0010815172546729842,-1.0930034772728314
amphileucus,superfamily,classified_conditional,Kolobok,0.00013082668972617695,-3.205250208826789
amphileucus,superfamily,classified_conditional,L1,0.041141433768563315,2.545647336632484
amphileucus,superfamily,classified_conditional,L2,0.09841139834688595,3.417788236261512
amphileucus,superfamily,classified_conditional,MITE,0.003141816915525907,-0.026567129853734883
amphileucus,superfamily,classified_conditional,MULE,0.00014624565514204823,-3.093835899688636
amphileucus,superfamily,classified_conditional,Maverick,0.004413747277654375,0.3133556535260933
amphileucus,superfamily,classified_conditional,Mutator,0.027311323411921933,2.1359329952414714
amphileucus,superfamily,classified_conditional,P,0.00012692279632394202,-3.2355446782792763
amphileucus,superfamily,classified_conditional,PIF-Harbinger,0.054282496659543274,2.8228334319006936
amphileucus,superfamily,classified_conditional,Penelope,0.00011959817736649098,-3.2949860749390583
amphileucus,superfamily,classified_conditional,PiggyBac,0.0006841489661060039,-1.550947996313706
amphileucus,superfamily,classified_conditional,Tc1-mariner,0.014287143449210716,1.4879916754269944
amphileucus,superfamily,classified_conditional,hAT,0.11254381628823526,3.5519742259884857
amphileucus,superfamily,classified_conditional,tRNA,0.0005980499977924624,-1.6854493181246113
anicetus,superfamily,classified_conditional,Academ,0.0004546009476967742,-1.931739144978958
anicetus,superfamily,classified_conditional,CACTA,0.009678403151636806,1.1264930619107663
anicetus,superfamily,classified_conditional,Copia,0.007867128437222612,0.9192892591918076
anicetus,superfamily,classified_conditional,Cyrypton,0.0020052050577222327,-0.4476575333886732
anicetus,superfamily,classified_conditional,DIRS,0.08002381562158976,3.2389204235454767
anicetus,superfamily,classified_conditional,EnSpm,0.00040598936651927266,-2.0448321726584524
anicetus,superfamily,classified_conditional,Gypsy,0.5373287978541437,5.143206331548914
anicetus,superfamily,classified_conditional,Helitron,0.0020685854399064042,-0.4165388507810981
anicetus,superfamily,classified_conditional,IS3EU,2.0848581867048438e-05,-5.013873211115249
anicetus,superfamily,classified_conditional,Jockey,0.0009603107198937453,-1.1839022424288226
anicetus,superfamily,classified_conditional,Kolobok,0.00020126341232823248,-2.7465445818907535
anicetus,superfamily,classified_conditional,L1,0.06112499947718553,2.969517077146002
anicetus,superfamily,classified_conditional,L2,0.10024434545947897,3.464206798105834
anicetus,superfamily,classified_conditional,MITE,0.0024646791631042454,-0.2413422200280113
anicetus,superfamily,classified_conditional,MULE,0.000158239629744118,-2.98704861304378
anicetus,superfamily,classified_conditional,Maverick,0.002965865098358396,-0.056235102098749934
anicetus,superfamily,classified_conditional,Mutator,0.023939766448391478,2.0321370822801206
anicetus,superfamily,classified_conditional,P,8.23490318114968e-05,-3.640192441518008
anicetus,superfamily,classified_conditional,PIF-Harbinger,0.05079990896808117,2.7844907005200925
anicetus,superfamily,classified_conditional,Penelope,6.832953713016308e-05,-3.826817006343597
anicetus,superfamily,classified_conditional,PiggyBac,0.00042178479718876994,-2.006663916383726
anicetus,superfamily,classified_conditional,Tc1-mariner,0.015483143258917715,1.59634803835496
anicetus,superfamily,classified_conditional,hAT,0.09860834842735601,3.4477520655771263
anicetus,superfamily,classified_conditional,tRNA,0.002623292112725756,-0.17897380152323183
apalachicolae,superfamily,classified_conditional,Academ,0.000406848848561924,-1.9630634931041966
apalachicolae,superfamily,classified_conditional,CACTA,0.01028182901486001,1.26662821280315
apalachicolae,superfamily,classified_conditional,Copia,0.008020352471114808,1.018232418798008
apalachicolae,superfamily,classified_conditional,Cyrypton,0.0019350238209252272,-0.40363031416985073
apalachicolae,superfamily,classified_conditional,DIRS,0.07443332549410651,3.246153813727737
apalachicolae,superfamily,classified_conditional,EnSpm,0.00037082812336820706,-2.055766554184199
apalachicolae,superfamily,classified_conditional,Gypsy,0.5552111465899545,5.255598534570579
apalachicolae,superfamily,classified_conditional,Helitron,0.001939171677544929,-0.4014890395717119
apalachicolae,superfamily,classified_conditional,IS3EU,8.552070261635001e-06,-5.825331840611377
apalachicolae,superfamily,classified_conditional,Jockey,0.000954949134588169,-1.1098471532627245
apalachicolae,superfamily,classified_conditional,Kolobok,0.00027204094485138504,-2.365552642604663
apalachicolae,superfamily,classified_conditional,L1,0.05655276927545503,2.9714242206198658
apalachicolae,superfamily,classified_conditional,L2,0.099440567195449,3.5358101999510034
apalachicolae,superfamily,classified_conditional,MITE,0.002466296832012212,-0.16103218379857331
apalachicolae,superfamily,classified_conditional,MULE,0.00014900751917192902,-2.967508461200315
apalachicolae,superfamily,classified_conditional,Maverick,0.0037178164331239673,0.24938656447013585
apalachicolae,superfamily,classified_conditional,Mutator,0.023380233406198374,2.088140988019071
apalachicolae,superfamily,classified_conditional,P,9.573524816715801e-05,-3.409918680061625
apalachicolae,superfamily,classified_conditional,PIF-Harbinger,0.04750230250904872,2.797028232608991
apalachicolae,superfamily,classified_conditional,Penelope,8.9541662510051e-05,-3.4768012102400894
apalachicolae,superfamily,classified_conditional,PiggyBac,0.000476288275173709,-1.8054819390832293
apalachicolae,superfamily,classified_conditional,Tc1-mariner,0.013370604277543538,1.5293086354863457
apalachicolae,superfamily,classified_conditional,hAT,0.09830153192855189,3.524289660117405
apalachicolae,superfamily,classified_conditional,tRNA,0.000623237247457121,-1.5365779692797163
aureatus,superfamily,classified_conditional,Academ,0.0003648586589331689,-2.109238643286499
aureatus,superfamily,classified_conditional,CACTA,0.010272889122886198,1.2285148940228892
aureatus,superfamily,classified_conditional,Copia,0.008035209368494603,0.9828396488200024
aureatus,superfamily,classified_conditional,Cyrypton,0.0013312885545205518,-0.814846095893742
aureatus,superfamily,classified_conditional,DIRS,0.08816781533060712,3.3782485837776703
aureatus,superfamily,classified_conditional,EnSpm,0.00020471314472690868,-2.6871389808770942
aureatus,superfamily,classified_conditional,Gypsy,0.570506840091583,5.245531751781524
aureatus,superfamily,classified_conditional,Helitron,0.0032533062795286013,0.0786783889114755
aureatus,superfamily,classified_conditional,IS3EU,8.938670042363998e-06,-5.818361872791714
aureatus,superfamily,classified_conditional,Jockey,0.0009939851374985694,-1.1070264317442398
aureatus,superfamily,classified_conditional,Kolobok,0.00014073942267687334,-3.0618385715986527
aureatus,superfamily,classified_conditional,L1,0.03738763312294663,2.5203465774846796
aureatus,superfamily,classified_conditional,L2,0.0800455576479447,3.281602536094169
aureatus,superfamily,classified_conditional,MITE,0.007550435496530373,0.9206118361648903
aureatus,superfamily,classified_conditional,MULE,0.00018164232419984447,-2.806709184287552
aureatus,superfamily,classified_conditional,Maverick,0.0046026029226127006,0.42562858911047297
aureatus,superfamily,classified_conditional,Mutator,0.027964472077923117,2.2299414430458526
aureatus,superfamily,classified_conditional,P,0.0001030272869158594,-3.3737548114169833
aureatus,superfamily,classified_conditional,PIF-Harbinger,0.045802383953106436,2.7233427340512106
aureatus,superfamily,classified_conditional,Penelope,8.37884025757327e-05,-3.580454082247952
aureatus,superfamily,classified_conditional,PiggyBac,0.000752740364910757,-1.3850283186472483
aureatus,superfamily,classified_conditional,Tc1-mariner,0.01317559209926368,1.4773726274460142
aureatus,superfamily,classified_conditional,hAT,0.09819427122925084,3.4859544687788633
aureatus,superfamily,classified_conditional,tRNA,0.0008752692903212944,-1.234217086698009
auriculatus,superfamily,classified_conditional,Academ,0.00026594091456704904,-2.2918060248286194
auriculatus,superfamily,classified_conditional,CACTA,0.009620410703143406,1.296562052133929
auriculatus,superfamily,classified_conditional,Copia,0.005873692273791956,0.8031585392911973
auriculatus,superfamily,classified_conditional,Cyrypton,0.0012275950399161042,-0.7622679009839315
auriculatus,superfamily,classified_conditional,DIRS,0.06092308532524645,3.142287268000447
auriculatus,superfamily,classified_conditional,EnSpm,0.00038016007709303106,-1.9344877637237516
auriculatus,superfamily,classified_conditional,Gypsy,0.5836217139405836,5.40192811857892
auriculatus,superfamily,classified_conditional,Helitron,0.0013333543329061882,-0.6796270822594339
auriculatus,superfamily,classified_conditional,IS3EU,1.2893715076016002e-05,-5.318340194013097
auriculatus,superfamily,classified_conditional,Jockey,0.0008501112917078152,-1.1297129109144173
auriculatus,superfamily,classified_conditional,Kolobok,0.00014391245496876302,-2.9058750201562917
auriculatus,superfamily,classified_conditional,L1,0.06053929005313762,3.1359676723524244
auriculatus,superfamily,classified_conditional,L2,0.07926864498259933,3.4055177487386366
auriculatus,superfamily,classified_conditional,MITE,0.0022257880336308193,-0.1672138789345281
auriculatus,superfamily,classified_conditional,MULE,0.00012212798747517802,-3.070010610747736
auriculatus,superfamily,classified_conditional,Maverick,0.006959876406962178,0.9728368123014519
auriculatus,superfamily,classified_conditional,Mutator,0.027182031755621724,2.3352312535248476
auriculatus,superfamily,classified_conditional,P,8.695337927570801e-05,-3.409708078618398
auriculatus,superfamily,classified_conditional,PIF-Harbinger,0.05289821694036465,3.001044727798063
auriculatus,superfamily,classified_conditional,Penelope,4.451323606305601e-05,-4.079293598683932
auriculatus,superfamily,classified_conditional,PiggyBac,0.0006892742426488711,-1.33944096145889
auriculatus,superfamily,classified_conditional,Tc1-mariner,0.01042174848015531,1.3765699183802598
auriculatus,superfamily,classified_conditional,hAT,0.09463748848520116,3.5827287774899004
auriculatus,superfamily,classified_conditional,tRNA,0.0006711759478641131,-1.3660488632670766
bairdi,superfamily,classified_conditional,Academ,0.00024812611134972343,-2.3838849803367896
bairdi,superfamily,classified_conditional,CACTA,0.008439818650714552,1.142893989717452
bairdi,superfamily,classified_conditional,Copia,0.006115923312674272,0.8208289174067236
bairdi,superfamily,classified_conditional,Cyrypton,0.001366948412410165,-0.6774860125602897
bairdi,superfamily,classified_conditional,DIRS,0.07217469023950833,3.2890226019647852
bairdi,superfamily,classified_conditional,EnSpm,0.00042009633819297575,-1.8573380491349871
bairdi,superfamily,classified_conditional,Gypsy,0.5979433371670835,5.403429163782594
bairdi,superfamily,classified_conditional,Helitron,0.0014000028589116935,-0.6535925530784965
bairdi,superfamily,classified_conditional,IS3EU,3.3422967804737676e-05,-4.3885787882814
bairdi,superfamily,classified_conditional,Jockey,0.0009312413682334987,-1.0613036101197384
bairdi,superfamily,classified_conditional,Kolobok,0.0001757583386807905,-2.728712134930918
bairdi,superfamily,classified_conditional,L1,0.0528071261356853,2.9765793145189057
bairdi,superfamily,classified_conditional,L2,0.08632451077340264,3.468046744218215
bairdi,superfamily,classified_conditional,MITE,0.0022874954838641567,-0.16260928787885032
bairdi,superfamily,classified_conditional,MULE,0.0001125533456871158,-3.1743948176192447
bairdi,superfamily,classified_conditional,Maverick,0.005993942761311866,0.800682587740785
bairdi,superfamily,classified_conditional,Mutator,0.020680641402091273,2.0391312329568634
bairdi,superfamily,classified_conditional,P,6.243564494833621e-05,-3.763685765329294
bairdi,superfamily,classified_conditional,PIF-Harbinger,0.044074602260910034,2.7958168723231007
bairdi,superfamily,classified_conditional,Penelope,3.8760544212589586e-05,-4.2404192832630585
bairdi,superfamily,classified_conditional,PiggyBac,0.0004444941235622899,-1.8008852762252783
bairdi,superfamily,classified_conditional,Tc1-mariner,0.011188701609699498,1.4248376525094946
bairdi,superfamily,classified_conditional,hAT,0.08543321567863976,3.4576681357714723
bairdi,superfamily,classified_conditional,tRNA,0.001302154470420834,-0.7260466541520829
balsameus,superfamily,classified_conditional,Academ,0.0003947076275163915,-2.062618275897112
balsameus,superfamily,classified_conditional,CACTA,0.009658781170558581,1.134859163201713
balsameus,superfamily,classified_conditional,Copia,0.007980422245622665,0.9439830188049401
balsameus,superfamily,classified_conditional,Cyrypton,0.0019286262587703599,-0.4762003377837791
balsameus,superfamily,classified_conditional,DIRS,0.08451821203758031,3.303958733970231
balsameus,superfamily,classified_conditional,EnSpm,0.0004053391415433565,-2.036039480003513
balsameus,superfamily,classified_conditional,Gypsy,0.5395799751528502,5.1577827088631905
balsameus,superfamily,classified_conditional,Helitron,0.0019576802182023033,-0.46124809410430245
balsameus,superfamily,classified_conditional,IS3EU,2.4474353414807513e-05,-4.843137813346444
balsameus,superfamily,classified_conditional,Jockey,0.0009868877598030723,-1.1462072687952505
balsameus,superfamily,classified_conditional,Kolobok,0.0002582796439541154,-2.4867206939937843
balsameus,superfamily,classified_conditional,L1,0.05585714786140741,2.8897891962782314
balsameus,superfamily,classified_conditional,L2,0.1029020561914911,3.500769320822725
balsameus,superfamily,classified_conditional,MITE,0.002124386412310014,-0.3795252907095641
balsameus,superfamily,classified_conditional,MULE,0.00016681288265790582,-2.923890862122019
balsameus,superfamily,classified_conditional,Maverick,0.004039312527628417,0.2630662068222689
balsameus,superfamily,classified_conditional,Mutator,0.02654300172767571,2.1457578202887246
balsameus,superfamily,classified_conditional,P,8.977174695498119e-05,-3.543493279302232
balsameus,superfamily,classified_conditional,PIF-Harbinger,0.04960475472887098,2.7710783863634068
balsameus,superfamily,classified_conditional,Penelope,0.00016275738414360506,-2.9485029320828664
balsameus,superfamily,classified_conditional,PiggyBac,0.0003495583666806065,-2.1840930349767804
balsameus,superfamily,classified_conditional,Tc1-mariner,0.013487319798421106,1.4687416656167054
balsameus,superfamily,classified_conditional,hAT,0.09630239716249642,3.434484906905162
balsameus,superfamily,classified_conditional,tRNA,0.0006773375994457143,-1.5225937648196766
campi,superfamily,classified_conditional,Academ,0.000317569898677833,-2.1619924387188076
campi,superfamily,classified_conditional,CACTA,0.010013203618232987,1.2889694767509576
campi,superfamily,classified_conditional,Copia,0.00723504585259911,0.9640015905168458
campi,superfamily,classified_conditional,Cyrypton,0.0015981163709350619,-0.5461094395996229
campi,superfamily,classified_conditional,DIRS,0.07899349925722624,3.354430454042734
campi,superfamily,classified_conditional,EnSpm,0.00033755479987260993,-2.100962519012457
campi,superfamily,classified_conditional,Gypsy,0.5545385050747534,5.3032011382968545
campi,superfamily,classified_conditional,Helitron,0.0016676470580893976,-0.5035214214779167
campi,superfamily,classified_conditional,IS3EU,8.732017276104999e-06,-5.755693968969619
campi,superfamily,classified_conditional,Jockey,0.0008948345695262968,-1.1260515234653719
campi,superfamily,classified_conditional,Kolobok,0.00022325528630458096,-2.5143744878052052
campi,superfamily,classified_conditional,L1,0.05870473847895785,3.057585340082803
campi,superfamily,classified_conditional,L2,0.0945680932367295,3.534385031214959
campi,superfamily,classified_conditional,MITE,0.002077857426851603,-0.28359782758679497
campi,superfamily,classified_conditional,MULE,0.000111759340506976,-3.206342572181602
campi,superfamily,classified_conditional,Maverick,0.004752236297963475,0.5436801996712202
campi,superfamily,classified_conditional,Mutator,0.026145427640982523,2.2487392168621785
campi,superfamily,classified_conditional,P,5.785857814849899e-05,-3.864688660888933
campi,superfamily,classified_conditional,PIF-Harbinger,0.04826882220696184,2.8618507421150974
campi,superfamily,classified_conditional,Penelope,5.290510277645699e-05,-3.95419059112258
campi,superfamily,classified_conditional,PiggyBac,0.0004439648834285409,-1.8269449182102022
campi,superfamily,classified_conditional,Tc1-mariner,0.01362677217631725,1.597101292922546
campi,superfamily,classified_conditional,hAT,0.09357259775926699,3.5238024744838374
campi,superfamily,classified_conditional,tRNA,0.0017890030676147597,-0.43327658792092993
carolinensis,superfamily,classified_conditional,Academ,0.00048751802586386616,-1.851842712437116
carolinensis,superfamily,classified_conditional,CACTA,0.010041971827577297,1.1733587928089495
carolinensis,superfamily,classified_conditional,Copia,0.008970189484276954,1.0604921007299293
carolinensis,superfamily,classified_conditional,Cyrypton,0.0021825267525293706,-0.3529314329383775
carolinensis,superfamily,classified_conditional,DIRS,0.0793687739578635,3.240690316469992
carolinensis,superfamily,classified_conditional,EnSpm,0.00042584957314069713,-1.9870838091059282
carolinensis,superfamily,classified_conditional,Gypsy,0.5388745380030584,5.156068076390635
carolinensis,superfamily,classified_conditional,Helitron,0.002351236065812256,-0.278473524014057
carolinensis,superfamily,classified_conditional,IS3EU,1.9652912942373006e-05,-5.062944409651679
carolinensis,superfamily,classified_conditional,Jockey,0.0010779465843305663,-1.05835677879492
carolinensis,superfamily,classified_conditional,Kolobok,0.0003488825002518921,-2.186434788303928
carolinensis,superfamily,classified_conditional,L1,0.05447149428313458,2.8642628248189905
carolinensis,superfamily,classified_conditional,L2,0.10274054851304762,3.498792164530675
carolinensis,superfamily,classified_conditional,MITE,0.0024626403339960278,-0.23218061847517735
carolinensis,superfamily,classified_conditional,MULE,0.00016086273186164603,-2.9606185741382545
carolinensis,superfamily,classified_conditional,Maverick,0.0024876306411046227,-0.22208399163171944
carolinensis,superfamily,classified_conditional,Mutator,0.02358800217178687,2.027323500869649
carolinensis,superfamily,classified_conditional,P,7.404511326231001e-05,-3.7364954321925596
carolinensis,superfamily,classified_conditional,PIF-Harbinger,0.051928777411192666,2.816458415223059
carolinensis,superfamily,classified_conditional,Penelope,9.283081358826303e-05,-3.5103913506673683
carolinensis,superfamily,classified_conditional,PiggyBac,0.0004213598597752091,-1.9976827359382883
carolinensis,superfamily,classified_conditional,Tc1-mariner,0.013889610607563472,1.4977264230202945
carolinensis,superfamily,classified_conditional,hAT,0.10276457264634035,3.4990259702214206
carolinensis,superfamily,classified_conditional,tRNA,0.0007685391856993582,-1.3966784267941899
catahoula,superfamily,classified_conditional,Academ,0.00028775697518674224,-2.3082421609678017
catahoula,superfamily,classified_conditional,CACTA,0.009388998046350783,1.1769354134635481
catahoula,superfamily,classified_conditional,Copia,0.006715322490560556,0.8417886844876312
catahoula,superfamily,classified_conditional,Cyrypton,0.0015417799906762154,-0.6296655826739306
catahoula,superfamily,classified_conditional,DIRS,0.07242245990767539,3.219913301268435
catahoula,superfamily,classified_conditional,EnSpm,0.0003420916826374964,-2.135279669692893
catahoula,superfamily,classified_conditional,Gypsy,0.5853657040819525,5.3096336173647565
catahoula,superfamily,classified_conditional,Helitron,0.001636720654791509,-0.5699085305057254
catahoula,superfamily,classified_conditional,IS3EU,1.777071802276503e-05,-5.092806400907858
catahoula,superfamily,classified_conditional,Jockey,0.0007387928085624484,-1.3653409343823757
catahoula,superfamily,classified_conditional,Kolobok,0.0001881605437704623,-2.733062894073817
catahoula,superfamily,classified_conditional,L1,0.04826666929233716,2.8141380759484345
catahoula,superfamily,classified_conditional,L2,0.08942580053328852,3.430806067378391
catahoula,superfamily,classified_conditional,MITE,0.00315493501155277,0.08636472748973567
catahoula,superfamily,classified_conditional,MULE,0.00014914805495879448,-2.9654189786801934
catahoula,superfamily,classified_conditional,Maverick,0.003961338299265332,0.31397875279828913
catahoula,superfamily,classified_conditional,Mutator,0.028041851295347243,2.271094913624492
catahoula,superfamily,classified_conditional,P,0.00010572237048732524,-3.3095419369150116
catahoula,superfamily,classified_conditional,PIF-Harbinger,0.044675251405705003,2.736816518731375
catahoula,superfamily,classified_conditional,Penelope,8.02161634428844e-05,-3.5856334149621985
catahoula,superfamily,classified_conditional,PiggyBac,0.0006985473589226554,-1.4213554714264003
catahoula,superfamily,classified_conditional,Tc1-mariner,0.011110514241921814,1.3452887192476384
catahoula,superfamily,classified_conditional,hAT,0.0904756546168641,3.442477635023536
catahoula,superfamily,classified_conditional,tRNA,0.001208793455719464,-0.8729804516380169
cheaha,superfamily,classified_conditional,Academ,0.0003254792930140271,-2.14624141652111
cheaha,superfamily,classified_conditional,CACTA,0.008710435642631178,1.1407368247575098
cheaha,superfamily,classified_conditional,Copia,0.007326598880666374,0.9677264270765118
cheaha,superfamily,classified_conditional,Cyrypton,0.0017894213526641835,-0.44189268030901285
cheaha,superfamily,classified_conditional,DIRS,0.07995875841072161,3.35772600065016
cheaha,superfamily,classified_conditional,EnSpm,0.00047499340918191307,-1.768239331681949
cheaha,superfamily,classified_conditional,Gypsy,0.5707354938324432,5.3231408878805295
cheaha,superfamily,classified_conditional,Helitron,0.0016262483680008735,-0.5375092339228198
cheaha,superfamily,classified_conditional,IS3EU,9.964287145626673e-06,-5.632532844920555
cheaha,superfamily,classified_conditional,Jockey,0.000837119661793017,-1.2015732348377304
cheaha,superfamily,classified_conditional,Kolobok,0.00019755239028735485,-2.6455364437720474
cheaha,superfamily,classified_conditional,L1,0.0473355876588705,2.8334774131632066
cheaha,superfamily,classified_conditional,L2,0.09113348603979028,3.4885403300264324
cheaha,superfamily,classified_conditional,MITE,0.002268994697877292,-0.20444811220300352
cheaha,superfamily,classified_conditional,MULE,0.00020976306258803175,-2.585561639866275
cheaha,superfamily,classified_conditional,Maverick,0.0030914680280773495,0.10486108685111528
cheaha,superfamily,classified_conditional,Mutator,0.024959318979700086,2.1934622774301653
cheaha,superfamily,classified_conditional,P,6.388126654059033e-05,-3.7745141101914568
cheaha,superfamily,classified_conditional,PIF-Harbinger,0.04903764654495597,2.868803318725842
cheaha,superfamily,classified_conditional,Penelope,6.842260060958597e-05,-3.705837071892616
cheaha,superfamily,classified_conditional,PiggyBac,0.0006243170059879792,-1.4948819984274655
cheaha,superfamily,classified_conditional,Tc1-mariner,0.01241732728269575,1.4953078774859838
cheaha,superfamily,classified_conditional,hAT,0.09593799957048468,3.5399171637856206
cheaha,superfamily,classified_conditional,tRNA,0.0008597217332726818,-1.1749314892870322
conanti,superfamily,classified_conditional,Academ,0.0003734696691954658,-2.132420118462097
conanti,superfamily,classified_conditional,CACTA,0.010202324842365391,1.1751139862591522
conanti,superfamily,classified_conditional,Copia,0.008179490201936094,0.9541281923887786
conanti,superfamily,classified_conditional,Cyrypton,0.001815295997655403,-0.5512530952543422
conanti,superfamily,classified_conditional,DIRS,0.06876486827560252,3.0831913452094946
conanti,superfamily,classified_conditional,EnSpm,0.00031722545960741,-2.2956441626449653
conanti,superfamily,classified_conditional,Gypsy,0.5491829329706096,5.160929963464671
conanti,superfamily,classified_conditional,Helitron,0.002051700632580987,-0.4288326076716631
conanti,superfamily,classified_conditional,IS3EU,5.5021308847732586e-05,-4.047536368969594
conanti,superfamily,classified_conditional,Jockey,0.001026685789425584,-1.1211656995742585
conanti,superfamily,classified_conditional,Kolobok,0.00022924117757171014,-2.6204822862429005
conanti,superfamily,classified_conditional,L1,0.06932044209706656,3.0912382086714842
conanti,superfamily,classified_conditional,L2,0.09475616736319074,3.4038052989665535
conanti,superfamily,classified_conditional,MITE,0.0023727213013825035,-0.2834641089136536
conanti,superfamily,classified_conditional,MULE,0.00017313401720455294,-2.90119095224291
conanti,superfamily,classified_conditional,Maverick,0.003638506587817681,0.1440716856074582
conanti,superfamily,classified_conditional,Mutator,0.023928252360854017,2.0275582341655927
conanti,superfamily,classified_conditional,P,7.386425894027014e-05,-3.753027842664375
conanti,superfamily,classified_conditional,PIF-Harbinger,0.04846126735344578,2.733263233832368
conanti,superfamily,classified_conditional,Penelope,7.656966327204003e-05,-3.7170559552975106
conanti,superfamily,classified_conditional,PiggyBac,0.000539316357634949,-1.7649545796461483
conanti,superfamily,classified_conditional,Tc1-mariner,0.01455490267561589,1.5304262567298963
conanti,superfamily,classified_conditional,hAT,0.09889222324079369,3.4465289692048016
conanti,superfamily,classified_conditional,tRNA,0.0010143763973831756,-1.1332275969158232
fuscus,superfamily,classified_conditional,Academ,0.0002885286054228581,-2.2690972536150182
fuscus,superfamily,classified_conditional,CACTA,0.008828396515589126,1.151837195150585
fuscus,superfamily,classified_conditional,Copia,0.007063056119522618,0.9287416280484129
fuscus,superfamily,classified_conditional,Cyrypton,0.0013879341022296414,-0.6983198237336277
fuscus,superfamily,classified_conditional,DIRS,0.0730868792029096,3.26551265166563
fuscus,superfamily,classified_conditional,EnSpm,0.0003943641153892225,-1.956616853625901
fuscus,superfamily,classified_conditional,Gypsy,0.5796552825256926,5.336297378465825
fuscus,superfamily,classified_conditional,Helitron,0.0017729589467786319,-0.4534863357525696
fuscus,superfamily,classified_conditional,IS3EU,2.558885396304942e-05,-4.6917346222870355
fuscus,superfamily,classified_conditional,Jockey,0.0008691793781593017,-1.1663419638740287
fuscus,superfamily,classified_conditional,Kolobok,0.0001768089807575544,-2.758821541840045
fuscus,superfamily,classified_conditional,L1,0.05585789335563937,2.9966746389628693
fuscus,superfamily,classified_conditional,L2,0.09457750650583396,3.523283465093775
fuscus,superfamily,classified_conditional,MITE,0.0026474613352472738,-0.05253501377492498
fuscus,superfamily,classified_conditional,MULE,0.00013496555607711179,-3.028871881178426
fuscus,superfamily,classified_conditional,Maverick,0.005882215672305212,0.7457972980400944
fuscus,superfamily,classified_conditional,Mutator,0.023978380872310478,2.1510164194880805
fuscus,superfamily,classified_conditional,P,6.990737245094956e-05,-3.686720371814194
fuscus,superfamily,classified_conditional,PIF-Harbinger,0.04508214290828798,2.7823500158067143
fuscus,superfamily,classified_conditional,Penelope,5.406178448864394e-05,-3.9437639371811413
fuscus,superfamily,classified_conditional,PiggyBac,0.00041839185225054054,-1.8974730479209958
fuscus,superfamily,classified_conditional,Tc1-mariner,0.011329264964908128,1.401252989905613
fuscus,superfamily,classified_conditional,hAT,0.08549120022791315,3.4222772414236107
fuscus,superfamily,classified_conditional,tRNA,0.0009276302458732628,-1.1012582754533202
gvnigeusgwotli,superfamily,classified_conditional,Academ,0.00047316650894791985,-1.9352895188199817
gvnigeusgwotli,superfamily,classified_conditional,CACTA,0.01283565609041111,1.3652453365494726
gvnigeusgwotli,superfamily,classified_conditional,Copia,0.009240402635649684,1.0366038662342634
gvnigeusgwotli,superfamily,classified_conditional,Cyrypton,0.0019002046917745217,-0.5450199808741463
gvnigeusgwotli,superfamily,classified_conditional,DIRS,0.08365301894213818,3.239695923187921
gvnigeusgwotli,superfamily,classified_conditional,EnSpm,0.0002578007266463385,-2.542549963594068
gvnigeusgwotli,superfamily,classified_conditional,Gypsy,0.5403224250175023,5.105184450983999
gvnigeusgwotli,superfamily,classified_conditional,Helitron,0.0037979872068353336,0.14748965023258442
gvnigeusgwotli,superfamily,classified_conditional,IS3EU,2.2527398688722847e-05,-4.980004584848729
gvnigeusgwotli,superfamily,classified_conditional,Jockey,0.0009550487465053233,-1.2329744900997248
gvnigeusgwotli,superfamily,classified_conditional,Kolobok,0.0001665782398878478,-2.9792717644548024
gvnigeusgwotli,superfamily,classified_conditional,L1,0.03826807900697339,2.4576345086272986
gvnigeusgwotli,superfamily,classified_conditional,L2,0.09647267480322422,3.382278211829219
gvnigeusgwotli,superfamily,classified_conditional,MITE,0.003025161368891258,-0.0800171586086913
gvnigeusgwotli,superfamily,classified_conditional,MULE,0.00015534534724254677,-3.0490861875089372
gvnigeusgwotli,superfamily,classified_conditional,Maverick,0.005896389364246953,0.5873585976620292
gvnigeusgwotli,superfamily,classified_conditional,Mutator,0.027649651646703948,2.1326315354597116
gvnigeusgwotli,superfamily,classified_conditional,P,8.707898573471913e-05,-3.627921283951604
gvnigeusgwotli,superfamily,classified_conditional,PIF-Harbinger,0.05262225248946177,2.7761574876565
gvnigeusgwotli,superfamily,classified_conditional,Penelope,0.00015654424128102407,-3.0413982108169417
gvnigeusgwotli,superfamily,classified_conditional,PiggyBac,0.000674991463399509,-1.5800368287618376
gvnigeusgwotli,superfamily,classified_conditional,Tc1-mariner,0.01375154695518435,1.4341697298591463
gvnigeusgwotli,superfamily,classified_conditional,hAT,0.10692406695756972,3.4851373341790173
gvnigeusgwotli,superfamily,classified_conditional,tRNA,0.0006914011650996028,-1.5560166601217063
intermedius,superfamily,classified_conditional,Academ,0.000420484441404841,-1.9857718361407217
intermedius,superfamily,classified_conditional,CACTA,0.009925975410800753,1.175731064249831
intermedius,superfamily,classified_conditional,Copia,0.009430047681244275,1.1244771173073742
intermedius,superfamily,classified_conditional,Cyrypton,0.0018142401957738554,-0.5237572805098081
intermedius,superfamily,classified_conditional,DIRS,0.08134819870046835,3.27931465517116
intermedius,superfamily,classified_conditional,EnSpm,0.0003123407593043543,-2.2830845455675393
intermedius,superfamily,classified_conditional,Gypsy,0.5473508926197777,5.185666046691027
intermedius,superfamily,classified_conditional,Helitron,0.0029136397655709655,-0.05002095750247726
intermedius,superfamily,classified_conditional,IS3EU,1.2272597791794946e-05,-5.519810359356685
intermedius,superfamily,classified_conditional,Jockey,0.0011180453421300153,-1.007842105283328
intermedius,superfamily,classified_conditional,Kolobok,0.00021449378546730484,-2.6588985488749275
intermedius,superfamily,classified_conditional,L1,0.04036746029683979,2.578599986569686
intermedius,superfamily,classified_conditional,L2,0.10073015999663389,3.4930212226637942
intermedius,superfamily,classified_conditional,MITE,0.0021841359594100885,-0.33820372723856273
intermedius,superfamily,classified_conditional,MULE,0.00010216979387732209,-3.4005432394897577
intermedius,superfamily,classified_conditional,Maverick,0.006789702067943255,0.7959830268828494
intermedius,superfamily,classified_conditional,Mutator,0.023340670730837326,2.030773328181365
intermedius,superfamily,classified_conditional,P,0.00010228020745720418,-3.3994631358957674
intermedius,superfamily,classified_conditional,PIF-Harbinger,0.048708850622506426,2.7664367155439678
intermedius,superfamily,classified_conditional,Penelope,8.729092204877117e-05,-3.557932842899864
intermedius,superfamily,classified_conditional,PiggyBac,0.0006460131654661925,-1.5563594310893407
intermedius,superfamily,classified_conditional,Tc1-mariner,0.016165692030804476,1.663467185042883
intermedius,superfamily,classified_conditional,hAT,0.10511883916954971,3.535667476106932
intermedius,superfamily,classified_conditional,tRNA,0.0007961037368912486,-1.3474498145620863
kanawha,superfamily,classified_conditional,Academ,0.000347595704746922,-2.1515055716199436
kanawha,superfamily,classified_conditional,CACTA,0.010516998542338191,1.2582025278692264
kanawha,superfamily,classified_conditional,Copia,0.008319573283300675,1.0238206363848947
kanawha,superfamily,classified_conditional,Cyrypton,0.0016591792301616883,-0.5884672886368998
kanawha,superfamily,classified_conditional,DIRS,0.08136747321058224,3.3041852720746228
kanawha,superfamily,classified_conditional,EnSpm,0.00028269341213651045,-2.358182646995038
kanawha,superfamily,classified_conditional,Gypsy,0.5645130816182686,5.241173228067557
kanawha,superfamily,classified_conditional,Helitron,0.002580396781360638,-0.1468471507342004
kanawha,superfamily,classified_conditional,IS3EU,1.6185148780054315e-05,-5.21845152824879
kanawha,superfamily,classified_conditional,Jockey,0.0013585835958969045,-0.7883476456358594
kanawha,superfamily,classified_conditional,Kolobok,0.00016837200325816798,-2.876369771499391
kanawha,superfamily,classified_conditional,L1,0.03627301791684934,2.4962838277364887
kanawha,superfamily,classified_conditional,L2,0.0950767472369242,3.459894102036441
kanawha,superfamily,classified_conditional,MITE,0.0023865227739352283,-0.22495292883181062
kanawha,superfamily,classified_conditional,MULE,9.134881545051421e-05,-3.4878602924639655
kanawha,superfamily,classified_conditional,Maverick,0.00646802023909479,0.7720797417535916
kanawha,superfamily,classified_conditional,Mutator,0.02297804622652509,2.039748919134249
kanawha,superfamily,classified_conditional,P,8.038033569923481e-05,-3.6157760426354013
kanawha,superfamily,classified_conditional,PIF-Harbinger,0.0481905015213719,2.780371608696844
kanawha,superfamily,classified_conditional,Penelope,0.00010334266261974885,-3.3644953198975553
kanawha,superfamily,classified_conditional,PiggyBac,0.0007639962581968781,-1.3639827165437977
kanawha,superfamily,classified_conditional,Tc1-mariner,0.013349418828549064,1.4966825213885109
kanawha,superfamily,classified_conditional,hAT,0.10222585783771745,3.532394328810054
kanawha,superfamily,classified_conditional,tRNA,0.0008826668162359897,-1.2195978102098346
lycos,superfamily,classified_conditional,Academ,0.0003305783239387741,-2.2033678663919476
lycos,superfamily,classified_conditional,CACTA,0.009521166831231923,1.1570612027747407
lycos,superfamily,classified_conditional,Copia,0.007342867305796786,0.8972732026390053
lycos,superfamily,classified_conditional,Cyrypton,0.0017032171091844678,-0.5639373249597677
lycos,superfamily,classified_conditional,DIRS,0.07516630198482747,3.2232468137959893
lycos,superfamily,classified_conditional,EnSpm,0.0004433682997047938,-1.9098106828538404
lycos,superfamily,classified_conditional,Gypsy,0.5576092805648053,5.227202298251622
lycos,superfamily,classified_conditional,Helitron,0.0017794347365026604,-0.5201604547163772
lycos,superfamily,classified_conditional,IS3EU,2.0315045595433863e-05,-4.99284970994669
lycos,superfamily,classified_conditional,Jockey,0.0009791048854652534,-1.1175727117072807
lycos,superfamily,classified_conditional,Kolobok,0.0001717273066849844,-2.858303691360688
lycos,superfamily,classified_conditional,L1,0.0557565701303029,2.9245390484436107
lycos,superfamily,classified_conditional,L2,0.095899139724702,3.466840806480047
lycos,superfamily,classified_conditional,MITE,0.0022334266332851974,-0.29291919186970805
lycos,superfamily,classified_conditional,MULE,0.00012745156667663245,-3.1564750605788925
lycos,superfamily,classified_conditional,Maverick,0.003987616996213856,0.28673760360004685
lycos,superfamily,classified_conditional,Mutator,0.02413810282276137,2.0873354171508054
lycos,superfamily,classified_conditional,P,8.897937307039809e-05,-3.5158069041889766
lycos,superfamily,classified_conditional,PIF-Harbinger,0.04902920262525739,2.795959887710133
lycos,superfamily,classified_conditional,Penelope,6.197602989720582e-05,-3.87746378807669
lycos,superfamily,classified_conditional,PiggyBac,0.00046207051763630147,-1.8684939687953834
lycos,superfamily,classified_conditional,Tc1-mariner,0.014181234218752855,1.555463351896793
lycos,superfamily,classified_conditional,hAT,0.09656018841187064,3.473710323205012
lycos,superfamily,classified_conditional,tRNA,0.002406678555835349,-0.21820860050155755
marmoratus,superfamily,classified_conditional,Academ,0.0004573190383901914,-2.0080537595645005
marmoratus,superfamily,classified_conditional,CACTA,0.009914101025457471,1.068278347180505
marmoratus,superfamily,classified_conditional,Copia,0.009926916461485136,1.0695701597418594
marmoratus,superfamily,classified_conditional,Cyrypton,0.0018768717966853687,-0.596073289521005
marmoratus,superfamily,classified_conditional,DIRS,0.07314573871242142,3.0667741291197967
marmoratus,superfamily,classified_conditional,EnSpm,0.00030749151424324403,-2.4049875306205344
marmoratus,superfamily,classified_conditional,Gypsy,0.5393137605494762,5.064617775045176
marmoratus,superfamily,classified_conditional,Helitron,0.003245316891529603,-0.0484667418341882
marmoratus,superfamily,classified_conditional,IS3EU,3.735755631394702e-05,-4.512899819463625
marmoratus,superfamily,classified_conditional,Jockey,0.0013559263595910593,-0.9211948615899832
marmoratus,superfamily,classified_conditional,Kolobok,0.00015789065420727813,-3.0715322900671236
marmoratus,superfamily,classified_conditional,L1,0.05043275705315934,2.6949611629404737
marmoratus,superfamily,classified_conditional,L2,0.09689422135537262,3.3479401394357375
marmoratus,superfamily,classified_conditional,MITE,0.002611938415024869,-0.2655871091197408
marmoratus,superfamily,classified_conditional,MULE,0.0001459309388682659,-3.1503015331812367
marmoratus,superfamily,classified_conditional,Maverick,0.006357467344463329,0.6239503392162575
marmoratus,superfamily,classified_conditional,Mutator,0.02272317645068074,1.8977056501020737
marmoratus,superfamily,classified_conditional,P,0.0001255910183923253,-3.3004042796674824
marmoratus,superfamily,classified_conditional,PIF-Harbinger,0.050024643227760505,2.6868360060182503
marmoratus,superfamily,classified_conditional,Penelope,7.65806346649092e-05,-3.79509078790805
marmoratus,superfamily,classified_conditional,PiggyBac,0.0008227397871098332,-1.4207950468977533
marmoratus,superfamily,classified_conditional,Tc1-mariner,0.015462511200072216,1.512738719508814
marmoratus,superfamily,classified_conditional,hAT,0.11338341910668331,3.5050954220653403
marmoratus,superfamily,classified_conditional,tRNA,0.0012003329079467683,-1.0430808009390606
mavrokoilius,superfamily,classified_conditional,Academ,0.00038526801304163393,-2.0305378967947902
mavrokoilius,superfamily,classified_conditional,CACTA,0.009685235217831307,1.1938807357025238
mavrokoilius,superfamily,classified_conditional,Copia,0.008999070301840462,1.1203994245255142
mavrokoilius,superfamily,classified_conditional,Cyrypton,0.0016334914906299548,-0.5860021049208255
mavrokoilius,superfamily,classified_conditional,DIRS,0.08193419060952209,3.3291945238239258
mavrokoilius,superfamily,classified_conditional,EnSpm,0.0003447599784287207,-2.141628666451324
mavrokoilius,superfamily,classified_conditional,Gypsy,0.5551860745246557,5.242581479290588
mavrokoilius,superfamily,classified_conditional,Helitron,0.002944777170814165,0.0033113030009532807
mavrokoilius,superfamily,classified_conditional,IS3EU,2.1401893647893485e-05,-4.920997720329271
mavrokoilius,superfamily,classified_conditional,Jockey,0.0010137274826966282,-1.0630877333684978
mavrokoilius,superfamily,classified_conditional,Kolobok,8.126361343957988e-05,-3.5867787694610387
mavrokoilius,superfamily,classified_conditional,L1,0.03962131993012518,2.602645507779261
mavrokoilius,superfamily,classified_conditional,L2,0.09992305395975055,3.5276785817195857
mavrokoilius,superfamily,classified_conditional,MITE,0.002428886233366364,-0.1892890355753698
mavrokoilius,superfamily,classified_conditional,MULE,0.00010496000320073361,-3.3308977709709735
mavrokoilius,superfamily,classified_conditional,Maverick,0.0061652783855211625,0.742211443719702
mavrokoilius,superfamily,classified_conditional,Mutator,0.023416677365309783,2.076726628747788
mavrokoilius,superfamily,classified_conditional,P,7.275915029908302e-05,-3.6973224512122647
mavrokoilius,superfamily,classified_conditional,PIF-Harbinger,0.04776319236938553,2.7895334610761733
mavrokoilius,superfamily,classified_conditional,Penelope,9.413968226355578e-05,-3.439697465842369
mavrokoilius,superfamily,classified_conditional,PiggyBac,0.0006037917515830229,-1.5812477703250751
mavrokoilius,superfamily,classified_conditional,Tc1-mariner,0.013225297163948773,1.5054095996763106
mavrokoilius,superfamily,classified_conditional,hAT,0.10340135173968233,3.5618961872270933
mavrokoilius,superfamily,classified_conditional,tRNA,0.0009500319690158079,-1.1279814910375752
monticola,superfamily,classified_conditional,Academ,0.0004095188781480589,-1.995915122129822
monticola,superfamily,classified_conditional,CACTA,0.009562461512780127,1.1547023284753726
monticola,superfamily,classified_conditional,Copia,0.008027306298403081,0.9797061710749428
monticola,superfamily,classified_conditional,Cyrypton,0.0018919576014865586,-0.46553078484556654
monticola,superfamily,classified_conditional,DIRS,0.07271737529867113,3.183437510103374
monticola,superfamily,classified_conditional,EnSpm,0.0004231423559417979,-1.9631894635447384
monticola,superfamily,classified_conditional,Gypsy,0.5557825983162301,5.21723436170167
monticola,superfamily,classified_conditional,Helitron,0.0021445929388463473,-0.3401930835905027
monticola,superfamily,classified_conditional,IS3EU,3.124295409558999e-05,-4.569104243024665
monticola,superfamily,classified_conditional,Jockey,0.0009727986640102098,-1.1307209869778205
monticola,superfamily,classified_conditional,Kolobok,0.00016500085231770993,-2.904947485394894
monticola,superfamily,classified_conditional,L1,0.05591349955503883,2.920662999867435
monticola,superfamily,classified_conditional,L2,0.09932497496100937,3.4952542037472316
monticola,superfamily,classified_conditional,MITE,0.002609780871410628,-0.14387658536582126
monticola,superfamily,classified_conditional,MULE,0.00020310925153011893,-2.6971541056943327
monticola,superfamily,classified_conditional,Maverick,0.0028620504949869547,-0.051604521631350764
monticola,superfamily,classified_conditional,Mutator,0.022441074954850575,2.007750137159124
monticola,superfamily,classified_conditional,P,0.00010445604036182997,-3.362131808338047
monticola,superfamily,classified_conditional,PIF-Harbinger,0.049442405145391395,2.7976656138670672
monticola,superfamily,classified_conditional,Penelope,7.516313353819798e-05,-3.69123725960052
monticola,superfamily,classified_conditional,PiggyBac,0.0005520002009533299,-1.6973497145210956
monticola,superfamily,classified_conditional,Tc1-mariner,0.012734740872424601,1.4411909146926893
monticola,superfamily,classified_conditional,hAT,0.10105665913625328,3.5125384952351206
monticola,superfamily,classified_conditional,tRNA,0.0005520897113199118,-1.6971875712648572
ocoee,superfamily,classified_conditional,Academ,0.0004821560962234546,-1.7749057965016748
ocoee,superfamily,classified_conditional,CACTA,0.009686174068126718,1.2252810846972402
ocoee,superfamily,classified_conditional,Copia,0.007463555467577376,0.9646134746811388
ocoee,superfamily,classified_conditional,Cyrypton,0.001836319294992798,-0.4376552452014879
ocoee,superfamily,classified_conditional,DIRS,0.07598333576956791,3.28509561982639
ocoee,superfamily,classified_conditional,EnSpm,0.0003609834920548355,-2.0643414803024873
ocoee,superfamily,classified_conditional,Gypsy,0.5505857053255379,5.265564200148761
ocoee,superfamily,classified_conditional,Helitron,0.00201811993992531,-0.34325207501524524
ocoee,superfamily,classified_conditional,IS3EU,1.4851143929643496e-05,-5.255096814628739
ocoee,superfamily,classified_conditional,Jockey,0.0008679936676370955,-1.1869892899250667
ocoee,superfamily,classified_conditional,Kolobok,0.00012907295361371237,-3.092795932811815
ocoee,superfamily,classified_conditional,L1,0.06465624464359047,3.1236662618736935
ocoee,superfamily,classified_conditional,L2,0.09455518820474099,3.503765235975667
ocoee,superfamily,classified_conditional,MITE,0.0021753430242512635,-0.2682320658228985
ocoee,superfamily,classified_conditional,MULE,0.00016047870133354073,-2.875012477417161
ocoee,superfamily,classified_conditional,Maverick,0.004602821585869792,0.4812510734542439
ocoee,superfamily,classified_conditional,Mutator,0.025506291878993288,2.193506731853964
ocoee,superfamily,classified_conditional,P,6.36136606879188e-05,-3.8003454712374305
ocoee,superfamily,classified_conditional,PIF-Harbinger,0.048367743196429586,2.833414698426088
ocoee,superfamily,classified_conditional,Penelope,6.467538834984812e-05,-3.7837929765195435
ocoee,superfamily,classified_conditional,PiggyBac,0.000473166628107952,-1.7937261034556915
ocoee,superfamily,classified_conditional,Tc1-mariner,0.012736551553527481,1.499057504589219
ocoee,superfamily,classified_conditional,hAT,0.09637136728250055,3.5227907073785825
ocoee,superfamily,classified_conditional,tRNA,0.0008382470324307502,-1.2218608640657092
orestes,superfamily,classified_conditional,Academ,0.00040190397634307307,-2.017019997704809
orestes,superfamily,classified_conditional,CACTA,0.009449919703837392,1.1405283305304055
orestes,superfamily,classified_conditional,Copia,0.00842004400773551,1.0251371408217675
orestes,superfamily,classified_conditional,Cyrypton,0.0017764353212838483,-0.5308691861206096
orestes,superfamily,classified_conditional,DIRS,0.07466023716842707,3.207469736137161
orestes,superfamily,classified_conditional,EnSpm,0.0006921706357763591,-1.4734006842600547
orestes,superfamily,classified_conditional,Gypsy,0.5592514976627875,5.221121364360352
orestes,superfamily,classified_conditional,Helitron,0.002218956732550052,-0.30844076885585014
orestes,superfamily,classified_conditional,IS3EU,1.2453448714290704e-05,-5.491235603257079
orestes,superfamily,classified_conditional,Jockey,0.0009737540758432172,-1.1320744100783386
orestes,superfamily,classified_conditional,Kolobok,0.0001841954240060806,-2.797235911989655
orestes,superfamily,classified_conditional,L1,0.05505551762634231,2.902864173516689
orestes,superfamily,classified_conditional,L2,0.09612385976020743,3.460159651712272
orestes,superfamily,classified_conditional,MITE,0.0027452623465383224,-0.09560127108658278
orestes,superfamily,classified_conditional,MULE,0.00014467080552899023,-3.0387723383024143
orestes,superfamily,classified_conditional,Maverick,0.0033865833609157694,0.11434364103417138
orestes,superfamily,classified_conditional,Mutator,0.02313084879295118,2.035689258204966
orestes,superfamily,classified_conditional,P,0.00010744609507339221,-3.3362439123465597
orestes,superfamily,classified_conditional,PIF-Harbinger,0.050030697010852214,2.807158843270273
orestes,superfamily,classified_conditional,Penelope,8.676237721694668e-05,-3.5500601074708547
orestes,superfamily,classified_conditional,PiggyBac,0.0004565154969972734,-1.8896105460939419
orestes,superfamily,classified_conditional,Tc1-mariner,0.014142178354092202,1.543683790771551
orestes,superfamily,classified_conditional,hAT,0.0956854008825136,3.4555878219691927
orestes,superfamily,classified_conditional,tRNA,0.0008626889334660192,-1.253179014762079
organi,superfamily,classified_conditional,Academ,0.000527073409786162,-1.6374747620244872
organi,superfamily,classified_conditional,CACTA,0.011012985862724983,1.4020157901025865
organi,superfamily,classified_conditional,Copia,0.01170462606068387,1.4629248340701366
organi,superfamily,classified_conditional,Cyrypton,0.0020297576684917937,-0.289142908588941
organi,superfamily,classified_conditional,DIRS,0.083880912457688,3.4323387647166004
organi,superfamily,classified_conditional,EnSpm,0.00016147912726131712,-2.820438707025663
organi,superfamily,classified_conditional,Gypsy,0.4894839198538156,5.1962922918959
organi,superfamily,classified_conditional,Helitron,0.0023904795390223606,-0.12556532963013822
organi,superfamily,classified_conditional,IS3EU,2.2215927947762707e-05,-4.804005091631352
organi,superfamily,classified_conditional,Jockey,0.0009541342980688769,-1.044010163174093
organi,superfamily,classified_conditional,Kolobok,8.848571563463225e-05,-3.42197346464354
organi,superfamily,classified_conditional,L1,0.09101938233306832,3.5140131571185473
organi,superfamily,classified_conditional,L2,0.10284060982349758,3.636120992818307
organi,superfamily,classified_conditional,MITE,0.0015543852714553635,-0.555979175742447
organi,superfamily,classified_conditional,MULE,6.430226923166323e-05,-3.74121967643426
organi,superfamily,classified_conditional,Maverick,0.004212692394816747,0.44104264760592393
organi,superfamily,classified_conditional,Mutator,0.01798419728499456,1.892434124290058
organi,superfamily,classified_conditional,P,5.1706551154954794e-05,-3.9592301100890284
organi,superfamily,classified_conditional,PIF-Harbinger,0.052167681542962474,2.9574038562308806
organi,superfamily,classified_conditional,Penelope,8.458529375686014e-05,-3.467054179531499
organi,superfamily,classified_conditional,PiggyBac,0.000526219110780629,-1.6390969119518495
organi,superfamily,classified_conditional,Tc1-mariner,0.015904735198835653,1.7695575567470794
organi,superfamily,classified_conditional,hAT,0.11093241785119608,3.7118618483119223
organi,superfamily,classified_conditional,tRNA,0.00040101515312376384,-1.9108153834406307
pascagoula,superfamily,classified_conditional,Academ,0.00021270268775778204,-2.494347675468041
pascagoula,superfamily,classified_conditional,CACTA,0.008156404918422783,1.1523157431810898
pascagoula,superfamily,classified_conditional,Copia,0.006245032416325133,0.8852985793375918
pascagoula,superfamily,classified_conditional,Cyrypton,0.0013310982245687752,-0.6604834207287098
pascagoula,superfamily,classified_conditional,DIRS,0.06575638734899866,3.2394690573407727
pascagoula,superfamily,classified_conditional,EnSpm,0.000340097012222748,-2.0250121269950165
pascagoula,superfamily,classified_conditional,Gypsy,0.5734138635153645,5.405119975904572
pascagoula,superfamily,classified_conditional,Helitron,0.0014358131405393972,-0.5847564178046314
pascagoula,superfamily,classified_conditional,IS3EU,2.4401716515701005e-05,-4.6595895551443265
pascagoula,superfamily,classified_conditional,Jockey,0.00072685045464973,-1.2655222795941539
pascagoula,superfamily,classified_conditional,Kolobok,0.000136096450444458,-2.9408792051521955
pascagoula,superfamily,classified_conditional,L1,0.06646048663231982,3.2501198300920975
pascagoula,superfamily,classified_conditional,L2,0.08145111095331915,3.453515219660906
pascagoula,superfamily,classified_conditional,MITE,0.0017973554757958312,-0.360171350505758
pascagoula,superfamily,classified_conditional,MULE,0.00017254844091013302,-2.7035650200531736
pascagoula,superfamily,classified_conditional,Maverick,0.0060184395026054915,0.8483402518903125
pascagoula,superfamily,classified_conditional,Mutator,0.022873135206430133,2.1834753318170783
pascagoula,superfamily,classified_conditional,P,6.351246116735101e-05,-3.703006908471006
pascagoula,superfamily,classified_conditional,PIF-Harbinger,0.05089699019367577,2.9833160350621193
pascagoula,superfamily,classified_conditional,Penelope,5.177276735237701e-05,-3.9073787497386805
pascagoula,superfamily,classified_conditional,PiggyBac,0.00047697814808404104,-1.686772355278837
pascagoula,superfamily,classified_conditional,Tc1-mariner,0.009300303319500837,1.2835592596363323
pascagoula,superfamily,classified_conditional,hAT,0.10200490782729224,3.678533173089471
pascagoula,superfamily,classified_conditional,tRNA,0.000653711185737321,-1.3715773920777998
perlapsus,superfamily,classified_conditional,Academ,0.00037735782285542804,-2.015433700741628
perlapsus,superfamily,classified_conditional,CACTA,0.009660110706427248,1.2271328171426177
perlapsus,superfamily,classified_conditional,Copia,0.007445718882275844,0.9667669292355887
perlapsus,superfamily,classified_conditional,Cyrypton,0.0018745506431088782,-0.4125033176173698
perlapsus,superfamily,classified_conditional,DIRS,0.08117022260181779,3.3556761718754125
perlapsus,superfamily,classified_conditional,EnSpm,0.00040125358343050607,-1.9540339652186773
perlapsus,superfamily,classified_conditional,Gypsy,0.5480108486623573,5.265422792272364
perlapsus,superfamily,classified_conditional,Helitron,0.0018933607396733672,-0.4025188721690345
perlapsus,superfamily,classified_conditional,IS3EU,1.7432864060730004e-05,-5.090270406373046
perlapsus,superfamily,classified_conditional,Jockey,0.0010997033271621622,-0.9458318504606247
perlapsus,superfamily,classified_conditional,Kolobok,0.00022873191328865903,-2.5160769368518903
perlapsus,superfamily,classified_conditional,L1,0.06510003302419742,3.1350527651897173
perlapsus,superfamily,classified_conditional,L2,0.09885217805896805,3.552753292045521
perlapsus,superfamily,classified_conditional,MITE,0.0023086714142606553,-0.20420007757634906
perlapsus,superfamily,classified_conditional,MULE,0.00012849165054800904,-3.092763644346814
perlapsus,superfamily,classified_conditional,Maverick,0.004748260168648307,0.5169059793561592
perlapsus,superfamily,classified_conditional,Mutator,0.022902577897975774,2.0903771848796375
perlapsus,superfamily,classified_conditional,P,6.620423953921701e-05,-3.755883068020651
perlapsus,superfamily,classified_conditional,PIF-Harbinger,0.04667112050369297,2.8022532774431816
perlapsus,superfamily,classified_conditional,Penelope,5.2130321293574005e-05,-3.9948808082156404
perlapsus,superfamily,classified_conditional,PiggyBac,0.000406114023328638,-1.9419936044819348
perlapsus,superfamily,classified_conditional,Tc1-mariner,0.012562554427785222,1.4898482270611106
perlapsus,superfamily,classified_conditional,hAT,0.09343454147296677,3.496388808609328
perlapsus,superfamily,classified_conditional,tRNA,0.0005878310503376832,-1.5721879930369962
santeetlah,superfamily,classified_conditional,Academ,0.000384447205040822,-2.0177268370346573
santeetlah,superfamily,classified_conditional,CACTA,0.009342644486737037,1.1728113183060636
santeetlah,superfamily,classified_conditional,Copia,0.007500914568774058,0.953246926126778
santeetlah,superfamily,classified_conditional,Cyrypton,0.001820879434856716,-0.4624584391367872
santeetlah,superfamily,classified_conditional,DIRS,0.07524825172478083,3.259014640981508
santeetlah,superfamily,classified_conditional,EnSpm,0.000340629225375323,-2.138738738354288
santeetlah,superfamily,classified_conditional,Gypsy,0.550230378198724,5.2485590304931105
santeetlah,superfamily,classified_conditional,Helitron,0.0020892511850629553,-0.3249723123657482
santeetlah,superfamily,classified_conditional,IS3EU,1.2184678837465e-05,-5.469353978940986
santeetlah,superfamily,classified_conditional,Jockey,0.0009186781910865261,-1.1465974203556089
santeetlah,superfamily,classified_conditional,Kolobok,0.00016354098231125404,-2.872469693200247
santeetlah,superfamily,classified_conditional,L1,0.06061471520529106,3.042759659283517
santeetlah,superfamily,classified_conditional,L2,0.10097634601679299,3.5531082620748133
santeetlah,superfamily,classified_conditional,MITE,0.002173158329271728,-0.28559646879726763
santeetlah,superfamily,classified_conditional,MULE,0.00016669686289054404,-2.8533563377797355
santeetlah,superfamily,classified_conditional,Maverick,0.004217139558711674,0.37737903904402526
santeetlah,superfamily,classified_conditional,Mutator,0.025821574725463176,2.189432342667143
santeetlah,superfamily,classified_conditional,P,0.000135830183696792,-3.058127852230755
santeetlah,superfamily,classified_conditional,PIF-Harbinger,0.04946476427909862,2.8394825538716275
santeetlah,superfamily,classified_conditional,Penelope,7.600525266388901e-05,-3.6387308565698406
santeetlah,superfamily,classified_conditional,PiggyBac,0.00042285819961081705,-1.9224964111271436
santeetlah,superfamily,classified_conditional,Tc1-mariner,0.012019195566419586,1.4247269727924827
santeetlah,superfamily,classified_conditional,hAT,0.0951201937841787,3.4933632601562183
santeetlah,superfamily,classified_conditional,tRNA,0.000739722154323384,-1.3632586599042273
tilleyi,superfamily,classified_conditional,Academ,0.000410018723273242,-1.9560868513455416
tilleyi,superfamily,classified_conditional,CACTA,0.010503871455367679,1.2872095017024767
tilleyi,superfamily,classified_conditional,Copia,0.008293317936584109,1.0509157251407597
tilleyi,superfamily,classified_conditional,Cyrypton,0.0020421710308351484,-0.35052092477365004
tilleyi,superfamily,classified_conditional,DIRS,0.07870753589252609,3.301204507969958
tilleyi,superfamily,classified_conditional,EnSpm,0.00038363415241936976,-2.022600306142004
tilleyi,superfamily,classified_conditional,Gypsy,0.5345401145033972,5.216872380630629
tilleyi,superfamily,classified_conditional,Helitron,0.002112166549327578,-0.31682017622120284
tilleyi,superfamily,classified_conditional,IS3EU,1.2335098399692555e-05,-5.459840949296371
tilleyi,superfamily,classified_conditional,Jockey,0.0010210494440430534,-1.0437034324547119
tilleyi,superfamily,classified_conditional,Kolobok,0.00016278158725013516,-2.8798803297783557
tilleyi,superfamily,classified_conditional,L1,0.06209362612516127,3.0641089472462335
tilleyi,superfamily,classified_conditional,L2,0.10360801628191012,3.5760803065312565
tilleyi,superfamily,classified_conditional,MITE,0.0027101184455393993,-0.06754205676157632
tilleyi,superfamily,classified_conditional,MULE,0.00015398673029884473,-2.935423244710883
tilleyi,superfamily,classified_conditional,Maverick,0.002530412169364206,-0.13615219527641997
tilleyi,superfamily,classified_conditional,Mutator,0.02582281494238457,2.186724003717844
tilleyi,superfamily,classified_conditional,P,6.865497504660969e-05,-3.7431960772083066
tilleyi,superfamily,classified_conditional,PIF-Harbinger,0.05058852874150069,2.85919044833942
tilleyi,superfamily,classified_conditional,Penelope,9.601675222840367e-05,-3.407766997898042
tilleyi,superfamily,classified_conditional,PiggyBac,0.0004119941229106244,-1.9512805920535685
tilleyi,superfamily,classified_conditional,Tc1-mariner,0.013176156931623547,1.513874505679893
tilleyi,superfamily,classified_conditional,hAT,0.09977905168172749,3.5384238607568235
tilleyi,superfamily,classified_conditional,tRNA,0.0007716257268808255,-1.3237900537946397
valentinei,superfamily,classified_conditional,Academ,0.00024161020050729047,-2.3665128721825432
valentinei,superfamily,classified_conditional,CACTA,0.007822563408967417,1.1109290234876728
valentinei,superfamily,classified_conditional,Copia,0.0059233206234756515,0.8328139287563499
valentinei,superfamily,classified_conditional,Cyrypton,0.001336771255182469,-0.655826083650811
valentinei,superfamily,classified_conditional,DIRS,0.06278678767877623,3.193661385046452
valentinei,superfamily,classified_conditional,EnSpm,0.0003198814909193691,-2.0858879716710135
valentinei,superfamily,classified_conditional,Gypsy,0.5686891257359195,5.397250653851194
valentinei,superfamily,classified_conditional,Helitron,0.0012826866969052743,-0.6971264189087476
valentinei,superfamily,classified_conditional,IS3EU,1.2437931159148466e-05,-5.333087790048651
valentinei,superfamily,classified_conditional,Jockey,0.0008375294460549782,-1.1233821354449232
valentinei,superfamily,classified_conditional,Kolobok,0.00017185401111784635,-2.7071932141632953
valentinei,superfamily,classified_conditional,L1,0.07436519861070659,3.362904792783584
valentinei,superfamily,classified_conditional,L2,0.07805324614743943,3.411307957698231
valentinei,superfamily,classified_conditional,MITE,0.0017641443144927006,-0.37841751383738664
valentinei,superfamily,classified_conditional,MULE,0.00015873505718920543,-2.786602052594221
valentinei,superfamily,classified_conditional,Maverick,0.006445653505656494,0.9173227495472309
valentinei,superfamily,classified_conditional,Mutator,0.02456605371007682,2.255282280460206
valentinei,superfamily,classified_conditional,P,7.396741182120296e-05,-3.5502139425811805
valentinei,superfamily,classified_conditional,PIF-Harbinger,0.054409470997553756,3.050454958915566
valentinei,superfamily,classified_conditional,Penelope,5.928256880352444e-05,-3.7715232445529416
valentinei,superfamily,classified_conditional,PiggyBac,0.0005309950748560704,-1.5790858120197448
valentinei,superfamily,classified_conditional,Tc1-mariner,0.010674484082253861,1.4217729494029658
valentinei,superfamily,classified_conditional,hAT,0.09893687770784369,3.648398768858733
valentinei,superfamily,classified_conditional,tRNA,0.0005373223323216104,-1.567240397152693
valtos,superfamily,classified_conditional,Academ,0.00021881181851053937,-2.4486815561546393
valtos,superfamily,classified_conditional,CACTA,0.007448668781875361,1.0788969680364495
valtos,superfamily,classified_conditional,Copia,0.006665259080333564,0.9677704632511617
valtos,superfamily,classified_conditional,Cyrypton,0.001313073324973662,-0.6567679222584628
valtos,superfamily,classified_conditional,DIRS,0.06858448631660355,3.298928000776468
valtos,superfamily,classified_conditional,EnSpm,0.00033393889741049426,-2.0259356060180913
valtos,superfamily,classified_conditional,Gypsy,0.6113897328665874,5.486596255098394
valtos,superfamily,classified_conditional,Helitron,0.0013142639950349908,-0.6558615520457209
valtos,superfamily,classified_conditional,IS3EU,2.559226229820341e-05,-4.594603588552989
valtos,superfamily,classified_conditional,Jockey,0.0008456972244600965,-1.0967322355351827
valtos,superfamily,classified_conditional,Kolobok,0.00017215303081724237,-2.688509845067891
valtos,superfamily,classified_conditional,L1,0.05350062433439534,3.0505549622436523
valtos,superfamily,classified_conditional,L2,0.07882851739620218,3.4381364658942015
valtos,superfamily,classified_conditional,MITE,0.0021347344929057116,-0.17079608173941807
valtos,superfamily,classified_conditional,MULE,0.00012088992199678673,-3.042013244401682
valtos,superfamily,classified_conditional,Maverick,0.006562824544287376,0.9522827196705164
valtos,superfamily,classified_conditional,Mutator,0.02123598036755096,2.1265585688399686
valtos,superfamily,classified_conditional,P,7.576352667242037e-05,-3.509276641993429
valtos,superfamily,classified_conditional,PIF-Harbinger,0.04267113483229098,2.824384331008296
valtos,superfamily,classified_conditional,Penelope,5.0323670142066946e-05,-3.91841809459104
valtos,superfamily,classified_conditional,PiggyBac,0.0003879012552599828,-1.8761428298932783
valtos,superfamily,classified_conditional,Tc1-mariner,0.009726024116067173,1.3456668301328065
valtos,superfamily,classified_conditional,hAT,0.0857744995662252,3.5225833930740573
valtos,superfamily,classified_conditional,tRNA,0.0006191043770987726,-1.4086197597741652
welteri,superfamily,classified_conditional,Academ,0.0003471594411701398,-2.224238090047474
welteri,superfamily,classified_conditional,CACTA,0.009120450614860897,1.0442522422682243
welteri,superfamily,classified_conditional,Copia,0.007533917441387167,0.853148180950031
welteri,superfamily,classified_conditional,Cyrypton,0.0015067432289093648,-0.7563164505888595
welteri,superfamily,classified_conditional,DIRS,0.06982250111481769,3.079689353239894
welteri,superfamily,classified_conditional,EnSpm,0.0003036526457616939,-2.358137813603033
welteri,superfamily,classified_conditional,Gypsy,0.562029758985171,5.16528783030107
welteri,superfamily,classified_conditional,Helitron,0.0017903328853730843,-0.5838653980769735
welteri,superfamily,classified_conditional,IS3EU,1.2145717788365153e-05,-5.577045586842729
welteri,superfamily,classified_conditional,Jockey,0.0009407716970239787,-1.227321756357533
welteri,superfamily,classified_conditional,Kolobok,0.002884441844212047,-0.10693555708968105
welteri,superfamily,classified_conditional,L1,0.06298457719996667,2.9766229199502052
welteri,superfamily,classified_conditional,L2,0.0964251300018347,3.402499882188865
welteri,superfamily,classified_conditional,MITE,0.0024540801132442664,-0.26851497838196625
welteri,superfamily,classified_conditional,MULE,0.00018046989315630572,-2.8784582821609543
welteri,superfamily,classified_conditional,Maverick,0.0062782156250160495,0.6708188338402179
welteri,superfamily,classified_conditional,Mutator,0.022344867240095483,1.9403296708765025
welteri,superfamily,classified_conditional,P,8.12426771832214e-05,-3.6765815589313338
welteri,superfamily,classified_conditional,PIF-Harbinger,0.045583782270255724,2.6532850311714773
welteri,superfamily,classified_conditional,Penelope,8.23861887521545e-05,-3.6626044384679712
welteri,superfamily,classified_conditional,PiggyBac,0.0004336976804122476,-2.001674546646015
welteri,superfamily,classified_conditional,Tc1-mariner,0.013215193349525887,1.4151002088927376
welteri,superfamily,classified_conditional,hAT,0.09271800737324862,3.363295737881362
welteri,superfamily,classified_conditional,tRNA,0.0009264747708334,-1.2426354343660542
wrighti,superfamily,classified_conditional,Academ,0.00050243957757967,-1.7701401856578993
wrighti,superfamily,classified_conditional,CACTA,0.01100756309217868,1.3167222946193435
wrighti,superfamily,classified_conditional,Copia,0.01100116567660753,1.3161409420279666
wrighti,superfamily,classified_conditional,Cyrypton,0.0020856538911459264,-0.3467778728167641
wrighti,superfamily,classified_conditional,DIRS,0.08778856920391392,3.393071005109461
wrighti,superfamily,classified_conditional,EnSpm,0.00021136709416082257,-2.6360191701789093
wrighti,superfamily,classified_conditional,Gypsy,0.4805753960904129,5.093123832083019
wrighti,superfamily,classified_conditional,Helitron,0.002371398030656002,-0.21838062817138315
wrighti,superfamily,classified_conditional,IS3EU,3.417626438984906e-05,-4.458084195304731
wrighti,superfamily,classified_conditional,Jockey,0.0008854550596968333,-1.2035138701342527
wrighti,superfamily,classified_conditional,Kolobok,0.00011712289744123524,-3.2263917857501587
wrighti,superfamily,classified_conditional,L1,0.08990619032277863,3.4169065012233335
wrighti,superfamily,classified_conditional,L2,0.10330718226191307,3.555846606140916
wrighti,superfamily,classified_conditional,MITE,0.0014341908281517695,-0.7212594884077914
wrighti,superfamily,classified_conditional,MULE,8.347833314872192e-05,-3.565028459802371
wrighti,superfamily,classified_conditional,Maverick,0.00658630522092943,0.8031322310243372
wrighti,superfamily,classified_conditional,Mutator,0.01997054080872969,1.9123979323625089
wrighti,superfamily,classified_conditional,P,6.248823117281146e-05,-3.854637336962303
wrighti,superfamily,classified_conditional,PIF-Harbinger,0.0544037397000156,2.9145726002280825
wrighti,superfamily,classified_conditional,Penelope,8.87953341220845e-05,-3.5032814697913013
wrighti,superfamily,classified_conditional,PiggyBac,0.0004985985760765128,-1.7778142594966946
wrighti,superfamily,classified_conditional,Tc1-mariner,0.014968704713596228,1.6241013734535166
wrighti,superfamily,classified_conditional,hAT,0.11156916798800286,3.6327844435113943
wrighti,superfamily,classified_conditional,tRNA,0.0005403108031792755,-1.6974710393092751
