species,nc_common_name,nc_description_text,nc_body_size_text,nc_habitat_text,nc_reproductive_mode_text,nc_aquatic_life_history_text,nc_terrestrial_life_history_text,nc_status_comments_text,nc_adult_svl_min_mm,nc_adult_svl_max_mm,nc_adult_svl_mid_mm,nc_size_source_field,nc_size_phrase_type,nc_adult_tl_min_mm,nc_adult_tl_max_mm,nc_elevation_min_m,nc_elevation_max_m,nc_elevation_mid_m,nc_development_mode,nc_development_rule,nc_microhabitat_class,nc_aquaticity_index,nc_lifestyle_rule,nc_source_id,nc_source_filename,nc_source_file_sha256,nc_source_url
adatsihi,Cherokee Mountain Dusky Salamander,"Desmognathus adatsihi is a medium-sized Desmognathus (23–50 mm SVL; n = 15) that is primarily a terrestrial mountain dusky salamander. The tail is shorter than the body (up to about 90% of the SVL) and is round in cross section along its length (Pyron and Beamer, 2022a). It co-occurs with D. santeetlah and can be distinguished by the lack of any keeling on the dorsal surface of the tail (versus present on D. santeetlah ) and the absence of dark toe tips. Desmognathus adatsihi also co-occurs with D. imitator and cannot always be distinguished from the latter. According to Pyron and Beamer (2022a), D. adatsihi can sometimes be differentiated by a color morph with the prominent remnants of paired yellowish, reddish, or orangish dorsal spots connected by a wash of lighter pigments on a lighter ground, versus more distinct and separated spots on a darker ground color in some D. imitator . In uniformly dark older specimens, D. imitator can be distinguished if they have red cheek patches. Many individuals of D. adatsihi can also be uniquely diagnosed by the presence of an exceptionally straight and unadorned dorsal stripe of brownish or yellowish color -- a characteristic most common in Smokies populations. This trait is never observed in D. imitator , other D. ocoee lineages, or D. santeetlah . When the latter exhibit dorsal color pattern, these species typically possess paired spots with varying degrees of intercalated melanophore pigmentation, sometimes yielding relatively unadorned stripes with irregular edges. Very rarely, erythristic or xanthic morphs of D. adatsihi have been found that have never been observed in the other species and that appear to be uniquely diagnostic when present. Pyron and Beamer (2022a) have illustrations of many of these color morphs. Identification in the field of this and closely related forms is best done using the site of collection (see distribution map above).
Males in local populations of this and other members of the ocoee complex typically average slightly larger than females and are more likely to be melanistic. Relative to females, the males have well developed premaxillary teeth and large jaw musculature. They also possess small mental glands and have a mouth line that appears sinuate when viewed from the side. The hatchlings vary from about 13-18 mm TL and have prominent yolk reserves. The larvae have rounded snouts, very small whitish gills, and a series of 4-6 pairs of alternating light spots along the dorsum.",,"This species inhabits montane hardwood and spruce-fir forests with cool, clear-flowing headwater streams and seepages. It also can be found in wet rock faces. Brooding females and overwintering juveniles and adults congregate in aquatic habitats, but non-brooding individuals move away from aquatic habitats and live on the forest floor during the warmer months of the year.","The nesting biology of members of the D. ocoee complex -- as well as D. carolinensis and D. orestes -- appear to be very similar or identical. Some of the studies that reported on the nesting biology prior to the splitting of D. ochrophaeus (sensu lato) and D. ocoee (sensu lato) into multiple species (see above) are confounded because they involved two or more species (e.g., Martof and Rose, 1963). The following provides a general summary of the nesting biology of this group of closely related species, with references to specific species where possible. Although few specifics are known about the nesting biology of D. adatsihi , it is presumably very similar to the general account that is present below.
Females often move from streamside or forested habitats to their nesting sites 1-3 weeks before ovipositing. Each female lays a small grape-like cluster of eggs. These are typically placed in a hollowed depression that is constructed beneath decaying logs, rocks, leaf litter or moss mats in or near springs, seeps, and small streams (Petranka 1998). Each egg has a short gelatinous stalk and the stalks become twisted around each other to form a single cluster that the female broods. Mature ova average about 2-3 mm in diameter. The mean clutch size of 21 populations with mixed species that were studied by Martof and Rose (1963) varied from 8-20 eggs, while nine clutches of D. perlapsus collected by Bruce (1990) in western North Carolina contained from 8-23 eggs and averaged 14. The modal clutch sizes for two populations of D. ocoee (sensu stricto) studied by Bernardo (1994) were 12 and 16 eggs, while Tilley (1972) reported clutches of 10-19 eggs (mean = 14 eggs) for D. perlapsus and 13-24 (mean = 18) for D. carolinensis on Mt. Mitchell. Clutch size is positively correlated with female body size in this and most other Desmognathus species and increases with elevation (Petranka 1998).
Females of all members of the Mountain Dusky Salamander complexes remain with their clutches through hatching. Brooding functions to protect the embryos from predators such as carabid beetles and other salamanders. It also functions to remove dead eggs from nests, to reduce egg desiccation, and to reduce fungal attacks (Petranka 1998, Tilley 1972). Females of D. perlapsus (and presumably other members of the D. ocoee complex) will lunge at and bite certain intruders, and their aggression towards intruders increases during the brooding season as their investment in parental care increases (Forester 1983). Clutches at or near hatching have been found from August to late September. The estimated incubation periods for North Carolina populations of D. perlapsus were 57-74 days (Forester 1977) and 50-60 days (Tilley 1972), and 52-69 days for D. carolinensis on Mt. Mitchell (Tilley 1972). Embryonic survivorship from early developmental stages to hatching is near 80% in clutches examined by Tilley (1972).
Females of members of the Mountain Dusky Salamander complexes greatly reduce their food intake when brooding and appear to feed opportunistically on prey that approach the brooding sites (Forrester 1977, Martof and Rose 1963, Tilley 1972). Most females have a negative energy budget and lose weight over the brooding season. Brooding females sometimes feed on their own eggs, but the extent to which this reflects the attack of healthy embryos versus the removal of dead or diseased eggs from nests is not fully understood. Tilley (1972) found that females will preferentially eat dead eggs introduced into their clutches, but would sometimes eat healthy eggs from their own broods immediately after consuming a dead egg. Brooding females that are disturbed will consume healthy eggs from their own clutches, and hatchlings are sometimes cannibalized (Petranka 1998). Collectively, these data suggest that females regularly remove dead eggs from their clutches, but occasionally eat healthy eggs and hatchlings. Perhaps the movement of hatchlings or late-term embryos within the egg capsule stimulates hungry females to prey upon their offspring.","We currently lack information on the larval life history and ecology of D. adatsihi , but they are presumably very similar to those of other members of the D. ocoee species complex. Fully developed embryos of other members typically hatch in North Carolina in August through September. The larvae subsist on small invertebrates and the larval period last less than one year. Bruce (1989) reported that the larvae of D. perlapsus metamorphose in May and June of the following year when 11-15 mm SVL. Beachy (1995) grew larvae of D. ocoee in the laboratory at temperatures that resembled those in natural streams and found that the larval period typically lasted around 9-10 months. His experimental manipulation of food levels and water temperatures indicate that both can affect larval growth and development rates.","Members of the D. ocoee and D. ochrophaeus complexes have very similar terrestrial life histories. Although the terrestrial ecology of D. adatsihi is poorly documented, it presumably is very similar to that of other members of the mountain dusky salamander complexes. A general summary of the terrestrial life history of these follows.
After metamorphosing the young juveniles disperse from the nesting sites and move into either streamside habitats or the surrounding forest floor where they feed during the warmer months of the year. The juveniles and adults are generalist feeders that consume a wide variety of invertebrates, including many types of larval and adult insects, spiders and mites, nematodes, salamander eggs and juveniles, and shed skin (Petranka 1998). Individuals are active on the ground surface except during the coldest winter months when the adults and juveniles congregate in seepages or underground retreats.
The juveniles and adults are nocturnally active. They hide beneath cover objects or in recesses during the day, then emerge at night to feed or find mates. In the southern Appalachians individuals frequently climb plants or tree trunks on rainy nights, but are rarely encountered more than a meter or so above ground level. The adults are territorial and will actively defend space from conspecifics, particularly intruding males (Petranka 1998). Large males tend to dominate smaller males, and may bite them if the opponent does not flee when approached. Bites are often directed to the tail, and on rare instances, a portion of the tail may be lost. Population densities on rockfaces usually exceed those of streamside habitats, perhaps because of reduced predation from larger salamanders that co-occur in stream and streamside communities.
Growth rates vary depending on age, elevation, and the microhabitats frequented by the juveniles and adults. Males of two rockface populations of D. perlapsus that were studied by Tilley (1977, 1980) grew about 5-7 mm per year SVL until age 4-5, then slowly declined thereafter. The pattern was similar for females, except that their growth rates begin to decline after reaching 3-4 years of age. Individuals in western North Carolina and extreme southeastern Tennessee often become sexually mature when D. perlapsus reach sexual maturity in a stream population when 3-years old, and that females first oviposit when 4-years old. In general, the age and size at first reproduction, maximum adult size, mean clutch size, and adult survivorship tend to increase with elevation (Tilley 1977, 1980).","This southern Appalachian endemic is restricted to high-elevation sites in the Great Smoky Mountains of Tennessee and North Carolina, and the Plott Balsam Mountains of North Carolina. All genetically verified samples have been collected above 1500 m (4921’) in elevation (Pyron and Beamer, 2022). North Carolina populations could be adversely affected by future climate change, as well as the ongoing excessive atmospheric deposition of reactive nitrogen that can impair ecosystem functions and biodiversity (Walker et al., 2023).",,,,,,,,1500.0,,,aquatic_larva,larval_stage_text,streamside,1.0,streamside_seep_keywords,nc_biodiversity_amphibians,Desmognathus_adatsihi.html,7b7f663ac0ff535932ecd095563df8669ddb7ab0294c1cbe526b4b2f12691504,https://auth1.dpr.ncparks.gov/amphibians/view.php?sciName=Desmognathus+adatsihi
aeneus,Seepage Salamander,"The Seepage Salamander is a tiny, slender Desmognathus that has a yellow to reddish brown dorsal stripe that is bordered laterally by a dark band. The dorsal stripe can be either straight or wavy. Specimens often have a light porthole or patch on the dorsal surface of each thigh and a Y-shaped mark immediately behind the eyes that may continue as a faint mid-dorsal stripe or line of dots down the back (Petranka 1998). A faint herringbone pattern is often evident on the back. The venter is mottled and light colored, and the top of the head is smooth rather than being rugose as in D. wrighti . The tail is round in cross-section and comprises slightly more than half of the body length, and the toes lack cornifications. Adults vary from around 38-57 mm TL and have 13-14 costal grooves.
The hatchlings are about 6-7 mm SVL and have proportionately shorter tails and larger heads than the adults. The juveniles resemble the adults but are more brightly colored. Adult males have a small bean-shaped mental gland on the chin (Petranka 1998).",,"Seepage salamanders are most frequently encountered in mesic hardwood forests in and around seeps, small streams, or moss-covered rock faces. The juveniles and adults are most commonly found in moist leaf litter or moss mats in the immediate vicinity of small streams and seepages, and to a lesser extent in clumps of wet vegetation or beneath logs (Beane et al. 2010, Bruce 2019, Graham et al. 2012, Petranka 1998). The larval stage is essentially lacking (see below), and populations are not dependent on flowing water to complete their life cycle. However, females frequently nest in moss mats or wet litter in or near the margins of seepages or streams, and local populations are generally affiliated with these habitats. In North Carolina, this species has been found in moist areas along streams, along the banks of seepages, and adjacent to bogs or in swamp forest-bog complexes where they reside in moss mats, wet leaf litter, and rotting logs (Bruce 2019). During the warmer summer months, the juveniles and adults are usually found within 20 meters of stream margins and tend to avoid areas immediately adjacent to stream edges.","The females usually nest in or beneath clumps of mosses near seepages or streams, but may also lay their eggs beneath logs, in moist leaf litter, and in root mats (Bruce 2019, Harrison 1967, 2005, Jones 1982, Marks and Collazo 1998, Mount 1975). They sometimes aggregate in seepages where as many as 12 nests have been located in close proximity to one another (Petranka 1998). All of the egg masses found by Marks and Collazo (1998) in the Nantahala Mountains were accompanied by brooding females and were under moss mats that were growing on rotting logs in seepages or small streams.
The creamy white eggs have short pedicels that are wrapped around each other to form a grape-like cluster, and the females remain with their eggs until the embryos hatch (Bishop and Valentine 1950, Brown and Bishop 1948). The average diameters of freshly-laid ova vary among local populations from 1.9-2.7 mm, while the entire egg capsule varies from 2.4-3.0 mm in diameter (Petranka 1998).
Geographic variation in average clutch size is slight and ranges from 11-14 eggs. The number of mature ova in 34 females from the southern Appalachians ranged from 6-17, averaged 12, and was positively correlated with SVL (Harrison 1967), while the mean size of 27 clutches that were found in the field varied from 6-18 and averaged 11. Bruce (2019) found nests with 3-14 eggs in the Nantahala Mountains in North Carolina.
Females lay their eggs from April through June in Georgia, Tennessee and North Carolina (Harrison 1967, Jones 1982, Marks and Collazo 1998) and as early as February in western Alabama (Valentine 1963c). Brooding females have been found in Alabama during the spring and from July-October (Mount 1975), but females in North Carolina typically nest during the spring and early summer (Bruce 2019). Marks and Collazo (1998) found 59 egg clutches with brooding females in the Nantahala Mountains in late May and June that varied from early to late-stages of development. Hatching occurs from late May to early August in Georgia and North Carolina populations (Harrison 1967), and as early as late June in Tennessee (Jones 1982). The incubation period lasts about 6-9 weeks (Petranka 1998).","The Seepage Salamander lacks a true feeding larval stage as seen in most other dusky salamanders. The gills are either resorbed just before hatching, or are lost a few days or weeks after hatching (Harrison 1967). As such, populations are not dependent on running water to complete the larval stage and this species is best treated as being fully terrestrial (Harrison 2005). Hatchling larvae from Alabama were 10.2-12 mm TL and transformed when 11.5-14 mm TL (Valentine 1963).","The juveniles and adults live in moist leaf litter or moss mats during the warmer months of the year where they subsist on small invertebrates. They appear to be opportunistic generalists and consume a wide variety of prey (Petranka 1998). Food items that were documented by Donovan and Folkerts (1972) in Alabama and Georgia specimens included isopods, amphipods, mites, spiders, myriopods, earthworms, terrestrial snails, nematodes, shed salamander skins, numerous insects, and a conspecific. Tiny mites and collembolans are the dietary staple of seepage salamanders in a Tennessee population (Jones 1982). Other prey include nematodes, snails, isopods, various insects, millipedes, centipedes, spiders, and pseudoscorpions. Individuals appear to forage mostly beneath litter and are less likely to emerge at night to forage on the ground surface compared to conspecifics such as D. ocoee (Hairston 1987; Petranka 1998).
Hatchlings in many areas become sexually mature in 2 years after reaching 18-19 mm SVL (Harrison 1967). Many females, however, may not breed until nearly 3-years old. Males studied by Hining and Bruce (2005) in North Carolina became sexually mature when 2-3 years old, while females appeared to first oviposit when three years old.",The status of populations in North Carolina are poorly known due to the lack of long-term monitoring of populations. Populations in national forests presumably receive more protection than those on private lands due to management policies that leave forest buffers along streams.,,,,description_field,adult_tl_range,38.0,57.0,,,,,,streamside,1.0,streamside_seep_keywords,nc_biodiversity_amphibians,Desmognathus_aeneus.html,f7f8d57797efdae136afd17058a86a5f6117bbac522e7d702668149213446db9,https://auth1.dpr.ncparks.gov/amphibians/view.php?sciName=Desmognathus+aeneus
amphileucus,Nantahala Black-bellied Salamander,"Desmognathus amphileucus closely resembles other members of the Black-bellied Salamander complex and is best identified by its geographic range, its size, and certain morphological features. Like other members of the complex, it is a large, stocky Desmognathus with a black belly and usually two rows of light dots along each lower side of the body. The keeled tail is laterally compressed, and the toe tips are black and cornified. The dorsal ground color is typically black or dark brown with dull rusty or chocolate-brown blotches. Pyron and Beamer (2022) noted that the large adults are distinctive in often having a venter that is solid jet-black. The venter lacks any secondary coloration, versus the salt-and-pepper, mottled, or slaty-gray venters that commonly occur in the other members of the complex. In addition, the dorsal and lateral surfaces sometimes have a solid, vibrant chocolate-brown color with little to no patterning, versus a darker and often more mottled or faintly patterned brown or black in the other species.
In North Carolina D. amphileucus is found in the southwestern counties and is generally geographically isolated from other members of the complex. There are a few sites where it coexists with D. folkertsi in southern Macon County, and two very small contact zones with D. mavrokoilius in the northeastern portion of the range (see Pyron and Beamer, 2022). At sites where the two species are syntopic, D. amphileucus can be separated from D. folkertsi by 1) a larval forelimb length/snout-vent length ratio greater than 0.2 (versus less), 2) its larger size at metamorphosis (44–56 mm versus 60 mm versus 40 mm for D. folkertsi ), 4) its larger adult size (79–120 mm SVL versus 56–85 mm), 5) the presence of a red dorsal tail stripe in subadults (absence in D. folkertsi ), 6) occasional olive green dorsal coloration in immature specimens (absence in D. folkertsi ), 7) the absence of a discernable pattern of dorsal blotches (occasional presence in D. folkertsi ) and 8) fixed differences in several allozyme loci as well as mitochondrial and nuclear loci (Pyron and Beamer, 2022). This species also has a much larger maximum body size (up to 120 mm SVL) than the other members of the complex, and has a proportionally wider head than all species except D. folkertsi . This species are best identified in the field using the site of collection (see distribution map above).
The hatchlings are light brown and have 6-10 pairs of light spots between the limbs. Older larvae are much larger than larvae of other Desmognathus species that are not members of the Black-bellied Salamander complex, and have whitish gills and dark toe tips. The bellies of very young juveniles are whitish and acquire dark pigmentation within several months to a year after metamorphosis. Care needs to be taken to avoid confusing the young juveniles with light bellies with other Desmognathus species that have laterally compressed tails.",,"Local populations of this and other members of the Black-bellied Salamander complex are strongly associated with perennial mountain streams and stream-seepage complexes. The known habitats range from headwater tributaries and seepages to large trout streams with rapidly flowing water. Members of the complex often found in swifter current than most other Desmognathus species, and can reach high densities in small, unsilted streams with numerous rocks, cobble, and coarse woody debris (Petranka 1998). Populations are most commonly found at elevations from 490-1676 m (Hairston 1949, Organ 1961a), but may occur at lower elevations if local conditions are suitable. The adults and juveniles are typically found directly in or near flowing water, but large adults sometimes forage on the forest floor -- particularly at high-elevation sites. They are only rarely found more than 10 meters or so from a stream bank, and usually much closer when foraging on land.","Females of the Black-bellied Salamander complex typically attach their eggs singly to the undersides of rocks, stones or other support structures in tight clusters, and often in fast-flowing water that facilitates aeration. Nests have also occasionally been found above the water line in or near the streambed. The eggs can appear as a closely packed monolayer when attached to flat surfaces or as a bilayer when attached to concave or irregular surfaces (Petranka 1998). Each egg is suspended by a short elastic pedicel that is about 3 mm long and 1.5 mm in diameter. Two clutches from the Great Smoky Mountains ( D. gvnigeusgwotli ) and Nantahala Mountains ( D. amphileucus ) in North Carolina each contained several subclusters of 2-8 eggs that were attached to a common stalk (Smith et al. 1996a).
Females of the Black-bellied Salamander complex lay their eggs in May and June and the embryos hatch from July through September. Breeding records include seven clutches of either D. kanawha or D. mavrokoilius in Virginia on 22 June in early to middle stages of development (Organ 1961a), 10 nests of a mixture of D. amphileucus and D. mavrokoilius in western North Carolina between 13 June and 6 August in moderate to advanced stages of development (Pope 1924), and several clutches at or near hatching in early August that were either D. amphileucus or D. mavrokoilius (Orr and Maple 1978). Austin and Camp (1992) found eggs of D. amphileucus in May and hatchlings that were 16 mm SVL in July in a Georgia population. In most instances, females were found guarding their egg masses. Nests discovered by Pope (1924) contained from 26-38 eggs and averaged 32 eggs, while those observed by Organ (1961a) varied from 21-43 and averaged 31. Collazo and Marks (1994) reported an average of 54 eggs (52-56) for five females that oviposited in the both the field and laboratory (one after hormonal injection). As seen in other Desmognathus species, clutch size of the members of this complex is positively correlated with female SVL (Tilley 1968).","Hatchlings of the Black-bellied Salamander complex have conspicuous yolk masses and live on their yolk reserves for 1-2 months after hatching (Petranka 1998). The larvae mostly feed on small invertebrates and incorporate larger prey into the diet as they grow. Davic (1991) found that most (82%) of the diet of larval D. amphileucus consisted of aquatic prey, including mayflies, stoneflies, craneflies, chironomids, nematodes, collembolans, crayfishes, and salamander larvae. Large larvae of D. amphileucus will also eat the larvae of the Blue Ridge Two-lined Salamander in experimental settings (Beachy, 1994). Small larvae are often common in perennial seepages and under cobble and small to medium-sized rocks in first and second-order streams. Davic and Orr (1987) estimated the total densities of larval, juvenile, and adult D. amphileucus in streams in western North Carolina to be 5.6-11.7 individuals/m2 of stream bed. (Bruce (1985a) found that small larvae of D. amphileucus often drift or are displaced downstream during flood events, and older larvae tend to prevail in fast-flowing sections of higher-order streams.
The larval period of members of the Black-bellied Salamander complex typically last 2-4 years depending on elevation and local site conditions. Organ (1961a) found that larvae transformed in Virginia in August-October after a 24-26 month larval period and when 34-40 mm SVL. It is uncertain if these were D. kanawha or D. mavrokoilius since his study site was at the boundary between the ranges of these two species. Bruce (1985a) estimated the larval period of D. amphileucus in one western North Carolina population to be approximately 3 years, but local populations of D. amphileucus vary significantly in length of the larval period and size at metamorphosis (Bruce 1988a, 1989). Individuals usually metamorphose after 2-4 years of growth, but most appear to have a 3-year or 4-year larval period. At a low elevation site in Georgia, the larval period of D. amphileucus lasts nearly 3 years and larvae transform in May and June when they average 40-43 mm SVL (Austin and Camp 1992, Petranka 1998).","After metamorphosing the juveniles and adults of members of the Black-bellied Salamander complex tend to remain in stream beds, seepages, and other aquatic habitats. The juveniles often abound in seepages and headwater streams with moderate water flow and numerous small stones that serve as cover, while the adults are more likely to be found in streams under large rocks or logs, or in burrows in the streambanks (Petranka 1998).
Individuals emerge from their daytime retreats at dusk and often sit with the head and upper body projecting from burrows or cover objects where they ambush prey. Although this species is strongly associated with water, large adults often forage several meters from streams, particularly on rainy nights. Kucken et al. (1994) found that about 30% of adults of D. gvnigeusgwotli that they observed at night along a stream in the Great Smoky Mountains were > 5 m from streams and several animals were > 10 m from the stream's edge. Camp and Lee (1996) studied a population of D. amphileucus in the upper Piedmont of Georgia and found that individuals D. kanawha or D. mavrokoilius since the study was conducted in the zone of contact between these species. Bruce (1988a, 1989) estimated the minimum age at first reproduction of D. amphileucus in western North Carolina populations to be 6 years for males and 7 years for females. Age-specific survivorship is relatively constant for metamorphosed males, but increases after females reach sexual maturity (Organ 1961a).
Davic (1991) found that the highly aquatic juveniles of D. amphileucus feed primarily on aerial prey. Only 36% of prey were aquatic organisms, while the adults fed mostly on terrestrial species. Terrestrial organisms eaten by juveniles and adults include hymenopterans, lepidopterans, beetles, centipedes, and spiders. Hairston (1949) found a variety of aquatic and terrestrial insects in specimens from North Carolina including stoneflies, flies, ants, collembolans, and bugs. These appeared to specimens of D. mavrokoilius . Black-bellied salamanders in northern Georgia consumed stoneflies, mayflies, caddisflies, true flies, beetles, hymenopterans, and other salamanders (Martof and Scott 1957).
Members of the Black-bellied Salamander complex are often abundant in southern Appalachian streams and sometimes preys on conspecific larvae and juveniles. They appears to rarely take other species, including species of Eurycea , Desmognathus , and Plethodon that inhabit stream and streamside communities (Camp 1997). Bishop (1924) found four salamanders (including a Plethodon ) in five specimens that he examined, while Formanowicz and Brodie (1993) found that relatively small D. ocoee were most vulnerability to attack or injury by D. amphileucus . Owen McConnell photographed an adult D. amphileucus feeding on a Plethodon teyahalee in Graham County.","This southern Appalachian endemic occurs primarily in the Blue Ridge Mountains in southwestern North Carolina, extreme northwestern South Carolina, extreme southeastern Tennessee, and northeastern Georgia. It is a common species throughout its range and reaches its highest local densities in high-quality small streams with protected forest buffers. Many local populations are on federal lands and inhabit streams that are minimally impaired.",79.0,120.0,99.5,description_field,adult_range,,,490.0,1676.0,1083.0,aquatic_larva,larval_stage_text,streamside,1.0,streamside_seep_keywords,nc_biodiversity_amphibians,Desmognathus_amphileucus.html,58383ad2438d2525920564ac63af5fc1e9d542e3a7ba30f4e356dc1c9e7ba2e8,https://auth1.dpr.ncparks.gov/amphibians/view.php?sciName=Desmognathus+amphileucus
anicetus,Foothills Dusky Salamander,"Pyron and Beamer (2023a) characterized this newly described species as being a smaller, more slender, and more gracile species than the other species that were split off from D. fuscus , with the SVL ranging from 17–51 mm for metamorphosed individuals. The tail is rounded, long, and gradually tapered much like a mountain dusky salamander. The adults typically have a bold dorsal color-pattern that consists of 6–8 pairs of often diamond-shaped dorsal blotches that develop from larval spots, with five or six pairs between the limbs. These can be reddish, orangish, or yellowish and are sometimes fused into a continuous dorsal stripe with irregular borders. The dorsal ground color tends to be dark brown to blackish, which often creates a strong contrast between the blotches and the background. In many adults, the lateral surfaces exhibit a frosted or lichenous wash that is interspersed with dark flecking. This generates a distinct or abrupt transition to the darker dorsal coloration along the dorsolateral margin, often yielding a noticeable “two-tone” effect. This lateral coloration often extends from the venter, which frequently exhibits a similar patchy flecking of clumped dark brown and lighter marks.",,"Like many of our smaller Desmognathus species, D. anicetus is associated with headwater and lower-order streams that flow through forested coves and ravines. These habitats either lack or have low densities of predatory fishes relative to more downstream areas.",,,,"This species reaches the northern limit of its range just across the North Carolina border in southern Henderson and western Polk counties northward towards Hickory Nut Gorge. Populations in North Carolina appear to be of hybrid origin, sharing genomic ancestry with both D. campi and D. carolinensis , while still exhibiting some phenotypic similarity and phylogenetic proximity to pure D. anicetus . Populations in North Carolina constitute a separate sublineage and need additional surveys to determine their distribution and genetic composition.",,,,,,,,,,,aquatic_larva,larval_stage_text,streamside,1.0,streamside_seep_keywords,nc_biodiversity_amphibians,Desmognathus_anicetus.html,7152877e1be9e88b97bc75066c0b65385cf6b2823b56b89d36bad1414258f932,https://auth1.dpr.ncparks.gov/amphibians/view.php?sciName=Desmognathus+anicetus
aureatus,Southern Shovel-nosed Salamander,"This is our most distinctive and smallest shovel-nosed salamander, with a snout-vent-length of 34–73 mm (Pyron and Beamer, 2023). The adults lack vomerine teeth and have an overall olive-green to light brownish-olive dorsal color that is overlain with five to six large light dorsal spots on each side between the limbs (Martof, 1956a). The spots are separated by irregularly shaped blackish-brown patches, and usually have bright yellow centers. They continue onto the tail where they are somewhat brighter and tend to converge. Dark reticulations are present on the limbs and on the dorsal surface of the head. The snout is usually darker than the body, the soles of the feet are dark, and the tips of the toes are black. The two ventrolateral rows of light spots that are seen on most of our large stream-dwelling Desmognathus species are inconspicuous or absent. The ventrolateral surfaces of the tail are suffused with yellowish pigment, and the venter is primarily a deep neutral gray with a large whitish central area between the forelimbs that extends about two-thirds the distance to the vent. Martof (1962) noted that populations in northern Georgia sometimes have an unusual color morph that is whitish yellow to bright canary yellow. Some have a piebald pattern of dark pigment scattered over the body, but mostly on the distal part of the tail and on the tip of the snout. The males of this species are larger on average, have enlarged maxillary teeth, papillate cloacae (smooth in females), and an inconspicuous mental gland (Martof 1962, Petranka 1998).",,"The Southern Shovel-nosed Salamander is an almost entirely aquatic species that prefers cool, well oxygenated streams at elevations of approximately 400–1100 m (1312-3,610'; Pyron and Beamer, 2023). It is almost always found in water, and is generally more common in second and third-order streams. The adults reach their highest densities in small to medium-sized streams with broken rocks and loose gravel, but local populations can also be found in headwater streams with gentle gradients (Martof 1962, Petranka 1998). Shallow riffle areas in streams that have angular rocks, loose gravel, and moderate to fast flowing water provide ideal microhabitats for the juveniles and adults.","Martof (1962) dissected a large sample of females (N = 158) from Jarrard's Creek in North Georgia and found that females reach maturity when 55-59 mm SVL. The number of mature ova in specimens from several populations in northern Georgia was positively correlated with female SVL, with reported average clutch sizes of 42.5 eggs (range 31-65) from Jarrard's Creek (N = 21), 39.6 eggs (30-48) from the Coleman River (N = 7), and 39.5 eggs (34-45) from Reed Creek (N = 8).
Females begin laying their eggs as water temperatures rise in late spring or early summer and remain with their clutches through hatching (Martof 1962, Petranka 1998). Martof (1962) noted that the females typically deposit their eggs to the undersides of relatively large stones in the main current of a stream, and usually in situations where the surface water is rippled. The depth of water over the eggs varied from 8-36 cm, and the eggs were attached close together either singly or in groups of 2-4 to the rocks. The ova averaged 4.1 mm in diameter and were surrounded by a transparent capsule which is attached by a peduncle. Each peduncle was either directly attached to the stone or to another peduncle to produce groups of 2-4 eggs. Eight clutches from Reed Creek averaged 35.4 (27-43) eggs, and 21 from Jarrard's Creek averaged 43.7 eggs (32-54). These averages were very similar to those obtained for mature ova in dissected females from the same sites. The similarity in numbers indicate that almost all eggs are fertilized in nature and that embryonic survival to hatching is very high. Martof (1962) estimated that the embryonic period last around 2.5-3.0 months, with hatching occurring from mid-August to mid-September. The hatchlings averaged around 11 mm SVL and were blacker, slimmer, and had a more spatulate tail tip when compared to the co-occurring Nantahala Black-bellied Salamander ( D. amphileucus ). In addition, D. aureatus has light flecks that are scattered along the entire side of the body that are not present on D. amphileucus .","The hatchlings are weak swimmers and often wash downstream into pools with low current (Martof 1962). The larvae feed mostly on insects and are more active outside of cover at night. Larvae that were metamorphosing in three north Georgia populations varied from 12-33 mm SVL, with the smallest subadults ranging from 28-34 mm SVL. The average size at metamorphosis ranged from 30-33 mm SVL. At one of the more intensively studied sites, the metamorphs averaged 30-36 mm SVL across months and were present from May through October. Average size at metamorphosis declined seasonally in this population. Martof (1962) estimated that the larval period typically lasts from 10-20 months. Most larvae from clutches that are laid early in the year apparently metamorphose the following year, while those hatching late in the season requiring a second year of growth. The males become sexually mature when 43-50 mm SVL versus 55-59 mm SVL for females. Bruce (1985a) estimated the larval period to be about 3 years in a population in western North Carolina. The larvae grew 7-10 mm SVL per year and reached a maximum size of 37-38 mm SVL.
Desmognathus aureatus is one of the most aquatic of our Desmognathus species and rarely leaves the water. The juveniles remain in the stream proper where they occupy habitats similar to those of the adults. Both are frequently found beneath submerged stones in fast current and often rest during the day with their heads protruding from under stones. They often emerge after dark and move about, presumably in search of food and mates. Specimens are most abundant in shallow rapids and riffles where they sometimes exceed a density of 6 salamanders/m2 (Martof 1962).
The diet of the subadults and adults is primarily composed on insects. Martof and Scott (1957) found that mayflies, caddisflies, and true flies were the most important prey. Other prey included stoneflies, beetles, hymenopterans, crayfishes, mites, snails, and salamanders, including the Blue Ridge Two-lined Salamander ( Eurycea bislineata ) and conspecifics. The adults continue feeding through late autumn after water temperatures drop. Comparison of stomach contents with stream samples of invertebrates suggest that this species is a gape-limited, generalist, opportunistic feeder that will attempt to capture most prey it encounters. The young juveniles feed on aquatic insects like the adults, and incorporate larger prey into the diet as they grow and their gape widens. However, stoneflies with hard stone cases seem to be less preferred than soft-bodied species such as mayflies (Martof and Scott, 1957; Petranka 1998).",,"This species is a narrow southern Appalachian endemic that is restricted to the Blue Ridge Mountains of northeastern Georgia, northwestern South Carolina, and small portions of the nearby border regions of North Carolina. Although the geographic range of this species is very limited, populations can reach high densities in high-quality streams with protected watersheds. Populations in North Carolina are in relatively protected watersheds where they prefer cool, well-oxygenated streams. They are potentially vulnerable to future climate change that results in significant stream warming.",34.0,73.0,53.5,description_field,adult_range,,,400.0,1100.0,750.0,aquatic_larva,larval_stage_text,stream_aquatic,2.0,strong_stream_aquatic_keywords,nc_biodiversity_amphibians,Desmognathus_aureatus.html,72751dc0911c998177cf52d21f1d7505f036776d70c351eb70b83d2f108092dc,https://auth1.dpr.ncparks.gov/amphibians/view.php?sciName=Desmognathus+aureatus
bairdi,Piedmont Dusky Salamander,"Desmognathus bairdi is generally similar to D. lycos , but is smaller and has a more slender build, with metamorphosed specimens varying from 24–55 mm SVL. The tail is triangular in cross-section on the distal half and has a well-developed keel. The toes lack dark, cornified tips as seen in some Desmognathus species. The dorsum has a distinct brownish to dull yellowish dorsal stripe with well-defined but somewhat irregular darker borders, and the lateral surfaces have indistinct darker mottling (Pyron and Beamer 2023a). The adults often have a row of light spots or portholes along the dorsolateral region and just below the dorsal stripe. The venter has clusters of yellowish and whitish flecks against a darker ground color that produces an overall finely reticulated or granular pattern.
Desmognathus lycos is parapatric with D. bairdi at several localities in the central Piedmont. The latter species has a more slender or gracile body form relative to D. lycos . In addition, many adult specimens have a row of light-colored portholes on the dorsolateral surfaces that are not present on D. lycos . The site of collection is always useful in sorting these two species, with D. lycos in the western and central Piedmont and D. bairdi farther east. As of 2023, they have not been found to be syntopic at any site in North Carolina.",,"This species is primarily restricted to streamside habitats where it uses rocks, logs, and leaf packs for cover. It is particularly abundant in ravine-type habitats in the Piedmont and Sandhills, but can also be found in swampier environments at some localities where it is parapatric with D. valtos (Pyron and Beamer, 2023a). Most aspects of the life history are undocumented. This species is closely related to D. lycos and presumably has a very similar life history.",,,Spight's (1967) crudely estimated the density of salamanders in a spring-fed stream in Orange County to be 1.42 animals/m2 of habitat.,"This newly described species is nearly endemic to North Carolina, with a few peripheral populations in nearby South Carolina and Virginia. Populations in North Carolina are widespread in the eastern Piedmont, with more scattered populations in the Coastal Plain. Local populations can reach high densities in high-quality streams with relatively protected watersheds, which are uncommon throughout its range. The majority of local populations have likely been impacted by watershed-level disturbances from urbanization, infrastructure development, agriculture and timbering, as has been documented for D. lycos that also occurs in the Piedmont (Willson and Dorcas, 2003; Price et al. 2006, 2010). Nonetheless, local populations still appear to be relatively common throughout the range.",,,,,,,,,,,aquatic_larva,larval_stage_text,streamside,1.0,streamside_seep_keywords,nc_biodiversity_amphibians,Desmognathus_bairdi.html,6470242c29f5276e5d7ba68d8d3dc8311b742c83c61e4f77be190ba4db8f0a7b,https://auth1.dpr.ncparks.gov/amphibians/view.php?sciName=Desmognathus+bairdi
balsameus,Great Balsams Mountain Dusky Salamander,"Desmognathus balsameus is a medium-sized Desmognathus (approximately 19–47 mm SVL; n = 22) with a tail that is round in cross section along its length and shorter than the body (up to approximately 90% of the SVL; Pyron and Beamer, 2022a). Desmognathus santeetlah is the only species in its range that it might be confused with, but the latter is more aquatic and has keeling on the dorsal surface of the tail. Desmognathus balsameus exhibits a wide range of color patterning, with most individuals possessing a partially or mostly complete dorsal stripe with wavy or undulating edges. The patches are formed from the irregular invasion of melanophore patches between the remnants of paired larval spots, and are typically brownish, yellowish, or reddish against a darker lateral ground color (Pyron and Beamer, 2022a). Individuals darken with age, with individuals as small as 33 mm SVL sometimes having dark brown to blackish coloration that obscures the dorsal pattern. This species lacks cornified, dark toe tips as seen in most of the more aquatic Desmognathus species.
Males in local populations of this and other members of the ocoee complex typically average slightly larger than females and are more likely to be melanistic. Relative to females, the males have well developed premaxillary teeth and large jaw musculature. They also possess small mental glands and have a mouth line that appears sinuate when viewed from the side. The hatchlings of members of the ocoee complex vary from about 13-18 mm TL and have prominent yolk reserves. The larvae have rounded snouts, very small whitish gills, and a series of 4-6 pairs of alternating light spots along the dorsum.",,"This and other members of the D. ocoee complex that occur in western North Carolina are associated with montane forests with cool, clear-flowing headwater streams and seepages (Petranka 1998). They also inhabit wet rock faces. Brooding females and overwintering juveniles and adults congregate in aquatic habitats, but non-brooding individuals move away from aquatic habitats and live on the forest floor during the warmer months of the year. At sites where mesic conditions prevail, they can be found far from water. Desmognathus balsameus can be found from the lower valleys to the highest peaks in the the Great Balsam Mountains.","The nesting biology of members of the D. ocoee complex -- as well as D. carolinensis and D. orestes -- appear to be very similar or identical. Some of the studies that reported on the nesting biology prior to the splitting of D. ochrophaeus (sensu lato) and D. ocoee (sensu lato) into multiple species (see above) are confounded because they involved two or more species (e.g., Martof and Rose, 1963). The following provides a general summary of the nesting biology of this group of closely related species, with references to specific species where possible. Although few specifics are known about the nesting biology of D. balsameus , it is presumably very similar to the general account that is present below.
Females often move from streamside or forested habitats to their nesting sites 1-3 weeks before ovipositing. Each female lays a small grape-like cluster of eggs. These are typically placed in a hollowed depression that is constructed beneath decaying logs, rocks, leaf litter or moss mats in or near springs, seeps, and small streams (Petranka 1998). Each egg has a short gelatinous stalk and the stalks become twisted around each other to form a single cluster that the female broods. Mature ova average about 2-3 mm in diameter. The mean clutch size of 21 populations with mixed species that were studied by Martof and Rose (1963) varied from 8-20 eggs, while nine clutches of D. perlapsus collected by Bruce (1990) in western North Carolina contained from 8-23 eggs and averaged 14. The modal clutch sizes for two populations of D. ocoee (sensu stricto) studied by Bernardo (1994) were 12 and 16 eggs, while Tilley (1972) reported clutches of 10-19 eggs (mean = 14 eggs) for D. perlapsus and 13-24 (mean = 18) for D. carolinensis on Mt. Mitchell. Clutch size is positively correlated with female body size in this and most other Desmognathus species and increases with elevation (Petranka 1998).
Females of all members of the Mountain Dusky Salamander complexes remain with their clutches through hatching. Brooding functions to protect the embryos from predators such as carabid beetles and other salamanders. It also functions to remove dead eggs from nests, to reduce egg desiccation, and to reduce fungal attacks (Petranka 1998, Tilley 1972). Females of D. perlapsus (and presumably other members of the D. ocoee complex) will lunge at and bite certain intruders, and their aggression towards intruders increases during the brooding season as their investment in parental care increases (Forester 1983). Clutches at or near hatching have been found from August to late September. The estimated incubation periods for North Carolina populations of D. perlapsus were 57-74 days (Forester 1977) and 50-60 days (Tilley 1972), and 52-69 days for D. carolinensis on Mt. Mitchell (Tilley 1972). Embryonic survivorship from early developmental stages to hatching is near 80% in clutches examined by Tilley (1972).
Females of members of the Mountain Dusky Salamander complexes greatly reduce their food intake when brooding and appear to feed opportunistically on prey that approach the brooding sites (Forrester 1977, Martof and Rose 1963, Tilley 1972). Most females have a negative energy budget and lose weight over the brooding season. Brooding females sometimes feed on their own eggs, but the extent to which this reflects the attack of healthy embryos versus the removal of dead or diseased eggs from nests is not fully understood. Tilley (1972) found that females will preferentially eat dead eggs introduced into their clutches, but would sometimes eat healthy eggs from their own broods immediately after consuming a dead egg. Brooding females that are disturbed will consume healthy eggs from their own clutches, and hatchlings are sometimes cannibalized (Petranka 1998). Collectively, these data suggest that females regularly remove dead eggs from their clutches, but occasionally eat healthy eggs and hatchlings. Perhaps the movement of hatchlings or late-term embryos within the egg capsule stimulates hungry females to prey upon their offspring.","We currently lack information on the larval life history and ecology of D. balsameus , but they are presumably very similar to those of other members of the D. ocoee species complex. Fully developed embryos of other members typically hatch in North Carolina in August through September. The larvae subsist on small invertebrates and the larval period last less than one year. Bruce (1989) reported that the larvae of D. perlapsus metamorphose in May and June of the following year when 11-15 mm SVL. Beachy (1995) grew larvae of D. ocoee in the laboratory at temperatures that resembled those in natural streams and found that the larval period typically lasted around 9-10 months. His experimental manipulation of food levels and water temperatures indicate that both can affect larval growth and development rates.","Members of the D. ocoee and D. ochrophaeus complexes have very similar terrestrial life histories. Although the terrestrial ecology of D. balsameus is poorly documented, it presumably is very similar to that of other members of the mountain dusky salamander complexes. A general summary of the terrestrial life history of these species follows.
After metamorphosing the young juveniles disperse from the nesting sites and move into either streamside habitats or the surrounding forest floor where they feed during the warmer months of the year. The juveniles and adults are generalist feeders that consume a wide variety of invertebrates, including many types of larval and adult insects, spiders and mites, nematodes, salamander eggs and juveniles, and shed skin (Petranka 1998). Individuals are active on the ground surface except during the coldest winter months when the adults and juveniles congregate in seepages or underground retreats.
The juveniles and adults are nocturnally active. They hide beneath cover objects or in recesses during the day, then emerge at night to feed or find mates. In the southern Appalachians individuals frequently climb plants or tree trunks on rainy nights, but are rarely encountered more than a meter or so above ground level. The adults are territorial and will actively defend space from conspecifics, particularly intruding males (Petranka 1998). Large males tend to dominate smaller males, and may bite them if the opponent does not flee when approached. Bites are often directed to the tail, and on rare instances, a portion of the tail may be lost. Population densities on rockfaces usually exceed those of streamside habitats, perhaps because of reduced predation from larger salamanders that co-occur in stream and streamside communities.
Growth rates vary depending on age, elevation, and the microhabitats frequented by the juveniles and adults. Males of two rockface populations of D. perlapsus that were studied by Tilley (1977, 1980) grew about 5-7 mm per year SVL until age 4-5, then slowly declined thereafter. The pattern was similar for females, except that their growth rates begin to decline after reaching 3-4 years of age. Individuals in western North Carolina and extreme southeastern Tennessee often become sexually mature when D. perlapsus reach sexual maturity in a stream population when 3-years old, and that females first oviposit when 4-years old. In general, the age and size at first reproduction, maximum adult size, mean clutch size, and adult survivorship tend to increase with elevation (Tilley 1977, 1980).","Desmognathus balsameus is restricted to the Great Balsam Mountains of western North Carolina southeast of Balsam Gap. It occurs at elevations above approximately 1000 m (3281’) and primarily in Haywood, Jackson, and Transylvania counties (see distribution map above). North Carolina populations could be adversely affected by future climate change, and the ongoing excessive atmospheric deposition of reactive nitrogen that can impair ecosystem functions and local biodiversity (Walker et al., 2023).",,,,,,,,1000.0,,,aquatic_larva,larval_stage_text,streamside,1.0,streamside_seep_keywords,nc_biodiversity_amphibians,Desmognathus_balsameus.html,9986294b6002e7435916d1aaaaa8c01c32c42baf811943750e5e2405d62e9db4,https://auth1.dpr.ncparks.gov/amphibians/view.php?sciName=Desmognathus+balsameus
campi,Savannah Dusky Salamander,"Pyron and Beamer (2023a) noted that this is a relatively small and slender species relative to other members of the D. fuscous complex such as D. lycos , with the juveniles and adults ranging from 17–57 mm SVL. The adults have 6–8 pairs of dorsal blotches that extend from the head region to the rear legs before ending on the proximal third of the tail. The blotches often have a well-defined diamond shape that represents the remnants of the larval spots, and are typically brownish, orangish, reddish, or yellowish. The lateral coloration along the sides is typically medium to dark brown, while the ventral coloration consists of a finely reticulated or grainy pattern produced from irregular clusters of whitish and brownish flecks. The distal half of the tail is keeled or noticeably compressed laterally in most lowland populations in Georgia and South Carolina, but is more rounded in montane populations in headwater streams of the Blue Ridge. Populations in North Carolina have rounder tails and can be difficult to distinguish from nearby populations of D. anicetus , D. balsameus and D. perlapsus .",,"Pyron and Beamer (2023a) reported that Piedmont and Coastal Plain populations are primarily found in ravines and similar lower-order stream habitats, generally with permanently flowing water and rocky or gravelly substrates. In Coastal Plain localities where these streams flow into bottomland swamps, individuals can be encountered in blackwater swamp-muck microhabitats like those occupied by geographically adjacent populations of Desmognathus auriculatus and D. valtos .",,,,"According to Pyron and Beamer (2023), most populations are found in the Altamaha-St. Marys, Ogeechee-Savannah, and western Edisto-Santee River drainages in the Atlantic Coastal Plain of western South Carolina and eastern Georgia. A geographically-limited group of headwater populations in Transylvania County, North Carolina in the Upper Tennessee River drainage represent a distinct phylogeographic sublineage of potentially hybrid origin. This species is generally found below 900 m (2953') in elevation. At present, there are only two known populations that are restricted to Transylvania County.",17.0,57.0,37.0,description_field,mixed_stage_range,,,,900.0,,aquatic_larva,larval_morphology_description,streamside,1.0,streamside_seep_keywords,nc_biodiversity_amphibians,Desmognathus_campi.html,456dbb853723816dcb5e9195dd83af1b59272deba54a0f310489105317e484f6,https://auth1.dpr.ncparks.gov/amphibians/view.php?sciName=Desmognathus+campi
carolinensis,Carolina Mountain Dusky Salamander,"Desmognathus carolinensis is indistinguishable in terms of external coloration, patterning and morphology from members of the D. ocoee complex and D. orestes . These species have mutually exclusive ranges and are best identified based on the geographic locality of the collection site. All are medium-sized Desmognathus with tails that are unkeeled, slightly longer than the body, and typically rounded or oval-shaped in cross-section on the proximal half. The distal half can vary from being rounded to more laterally compressed towards the tip depending on the age and condition of an individual. The toe tips lack cornifications as seen in some of the more aquatic Desmognathus species. The adults vary from about 7-11 cm TL and average slightly longer than the females.
The dorsal patterning of these species is highly variable and ranges from straight-edged stripes to wavy blotches. These vary markedly in coloration, but are commonly greenish gray, light brown, rusty red, yellowish brown or bright red. The venter is light colored in young animals, but becomes light gray to grayish black with age. Juveniles and young adults tend to have relatively bright coloration that darkens with age. Older adults in high elevation populations are usually melanistic and are often dark gray to brownish gray with reduced dorsal patterning. Males in local populations average from 10-20% larger than females and are more likely to be melanistic (Petranka 1998). Relative to females, the males have well developed premaxillary teeth and large jaw musculature. They also possess small mental glands and have a mouth line that appears sinuate when viewed from the side.
The hatchlings vary from about 13-18 mm TL and have prominent yolk reserves. The larvae have rounded snouts, very small whitish gills, and a series of 5-6 pairs of alternating spots along the dorsum. These may be absent or very faint in individuals that develop straight dorsolateral lines as adults (Petranka 1998).",,"This and other members of the D. ochrophaeus complex that occur in western North Carolina are associated with montane hardwoods with cool, clear-flowing headwater streams and seepages (Petranka 1998). They also inhabit wet rock faces. Brooding females and overwintering juveniles and adults congregate in aquatic habitats, but non-brooding individuals move away from aquatic habitats and live on the forest floor during the warmer months of the year. At sites where mesic conditions prevail, they can be found far from water. At lower elevations, individuals tend to remain in the immediate vicinity of seeps and streams (Beane et al. 2010, Petranka 1998).","Females deposit their eggs in small grape-like clusters in hollowed depressions that are constructed beneath cover. They can be found beneath rocks, decaying logs, leaf litter, and in moss mats and debris within or in the immediate vicinity of springs, seeps, and small streams (Martof and Rose 1963, Tilley 1973b). Each egg has a short gelatinous stalk and is attached to a common attachment point to form a cluster. The mature ova are typically no more than 2.9-3.2 mm in diameter (Petranka 1998). The females often gather in large congregations in seepages or other wet microhabitats and construct their nests within a few centimeters or decimeters of each other (Tilley 1973b). The clutch sizes of eight populations studied by Tilley (1973a) averaged from 13-26 eggs, while two populations studied by Martof and Rose (1963) averaged 12.5 and 28 eggs per clutch. Clutch size is positively correlated with female body size and increases with elevation (Tilley 1973a).
Females stay with their clutches through hatching. They will aggressively defend the embryos from predators and remove dead eggs from the nests. Their presence also helps to reduce egg desiccation and fungal attacks (Tilley 1972). Tilley (1972) reported a 12% weight loss in brooding females over a 1-month period, much of which was probably due to desiccation and compromised feeding opportunities.
The seasonal time of oviposition varies between regional populations. Populations studied by Tilley (1973b) at high elevations oviposited from 20 May-10 July compared to 1 June-30 July for low elevation populations. Tilley and Tinkle (1968) and Tilley (1973b) found females brooding hatchlings in early March in western North Carolina, which suggests that some females oviposit in winter. The time of hatching varies markedly depending on the egg-laying schedule of females in local populations (Petranka 1998). Tilley (1973b) found hatchlings with yolk in both late summer and in early March in North Carolina, although in any population hatching occurs either in the spring or in late summer and early autumn. Embryos that hatch in the spring may be from females that oviposited in late autumn and overwintered with their clutches. Most embryos appear to hatch in August and September (Tilley 1972) and the incubation period is 58-69 days (Tilley 1972, 1973b).","The larvae live in seepages, in slow sections of headwater streams, and on wet rockfaces, often in very shallow water. The larval period typically lasts 2-8 months depending on the time of oviposition and elevation. Hatchlings from eggs laid in the late winter or early spring transform in 2-3 months, while those from eggs laid in the summer may overwinter and transform 4-8 months later (Tilley 1973b). Published dietary studies of larvae are not available, but the larvae presumably feed on small invertebrates such as midge larvae.","The juveniles and adults congregate in moist underground retreats such as seepages and headwater streams and streambanks during the winter months. With the onset of warmer seasonal weather most disperse to the surrounding forest except for nesting females that remain in close proximity to running water (Tilley 1973b). Individuals may move 40 m or more into the adjoining forests and can reach high densities in streamside habitats (Petranka and Smith 2005). Petranka and Murray (2001), for example, estimated densities to be 1.07 salamanders/m2 on the forest floor in a mesic cove forest in western North Carolina.
The terrestrial adults spend much of the warmer months of the year foraging and seeking mates. They are aggressive and will actively defend their territories from conspecifics. Both the juveniles and adults are nocturnally active and remain beneath cover objects or in recesses in rockfaces during the day. Individuals emerge with the onset of darkness and actively move about in search of prey or mates. On overcast days a small percent of animals may be active outside of cover (Hairston 1949). Individuals are most active on the surface during periods of wet weather and retreat beneath cover objects during dry periods. Carolina Mountain Dusky Salamanders frequently climb plants and tree trunks during rainy weather or when conditions are moist. They sometimes perch up to a meter or more above the ground on low-lying vegetation such as ferns or woodland herbs.
The juveniles and adults appear to be generalist feeders that feed primarily on invertebrates. The known prey include snails, earthworms, beetles, flies, and a variety of other terrestrial arthropods (Hairston 1949, Petranka 1998). Female D. carolinensis sometimes feed on their own eggs and hatchlings. Although they will preferentially eat dead eggs introduced into their clutches, they occasionally eat healthy eggs from their own broods immediately after consuming a dead egg (Tilley 1972). Hatchlings are sometimes cannibalized, and in some instances females of this and other members of the D. ochrophaeus complex appear to eat their own young (Petranka 1998).
Growth rates vary depending on age, elevation, and the microhabitats used by the adults. Juveniles grow about 8-10 mm SVL per year in most populations, and age and size at first reproduction, maximum adult size, mean clutch size, and adult survivorship all increase with elevation (Tilley 1973a). The median size at first reproduction increases with elevation from 32-34 mm SVL in low elevation populations to 40-42 mm SVL in high elevation populations (Tilley 1973a). Differences in size at maturity, growth rates, and mean clutch size also have been documented between rockface and woodland populations at the same locality (Tilley 1974). These may reflect differences in food availability between rock face and woodland habitats, but genetic causes cannot be ruled out. Individuals probably do not live for more than 10-11 years in the wild.","Desmognathus carolinensis is often one of the most common species in the Appalachian Mountains in mesic cove forests and on rich slopes. Many lower-elevation populations have been lost due to the conversion of land to pastures, agricultural fields, and urban development. However, in general this species is abundant within its range and in minimal need of protection.",,,,description_field,adult_tl_range,70.0,110.0,,,,aquatic_larva,larval_stage_text,streamside,1.0,streamside_seep_keywords,nc_biodiversity_amphibians,Desmognathus_carolinensis.html,9cb336a99b371b4a84d46c192ed0f7ece67bb4b783e92ae937408ed0adc0080d,https://auth1.dpr.ncparks.gov/amphibians/view.php?sciName=Desmognathus+carolinensis
conanti,Spotted Dusky Salamander,"The Spotted Dusky Salamander is a medium-sized and somewhat robust Desmognathus . There are 14 costal grooves and the adults range from 6-13 cm TL. The basal half of the tail is laterally compressed and somewhat triagonal in cross-section, while the terminal half is strongly laterally compressed, triagonal in cross-section, and keeled. Depending on the locale, individuals can range from being rather uniformly dusky or yellowish brown above to being boldly marked with dorsal patterning. Older larvae and young juveniles often have a series of 5-8 dorsal blotches or spots between the front and rear limbs that continue on to the tail, but these become partially fused or develop into a poorly-defined wavy dorsal stripe with age. Older adults may show evidence of having remnants of the dorsal spots and blotches, but others tend towards becoming melanistic and are dark above with little spotting. The venter is cream-colored, with some inividuals having darker speckling, peppering, or reticulated patterning concentrated near the ventro-lateral margins. The underside of the tail of some individuals may have a faint yellowish wash, and the toe tips lack cornifications. As with other Desmognathus , a light line extends from the eye to the angle of the jaw. Adult males have mental glands, enlarged premaxillary teeth, and papillose cloacal lips. This species is variable and can be confused with other Desmognathus . The range, along with the triangular tail, the absence of cornified (dark) toe-tips, and general size and patterning are helpful in identifying specimens in the field.",,"The Spotted Dusky Salamander is a semi-aquatic species that is associated with seeps and small streams in many areas of the range (Beane et al. 2010, Tilley and Hugheey 2004). In North Carolina they are confined to lower elevations in the Blue Ridge and can be found in or along the margins of small streams with rocks, logs, mosses and other cover. In the Coastal Plain, D. conanti is sometimes found around the margins of swamps and sluggish, muddy streams (Mount 1975).","Females lay their eggs beneath rocks, moss mats, or other cryptic microhabitats in or near aquatic sites, often in a constructed depression in the soil that is beneath a cover object. The eggs are deposited in a globular or grape-like cluster that is often suspended to the roof of a cavity or attached to mosses or fibers. The nests are typically located no more than 1-2 meters from the stream edge. Hom (1988) found that females on Chihowee Mountain in eastern Tennessee breed annually and preferred rocks as cover, except during the nesting season when they moved from streams onto stream banks and nested in moss clumps. Jones (1986) found 25 clutches with brooding females during the summer months in the Unicoi Mountains that straddle the NC-TN line. Most were under rocks along the banks of streams or seepages, and most were in contact with the soil. A smaller number were beneath moss mats. All were within 1 meter of the water's edge, and most females appeared to breed annually.
Females brood their eggs through hatching. Hom (1987) reported that 9 of 157 egg clusters in eastern Tennessee did not have attending females and all suffered complete mortality. She estimated a median incubation period of 47 days. The eggs have been found from mid-July to mid-October in Alabama with clutches containing from 13-24 eggs per nest (Mount 1975). Jones (1986) found an average of 23 mature ova (range = 8-37) in 73 gravid females from the Unicoi Mountains of Graham Co., and clutch size increased with female SVL. Hom (1987) also found a positive correlation between female SVL and the number of eggs in nests. Most females in eastern Tennessee oviposit from late June through early August (Hom 1987, Jones 1986). Reproductive success was low in Tennessee populations studied by Hom (1987). The percent of nests in which at least one embryo survived to hatching varied from 24-49% among years and large females hatched a greater percentage of their eggs than small females.","Jones (1986) found that larvae begin to hatch by mid-September. Growth is very slow, and the larvae appear to metamorphose about a year later after growing only a few mm in SVL.","The juveniles and adults feed predominantly on terrestrial or semiterrestrial invertebrates and appear to be generalists that eat a wide variety of invertebrate prey. As individuals grow, they incorporate larger prey into the diet, but continue to consume large numbers of small prey (Sites 1978). Individuals in western Tennessee fed on terrestrial insects during late summer and early autumn, but showed a tendency to shift towards isopods and other aquatic insects during the spring (Sites 1978). Tiny prey 35 mm SVL) in a population in Georgia moved beneath ground during the winter, with the lowest surface densities occurring in March. Densities were highest in June and July (maximum = 1.12 salamanders/m2) when larvae were metamorphosing, then stabilized at around 0.50/m2 until early autumn. Gravid females were abundant in late-spring, but disappeared by late-July when they presumably moved to nesting sites below the surface. Nocturnal population estimates always exceeded the diurnal estimates and reached a peak of 2.48 salamander/m2 in early July.","This is a widespread species in the eastern U.S. that extends into southeastern Tennessee and adjoining Graham County in North Carolina. Additional populations appear to be present in Cherokee, Clay, and Macon counties, but these need to be confirmed with additional collecting and identification using molecular markers.",,,,description_field,adult_tl_range,60.0,130.0,,,,aquatic_larva,larval_stage_text,streamside,1.0,streamside_seep_keywords,nc_biodiversity_amphibians,Desmognathus_conanti.html,31b3ea6c50490c667909b117e7e6986217ecdad4e2394c5b83b3850964dd7ea1,https://auth1.dpr.ncparks.gov/amphibians/view.php?sciName=Desmognathus+conanti
folkertsi,Dwarf Black-bellied Salamander,"Desmognathus folkertsi resembles a miniature version of our other Black-Bellied Salamander species. It is a moderately large member of the genus, with adult males ranging in size from 58–85 mm SVL and adult females from 56–76 mm SVL. A large series of adult males from the type locality varied from 58-81 mm SVL and averaged 71 and 73 mm for two yearly samples (Camp and Marshall 2006). Adult females were smaller on average (65 and 67 mm between years), and varied from 56-75 mm SVL.
The dorsum is dark brown and blackish with variable patterning. Individuals vary from having irregular or alternating brown blotches to having the brown coloration dispersed in a fashion that causes the black to appear as vermiculate markings on a brown background (Camp 2004). The venter is black and the margin of the vent is white. A tan to russet stripe runs from the eye posteriorly to the angle of the jaw, and there are two regular rows of white or pale-yellow spots associated with lateral-line pores that extend along the sides. Fourteen costal grooves are present between the limbs. Newly metamorphosed juveniles are similar to adults, but they have white venters, and the dorsum of the tail, especially at the base, may be reddish. Any red on the tail disappears shortly after metamorphosis. New metamorphs range from 33.7–39.0 mm SVL. The larvae have not been described. Young juveniles have whitish venters that begin developing black pigmentation when around 37-40 mm SVL, and may have fully black venters shortly before reaching sexual maturity.
This species has a very limited range in North Carolina (see map above), and the juveniles and adults can be distinguished from co-occurring D. amphileucus using molecular markers, as well as body size, coloration, and body proportions (Camp 2004). Where the two occur in sympatry, adult female SVL does not overlap (56–76 mm in D. folkertsi ; 81–102 mm in D. amphileucus and overlap in adult male SVL is slight (58–85 mm and 79–120 mm in D. folkertsi and D. amphileucus , respectively). In the range of overlapping sizes for preserved males, young adult D. amphileucus can be distinguished from old adult D. folkertsi by having single-lobed testes, whereas the latter have at least three lobes per testis. Newly metamorphosed individuals of both species have white venters that darken with age. Newly metamorphosed D. folkertsi have SVLs D. amphileucus range from 44–56 mm SVL. Fully black-ventered D. folkertsi may be as small as 40 mm SVL. In contrast, no sympatric D. amphileucus have completely black venters until they reach at least 60 mm SVL.
Striping on the tail is helpful in separating the juveniles. Immature D. amphileucus have a dorsal red stripe on the tail for several years following metamorphosis that often persists in subadults. The red disappears from the tails of D. folkertsi within a few weeks after metamorphosis. Immature D. amphileucus also often have an olive-green dorsum, which is never evident in D. folkertsi . Finally, most D. amphileucus do not have a dorsal pattern of defined brown blotches, while many D. folkertsi do.",,"This species is primarily aquatic or semiaquatic and can be found in high gradient, rocky streams similar to those preferred by D. amphileucus (Camp and Tilley 2005).","Camp and Marshall (2006) believed that the females oviposit during May or June based on the seasonal progression in the sizes of developing ova. Clutch size was positively correlated with female SVL, and varied from 23–62 ova (average = 38 and 41 eggs for two yearly samples). Pierson (2012) found two nesting females in Georgia on 22 July with eggs in early developmental stages. The yellowish-white eggs were attached in a monolayer to the undersides of small, flat rocks in a first-order stream. Both nests were guarded by females, and one contained 29 eggs. When examined on 28 August the embryos had hatched and the females were no longer present.","The larvae often coexists with those of D. amphileucus and are not readily distinguishable from the latter. As such, many aspects of the larval diet and ecology are largely undocumented. Camp et al. (2002) estimate the larval period to last around two years based on larval size classes, with metamorphosis occurring primarily in July-September (Camp and Marshall 2006).","The juveniles and adults reside under cover objects and in leaf packs within streams or along stream margins. The juveniles often wander at night, but the adults tend to remain in refugia at night with only their heads or the anterior parts of their bodies exposed where they ambush passing prey (Camp and Tilley 2005). The diet is poorly documented, but adult water bugs (Hemiptera) and crane-fly larvae are known prey (Camp and Tilley 2005). The juveniles appear to require two years to reach sexual maturity (Camp and Marshall 2006). Females require about 16 months for their ova to fully develop, which suggests that they either breed biennially or irregularly, with one or more years skipped before ovipositing again.",,,,,,,,,,,,aquatic_larva,larval_stage_text,,,,nc_biodiversity_amphibians,Desmognathus_folkertsi.html,7dc8c2d1ee23bde0ccea97fadff094008f396da6863906745afbb22a0e746480,https://auth1.dpr.ncparks.gov/amphibians/view.php?sciName=Desmognathus+folkertsi
fuscus,Northern Dusky Salamander,"The Northern Dusky Salamander is a medium-sized Desmognathus that is rather nondescript. The basal third of the tail is laterally compressed and the apical half is keeled and triagonal in cross-section. There are 14 costal grooves, and the toe tips lack cornifications. Adults in many areas of the range have a relatively uniform, light dorsal stripe with a wavy or scalloped darker edge that extends onto the anterior portion of the tail. The dorsal stripe often has small, dark markings and is commonly dull yellowish brown, olive brown, or dark brown in the adults. The top of the tail is often reddish, particularly on the basal third or half. Old adults are often melanistic and are dark above with little spotting. The side of the body is lightly mottled and dusky. The venter is cream-colored overall and the melanophores are clumped to produce a mottled or salt-and-peppered pattern that becomes more conspicuous as individuals age. Adults range from 6-14 cm TL, and the maximum size of males exceeds that of females. Adult males have mental glands, enlarged premaxillary teeth, and papillose cloacal lips. The cloacal lips of the females have smooth folds.
The hatchlings range in size from about 8-12 mm SVL and 12-20 mm TL and have prominent yolk sacks and whitish gills. Young larvae and many juveniles have a series of 5-8 dorsal blotches or spots between the front and rear limbs that continue on to the tail. Blotches and spots are separate in hatchlings, but become partially fused or develop into a dorsal stripe in the older larvae, juveniles, and adults (Petranka 1998).
In North Carolina, D. fuscus is restricted to our northwestern counties and mostly to the Blue Ridge and Blue Ridge Escarpment. It can be confused with other Desmognathus species that it shares stream and streamside habitats with, but note the partially keeled and triangular tail that eliminates our terrestrial montane species such as D. orestes and D. organi (both have rounded tails), and the absence of black, cornified toe-tips which eliminates semiaquatic and aquatic species such as D. Kanawha , D. monticola , D. mavrokoilius which have dark toe-tips. Pyron and Beamer (2023a) noted that it can also generally be distinguished from D. lycos based on color pattern, with adults typically possessing a wavier or more fragmented dorsal stripe (versus a straighter line in D. lycos ), less obvious differentiation between the dorsal and lateral coloration (versus a clear separation and two-toned appearance in D. lycos ), a more drab appearance in larger adults (versus frequently bold dark or orangish-brown washes on the dorsal surface of the body and tail), and a more granular or speckled ventral color pattern of yellowish, whitish, and bluish flecks (versus paler white with scattered and small dark speckles invading from the lateral margins in D. lycos ).",,"The Northern Dusky Salamander is semi-aquatic and lives in springs, seeps, and streams in both wooded ravines and bottomland forests (Petranka 1998). The eggs are laid in or near seepages and small streams, and the larvae are aquatic. Rocky streams in forested, protected watersheds with minimal siltation provide optimal habitats for this species.","The females nest in or along the edges of streams and seepages and lay their cream-colored to whitish eggs in globular or grape-like clusters. A female will often construct a small depression beneath a cover object before laying her eggs. The freshly laid eggs have ova that are 2.5-3.5 mm in diameter and are surrounded by three envelopes. The outer envelop of each egg is drawn out into a short stalk that is attached either to support structures or other eggs or stalks. Females attach their eggs to the undersides of rocks in streams, in cavities in stream banks, and under rotting logs, in leaf mats, or in clumps of moss near the stream edge (Petranka 1998). Snodgrass et al. (2007) found that females in a Maryland watershed were most likely to nest in headwater habitats with narrow stream channels. The eggs in this study were laid in stream banks 1-88 cm from the water's edge, and were often placed in areas where the stream section was relatively wide and deep. The hatchlings of females that nest in headwater sections of streams generally suffer little or no predation by fishes and are less likely to drift downstream into fish-filled habitats.
Females coil about their eggs when brooding and will aggressively defend their nests from conspecifics (Dennis 1962). The eggs are laid in late spring or early summer and the embryos typically hatch about 6-8 weeks after egg laying. Mean clutch size differs among local populations, but the nests typically have 20-35 eggs (Petranka 1998). Examples of reported clutch sized include 5-33 eggs per nest in nine nests in Massachusetts (Wilder 1913), 22-34 eggs per nest in 44 Pennsylvania nests (Pawling 1939), and an averaged of 26 eggs in seven nests in Ohio (Wood and Fitzmaurice 1948). The means for six Maryland populations studied by Danstedt (1975) range from 24-33 ova. Clutch size was positively correlated with body size in all six of these populations, but mean egg size did not differ significantly.
Brooding females often eat their own and other females' eggs (Petranka 1998), but the extent to which females eat live embryos is not fully understood. Eating dead eggs would be adaptive since these are often attacked by microorganisms that can spread and destroy viable embryos. Bauldauf (1947) found one female which had consumed three eggs with viable embryos. Since the female had mature ovarian eggs she clearly ate the eggs of another female. A female maintained by Bishop (1941) in the laboratory consumed her entire clutch.","The hatchlings have large amount of yolk stores that may take over 2 months to absorb (Orr and Maple 1978), but they begin feeding on tiny prey long before absorption is complete (Montague 1979; Wilder 1913). The larvae feed on small prey such as copepods, chironomid larvae, plecopteran nymphs, collembolans, mites, and fingernail clams (Burton 1976, Wilder 1913). Larvae in four populations in northeastern Kentucky and southern Ohio grew very little during the fall and winter following hatching (Juterbock 1990). Growth rates accelerated beginning in mid to late April and continued until larvae metamorphosed in June or July after about a 9-month larval period. In general, larvae in southern populations studied by Juterbock (1990) grew faster, transformed slightly sooner, and were larger at metamorphosis than larvae farther north where conditions were cooler.
Size at metamorphosis varies among local and regional populations and ranges from 9-20 mm SVL. Most larvae transformed when 15-20 mm SVL in Juterbock's (1990) study in northeastern Kentucky and southern Ohio. Transforming larvae were collected in Massachusetts in June after 8-10 months of growth (Wilder 1913), while larvae in Maryland transformed in late spring and early summer when 9-12 months old (Danstedt 1975). Those at relatively high-elevations in southwestern Virginia transformed in July-October after 11-14 months of growth (Organ 1961a).","The juveniles and adults are active on the ground surface at night during the warmer months of the year, particularly during the first hour after dark when prey are most active (Holomuzki 1980). They move into underground retreats during the winter where they occasionally take prey (Petranka 1998). Adults studied by Ashton (1975) in Kentucky moved into winter retreats that were 12-25 cm deep and occasionally gathered in dense aggregates.
The juveniles and adults feed predominantly on terrestrial or semiterrestrial invertebrates and incorporate larger prey into the diet as they grow (Petranka 1998). Salamanders from eastern Kentucky consumed terrestrial and aquatic insects, centipedes, amphipods, spiders, and snails (Barbour and Lancaster 1946). Individuals in north-central Tennessee fed on terrestrial insects during late summer and early autumn, but switched to feeding on isopods and other aquatic insects during the spring (Sites 1978). Lepidopteran larva and adult and larval flies were the most important prey in a Pennsylvania population (Krzysik 1979), while individals in New Hampshire populations consumed a variety of aquatic and terrestrial invertebrates, particularly flies and beetles (Burton 1976). Large adults occasionally cannibalize both the larvae and juveniles (Petranka 1998). Hamilton (1943) found D. fuscus larvae in adults he uncovered in underground winter retreats in New York, and Wilder (1913) found Desmognathus larvae that were likely conspecifics in the stomachs of two adults collected in the field. Brooding females have greatly reduced foraging rates relative to nonbrooding animals (Krzysik 1980, Montague and Poinski 1978), which explains why in many populations they breed every other year.
Growth rates are fairly constant during the first 3-4 years of life then begin to slow. The juveniles grow about 9-10 mm SVL per year, and most males and females in Ohio, Kentucky, Maryland, Pennsylvania, and Virginia become sexually mature when 38-44 mm SVL (Petranka, 1998). Males in some populations can become sexual maturity in as little as 2 years after hatching (Danstedt 1975, 1979), but females typically require an additional year to mature and yolk their first clutch. At high elevation sites in southwestern Virginia males become sexually mature when 3.5 years old (Organ 1961a). Females require an additional year and first oviposit when 5 years old.
Dusky salamanders can reach relatively high densities in protected streams that have not been impacted by timbering, siltation, or pollution. It is not uncommon to have densities of 1-2 animals/m2 in optimal habitats (Petranka 1998). Danstedt (1979) estimated the densities of two populations in the Piedmont of Maryland and Virginia as 2.8 and 0.4 salamanders/m2. Individuals are rather sedentary and marked individuals rarely move more than a few meters between captures. Estimates of the sizes of home ranges include 25-114 m2 in a Kentucky population (Barbour et al. 1969), an average of 1.4 m2 in an Ohio population (Ashton 1975), and < 3 m of stream length in a Pennsylvania stream (Barthalmus and Bellis 1972).",,,,,description_field,adult_tl_range,60.0,140.0,,,,aquatic_larva,larval_stage_text,streamside,1.0,streamside_seep_keywords,nc_biodiversity_amphibians,Desmognathus_fuscus.html,201c4a793469a7f27213f29a0029965141eba26976762b552430057c167a1c2e,https://auth1.dpr.ncparks.gov/amphibians/view.php?sciName=Desmognathus+fuscus
gvnigeusgwotli,Cherokee Black-bellied Salamander,"Desmognathus gvnigeusgwotli closely resembles other members of the Black-bellied Salamander complex and cannot be reliably separated using external coloration or patterning. It can be identified using molecular markers and has a set of unique mitochondrial haplotypes and fixed differences at numerous mitochondrial and nuclear loci (Pyron and Beamer, 2022). It is best identified in the field using its geographic range and the site locality (see distribution map above). This species is mostly restricted to the Great Smoky Mountains, but there are a few isolated records from the Unicoi, Great Balsam and Bald Mountains (Pyron and Beamer, 2022). Specimens from outside of the Great Smoky Mountains need to be identified using genetic markers since they may coexist with other members of the complex. Populations within the Great Smoky Mountains can usually be assigned to this species based on locality, but there is a narrow contact zone with D. mavrokoilius in the northeastern edge of the Great Smoky Mountains in extreme northern Haywood County where genetic identification may be required. Like other members of the Black-bellied Salamander complex, D. gvnigeusgwotli is a large, stocky Desmognathus with a black belly and usually two rows of light dots along each lower side of the body. The keeled tail is laterally compressed, and the toe tips are black and cornified.
This species is intermediate in size between other members of the complex, with the largest adults reaching around 100 mm SVL. Pyron and Beamer (2022) noted a tendency for a more distinctive separation between paler regions on the limbs, head, lips and tail. This often produces a ‘two-toned’ impression, particularly when specimens are viewed with lights at night. In terms of color pattern, D. gvnigeusgwotli is generally indistinguishable from D. amphileucus , but typically exhibits some differentiation of lateral and dorsal color pattern. It also usually has some grayish or salt-and pepper mottling on the ventral surfaces versus a more frequent solid jet-black venter as seen in D. amphileucus . Very large adults are often uniformly dark above and below.
The hatchlings are light brown and have 6-10 pairs of light spots between the limbs. Older larvae are much larger than larvae of other Desmognathus species that are not members of the Black-bellied Salamander complex, and have whitish gills and dark toe tips. The young juveniles have a light venter that turns black with grayish or salt-and-pepper mottling within the first year after metamorphosing.",,"Local populations of this and other members of the Black-bellied Salamander complex are strongly associated with perennial mountain streams and stream-seepage complexes. The known habitats range from headwater tributaries and seepages to large trout streams with rapidly flowing water. Members of the complex often found in swifter current than most other Desmognathus species, and can reach high densities in small, unsilted streams with numerous rocks, cobble, and coarse woody debris (Petranka 1998). Populations are most commonly found at elevations from 490-1676 m (Hairston 1949, Organ 1961a), but may occur at lower elevations if local conditions are suitable. The adults and juveniles are typically found directly in or near flowing water, but large adults sometimes forage on the forest floor -- particularly at high-elevation sites. They are only rarely found more than 10 meters or so from a stream bank, and usually much closer when foraging on land.","Females of the Black-bellied Salamander complex typically attach their eggs singly to the undersides of rocks, stones or other support structures in tight clusters, and often in fast-flowing water that facilitates aeration. Nests have also occasionally been found above the water line in or near the streambed. The eggs can appear as a closely packed monolayer when attached to flat surfaces or as a bilayer when attached to concave or irregular surfaces (Petranka 1998). Each egg is suspended by a short elastic pedicel that is about 3 mm long and 1.5 mm in diameter. Two clutches from the Great Smoky Mountains ( D. gvnigeusgwotli ) and Nantahala Mountains ( D. amphileucus ) in North Carolina each contained several subclusters of 2-8 eggs that were attached to a common stalk (Smith et al. 1996a).
Females of the Black-bellied Salamander complex lay their eggs in May and June and the embryos hatch from July through September. Breeding records include seven clutches of either D. kanawha or D. mavrokoilius in Virginia on 22 June in early to middle stages of development (Organ 1961a), 10 nests of a mixture of D. amphileucus and D. mavrokoilius in western North Carolina between 13 June and 6 August in moderate to advanced stages of development (Pope 1924), and several clutches at or near hatching in early August that were either D. amphileucus or D. mavrokoilius (Orr and Maple 1978). Austin and Camp (1992) found eggs of D. amphileucus in May and hatchlings that were 16 mm SVL in July in a Georgia population. In most instances, females were found guarding their egg masses. Nests discovered by Pope (1924) contained from 26-38 eggs and averaged 32 eggs, while those observed by Organ (1961a) varied from 21-43 and averaged 31. Collazo and Marks (1994) reported an average of 54 eggs (52-56) for five females that oviposited in the both the field and laboratory (one after hormonal injection). As seen in other Desmognathus species, clutch size of the members of this complex is positively correlated with female SVL (Tilley 1968).","Hatchlings of the Black-bellied Salamander complex have conspicuous yolk masses and live on their yolk reserves for 1-2 months after hatching (Petranka 1998). The larvae mostly feed on small invertebrates and incorporate larger prey into the diet as they grow. Davic (1991) found that most (82%) of the diet of larval D. amphileucus consisted of aquatic prey, including mayflies, stoneflies, craneflies, chironomids, nematodes, collembolans, crayfishes, and salamander larvae. Large larvae of D. amphileucus will also eat the larvae of the Blue Ridge Two-lined Salamander in experimental settings (Beachy, 1994). Small larvae are often common in perennial seepages and under cobble and small to medium-sized rocks in first and second-order streams. Davic and Orr (1987) estimated the total densities of larval, juvenile, and adult D. amphileucus in streams in western North Carolina to be 5.6-11.7 individuals/m2 of stream bed. (Bruce (1985a) found that small larvae of D. amphileucus often drift or are displaced downstream during flood events, and older larvae tend to prevail in fast-flowing sections of higher-order streams. Although poorly documented, the diet and larval ecology of D. gvnigeusgwotli is presumed to be similar to that of other members of the complex.
The larval period of members of the Black-bellied Salamander complex typically last 2-4 years depending on elevation and local site conditions. Organ (1961a) found that larvae transformed in Virginia in August-October after a 24-26 month larval period and when 34-40 mm SVL. It is uncertain if these were D. kanawha or D. mavrokoilius since his study site was at the boundary between the ranges of these two species. Bruce (1985a) estimated the larval period of D. amphileucus in one western North Carolina population to be approximately 3 years, but local populations of D. amphileucus vary significantly in length of the larval period and size at metamorphosis (Bruce 1988a, 1989). Individuals usually metamorphose after 2-4 years of growth, but most appear to have a 3-year or 4-year larval period. At a low elevation site in Georgia, the larval period of D. amphileucus lasts nearly 3 years and larvae transform in May and June when they average 40-43 mm SVL (Austin and Camp 1992, Petranka 1998). Although specific information on the length of the larval period of D. gvnigeusgwotli is not available, the larval period presumably lasts 2-4 years depending on the elevation and site conditions.","After metamorphosing the juveniles and adults tend to remain in stream beds, seepages, and other aquatic habitats. The juveniles often abound in seepages and headwater streams with moderate water flow and numerous small stones that serve as cover, while the adults are more likely to be found in streams under large rocks or logs, or in burrows in the streambanks (Petranka 1998). Kucken et al. (1994) found that about 30% of adults of D. gvnigeusgwotli that they observed at night along a stream in the Great Smoky Mountains were > 5 m from streams and several animals were > 10 m from the stream's edge.
The terrestrial life history of D. gvnigeusgwotli is poorly documented, but is presumed to be similar to that of other members of the Black-bellied Salamander complex. The information that follows on other members of the complex likely applies to D. gvnigeusgwotli as well.
Males of the Black-bellied Salamander complex in Virginia that were studied by Organ (1961a) were estimated to become sexually mature when around 3.5-years old, while females required an additional year of growth and first reproduced the following year when about 5 years old. It is uncertain if these were D. kanawha or D. mavrokoilius since the study was conducted in the zone of contact between these species. Bruce (1988a, 1989) estimated the minimum age at first reproduction of D. amphileucus in western North Carolina populations to be 6 years for males and 7 years for females. Age-specific survivorship is relatively constant for metamorphosed males, but increases after females reach sexual maturity (Organ 1961a).
Davic (1991) found that the highly aquatic juveniles of D. amphileucus feed primarily on aerial prey. Only 36% of prey were aquatic organisms, while the adults fed mostly on terrestrial species. Terrestrial organisms eaten by juveniles and adults include hymenopterans, lepidopterans, beetles, centipedes, and spiders. Hairston (1949) found a variety of aquatic and terrestrial insects in specimens from North Carolina including stoneflies, flies, ants, collembolans, and bugs. These appeared to specimens of D. mavrokoilius . Black-bellied salamanders in northern Georgia consumed stoneflies, mayflies, caddisflies, true flies, beetles, hymenopterans, and other salamanders (Martof and Scott 1957).
Members of the Black-bellied Salamander complex are often abundant in southern Appalachian streams and sometimes preys on conspecific larvae and juveniles. They appears to rarely take other species, including species of Eurycea , Desmognathus , and Plethodon that inhabit stream and streamside communities (Camp 1997). Bishop (1924) found four salamanders (including a Plethodon ) in five specimens that he examined, while Formanowicz and Brodie (1993) found that relatively small D. ocoee were most vulnerability to attack or injury by D. amphileucus . Owen McConnell photographed an adult D. amphileucus feeding on a Plethodon teyahalee in Graham County.","Desmognathus gvnigeusgwotli is found mostly in the Great Smoky Mountains of western North Carolina and eastern Tennessee, with a few isolated specimen records from the Unicoi, Great Balsam and Bald Mountains. In North Carolina it occurs in Swain County, portions of Haywood County, and northeastern Jackson County. Populations can reach high densities in high-quality, lower-order streams and seepages at mid- to higher elevations. Most populations are in national parks or national forests and have a relatively high degree of protection from timbering or developent that could impair streams. The greatest future threats are likely those associated with climate change and the excessive deposition of atmospheric pollutants.",,100.0,,description_field,adult_max,,,490.0,1676.0,1083.0,aquatic_larva,larval_stage_text,streamside,1.0,streamside_seep_keywords,nc_biodiversity_amphibians,Desmognathus_gvnigeusgwotli.html,8cdc715e18ae9a385adde44edb7d90f9ccafa9b75fc1e82ae1a0fef29a9788c2,https://auth1.dpr.ncparks.gov/amphibians/view.php?sciName=Desmognathus+gvnigeusgwotli
imitator,Imitator Salamander,"Desmognathus imitator is a medium-sized Desmognathus that has a gray venter and an unkeeled tail that is rounded to oval shaped in cross-section. The tail is slightly longer than the body, and the toe tips lack cornifications as seen in some of the more aquatic Desmognathus species. The dorsum often has a wavy dorsolateral stripe, but melanistic individuals that are mostly grayish black above are common. Adults range from about 7-11 cm TL and there are normally 14 costal grooves.
Desmognathus imitator often coexists locally with D. ocoee and the two are difficult to tell apart. The former is a Batesian mimic of Plethodon jordani and most local populations of D. imitator have a small percentage of individuals with yellowish, orangish, or reddish cheek patches. Morphs of D. imitator with colored cheeks may comprise as much as 15-20% of local populations (Tilley et al. 1978). Because morphs of D. ocoee with colored cheek patches do not occur within the range of D. imitator , any specimen collected with colored cheeks within D. imitator 's range can be confidently assigned to that species.
In many populations, specimens of D. imitator that lack colored cheeks are morphologically indistinguishable from D. ocoee . These can only be identified reliably using molecular markers (Petranka 1998, Tilley 1985, Tilley et al. 1978). At sites along the crest of the Great Smoky Mountains, the two species can be distinguished with some degree of reliability by color pattern and the presence of dorsal bands. Desmognathus imitator typically has an indistinct dorsal band with strongly undulating edges, while sympatric D. ocoee has a more distinct dorsal band with straight to moderately undulating edges (Tilley 1985, Tilley et al. 1978). However, there are numerous exceptions and molecular markers provide the most reliable way to identify specimens. In addition, melanistic specimens are common in both species and are difficult to identify to species based on external traits.",,"Imitator Salamanders are ecologically similar to members of the Mountain Dusky Salamander complex and co-occur with the Ocoee Salamander in portions of the Great Smoky Mountains and neighboring high elevation ridges (Beane et al. 2010, Petranka 1998). Adults are semi-terrestrial and are associated with mid- to high-elevation forests. In the Great Smoky Mountains, they occur at elevations above 914 m (Tilley and Hughey 2004). They are usually found close to streams and seeps, but can be found on mesic rock faces in some areas. Breeding takes place in seepages and headwater streams where the larvae undergo a period of aquatic development.","Because of the difficulty in distinguishing D. imitator from D. ocoee in the field, most aspects of the life history of this species have not been studied. The general life cycle is presumably similar to that of D. ocoee with mating occurring during the fall and spring months and oviposition occurring in late spring and early summer. Steve Tilley found a clutch of eggs on 21 June beneath the surface of a spring in North Carolina that were in all likelihood those of D. imitator (Petranka 1998). Koenings et al. (2000) found six clutches and brooding females on 30 June 1998 in Swain Co. in saturated soil in a seepage area. The eggs were in early developmental stages and were cream colored and attached in a monolayer to the underside of flat rocks that were embedded in the soil. One clutch had a small number of eggs arranged in a bilayer, and two of the clutches were deposited within 22 cm of each other but were on separate rocks. The clutch sizes for five nests ranged from 13-24 eggs (mean = 19) and the eggs varied from 3.0-4.0 mm in diameter. Two other clutches illustrated by Petranka (1998) are from the same site and contained 23 and 30 eggs.",,,,,,,description_field,adult_tl_range,70.0,110.0,914.0,,,,,streamside,1.0,streamside_seep_keywords,nc_biodiversity_amphibians,Desmognathus_imitator.html,05c40a1c8abd32935ea24b4c1a733a79a0194ae8859c3960d43165671c9bf383,https://auth1.dpr.ncparks.gov/amphibians/view.php?sciName=Desmognathus+imitator
intermedius,Western Shovel-nosed Salamander,"This is the largest of our shovel-nosed salamanders, with the SVL of adults ranging from around 28 – 85 mm (Pyron and Beamer, 2023). The dorsal ground color of the adults is typically dark brown but is often obscured by pairs of yellowish-brown spots that are diffuse and often fused to produce an overall indistinct dull yellowish-brown dorsal pattern. Some specimens may be completely devoid of patterning, so expect variation among populations. The venter is light colored in subadults, but becomes dark brown or dark gray in the adults and is often lighter in the center. The head is flattened, and the internal nares form slits rather than round pores as seen in other Desmognathus species. The toe tips are cornified and blackish. The males are larger on average, have enlarged maxillary teeth, papillate cloacae (smooth in females), and an inconspicuous mental gland (Martof 1962, Petranka 1998). A sample of the 20 largest males in a population in Haywood County varied from 61-73 mm SVL (mean = 65 mm) versus 52-65 mm (mean = 58 mm) for the 20 largest females (Martof 1962). In this species, vomerine teeth are present in all females and all but the largest males, which helps to distinguish this species from D. aureatus in areas of close contact. As with our other shovel-nosed salamanders, the site of collection is most useful in identifying species since none of the species occur sympatrically (see distribution map above).",,"The Western Shovel-nosed Salamander is an almost entirely aquatic species that prefers cool, well oxygenated streams at elevations of approximately 300–1500 m (985-4,921'; Pyron and Beamer, 2023). This species is generally more common in second and third-order streams in the southern Appalachians. Adults reach their highest densities in small to medium-sized streams with broken rocks and loose gravel, but local populations can also be found in headwater streams with gentle gradients (Martof 1962, Petranka 1998). Shallow rifle areas in streams that have angular rocks, loose gravel and moderate to fast flowing water provide ideal microhabitats for the juveniles and adults.","Most aspects of the life history of this species are undocumented. Martof's (1962) comprehensive work on the natural history of shovel-nosed salamanders was mostly based on studies of D. aureatus , and our knowledge of the life history of both D. intermedius and D. marmoratus is very limited.","The diet of the subadults and adults is primarily composed on insects. Martof and Scott (1957) found that mayflies and caddisflies were the most important prey in a Haywood County population. Other prey included dipterans, stoneflies, beetles, hymenopterans, homopterans, crayfishes and snails.",,"This is a southern Appalachian endemic that is found in the southern half of the Blue Ridge in North Carolina, and in adjoining areas in extreme eastern Tennessee. It has been documented in extreme western Yancey Co., northern Madison Co., Haywood Co., northern Transylvania Co., northern Jackson Co., Swain Co., Graham Co., Macon Co. and eastern Clay Co. It is a highly aquatic species that rarely leaves the water and can reach high local densities in the riffle sections of streams. Most populations are in national parks or national forests and have a relatively high degree of protection from timbering or development that could impair streams. The greatest future threats are likely those associated with climate change and the excessive deposition of atmospheric pollutants.",28.0,85.0,56.5,description_field,adult_range,,,300.0,1500.0,900.0,,,stream_aquatic,2.0,strong_stream_aquatic_keywords,nc_biodiversity_amphibians,Desmognathus_intermedius.html,c6c3cffeb36776a9ff1aea95f541b3f5b8cf5019e446f6b1d3c7c5c936fc81a3,https://auth1.dpr.ncparks.gov/amphibians/view.php?sciName=Desmognathus+intermedius
kanawha,Kanawha Black-bellied Salamander,"Desmognathus kanawha closely resembles other members of the Black-bellied Salamander complex and cannot be reliably separated using external coloration or patterning. It can be identified using molecular markers and has a set of unique mitochondrial haplotypes and fixed differences at numerous mitochondrial and nuclear loci (Pyron and Beamer, 2022). It is best identified in the field using its geographic range and the site locality (see distribution map above). This species is parapatric with D. mavrokoilius that occurs to the west, but the two have not been found to be syntopic in North Carolina at any site as of 2023.
Like other members of the Black-bellied Salamander complex, D. kanawha is a large, stocky Desmognathus with a black belly and usually two rows of light dots along each lower side of the body. The keeled tail is laterally compressed, and the toe tips are black and cornified. This species is relatively small (maximum size of the adults ca. 82 mm SVL) and often has a more discernible color pattern than some of the other members of the complex. Very old adults are often rather uniformly dark, but younger individuals often have irregular, diffuse, paired dorsal blotches or spots that may be fused to varying degrees. They are often reddish against a greenish, olive, or yellowish background (Pyron and Beamer, 2022). The young juveniles have a light venter than turns black within the first year after metamorphosing. The throat and belly is often lightly speckled to varying degrees with whitish pigmentation.
The hatchlings are light brown and have 6-10 pairs of light spots between the limbs. Older larvae are much larger than larvae of other Desmognathus species that are not members of the Black-bellied Salamander complex, and have whitish gills and dark toe tips.",,"Local populations of this and other members of the Black-bellied Salamander complex are strongly associated with perennial mountain streams and stream-seepage complexes. The known habitats range from headwater tributaries and seepages to large trout streams with rapidly flowing water. Members of the complex often found in swifter current than most other Desmognathus species, and can reach high densities in small, unsilted streams with numerous rocks, cobble, and coarse woody debris (Petranka 1998). Populations are most commonly found at elevations from 490-1676 m (Hairston 1949, Organ 1961a), but may occur at lower elevations if local conditions are suitable. The adults and juveniles are typically found directly in or near flowing water, but large adults sometimes forage on the forest floor -- particularly at high-elevation sites. They are only rarely found more than 10 meters or so from a stream bank, and usually much closer when foraging on land.","Females of the Black-bellied Salamander complex typically attach their eggs singly to the undersides of rocks, stones or other support structures in tight clusters, and often in fast-flowing water that facilitates aeration. Nests have also occasionally been found above the water line in or near the streambed. The eggs can appear as a closely packed monolayer when attached to flat surfaces or as a bilayer when attached to concave or irregular surfaces (Petranka 1998). Each egg is suspended by a short elastic pedicel that is about 3 mm long and 1.5 mm in diameter. Two clutches from the Great Smoky Mountains ( D. gvnigeusgwotli ) and Nantahala Mountains ( D. amphileucus ) in North Carolina each contained several subclusters of 2-8 eggs that were attached to a common stalk (Smith et al. 1996a).
Females of the Black-bellied Salamander complex lay their eggs in May and June and the embryos hatch from July through September. Breeding records include seven clutches of either D. kanawha or D. mavrokoilius in Virginia on 22 June in early to middle stages of development (Organ 1961a), 10 nests of a mixture of D. amphileucus and D. mavrokoilius in western North Carolina between 13 June and 6 August in moderate to advanced stages of development (Pope 1924), and several clutches at or near hatching in early August that were either D. amphileucus or D. mavrokoilius (Orr and Maple 1978). Austin and Camp (1992) found eggs of D. amphileucus in May and hatchlings that were 16 mm SVL in July in a Georgia population. In most instances, females were found guarding their egg masses. Nests discovered by Pope (1924) contained from 26-38 eggs and averaged 32 eggs, while those observed by Organ (1961a) varied from 21-43 and averaged 31. Collazo and Marks (1994) reported an average of 54 eggs (52-56) for five females that oviposited in the both the field and laboratory (one after hormonal injection). As seen in other Desmognathus species, clutch size of the members of this complex is positively correlated with female SVL (Tilley 1968).","Although specific information is lacking, the diet and larval ecology of D. kanawha is presumably similar to that of other members of the complex as described below. Hatchlings of the Black-bellied Salamander complex have conspicuous yolk masses and live on their yolk reserves for 1-2 months after hatching (Petranka 1998). The larvae mostly feed on small invertebrates and incorporate larger prey into the diet as they grow. Davic (1991) found that most (82%) of the diet of larval D. amphileucus consisted of aquatic prey, including mayflies, stoneflies, craneflies, chironomids, nematodes, collembolans, crayfishes, and salamander larvae. Large larvae of D. amphileucus will also eat the larvae of the Blue Ridge Two-lined Salamander in experimental settings (Beachy, 1994). Small larvae are often common in perennial seepages and under cobble and small to medium-sized rocks in first and second-order streams. Davic and Orr (1987) estimated the total densities of larval, juvenile, and adult D. amphileucus in streams in western North Carolina to be 5.6-11.7 individuals/m2 of stream bed. (Bruce (1985a) found that small larvae of D. amphileucus often drift or are displaced downstream during flood events, and older larvae tend to prevail in fast-flowing sections of higher-order streams.
The larval period of members of the Black-bellied Salamander complex typically last 2-4 years depending on elevation and local site conditions. Organ (1961a) found that larvae transformed in Virginia in August-October after a 24-26 month larval period and when 34-40 mm SVL. It is uncertain if these were D. kanawha or D. mavrokoilius since his study site was at the boundary between the ranges of these two species. Bruce (1985a) estimated the larval period of D. amphileucus in one western North Carolina population to be approximately 3 years, but local populations of D. amphileucus vary significantly in length of the larval period and size at metamorphosis (Bruce 1988a, 1989). Individuals usually metamorphose after 2-4 years of growth, but most appear to have a 3-year or 4-year larval period. At a low elevation site in Georgia, the larval period of D. amphileucus lasts nearly 3 years and larvae transform in May and June when they average 40-43 mm SVL (Austin and Camp 1992, Petranka 1998).","After metamorphosing the juveniles and adults of members of the Black-bellied Salamander complex tend to remain in stream beds, seepages, and other aquatic habitats. The juveniles often abound in seepages and headwater streams with moderate water flow and numerous small stones that serve as cover, while the adults are more likely to be found in streams under large rocks or logs, or in burrows in the streambanks (Petranka 1998).
Individuals emerge from their daytime retreats at dusk and often sit with the head and upper body projecting from burrows or cover objects where they ambush prey. Although this species is strongly associated with water, large adults of members of the Black-bellied Salamander complex often forage several meters from streams, particularly on rainy nights. Kucken et al. (1994) found that about 30% of adults of D. gvnigeusgwotli that they observed at night along a stream in the Great Smoky Mountains were > 5 m from streams and several animals were > 10 m from the stream's edge. Camp and Lee (1996) studied a population of D. amphileucus in the upper Piedmont of Georgia and found that individuals D. kanawha or D. mavrokoilius since the study was conducted in the zone of contact between these species. Bruce (1988a, 1989) estimated the minimum age at first reproduction of D. amphileucus in western North Carolina populations to be 6 years for males and 7 years for females. Age-specific survivorship is relatively constant for metamorphosed males, but increases after females reach sexual maturity (Organ 1961a).
Specific information on the diets of the juveniles and adults of D. kanawha are lacking, but the diets are presumably similar to those of other members of the complex as described below. Davic (1991) found that the highly aquatic juveniles of D. amphileucus feed primarily on aerial prey. Only 36% of prey were aquatic organisms, while the adults fed mostly on terrestrial species. Terrestrial organisms eaten by juveniles and adults include hymenopterans, lepidopterans, beetles, centipedes, and spiders. Hairston (1949) found a variety of aquatic and terrestrial insects in specimens from North Carolina including stoneflies, flies, ants, collembolans, and bugs. These appeared to specimens of D. mavrokoilius . Black-bellied salamanders in northern Georgia consumed stoneflies, mayflies, caddisflies, true flies, beetles, hymenopterans, and other salamanders (Martof and Scott 1957).
Members of the Black-bellied Salamander complex are often abundant in southern Appalachian streams and sometimes preys on conspecific larvae and juveniles. They appears to rarely take other species, including species of Eurycea , Desmognathus , and Plethodon that inhabit stream and streamside communities (Camp 1997). Bishop (1924) found four salamanders (including a Plethodon ) in five specimens that he examined, while Formanowicz and Brodie (1993) found that relatively small D. ocoee were most vulnerability to attack or injury by D. amphileucus . Owen McConnell photographed an adult D. amphileucus feeding on a Plethodon teyahalee in Graham County.","The range of this species extends from southern West Virginia southward through western Virginia into northwestern North Carolina where it is restricted to the Upper Pee Dee and Roanoke River drainages. It is mostly found in the Blue Ridge Mountains, but a few populations have been found in the western Piedmont of North Carolina, particularly in association with monadnocks or cool, heavily shaded ravines. In North Carolina, Pyron and Beamer (2022) found this species in Stokes County, Surry County and all but the westernmost portions of Wilkes County. We also have two records from eastern Allegheny County that we assigned to this species based on the distribution map provided by Pyron and Beamer (2022). Local populations are restricted to stream and streamside habitats and can reach high densities in high-quality, lower-order streams. Most populations in North Carolina appear to be on private holdings and are vulnerable to timbering, deforestation, development and agricultural activities that could impact local populations.",,82.0,,description_field,adult_max,,,490.0,1676.0,1083.0,aquatic_larva,larval_stage_text,streamside,1.0,streamside_seep_keywords,nc_biodiversity_amphibians,Desmognathus_kanawha.html,ea933e7f75e58fa192a12605fb78a7c99d709b21c098f65679138e4c6ff20010,https://auth1.dpr.ncparks.gov/amphibians/view.php?sciName=Desmognathus+kanawha
lycos,Wolf Dusky Salamander,"Desmognathus lycos is a relatively large and robust member of the D. fuscus complex, with metamorphosed individuals varying from 22–74 mm SVL (Pyron and Beamer, 2023a). The tail is triangular in cross-section on the distal half and has a keel. The toes lack dark, cornified tips as seen in some Desmognathus species. Specimens can range from being boldly patterned on the dorsum to being rather drab, with variation occurring both within and between local populations. A distinct dorsal color pattern is typically present in young individuals, but commonly becomes obscure with age and is replaced by a solid dull orange or dark-brown wash or stripe. A line of blackish blotches or irregular spots along the edge of dorsal stripe helps to separate the dorsal and lateral coloration, with the lower sides becoming more speckled with whitish to yellowish-white coloration. The venter of adults is mostly whitish or cream-colored with dark, pinpoint stippling or speckling that originates mostly around the lateral margins and extends more sparsely towards the center (Pyron and Beamer, 2023a). The proximal portion of the underside of the tail often has a faint yellowish wash.
Desmognathus lycos is parapatric with D. fuscus in northern Wilkes County, with D. lycos mostly in the Piedmont and D. fuscus in the Blue Ridge and along the Blue Ridge Escarpment. The patterning on the belly may be the best way to separate the two, with D. fuscus having a uniformly speckled belly of yellowish, whitish, and bluish flecks, versus a paler white belly with scattered and small dark speckles invading from the lateral margins (Pyron and Beamer, 2023a). Desmognathus lycos also is parapatric with D. bairdi at several localities in the central Piedmont. The latter species is more of a lowland form and has a more slender or gracile body form relative to D. lycos . In addition, many adult specimens have a second row of light-colored portholes on the dorsolateral surfaces.",,"This species is found in three physiological provinces and inhabits a wide variety of habitats, including low-gradient streams and seepages in the Coastal Plain, and rocky streams in the Piedmont. Populations generally occupy small streams and seepages that either have relatively low densities of predatory fishes, or lack them altogether. Individuals can be found in leaf packs and underneath cobble, stones, logs, and other cover within or near stream beds and stream banks.","Much of our knowledge of the life history of this species is based on Spight's (1967) study of a population in Gaston County., North Carolina. Females in this population bred annually and laid their first clutch when greater than 44 mm SVL. Eighteen dissected females contained an average of 27 mature ova, and females that bred for the first time had smaller clutches that older females.","Based on data provided Spight (1967) the larval period last slightly less than one year, with hatchlings overwintering and most transforming in late-April or early June of the following year.",The males in Spight's (1967) study appeared to reach sexual maturity when three years old and around 35-36 mm SVL. Both sexes survived to live to be 7-8 years old.,"This newly described species is common in the western Piedmont where local populations can reach high densities in high-quality, lower-order streams. Many populations have been impacted by watershed-level disturbances from urbanization, infrastructure development, agriculture and timbering (Willson and Dorcas, 2003; Price et al. 2006, 2010). Nonetheless, local populations still appear to be common throughout the range of this species.",,,,,,,,,,,aquatic_larva,larval_stage_text,streamside,1.0,streamside_seep_keywords,nc_biodiversity_amphibians,Desmognathus_lycos.html,34cae1ddf34ecc22b2ad36aa3f1eb4c47c2be1208121368acb0341b9213a4be5,https://auth1.dpr.ncparks.gov/amphibians/view.php?sciName=Desmognathus+lycos
marmoratus,Northern Shovel-nosed Salamander,"This is a large Desmognathus species (SVL of adults around 30 – 75 mm) that closely resembles members of the D. quadramaculatus complex, particular D. mavrokoilius that is sympatric with it. The dorsal ground color of the adults is dark brown and is mottled with numerous golden-brown to reddish-brown marks that are rather indistinct. The markings lack light-colored centers, and two rows of light spots are usually present along each side of the body. The venter is light colored in subadults, but becomes dark brown or dark gray in the adults. The adult males lack vomerine teeth, while the females have very few (Pyron and Beamer, 2023). The head is flattened, and the internal nares form slits rather than round pores as seen in other Desmognathus species. The toe tips are cornified and blackish. The males are larger on average, have enlarged maxillary teeth, papillate cloacae (smooth in females), and an inconspicuous mental gland (Martof 1962, Petranka 1998).
The adults of D. marmoratus are most easily confused with D. mavrokoilius , in part because Pyron et al. (2022) found that D. marmoratus had varying levels of D. mavrokoilius genes incorporated into its genome at numerous sample sites. It is uncertain if this reflect past or present introgression. Desmognathus marmoratus tends to have a dark gray belly, often with a lighter central area with reduced pigmentation. The venter of adult D. mavrokoilius is often not as black as other black-bellied salamanders and is more mottled with grayish or salt-and-pepper ventral coloration, which adds to the confusion. The dorsal ground color of D. marmoratus is typically dark brown versus the greenish, olive, or yellowish background of D. mavrokoilius . Martof (1962) listed a series of characters that are useful in separating shovel-nosed salamanders from other large Desmognathus , the most reliable being the shape of the internal nares. They also have a proportionately shorter tail with a more prominent tail fin that is often more ragged. The adults of D. marmoratus move slowly away when disturbed, in contrast to the rapid fleeing characteristic of D. mavrokoilius (Pope 1924, Martof 1962, Bishop 1924). This behavioral difference is often useful in identifying specimens in the field.
The larvae and juveniles of this species are difficult to distinguish from those of the members of the D. quadramaculatus complex in the field. The hatchlings average around 11 mm SVL. They have two rows of light spots on the dorsum and closely resemble the hatchlings of members of the D. quadramaculatus complex.",,"The Northern Shovel-nosed Salamander is an almost entirely aquatic species that prefers cool, well oxygenated streams at elevations of approximately 450–1600 m (1476-5,250'; Pyron and Beamer, 2023). This species is generally more common in second and third-order streams in the southern Appalachians at elevations below 1220 m (4000'). Adults reach their highest densities in small to medium-sized streams with broken rocks and loose gravel, but local populations can also be found in headwater streams with gentle gradients (Martof 1962, Petranka 1998). Shallow riffle areas in streams that have angular rocks, loose gravel and moderate to fast flowing water provide ideal microhabitats for the juveniles and adults.","Females lay their eggs as water temperatures rise in late spring or early summer and remain with their clutches through hatching (Petranka 1998). Pope (1924) found 28 eggs with late-term embryos on 6 August in Boone Fork near Grandfather Mountain. The eggs were attached singly in two layers to the edge of a submerged stone, and also were in fast-flowing water. Freshly laid eggs are unpigmented, about 4 mm in diameter, and are surrounded by a transparent capsule attached by a short peduncle (Pope 1924).","The hatchlings are weak swimmers and often wash downstream into pools with low current. This species is one of the most aquatic of our Desmognathus species and rarely leaves the water. Data on the life history of the larvae, subadults and adults is largely lacking. The juveniles remain in the stream proper where they occupy habitats similar to those of the adults. Both are frequently found beneath submerged stones in fast current and often rest during the day with their heads protruding from under stones. They often emerge after dark and move about, presumably in search of food and mates. Specimens are most abundant in shallow rapids and riffles. The diet is largely unknown, but the larvae, juveniles, and adults likely feed mostly on the larval stages of aquatic insects such as mayflies and caddisflies, as is the case for the better-studied Southern Shovel-nosed Salamander.",,"This southern Appalachian endemic is mostly found in the northern half of the Blue Ridge in North Carolina and adjoining areas of eastern Tennessee. . Desmognathus marmoratus can be locally common and is mostly found on national forests or other lands that provide a significant degree of protection, particularly where stream buffers are maintained. Local populations are common throughout the range and can reach high densities in lower-order streams.",,,,,,,,450.0,1600.0,1025.0,,,stream_aquatic,2.0,strong_stream_aquatic_keywords,nc_biodiversity_amphibians,Desmognathus_marmoratus.html,04327c5b4a4e68a5b3112f6b3a620177c8ff16f7d265d74c50e7f0c8bcc5b87c,https://auth1.dpr.ncparks.gov/amphibians/view.php?sciName=Desmognathus+marmoratus
mavrokoilius,Pisgah Black-bellied Salamander,"Desmognathus mavrokoilius closely resembles other members of the Black-bellied Salamander complex and cannot be reliably separated using external coloration or patterning. It can be identified using molecular markers and has a set of unique mitochondrial haplotypes and fixed differences at numerous mitochondrial and nuclear loci (Pyron and Beamer, 2022). It is best identified in the field using its geographic range and the site locality. This species is parapatric with D. kanawha that occurs to the east, but the two have not been found to be syntopic in North Carolina at any site as of 2023. On the eastern edge of the Smokies, D. mavrokoilius is parapatric with D. gvnigeusgwotli , while on the southeastern side of the Great Balsams from Courthouse Creek northeast to Hickory Nut Gorge, it is parapatric with D. amphileucus . In general, any black-bellied salamander that is found north of the French Broad River to the Virginia border (and outside of the range of D. kanawha to the east) can be assigned to this species.
Like other members of the Black-bellied Salamander complex, D. mavrokoilius is a large, stocky Desmognathus with a black belly and usually two rows of light dots along each lower side of the body. The keeled tail is laterally compressed, and the toe tips are black and cornified. This species is relatively small (maximum size of the adults ca. 83 mm SVL). Pyron and Beamer (2022) noted that some adult specimens (other than very large, old individuals that are more-or-less uniformly dark) have a more discernible, granular color-pattern than D. amphileucus , D. folkertsi or D. gvnigeusgwotli . The venter also tends to be less dark and more mottled with grayish or salt-and-pepper ventral coloration. In comparison to D. kanawha , the dorsal color pattern is rarely well-defined, with individuals having darkened, indistinct, or mottled dorsal blotches against a greenish, olive, or yellowish background. There is much overlap in coloration and patterning between members of the complex, so geographic range is the most reliable way to identify specimens in the field.
The hatchlings are light brown and have 6-10 pairs of light spots between the limbs. Older larvae are much larger than larvae of other Desmognathus species that are not members of the Black-bellied Salamander complex, and have whitish gills and dark toe tips. The young juveniles have a light venter that turns black with grayish or salt-and-pepper mottling within the first year after metamorphosing.",,"Local populations of this and other members of the Black-bellied Salamander complex are strongly associated with perennial mountain streams and stream-seepage complexes. The known habitats range from headwater tributaries and seepages to large trout streams with rapidly flowing water. Members of the complex often found in swifter current than most other Desmognathus species, and can reach high densities in small, unsilted streams with numerous rocks, cobble, and coarse woody debris (Petranka 1998). Populations are most commonly found at elevations from 490-1676 m (Hairston 1949, Organ 1961a), but may occur at lower elevations if local conditions are suitable. The adults and juveniles are typically found directly in or near flowing water, but large adults sometimes forage on the forest floor -- particularly at high-elevation sites. They are only rarely found more than 10 meters or so from a stream bank, and usually much closer when foraging on land.","Females of the Black-bellied Salamander complex typically attach their eggs singly to the undersides of rocks, stones or other support structures in tight clusters, and often in fast-flowing water that facilitates aeration. Nests have also occasionally been found above the water line in or near the streambed. The eggs can appear as a closely packed monolayer when attached to flat surfaces or as a bilayer when attached to concave or irregular surfaces (Petranka 1998). Each egg is suspended by a short elastic pedicel that is about 3 mm long and 1.5 mm in diameter. Two clutches from the Great Smoky Mountains ( D. gvnigeusgwotli ) and Nantahala Mountains ( D. amphileucus ) in North Carolina each contained several subclusters of 2-8 eggs that were attached to a common stalk (Smith et al. 1996a).
Females of the Black-bellied Salamander complex lay their eggs in May and June and the embryos hatch from July through September. Breeding records include seven clutches of either D. kanawha or D. mavrokoilius in Virginia on 22 June in early to middle stages of development (Organ 1961a), 10 nests of a mixture of D. amphileucus and D. mavrokoilius in western North Carolina between 13 June and 6 August in moderate to advanced stages of development (Pope 1924), and several clutches at or near hatching in early August that were either D. amphileucus or D. mavrokoilius (Orr and Maple 1978). Austin and Camp (1992) found eggs of D. amphileucus in May and hatchlings that were 16 mm SVL in July in a Georgia population. In most instances, females were found guarding their egg masses. Nests discovered by Pope (1924) contained from 26-38 eggs and averaged 32 eggs, while those observed by Organ (1961a) varied from 21-43 and averaged 31. Collazo and Marks (1994) reported an average of 54 eggs (52-56) for five females that oviposited in the both the field and laboratory (one after hormonal injection). As seen in other Desmognathus species, clutch size of the members of this complex is positively correlated with female SVL (Tilley 1968).","Although specific information is lacking, the diet and larval ecology of D. mavrokoilius is presumably similar to that of other members of the complex as described below. Hatchlings of the Black-bellied Salamander complex have conspicuous yolk masses and live on their yolk reserves for 1-2 months after hatching (Petranka 1998). The larvae mostly feed on small invertebrates and incorporate larger prey into the diet as they grow. Davic (1991) found that most (82%) of the diet of larval D. amphileucus consisted of aquatic prey, including mayflies, stoneflies, craneflies, chironomids, nematodes, collembolans, crayfishes, and salamander larvae. Large larvae of D. amphileucus will also eat the larvae of the Blue Ridge Two-lined Salamander in experimental settings (Beachy, 1994). Small larvae are often common in perennial seepages and under cobble and small to medium-sized rocks in first and second-order streams. Davic and Orr (1987) estimated the total densities of larval, juvenile, and adult D. amphileucus in streams in western North Carolina to be 5.6-11.7 individuals/m2 of stream bed. (Bruce (1985a) found that small larvae of D. amphileucus often drift or are displaced downstream during flood events, and older larvae tend to prevail in fast-flowing sections of higher-order streams.
The larval period of members of the Black-bellied Salamander complex typically last 2-4 years depending on elevation and local site conditions. Organ (1961a) found that larvae transformed in Virginia in August-October after a 24-26 month larval period and when 34-40 mm SVL. It is uncertain if these were D. kanawha or D. mavrokoilius since his study site was at the boundary between the ranges of these two species. Bruce (1985a) estimated the larval period of D. amphileucus in one western North Carolina population to be approximately 3 years, but local populations of D. amphileucus vary significantly in length of the larval period and size at metamorphosis (Bruce 1988a, 1989). Individuals usually metamorphose after 2-4 years of growth, but most appear to have a 3-year or 4-year larval period. At a low elevation site in Georgia, the larval period of D. amphileucus lasts nearly 3 years and larvae transform in May and June when they average 40-43 mm SVL (Austin and Camp 1992, Petranka 1998).","After metamorphosing the juveniles and adults of members of the Black-bellied Salamander complex tend to remain in stream beds, seepages, and other aquatic habitats. The juveniles often abound in seepages and headwater streams with moderate water flow and numerous small stones that serve as cover, while the adults are more likely to be found in streams under large rocks or logs, or in burrows in the streambanks (Petranka 1998).
Individuals emerge from their daytime retreats at dusk and often sit with the head and upper body projecting from burrows or cover objects where they ambush prey. Although this species is strongly associated with water, large adults often forage several meters from streams, particularly on rainy nights. Kucken et al. (1994) found that about 30% of adults of D. gvnigeusgwotli that they observed at night along a stream in the Great Smoky Mountains were > 5 m from streams and several animals were > 10 m from the stream's edge. Camp and Lee (1996) studied a population of D. amphileucus in the upper Piedmont of Georgia and found that individuals D. kanawha or D. mavrokoilius since the study was conducted in the zone of contact between these species. Bruce (1988a, 1989) estimated the minimum age at first reproduction of D. amphileucus in western North Carolina populations to be 6 years for males and 7 years for females. Age-specific survivorship is relatively constant for metamorphosed males, but increases after females reach sexual maturity (Organ 1961a).
Specific information on the diets of the juveniles and adults of D. mavrokoilius are lacking, but the diets are presumably similar to those of other members of the complex as described below. Davic (1991) found that the highly aquatic juveniles of D. amphileucus feed primarily on aerial prey. Only 36% of prey were aquatic organisms, while the adults fed mostly on terrestrial species. Terrestrial organisms eaten by juveniles and adults include hymenopterans, lepidopterans, beetles, centipedes, and spiders. Hairston (1949) found a variety of aquatic and terrestrial insects in specimens from North Carolina including stoneflies, flies, ants, collembolans, and bugs. These appeared to specimens of D. mavrokoilius . Black-bellied salamanders in northern Georgia consumed stoneflies, mayflies, caddisflies, true flies, beetles, hymenopterans, and other salamanders (Martof and Scott 1957).
Members of the Black-bellied Salamander complex are often abundant in southern Appalachian streams and sometimes preys on conspecific larvae and juveniles. They appears to rarely take other species, including species of Eurycea , Desmognathus , and Plethodon that inhabit stream and streamside communities (Camp 1997). Bishop (1924) found four salamanders (including a Plethodon ) in five specimens that he examined, while Formanowicz and Brodie (1993) found that relatively small D. ocoee were most vulnerability to attack or injury by D. amphileucus . Owen McConnell photographed an adult D. amphileucus feeding on a Plethodon teyahalee in Graham County.",This southern Appalachian endemic is mostly found in the northern two-thirds of the Blue Ridge in North Carolina and adjoining areas of eastern Tennessee. Local populations are common throughout the range and can reach high densities in lower-order streams. Many populations occur on federal or state lands where local habitats receive a significant level of protection.,,83.0,,description_field,adult_max,,,490.0,1676.0,1083.0,aquatic_larva,larval_stage_text,streamside,1.0,streamside_seep_keywords,nc_biodiversity_amphibians,Desmognathus_mavrokoilius.html,05203ee03ac70ec31a9200c4c9f5c5dd114d60fb0289ca56124d1620ef9131ba,https://auth1.dpr.ncparks.gov/amphibians/view.php?sciName=Desmognathus+mavrokoilius
monticola,Seal Salamander,"The Seal Salamander is a relatively large Desmognathus with a tail that is rounded on the anterior third and laterally-compressed and keeled on the posterior two-thirds. The dorsum often has reticulate, mottled, or wormy dark brown to blackish markings on a light brown or grayish background (Petranka 1998). In many populations the wormy markings and dark mottling are absent or greatly reduced. The venter is whitish in young animals and whitish to light gray in older individuals. The belly lacks any conspicuous mottling as seen in some Desmognathus species, and a single line of white spots often occurs along each side between the legs. The toe tips have cornified friction pads and are usually darker than the remainder of the toe. Adult males have enlarged premaxillary teeth, a mental gland on the chin, and papillose cloacal lips. The maximum adult size of males tends to slightly exceed that of the females. Adults vary from 7.5-15 cm TL and there are 14 costal grooves (Petranka 1998).
The hatchlings average about 11-12 mm SVL and the larvae have 4-5 pairs of light dorsal spots between the limbs. The toe tips of older larvae usually have black cornifications. Young juveniles have four or five pairs of chestnut-colored spots that become fused and invaded by darker pigment with age.",,"This is a semi-terrestrial species that is most commonly found in or adjoining small to moderate-sized, rocky streams and their associated seepages. They tend to be restricted to streams with well aerated, cool water (Petranka 1998). Although populations range in elevation as high as 1555 m, they are most abundant at elevations D. quadramaculatus complex live (Hairston 1949, 1986, Organ 1961a). At low elevations, individuals are commonly found beneath rocks and other cover directly in the streambed and may not spatially segregated from members of the D. quadramaculatus complex. The juveniles and adults sometimes forage away from streams or stream banks, but in North
Carolina are rarely found more than 5 meters from a stream bank (Petranka and Smith, 2005).","After mating, the females attach their eggs in decaying logs and leaf packs, or to the undersides of tree roots, stones and rocks. The oviposition sites are typically in running water or sites such as streambanks with dripping wet substrates (Organ 1961a, Petranka 1998, Pope 1924). Females typically attach their eggs singly to a support structure such as a rock to form a tight monolayer. They have also been observed to deposit them in loose groups that may be 2-3 egg layers thick. Each egg is attached by an elastic stalk so that the movements of the attending female or water current rocks the egg back and forth and facilitates aeration.
Eggs in early developmental stages have been found from mid-June to early August (Petranka 1998). Nesting records for North Carolina include two nests with 21 and 30 eggs in early embryonic stages in late July and early August (Pope 1924), and two clutches with ova that averaged 4.1 mm in diameter on 16 July. The latter clutches were buried in rock, gravel, and mud in the bed of a small stream (Bruce 1990). The number of eggs per nest varied from 16-39 and averaged 27 in southwestern Virginia populations that were studied by Organ (1961a). Eggs in these populations were in early developmental stages in June and close to hatching in early September. Hatchlings first appear in September, which suggests an incubation period of about 2 months.
The number of mature ova in specimens examined by Tilley (1968) from the southern Appalachians varied from 16-40, averaged 27, and was independent of female SVL, while the number of ova in two populations from western North Carolina averaged 24 and 29 (Bruce 1995, Bruce and Hairston 1990). SVL was positively correlated with number of ovarian eggs at one site, but not at the second.","The larval period is relatively short compared to that of members of the D. quadramaculatus complex. Hatchlings first appear in late summer or early fall then overwinter. The larvae resume growing with the spring warm-up and transform during the early to mid-summer months when around 14–16 mm SVL (Petranka 1998). Organ (1961a) collected hatchlings in September and recently transformed larvae in June and July, which suggests a larval period of 10-11 months. Juterbock (1984) estimated a larval period to be 8-9 months in Kentucky populations, with transformation occurring in May and June. The larvae presumably prey on an array of small invertebrates such as midge larvae, but little data is available on their diet.","After metamorphosing the juveniles and adults reside in or near streams and seepages. Individuals live beneath cover objects, in old root channels, or in burrows in stream banks and emerge shortly after dark to forage. Invertebrates are the dietary mainstay, but they may also eat small salamanders (Brandon and Huheey 1971, Hairston 1986, Shealy 1975). At night individuals either sit with their bodies partially extended from their burrow entrances waiting for prey, or actively move about in search of prey. Adults in the southern Appalachians sometimes climb 1-2 m above ground on tree trunks on rainy nights (Petranka 1998).
The juveniles and adults are gape-limited predators that feed on both aquatic and terrestrial invertebrates, including stoneflies, caddisflies, true bugs, lepidopterans, beetles, flies, wasps, millipedes, and earthworms (Krzysik 1979, Petranka 1998). Hairston (1949) noted that individuals in North Carolina populations feed mostly on terrestrial insects. Individuals will often move temporarily out of streams and onto streambanks or the forest floor after heavy rains, and may even climb tree trunks for a meter or more to forage.
The juveniles grow slowly and require several years to reach sexual maturity. Bruce (1990) found the mean size of 1, 2, 3, and > 4-year olds in a western North Carolina population to be 16.7, 28.9, 40.4, and 55.3 mm SVL, respectively. Organ (1961a) estimated that males become sexually mature when 3.5-years old, while females become mature when 4.5-years old, and first reproduce the following year when 5-years old. Males and females in western North Carolina populations first reproduce when 4-5 and 5-6 years old, respectively, and when 46-48 and 52-53 mm SVL (Bruce 1989, 1990, 1995). Data for other populations indicate that males and females first become sexually mature when > 41 and > 47 mm SVL (Petranka 1998).
Organ (1961a) noted that age-specific survivorship is fairly constant in transformed males throughout life, but tends to increase slightly as females become sexually mature. The mean annual survival rate is about 50% during the early years of life for males and immature females. The annual rate of survival of brooding females is only 30%. These estimates assume that females breed biennielly. In contrast with Organ's findings, Tilley (1968) found that age-specific survivorship tends to decrease with age in western North Carolina populations. Annual survival of 50-60% is required to maintain stable numbers of females in a study population in North Carolina (Bruce 1995).
Seal Salamanders have small home ranges and rarely move long distances. Hardin et al. (1969) estimated the average home range to be 8.4 m2 compared to only 0.07-0.45 m2 for populations studied by Kleeberger (1984, 1985). The adults appear to be territorial and will readily defend cover sites and burrows from both male and female conspecific intruders (Keen and Sharp 1984). Individuals of different sizes often segregate, with adults preferring larger cover objects than juveniles. This may reflect both ontogenetic shifts in the size of cover objects preferred, as well as the active avoidance of larger individuals by smaller conspecifics (Colley et al. 1989).
These and other salamanders can reach high densities in fish-free sections of streams and play important ecological roles as top predators. Kleeberger (1984, 1985) estimated densities to be 0.72-1.4 individuals/ m2 in optimal habitats in a study stream in western North Carolina and provided experimental evidence that cover objects are limiting and are a potential source of competition. Data provided by Bruce (1995) suggest densities in the order of 2.5-3.5 animals/m2 in optimal stream habitats.",,,,,description_field,adult_tl_range,75.0,150.0,,,,aquatic_larva,larval_stage_text,streamside,1.0,streamside_seep_keywords,nc_biodiversity_amphibians,Desmognathus_monticola.html,bf7f6a126646569d2d967954faa5b23639ee6cd16f076c54d9949cec092ba90a,https://auth1.dpr.ncparks.gov/amphibians/view.php?sciName=Desmognathus+monticola
ocoee,Ocoee Salamander,"Desmognathus ocoee is a medium-sized Desmognathus (approximately 15–54 mm SVL for juveniles and adults; n = 122) that exhibits a wide variety of color patterns and is best identified by its geographic range (Pyron and Beamer, 2022a). The unkeeled tail is rounded except for the distal portion that is often more laterally flattened. Individuals typically have 4-6 pairs of light blotches between the limbs that are separate in young animals. These fuse to varying degrees in older animals to form a wavy dorsal stripe. Individuals often vary markedly in coloration, but are commonly greenish gray, light brown, rusty red, or yellowish brown above. The venter is light colored in young animals, but becomes light gray to grayish black with age. Juveniles and young adults tend to have relatively bright coloration above that darkens with age. Specimens in the Nantahala Mountains and adjoining areas of the Blue Ridge sometimes have conspicuous red to yellowish coloration on the cheeks and/or upper portion of the legs and may be Batesian mimics of Plethodon shermani (Labanick 1983, Petranka 1998). The toe tips lack cornifications as seen in the more aquatic Desmognathus species.
Males in local populations of this and other members of the ocoee complex typically average slightly larger than females and are more likely to be melanistic. Relative to females, the males have well developed premaxillary teeth and large jaw musculature. They also possess small mental glands and have a mouth line that appears sinuate when viewed from the side. The hatchlings vary from about 13-18 mm TL and have prominent yolk reserves. The larvae have rounded snouts, very small whitish gills, and a series of 4-6 pairs of alternating light spots along the dorsum.",,"This and other members of the D. ocoee complex that occur in western North Carolina are associated with montane hardwoods with cool, clear-flowing headwater streams and seepages (Petranka 1998). They also inhabit wet rock faces. Brooding females and overwintering juveniles and adults congregate in aquatic habitats, but non-brooding individuals move away from aquatic habitats and live on the forest floor during the warmer months of the year. At sites where mesic conditions prevail, they can be found far from water. At lower elevations, individuals tend to remain in the immediate vicinity of seeps and streams (Beane et al. 2010, Petranka 1998). This species can be found from the lower valleys to the highest peaks in the western mountains.","The nesting biology of members of the D. ocoee complex -- as well as D. carolinensis and D. orestes -- appear to be very similar or identical. Some of the studies that reported on the nesting biology prior to the splitting of D. ochrophaeus (sensu lato) and D. ocoee (sensu lato) into multiple species (see above) are confounded because they involved two or more species (e.g., Martof and Rose, 1963). The following provides a general summary of the nesting biology of this group of closely related species, with references to specific species where possible.
Females often move from streamside or forested habitats to their nesting sites 1-3 weeks before ovipositing. Each female lays a small grape-like cluster of eggs. These are typically placed in a hollowed depression that is constructed beneath decaying logs, rocks, leaf litter or moss mats in or near springs, seeps, and small streams (Petranka 1998). Each egg has a short gelatinous stalk and the stalks become twisted around each other to form a single cluster that the female broods. Mature ova average about 2-3 mm in diameter. The mean clutch size of 21 populations with mixed species that were studied by Martof and Rose (1963) varied from 8-20 eggs, while nine clutches of D. perlapsus collected by Bruce (1990) in western North Carolina contained from 8-23 eggs and averaged 14. The modal clutch sizes for two populations of D. ocoee (sensu stricto) studied by Bernardo (1994) were 12 and 16 eggs, while Tilley (1972) reported clutches of 10-19 eggs (mean = 14 eggs) for D. perlapsus and 13-24 (mean = 18) for D. carolinensis on Mt. Mitchell. Clutch size is positively correlated with female body size in this and most other Desmognathus species and increases with elevation (Petranka 1998).
Females of all members of the Mountain Dusky Salamander complexes remain with their clutches through hatching. Brooding functions to protect the embryos from predators such as carabid beetles and other salamanders. It also functions to remove dead eggs from nests, to reduce egg desiccation, and to reduce fungal attacks (Petranka 1998, Tilley 1972). Females of D. perlapsus (and presumably other members of the D. ocoee complex) will lunge at and bite certain intruders, and their aggression towards intruders increases during the brooding season as their investment in parental care increases (Forester 1983). Clutches at or near hatching have been found from August to late September. The estimated incubation periods for North Carolina populations of D. perlapsus were 57-74 days (Forester 1977) and 50-60 days (Tilley 1972), and 52-69 days for D. carolinensis on Mt. Mitchell (Tilley 1972). Embryonic survivorship from early developmental stages to hatching is near 80% in clutches examined byTilley (1972).
Females of members of the Mountain Dusky Salamander complexes greatly reduce their food intake when brooding and appear to feed opportunistically on prey that approach the brooding sites (Forrester 1977, Martof and Rose 1963, Tilley 1972). Most females have a negative energy budget and lose weight over the brooding season. Brooding females sometimes feed on their own eggs, but the extent to which this reflects the attack of healthy embryos versus the removal of dead or diseased eggs from nests is not fully understood. Tilley (1972) found that females will preferentially eat dead eggs introduced into their clutches, but would sometimes eat healthy eggs from their own broods immediately after consuming a dead egg. Brooding females that are disturbed will consume healthy eggs from their own clutches, and hatchlings are sometimes cannibalized (Petranka 1998). Collectively, these data suggest that females regularly remove dead eggs from their clutches, but occasionally eat healthy eggs and hatchlings. Perhaps the movement of hatchlings or late-term embryos within the egg capsule stimulates hungry females to prey upon their offspring.",Fully developed embryos of members of the D. ocoee complex typically hatch in North Carolina in August through September. The larvae subsist on small invertebrates and the larval period last less than one year. Bruce (1989) reported that the larvae of D. perlapsus metamorphose in May and June of the following year when 11-15 mm SVL. Beachy (1995) grew larvae of D. ocoee in the laboratory at temperatures that resembled those in natural streams and found that the larval period typically lasted around 9-10 months. His experimental manipulation of food levels and water temperatures indicate that both can affect larval growth and development rates.,"After metamorphosing the young juveniles disperse from the nesting sites and move into either streamside habitats or the surrounding forest floor where they feed during the warmer months of the year. The juveniles and adults are generalist feeders that consume a wide variety of invertebrates, including many types of larval and adult insects, spiders and mites, nematodes, salamander eggs and juveniles, and shed skin (Petranka 1998). Individuals are active on the ground surface except during the coldest winter months when the adults and juveniles congregate in seepages or underground retreats.
The juveniles and adults are nocturnally active. They hide beneath cover objects or in recesses during the day, then emerge at night to feed or find mates. In the southern Appalachians individuals frequently climb plants or tree trunks on rainy nights, but are rarely encountered more than a meter or so above ground level. The adults are territorial and will actively defend space from conspecifics, particularly intruding males (Petranka 1998). Large males tend to dominate smaller males, and may bite them if the opponent does not flee when approached. Bites are often directed to the tail, and on rare instances, a portion of the tail may be lost. Population densities on rockfaces usually exceed those of streamside habitats, perhaps because of reduced predation from larger salamanders that co-occur in stream and streamside communities.
Growth rates vary depending on age, elevation, and the microhabitats frequented by the juveniles and adults. Males of two rockface populations that were studied by Tilley (1977, 1980) grew about 5-7 mm per year SVL until age 4-5, then slowly declined thereafter. The pattern was similar for females, except that their growth rates begin to decline after reaching 3-4 years of age. Individuals in western North Carolina and extreme southeastern Tennessee often become sexually mature when < 30 mm SVL (Petranka 1998). Bruce (1990) found that both sexes reach sexual maturity in a stream population when 3-years old, and that females first oviposit when 4-years old. In general, the age and size at first reproduction, maximum adult size, mean clutch size, and adult survivorship tend to increase with elevation (Tilley 1977, 1980).",,15.0,54.0,34.5,description_field,mixed_stage_range,,,,,,aquatic_larva,larval_stage_text,streamside,1.0,streamside_seep_keywords,nc_biodiversity_amphibians,Desmognathus_ocoee.html,d107d5f759a16b394152f17746979be60a6223408dfbb7cbf690e5257952efc4,https://auth1.dpr.ncparks.gov/amphibians/view.php?sciName=Desmognathus+ocoee
orestes,Blue Ridge Dusky Salamander,"D. orestes is indistinguishable based on external coloration, patterning and morphology from Desmognathus carolinensis and D. ocoee . These species have mutually exclusive ranges and are best identified based on the geographic locality of the collection site. All three species are medium-sized Desmognathus with tails that are unkeeled, slightly longer than the body, and typically rounded or oval-shaped in cross-section on the proximal half. The distal half can vary from being rounded to more laterally compressed towards the tip depending on the age and condition of an individual. The toe tips lack cornifications as seen in some of the more aquatic Desmognathus species. The adults vary from about 7-11 cm TL and average slightly longer than the females.
The dorsal patterning of this and other members of the complex is highly variable and ranges from straight-edged stripes to wavy blotches. These vary markedly in coloration, but are commonly greenish gray, light brown, rusty red, yellowish brown or bright red. The venter is light colored in young animals, but becomes light gray to grayish black with age. Juveniles and young adults tend to have relatively bright coloration that darkens with age. Older adults in high elevation populations are usually melanistic and are often dark gray to brownish gray with reduced dorsal patterning. Males in local populations average from 10-20% larger than females and are more likely to be melanistic (Petranka 1998). Relative to females, the males have well developed premaxillary teeth and large jaw musculature. They also possess small mental glands and have a mouth line that appears sinuate when viewed from the side. The hatchlings vary from about 13-18 mm TL and have prominent yolk reserves. The larvae have rounded snouts, very small whitish gills, and a series of 5-6 pairs of alternating spots along the dorsum. These may be absent or very faint in individuals that develop straight dorsolateral lines as adults (Petranka 1998).",,"This and other members of the D. ochrophaeus complex that occur in western North Carolina are associated with montane hardwoods with cool, clear-flowing headwater streams and seepages (Petranka 1998). They also inhabit wet rock faces. Brooding females and overwintering juveniles and adults congregate in aquatic habitats, but non-brooding individuals move away from aquatic habitats and live on the forest floor during the warmer months of the year. At sites where mesic conditions prevail, they can be found far from water. At lower elevations, individuals tend to remain in the immediate vicinity of seeps and streams (Beane et al. 2010, Petranka 1998).","Females deposit grape-like clusters of eggs in hollowed depressions beneath logs, rocks, leaf litter, or moss mats in wet microhabitats such as springs, seeps, and small streams. Each egg has a short gelatinous stalk and is attached to a common base to form a cluster (Martof and Rose 1963). The nests are usually constructed at or slightly above the water surface and females remain with their clutches until the embryos hatch. Although poorly documented, most females presumably oviposit May-July and most embryos hatch in late summer or early fall after an incubation period of about two months (Petranka, 1998). The mean clutch sizes of two North Carolina populations was 14 and 16 mature ova (Martof and Rose, 1963). Clutch size is positively correlated with female body size in this and most other Desmognathus species (Martof and Rose, 1963; Tilley, 1968).","The larvae live in seepages, wet rock-faces, rivulets, and the sluggish portions of small streams where they feed on small invertebrates. Organ (1961a) collected metamorphs in April and May in Virginia, and estimated a 8-9 month larval period for offspring hatching from eggs laid the previous June. Tilley and Tinkle (1968) and Tilley (1973b) questioned this interpretation since some of the metamorphs may have been from winter-brooding females.","Males and females in southwestern Virginia become sexually mature in the autumn when 3.5 years and 4.5 years old (Organ, 1961a). Females first reproduce the following year when about 5 years old. Age-specific survivorship of males decreases with age, and brooding females have higher mortality rates than immature females -- a fact that may reflect the costs of parental care. As with most plethodontid salamanders in the eastern US, this species is nocturnally active. Individuals generally remain beneath cover during the day, although a small percent of animals may be active outside of cover on very overcast days. Except during periods of dry weather, they emerge at night and actively move about in search of prey or mates. Individuals can often be spotted climbing ferns or other low-lying ground cover at night. Adults and juveniles congregate in seepages or underground retreats during the late-fall and winter months and disperse from winter retreats to surrounding forests during the spring warm-up (Organ 1961a, b). The females migrate short distances to aquatic or semiaquatic sites such as seeps and headwater streams to lay and brood their eggs, and the young disperse from these sites into the surrounding forest.",Desmognathus orestes is a common species at moderate to higher elevations in western North Carolina and is in minimal need of protection.,,,,description_field,adult_tl_range,70.0,110.0,,,,aquatic_larva,larval_stage_text,streamside,1.0,streamside_seep_keywords,nc_biodiversity_amphibians,Desmognathus_orestes.html,f3743b496f025598628fdcc716c45792a0329c397a95ec5da11c82147e87ee42,https://auth1.dpr.ncparks.gov/amphibians/view.php?sciName=Desmognathus+orestes
organi,Northern Pygmy Salamander,"This is a tiny Desmognathus with 14 costal grooves, a bronze to yellowish-brownish dorsum, an inverted V-shaped mark behind the eyes, and a conspicuous herringbone pattern that runs down the center of the back. The tail is rounded in cross-section and is less than half the length of the body. The top of the head and snout is rugose, and the eyelids are often coppery colored (Petranka 1998). Many specimens have a wavy dark brown dorsolateral line on either side of the body that adjoins the dorsal ground color. The venter is flesh-colored and lacks dark mottling. Depending on the locale, golden iridophores may be either absent from the ventral musculature or scattered to produce goldish speckling. The adults vary from around 40-60 mm TL (most are > 50 mm), and females tend to be heavier and have proportionately longer tails than the males (Crespi et al. 2010). The males have a U-shaped mental gland on their chin that is used during courtship.
This species can potentially be confused with young juveniles of the Desmognathus ochrophaeus complex . The coppery-colored eyelids, the herringbone pattern on the back, and the short tail that is less than the body length are good field traits for separating this species from the young juveniles of other Desmognathus species. Individuals also typically have a prominent dark line on each side of the head that runs from the eye to the snout that is either absent or poorly developed in members of the Desmognathus ochrophaeus complex .
The hatchlings have 4-5 pairs of light dorsal spots and very short tails. The mean SVL and TL of hatchlings examine by Organ (1961a) varied from 7.0-8.1 and 10.0-11.2 mm, respectively. The gills are lost at or shortly before hatching and there is no aquatic larval stage (Petranka 1998). Desmognathus organi is very similar to D. wrighti , but is slightly larger and stockier on average. It also has far fewer iridophores on the ventral musculature. We recommend using the collection locality (north or south of the French Broad River Valley) in assigning names to specimens.",,"Desmognathus organi is most commonly found in forests above 3600' (1100 m) in the southern Appalachians (Crespi et al. 2010), including the Black Mountains, Grandfather Mountain, and Roan Mountain in North Carolina. Local populations occur in cove forests, northern hardwood forests, and spruce-fir forests, but populations appear to reach their highest densities in spruce-fir forests (Rossell et al. 2018). Mature forests with large amounts of woody debris on the forest floor are ideal habitats. Rich cove forests with mature or old-growth hardwoods can also support large populations of this species. Crespi et al. (2010) found that the habitats occupied by D. organi generally receive less annual rainfall and are cooler on average than those used by D. wrighti . Despite these climatic differences associated with the range and elevational differences, Rossell et al. (2018) found almost no differences in the microhabitats that are used by these species in North Carolina.","Females lay clusters of eggs and remain coiled about their eggs through hatching. Organ (1961a, b) found six clusters in late developmental stages on 16 October in Virginia beneath the bank of a headwater stream. The eggs were 3.5 mm in diameter and were suspended by a single pedicel formed from the outer capsules of one or two eggs. The number of eggs per clutch varied from 3-8 and averaged 6. The number of mature ova in females examined by Tilley (1968) varied from 6-14, averaged around 10, and was positively correlated with SVL. Although females often nest in or near seepages or headwater streams, those at high elevation sites that are far removed from running water presumably oviposit in moist underground retreats. Organ (1961a) considered D. wrighti to be a biennial breeder, but Tilley (1968) argued that most females breed annually.","The developing embryos have rudimentary gills, but these are lost shortly before or after hatching and there is no aquatic larval stage.","The juveniles and adults are fully terrestrial and live in or on forest floor habitats during the summer months where they forage for small invertebrates. They are most commonly found during the day beneath woody debris. Small cover objects such as decomposing limbs and logs offer ideal microhabitats, but individuals also can be found in leaf litter and beneath slabs of bark, stones, and other cover objects (Rossell et al. 2018). Individuals actively forage at night outside of cover and often perch on low vegetation during wet weather where they take small invertebrates. Petranka and Murray (2001) studied a population in western North Carolina and noted that the adults were very sensitive to moisture levels. They often perched on vegetation on nights when the foliage was dripping wet, but quickly curtailed surface activity as conditions dried. They were unsuccessful in estimating densities based on removal sampling, but provided a minimum estimate of at least 0.37 salamanders/m2 in streamside habitats. Perching on vegetation may be a way to avoid larger, predatory salamanders that forage from the leaf litter below (Petranka 1998).
Although this species is often collected far from running water (e.g., Rossell et al. 2018), local populations are often found near headwater streams and associated seepages that serve as overwintering and nesting sites (Petranka 1998, Crespi et al. 2010). Organ (1961a, b) found large numbers of D. organi in streambanks from October through mid-May, but relatively few in mid-June. Most males appeared to disperse to forest floor habitats after the arrival of warm weather in late-spring. It was uncertain if the mature females remained near winter hibernacula all year long, or moved from forest floor microhabitats in early summer to nests in streambanks and seepages.",,,,,description_field,adult_tl_range,40.0,60.0,,,,direct_development,explicit_direct_development_text,streamside,1.0,streamside_seep_keywords,nc_biodiversity_amphibians,Desmognathus_organi.html,87776bd0c9321dadd2e281fcfcaf5b0d7a4e4796012c9284187bae22ca7313a7,https://auth1.dpr.ncparks.gov/amphibians/view.php?sciName=Desmognathus+organi
perlapsus,Chattooga Dusky Salamander,"Desmognathus perlapsus is a medium-size Desmognathus and closely resembles other members of the D. ocoee complex. It is best identified by range and the collection site. The tail is mostly rounded but tends to become more flattened on the distal portion. The dorsum typically has 4-6 pairs of dorsal spots between the limbs that become fused with age to produce a wavy pattern with dark margins around the spots. White flecking is often present on the upper surfaces, and whitish mottling on the sides and venter. Some populations in the Cowee Mountains and Highlands Plateau also occasionally exhibit red, orange, or yellow cheek patches (Pyron and Beamer, 2022a). This species lacks corified, dark toe tips as seen in most of the more aquatic Desmognathus species.
Males in local populations of this and other members of the ocoee complex typically average slightly larger than females and are more likely to be melanistic. Relative to females, the males have well developed premaxillary teeth and large jaw musculature. They also possess small mental glands and have a mouth line that appears sinuate when viewed from the side. The hatchlings of the coee complex vary from about 13-18 mm TL and have prominent yolk reserves. The larvae have rounded snouts, very small whitish gills, and a series of 4-6 pairs of alternating light spots along the dorsum.",,"In western North Carolina. D. perlapsus is associated with montane hardwood forests with cool, clear-flowing headwater streams and seepages and wet rock faces. Brooding females and overwintering juveniles and adults congregate in aquatic habitats, but non-brooding individuals move away from aquatic habitats and live on the forest floor during the warmer months of the year. At sites where mesic conditions prevail, they can be found well away from streams and other aquatic sites. Farther south, populations in Georgia and Alabama are most commonly found in the immediate vicinity of streams due to less mesic conditions.","The nesting biology of members of the D. ocoee complex -- as well as D. carolinensis and D. orestes -- appear to be very similar or identical. Some of the studies that reported on the nesting biology prior to the splitting of D. ochrophaeus (sensu lato) and D. ocoee (sensu lato) into multiple species (see above) are confounded because they involved two or more species (e.g., Martof and Rose, 1963). The following provides a general summary of the nesting biology of this group of closely related species, with references to specific species, including D. perlapsus , where possible.
Females often move from streamside or forested habitats to their nesting sites 1-3 weeks before ovipositing. Each female lays a small grape-like cluster of eggs. These are typically placed in a hollowed depression that is constructed beneath decaying logs, rocks, leaf litter or moss mats in or near springs, seeps, and small streams (Petranka 1998). Each egg has a short gelatinous stalk and the stalks become twisted around each other to form a single cluster that the female broods. Mature ova average about 2-3 mm in diameter. The mean clutch size of 21 populations with mixed species that were studied by Martof and Rose (1963) varied from 8-20 eggs, while nine clutches of D. perlapsus collected by Bruce (1990) in western North Carolina contained from 8-23 eggs and averaged 14. The modal clutch sizes for two populations of D. ocoee (sensu stricto) studied by Bernardo (1994) were 12 and 16 eggs, while Tilley (1972) reported clutches of 10-19 eggs (mean = 14 eggs) for D. perlapsus and 13-24 (mean = 18) for D. carolinensis on Mt. Mitchell. Clutch size is positively correlated with female body size in this and most other Desmognathus species and increases with elevation (Petranka 1998). Forester (1977) collected over 400 females of D. perlapsus from mid-June through late-August that were brooding their eggs beneath decaying logs, rocks, leaf litter and moss mats in a small stream in Macon County. Many (probably most) of the females reproduced annually and they returned to the same stream stretch to breed.
Females of all members of the Mountain Dusky Salamander complexes remain with their clutches through hatching. Brooding functions to protect the embryos from predators such as carabid beetles and other salamanders. It also functions to remove dead eggs from nests, to reduce egg desiccation, and to reduce fungal attacks (Petranka 1998, Tilley 1972). Females of D. perlapsus (and presumably other members of the D. ocoee complex) will lunge at and bite certain intruders, and their aggression towards intruders increases during the brooding season as their investment in parental care increases (Forester 1983). Clutches at or near hatching have been found from August to late September. The estimated incubation periods for North Carolina populations of D. perlapsus were 57-74 days (Forester 1977) and 50-60 days (Tilley 1972), and 52-69 days for D. carolinensis on Mt. Mitchell (Tilley 1972). Embryonic survivorship from early developmental stages to hatching is near 80% in clutches examined by Tilley (1972).
Females of members of the Mountain Dusky Salamander complexes greatly reduce their food intake when brooding and appear to feed opportunistically on prey that approach the brooding sites (Forrester 1977, Martof and Rose 1963, Tilley 1972). Most females have a negative energy budget and lose weight over the brooding season. Brooding females sometimes feed on their own eggs, but the extent to which this reflects the attack of healthy embryos versus the removal of dead or diseased eggs from nests is not fully understood. Tilley (1972) found that females will preferentially eat dead eggs introduced into their clutches, but would sometimes eat healthy eggs from their own broods immediately after consuming a dead egg. Brooding females that are disturbed will consume healthy eggs from their own clutches, and hatchlings are sometimes cannibalized (Petranka 1998). Collectively, these data suggest that females regularly remove dead eggs from their clutches, but occasionally eat healthy eggs and hatchlings. Perhaps the movement of hatchlings or late-term embryos within the egg capsule stimulates hungry females to prey upon their offspring.",Fully developed embryos of members of the D. ocoee complex typically hatch in North Carolina in August through September. The larvae subsist on small invertebrates and the larval period last less than one year. Bruce (1989) reported that the larvae of D. perlapsus metamorphose in May and June of the following year when 11-15 mm SVL. Beachy (1995) grew larvae of D. ocoee in the laboratory at temperatures that resembled those in natural streams and found that the larval period typically lasted around 9-10 months. His experimental manipulation of food levels and water temperatures indicate that both can affect larval growth and development rates.,"Members of the D. ocoee and D. ochrophaeus complexes have very similar terrestrial life histories. Although the terrestrial ecology of D. perlapsus is poorly documented, it presumably is very similar to that of other members of the mountain dusky salamander complexes. A general summary of the terrestrial life history of these species follows.
After metamorphosing the young juveniles disperse from the nesting sites and move into either streamside habitats or the surrounding forest floor where they feed during the warmer months of the year. The juveniles and adults are generalist feeders that consume a wide variety of invertebrates, including many types of larval and adult insects, spiders and mites, nematodes, salamander eggs and juveniles, and shed skin (Petranka 1998). Individuals are active on the ground surface except during the coldest winter months when the adults and juveniles congregate in seepages or underground retreats.
The juveniles and adults are nocturnally active. They hide beneath cover objects or in recesses during the day, then emerge at night to feed or find mates. In the southern Appalachians individuals frequently climb plants or tree trunks on rainy nights, but are rarely encountered more than a meter or so above ground level. The adults are territorial and will actively defend space from conspecifics, particularly intruding males (Petranka 1998). Large males tend to dominate smaller males, and may bite them if the opponent does not flee when approached. Bites are often directed to the tail, and on rare instances, a portion of the tail may be lost. Population densities on rockfaces usually exceed those of streamside habitats, perhaps because of reduced predation from larger salamanders that co-occur in stream and streamside communities.
Growth rates vary depending on age, elevation, and the microhabitats frequented by the juveniles and adults. Males of two rockface populations of D. perlapsus that were studied by Tilley (1977, 1980) grew about 5-7 mm per year SVL until age 4-5, then slowly declined thereafter. The pattern was similar for females, except that their growth rates begin to decline after reaching 3-4 years of age. Individuals in western North Carolina and extreme southeastern Tennessee often become sexually mature when D. perlapsus reach sexual maturity in a stream population when 3-years old, and that females first oviposit when 4-years old. In general, the age and size at first reproduction, maximum adult size, mean clutch size, and adult survivorship tend to increase with elevation (Tilley 1977, 1980).","Desmognathus perlapsus ranges from the Alarka and Cowee Mountains in western North Carolina southward through northeastern Georgia into the Piedmont of Georgia and Alabama, and to the Fall Line and adjacent Coastal Plain of southeastern Alabama. In North Carolina, this species occurs between the Tuckasegee and Little Tennessee Rivers in extreme eastern Clay County, extreme western Macon County, extreme southwestern Transylvania County, and extreme southern Swain County. Local populations are found in stream and streamside habitats in headwater and lower-order streams. Many local populations in North Carolina are in national forests and other lands that offer a significant degree of protection.",,,,,,,,,,,aquatic_larva,larval_stage_text,streamside,1.0,streamside_seep_keywords,nc_biodiversity_amphibians,Desmognathus_perlapsus.html,7f8d52b1b70d90130e10407edb13897b774ed3d2a7e1f476bf7d8f8ebc1c15dc,https://auth1.dpr.ncparks.gov/amphibians/view.php?sciName=Desmognathus+perlapsus
santeetlah,Santeetlah Dusky Salamander,"This is a medium-sized species of Desmognathus with a tail that is weakly keeled or trigonal distally. The toe tips lack cornifications and subsequently do not appear black-tipped. Most specimens are dull colored with yellowish-brown to greenish or greenish-brown coloration above. A straight or slightly undulating dorsolateral dark stripe is usually present, but is often thin, diffuse, and broken (Tilley 2000a). These stripes often enclose reddish pigment on the dorsum, particularly in younger specimens. Yellow pigmentation is most evident along the ventrolateral surfaces and under the base of the tail. Many specimens have numerous patches of iridophores scattered over their dorsal, lateral, and ventral surfaces, and the venter of many specimens has a ""salt and pepper"" pattern with a yellowish wash. Old individuals are usually greenish-brown dorsally and laterally, often with abundant iridophore patches but no other discernible dorsal pattern (Tilley 2000a). The hatchlings average around 8-9 mm SVL and the larvae have about 10 spots between the limbs that are often represented in the adults as depigmented areas or areas containing concentrations of reddish pigment. This species often coexists with several other Desmognathus species and is best identified in the field by a combination of size, the absence of cornified toe tips, the triagonal tail, and the yellowish wash that is often conspicuous on the underside of the tail. Hybrids are highly variable in coloration and patterning, and may consist of both dull and brightly colored and patterned individuals (Tilley 1988).",,"The Santeetlah Dusky Salamander is a semiaquatic species that is typically found in closed-canopy habitats in the immediate vicinity of cool seeps and headwater streams (Beane et al. 2010, Tilley 1981). Most specimens found by Petranka and Smith (2005) were either in the streambed proper or within 4 m of the streambed.","Females lay globular clusters of eggs during the summer months and brood them through hatching. They have most commonly been found beneath moss mats that cover rocks or logs in or along the edges of seepages or headwater streams. Jones (1986) found that most females oviposit from around mid-May through early July in the Unicoi Mountains. The clutch size of populations in the Smokies averages around 17-20 eggs (Beachy 1993b, Tilley 1988), while Jones (1986) reported a mean of 23 ova in Unicoi populations.","Dietary studies have not been conducted for the larvae, but they presumably feed on tiny invertebrates such as midge larvae that are found in seepages and streams. The larval period of populations in the Unicoi Mountains appears to be slightly less than 1 year, with the smallest metamorphs ranging from 9-12 mm SVL (Jones 1986).","The juveniles and adults live in close proximity to running water. The diet is undocumented, but they presumably are opportunistic, generalist predators on invertebrates like other dusky salamanders. Jones (1986) found that males begin to reach sexual maturity when around 30 mm SVL, versus 33–35 mm SVL for females. The males reach sexual maturity when around 2-years old, while females require an additional year of growth.",,,,,,,,,,,,aquatic_larva,larval_stage_text,streamside,1.0,streamside_seep_keywords,nc_biodiversity_amphibians,Desmognathus_santeetlah.html,049f1a94ad6c63a513404a6606ee1ae68ed5e718ad7b117ff88a71c8e6010d9e,https://auth1.dpr.ncparks.gov/amphibians/view.php?sciName=Desmognathus+santeetlah
tilleyi,Max Patch Dusky Salamander,"As described by Pyron and Beamer (2023a), this is a small, slender, high-elevation species that has the general appearance of a mountain dusky salamander. Specimens typically have a brightly colored or bold dorsal pattern that consists of paired larval spots that develop into blotches with age. The blotches can be red, orange, yellow, brown, dark brown or black on melanistic specimens, and are usually margined with black along the outer edges. They extend a short distance onto the tail before transitioning into a continuous dorsal stripe that often extends to near the tail tip. The lateral ground color can vary from light yellowish brown to black and is overlain with extensive whitish flecking. Pyron and Beamer (2023a) note that the color and patterning varies extensively within and among populations. This species closely resembles D. carolinensis but the two species occur parapatrically. Based on the known distributions of the two species (see range map above), the site of collection should be sufficient to identify these species in the field.",,"This species is found is mountain seepages and headwater and low-order streams, as well as in adjoining areas of forests.",,,,"This is a very narrow endemic to the southern Appalachians, with the known populations centered on the southern portion of the Bald Mountains of Tennessee (southeastern Sevier County and southwestern Cocke County) and North Carolina (extreme northwestern Madison County and northeastern Haywood County) Specimens have been documented from Lemon Gap to the Pigeon River, and in the adjacent foothills of the Great Smoky Mountains (Pyron and Beamer, 2023a) at elevations ranging from around 400-1300 m (1312 – 4265’). Local populations use seepages, streams, and streamside habitats and are most common in headwater and lower-order streams where they can reach high local densities. Most local populations in North Carolina are in national forest lands and receive a significant level of protection.",,,,,,,,400.0,1300.0,850.0,aquatic_larva,larval_morphology_description,streamside,1.0,streamside_seep_keywords,nc_biodiversity_amphibians,Desmognathus_tilleyi.html,4da2eb65d8802e1fcb2a77b07673662aa4cf0cdb0a8bfd99f32a21c144a68a9a,https://auth1.dpr.ncparks.gov/amphibians/view.php?sciName=Desmognathus+tilleyi
valtos,Carolina Swamp Dusky Salamander,"Desmognathus valtos is a medium-sized dusky salamander (17.2–62.4 mm SVL for transformed specimens) that has a dark greenish-gray ground color and orangish wash on the dorsal surfaces. Smaller individuals may have visible remnants of orangish or reddish paired larval spots on the dorsum, but these are quickly lost after metamorphosis as the dorsum darkens with age (Pyron and Beamer, 2022b). The line between the eye and angle of the jaw is often bright yellowish-orange or red, and there is very little differentiation between dorsal and lateral color patterns as is commonly the case in most Desmognathus species. The tail is flattened at the end and can comprise up to 106% of the SVL. It is thick and girthy, has a weak keel, and usually has a yellowish or orangish stripe with indistinct margins on the dorsal surface. Many specimens have one or two rows of tiny whitish, yellowish, orangish, or reddish porthole markings or spots that extend along each side of the body and often onto the tail. A third row of lateral spots is often present near the junction of the side and venter. The ventral color pattern is relatively bright and granular, and consists of an interspersed reticulation of brownish, yellowish and whitish speckling. The toe tips lack cornifications and there is an average of 14 costal grooves (Beane et al. 2010, Petranka 1998). The adults vary from about 8-16 cm TL. The larvae are dusky brown to black and have darkly pigmented, blackish gills that are bushier and darker colored than those of other Desmognathus . The body is uniformly black above and has rows of lighter colored dots down each side of the body.",,"The Carolina Swamp Dusky Salamander is strongly associated with forested floodplains in the Coastal Plain. Specimens have been found in swamps, sloughs, mud-bottomed pools in floodplains, springs, and slow-moving muddy streams. The juveniles and adults reside under leaf litter, woody surface debris, sphagnum mats, and in underground cavities in peaty soils. They prefer microhabitats with mucky soils or decomposing peat near the edges of swamps, sloughs, sluggish streams, or other stagnant or slow-moving waters. Individuals can also be found in sphagnum moss mats along the edges of lakes or other wetlands. The eggs are laid on land under moss clumps, in decaying peat, or other shelter that keeps them cool and moist. There is an aquatic larval stage, so the eggs are typically placed very close to the water's edge (Beane et al. 2010, Means 2015, Petranka 1998).","Females lay grape-like clusters of eggs beneath woody surface cover, sphagnum mats, and in cavities excavated in peat. They guard their eggs through hatching. Wood and Clarke (1955) found a guarding female in Virginia that had consumed four eggs, but it is uncertain if the embryos were dead or alive when consumed. Based on limited nesting records, the egg-laying season is lengthy, but primarily confined to the summer months. Robertson and Tyson (1950) found six clutches with late-term embryos and attending females on 5 September in North Carolina. The eggs were in globular masses in cavities within rotted cypress logs and stumps near the water's edge and contained from 14-20 eggs per clutch. Eaton (1953) found a female with two eggs and 15 young in late October from the same area, while Wood and Clarke (1955) found a nest with 26 eggs on 27 August beneath a cypress limb in southeastern Virginia.","Females nest close to the water's edge and the hatchlings presumably move a short distance to nearby bodies of water where they feed on invertebrates. The larvae are typically found in sluggish bodies of water such as small pools, sloughs, swamps, and sluggish streams. They frequently live near the water's edge in leaf litter or other cover. Very little is known about the length of the larval period or other aspects of the larval stage.","After metamorphosing, the juveniles and adults live in the immediate vicinity of bodies of water. They have frequently been collected by raking leaf litter along the margins of pools or sloughs. The adults are also excellent burrowers and will often burrow into peat or other substrates to avoid drying conditions. Like other Desmognathus , individuals appear to be generalist, opportunistic predators.","Desmognathus auriculatus as traditionally known was recently split into several species, with North Carolina populations now named D. valtos , and more southern populations in Georgia and Florida as D. auriculatus . The latter appears to have undergone major declines during the last few decades (reviewed by Means 2015). For example, Means and Travis (2007) searched 63 ravines in the Florida panhandle where the species was recorded as being the most abundant salamander in the 1970s. They could not find a single specimen during a resurvey of these sites. Similarly, from 39 historic sites and 25 additional sites that appeared suitable for the species in Alabama and Georgia, Graham et al. (2010) found only a few individuals at only two sites. The status of populations outside of Florida and Georgia are not as well known. Beamer and Lamb (2020) collected specimens of D. valtos from many sites in South Carolina and North Carolina for their molecular studies, and records from iNaturalist suggest that populations in the Carolinas have not declined precipitously as seen in D. auriculatus .",17.2,62.4,39.8,description_field,mixed_stage_range,80.0,160.0,,,,aquatic_larva,larval_stage_text,streamside,1.0,streamside_seep_keywords,nc_biodiversity_amphibians,Desmognathus_valtos.html,9076033e2c9434c094643ece9b2e270a28859b6c46c90a221c3b947796b5b541,https://auth1.dpr.ncparks.gov/amphibians/view.php?sciName=Desmognathus+valtos
wrighti,Pygmy Salamander,"This is a tiny Desmognathus with 14 costal grooves, a light brown dorsum, an inverted V-shaped mark behind the eyes, and a conspicuous herringbone pattern that runs down the center of the back. Individuals are occasionally collected with the dorsum either yellowish or brick red, and in some individuals the herringbone pattern may be missing or reduced to a line of dots down the mid-line (Crespi et al. 2010). The tail is rounded in cross-section and is less than or equal to the length of the body. The top of the head and snout is rugose, and the eyelids are often coppery colored (Petranka 1998). Many specimens have a wavy dark brown dorsolateral line on either side of the body that adjoins the dorsal ground color. The venter is flesh-colored and lacks dark mottling. Golden iridophores are well-developed on the ventral musculature and percardium of the heart and are visible through the ventral body wall. They form an elliptical pattern that extends from the area between the forearms to just before the cloacal vent.
The total length of adults ranges from 35-55 mm, but only rarely exceeds 50 mm (Crespi et al. 2010). The males have a U-shaped mental gland on their chin that is used during courtship. This species can potentially be confused with young juveniles of the Desmognathus ochrophaeus complex. The coppery-colored eyelids, the herringbone pattern on the back, and the short tail that is generally no longer than the body length are good field traits for separating this species from the young juveniles of other Desmognathus species such as D. ocoee . Individuals also typically have a prominent dark line on each side of the head that runs from the eye to the snout. The line is either absent or poorly developed in members of the Desmognathus ochrophaeus complex.
The hatchlings have 4-5 pairs of light dorsal spots and very short tails. The gills are lost at or shortly before hatching and there is no aquatic larval stage (Petranka 1998). Desmognathus organi is very similar to D. wrighti , but is slightly larger and stockier on average. It also has far fewer iridophores on the ventral musculature. We recommend using the collection locality (north or south of the French Broad Valley) in assigning names to specimens.",,"Pygmy Salamanders occur primarily at mid to higher elevations in the Blue Ridge Mountains. They can be relatively common in spruce-fir forests on the highest peaks south of the Asheville Basin (Tilley and Hugheey, 2001), but also occur in stands of Northern Hardwoods and Cove Forests at elevations as low as 2,400'. This is a highly terrestrial species with no aquatic larval stage. The adults forage widely across the forest floor and can be found during the summer months substantial distances from aquatic sites (Petranka 1998).","Females are thought to lay their eggs during mid to late summer based on dissections of females (Hining and Bruce 2005). Nesting females have yet to be found, but they presumably lay small clusters of eggs and remain coiled about them through hatching as seen for D. organi .",Pygmy Salamander embryos resorb their gills shortly before hatching and there is no larval stage.,"The juveniles and adults live on the forest floor during the summer months where they forage for small invertebrates. They are most commonly found during the day beneath woody debris. Small cover objects such as decomposing limbs and logs offer ideal microhabitats, but individuals also can be found in leaf litter and beneath slabs of bark, stones, and other cover objects (Rossell et al. 2018). Individuals forage at night outside of cover and often perch on low vegetation during wet weather where they take small invertebrates. Specimens that were collected by Smith and Petranka (2005) during the summer months avoided the streambed proper and were most abundant within a 4-16 m zone from the streambed. Many others were found beyond this zone on the forest floor. Rossell et al. (2018) noted that 78% of pygmy salamanders that they collected in western North Carolina (pooled data for both D. organi and D. wrighti ) were >30 m from seeps or streams.
Much like D. organi , many individuals appear to move into moist microhabitats in or near headwater streams and associated seepages to overwinter and nest (Crespi et al. 2010, Petranka 1998). Bruce (1977) found D. wrighti in saturated mud and gravel in the banks of seepages in the Cowee Mountains of North Carolina in autumn, mid-winter, and early spring, while Hining and Bruce (2005) found them to be common within 10 m of seepages and streams during March and April where they lived in small depressions beneath moist leaf litter, moss clumps, logs, and other cover.",,,,,,,,,,,,direct_development,explicit_direct_development_text,streamside,1.0,streamside_seep_keywords,nc_biodiversity_amphibians,Desmognathus_wrighti.html,ec11ab0b1c295223eb698b5c7c79607761fab95e7a1c88fbad845e866f1e13eb,https://auth1.dpr.ncparks.gov/amphibians/view.php?sciName=Desmognathus+wrighti
