filename,nucleus_label,nuc_area_px,nuc_area_um2,nuc_iod,nuc_mean_od,nuc_centroid_x,nuc_centroid_y,nuc_i_bg,tile_name,tile_y0,tile_x0,tile_height_px,tile_width_px,nucleus_mask_path,roi_zip_path,nucleus_tile_manifest_path,raw_imagej_results_path,slide_id,specimen_id,species,image_type,nucleus_source_image_path,nucleus_run_manifest_path,nucleus_object_id,cell_mask_path,cell_tile_y0,cell_tile_x0,cell_tile_h,cell_tile_w,has_cell_tile,has_nucleus_mask,has_nucleus_roi,mask_sample_label,window_label_count,link_method,nucleus_mask_pixel_count,nucleus_mask_best_overlap_px,nucleus_mask_best_overlap_fraction,nucleus_mask_overlap_label_count,roi_pixel_count,roi_best_overlap_px,roi_best_overlap_fraction,roi_overlap_label_count,cell_object_id,mask_label_id,cell_area_px,cell_area_um2,cell_solidity,cell_circularity,cell_iod,cell_mean_od,cell_centroid_y,cell_centroid_x,cell_i_bg,cell_equiv_radius_px,cell_tile_manifest_path,cell_source_image_path,cell_run_manifest_path,has_cell_match,centroid_distance_px,distance_over_cell_radius,nc_area_ratio,cytoplasm_area_um2,physical_pair_ok,one_to_one_cell,keep_mask_pair,flag_summary,keep_trim_5_95,keep_strict_core,keep_ultra_core,z_log_cell_area,z_log_nuc_area,z_log_nuc_iod,z_log_nc_ratio,pair_core_distance,review_key,cell_shape_area_px,cell_shape_perimeter_px,cell_shape_smoothness,cell_shape_roughness,cell_shape_ellipse_iou,cell_shape_ellipse_deviation,cell_shape_solidity,cell_shape_aspect_ratio,cell_shape_eccentricity,nucleus_shape_area_px,nucleus_shape_perimeter_px,nucleus_shape_smoothness,nucleus_shape_roughness,nucleus_shape_ellipse_iou,nucleus_shape_ellipse_deviation,nucleus_shape_solidity,nucleus_shape_aspect_ratio,nucleus_shape_eccentricity,shape_has_jagged_edge,shape_has_ellipse_mismatch,shape_has_concavity,shape_is_suspect,shape_qc_status,shape_qc_reasons,raw_focus_lap_var,raw_focus_grad_mean,raw_focus_intensity_iqr,decision,reason_code,n_accepted,n_remaining_to_target,target_reached,cell_edge_touch,keep_probability,review_priority,triage_bucket,size_signal,nucleus_darkness_signal,darkness_signal,clarity_signal,pair_distance_signal,shape_signal,ranking_profile,strict_core_relaxed,quality_floor_pass,quality_floor_relaxed,top50_score,species_rank,current_decision,current_reason_code,log_cell_area_um2,log_nuc_area_um2,log_nuc_iod,dark_focus_signal,large_dark_signal,large_clear_signal,original_physical_pair_ok,auto_keep_mask_pair,auto_keep_trim_5_95,auto_keep_strict_core,auto_keep_ultra_core,cell_repair_applied,nucleus_repair_applied,review_repair_succeeded,manual_report_include,pair_quality_probability,quality_rank_score,review_decision,review_repair_mode,review_reason_code,review_note,review_updated_at,grid_selected,grid_species_rank,grid_selection_tier,grid_effective_decision,grid_effective_reason_code
Process_395_green.ome.tiff,94,3283,47.275200,776.017300,0.236400,25896.000000,10891.000000,255,tile_y008192_x024576.tiff,8192,24576,4096,4096,/home/jake/Projects/cellprofiler_test/output/runs/life_history_target_vsi_v1/imagej_nucleus_measurements/artifacts/Process_395_green.ome/macro_artifacts/tile_y008192_x024576__mask.tif,/home/jake/Projects/cellprofiler_test/output/runs/life_history_target_vsi_v1/imagej_nucleus_measurements/artifacts/Process_395_green.ome/macro_artifacts/tile_y008192_x024576__rois.zip,/home/jake/Projects/cellprofiler_test/output/runs/life_history_target_vsi_v1/imagej_nucleus_measurements/artifacts/Process_395_green.ome/tile_manifest.csv,/home/jake/Projects/cellprofiler_test/output/runs/life_history_target_vsi_v1/imagej_nucleus_measurements/artifacts/Process_395_green.ome/raw_imagej_results.csv,395,168277,D. aeneus,pmount,/home/jake/Projects/cellprofiler_test/output/runs/life_history_target_vsi_v1/staging/tiles/Process_395_green.ome/tile_y008192_x024576.tiff,,Process_395_green.ome.tiff::tile_y008192_x024576.tiff::94,/home/jake/Projects/cellprofiler_test/output/runs/life_history_target_vsi_v1/cell_measurements/masks/Process_395_green.ome/tile_y008192_x024576__filtered_labels.tiff,8192.000000,24576.000000,4096.000000,4096.000000,True,True,True,4,0,roi_overlap_unique,0,0,0.000000,0,3422,3422,1.000000,1,Process_395_green.ome.tiff::tile_y008192_x024576.tiff::4,4.000000,21893.000000,315.259200,0.988353,0.655817,2909.581997,0.132900,10896.770000,25917.360000,255.000000,83.479089,/home/jake/Projects/cellprofiler_test/output/runs/life_history_target_vsi_v1/cell_measurements/tile_manifest.csv,/home/jake/Projects/cellprofiler_test/output/runs/life_history_target_vsi_v1/staging/tiles/Process_395_green.ome/tile_y008192_x024576.tiff,/home/jake/Projects/cellprofiler_test/output/runs/life_history_target_vsi_v1/cell_measurements/summary.json,True,22.125607,0.265044,0.149957,267.984000,True,True,True,trim_outlier,False,False,False,1.268825,0.368009,0.791565,-0.183004,1.550939,Process_395_green.ome.tiff::tile_y008192_x024576.tiff::94,21893.000000,742.000000,1.000000,0.978892,0.940846,0.059154,0.988353,2.633884,0.925123,0.000000,,,,,,,,,False,False,False,False,clean,,0.004722,0.017919,0.223529,unlabeled,,,,0.000000,0.000000,0.894220,0.105780,auto_keep,0.981132,0.924528,0.924528,0.192453,0.509434,0.589623,size_nucleus_darkness,True,0.000000,1.000000,0.910763,45,,,5.756562,3.876918,6.655463,0.177928,0.907084,0.188822,0.000000,0.000000,0.000000,0.000000,0.000000,0.000000,0.000000,0.000000,0.000000,1.000000,0.973229,,,,,,1,1,model_ranked,unlabeled,
Process_395_green.ome.tiff,86,4644,66.873600,605.622400,0.130400,9813.500000,26457.000000,255,tile_y024576_x008192.tiff,24576,8192,4096,4096,/home/jake/Projects/cellprofiler_test/output/runs/life_history_target_vsi_v1/imagej_nucleus_measurements/artifacts/Process_395_green.ome/macro_artifacts/tile_y024576_x008192__mask.tif,/home/jake/Projects/cellprofiler_test/output/runs/life_history_target_vsi_v1/imagej_nucleus_measurements/artifacts/Process_395_green.ome/macro_artifacts/tile_y024576_x008192__rois.zip,/home/jake/Projects/cellprofiler_test/output/runs/life_history_target_vsi_v1/imagej_nucleus_measurements/artifacts/Process_395_green.ome/tile_manifest.csv,/home/jake/Projects/cellprofiler_test/output/runs/life_history_target_vsi_v1/imagej_nucleus_measurements/artifacts/Process_395_green.ome/raw_imagej_results.csv,395,168277,D. aeneus,pmount,/home/jake/Projects/cellprofiler_test/output/runs/life_history_target_vsi_v1/staging/tiles/Process_395_green.ome/tile_y024576_x008192.tiff,,Process_395_green.ome.tiff::tile_y024576_x008192.tiff::86,/home/jake/Projects/cellprofiler_test/output/runs/life_history_target_vsi_v1/cell_measurements/masks/Process_395_green.ome/tile_y024576_x008192__filtered_labels.tiff,24576.000000,8192.000000,4096.000000,4096.000000,True,True,True,16,0,roi_overlap_unique,0,0,0.000000,0,4823,3900,0.808625,1,Process_395_green.ome.tiff::tile_y024576_x008192.tiff::16,16.000000,22645.000000,326.088000,0.989253,0.749448,3096.610921,0.136746,26495.900000,9891.660000,255.000000,84.900691,/home/jake/Projects/cellprofiler_test/output/runs/life_history_target_vsi_v1/cell_measurements/tile_manifest.csv,/home/jake/Projects/cellprofiler_test/output/runs/life_history_target_vsi_v1/staging/tiles/Process_395_green.ome/tile_y024576_x008192.tiff,/home/jake/Projects/cellprofiler_test/output/runs/life_history_target_vsi_v1/cell_measurements/summary.json,True,87.305187,1.028321,0.205078,259.214400,True,True,True,trim_outlier,False,False,False,1.371500,0.817448,0.532809,0.118786,1.687374,Process_395_green.ome.tiff::tile_y024576_x008192.tiff::86,22645.000000,748.000000,0.997326,1.002681,0.962985,0.037015,0.989253,2.011850,0.867719,0.000000,,,,,,,,,False,False,False,False,clean,,0.005727,0.020389,0.207843,unlabeled,,,,0.000000,0.000000,0.460225,0.460225,needs_review,1.000000,0.339623,0.339623,0.226415,0.075472,0.639937,size_nucleus_darkness,True,0.000000,1.000000,0.861568,46,,,5.790229,4.217647,6.407907,0.076896,0.339623,0.226415,0.000000,0.000000,0.000000,0.000000,0.000000,0.000000,0.000000,0.000000,0.000000,1.000000,0.958470,,,,,,1,2,model_ranked,unlabeled,
Process_395_green.ome.tiff,16,672,9.676800,92.110700,0.137100,61088.500000,38010.500000,255,tile_y036864_x057344.tiff,36864,57344,4096,4096,/home/jake/Projects/cellprofiler_test/output/runs/life_history_target_vsi_v1/imagej_nucleus_measurements/artifacts/Process_395_green.ome/macro_artifacts/tile_y036864_x057344__mask.tif,/home/jake/Projects/cellprofiler_test/output/runs/life_history_target_vsi_v1/imagej_nucleus_measurements/artifacts/Process_395_green.ome/macro_artifacts/tile_y036864_x057344__rois.zip,/home/jake/Projects/cellprofiler_test/output/runs/life_history_target_vsi_v1/imagej_nucleus_measurements/artifacts/Process_395_green.ome/tile_manifest.csv,/home/jake/Projects/cellprofiler_test/output/runs/life_history_target_vsi_v1/imagej_nucleus_measurements/artifacts/Process_395_green.ome/raw_imagej_results.csv,395,168277,D. aeneus,pmount,/home/jake/Projects/cellprofiler_test/output/runs/life_history_target_vsi_v1/staging/tiles/Process_395_green.ome/tile_y036864_x057344.tiff,,Process_395_green.ome.tiff::tile_y036864_x057344.tiff::16,/home/jake/Projects/cellprofiler_test/output/runs/life_history_target_vsi_v1/cell_measurements/masks/Process_395_green.ome/tile_y036864_x057344__filtered_labels.tiff,36864.000000,57344.000000,4096.000000,4096.000000,True,True,True,5,0,roi_overlap_unique,0,0,0.000000,0,737,708,0.960651,1,Process_395_green.ome.tiff::tile_y036864_x057344.tiff::5,5.000000,19335.000000,278.424000,0.986832,0.716812,2246.138300,0.116170,38025.860000,61047.270000,255.000000,78.450759,/home/jake/Projects/cellprofiler_test/output/runs/life_history_target_vsi_v1/cell_measurements/tile_manifest.csv,/home/jake/Projects/cellprofiler_test/output/runs/life_history_target_vsi_v1/staging/tiles/Process_395_green.ome/tile_y036864_x057344.tiff,/home/jake/Projects/cellprofiler_test/output/runs/life_history_target_vsi_v1/cell_measurements/summary.json,True,43.998210,0.560839,0.034756,268.747200,True,True,True,trim_outlier,False,False,False,0.891074,-1.687601,-1.432778,-1.592437,2.868923,Process_395_green.ome.tiff::tile_y036864_x057344.tiff::16,19335.000000,671.621320,1.000000,0.996471,0.933672,0.066328,0.986832,2.147386,0.884952,0.000000,,,,,,,,,False,False,False,False,clean,,0.010499,0.020440,0.231373,unlabeled,,,,0.000000,0.000000,0.987460,0.012540,auto_keep,0.943396,0.415094,0.415094,0.379245,0.339623,0.570755,size_nucleus_darkness,True,1.000000,0.000000,0.841752,38,,,5.632730,2.368073,4.533789,0.157422,0.391598,0.357778,0.000000,0.000000,0.000000,0.000000,0.000000,0.000000,0.000000,0.000000,0.000000,1.000000,0.952526,,,,,,1,3,model_ranked,unlabeled,
Process_395_green.ome.tiff,38,1044,15.033600,124.385900,0.119100,29035.500000,35581.000000,255,tile_y032768_x028672.tiff,32768,28672,4096,4096,/home/jake/Projects/cellprofiler_test/output/runs/life_history_target_vsi_v1/imagej_nucleus_measurements/artifacts/Process_395_green.ome/macro_artifacts/tile_y032768_x028672__mask.tif,/home/jake/Projects/cellprofiler_test/output/runs/life_history_target_vsi_v1/imagej_nucleus_measurements/artifacts/Process_395_green.ome/macro_artifacts/tile_y032768_x028672__rois.zip,/home/jake/Projects/cellprofiler_test/output/runs/life_history_target_vsi_v1/imagej_nucleus_measurements/artifacts/Process_395_green.ome/tile_manifest.csv,/home/jake/Projects/cellprofiler_test/output/runs/life_history_target_vsi_v1/imagej_nucleus_measurements/artifacts/Process_395_green.ome/raw_imagej_results.csv,395,168277,D. aeneus,pmount,/home/jake/Projects/cellprofiler_test/output/runs/life_history_target_vsi_v1/staging/tiles/Process_395_green.ome/tile_y032768_x028672.tiff,,Process_395_green.ome.tiff::tile_y032768_x028672.tiff::38,/home/jake/Projects/cellprofiler_test/output/runs/life_history_target_vsi_v1/cell_measurements/masks/Process_395_green.ome/tile_y032768_x028672__filtered_labels.tiff,32768.000000,28672.000000,4096.000000,4096.000000,True,True,True,7,0,roi_overlap_unique,0,0,0.000000,0,1123,1123,1.000000,1,Process_395_green.ome.tiff::tile_y032768_x028672.tiff::7,7.000000,20453.000000,294.523200,0.989023,0.720588,2477.366976,0.121125,35504.990000,29016.090000,255.000000,80.687001,/home/jake/Projects/cellprofiler_test/output/runs/life_history_target_vsi_v1/cell_measurements/tile_manifest.csv,/home/jake/Projects/cellprofiler_test/output/runs/life_history_target_vsi_v1/staging/tiles/Process_395_green.ome/tile_y032768_x028672.tiff,/home/jake/Projects/cellprofiler_test/output/runs/life_history_target_vsi_v1/cell_measurements/summary.json,True,78.449144,0.972265,0.051044,279.489600,True,True,True,,True,True,True,1.061974,-1.116689,-1.119250,-1.221913,2.262869,Process_395_green.ome.tiff::tile_y032768_x028672.tiff::38,20453.000000,722.000000,0.997230,1.002778,0.950876,0.049124,0.989023,2.189236,0.889579,0.000000,,,,,,,,,False,False,False,False,clean,,0.005876,0.018491,0.188235,unlabeled,,,,0.000000,0.000000,0.889669,0.110331,auto_keep,0.962264,0.188679,0.188679,0.164151,0.113208,0.602201,size_nucleus_darkness,False,0.000000,1.000000,0.816221,26,,,5.688747,2.774687,4.831396,0.030972,0.181559,0.157957,0.000000,0.000000,0.000000,0.000000,0.000000,0.000000,0.000000,0.000000,0.000000,1.000000,0.944866,,,,,,1,4,model_ranked,unlabeled,
Process_395_green.ome.tiff,21,2745,39.528000,466.042300,0.169800,4344.000000,33997.000000,255,tile_y032768_x004096.tiff,32768,4096,4096,4096,/home/jake/Projects/cellprofiler_test/output/runs/life_history_target_vsi_v1/imagej_nucleus_measurements/artifacts/Process_395_green.ome/macro_artifacts/tile_y032768_x004096__mask.tif,/home/jake/Projects/cellprofiler_test/output/runs/life_history_target_vsi_v1/imagej_nucleus_measurements/artifacts/Process_395_green.ome/macro_artifacts/tile_y032768_x004096__rois.zip,/home/jake/Projects/cellprofiler_test/output/runs/life_history_target_vsi_v1/imagej_nucleus_measurements/artifacts/Process_395_green.ome/tile_manifest.csv,/home/jake/Projects/cellprofiler_test/output/runs/life_history_target_vsi_v1/imagej_nucleus_measurements/artifacts/Process_395_green.ome/raw_imagej_results.csv,395,168277,D. aeneus,pmount,/home/jake/Projects/cellprofiler_test/output/runs/life_history_target_vsi_v1/staging/tiles/Process_395_green.ome/tile_y032768_x004096.tiff,,Process_395_green.ome.tiff::tile_y032768_x004096.tiff::21,/home/jake/Projects/cellprofiler_test/output/runs/life_history_target_vsi_v1/cell_measurements/masks/Process_395_green.ome/tile_y032768_x004096__filtered_labels.tiff,32768.000000,4096.000000,4096.000000,4096.000000,True,True,True,5,0,roi_overlap_unique,0,0,0.000000,0,2884,2058,0.713592,1,Process_395_green.ome.tiff::tile_y032768_x004096.tiff::5,5.000000,15507.000000,223.300800,0.988967,0.890508,2984.557598,0.192465,33941.450000,4370.460000,255.000000,70.256896,/home/jake/Projects/cellprofiler_test/output/runs/life_history_target_vsi_v1/cell_measurements/tile_manifest.csv,/home/jake/Projects/cellprofiler_test/output/runs/life_history_target_vsi_v1/staging/tiles/Process_395_green.ome/tile_y032768_x004096.tiff,/home/jake/Projects/cellprofiler_test/output/runs/life_history_target_vsi_v1/cell_measurements/summary.json,True,61.529945,0.875785,0.177017,183.772800,True,True,True,,True,True,True,0.220319,0.136075,0.259377,-0.023070,0.367241,Process_395_green.ome.tiff::tile_y032768_x004096.tiff::21,15507.000000,557.207107,1.000000,0.987956,0.974675,0.025325,0.988967,1.200369,0.553156,0.000000,,,,,,,,,False,False,False,False,clean,,0.004718,0.032045,0.482353,unlabeled,,,,0.000000,0.000000,0.463667,0.463667,needs_review,0.849057,0.679245,0.679245,0.775472,0.264151,0.693396,size_nucleus_darkness,False,1.000000,0.000000,0.815665,1,,,5.412988,3.701993,6.146420,0.526735,0.576718,0.658420,0.000000,0.000000,0.000000,0.000000,0.000000,0.000000,0.000000,0.000000,0.000000,1.000000,0.944700,,,,,,1,5,model_ranked,unlabeled,
Process_393_green.ome.tiff,2,3826,55.094400,518.220500,0.135400,31012.000000,66568.500000,255,tile_y065536_x028672.tiff,65536,28672,1934,4096,/home/jake/Projects/cellprofiler_test/output/runs/life_history_target_vsi_v1/imagej_nucleus_measurements/artifacts/Process_393_green.ome/macro_artifacts/tile_y065536_x028672__mask.tif,/home/jake/Projects/cellprofiler_test/output/runs/life_history_target_vsi_v1/imagej_nucleus_measurements/artifacts/Process_393_green.ome/macro_artifacts/tile_y065536_x028672__rois.zip,/home/jake/Projects/cellprofiler_test/output/runs/life_history_target_vsi_v1/imagej_nucleus_measurements/artifacts/Process_393_green.ome/tile_manifest.csv,/home/jake/Projects/cellprofiler_test/output/runs/life_history_target_vsi_v1/imagej_nucleus_measurements/artifacts/Process_393_green.ome/raw_imagej_results.csv,393,168277,D. aeneus,pmount,/home/jake/Projects/cellprofiler_test/output/runs/life_history_target_vsi_v1/staging/tiles/Process_393_green.ome/tile_y065536_x028672.tiff,,Process_393_green.ome.tiff::tile_y065536_x028672.tiff::2,/home/jake/Projects/cellprofiler_test/output/runs/life_history_target_vsi_v1/cell_measurements/masks/Process_393_green.ome/tile_y065536_x028672__filtered_labels.tiff,65536.000000,28672.000000,1934.000000,4096.000000,True,True,True,4,0,roi_overlap_unique,0,0,0.000000,0,4002,3303,0.825337,1,Process_393_green.ome.tiff::tile_y065536_x028672.tiff::4,4.000000,18811.000000,270.878400,0.988544,0.808977,2900.995919,0.154218,66551.170000,30940.290000,255.000000,77.380406,/home/jake/Projects/cellprofiler_test/output/runs/life_history_target_vsi_v1/cell_measurements/tile_manifest.csv,/home/jake/Projects/cellprofiler_test/output/runs/life_history_target_vsi_v1/staging/tiles/Process_393_green.ome/tile_y065536_x028672.tiff,/home/jake/Projects/cellprofiler_test/output/runs/life_history_target_vsi_v1/cell_measurements/summary.json,True,73.774338,0.953398,0.203392,215.784000,True,True,True,,True,True,True,0.727789,1.307125,1.222075,-0.864952,2.116568,Process_393_green.ome.tiff::tile_y065536_x028672.tiff::2,18811.000000,646.000000,0.990712,1.009375,0.971464,0.028536,0.988544,1.678808,0.803236,0.000000,,,,,,,,,False,False,False,False,clean,,0.003787,0.021937,0.247059,unlabeled,,,,0.000000,0.000000,0.116134,0.116134,auto_reject,0.924528,0.396226,0.396226,0.318868,0.132075,0.611635,size_nucleus_darkness,False,1.000000,0.000000,0.810164,2,,,5.605355,4.027036,6.252329,0.126344,0.366322,0.294802,0.000000,0.000000,0.000000,0.000000,0.000000,0.000000,0.000000,0.000000,0.000000,1.000000,0.943049,,,,,,1,6,model_ranked,unlabeled,
Process_395_green.ome.tiff,13,2681,38.606400,700.185200,0.261200,21305.000000,16149.000000,255,tile_y012288_x020480.tiff,12288,20480,4096,4096,/home/jake/Projects/cellprofiler_test/output/runs/life_history_target_vsi_v1/imagej_nucleus_measurements/artifacts/Process_395_green.ome/macro_artifacts/tile_y012288_x020480__mask.tif,/home/jake/Projects/cellprofiler_test/output/runs/life_history_target_vsi_v1/imagej_nucleus_measurements/artifacts/Process_395_green.ome/macro_artifacts/tile_y012288_x020480__rois.zip,/home/jake/Projects/cellprofiler_test/output/runs/life_history_target_vsi_v1/imagej_nucleus_measurements/artifacts/Process_395_green.ome/tile_manifest.csv,/home/jake/Projects/cellprofiler_test/output/runs/life_history_target_vsi_v1/imagej_nucleus_measurements/artifacts/Process_395_green.ome/raw_imagej_results.csv,395,168277,D. aeneus,pmount,/home/jake/Projects/cellprofiler_test/output/runs/life_history_target_vsi_v1/staging/tiles/Process_395_green.ome/tile_y012288_x020480.tiff,,Process_395_green.ome.tiff::tile_y012288_x020480.tiff::13,/home/jake/Projects/cellprofiler_test/output/runs/life_history_target_vsi_v1/cell_measurements/masks/Process_395_green.ome/tile_y012288_x020480__filtered_labels.tiff,12288.000000,20480.000000,4096.000000,4096.000000,True,True,True,11,0,roi_overlap_unique,0,0,0.000000,0,2825,2825,1.000000,1,Process_395_green.ome.tiff::tile_y012288_x020480.tiff::11,11.000000,14612.000000,210.412800,0.980737,0.775301,2576.431693,0.176323,16139.010000,21293.920000,255.000000,68.199297,/home/jake/Projects/cellprofiler_test/output/runs/life_history_target_vsi_v1/cell_measurements/tile_manifest.csv,/home/jake/Projects/cellprofiler_test/output/runs/life_history_target_vsi_v1/staging/tiles/Process_395_green.ome/tile_y012288_x020480.tiff,/home/jake/Projects/cellprofiler_test/output/runs/life_history_target_vsi_v1/cell_measurements/summary.json,True,14.918663,0.218751,0.183479,171.806400,True,True,True,,True,True,True,0.039581,0.105504,0.684240,0.011498,0.693552,Process_395_green.ome.tiff::tile_y012288_x020480.tiff::13,14612.000000,586.414214,0.975420,1.025200,0.951080,0.048920,0.980737,1.585335,0.775960,0.000000,,,,,,,,,False,False,False,False,clean,,0.004976,0.025763,0.384314,unlabeled,,,,0.000000,0.000000,0.522823,0.477177,needs_review,0.792453,0.962264,0.962264,0.600000,0.547170,0.492138,size_nucleus_darkness,False,1.000000,0.000000,0.787810,4,,,5.353813,3.678991,6.552772,0.577358,0.762549,0.475472,0.000000,0.000000,0.000000,0.000000,0.000000,0.000000,0.000000,0.000000,0.000000,1.000000,0.936343,,,,,,1,7,model_ranked,unlabeled,
Process_395_green.ome.tiff,91,3106,44.726400,416.412400,0.134100,17961.500000,21984.000000,255,tile_y020480_x016384.tiff,20480,16384,4096,4096,/home/jake/Projects/cellprofiler_test/output/runs/life_history_target_vsi_v1/imagej_nucleus_measurements/artifacts/Process_395_green.ome/macro_artifacts/tile_y020480_x016384__mask.tif,/home/jake/Projects/cellprofiler_test/output/runs/life_history_target_vsi_v1/imagej_nucleus_measurements/artifacts/Process_395_green.ome/macro_artifacts/tile_y020480_x016384__rois.zip,/home/jake/Projects/cellprofiler_test/output/runs/life_history_target_vsi_v1/imagej_nucleus_measurements/artifacts/Process_395_green.ome/tile_manifest.csv,/home/jake/Projects/cellprofiler_test/output/runs/life_history_target_vsi_v1/imagej_nucleus_measurements/artifacts/Process_395_green.ome/raw_imagej_results.csv,395,168277,D. aeneus,pmount,/home/jake/Projects/cellprofiler_test/output/runs/life_history_target_vsi_v1/staging/tiles/Process_395_green.ome/tile_y020480_x016384.tiff,,Process_395_green.ome.tiff::tile_y020480_x016384.tiff::91,/home/jake/Projects/cellprofiler_test/output/runs/life_history_target_vsi_v1/cell_measurements/masks/Process_395_green.ome/tile_y020480_x016384__filtered_labels.tiff,20480.000000,16384.000000,4096.000000,4096.000000,True,True,True,11,0,roi_overlap_unique,0,0,0.000000,0,3253,2578,0.792499,1,Process_395_green.ome.tiff::tile_y020480_x016384.tiff::11,11.000000,16200.000000,233.280000,0.988770,0.836417,2335.722592,0.144180,22044.330000,17937.280000,255.000000,71.809610,/home/jake/Projects/cellprofiler_test/output/runs/life_history_target_vsi_v1/cell_measurements/tile_manifest.csv,/home/jake/Projects/cellprofiler_test/output/runs/life_history_target_vsi_v1/staging/tiles/Process_395_green.ome/tile_y020480_x016384.tiff,/home/jake/Projects/cellprofiler_test/output/runs/life_history_target_vsi_v1/cell_measurements/summary.json,True,65.010132,0.905312,0.191728,188.553600,True,True,True,,True,True,True,0.353237,0.296189,0.141855,0.053894,0.485316,Process_395_green.ome.tiff::tile_y020480_x016384.tiff::91,16200.000000,589.207107,1.000000,0.998656,0.973577,0.026423,0.988770,1.506836,0.748050,0.000000,,,,,,,,,False,False,False,False,clean,,0.006687,0.026181,0.294118,unlabeled,,,,0.000000,0.000000,0.711496,0.288504,needs_review,0.867925,0.377358,0.377358,0.500000,0.226415,0.687107,size_nucleus_darkness,False,1.000000,0.000000,0.783326,5,,,5.456517,3.822676,6.034075,0.188679,0.327518,0.433962,0.000000,0.000000,0.000000,0.000000,0.000000,0.000000,0.000000,0.000000,0.000000,1.000000,0.934998,,,,,,1,8,model_ranked,unlabeled,
Process_395_green.ome.tiff,84,1333,19.195200,167.354300,0.125500,59212.500000,44224.500000,255,tile_y040960_x057344.tiff,40960,57344,4096,4096,/home/jake/Projects/cellprofiler_test/output/runs/life_history_target_vsi_v1/imagej_nucleus_measurements/artifacts/Process_395_green.ome/macro_artifacts/tile_y040960_x057344__mask.tif,/home/jake/Projects/cellprofiler_test/output/runs/life_history_target_vsi_v1/imagej_nucleus_measurements/artifacts/Process_395_green.ome/macro_artifacts/tile_y040960_x057344__rois.zip,/home/jake/Projects/cellprofiler_test/output/runs/life_history_target_vsi_v1/imagej_nucleus_measurements/artifacts/Process_395_green.ome/tile_manifest.csv,/home/jake/Projects/cellprofiler_test/output/runs/life_history_target_vsi_v1/imagej_nucleus_measurements/artifacts/Process_395_green.ome/raw_imagej_results.csv,395,168277,D. aeneus,pmount,/home/jake/Projects/cellprofiler_test/output/runs/life_history_target_vsi_v1/staging/tiles/Process_395_green.ome/tile_y040960_x057344.tiff,,Process_395_green.ome.tiff::tile_y040960_x057344.tiff::84,/home/jake/Projects/cellprofiler_test/output/runs/life_history_target_vsi_v1/cell_measurements/masks/Process_395_green.ome/tile_y040960_x057344__filtered_labels.tiff,40960.000000,57344.000000,4096.000000,4096.000000,True,True,True,16,0,roi_overlap_unique,0,0,0.000000,0,1434,1129,0.787308,1,Process_395_green.ome.tiff::tile_y040960_x057344.tiff::16,16.000000,17734.000000,255.369600,0.987252,0.717714,2447.829344,0.138030,44168.320000,59155.750000,255.000000,75.132600,/home/jake/Projects/cellprofiler_test/output/runs/life_history_target_vsi_v1/cell_measurements/tile_manifest.csv,/home/jake/Projects/cellprofiler_test/output/runs/life_history_target_vsi_v1/staging/tiles/Process_395_green.ome/tile_y040960_x057344.tiff,/home/jake/Projects/cellprofiler_test/output/runs/life_history_target_vsi_v1/cell_measurements/summary.json,True,79.854586,1.062849,0.075166,236.174400,True,True,True,,True,True,True,0.628296,-0.800009,-0.809555,-0.848812,1.552620,Process_395_green.ome.tiff::tile_y040960_x057344.tiff::84,17734.000000,681.207107,0.992356,1.007703,0.947801,0.052199,0.987252,2.184626,0.889084,0.000000,,,,,,,,,False,False,False,False,clean,,0.005682,0.018215,0.192157,unlabeled,,,,0.000000,0.000000,0.569918,0.430082,needs_review,0.905660,0.283019,0.283019,0.153774,0.056604,0.555031,size_nucleus_darkness,False,0.000000,1.000000,0.775410,27,,,5.546620,3.005445,5.126071,0.043521,0.256319,0.139267,0.000000,0.000000,0.000000,0.000000,0.000000,0.000000,0.000000,0.000000,0.000000,1.000000,0.932623,,,,,,1,9,model_ranked,unlabeled,
Process_395_green.ome.tiff,74,3715,53.496000,511.508500,0.137700,18096.500000,21825.000000,255,tile_y020480_x016384.tiff,20480,16384,4096,4096,/home/jake/Projects/cellprofiler_test/output/runs/life_history_target_vsi_v1/imagej_nucleus_measurements/artifacts/Process_395_green.ome/macro_artifacts/tile_y020480_x016384__mask.tif,/home/jake/Projects/cellprofiler_test/output/runs/life_history_target_vsi_v1/imagej_nucleus_measurements/artifacts/Process_395_green.ome/macro_artifacts/tile_y020480_x016384__rois.zip,/home/jake/Projects/cellprofiler_test/output/runs/life_history_target_vsi_v1/imagej_nucleus_measurements/artifacts/Process_395_green.ome/tile_manifest.csv,/home/jake/Projects/cellprofiler_test/output/runs/life_history_target_vsi_v1/imagej_nucleus_measurements/artifacts/Process_395_green.ome/raw_imagej_results.csv,395,168277,D. aeneus,pmount,/home/jake/Projects/cellprofiler_test/output/runs/life_history_target_vsi_v1/staging/tiles/Process_395_green.ome/tile_y020480_x016384.tiff,,Process_395_green.ome.tiff::tile_y020480_x016384.tiff::74,/home/jake/Projects/cellprofiler_test/output/runs/life_history_target_vsi_v1/cell_measurements/masks/Process_395_green.ome/tile_y020480_x016384__filtered_labels.tiff,20480.000000,16384.000000,4096.000000,4096.000000,True,True,True,8,0,roi_overlap_unique,0,0,0.000000,0,3875,3032,0.782452,1,Process_395_green.ome.tiff::tile_y020480_x016384.tiff::8,8.000000,14855.000000,213.912000,0.987568,0.803400,2264.988374,0.152473,21833.140000,18159.890000,255.000000,68.764041,/home/jake/Projects/cellprofiler_test/output/runs/life_history_target_vsi_v1/cell_measurements/tile_manifest.csv,/home/jake/Projects/cellprofiler_test/output/runs/life_history_target_vsi_v1/staging/tiles/Process_395_green.ome/tile_y020480_x016384.tiff,/home/jake/Projects/cellprofiler_test/output/runs/life_history_target_vsi_v1/cell_measurements/summary.json,True,63.910498,0.929417,0.250084,160.416000,True,True,True,,True,True,True,0.089725,0.528209,0.356534,0.310057,0.714358,Process_395_green.ome.tiff::tile_y020480_x016384.tiff::74,14855.000000,574.000000,0.989547,1.010563,0.960256,0.039744,0.987568,1.659040,0.797924,0.000000,,,,,,,,,False,False,False,False,clean,,0.006538,0.031504,0.427451,unlabeled,,,,0.000000,0.000000,0.187037,0.187037,needs_review,0.811321,0.433962,0.433962,0.816038,0.169811,0.573899,size_nucleus_darkness,False,1.000000,0.000000,0.758883,6,,,5.370229,3.998127,6.239317,0.354129,0.352082,0.662069,0.000000,0.000000,0.000000,0.000000,0.000000,0.000000,0.000000,0.000000,0.000000,1.000000,0.927665,,,,,,1,10,model_ranked,unlabeled,
Process_395_green.ome.tiff,5,1205,17.352000,302.718900,0.251200,22525.000000,13342.000000,255,tile_y012288_x020480.tiff,12288,20480,4096,4096,/home/jake/Projects/cellprofiler_test/output/runs/life_history_target_vsi_v1/imagej_nucleus_measurements/artifacts/Process_395_green.ome/macro_artifacts/tile_y012288_x020480__mask.tif,/home/jake/Projects/cellprofiler_test/output/runs/life_history_target_vsi_v1/imagej_nucleus_measurements/artifacts/Process_395_green.ome/macro_artifacts/tile_y012288_x020480__rois.zip,/home/jake/Projects/cellprofiler_test/output/runs/life_history_target_vsi_v1/imagej_nucleus_measurements/artifacts/Process_395_green.ome/tile_manifest.csv,/home/jake/Projects/cellprofiler_test/output/runs/life_history_target_vsi_v1/imagej_nucleus_measurements/artifacts/Process_395_green.ome/raw_imagej_results.csv,395,168277,D. aeneus,pmount,/home/jake/Projects/cellprofiler_test/output/runs/life_history_target_vsi_v1/staging/tiles/Process_395_green.ome/tile_y012288_x020480.tiff,,Process_395_green.ome.tiff::tile_y012288_x020480.tiff::5,/home/jake/Projects/cellprofiler_test/output/runs/life_history_target_vsi_v1/cell_measurements/masks/Process_395_green.ome/tile_y012288_x020480__filtered_labels.tiff,12288.000000,20480.000000,4096.000000,4096.000000,True,True,True,6,0,roi_overlap_unique,0,0,0.000000,0,1290,1290,1.000000,1,Process_395_green.ome.tiff::tile_y012288_x020480.tiff::6,6.000000,14421.000000,207.662400,0.975975,0.729284,2111.217617,0.146399,13336.310000,22532.320000,255.000000,67.752099,/home/jake/Projects/cellprofiler_test/output/runs/life_history_target_vsi_v1/cell_measurements/tile_manifest.csv,/home/jake/Projects/cellprofiler_test/output/runs/life_history_target_vsi_v1/staging/tiles/Process_395_green.ome/tile_y012288_x020480.tiff,/home/jake/Projects/cellprofiler_test/output/runs/life_history_target_vsi_v1/cell_measurements/summary.json,True,9.271381,0.136843,0.083559,190.310400,True,True,True,,True,True,True,-0.000422,-0.930832,-0.190955,-0.746772,1.208545,Process_395_green.ome.tiff::tile_y012288_x020480.tiff::5,14421.000000,598.828427,0.968558,1.032463,0.945839,0.054161,0.975975,1.748067,0.820211,0.000000,,,,,,,,,False,False,False,False,clean,,0.005509,0.024132,0.352941,unlabeled,,,,0.000000,0.000000,0.800637,0.199363,needs_review,0.716981,0.943396,0.943396,0.516981,0.641509,0.422956,size_nucleus_darkness,False,1.000000,0.000000,0.722764,8,,,5.340718,2.909739,5.716103,0.487718,0.676397,0.370666,0.000000,0.000000,0.000000,0.000000,0.000000,0.000000,0.000000,0.000000,0.000000,1.000000,0.916829,,,,,,1,11,model_ranked,unlabeled,
Process_395_green.ome.tiff,14,1304,18.777600,189.239900,0.145100,39464.000000,42607.000000,255,tile_y040960_x036864.tiff,40960,36864,4096,4096,/home/jake/Projects/cellprofiler_test/output/runs/life_history_target_vsi_v1/imagej_nucleus_measurements/artifacts/Process_395_green.ome/macro_artifacts/tile_y040960_x036864__mask.tif,/home/jake/Projects/cellprofiler_test/output/runs/life_history_target_vsi_v1/imagej_nucleus_measurements/artifacts/Process_395_green.ome/macro_artifacts/tile_y040960_x036864__rois.zip,/home/jake/Projects/cellprofiler_test/output/runs/life_history_target_vsi_v1/imagej_nucleus_measurements/artifacts/Process_395_green.ome/tile_manifest.csv,/home/jake/Projects/cellprofiler_test/output/runs/life_history_target_vsi_v1/imagej_nucleus_measurements/artifacts/Process_395_green.ome/raw_imagej_results.csv,395,168277,D. aeneus,pmount,/home/jake/Projects/cellprofiler_test/output/runs/life_history_target_vsi_v1/staging/tiles/Process_395_green.ome/tile_y040960_x036864.tiff,,Process_395_green.ome.tiff::tile_y040960_x036864.tiff::14,/home/jake/Projects/cellprofiler_test/output/runs/life_history_target_vsi_v1/cell_measurements/masks/Process_395_green.ome/tile_y040960_x036864__filtered_labels.tiff,40960.000000,36864.000000,4096.000000,4096.000000,True,True,True,2,0,roi_overlap_unique,0,0,0.000000,0,1393,1393,1.000000,1,Process_395_green.ome.tiff::tile_y040960_x036864.tiff::2,2.000000,14423.000000,207.691200,0.985043,0.794423,2099.282015,0.145551,42590.500000,39404.650000,255.000000,67.756797,/home/jake/Projects/cellprofiler_test/output/runs/life_history_target_vsi_v1/cell_measurements/tile_manifest.csv,/home/jake/Projects/cellprofiler_test/output/runs/life_history_target_vsi_v1/staging/tiles/Process_395_green.ome/tile_y040960_x036864.tiff,/home/jake/Projects/cellprofiler_test/output/runs/life_history_target_vsi_v1/cell_measurements/summary.json,True,61.600913,0.909147,0.090411,188.913600,True,True,True,,True,True,True,0.000000,-0.828513,-0.681280,-0.670788,1.265121,Process_395_green.ome.tiff::tile_y040960_x036864.tiff::14,14423.000000,560.414214,0.995692,1.004327,0.980373,0.019627,0.985043,1.645670,0.794201,0.000000,,,,,,,,,False,False,False,False,clean,,0.008829,0.028058,0.309804,unlabeled,,,,0.000000,0.000000,0.982205,0.017795,auto_keep,0.745283,0.509434,0.509434,0.603774,0.188679,0.624214,size_nucleus_darkness,False,1.000000,0.000000,0.707385,10,,,5.340856,2.984550,5.248286,0.307583,0.379672,0.449982,0.000000,0.000000,0.000000,0.000000,0.000000,0.000000,0.000000,0.000000,0.000000,1.000000,0.912216,,,,,,1,12,model_ranked,unlabeled,
Process_395_green.ome.tiff,32,3598,51.811200,461.296700,0.128200,28958.500000,35121.500000,255,tile_y032768_x028672.tiff,32768,28672,4096,4096,/home/jake/Projects/cellprofiler_test/output/runs/life_history_target_vsi_v1/imagej_nucleus_measurements/artifacts/Process_395_green.ome/macro_artifacts/tile_y032768_x028672__mask.tif,/home/jake/Projects/cellprofiler_test/output/runs/life_history_target_vsi_v1/imagej_nucleus_measurements/artifacts/Process_395_green.ome/macro_artifacts/tile_y032768_x028672__rois.zip,/home/jake/Projects/cellprofiler_test/output/runs/life_history_target_vsi_v1/imagej_nucleus_measurements/artifacts/Process_395_green.ome/tile_manifest.csv,/home/jake/Projects/cellprofiler_test/output/runs/life_history_target_vsi_v1/imagej_nucleus_measurements/artifacts/Process_395_green.ome/raw_imagej_results.csv,395,168277,D. aeneus,pmount,/home/jake/Projects/cellprofiler_test/output/runs/life_history_target_vsi_v1/staging/tiles/Process_395_green.ome/tile_y032768_x028672.tiff,,Process_395_green.ome.tiff::tile_y032768_x028672.tiff::32,/home/jake/Projects/cellprofiler_test/output/runs/life_history_target_vsi_v1/cell_measurements/masks/Process_395_green.ome/tile_y032768_x028672__filtered_labels.tiff,32768.000000,28672.000000,4096.000000,4096.000000,True,True,True,6,0,roi_overlap_unique,0,0,0.000000,0,3762,2695,0.716374,1,Process_395_green.ome.tiff::tile_y032768_x028672.tiff::6,6.000000,14423.000000,207.691200,0.985986,0.836768,2278.799720,0.157998,35185.370000,28959.580000,255.000000,67.756797,/home/jake/Projects/cellprofiler_test/output/runs/life_history_target_vsi_v1/cell_measurements/tile_manifest.csv,/home/jake/Projects/cellprofiler_test/output/runs/life_history_target_vsi_v1/staging/tiles/Process_395_green.ome/tile_y032768_x028672.tiff,/home/jake/Projects/cellprofiler_test/output/runs/life_history_target_vsi_v1/cell_measurements/summary.json,True,63.879130,0.942771,0.249463,155.880000,True,True,True,,True,True,True,0.000000,0.486739,0.248695,0.307658,0.627230,Process_395_green.ome.tiff::tile_y032768_x028672.tiff::32,14423.000000,546.414214,1.000000,0.997106,0.980365,0.019635,0.985986,1.449913,0.724099,0.000000,,,,,,,,,False,False,False,False,clean,,0.006373,0.031663,0.396078,unlabeled,,,,0.000000,0.000000,0.405316,0.405316,needs_review,0.745283,0.320755,0.320755,0.795283,0.150943,0.671384,size_nucleus_darkness,False,1.000000,0.000000,0.696248,11,,,5.340856,3.966723,6.136207,0.255091,0.239053,0.592711,0.000000,0.000000,0.000000,0.000000,0.000000,0.000000,0.000000,0.000000,0.000000,1.000000,0.908874,,,,,,1,13,model_ranked,unlabeled,
Process_395_green.ome.tiff,15,3269,47.073600,470.071600,0.143800,60630.000000,37771.000000,255,tile_y036864_x057344.tiff,36864,57344,4096,4096,/home/jake/Projects/cellprofiler_test/output/runs/life_history_target_vsi_v1/imagej_nucleus_measurements/artifacts/Process_395_green.ome/macro_artifacts/tile_y036864_x057344__mask.tif,/home/jake/Projects/cellprofiler_test/output/runs/life_history_target_vsi_v1/imagej_nucleus_measurements/artifacts/Process_395_green.ome/macro_artifacts/tile_y036864_x057344__rois.zip,/home/jake/Projects/cellprofiler_test/output/runs/life_history_target_vsi_v1/imagej_nucleus_measurements/artifacts/Process_395_green.ome/tile_manifest.csv,/home/jake/Projects/cellprofiler_test/output/runs/life_history_target_vsi_v1/imagej_nucleus_measurements/artifacts/Process_395_green.ome/raw_imagej_results.csv,395,168277,D. aeneus,pmount,/home/jake/Projects/cellprofiler_test/output/runs/life_history_target_vsi_v1/staging/tiles/Process_395_green.ome/tile_y036864_x057344.tiff,,Process_395_green.ome.tiff::tile_y036864_x057344.tiff::15,/home/jake/Projects/cellprofiler_test/output/runs/life_history_target_vsi_v1/cell_measurements/masks/Process_395_green.ome/tile_y036864_x057344__filtered_labels.tiff,36864.000000,57344.000000,4096.000000,4096.000000,True,True,True,3,0,roi_overlap_unique,0,0,0.000000,0,3422,2714,0.793103,1,Process_395_green.ome.tiff::tile_y036864_x057344.tiff::3,3.000000,11337.000000,163.252800,0.988060,0.860208,1721.301136,0.151830,37744.450000,60597.600000,255.000000,60.072283,/home/jake/Projects/cellprofiler_test/output/runs/life_history_target_vsi_v1/cell_measurements/tile_manifest.csv,/home/jake/Projects/cellprofiler_test/output/runs/life_history_target_vsi_v1/staging/tiles/Process_395_green.ome/tile_y036864_x057344.tiff,/home/jake/Projects/cellprofiler_test/output/runs/life_history_target_vsi_v1/cell_measurements/summary.json,True,41.888692,0.697305,0.288348,116.179200,True,True,True,,True,True,True,-0.731947,0.362471,0.268362,0.447308,0.969141,Process_395_green.ome.tiff::tile_y036864_x057344.tiff::15,11337.000000,496.000000,0.991935,1.008130,0.986600,0.013400,0.988060,1.407790,0.703866,0.000000,,,,,,,,,False,False,False,False,clean,,0.008160,0.028262,0.372549,unlabeled,,,,0.000000,0.000000,0.772975,0.227025,needs_review,0.660377,0.490566,0.490566,0.711321,0.320755,0.639937,size_nucleus_darkness,False,1.000000,0.000000,0.644488,13,,,5.101407,3.872733,6.155010,0.348950,0.323959,0.469740,0.000000,0.000000,0.000000,0.000000,0.000000,0.000000,0.000000,0.000000,0.000000,1.000000,0.893346,,,,,,1,14,model_ranked,unlabeled,
Process_395_green.ome.tiff,18,3830,55.152000,508.916300,0.132900,60190.500000,38204.000000,255,tile_y036864_x057344.tiff,36864,57344,4096,4096,/home/jake/Projects/cellprofiler_test/output/runs/life_history_target_vsi_v1/imagej_nucleus_measurements/artifacts/Process_395_green.ome/macro_artifacts/tile_y036864_x057344__mask.tif,/home/jake/Projects/cellprofiler_test/output/runs/life_history_target_vsi_v1/imagej_nucleus_measurements/artifacts/Process_395_green.ome/macro_artifacts/tile_y036864_x057344__rois.zip,/home/jake/Projects/cellprofiler_test/output/runs/life_history_target_vsi_v1/imagej_nucleus_measurements/artifacts/Process_395_green.ome/tile_manifest.csv,/home/jake/Projects/cellprofiler_test/output/runs/life_history_target_vsi_v1/imagej_nucleus_measurements/artifacts/Process_395_green.ome/raw_imagej_results.csv,395,168277,D. aeneus,pmount,/home/jake/Projects/cellprofiler_test/output/runs/life_history_target_vsi_v1/staging/tiles/Process_395_green.ome/tile_y036864_x057344.tiff,,Process_395_green.ome.tiff::tile_y036864_x057344.tiff::18,/home/jake/Projects/cellprofiler_test/output/runs/life_history_target_vsi_v1/cell_measurements/masks/Process_395_green.ome/tile_y036864_x057344__filtered_labels.tiff,36864.000000,57344.000000,4096.000000,4096.000000,True,True,True,6,0,roi_overlap_unique,0,0,0.000000,0,3978,3231,0.812217,1,Process_395_green.ome.tiff::tile_y036864_x057344.tiff::6,6.000000,14237.000000,205.012800,0.984510,0.743873,2134.963601,0.149959,38267.910000,60211.330000,255.000000,67.318481,/home/jake/Projects/cellprofiler_test/output/runs/life_history_target_vsi_v1/cell_measurements/tile_manifest.csv,/home/jake/Projects/cellprofiler_test/output/runs/life_history_target_vsi_v1/staging/tiles/Process_395_green.ome/tile_y036864_x057344.tiff,/home/jake/Projects/cellprofiler_test/output/runs/life_history_target_vsi_v1/cell_measurements/summary.json,True,67.218874,0.998520,0.269017,149.860800,True,True,True,,True,True,True,-0.039462,0.567715,0.351231,0.380411,0.769372,Process_395_green.ome.tiff::tile_y036864_x057344.tiff::18,14237.000000,590.000000,0.996610,1.003401,0.968023,0.031977,0.984510,2.029167,0.870135,0.000000,,,,,,,,,False,False,False,False,clean,,0.006037,0.018736,0.200000,unlabeled,,,,0.000000,0.000000,0.154325,0.154325,needs_review,0.698113,0.358491,0.358491,0.207547,0.094340,0.589623,size_nucleus_darkness,False,0.000000,1.000000,0.617251,28,,,5.327938,4.028062,6.234247,0.074404,0.250267,0.144891,0.000000,0.000000,0.000000,0.000000,0.000000,0.000000,0.000000,0.000000,0.000000,1.000000,0.885175,,,,,,1,15,model_ranked,unlabeled,
Process_437_green.ome.tiff,35,2823,40.651200,590.058600,0.209000,9335.500000,27306.000000,255,tile_y024576_x008192.tiff,24576,8192,4096,4096,/home/jake/Projects/cellprofiler_test/output/runs/life_history_target_vsi_v1/imagej_nucleus_measurements/artifacts/Process_437_green.ome/macro_artifacts/tile_y024576_x008192__mask.tif,/home/jake/Projects/cellprofiler_test/output/runs/life_history_target_vsi_v1/imagej_nucleus_measurements/artifacts/Process_437_green.ome/macro_artifacts/tile_y024576_x008192__rois.zip,/home/jake/Projects/cellprofiler_test/output/runs/life_history_target_vsi_v1/imagej_nucleus_measurements/artifacts/Process_437_green.ome/tile_manifest.csv,/home/jake/Projects/cellprofiler_test/output/runs/life_history_target_vsi_v1/imagej_nucleus_measurements/artifacts/Process_437_green.ome/raw_imagej_results.csv,437,109787,D. orestes,pmount,/home/jake/Projects/cellprofiler_test/output/runs/life_history_target_vsi_v1/staging/tiles/Process_437_green.ome/tile_y024576_x008192.tiff,,Process_437_green.ome.tiff::tile_y024576_x008192.tiff::35,/home/jake/Projects/cellprofiler_test/output/runs/life_history_target_vsi_v1/cell_measurements/masks/Process_437_green.ome/tile_y024576_x008192__filtered_labels.tiff,24576.000000,8192.000000,4096.000000,4096.000000,True,True,True,31,0,roi_overlap_unique,0,0,0.000000,0,2949,2949,1.000000,1,Process_437_green.ome.tiff::tile_y024576_x008192.tiff::31,31.000000,17996.000000,259.142400,0.988302,0.802213,2435.019720,0.135309,27324.940000,9309.150000,255.000000,75.685565,/home/jake/Projects/cellprofiler_test/output/runs/life_history_target_vsi_v1/cell_measurements/tile_manifest.csv,/home/jake/Projects/cellprofiler_test/output/runs/life_history_target_vsi_v1/staging/tiles/Process_437_green.ome/tile_y024576_x008192.tiff,/home/jake/Projects/cellprofiler_test/output/runs/life_history_target_vsi_v1/cell_measurements/summary.json,True,32.450672,0.428756,0.156868,218.491200,True,True,True,,True,True,True,1.092160,0.181397,0.366717,-0.297024,1.203505,Process_437_green.ome.tiff::tile_y024576_x008192.tiff::35,17996.000000,643.207107,1.000000,0.998769,0.964184,0.035816,0.988302,1.728901,0.815752,0.000000,,,,,,,,,False,False,False,False,clean,,0.006253,0.019718,0.313726,unlabeled,,,,0.000000,0.000000,0.964040,0.035960,auto_keep,1.000000,0.786697,0.786697,0.513991,0.309633,0.624235,size_nucleus_darkness,False,1.000000,0.000000,0.933628,1,,,5.561229,3.729330,6.381915,0.404355,0.786697,0.513991,0.000000,0.000000,0.000000,0.000000,0.000000,0.000000,0.000000,0.000000,0.000000,1.000000,0.980088,,,,,,1,1,model_ranked,unlabeled,
Process_437_green.ome.tiff,38,4206,60.566400,872.706800,0.207500,36300.500000,35824.000000,255,tile_y032768_x032768.tiff,32768,32768,4096,4096,/home/jake/Projects/cellprofiler_test/output/runs/life_history_target_vsi_v1/imagej_nucleus_measurements/artifacts/Process_437_green.ome/macro_artifacts/tile_y032768_x032768__mask.tif,/home/jake/Projects/cellprofiler_test/output/runs/life_history_target_vsi_v1/imagej_nucleus_measurements/artifacts/Process_437_green.ome/macro_artifacts/tile_y032768_x032768__rois.zip,/home/jake/Projects/cellprofiler_test/output/runs/life_history_target_vsi_v1/imagej_nucleus_measurements/artifacts/Process_437_green.ome/tile_manifest.csv,/home/jake/Projects/cellprofiler_test/output/runs/life_history_target_vsi_v1/imagej_nucleus_measurements/artifacts/Process_437_green.ome/raw_imagej_results.csv,437,109787,D. orestes,pmount,/home/jake/Projects/cellprofiler_test/output/runs/life_history_target_vsi_v1/staging/tiles/Process_437_green.ome/tile_y032768_x032768.tiff,,Process_437_green.ome.tiff::tile_y032768_x032768.tiff::38,/home/jake/Projects/cellprofiler_test/output/runs/life_history_target_vsi_v1/cell_measurements/masks/Process_437_green.ome/tile_y032768_x032768__filtered_labels.tiff,32768.000000,32768.000000,4096.000000,4096.000000,True,True,True,27,0,roi_overlap_unique,0,0,0.000000,0,4396,4396,1.000000,1,Process_437_green.ome.tiff::tile_y032768_x032768.tiff::27,27.000000,17931.000000,258.206400,0.988915,0.798585,2638.425049,0.147143,35832.660000,36311.630000,255.000000,75.548756,/home/jake/Projects/cellprofiler_test/output/runs/life_history_target_vsi_v1/cell_measurements/tile_manifest.csv,/home/jake/Projects/cellprofiler_test/output/runs/life_history_target_vsi_v1/staging/tiles/Process_437_green.ome/tile_y032768_x032768.tiff,/home/jake/Projects/cellprofiler_test/output/runs/life_history_target_vsi_v1/cell_measurements/summary.json,True,14.102216,0.186664,0.234566,197.640000,True,True,True,,True,True,True,1.071769,0.766021,0.908089,0.254952,1.620217,Process_437_green.ome.tiff::tile_y032768_x032768.tiff::38,17931.000000,646.000000,0.987616,1.012539,0.980784,0.019216,0.988915,1.707200,0.810489,0.000000,,,,,,,,,False,False,False,False,clean,,0.006232,0.020012,0.333333,unlabeled,,,,0.000000,0.000000,0.986509,0.013491,auto_keep,0.993119,0.775229,0.775229,0.554014,0.534404,0.599771,size_nucleus_darkness,False,1.000000,0.000000,0.932006,2,,,5.557625,4.120116,6.772745,0.429488,0.769895,0.550202,0.000000,0.000000,0.000000,0.000000,0.000000,0.000000,0.000000,0.000000,0.000000,1.000000,0.979602,,,,,,1,2,model_ranked,unlabeled,
Process_437_green.ome.tiff,40,2526,36.374400,585.977400,0.232000,18338.000000,27713.500000,255,tile_y024576_x016384.tiff,24576,16384,4096,4096,/home/jake/Projects/cellprofiler_test/output/runs/life_history_target_vsi_v1/imagej_nucleus_measurements/artifacts/Process_437_green.ome/macro_artifacts/tile_y024576_x016384__mask.tif,/home/jake/Projects/cellprofiler_test/output/runs/life_history_target_vsi_v1/imagej_nucleus_measurements/artifacts/Process_437_green.ome/macro_artifacts/tile_y024576_x016384__rois.zip,/home/jake/Projects/cellprofiler_test/output/runs/life_history_target_vsi_v1/imagej_nucleus_measurements/artifacts/Process_437_green.ome/tile_manifest.csv,/home/jake/Projects/cellprofiler_test/output/runs/life_history_target_vsi_v1/imagej_nucleus_measurements/artifacts/Process_437_green.ome/raw_imagej_results.csv,437,109787,D. orestes,pmount,/home/jake/Projects/cellprofiler_test/output/runs/life_history_target_vsi_v1/staging/tiles/Process_437_green.ome/tile_y024576_x016384.tiff,,Process_437_green.ome.tiff::tile_y024576_x016384.tiff::40,/home/jake/Projects/cellprofiler_test/output/runs/life_history_target_vsi_v1/cell_measurements/masks/Process_437_green.ome/tile_y024576_x016384__filtered_labels.tiff,24576.000000,16384.000000,4096.000000,4096.000000,True,True,True,23,0,roi_overlap_unique,0,0,0.000000,0,2658,2658,1.000000,1,Process_437_green.ome.tiff::tile_y024576_x016384.tiff::23,23.000000,17534.000000,252.489600,0.988165,0.797323,2508.284536,0.143053,27709.140000,18297.570000,255.000000,74.707734,/home/jake/Projects/cellprofiler_test/output/runs/life_history_target_vsi_v1/cell_measurements/tile_manifest.csv,/home/jake/Projects/cellprofiler_test/output/runs/life_history_target_vsi_v1/staging/tiles/Process_437_green.ome/tile_y024576_x016384.tiff,/home/jake/Projects/cellprofiler_test/output/runs/life_history_target_vsi_v1/cell_measurements/summary.json,True,40.664413,0.544313,0.144063,216.115200,True,True,True,,True,True,True,0.945595,0.018401,0.357117,-0.413853,1.092380,Process_437_green.ome.tiff::tile_y024576_x016384.tiff::40,17534.000000,618.414214,1.000000,0.997442,0.976901,0.023099,0.988165,1.780985,0.827485,0.000000,,,,,,,,,False,False,False,False,clean,,0.005493,0.019857,0.286275,unlabeled,,,,0.000000,0.000000,0.974106,0.025894,auto_keep,0.970183,0.905963,0.905963,0.425115,0.261468,0.657110,size_nucleus_darkness,False,1.000000,0.000000,0.915428,3,,,5.535323,3.620986,6.374986,0.385138,0.878950,0.412439,0.000000,0.000000,0.000000,0.000000,0.000000,0.000000,0.000000,0.000000,0.000000,1.000000,0.974628,,,,,,1,3,model_ranked,unlabeled,
Process_437_green.ome.tiff,76,4231,60.926400,869.244000,0.205400,23894.000000,3703.000000,255,tile_y000000_x020480.tiff,0,20480,4096,4096,/home/jake/Projects/cellprofiler_test/output/runs/life_history_target_vsi_v1/imagej_nucleus_measurements/artifacts/Process_437_green.ome/macro_artifacts/tile_y000000_x020480__mask.tif,/home/jake/Projects/cellprofiler_test/output/runs/life_history_target_vsi_v1/imagej_nucleus_measurements/artifacts/Process_437_green.ome/macro_artifacts/tile_y000000_x020480__rois.zip,/home/jake/Projects/cellprofiler_test/output/runs/life_history_target_vsi_v1/imagej_nucleus_measurements/artifacts/Process_437_green.ome/tile_manifest.csv,/home/jake/Projects/cellprofiler_test/output/runs/life_history_target_vsi_v1/imagej_nucleus_measurements/artifacts/Process_437_green.ome/raw_imagej_results.csv,437,109787,D. orestes,pmount,/home/jake/Projects/cellprofiler_test/output/runs/life_history_target_vsi_v1/staging/tiles/Process_437_green.ome/tile_y000000_x020480.tiff,,Process_437_green.ome.tiff::tile_y000000_x020480.tiff::76,/home/jake/Projects/cellprofiler_test/output/runs/life_history_target_vsi_v1/cell_measurements/masks/Process_437_green.ome/tile_y000000_x020480__filtered_labels.tiff,0.000000,20480.000000,4096.000000,4096.000000,True,True,True,58,0,roi_overlap_unique,0,0,0.000000,0,4396,4396,1.000000,1,Process_437_green.ome.tiff::tile_y000000_x020480.tiff::58,58.000000,17714.000000,255.081600,0.989443,0.778341,2624.520147,0.148161,3719.270000,23905.800000,255.000000,75.090221,/home/jake/Projects/cellprofiler_test/output/runs/life_history_target_vsi_v1/cell_measurements/tile_manifest.csv,/home/jake/Projects/cellprofiler_test/output/runs/life_history_target_vsi_v1/staging/tiles/Process_437_green.ome/tile_y000000_x020480.tiff,/home/jake/Projects/cellprofiler_test/output/runs/life_history_target_vsi_v1/cell_measurements/summary.json,True,20.098580,0.267659,0.238851,194.155200,True,True,True,,True,True,True,1.003152,0.774710,0.902589,0.279788,1.580962,Process_437_green.ome.tiff::tile_y000000_x020480.tiff::76,17714.000000,666.000000,0.987988,1.012158,0.969286,0.030714,0.989443,1.906558,0.851407,0.000000,,,,,,,,,False,False,False,False,clean,,0.005514,0.022247,0.294118,unlabeled,,,,0.000000,0.000000,0.934770,0.065230,auto_keep,0.979358,0.756881,0.756881,0.491055,0.412844,0.574541,size_nucleus_darkness,False,1.000000,0.000000,0.912770,4,,,5.545496,4.125947,6.768774,0.371670,0.741257,0.480919,0.000000,0.000000,0.000000,0.000000,0.000000,0.000000,0.000000,0.000000,0.000000,1.000000,0.973831,,,,,,1,4,model_ranked,unlabeled,
Process_437_green.ome.tiff,68,3188,45.907200,699.677100,0.219500,25438.000000,23363.500000,255,tile_y020480_x024576.tiff,20480,24576,4096,4096,/home/jake/Projects/cellprofiler_test/output/runs/life_history_target_vsi_v1/imagej_nucleus_measurements/artifacts/Process_437_green.ome/macro_artifacts/tile_y020480_x024576__mask.tif,/home/jake/Projects/cellprofiler_test/output/runs/life_history_target_vsi_v1/imagej_nucleus_measurements/artifacts/Process_437_green.ome/macro_artifacts/tile_y020480_x024576__rois.zip,/home/jake/Projects/cellprofiler_test/output/runs/life_history_target_vsi_v1/imagej_nucleus_measurements/artifacts/Process_437_green.ome/tile_manifest.csv,/home/jake/Projects/cellprofiler_test/output/runs/life_history_target_vsi_v1/imagej_nucleus_measurements/artifacts/Process_437_green.ome/raw_imagej_results.csv,437,109787,D. orestes,pmount,/home/jake/Projects/cellprofiler_test/output/runs/life_history_target_vsi_v1/staging/tiles/Process_437_green.ome/tile_y020480_x024576.tiff,,Process_437_green.ome.tiff::tile_y020480_x024576.tiff::68,/home/jake/Projects/cellprofiler_test/output/runs/life_history_target_vsi_v1/cell_measurements/masks/Process_437_green.ome/tile_y020480_x024576__filtered_labels.tiff,20480.000000,24576.000000,4096.000000,4096.000000,True,True,True,43,0,roi_overlap_unique,0,0,0.000000,0,3330,3330,1.000000,1,Process_437_green.ome.tiff::tile_y020480_x024576.tiff::43,43.000000,17653.000000,254.203200,0.988576,0.795500,2587.706126,0.146587,23365.490000,25448.980000,255.000000,74.960819,/home/jake/Projects/cellprofiler_test/output/runs/life_history_target_vsi_v1/cell_measurements/tile_manifest.csv,/home/jake/Projects/cellprofiler_test/output/runs/life_history_target_vsi_v1/staging/tiles/Process_437_green.ome/tile_y020480_x024576.tiff,/home/jake/Projects/cellprofiler_test/output/runs/life_history_target_vsi_v1/cell_measurements/summary.json,True,11.158875,0.148863,0.180593,208.296000,True,True,True,,True,True,True,0.983713,0.359687,0.602418,-0.103803,1.212744,Process_437_green.ome.tiff::tile_y020480_x024576.tiff::68,17653.000000,630.000000,0.993651,1.006390,0.986387,0.013613,0.988576,1.745426,0.819607,0.000000,,,,,,,,,False,False,False,False,clean,,0.006042,0.018567,0.262745,unlabeled,,,,0.000000,0.000000,0.996215,0.003785,auto_keep,0.972477,0.855505,0.855505,0.371330,0.616972,0.639908,size_nucleus_darkness,False,1.000000,0.000000,0.912056,5,,,5.542060,3.848171,6.552047,0.317675,0.831959,0.361110,0.000000,0.000000,0.000000,0.000000,0.000000,0.000000,0.000000,0.000000,0.000000,1.000000,0.973617,,,,,,1,5,model_ranked,unlabeled,
Process_435_green.ome.tiff,36,2965,42.696000,638.368300,0.215300,18564.000000,14462.000000,255,tile_y012288_x016384.tiff,12288,16384,4096,4096,/home/jake/Projects/cellprofiler_test/output/runs/life_history_target_vsi_v1/imagej_nucleus_measurements/artifacts/Process_435_green.ome/macro_artifacts/tile_y012288_x016384__mask.tif,/home/jake/Projects/cellprofiler_test/output/runs/life_history_target_vsi_v1/imagej_nucleus_measurements/artifacts/Process_435_green.ome/macro_artifacts/tile_y012288_x016384__rois.zip,/home/jake/Projects/cellprofiler_test/output/runs/life_history_target_vsi_v1/imagej_nucleus_measurements/artifacts/Process_435_green.ome/tile_manifest.csv,/home/jake/Projects/cellprofiler_test/output/runs/life_history_target_vsi_v1/imagej_nucleus_measurements/artifacts/Process_435_green.ome/raw_imagej_results.csv,435,169445,D. orestes,pmount,/home/jake/Projects/cellprofiler_test/output/runs/life_history_target_vsi_v1/staging/tiles/Process_435_green.ome/tile_y012288_x016384.tiff,,Process_435_green.ome.tiff::tile_y012288_x016384.tiff::36,/home/jake/Projects/cellprofiler_test/output/runs/life_history_target_vsi_v1/cell_measurements/masks/Process_435_green.ome/tile_y012288_x016384__filtered_labels.tiff,12288.000000,16384.000000,4096.000000,4096.000000,True,True,True,29,0,roi_overlap_unique,0,0,0.000000,0,3104,3104,1.000000,1,Process_435_green.ome.tiff::tile_y012288_x016384.tiff::29,29.000000,17072.000000,245.836800,0.987906,0.820342,2688.103081,0.157457,14475.250000,18567.860000,255.000000,73.716934,/home/jake/Projects/cellprofiler_test/output/runs/life_history_target_vsi_v1/cell_measurements/tile_manifest.csv,/home/jake/Projects/cellprofiler_test/output/runs/life_history_target_vsi_v1/staging/tiles/Process_435_green.ome/tile_y012288_x016384.tiff,/home/jake/Projects/cellprofiler_test/output/runs/life_history_target_vsi_v1/cell_measurements/summary.json,True,13.800801,0.187213,0.173676,203.140800,True,True,True,,True,True,True,1.095059,0.331714,0.515879,0.024906,1.255365,Process_435_green.ome.tiff::tile_y012288_x016384.tiff::36,17072.000000,618.000000,0.993528,1.006515,0.977423,0.022577,0.987906,1.589730,0.777375,0.000000,,,,,,,,,False,False,False,False,clean,,0.007265,0.024722,0.345098,unlabeled,,,,0.000000,0.000000,0.996347,0.003653,auto_keep,0.942661,0.830275,0.830275,0.687844,0.527523,0.596713,size_nucleus_darkness,False,1.000000,0.000000,0.906511,6,,,5.508727,3.777257,6.460481,0.571100,0.782668,0.648404,0.000000,0.000000,0.000000,0.000000,0.000000,0.000000,0.000000,0.000000,0.000000,1.000000,0.971953,,,,,,1,6,model_ranked,unlabeled,
Process_437_green.ome.tiff,38,3324,47.865600,576.518400,0.173400,19271.500000,6781.000000,255,tile_y004096_x016384.tiff,4096,16384,4096,4096,/home/jake/Projects/cellprofiler_test/output/runs/life_history_target_vsi_v1/imagej_nucleus_measurements/artifacts/Process_437_green.ome/macro_artifacts/tile_y004096_x016384__mask.tif,/home/jake/Projects/cellprofiler_test/output/runs/life_history_target_vsi_v1/imagej_nucleus_measurements/artifacts/Process_437_green.ome/macro_artifacts/tile_y004096_x016384__rois.zip,/home/jake/Projects/cellprofiler_test/output/runs/life_history_target_vsi_v1/imagej_nucleus_measurements/artifacts/Process_437_green.ome/tile_manifest.csv,/home/jake/Projects/cellprofiler_test/output/runs/life_history_target_vsi_v1/imagej_nucleus_measurements/artifacts/Process_437_green.ome/raw_imagej_results.csv,437,109787,D. orestes,pmount,/home/jake/Projects/cellprofiler_test/output/runs/life_history_target_vsi_v1/staging/tiles/Process_437_green.ome/tile_y004096_x016384.tiff,,Process_437_green.ome.tiff::tile_y004096_x016384.tiff::38,/home/jake/Projects/cellprofiler_test/output/runs/life_history_target_vsi_v1/cell_measurements/masks/Process_437_green.ome/tile_y004096_x016384__filtered_labels.tiff,4096.000000,16384.000000,4096.000000,4096.000000,True,True,True,34,0,roi_overlap_unique,0,0,0.000000,0,3469,2958,0.852695,1,Process_437_green.ome.tiff::tile_y004096_x016384.tiff::34,34.000000,17919.000000,258.033600,0.986566,0.730545,2958.714940,0.165116,6802.980000,19193.270000,255.000000,75.523472,/home/jake/Projects/cellprofiler_test/output/runs/life_history_target_vsi_v1/cell_measurements/tile_manifest.csv,/home/jake/Projects/cellprofiler_test/output/runs/life_history_target_vsi_v1/staging/tiles/Process_437_green.ome/tile_y004096_x016384.tiff,/home/jake/Projects/cellprofiler_test/output/runs/life_history_target_vsi_v1/cell_measurements/summary.json,True,81.259174,1.075946,0.185501,210.168000,True,True,True,,True,True,True,1.067996,0.420941,0.334606,-0.067008,1.197605,Process_437_green.ome.tiff::tile_y004096_x016384.tiff::38,17919.000000,670.000000,1.000000,1.000000,0.969848,0.030152,0.986566,2.102533,0.879653,0.000000,,,,,,,,,False,False,False,False,clean,,0.004714,0.024376,0.360784,unlabeled,,,,0.000000,0.000000,0.564086,0.435914,needs_review,0.990826,0.571101,0.571101,0.623739,0.055046,0.612003,size_nucleus_darkness,False,1.000000,0.000000,0.905744,7,,,5.556958,3.889074,6.358740,0.356218,0.565862,0.618017,0.000000,0.000000,0.000000,0.000000,0.000000,0.000000,0.000000,0.000000,0.000000,1.000000,0.971723,,,,,,1,7,model_ranked,unlabeled,
Process_437_green.ome.tiff,11,3813,54.907200,744.687000,0.195300,33544.000000,33230.500000,255,tile_y032768_x032768.tiff,32768,32768,4096,4096,/home/jake/Projects/cellprofiler_test/output/runs/life_history_target_vsi_v1/imagej_nucleus_measurements/artifacts/Process_437_green.ome/macro_artifacts/tile_y032768_x032768__mask.tif,/home/jake/Projects/cellprofiler_test/output/runs/life_history_target_vsi_v1/imagej_nucleus_measurements/artifacts/Process_437_green.ome/macro_artifacts/tile_y032768_x032768__rois.zip,/home/jake/Projects/cellprofiler_test/output/runs/life_history_target_vsi_v1/imagej_nucleus_measurements/artifacts/Process_437_green.ome/tile_manifest.csv,/home/jake/Projects/cellprofiler_test/output/runs/life_history_target_vsi_v1/imagej_nucleus_measurements/artifacts/Process_437_green.ome/raw_imagej_results.csv,437,109787,D. orestes,pmount,/home/jake/Projects/cellprofiler_test/output/runs/life_history_target_vsi_v1/staging/tiles/Process_437_green.ome/tile_y032768_x032768.tiff,,Process_437_green.ome.tiff::tile_y032768_x032768.tiff::11,/home/jake/Projects/cellprofiler_test/output/runs/life_history_target_vsi_v1/cell_measurements/masks/Process_437_green.ome/tile_y032768_x032768__filtered_labels.tiff,32768.000000,32768.000000,4096.000000,4096.000000,True,True,True,8,0,roi_overlap_unique,0,0,0.000000,0,3967,3967,1.000000,1,Process_437_green.ome.tiff::tile_y032768_x032768.tiff::8,8.000000,17749.000000,255.585600,0.985563,0.729761,2496.049782,0.140630,33247.120000,33533.740000,255.000000,75.164368,/home/jake/Projects/cellprofiler_test/output/runs/life_history_target_vsi_v1/cell_measurements/tile_manifest.csv,/home/jake/Projects/cellprofiler_test/output/runs/life_history_target_vsi_v1/staging/tiles/Process_437_green.ome/tile_y032768_x032768.tiff,/home/jake/Projects/cellprofiler_test/output/runs/life_history_target_vsi_v1/cell_measurements/summary.json,True,19.531820,0.259855,0.214829,200.678400,True,True,True,,True,True,True,1.014276,0.622185,0.688657,0.134366,1.381366,Process_437_green.ome.tiff::tile_y032768_x032768.tiff::11,17749.000000,668.414214,0.993396,1.006648,0.939881,0.060119,0.985563,2.063751,0.874761,0.000000,,,,,,,,,False,False,False,False,clean,,0.006468,0.017872,0.294118,unlabeled,,,,0.000000,0.000000,0.751152,0.248848,needs_review,0.981651,0.711009,0.711009,0.446789,0.426606,0.473624,size_nucleus_darkness,False,1.000000,0.000000,0.904211,8,,,5.547462,4.023693,6.614306,0.317671,0.697963,0.438591,0.000000,0.000000,0.000000,0.000000,0.000000,0.000000,0.000000,0.000000,0.000000,1.000000,0.971263,,,,,,1,8,model_ranked,unlabeled,
Process_437_green.ome.tiff,38,1767,25.444800,326.102800,0.184600,16714.000000,3610.500000,255,tile_y000000_x016384.tiff,0,16384,4096,4096,/home/jake/Projects/cellprofiler_test/output/runs/life_history_target_vsi_v1/imagej_nucleus_measurements/artifacts/Process_437_green.ome/macro_artifacts/tile_y000000_x016384__mask.tif,/home/jake/Projects/cellprofiler_test/output/runs/life_history_target_vsi_v1/imagej_nucleus_measurements/artifacts/Process_437_green.ome/macro_artifacts/tile_y000000_x016384__rois.zip,/home/jake/Projects/cellprofiler_test/output/runs/life_history_target_vsi_v1/imagej_nucleus_measurements/artifacts/Process_437_green.ome/tile_manifest.csv,/home/jake/Projects/cellprofiler_test/output/runs/life_history_target_vsi_v1/imagej_nucleus_measurements/artifacts/Process_437_green.ome/raw_imagej_results.csv,437,109787,D. orestes,pmount,/home/jake/Projects/cellprofiler_test/output/runs/life_history_target_vsi_v1/staging/tiles/Process_437_green.ome/tile_y000000_x016384.tiff,,Process_437_green.ome.tiff::tile_y000000_x016384.tiff::38,/home/jake/Projects/cellprofiler_test/output/runs/life_history_target_vsi_v1/cell_measurements/masks/Process_437_green.ome/tile_y000000_x016384__filtered_labels.tiff,0.000000,16384.000000,4096.000000,4096.000000,True,True,True,39,0,roi_overlap_unique,0,0,0.000000,0,1878,1878,1.000000,1,Process_437_green.ome.tiff::tile_y000000_x016384.tiff::39,39.000000,17334.000000,249.609600,0.988143,0.807471,2895.411038,0.167037,3581.210000,16691.270000,255.000000,74.280439,/home/jake/Projects/cellprofiler_test/output/runs/life_history_target_vsi_v1/cell_measurements/tile_manifest.csv,/home/jake/Projects/cellprofiler_test/output/runs/life_history_target_vsi_v1/staging/tiles/Process_437_green.ome/tile_y000000_x016384.tiff,/home/jake/Projects/cellprofiler_test/output/runs/life_history_target_vsi_v1/cell_measurements/summary.json,True,37.075019,0.499122,0.101938,224.164800,True,True,True,,True,True,True,0.880945,-0.505580,-0.453560,-0.888386,1.423594,Process_437_green.ome.tiff::tile_y000000_x016384.tiff::38,17334.000000,625.207107,0.994870,1.005156,0.988185,0.011815,0.988143,1.680740,0.803744,0.000000,,,,,,,,,False,False,False,False,clean,,0.004953,0.026173,0.341176,unlabeled,,,,0.000000,0.000000,0.988778,0.011222,auto_keep,0.965596,0.628440,0.628440,0.635780,0.284404,0.633792,size_nucleus_darkness,False,1.000000,0.000000,0.898895,9,,,5.523896,3.275060,5.790274,0.399550,0.606819,0.613907,0.000000,0.000000,0.000000,0.000000,0.000000,0.000000,0.000000,0.000000,0.000000,1.000000,0.969669,,,,,,1,9,model_ranked,unlabeled,
Process_437_green.ome.tiff,8,727,10.468800,182.537100,0.251100,25620.000000,4811.500000,255,tile_y004096_x024576.tiff,4096,24576,4096,4096,/home/jake/Projects/cellprofiler_test/output/runs/life_history_target_vsi_v1/imagej_nucleus_measurements/artifacts/Process_437_green.ome/macro_artifacts/tile_y004096_x024576__mask.tif,/home/jake/Projects/cellprofiler_test/output/runs/life_history_target_vsi_v1/imagej_nucleus_measurements/artifacts/Process_437_green.ome/macro_artifacts/tile_y004096_x024576__rois.zip,/home/jake/Projects/cellprofiler_test/output/runs/life_history_target_vsi_v1/imagej_nucleus_measurements/artifacts/Process_437_green.ome/tile_manifest.csv,/home/jake/Projects/cellprofiler_test/output/runs/life_history_target_vsi_v1/imagej_nucleus_measurements/artifacts/Process_437_green.ome/raw_imagej_results.csv,437,109787,D. orestes,pmount,/home/jake/Projects/cellprofiler_test/output/runs/life_history_target_vsi_v1/staging/tiles/Process_437_green.ome/tile_y004096_x024576.tiff,,Process_437_green.ome.tiff::tile_y004096_x024576.tiff::8,/home/jake/Projects/cellprofiler_test/output/runs/life_history_target_vsi_v1/cell_measurements/masks/Process_437_green.ome/tile_y004096_x024576__filtered_labels.tiff,4096.000000,24576.000000,4096.000000,4096.000000,True,True,True,18,0,roi_overlap_unique,0,0,0.000000,0,802,802,1.000000,1,Process_437_green.ome.tiff::tile_y004096_x024576.tiff::18,18.000000,17035.000000,245.304000,0.989601,0.802073,2540.686137,0.149145,4782.280000,25609.050000,255.000000,73.637008,/home/jake/Projects/cellprofiler_test/output/runs/life_history_target_vsi_v1/cell_measurements/tile_manifest.csv,/home/jake/Projects/cellprofiler_test/output/runs/life_history_target_vsi_v1/staging/tiles/Process_437_green.ome/tile_y004096_x024576.tiff,/home/jake/Projects/cellprofiler_test/output/runs/life_history_target_vsi_v1/cell_measurements/summary.json,True,31.204341,0.423759,0.042677,234.835200,True,True,True,ultra_core_outlier,True,True,False,0.782888,-1.807802,-1.256201,-2.082959,3.130147,Process_437_green.ome.tiff::tile_y004096_x024576.tiff::8,17035.000000,608.000000,1.000000,0.993464,0.982320,0.017680,0.989601,1.790680,0.829540,0.000000,,,,,,,,,False,False,False,False,clean,,0.004933,0.023011,0.262745,unlabeled,,,,0.000000,0.000000,0.984012,0.015988,auto_keep,0.940367,0.951835,0.951835,0.416055,0.314220,0.700688,size_nucleus_darkness,False,1.000000,0.000000,0.896590,10,,,5.506567,2.439630,5.212417,0.396016,0.895074,0.391244,0.000000,0.000000,0.000000,0.000000,0.000000,0.000000,0.000000,0.000000,0.000000,1.000000,0.968977,,,,,,1,10,model_ranked,unlabeled,
Process_437_green.ome.tiff,63,4067,58.564800,851.193900,0.209300,26126.500000,22833.500000,255,tile_y020480_x024576.tiff,20480,24576,4096,4096,/home/jake/Projects/cellprofiler_test/output/runs/life_history_target_vsi_v1/imagej_nucleus_measurements/artifacts/Process_437_green.ome/macro_artifacts/tile_y020480_x024576__mask.tif,/home/jake/Projects/cellprofiler_test/output/runs/life_history_target_vsi_v1/imagej_nucleus_measurements/artifacts/Process_437_green.ome/macro_artifacts/tile_y020480_x024576__rois.zip,/home/jake/Projects/cellprofiler_test/output/runs/life_history_target_vsi_v1/imagej_nucleus_measurements/artifacts/Process_437_green.ome/tile_manifest.csv,/home/jake/Projects/cellprofiler_test/output/runs/life_history_target_vsi_v1/imagej_nucleus_measurements/artifacts/Process_437_green.ome/raw_imagej_results.csv,437,109787,D. orestes,pmount,/home/jake/Projects/cellprofiler_test/output/runs/life_history_target_vsi_v1/staging/tiles/Process_437_green.ome/tile_y020480_x024576.tiff,,Process_437_green.ome.tiff::tile_y020480_x024576.tiff::63,/home/jake/Projects/cellprofiler_test/output/runs/life_history_target_vsi_v1/cell_measurements/masks/Process_437_green.ome/tile_y020480_x024576__filtered_labels.tiff,20480.000000,24576.000000,4096.000000,4096.000000,True,True,True,37,0,roi_overlap_unique,0,0,0.000000,0,4222,4222,1.000000,1,Process_437_green.ome.tiff::tile_y020480_x024576.tiff::37,37.000000,17102.000000,246.268800,0.989470,0.792163,2631.660464,0.153880,22830.140000,26121.600000,255.000000,73.781676,/home/jake/Projects/cellprofiler_test/output/runs/life_history_target_vsi_v1/cell_measurements/tile_manifest.csv,/home/jake/Projects/cellprofiler_test/output/runs/life_history_target_vsi_v1/staging/tiles/Process_437_green.ome/tile_y020480_x024576.tiff,/home/jake/Projects/cellprofiler_test/output/runs/life_history_target_vsi_v1/cell_measurements/summary.json,True,5.941347,0.080526,0.237808,187.704000,True,True,True,,True,True,True,0.805010,0.716744,0.873563,0.273788,1.414156,Process_437_green.ome.tiff::tile_y020480_x024576.tiff::63,17102.000000,613.207107,1.000000,0.992245,0.974615,0.025385,0.989470,1.816085,0.834746,0.000000,,,,,,,,,False,False,False,False,clean,,0.006648,0.018363,0.286275,unlabeled,,,,0.000000,0.000000,0.987759,0.012241,auto_keep,0.944954,0.791284,0.791284,0.439794,0.784404,0.675459,size_nucleus_darkness,False,1.000000,0.000000,0.890354,11,,,5.510476,4.087065,6.747814,0.348002,0.747727,0.415585,0.000000,0.000000,0.000000,0.000000,0.000000,0.000000,0.000000,0.000000,0.000000,1.000000,0.967106,,,,,,1,11,model_ranked,unlabeled,
Process_437_green.ome.tiff,24,4667,67.204800,971.876800,0.208200,19919.500000,2364.000000,255,tile_y000000_x016384.tiff,0,16384,4096,4096,/home/jake/Projects/cellprofiler_test/output/runs/life_history_target_vsi_v1/imagej_nucleus_measurements/artifacts/Process_437_green.ome/macro_artifacts/tile_y000000_x016384__mask.tif,/home/jake/Projects/cellprofiler_test/output/runs/life_history_target_vsi_v1/imagej_nucleus_measurements/artifacts/Process_437_green.ome/macro_artifacts/tile_y000000_x016384__rois.zip,/home/jake/Projects/cellprofiler_test/output/runs/life_history_target_vsi_v1/imagej_nucleus_measurements/artifacts/Process_437_green.ome/tile_manifest.csv,/home/jake/Projects/cellprofiler_test/output/runs/life_history_target_vsi_v1/imagej_nucleus_measurements/artifacts/Process_437_green.ome/raw_imagej_results.csv,437,109787,D. orestes,pmount,/home/jake/Projects/cellprofiler_test/output/runs/life_history_target_vsi_v1/staging/tiles/Process_437_green.ome/tile_y000000_x016384.tiff,,Process_437_green.ome.tiff::tile_y000000_x016384.tiff::24,/home/jake/Projects/cellprofiler_test/output/runs/life_history_target_vsi_v1/cell_measurements/masks/Process_437_green.ome/tile_y000000_x016384__filtered_labels.tiff,0.000000,16384.000000,4096.000000,4096.000000,True,True,True,28,0,roi_overlap_unique,0,0,0.000000,0,4844,4817,0.994426,1,Process_437_green.ome.tiff::tile_y000000_x016384.tiff::28,28.000000,17274.000000,248.745600,0.989801,0.808892,2606.868090,0.150913,2358.680000,19962.460000,255.000000,74.151770,/home/jake/Projects/cellprofiler_test/output/runs/life_history_target_vsi_v1/cell_measurements/tile_manifest.csv,/home/jake/Projects/cellprofiler_test/output/runs/life_history_target_vsi_v1/staging/tiles/Process_437_green.ome/tile_y000000_x016384.tiff,/home/jake/Projects/cellprofiler_test/output/runs/life_history_target_vsi_v1/cell_measurements/summary.json,True,43.288151,0.583778,0.270175,181.540800,True,True,True,,True,True,True,0.861404,0.918520,1.056967,0.448854,1.704214,Process_437_green.ome.tiff::tile_y000000_x016384.tiff::24,17274.000000,609.207107,1.000000,0.995436,0.983524,0.016476,0.989801,1.751320,0.820952,0.000000,,,,,,,,,False,False,False,False,clean,,0.004125,0.019666,0.286275,unlabeled,,,,0.000000,0.000000,0.744366,0.255634,needs_review,0.958716,0.782110,0.782110,0.384748,0.245413,0.707569,size_nucleus_darkness,False,1.000000,0.000000,0.889089,12,,,5.520443,4.222515,6.880257,0.300915,0.749821,0.368864,0.000000,0.000000,0.000000,0.000000,0.000000,0.000000,0.000000,0.000000,0.000000,1.000000,0.966727,,,,,,1,12,model_ranked,unlabeled,
Process_437_green.ome.tiff,34,3469,49.953600,676.057900,0.194900,34762.500000,34852.000000,255,tile_y032768_x032768.tiff,32768,32768,4096,4096,/home/jake/Projects/cellprofiler_test/output/runs/life_history_target_vsi_v1/imagej_nucleus_measurements/artifacts/Process_437_green.ome/macro_artifacts/tile_y032768_x032768__mask.tif,/home/jake/Projects/cellprofiler_test/output/runs/life_history_target_vsi_v1/imagej_nucleus_measurements/artifacts/Process_437_green.ome/macro_artifacts/tile_y032768_x032768__rois.zip,/home/jake/Projects/cellprofiler_test/output/runs/life_history_target_vsi_v1/imagej_nucleus_measurements/artifacts/Process_437_green.ome/tile_manifest.csv,/home/jake/Projects/cellprofiler_test/output/runs/life_history_target_vsi_v1/imagej_nucleus_measurements/artifacts/Process_437_green.ome/raw_imagej_results.csv,437,109787,D. orestes,pmount,/home/jake/Projects/cellprofiler_test/output/runs/life_history_target_vsi_v1/staging/tiles/Process_437_green.ome/tile_y032768_x032768.tiff,,Process_437_green.ome.tiff::tile_y032768_x032768.tiff::34,/home/jake/Projects/cellprofiler_test/output/runs/life_history_target_vsi_v1/cell_measurements/masks/Process_437_green.ome/tile_y032768_x032768__filtered_labels.tiff,32768.000000,32768.000000,4096.000000,4096.000000,True,True,True,21,0,roi_overlap_unique,0,0,0.000000,0,3606,3606,1.000000,1,Process_437_green.ome.tiff::tile_y032768_x032768.tiff::21,21.000000,17237.000000,248.212800,0.989665,0.814511,2431.503074,0.141063,34856.880000,34747.320000,255.000000,74.072313,/home/jake/Projects/cellprofiler_test/output/runs/life_history_target_vsi_v1/cell_measurements/tile_manifest.csv,/home/jake/Projects/cellprofiler_test/output/runs/life_history_target_vsi_v1/staging/tiles/Process_437_green.ome/tile_y032768_x032768.tiff,/home/jake/Projects/cellprofiler_test/output/runs/life_history_target_vsi_v1/cell_measurements/summary.json,True,15.945118,0.215264,0.201253,198.259200,True,True,True,,True,True,True,0.849320,0.483548,0.554917,0.044807,1.124769,Process_437_green.ome.tiff::tile_y032768_x032768.tiff::34,17237.000000,610.000000,1.000000,0.996732,0.980638,0.019362,0.989665,1.704884,0.809913,0.000000,,,,,,,,,False,False,False,False,clean,,0.006861,0.017409,0.227451,unlabeled,,,,0.000000,0.000000,0.992741,0.007259,auto_keep,0.955275,0.705275,0.705275,0.325459,0.495413,0.695528,size_nucleus_darkness,False,1.000000,0.000000,0.879367,13,,,5.518307,3.930915,6.517757,0.229538,0.673732,0.310903,0.000000,0.000000,0.000000,0.000000,0.000000,0.000000,0.000000,0.000000,0.000000,1.000000,0.963810,,,,,,1,13,model_ranked,unlabeled,
Process_437_green.ome.tiff,10,3908,56.275200,880.249700,0.225200,9650.500000,25465.000000,255,tile_y024576_x008192.tiff,24576,8192,4096,4096,/home/jake/Projects/cellprofiler_test/output/runs/life_history_target_vsi_v1/imagej_nucleus_measurements/artifacts/Process_437_green.ome/macro_artifacts/tile_y024576_x008192__mask.tif,/home/jake/Projects/cellprofiler_test/output/runs/life_history_target_vsi_v1/imagej_nucleus_measurements/artifacts/Process_437_green.ome/macro_artifacts/tile_y024576_x008192__rois.zip,/home/jake/Projects/cellprofiler_test/output/runs/life_history_target_vsi_v1/imagej_nucleus_measurements/artifacts/Process_437_green.ome/tile_manifest.csv,/home/jake/Projects/cellprofiler_test/output/runs/life_history_target_vsi_v1/imagej_nucleus_measurements/artifacts/Process_437_green.ome/raw_imagej_results.csv,437,109787,D. orestes,pmount,/home/jake/Projects/cellprofiler_test/output/runs/life_history_target_vsi_v1/staging/tiles/Process_437_green.ome/tile_y024576_x008192.tiff,,Process_437_green.ome.tiff::tile_y024576_x008192.tiff::10,/home/jake/Projects/cellprofiler_test/output/runs/life_history_target_vsi_v1/cell_measurements/masks/Process_437_green.ome/tile_y024576_x008192__filtered_labels.tiff,24576.000000,8192.000000,4096.000000,4096.000000,True,True,True,5,0,roi_overlap_unique,0,0,0.000000,0,4076,4076,1.000000,1,Process_437_green.ome.tiff::tile_y024576_x008192.tiff::5,5.000000,16751.000000,241.214400,0.986339,0.775781,2716.619336,0.162177,25454.500000,9669.490000,255.000000,73.020606,/home/jake/Projects/cellprofiler_test/output/runs/life_history_target_vsi_v1/cell_measurements/tile_manifest.csv,/home/jake/Projects/cellprofiler_test/output/runs/life_history_target_vsi_v1/staging/tiles/Process_437_green.ome/tile_y024576_x008192.tiff,/home/jake/Projects/cellprofiler_test/output/runs/life_history_target_vsi_v1/cell_measurements/summary.json,True,21.699541,0.297170,0.233300,184.939200,True,True,True,,True,True,True,0.688144,0.658269,0.919993,0.247526,1.347040,Process_437_green.ome.tiff::tile_y024576_x008192.tiff::10,16751.000000,623.207107,0.982017,1.018312,0.982726,0.017274,0.986339,1.725484,0.814939,0.000000,,,,,,,,,False,False,False,False,clean,,0.005567,0.022740,0.286275,unlabeled,,,,0.000000,0.000000,0.954491,0.045509,auto_keep,0.919725,0.887615,0.887615,0.486583,0.376147,0.548165,size_nucleus_darkness,False,1.000000,0.000000,0.877390,14,,,5.489823,4.047868,6.781341,0.431898,0.816362,0.447523,0.000000,0.000000,0.000000,0.000000,0.000000,0.000000,0.000000,0.000000,0.000000,1.000000,0.963217,,,,,,1,14,model_ranked,unlabeled,
Process_437_green.ome.tiff,11,4647,66.916800,625.107200,0.134500,12565.500000,18581.000000,255,tile_y016384_x012288.tiff,16384,12288,4096,4096,/home/jake/Projects/cellprofiler_test/output/runs/life_history_target_vsi_v1/imagej_nucleus_measurements/artifacts/Process_437_green.ome/macro_artifacts/tile_y016384_x012288__mask.tif,/home/jake/Projects/cellprofiler_test/output/runs/life_history_target_vsi_v1/imagej_nucleus_measurements/artifacts/Process_437_green.ome/macro_artifacts/tile_y016384_x012288__rois.zip,/home/jake/Projects/cellprofiler_test/output/runs/life_history_target_vsi_v1/imagej_nucleus_measurements/artifacts/Process_437_green.ome/tile_manifest.csv,/home/jake/Projects/cellprofiler_test/output/runs/life_history_target_vsi_v1/imagej_nucleus_measurements/artifacts/Process_437_green.ome/raw_imagej_results.csv,437,109787,D. orestes,pmount,/home/jake/Projects/cellprofiler_test/output/runs/life_history_target_vsi_v1/staging/tiles/Process_437_green.ome/tile_y016384_x012288.tiff,,Process_437_green.ome.tiff::tile_y016384_x012288.tiff::11,/home/jake/Projects/cellprofiler_test/output/runs/life_history_target_vsi_v1/cell_measurements/masks/Process_437_green.ome/tile_y016384_x012288__filtered_labels.tiff,16384.000000,12288.000000,4096.000000,4096.000000,True,True,True,22,0,roi_overlap_unique,0,0,0.000000,0,4815,3977,0.825961,1,Process_437_green.ome.tiff::tile_y016384_x012288.tiff::22,22.000000,17911.000000,257.918400,0.988848,0.766660,2671.283395,0.149142,18505.660000,12580.610000,255.000000,75.506611,/home/jake/Projects/cellprofiler_test/output/runs/life_history_target_vsi_v1/cell_measurements/tile_manifest.csv,/home/jake/Projects/cellprofiler_test/output/runs/life_history_target_vsi_v1/staging/tiles/Process_437_green.ome/tile_y016384_x012288.tiff,/home/jake/Projects/cellprofiler_test/output/runs/life_history_target_vsi_v1/cell_measurements/summary.json,True,76.840274,1.017663,0.259450,191.001600,True,True,True,,True,True,True,1.065479,0.912223,0.446532,0.393280,1.523633,Process_437_green.ome.tiff::tile_y016384_x012288.tiff::11,17911.000000,642.000000,0.993769,1.006270,0.968808,0.031192,0.988848,1.935370,0.856168,0.000000,,,,,,,,,False,False,False,False,clean,,0.006097,0.022750,0.341176,unlabeled,,,,0.000000,0.000000,0.437169,0.437169,needs_review,0.986239,0.339450,0.339450,0.610780,0.091743,0.591743,size_nucleus_darkness,False,1.000000,0.000000,0.876897,15,,,5.556513,4.218283,6.439522,0.207329,0.334779,0.602375,0.000000,0.000000,0.000000,0.000000,0.000000,0.000000,0.000000,0.000000,0.000000,1.000000,0.963069,,,,,,1,15,model_ranked,unlabeled,
Process_437_green.ome.tiff,17,2552,36.748800,572.645600,0.224400,18741.500000,26530.000000,255,tile_y024576_x016384.tiff,24576,16384,4096,4096,/home/jake/Projects/cellprofiler_test/output/runs/life_history_target_vsi_v1/imagej_nucleus_measurements/artifacts/Process_437_green.ome/macro_artifacts/tile_y024576_x016384__mask.tif,/home/jake/Projects/cellprofiler_test/output/runs/life_history_target_vsi_v1/imagej_nucleus_measurements/artifacts/Process_437_green.ome/macro_artifacts/tile_y024576_x016384__rois.zip,/home/jake/Projects/cellprofiler_test/output/runs/life_history_target_vsi_v1/imagej_nucleus_measurements/artifacts/Process_437_green.ome/tile_manifest.csv,/home/jake/Projects/cellprofiler_test/output/runs/life_history_target_vsi_v1/imagej_nucleus_measurements/artifacts/Process_437_green.ome/raw_imagej_results.csv,437,109787,D. orestes,pmount,/home/jake/Projects/cellprofiler_test/output/runs/life_history_target_vsi_v1/staging/tiles/Process_437_green.ome/tile_y024576_x016384.tiff,,Process_437_green.ome.tiff::tile_y024576_x016384.tiff::17,/home/jake/Projects/cellprofiler_test/output/runs/life_history_target_vsi_v1/cell_measurements/masks/Process_437_green.ome/tile_y024576_x016384__filtered_labels.tiff,24576.000000,16384.000000,4096.000000,4096.000000,True,True,True,5,0,roi_overlap_unique,0,0,0.000000,0,2670,2670,1.000000,1,Process_437_green.ome.tiff::tile_y024576_x016384.tiff::5,5.000000,16779.000000,241.617600,0.987058,0.777927,2463.652877,0.146830,26506.800000,18736.350000,255.000000,73.081609,/home/jake/Projects/cellprofiler_test/output/runs/life_history_target_vsi_v1/cell_measurements/tile_manifest.csv,/home/jake/Projects/cellprofiler_test/output/runs/life_history_target_vsi_v1/staging/tiles/Process_437_green.ome/tile_y024576_x016384.tiff,/home/jake/Projects/cellprofiler_test/output/runs/life_history_target_vsi_v1/cell_measurements/summary.json,True,23.764732,0.325181,0.152095,204.868800,True,True,True,,True,True,True,0.697556,0.033416,0.325283,-0.339420,0.841853,Process_437_green.ome.tiff::tile_y024576_x016384.tiff::17,16779.000000,611.207107,0.991481,1.008593,0.965871,0.034129,0.987058,1.812762,0.834079,0.000000,,,,,,,,,False,False,False,False,clean,,0.005541,0.019065,0.309804,unlabeled,,,,0.000000,0.000000,0.953903,0.046097,auto_keep,0.922018,0.883028,0.883028,0.461927,0.360092,0.537080,size_nucleus_darkness,False,1.000000,0.000000,0.876763,16,,,5.491487,3.630954,6.352012,0.407894,0.814168,0.425905,0.000000,0.000000,0.000000,0.000000,0.000000,0.000000,0.000000,0.000000,0.000000,1.000000,0.963029,,,,,,1,16,model_ranked,unlabeled,
Process_437_green.ome.tiff,48,4293,61.819200,642.022600,0.149600,18657.500000,7343.000000,255,tile_y004096_x016384.tiff,4096,16384,4096,4096,/home/jake/Projects/cellprofiler_test/output/runs/life_history_target_vsi_v1/imagej_nucleus_measurements/artifacts/Process_437_green.ome/macro_artifacts/tile_y004096_x016384__mask.tif,/home/jake/Projects/cellprofiler_test/output/runs/life_history_target_vsi_v1/imagej_nucleus_measurements/artifacts/Process_437_green.ome/macro_artifacts/tile_y004096_x016384__rois.zip,/home/jake/Projects/cellprofiler_test/output/runs/life_history_target_vsi_v1/imagej_nucleus_measurements/artifacts/Process_437_green.ome/tile_manifest.csv,/home/jake/Projects/cellprofiler_test/output/runs/life_history_target_vsi_v1/imagej_nucleus_measurements/artifacts/Process_437_green.ome/raw_imagej_results.csv,437,109787,D. orestes,pmount,/home/jake/Projects/cellprofiler_test/output/runs/life_history_target_vsi_v1/staging/tiles/Process_437_green.ome/tile_y004096_x016384.tiff,,Process_437_green.ome.tiff::tile_y004096_x016384.tiff::48,/home/jake/Projects/cellprofiler_test/output/runs/life_history_target_vsi_v1/cell_measurements/masks/Process_437_green.ome/tile_y004096_x016384__filtered_labels.tiff,4096.000000,16384.000000,4096.000000,4096.000000,True,True,True,48,0,roi_overlap_unique,0,0,0.000000,0,4482,3494,0.779563,1,Process_437_green.ome.tiff::tile_y004096_x016384.tiff::48,48.000000,17121.000000,246.542400,0.989253,0.766467,2747.698746,0.160487,7296.710000,18701.720000,255.000000,73.822649,/home/jake/Projects/cellprofiler_test/output/runs/life_history_target_vsi_v1/cell_measurements/tile_manifest.csv,/home/jake/Projects/cellprofiler_test/output/runs/life_history_target_vsi_v1/staging/tiles/Process_437_green.ome/tile_y004096_x016384.tiff,/home/jake/Projects/cellprofiler_test/output/runs/life_history_target_vsi_v1/cell_measurements/summary.json,True,64.016970,0.867172,0.250745,184.723200,True,True,True,,True,True,True,0.811267,0.796041,0.483466,0.346460,1.282813,Process_437_green.ome.tiff::tile_y004096_x016384.tiff::48,17121.000000,654.000000,0.993884,1.006154,0.974630,0.025370,0.989253,1.946242,0.857904,0.000000,,,,,,,,,False,False,False,False,clean,,0.005402,0.026672,0.407843,unlabeled,,,,0.000000,0.000000,0.611200,0.388800,needs_review,0.947248,0.452982,0.452982,0.751950,0.181193,0.618119,size_nucleus_darkness,False,1.000000,0.000000,0.869838,17,,,5.511582,4.140261,6.466180,0.340620,0.429086,0.712283,0.000000,0.000000,0.000000,0.000000,0.000000,0.000000,0.000000,0.000000,0.000000,1.000000,0.960951,,,,,,1,17,model_ranked,unlabeled,
Process_437_green.ome.tiff,9,3754,54.057600,526.695000,0.140300,10956.000000,29595.000000,255,tile_y028672_x008192.tiff,28672,8192,4096,4096,/home/jake/Projects/cellprofiler_test/output/runs/life_history_target_vsi_v1/imagej_nucleus_measurements/artifacts/Process_437_green.ome/macro_artifacts/tile_y028672_x008192__mask.tif,/home/jake/Projects/cellprofiler_test/output/runs/life_history_target_vsi_v1/imagej_nucleus_measurements/artifacts/Process_437_green.ome/macro_artifacts/tile_y028672_x008192__rois.zip,/home/jake/Projects/cellprofiler_test/output/runs/life_history_target_vsi_v1/imagej_nucleus_measurements/artifacts/Process_437_green.ome/tile_manifest.csv,/home/jake/Projects/cellprofiler_test/output/runs/life_history_target_vsi_v1/imagej_nucleus_measurements/artifacts/Process_437_green.ome/raw_imagej_results.csv,437,109787,D. orestes,pmount,/home/jake/Projects/cellprofiler_test/output/runs/life_history_target_vsi_v1/staging/tiles/Process_437_green.ome/tile_y028672_x008192.tiff,,Process_437_green.ome.tiff::tile_y028672_x008192.tiff::9,/home/jake/Projects/cellprofiler_test/output/runs/life_history_target_vsi_v1/cell_measurements/masks/Process_437_green.ome/tile_y028672_x008192__filtered_labels.tiff,28672.000000,8192.000000,4096.000000,4096.000000,True,True,True,8,0,roi_overlap_unique,0,0,0.000000,0,3921,2960,0.754909,1,Process_437_green.ome.tiff::tile_y028672_x008192.tiff::8,8.000000,17912.000000,257.932800,0.986941,0.790152,2571.710037,0.143575,29580.020000,10880.420000,255.000000,75.508719,/home/jake/Projects/cellprofiler_test/output/runs/life_history_target_vsi_v1/cell_measurements/tile_manifest.csv,/home/jake/Projects/cellprofiler_test/output/runs/life_history_target_vsi_v1/staging/tiles/Process_437_green.ome/tile_y028672_x008192.tiff,/home/jake/Projects/cellprofiler_test/output/runs/life_history_target_vsi_v1/cell_measurements/summary.json,True,77.050223,1.020415,0.209580,203.875200,True,True,True,,True,True,True,1.065794,0.599319,0.209580,0.100430,1.244633,Process_437_green.ome.tiff::tile_y028672_x008192.tiff::9,17912.000000,636.414214,0.996207,1.003808,0.975850,0.024150,0.986941,1.740013,0.818358,0.000000,,,,,,,,,False,False,False,False,clean,,0.005092,0.019389,0.262745,unlabeled,,,,0.000000,0.000000,0.510096,0.489904,needs_review,0.988532,0.371560,0.371560,0.347018,0.084862,0.590596,size_nucleus_darkness,False,1.000000,0.000000,0.864128,20,,,5.556569,4.008380,6.268518,0.128938,0.367299,0.343038,0.000000,0.000000,0.000000,0.000000,0.000000,0.000000,0.000000,0.000000,0.000000,1.000000,0.959238,,,,,,1,18,model_ranked,unlabeled,
Process_437_green.ome.tiff,5,1349,19.425600,346.206600,0.256600,25532.000000,4328.000000,255,tile_y004096_x024576.tiff,4096,24576,4096,4096,/home/jake/Projects/cellprofiler_test/output/runs/life_history_target_vsi_v1/imagej_nucleus_measurements/artifacts/Process_437_green.ome/macro_artifacts/tile_y004096_x024576__mask.tif,/home/jake/Projects/cellprofiler_test/output/runs/life_history_target_vsi_v1/imagej_nucleus_measurements/artifacts/Process_437_green.ome/macro_artifacts/tile_y004096_x024576__rois.zip,/home/jake/Projects/cellprofiler_test/output/runs/life_history_target_vsi_v1/imagej_nucleus_measurements/artifacts/Process_437_green.ome/tile_manifest.csv,/home/jake/Projects/cellprofiler_test/output/runs/life_history_target_vsi_v1/imagej_nucleus_measurements/artifacts/Process_437_green.ome/raw_imagej_results.csv,437,109787,D. orestes,pmount,/home/jake/Projects/cellprofiler_test/output/runs/life_history_target_vsi_v1/staging/tiles/Process_437_green.ome/tile_y004096_x024576.tiff,,Process_437_green.ome.tiff::tile_y004096_x024576.tiff::5,/home/jake/Projects/cellprofiler_test/output/runs/life_history_target_vsi_v1/cell_measurements/masks/Process_437_green.ome/tile_y004096_x024576__filtered_labels.tiff,4096.000000,24576.000000,4096.000000,4096.000000,True,True,True,9,0,roi_overlap_unique,0,0,0.000000,0,1449,1449,1.000000,1,Process_437_green.ome.tiff::tile_y004096_x024576.tiff::9,9.000000,16461.000000,237.038400,0.988174,0.838110,2649.300935,0.160944,4315.240000,25518.260000,255.000000,72.385765,/home/jake/Projects/cellprofiler_test/output/runs/life_history_target_vsi_v1/cell_measurements/tile_manifest.csv,/home/jake/Projects/cellprofiler_test/output/runs/life_history_target_vsi_v1/staging/tiles/Process_437_green.ome/tile_y004096_x024576.tiff,/home/jake/Projects/cellprofiler_test/output/runs/life_history_target_vsi_v1/cell_measurements/summary.json,True,18.751139,0.259045,0.081951,217.612800,True,True,True,,True,True,True,0.589726,-0.901358,-0.370810,-1.187805,1.645784,Process_437_green.ome.tiff::tile_y004096_x024576.tiff::5,16461.000000,603.207107,0.991368,1.008708,0.982718,0.017282,0.988174,1.486206,0.739775,0.000000,,,,,,,,,False,False,False,False,clean,,0.004998,0.025015,0.329412,unlabeled,,,,0.000000,0.000000,0.990299,0.009701,auto_keep,0.880734,0.961009,0.961009,0.588876,0.433486,0.606269,size_nucleus_darkness,False,1.000000,0.000000,0.862210,22,,,5.472432,3.016789,5.849920,0.565915,0.846393,0.518643,0.000000,0.000000,0.000000,0.000000,0.000000,0.000000,0.000000,0.000000,0.000000,1.000000,0.958663,,,,,,1,19,model_ranked,unlabeled,
Process_437_green.ome.tiff,24,2254,32.457600,475.633600,0.211000,18943.500000,26858.000000,255,tile_y024576_x016384.tiff,24576,16384,4096,4096,/home/jake/Projects/cellprofiler_test/output/runs/life_history_target_vsi_v1/imagej_nucleus_measurements/artifacts/Process_437_green.ome/macro_artifacts/tile_y024576_x016384__mask.tif,/home/jake/Projects/cellprofiler_test/output/runs/life_history_target_vsi_v1/imagej_nucleus_measurements/artifacts/Process_437_green.ome/macro_artifacts/tile_y024576_x016384__rois.zip,/home/jake/Projects/cellprofiler_test/output/runs/life_history_target_vsi_v1/imagej_nucleus_measurements/artifacts/Process_437_green.ome/tile_manifest.csv,/home/jake/Projects/cellprofiler_test/output/runs/life_history_target_vsi_v1/imagej_nucleus_measurements/artifacts/Process_437_green.ome/raw_imagej_results.csv,437,109787,D. orestes,pmount,/home/jake/Projects/cellprofiler_test/output/runs/life_history_target_vsi_v1/staging/tiles/Process_437_green.ome/tile_y024576_x016384.tiff,,Process_437_green.ome.tiff::tile_y024576_x016384.tiff::24,/home/jake/Projects/cellprofiler_test/output/runs/life_history_target_vsi_v1/cell_measurements/masks/Process_437_green.ome/tile_y024576_x016384__filtered_labels.tiff,24576.000000,16384.000000,4096.000000,4096.000000,True,True,True,14,0,roi_overlap_unique,0,0,0.000000,0,2388,2388,1.000000,1,Process_437_green.ome.tiff::tile_y024576_x016384.tiff::14,14.000000,16590.000000,238.896000,0.988147,0.804088,2321.902884,0.139958,26864.410000,18951.020000,255.000000,72.668845,/home/jake/Projects/cellprofiler_test/output/runs/life_history_target_vsi_v1/cell_measurements/tile_manifest.csv,/home/jake/Projects/cellprofiler_test/output/runs/life_history_target_vsi_v1/staging/tiles/Process_437_green.ome/tile_y024576_x016384.tiff,/home/jake/Projects/cellprofiler_test/output/runs/life_history_target_vsi_v1/cell_measurements/summary.json,True,9.881220,0.135976,0.135865,206.438400,True,True,True,,True,True,True,0.633718,-0.148654,0.068526,-0.494234,0.820158,Process_437_green.ome.tiff::tile_y024576_x016384.tiff::24,16590.000000,624.000000,0.996795,1.003215,0.978538,0.021462,0.988147,1.745513,0.819627,0.000000,,,,,,,,,False,False,False,False,clean,,0.006122,0.021148,0.325490,unlabeled,,,,0.000000,0.000000,0.995593,0.004407,auto_keep,0.899083,0.799312,0.799312,0.550000,0.644495,0.624235,size_nucleus_darkness,False,1.000000,0.000000,0.860340,24,,,5.480205,3.510279,6.166748,0.439622,0.718648,0.494496,0.000000,0.000000,0.000000,0.000000,0.000000,0.000000,0.000000,0.000000,0.000000,1.000000,0.958102,,,,,,1,20,model_ranked,unlabeled,
Process_437_green.ome.tiff,32,2790,40.176000,635.194900,0.227700,17233.500000,27110.000000,255,tile_y024576_x016384.tiff,24576,16384,4096,4096,/home/jake/Projects/cellprofiler_test/output/runs/life_history_target_vsi_v1/imagej_nucleus_measurements/artifacts/Process_437_green.ome/macro_artifacts/tile_y024576_x016384__mask.tif,/home/jake/Projects/cellprofiler_test/output/runs/life_history_target_vsi_v1/imagej_nucleus_measurements/artifacts/Process_437_green.ome/macro_artifacts/tile_y024576_x016384__rois.zip,/home/jake/Projects/cellprofiler_test/output/runs/life_history_target_vsi_v1/imagej_nucleus_measurements/artifacts/Process_437_green.ome/tile_manifest.csv,/home/jake/Projects/cellprofiler_test/output/runs/life_history_target_vsi_v1/imagej_nucleus_measurements/artifacts/Process_437_green.ome/raw_imagej_results.csv,437,109787,D. orestes,pmount,/home/jake/Projects/cellprofiler_test/output/runs/life_history_target_vsi_v1/staging/tiles/Process_437_green.ome/tile_y024576_x016384.tiff,,Process_437_green.ome.tiff::tile_y024576_x016384.tiff::32,/home/jake/Projects/cellprofiler_test/output/runs/life_history_target_vsi_v1/cell_measurements/masks/Process_437_green.ome/tile_y024576_x016384__filtered_labels.tiff,24576.000000,16384.000000,4096.000000,4096.000000,True,True,True,18,0,roi_overlap_unique,0,0,0.000000,0,2920,2920,1.000000,1,Process_437_green.ome.tiff::tile_y024576_x016384.tiff::18,18.000000,16588.000000,238.867200,0.987557,0.790577,2554.265626,0.153983,27107.240000,17214.150000,255.000000,72.664464,/home/jake/Projects/cellprofiler_test/output/runs/life_history_target_vsi_v1/cell_measurements/tile_manifest.csv,/home/jake/Projects/cellprofiler_test/output/runs/life_history_target_vsi_v1/staging/tiles/Process_437_green.ome/tile_y024576_x016384.tiff,/home/jake/Projects/cellprofiler_test/output/runs/life_history_target_vsi_v1/cell_measurements/summary.json,True,19.545846,0.268988,0.168194,198.691200,True,True,True,,True,True,True,0.633038,0.164156,0.468676,-0.201384,0.829396,Process_437_green.ome.tiff::tile_y024576_x016384.tiff::32,16588.000000,615.207107,0.991536,1.008536,0.981899,0.018101,0.987557,1.747965,0.820188,0.000000,,,,,,,,,False,False,False,False,clean,,0.005503,0.020953,0.290196,unlabeled,,,,0.000000,0.000000,0.985655,0.014345,auto_keep,0.896789,0.894495,0.894495,0.453555,0.410550,0.592890,size_nucleus_darkness,False,1.000000,0.000000,0.858521,26,,,5.480085,3.717856,6.455505,0.405703,0.802173,0.406743,0.000000,0.000000,0.000000,0.000000,0.000000,0.000000,0.000000,0.000000,0.000000,1.000000,0.957556,,,,,,1,21,model_ranked,unlabeled,
Process_437_green.ome.tiff,1,3452,49.708800,739.234800,0.214100,10363.500000,24842.500000,255,tile_y024576_x008192.tiff,24576,8192,4096,4096,/home/jake/Projects/cellprofiler_test/output/runs/life_history_target_vsi_v1/imagej_nucleus_measurements/artifacts/Process_437_green.ome/macro_artifacts/tile_y024576_x008192__mask.tif,/home/jake/Projects/cellprofiler_test/output/runs/life_history_target_vsi_v1/imagej_nucleus_measurements/artifacts/Process_437_green.ome/macro_artifacts/tile_y024576_x008192__rois.zip,/home/jake/Projects/cellprofiler_test/output/runs/life_history_target_vsi_v1/imagej_nucleus_measurements/artifacts/Process_437_green.ome/tile_manifest.csv,/home/jake/Projects/cellprofiler_test/output/runs/life_history_target_vsi_v1/imagej_nucleus_measurements/artifacts/Process_437_green.ome/raw_imagej_results.csv,437,109787,D. orestes,pmount,/home/jake/Projects/cellprofiler_test/output/runs/life_history_target_vsi_v1/staging/tiles/Process_437_green.ome/tile_y024576_x008192.tiff,,Process_437_green.ome.tiff::tile_y024576_x008192.tiff::1,/home/jake/Projects/cellprofiler_test/output/runs/life_history_target_vsi_v1/cell_measurements/masks/Process_437_green.ome/tile_y024576_x008192__filtered_labels.tiff,24576.000000,8192.000000,4096.000000,4096.000000,True,True,True,1,0,roi_overlap_unique,0,0,0.000000,0,3594,3594,1.000000,1,Process_437_green.ome.tiff::tile_y024576_x008192.tiff::1,1.000000,16600.000000,239.040000,0.987860,0.774426,2439.126898,0.146935,24853.170000,10361.370000,255.000000,72.690743,/home/jake/Projects/cellprofiler_test/output/runs/life_history_target_vsi_v1/cell_measurements/tile_manifest.csv,/home/jake/Projects/cellprofiler_test/output/runs/life_history_target_vsi_v1/staging/tiles/Process_437_green.ome/tile_y024576_x008192.tiff,/home/jake/Projects/cellprofiler_test/output/runs/life_history_target_vsi_v1/cell_measurements/summary.json,True,10.880524,0.149682,0.207952,189.331200,True,True,True,,True,True,True,0.637113,0.476345,0.678492,0.089729,1.049391,Process_437_green.ome.tiff::tile_y024576_x008192.tiff::1,16600.000000,618.000000,0.987055,1.013115,0.965171,0.034829,0.987860,1.853273,0.841931,0.000000,,,,,,,,,False,False,False,False,clean,,0.005702,0.019493,0.301961,unlabeled,,,,0.000000,0.000000,0.947983,0.052017,auto_keep,0.901376,0.825688,0.825688,0.466055,0.614679,0.529434,size_nucleus_darkness,False,1.000000,0.000000,0.857215,27,,,5.480806,3.926099,6.606967,0.384816,0.744255,0.420091,0.000000,0.000000,0.000000,0.000000,0.000000,0.000000,0.000000,0.000000,0.000000,1.000000,0.957164,,,,,,1,22,model_ranked,unlabeled,
Process_437_green.ome.tiff,4,807,11.620800,146.110500,0.181100,20990.000000,439.500000,255,tile_y000000_x020480.tiff,0,20480,4096,4096,/home/jake/Projects/cellprofiler_test/output/runs/life_history_target_vsi_v1/imagej_nucleus_measurements/artifacts/Process_437_green.ome/macro_artifacts/tile_y000000_x020480__mask.tif,/home/jake/Projects/cellprofiler_test/output/runs/life_history_target_vsi_v1/imagej_nucleus_measurements/artifacts/Process_437_green.ome/macro_artifacts/tile_y000000_x020480__rois.zip,/home/jake/Projects/cellprofiler_test/output/runs/life_history_target_vsi_v1/imagej_nucleus_measurements/artifacts/Process_437_green.ome/tile_manifest.csv,/home/jake/Projects/cellprofiler_test/output/runs/life_history_target_vsi_v1/imagej_nucleus_measurements/artifacts/Process_437_green.ome/raw_imagej_results.csv,437,109787,D. orestes,pmount,/home/jake/Projects/cellprofiler_test/output/runs/life_history_target_vsi_v1/staging/tiles/Process_437_green.ome/tile_y000000_x020480.tiff,,Process_437_green.ome.tiff::tile_y000000_x020480.tiff::4,/home/jake/Projects/cellprofiler_test/output/runs/life_history_target_vsi_v1/cell_measurements/masks/Process_437_green.ome/tile_y000000_x020480__filtered_labels.tiff,0.000000,20480.000000,4096.000000,4096.000000,True,True,True,2,0,roi_overlap_unique,0,0,0.000000,0,893,893,1.000000,1,Process_437_green.ome.tiff::tile_y000000_x020480.tiff::2,2.000000,16824.000000,242.265600,0.988426,0.793682,2675.191772,0.159010,418.640000,20953.130000,255.000000,73.179543,/home/jake/Projects/cellprofiler_test/output/runs/life_history_target_vsi_v1/cell_measurements/tile_manifest.csv,/home/jake/Projects/cellprofiler_test/output/runs/life_history_target_vsi_v1/staging/tiles/Process_437_green.ome/tile_y000000_x020480.tiff,/home/jake/Projects/cellprofiler_test/output/runs/life_history_target_vsi_v1/cell_measurements/summary.json,True,42.361970,0.578877,0.047967,230.644800,True,True,True,,True,True,True,0.712650,-1.654726,-1.564097,-1.922632,3.064132,Process_437_green.ome.tiff::tile_y000000_x020480.tiff::4,16824.000000,627.207107,1.000000,0.998737,0.979884,0.020116,0.988426,1.773916,0.825963,0.000000,,,,,,,,,False,False,False,False,clean,,0.005143,0.024769,0.278431,unlabeled,,,,0.000000,0.000000,0.976468,0.023532,auto_keep,0.927752,0.612385,0.612385,0.490826,0.247706,0.673165,size_nucleus_darkness,False,1.000000,0.000000,0.856772,28,,,5.494154,2.535346,4.991184,0.300574,0.568141,0.455365,0.000000,0.000000,0.000000,0.000000,0.000000,0.000000,0.000000,0.000000,0.000000,1.000000,0.957032,,,,,,1,23,model_ranked,unlabeled,
Process_437_green.ome.tiff,33,1054,15.177600,134.005800,0.127100,4486.500000,27822.000000,255,tile_y024576_x004096.tiff,24576,4096,4096,4096,/home/jake/Projects/cellprofiler_test/output/runs/life_history_target_vsi_v1/imagej_nucleus_measurements/artifacts/Process_437_green.ome/macro_artifacts/tile_y024576_x004096__mask.tif,/home/jake/Projects/cellprofiler_test/output/runs/life_history_target_vsi_v1/imagej_nucleus_measurements/artifacts/Process_437_green.ome/macro_artifacts/tile_y024576_x004096__rois.zip,/home/jake/Projects/cellprofiler_test/output/runs/life_history_target_vsi_v1/imagej_nucleus_measurements/artifacts/Process_437_green.ome/tile_manifest.csv,/home/jake/Projects/cellprofiler_test/output/runs/life_history_target_vsi_v1/imagej_nucleus_measurements/artifacts/Process_437_green.ome/raw_imagej_results.csv,437,109787,D. orestes,pmount,/home/jake/Projects/cellprofiler_test/output/runs/life_history_target_vsi_v1/staging/tiles/Process_437_green.ome/tile_y024576_x004096.tiff,,Process_437_green.ome.tiff::tile_y024576_x004096.tiff::33,/home/jake/Projects/cellprofiler_test/output/runs/life_history_target_vsi_v1/cell_measurements/masks/Process_437_green.ome/tile_y024576_x004096__filtered_labels.tiff,24576.000000,4096.000000,4096.000000,4096.000000,True,True,True,53,0,roi_overlap_unique,0,0,0.000000,0,1137,892,0.784521,1,Process_437_green.ome.tiff::tile_y024576_x004096.tiff::53,53.000000,17310.000000,249.264000,0.987957,0.831452,2677.410072,0.154674,27766.520000,4535.810000,255.000000,74.228998,/home/jake/Projects/cellprofiler_test/output/runs/life_history_target_vsi_v1/cell_measurements/tile_manifest.csv,/home/jake/Projects/cellprofiler_test/output/runs/life_history_target_vsi_v1/staging/tiles/Process_437_green.ome/tile_y024576_x004096.tiff,/home/jake/Projects/cellprofiler_test/output/runs/life_history_target_vsi_v1/cell_measurements/summary.json,True,74.226050,0.999960,0.060890,234.086400,True,True,True,,True,True,True,0.873137,-1.263194,-1.683721,-1.595358,2.781746,Process_437_green.ome.tiff::tile_y024576_x004096.tiff::33,17310.000000,612.414214,1.000000,0.997417,0.978802,0.021198,0.987957,1.542929,0.761540,0.000000,,,,,,,,,False,False,False,False,clean,,0.005265,0.022201,0.352941,unlabeled,,,,0.000000,0.000000,0.890495,0.109505,auto_keep,0.961009,0.270642,0.270642,0.588073,0.107798,0.657683,size_nucleus_darkness,False,1.000000,0.000000,0.853596,31,,,5.522516,2.783628,4.905318,0.159157,0.260089,0.565143,0.000000,0.000000,0.000000,0.000000,0.000000,0.000000,0.000000,0.000000,0.000000,1.000000,0.956079,,,,,,1,24,model_ranked,unlabeled,
Process_437_green.ome.tiff,3,2909,41.889600,765.457800,0.263100,4489.000000,16708.000000,255,tile_y016384_x004096.tiff,16384,4096,4096,4096,/home/jake/Projects/cellprofiler_test/output/runs/life_history_target_vsi_v1/imagej_nucleus_measurements/artifacts/Process_437_green.ome/macro_artifacts/tile_y016384_x004096__mask.tif,/home/jake/Projects/cellprofiler_test/output/runs/life_history_target_vsi_v1/imagej_nucleus_measurements/artifacts/Process_437_green.ome/macro_artifacts/tile_y016384_x004096__rois.zip,/home/jake/Projects/cellprofiler_test/output/runs/life_history_target_vsi_v1/imagej_nucleus_measurements/artifacts/Process_437_green.ome/tile_manifest.csv,/home/jake/Projects/cellprofiler_test/output/runs/life_history_target_vsi_v1/imagej_nucleus_measurements/artifacts/Process_437_green.ome/raw_imagej_results.csv,437,109787,D. orestes,pmount,/home/jake/Projects/cellprofiler_test/output/runs/life_history_target_vsi_v1/staging/tiles/Process_437_green.ome/tile_y016384_x004096.tiff,,Process_437_green.ome.tiff::tile_y016384_x004096.tiff::3,/home/jake/Projects/cellprofiler_test/output/runs/life_history_target_vsi_v1/cell_measurements/masks/Process_437_green.ome/tile_y016384_x004096__filtered_labels.tiff,16384.000000,4096.000000,4096.000000,4096.000000,True,True,True,4,0,roi_overlap_unique,0,0,0.000000,0,3036,3036,1.000000,1,Process_437_green.ome.tiff::tile_y016384_x004096.tiff::4,4.000000,16110.000000,231.984000,0.988344,0.796108,2755.279011,0.171029,16725.270000,4496.730000,255.000000,71.609862,/home/jake/Projects/cellprofiler_test/output/runs/life_history_target_vsi_v1/cell_measurements/tile_manifest.csv,/home/jake/Projects/cellprofiler_test/output/runs/life_history_target_vsi_v1/staging/tiles/Process_437_green.ome/tile_y016384_x004096.tiff,/home/jake/Projects/cellprofiler_test/output/runs/life_history_target_vsi_v1/cell_measurements/summary.json,True,18.921041,0.264224,0.180571,190.094400,True,True,True,,True,True,True,0.468260,0.225399,0.726710,-0.103966,0.899438,Process_437_green.ome.tiff::tile_y016384_x004096.tiff::3,16110.000000,598.000000,0.993311,1.006734,0.975302,0.024698,0.988344,1.770444,0.825207,0.000000,,,,,,,,,False,False,False,False,clean,,0.004716,0.027506,0.443137,unlabeled,,,,0.000000,0.000000,0.964018,0.035982,auto_keep,0.850917,0.979358,0.979358,0.764908,0.419725,0.600153,size_nucleus_darkness,False,1.000000,0.000000,0.852052,32,,,5.450970,3.758629,6.641780,0.749119,0.833352,0.650873,0.000000,0.000000,0.000000,0.000000,0.000000,0.000000,0.000000,0.000000,0.000000,1.000000,0.955616,,,,,,1,25,model_ranked,unlabeled,
Process_437_green.ome.tiff,14,1560,22.464000,394.913700,0.253100,28330.500000,5250.000000,255,tile_y004096_x024576.tiff,4096,24576,4096,4096,/home/jake/Projects/cellprofiler_test/output/runs/life_history_target_vsi_v1/imagej_nucleus_measurements/artifacts/Process_437_green.ome/macro_artifacts/tile_y004096_x024576__mask.tif,/home/jake/Projects/cellprofiler_test/output/runs/life_history_target_vsi_v1/imagej_nucleus_measurements/artifacts/Process_437_green.ome/macro_artifacts/tile_y004096_x024576__rois.zip,/home/jake/Projects/cellprofiler_test/output/runs/life_history_target_vsi_v1/imagej_nucleus_measurements/artifacts/Process_437_green.ome/tile_manifest.csv,/home/jake/Projects/cellprofiler_test/output/runs/life_history_target_vsi_v1/imagej_nucleus_measurements/artifacts/Process_437_green.ome/raw_imagej_results.csv,437,109787,D. orestes,pmount,/home/jake/Projects/cellprofiler_test/output/runs/life_history_target_vsi_v1/staging/tiles/Process_437_green.ome/tile_y004096_x024576.tiff,,Process_437_green.ome.tiff::tile_y004096_x024576.tiff::14,/home/jake/Projects/cellprofiler_test/output/runs/life_history_target_vsi_v1/cell_measurements/masks/Process_437_green.ome/tile_y004096_x024576__filtered_labels.tiff,4096.000000,24576.000000,4096.000000,4096.000000,True,True,True,24,0,roi_overlap_unique,0,0,0.000000,0,1665,1665,1.000000,1,Process_437_green.ome.tiff::tile_y004096_x024576.tiff::24,24.000000,16121.000000,232.142400,0.986839,0.799914,2757.440199,0.171046,5221.290000,28338.240000,255.000000,71.634305,/home/jake/Projects/cellprofiler_test/output/runs/life_history_target_vsi_v1/cell_measurements/tile_manifest.csv,/home/jake/Projects/cellprofiler_test/output/runs/life_history_target_vsi_v1/staging/tiles/Process_437_green.ome/tile_y004096_x024576.tiff,/home/jake/Projects/cellprofiler_test/output/runs/life_history_target_vsi_v1/cell_measurements/summary.json,True,29.735025,0.415095,0.096768,209.678400,True,True,True,,True,True,True,0.472107,-0.688275,-0.188731,-0.959796,1.285860,Process_437_green.ome.tiff::tile_y004096_x024576.tiff::14,16121.000000,604.000000,0.993377,1.006667,0.974117,0.025883,0.986839,1.724246,0.814642,0.000000,,,,,,,,,False,False,False,False,clean,,0.005834,0.028298,0.384314,unlabeled,,,,0.000000,0.000000,0.983029,0.016971,auto_keep,0.853211,0.956422,0.956422,0.763991,0.316514,0.572439,size_nucleus_darkness,False,1.000000,0.000000,0.850410,33,,,5.451649,3.155467,5.981196,0.730698,0.816030,0.651846,0.000000,0.000000,0.000000,0.000000,0.000000,0.000000,0.000000,0.000000,0.000000,1.000000,0.955123,,,,,,1,26,model_ranked,unlabeled,
Process_435_green.ome.tiff,1,947,13.636800,125.795200,0.132800,34445.000000,8507.000000,255,tile_y008192_x032768.tiff,8192,32768,4096,4096,/home/jake/Projects/cellprofiler_test/output/runs/life_history_target_vsi_v1/imagej_nucleus_measurements/artifacts/Process_435_green.ome/macro_artifacts/tile_y008192_x032768__mask.tif,/home/jake/Projects/cellprofiler_test/output/runs/life_history_target_vsi_v1/imagej_nucleus_measurements/artifacts/Process_435_green.ome/macro_artifacts/tile_y008192_x032768__rois.zip,/home/jake/Projects/cellprofiler_test/output/runs/life_history_target_vsi_v1/imagej_nucleus_measurements/artifacts/Process_435_green.ome/tile_manifest.csv,/home/jake/Projects/cellprofiler_test/output/runs/life_history_target_vsi_v1/imagej_nucleus_measurements/artifacts/Process_435_green.ome/raw_imagej_results.csv,435,169445,D. orestes,pmount,/home/jake/Projects/cellprofiler_test/output/runs/life_history_target_vsi_v1/staging/tiles/Process_435_green.ome/tile_y008192_x032768.tiff,,Process_435_green.ome.tiff::tile_y008192_x032768.tiff::1,/home/jake/Projects/cellprofiler_test/output/runs/life_history_target_vsi_v1/cell_measurements/masks/Process_435_green.ome/tile_y008192_x032768__filtered_labels.tiff,8192.000000,32768.000000,4096.000000,4096.000000,True,True,True,1,0,roi_overlap_unique,0,0,0.000000,0,1040,878,0.844231,1,Process_435_green.ome.tiff::tile_y008192_x032768.tiff::1,1.000000,16824.000000,242.265600,0.988310,0.792319,2636.154502,0.156690,8526.310000,34525.650000,255.000000,73.179543,/home/jake/Projects/cellprofiler_test/output/runs/life_history_target_vsi_v1/cell_measurements/tile_manifest.csv,/home/jake/Projects/cellprofiler_test/output/runs/life_history_target_vsi_v1/staging/tiles/Process_435_green.ome/tile_y008192_x032768.tiff,/home/jake/Projects/cellprofiler_test/output/runs/life_history_target_vsi_v1/cell_measurements/summary.json,True,82.929480,1.133233,0.056289,228.628800,True,True,True,,True,True,True,1.018193,-0.969400,-1.148466,-1.160622,2.154639,Process_435_green.ome.tiff::tile_y008192_x032768.tiff::1,16824.000000,622.000000,1.000000,1.000000,0.969755,0.030245,0.988310,1.788149,0.829007,0.000000,,,,,,,,,False,False,False,False,clean,,0.008487,0.025912,0.431373,unlabeled,,,,0.000000,0.000000,0.983635,0.016365,auto_keep,0.927752,0.323394,0.323394,0.816055,0.025229,0.640673,size_nucleus_darkness,False,1.000000,0.000000,0.848161,34,,,5.494154,2.683539,4.842573,0.263907,0.300029,0.757097,0.000000,0.000000,0.000000,0.000000,0.000000,0.000000,0.000000,0.000000,0.000000,1.000000,0.954448,,,,,,1,27,model_ranked,unlabeled,
Process_437_green.ome.tiff,82,740,10.656000,114.483600,0.154700,14139.500000,24201.500000,255,tile_y020480_x012288.tiff,20480,12288,4096,4096,/home/jake/Projects/cellprofiler_test/output/runs/life_history_target_vsi_v1/imagej_nucleus_measurements/artifacts/Process_437_green.ome/macro_artifacts/tile_y020480_x012288__mask.tif,/home/jake/Projects/cellprofiler_test/output/runs/life_history_target_vsi_v1/imagej_nucleus_measurements/artifacts/Process_437_green.ome/macro_artifacts/tile_y020480_x012288__rois.zip,/home/jake/Projects/cellprofiler_test/output/runs/life_history_target_vsi_v1/imagej_nucleus_measurements/artifacts/Process_437_green.ome/tile_manifest.csv,/home/jake/Projects/cellprofiler_test/output/runs/life_history_target_vsi_v1/imagej_nucleus_measurements/artifacts/Process_437_green.ome/raw_imagej_results.csv,437,109787,D. orestes,pmount,/home/jake/Projects/cellprofiler_test/output/runs/life_history_target_vsi_v1/staging/tiles/Process_437_green.ome/tile_y020480_x012288.tiff,,Process_437_green.ome.tiff::tile_y020480_x012288.tiff::82,/home/jake/Projects/cellprofiler_test/output/runs/life_history_target_vsi_v1/cell_measurements/masks/Process_437_green.ome/tile_y020480_x012288__filtered_labels.tiff,20480.000000,12288.000000,4096.000000,4096.000000,True,True,True,72,0,roi_overlap_unique,0,0,0.000000,0,819,777,0.948718,1,Process_437_green.ome.tiff::tile_y020480_x012288.tiff::72,72.000000,16856.000000,242.726400,0.990073,0.787662,2421.191434,0.143640,24174.100000,14213.960000,255.000000,73.249105,/home/jake/Projects/cellprofiler_test/output/runs/life_history_target_vsi_v1/cell_measurements/tile_manifest.csv,/home/jake/Projects/cellprofiler_test/output/runs/life_history_target_vsi_v1/staging/tiles/Process_437_green.ome/tile_y020480_x012288.tiff,/home/jake/Projects/cellprofiler_test/output/runs/life_history_target_vsi_v1/cell_measurements/summary.json,True,79.341361,1.083172,0.043901,232.070400,True,True,True,ultra_core_outlier,True,True,False,0.723359,-1.781814,-1.901515,-2.044150,3.390047,Process_437_green.ome.tiff::tile_y020480_x012288.tiff::82,16856.000000,600.000000,1.000000,0.980392,0.963858,0.036142,0.990073,1.892039,0.848914,0.000000,,,,,,,,,False,False,False,False,clean,,0.007242,0.020741,0.278431,unlabeled,,,,0.000000,0.000000,0.851629,0.148371,auto_keep,0.934633,0.503440,0.503440,0.479587,0.048165,0.650803,size_nucleus_darkness,False,1.000000,0.000000,0.847128,35,,,5.496046,2.455821,4.749129,0.241443,0.470532,0.448238,0.000000,0.000000,0.000000,0.000000,0.000000,0.000000,0.000000,0.000000,0.000000,1.000000,0.954138,,,,,,1,28,model_ranked,unlabeled,
Process_437_green.ome.tiff,7,3491,50.270400,502.679900,0.144000,19198.500000,5513.500000,255,tile_y004096_x016384.tiff,4096,16384,4096,4096,/home/jake/Projects/cellprofiler_test/output/runs/life_history_target_vsi_v1/imagej_nucleus_measurements/artifacts/Process_437_green.ome/macro_artifacts/tile_y004096_x016384__mask.tif,/home/jake/Projects/cellprofiler_test/output/runs/life_history_target_vsi_v1/imagej_nucleus_measurements/artifacts/Process_437_green.ome/macro_artifacts/tile_y004096_x016384__rois.zip,/home/jake/Projects/cellprofiler_test/output/runs/life_history_target_vsi_v1/imagej_nucleus_measurements/artifacts/Process_437_green.ome/tile_manifest.csv,/home/jake/Projects/cellprofiler_test/output/runs/life_history_target_vsi_v1/imagej_nucleus_measurements/artifacts/Process_437_green.ome/raw_imagej_results.csv,437,109787,D. orestes,pmount,/home/jake/Projects/cellprofiler_test/output/runs/life_history_target_vsi_v1/staging/tiles/Process_437_green.ome/tile_y004096_x016384.tiff,,Process_437_green.ome.tiff::tile_y004096_x016384.tiff::7,/home/jake/Projects/cellprofiler_test/output/runs/life_history_target_vsi_v1/cell_measurements/masks/Process_437_green.ome/tile_y004096_x016384__filtered_labels.tiff,4096.000000,16384.000000,4096.000000,4096.000000,True,True,True,3,0,roi_overlap_unique,0,0,0.000000,0,3650,2975,0.815068,1,Process_437_green.ome.tiff::tile_y004096_x016384.tiff::3,3.000000,17125.000000,246.600000,0.988000,0.746700,2756.979021,0.160991,5491.260000,19121.320000,255.000000,73.831273,/home/jake/Projects/cellprofiler_test/output/runs/life_history_target_vsi_v1/cell_measurements/tile_manifest.csv,/home/jake/Projects/cellprofiler_test/output/runs/life_history_target_vsi_v1/staging/tiles/Process_437_green.ome/tile_y004096_x016384.tiff,/home/jake/Projects/cellprofiler_test/output/runs/life_history_target_vsi_v1/cell_measurements/summary.json,True,80.320421,1.087892,0.203854,196.329600,True,True,True,,True,True,True,0.812584,0.492818,0.145027,0.062424,0.963375,Process_437_green.ome.tiff::tile_y004096_x016384.tiff::7,17125.000000,653.207107,0.985905,1.014297,0.953645,0.046355,0.988000,1.998742,0.865844,0.000000,,,,,,,,,False,False,False,False,clean,,0.005154,0.025232,0.305882,unlabeled,,,,0.000000,0.000000,0.135743,0.135743,auto_reject,0.949541,0.399083,0.399083,0.566628,0.045872,0.501147,size_nucleus_darkness,False,1.000000,0.000000,0.846033,36,,,5.511815,3.937114,6.221941,0.226132,0.378946,0.538037,0.000000,0.000000,0.000000,0.000000,0.000000,0.000000,0.000000,0.000000,0.000000,1.000000,0.953810,,,,,,1,29,model_ranked,unlabeled,
Process_437_green.ome.tiff,31,2887,41.572800,642.377800,0.222500,17725.000000,27089.000000,255,tile_y024576_x016384.tiff,24576,16384,4096,4096,/home/jake/Projects/cellprofiler_test/output/runs/life_history_target_vsi_v1/imagej_nucleus_measurements/artifacts/Process_437_green.ome/macro_artifacts/tile_y024576_x016384__mask.tif,/home/jake/Projects/cellprofiler_test/output/runs/life_history_target_vsi_v1/imagej_nucleus_measurements/artifacts/Process_437_green.ome/macro_artifacts/tile_y024576_x016384__rois.zip,/home/jake/Projects/cellprofiler_test/output/runs/life_history_target_vsi_v1/imagej_nucleus_measurements/artifacts/Process_437_green.ome/tile_manifest.csv,/home/jake/Projects/cellprofiler_test/output/runs/life_history_target_vsi_v1/imagej_nucleus_measurements/artifacts/Process_437_green.ome/raw_imagej_results.csv,437,109787,D. orestes,pmount,/home/jake/Projects/cellprofiler_test/output/runs/life_history_target_vsi_v1/staging/tiles/Process_437_green.ome/tile_y024576_x016384.tiff,,Process_437_green.ome.tiff::tile_y024576_x016384.tiff::31,/home/jake/Projects/cellprofiler_test/output/runs/life_history_target_vsi_v1/cell_measurements/masks/Process_437_green.ome/tile_y024576_x016384__filtered_labels.tiff,24576.000000,16384.000000,4096.000000,4096.000000,True,True,True,17,0,roi_overlap_unique,0,0,0.000000,0,3023,3023,1.000000,1,Process_437_green.ome.tiff::tile_y024576_x016384.tiff::17,17.000000,16302.000000,234.748800,0.986147,0.790700,2535.972261,0.155562,27069.840000,17728.000000,255.000000,72.035323,/home/jake/Projects/cellprofiler_test/output/runs/life_history_target_vsi_v1/cell_measurements/tile_manifest.csv,/home/jake/Projects/cellprofiler_test/output/runs/life_history_target_vsi_v1/staging/tiles/Process_437_green.ome/tile_y024576_x016384.tiff,/home/jake/Projects/cellprofiler_test/output/runs/life_history_target_vsi_v1/cell_measurements/summary.json,True,19.393442,0.269221,0.177095,193.176000,True,True,True,,True,True,True,0.535027,0.214268,0.484231,-0.130635,0.764009,Process_437_green.ome.tiff::tile_y024576_x016384.tiff::31,16302.000000,608.000000,0.980263,1.020134,0.977202,0.022798,0.986147,1.749998,0.820651,0.000000,,,,,,,,,False,False,False,False,clean,,0.006153,0.022558,0.345098,unlabeled,,,,0.000000,0.000000,0.983663,0.016337,auto_keep,0.864679,0.873853,0.873853,0.617202,0.408257,0.524083,size_nucleus_darkness,False,1.000000,0.000000,0.841493,39,,,5.462767,3.751216,6.466732,0.539344,0.755602,0.533682,0.000000,0.000000,0.000000,0.000000,0.000000,0.000000,0.000000,0.000000,0.000000,1.000000,0.952448,,,,,,1,30,model_ranked,unlabeled,
Process_437_green.ome.tiff,27,926,13.334400,161.659800,0.174600,22725.500000,1983.000000,255,tile_y000000_x020480.tiff,0,20480,4096,4096,/home/jake/Projects/cellprofiler_test/output/runs/life_history_target_vsi_v1/imagej_nucleus_measurements/artifacts/Process_437_green.ome/macro_artifacts/tile_y000000_x020480__mask.tif,/home/jake/Projects/cellprofiler_test/output/runs/life_history_target_vsi_v1/imagej_nucleus_measurements/artifacts/Process_437_green.ome/macro_artifacts/tile_y000000_x020480__rois.zip,/home/jake/Projects/cellprofiler_test/output/runs/life_history_target_vsi_v1/imagej_nucleus_measurements/artifacts/Process_437_green.ome/tile_manifest.csv,/home/jake/Projects/cellprofiler_test/output/runs/life_history_target_vsi_v1/imagej_nucleus_measurements/artifacts/Process_437_green.ome/raw_imagej_results.csv,437,109787,D. orestes,pmount,/home/jake/Projects/cellprofiler_test/output/runs/life_history_target_vsi_v1/staging/tiles/Process_437_green.ome/tile_y000000_x020480.tiff,,Process_437_green.ome.tiff::tile_y000000_x020480.tiff::27,/home/jake/Projects/cellprofiler_test/output/runs/life_history_target_vsi_v1/cell_measurements/masks/Process_437_green.ome/tile_y000000_x020480__filtered_labels.tiff,0.000000,20480.000000,4096.000000,4096.000000,True,True,True,26,0,roi_overlap_unique,0,0,0.000000,0,998,998,1.000000,1,Process_437_green.ome.tiff::tile_y000000_x020480.tiff::26,26.000000,16685.000000,240.264000,0.987570,0.746050,2684.780125,0.160910,1980.740000,22685.070000,255.000000,72.876611,/home/jake/Projects/cellprofiler_test/output/runs/life_history_target_vsi_v1/cell_measurements/tile_manifest.csv,/home/jake/Projects/cellprofiler_test/output/runs/life_history_target_vsi_v1/staging/tiles/Process_437_green.ome/tile_y000000_x020480.tiff,/home/jake/Projects/cellprofiler_test/output/runs/life_history_target_vsi_v1/cell_measurements/summary.json,True,40.493117,0.555639,0.055499,226.929600,True,True,True,,True,True,True,0.665896,-1.453039,-1.424209,-1.722537,2.747770,Process_437_green.ome.tiff::tile_y000000_x020480.tiff::27,16685.000000,618.000000,1.000000,1.000000,0.967193,0.032807,0.987570,2.059041,0.874146,0.000000,,,,,,,,,False,False,False,False,clean,,0.002829,0.020201,0.286275,unlabeled,,,,0.000000,0.000000,0.808533,0.191467,needs_review,0.915138,0.579128,0.579128,0.377179,0.254587,0.618884,size_nucleus_darkness,False,1.000000,0.000000,0.833245,41,,,5.485892,2.662662,5.091661,0.218435,0.529982,0.345171,0.000000,0.000000,0.000000,0.000000,0.000000,0.000000,0.000000,0.000000,0.000000,1.000000,0.949974,,,,,,1,31,model_ranked,unlabeled,
Process_437_green.ome.tiff,16,1705,24.552000,370.182400,0.217100,19059.500000,26509.000000,255,tile_y024576_x016384.tiff,24576,16384,4096,4096,/home/jake/Projects/cellprofiler_test/output/runs/life_history_target_vsi_v1/imagej_nucleus_measurements/artifacts/Process_437_green.ome/macro_artifacts/tile_y024576_x016384__mask.tif,/home/jake/Projects/cellprofiler_test/output/runs/life_history_target_vsi_v1/imagej_nucleus_measurements/artifacts/Process_437_green.ome/macro_artifacts/tile_y024576_x016384__rois.zip,/home/jake/Projects/cellprofiler_test/output/runs/life_history_target_vsi_v1/imagej_nucleus_measurements/artifacts/Process_437_green.ome/tile_manifest.csv,/home/jake/Projects/cellprofiler_test/output/runs/life_history_target_vsi_v1/imagej_nucleus_measurements/artifacts/Process_437_green.ome/raw_imagej_results.csv,437,109787,D. orestes,pmount,/home/jake/Projects/cellprofiler_test/output/runs/life_history_target_vsi_v1/staging/tiles/Process_437_green.ome/tile_y024576_x016384.tiff,,Process_437_green.ome.tiff::tile_y024576_x016384.tiff::16,/home/jake/Projects/cellprofiler_test/output/runs/life_history_target_vsi_v1/cell_measurements/masks/Process_437_green.ome/tile_y024576_x016384__filtered_labels.tiff,24576.000000,16384.000000,4096.000000,4096.000000,True,True,True,4,0,roi_overlap_unique,0,0,0.000000,0,1805,1805,1.000000,1,Process_437_green.ome.tiff::tile_y024576_x016384.tiff::4,4.000000,16359.000000,235.569600,0.988101,0.828333,2304.650732,0.140880,26490.120000,19057.270000,255.000000,72.161149,/home/jake/Projects/cellprofiler_test/output/runs/life_history_target_vsi_v1/cell_measurements/tile_manifest.csv,/home/jake/Projects/cellprofiler_test/output/runs/life_history_target_vsi_v1/staging/tiles/Process_437_green.ome/tile_y024576_x016384.tiff,/home/jake/Projects/cellprofiler_test/output/runs/life_history_target_vsi_v1/cell_measurements/summary.json,True,19.011241,0.263455,0.104224,211.017600,True,True,True,,True,True,True,0.554697,-0.557953,-0.278187,-0.857965,1.196868,Process_437_green.ome.tiff::tile_y024576_x016384.tiff::16,16359.000000,596.000000,0.989933,1.010169,0.979560,0.020440,0.988101,1.579053,0.773914,0.000000,,,,,,,,,False,False,False,False,clean,,0.006793,0.020002,0.266667,unlabeled,,,,0.000000,0.000000,0.995594,0.004406,auto_keep,0.869266,0.841743,0.841743,0.433945,0.422018,0.586774,size_nucleus_darkness,False,1.000000,0.000000,0.830007,42,,,5.466242,3.240716,5.916694,0.365270,0.731699,0.377214,0.000000,0.000000,0.000000,0.000000,0.000000,0.000000,0.000000,0.000000,0.000000,1.000000,0.949002,,,,,,1,32,model_ranked,unlabeled,
Process_437_green.ome.tiff,2,3086,44.438400,752.560500,0.243900,17540.000000,20805.500000,255,tile_y020480_x016384.tiff,20480,16384,4096,4096,/home/jake/Projects/cellprofiler_test/output/runs/life_history_target_vsi_v1/imagej_nucleus_measurements/artifacts/Process_437_green.ome/macro_artifacts/tile_y020480_x016384__mask.tif,/home/jake/Projects/cellprofiler_test/output/runs/life_history_target_vsi_v1/imagej_nucleus_measurements/artifacts/Process_437_green.ome/macro_artifacts/tile_y020480_x016384__rois.zip,/home/jake/Projects/cellprofiler_test/output/runs/life_history_target_vsi_v1/imagej_nucleus_measurements/artifacts/Process_437_green.ome/tile_manifest.csv,/home/jake/Projects/cellprofiler_test/output/runs/life_history_target_vsi_v1/imagej_nucleus_measurements/artifacts/Process_437_green.ome/raw_imagej_results.csv,437,109787,D. orestes,pmount,/home/jake/Projects/cellprofiler_test/output/runs/life_history_target_vsi_v1/staging/tiles/Process_437_green.ome/tile_y020480_x016384.tiff,,Process_437_green.ome.tiff::tile_y020480_x016384.tiff::2,/home/jake/Projects/cellprofiler_test/output/runs/life_history_target_vsi_v1/cell_measurements/masks/Process_437_green.ome/tile_y020480_x016384__filtered_labels.tiff,20480.000000,16384.000000,4096.000000,4096.000000,True,True,True,5,0,roi_overlap_unique,0,0,0.000000,0,3236,3236,1.000000,1,Process_437_green.ome.tiff::tile_y020480_x016384.tiff::5,5.000000,16044.000000,231.033600,0.987931,0.778059,2454.010368,0.152955,20786.990000,17541.420000,255.000000,71.463024,/home/jake/Projects/cellprofiler_test/output/runs/life_history_target_vsi_v1/cell_measurements/tile_manifest.csv,/home/jake/Projects/cellprofiler_test/output/runs/life_history_target_vsi_v1/staging/tiles/Process_437_green.ome/tile_y020480_x016384.tiff,/home/jake/Projects/cellprofiler_test/output/runs/life_history_target_vsi_v1/cell_measurements/summary.json,True,18.564388,0.259776,0.192346,186.595200,True,True,True,,True,True,True,0.445125,0.312007,0.703205,-0.017297,0.888978,Process_437_green.ome.tiff::tile_y020480_x016384.tiff::2,16044.000000,617.207107,0.988323,1.011815,0.973204,0.026796,0.987931,1.846911,0.840736,0.000000,,,,,,,,,False,False,False,False,clean,,0.004626,0.019864,0.392157,unlabeled,,,,0.000000,0.000000,0.944458,0.055542,auto_keep,0.846330,0.931193,0.931193,0.569954,0.428899,0.560015,size_nucleus_darkness,False,1.000000,0.000000,0.829414,43,,,5.446882,3.816358,6.624809,0.530737,0.788097,0.482369,0.000000,0.000000,0.000000,0.000000,0.000000,0.000000,0.000000,0.000000,0.000000,1.000000,0.948824,,,,,,1,33,model_ranked,unlabeled,
Process_437_green.ome.tiff,43,4238,61.027200,868.074300,0.204800,21536.500000,2457.500000,255,tile_y000000_x020480.tiff,0,20480,4096,4096,/home/jake/Projects/cellprofiler_test/output/runs/life_history_target_vsi_v1/imagej_nucleus_measurements/artifacts/Process_437_green.ome/macro_artifacts/tile_y000000_x020480__mask.tif,/home/jake/Projects/cellprofiler_test/output/runs/life_history_target_vsi_v1/imagej_nucleus_measurements/artifacts/Process_437_green.ome/macro_artifacts/tile_y000000_x020480__rois.zip,/home/jake/Projects/cellprofiler_test/output/runs/life_history_target_vsi_v1/imagej_nucleus_measurements/artifacts/Process_437_green.ome/tile_manifest.csv,/home/jake/Projects/cellprofiler_test/output/runs/life_history_target_vsi_v1/imagej_nucleus_measurements/artifacts/Process_437_green.ome/raw_imagej_results.csv,437,109787,D. orestes,pmount,/home/jake/Projects/cellprofiler_test/output/runs/life_history_target_vsi_v1/staging/tiles/Process_437_green.ome/tile_y000000_x020480.tiff,,Process_437_green.ome.tiff::tile_y000000_x020480.tiff::43,/home/jake/Projects/cellprofiler_test/output/runs/life_history_target_vsi_v1/cell_measurements/masks/Process_437_green.ome/tile_y000000_x020480__filtered_labels.tiff,0.000000,20480.000000,4096.000000,4096.000000,True,True,True,38,0,roi_overlap_unique,0,0,0.000000,0,4393,4393,1.000000,1,Process_437_green.ome.tiff::tile_y000000_x020480.tiff::38,38.000000,16189.000000,233.121600,0.988762,0.780694,2441.383931,0.150805,2452.520000,21541.600000,255.000000,71.785227,/home/jake/Projects/cellprofiler_test/output/runs/life_history_target_vsi_v1/cell_measurements/tile_manifest.csv,/home/jake/Projects/cellprofiler_test/output/runs/life_history_target_vsi_v1/staging/tiles/Process_437_green.ome/tile_y000000_x020480.tiff,/home/jake/Projects/cellprofiler_test/output/runs/life_history_target_vsi_v1/cell_measurements/summary.json,True,7.128141,0.099298,0.261783,172.094400,True,True,True,,True,True,True,0.495828,0.777134,0.900727,0.405563,1.351138,Process_437_green.ome.tiff::tile_y000000_x020480.tiff::43,16189.000000,596.000000,1.000000,0.991339,0.970191,0.029809,0.988762,1.910638,0.852096,0.000000,,,,,,,,,False,False,False,False,clean,,0.005798,0.023435,0.274510,unlabeled,,,,0.000000,0.000000,0.940738,0.059262,auto_keep,0.860092,0.747706,0.747706,0.489220,0.740826,0.651758,size_nucleus_darkness,False,1.000000,0.000000,0.820423,46,,,5.455841,4.127573,6.767429,0.365793,0.643096,0.420774,0.000000,0.000000,0.000000,0.000000,0.000000,0.000000,0.000000,0.000000,0.000000,1.000000,0.946127,,,,,,1,34,model_ranked,unlabeled,
Process_437_green.ome.tiff,27,820,11.808000,108.161100,0.131900,6024.000000,26696.000000,255,tile_y024576_x004096.tiff,24576,4096,4096,4096,/home/jake/Projects/cellprofiler_test/output/runs/life_history_target_vsi_v1/imagej_nucleus_measurements/artifacts/Process_437_green.ome/macro_artifacts/tile_y024576_x004096__mask.tif,/home/jake/Projects/cellprofiler_test/output/runs/life_history_target_vsi_v1/imagej_nucleus_measurements/artifacts/Process_437_green.ome/macro_artifacts/tile_y024576_x004096__rois.zip,/home/jake/Projects/cellprofiler_test/output/runs/life_history_target_vsi_v1/imagej_nucleus_measurements/artifacts/Process_437_green.ome/tile_manifest.csv,/home/jake/Projects/cellprofiler_test/output/runs/life_history_target_vsi_v1/imagej_nucleus_measurements/artifacts/Process_437_green.ome/raw_imagej_results.csv,437,109787,D. orestes,pmount,/home/jake/Projects/cellprofiler_test/output/runs/life_history_target_vsi_v1/staging/tiles/Process_437_green.ome/tile_y024576_x004096.tiff,,Process_437_green.ome.tiff::tile_y024576_x004096.tiff::27,/home/jake/Projects/cellprofiler_test/output/runs/life_history_target_vsi_v1/cell_measurements/masks/Process_437_green.ome/tile_y024576_x004096__filtered_labels.tiff,24576.000000,4096.000000,4096.000000,4096.000000,True,True,True,39,0,roi_overlap_unique,0,0,0.000000,0,897,680,0.758082,1,Process_437_green.ome.tiff::tile_y024576_x004096.tiff::39,39.000000,16634.000000,239.529600,0.987885,0.777215,2513.419426,0.151101,26760.740000,5966.580000,255.000000,72.765147,/home/jake/Projects/cellprofiler_test/output/runs/life_history_target_vsi_v1/cell_measurements/tile_manifest.csv,/home/jake/Projects/cellprofiler_test/output/runs/life_history_target_vsi_v1/staging/tiles/Process_437_green.ome/tile_y024576_x004096.tiff,/home/jake/Projects/cellprofiler_test/output/runs/life_history_target_vsi_v1/cell_measurements/summary.json,True,86.535103,1.189238,0.049297,227.721600,True,True,True,,True,True,True,0.648644,-1.631294,-1.980097,-1.885125,3.249052,Process_437_green.ome.tiff::tile_y024576_x004096.tiff::27,16634.000000,633.207107,0.998094,1.001910,0.964600,0.035400,0.987885,1.861065,0.843374,0.000000,,,,,,,,,False,False,False,False,clean,,0.005866,0.021367,0.400000,unlabeled,,,,0.000000,0.000000,0.706378,0.293622,needs_review,0.905963,0.316514,0.316514,0.654243,0.013761,0.584480,size_nucleus_darkness,False,1.000000,0.000000,0.815265,47,,,5.482843,2.550070,4.692825,0.207077,0.286750,0.592720,0.000000,0.000000,0.000000,0.000000,0.000000,0.000000,0.000000,0.000000,0.000000,1.000000,0.944580,,,,,,1,35,model_ranked,unlabeled,
Process_437_green.ome.tiff,43,3323,47.851200,757.110900,0.227800,17459.000000,27947.000000,255,tile_y024576_x016384.tiff,24576,16384,4096,4096,/home/jake/Projects/cellprofiler_test/output/runs/life_history_target_vsi_v1/imagej_nucleus_measurements/artifacts/Process_437_green.ome/macro_artifacts/tile_y024576_x016384__mask.tif,/home/jake/Projects/cellprofiler_test/output/runs/life_history_target_vsi_v1/imagej_nucleus_measurements/artifacts/Process_437_green.ome/macro_artifacts/tile_y024576_x016384__rois.zip,/home/jake/Projects/cellprofiler_test/output/runs/life_history_target_vsi_v1/imagej_nucleus_measurements/artifacts/Process_437_green.ome/tile_manifest.csv,/home/jake/Projects/cellprofiler_test/output/runs/life_history_target_vsi_v1/imagej_nucleus_measurements/artifacts/Process_437_green.ome/raw_imagej_results.csv,437,109787,D. orestes,pmount,/home/jake/Projects/cellprofiler_test/output/runs/life_history_target_vsi_v1/staging/tiles/Process_437_green.ome/tile_y024576_x016384.tiff,,Process_437_green.ome.tiff::tile_y024576_x016384.tiff::43,/home/jake/Projects/cellprofiler_test/output/runs/life_history_target_vsi_v1/cell_measurements/masks/Process_437_green.ome/tile_y024576_x016384__filtered_labels.tiff,24576.000000,16384.000000,4096.000000,4096.000000,True,True,True,26,0,roi_overlap_unique,0,0,0.000000,0,3478,3478,1.000000,1,Process_437_green.ome.tiff::tile_y024576_x016384.tiff::26,26.000000,15678.000000,225.763200,0.988525,0.789549,2415.941534,0.154098,27950.820000,17468.240000,255.000000,70.643205,/home/jake/Projects/cellprofiler_test/output/runs/life_history_target_vsi_v1/cell_measurements/tile_manifest.csv,/home/jake/Projects/cellprofiler_test/output/runs/life_history_target_vsi_v1/staging/tiles/Process_437_green.ome/tile_y024576_x016384.tiff,/home/jake/Projects/cellprofiler_test/output/runs/life_history_target_vsi_v1/cell_measurements/summary.json,True,9.998500,0.141535,0.211953,177.912000,True,True,True,,True,True,True,0.315078,0.420500,0.711544,0.115876,0.892085,Process_437_green.ome.tiff::tile_y024576_x016384.tiff::43,15678.000000,611.207107,0.994753,1.005275,0.962863,0.037137,0.988525,1.787211,0.828809,0.000000,,,,,,,,,False,False,False,False,clean,,0.005680,0.023463,0.392157,unlabeled,,,,0.000000,0.000000,0.927773,0.072227,auto_keep,0.805046,0.896789,0.896789,0.684862,0.633028,0.575688,size_nucleus_darkness,False,1.000000,0.000000,0.803021,52,,,5.423906,3.888779,6.630830,0.614177,0.721956,0.551345,0.000000,0.000000,0.000000,0.000000,0.000000,0.000000,0.000000,0.000000,0.000000,1.000000,0.940906,,,,,,1,36,model_ranked,unlabeled,
Process_437_green.ome.tiff,23,2450,35.280000,348.691700,0.142300,5823.000000,25972.500000,255,tile_y024576_x004096.tiff,24576,4096,4096,4096,/home/jake/Projects/cellprofiler_test/output/runs/life_history_target_vsi_v1/imagej_nucleus_measurements/artifacts/Process_437_green.ome/macro_artifacts/tile_y024576_x004096__mask.tif,/home/jake/Projects/cellprofiler_test/output/runs/life_history_target_vsi_v1/imagej_nucleus_measurements/artifacts/Process_437_green.ome/macro_artifacts/tile_y024576_x004096__rois.zip,/home/jake/Projects/cellprofiler_test/output/runs/life_history_target_vsi_v1/imagej_nucleus_measurements/artifacts/Process_437_green.ome/tile_manifest.csv,/home/jake/Projects/cellprofiler_test/output/runs/life_history_target_vsi_v1/imagej_nucleus_measurements/artifacts/Process_437_green.ome/raw_imagej_results.csv,437,109787,D. orestes,pmount,/home/jake/Projects/cellprofiler_test/output/runs/life_history_target_vsi_v1/staging/tiles/Process_437_green.ome/tile_y024576_x004096.tiff,,Process_437_green.ome.tiff::tile_y024576_x004096.tiff::23,/home/jake/Projects/cellprofiler_test/output/runs/life_history_target_vsi_v1/cell_measurements/masks/Process_437_green.ome/tile_y024576_x004096__filtered_labels.tiff,24576.000000,4096.000000,4096.000000,4096.000000,True,True,True,32,0,roi_overlap_unique,0,0,0.000000,0,2585,1931,0.747002,1,Process_437_green.ome.tiff::tile_y024576_x004096.tiff::32,32.000000,16487.000000,237.412800,0.989378,0.795377,2469.088797,0.149760,25968.340000,5904.120000,255.000000,72.442909,/home/jake/Projects/cellprofiler_test/output/runs/life_history_target_vsi_v1/cell_measurements/tile_manifest.csv,/home/jake/Projects/cellprofiler_test/output/runs/life_history_target_vsi_v1/staging/tiles/Process_437_green.ome/tile_y024576_x004096.tiff,/home/jake/Projects/cellprofiler_test/output/runs/life_history_target_vsi_v1/cell_measurements/summary.json,True,81.226597,1.121250,0.148602,202.132800,True,True,True,,True,True,True,0.598620,-0.026393,-0.360916,-0.371295,0.791936,Process_437_green.ome.tiff::tile_y024576_x004096.tiff::23,16487.000000,599.207107,1.000000,0.995361,0.983527,0.016473,0.989378,1.815037,0.834536,0.000000,,,,,,,,,False,False,False,False,clean,,0.006141,0.022295,0.290196,unlabeled,,,,0.000000,0.000000,0.875095,0.124905,auto_keep,0.889908,0.387615,0.387615,0.509748,0.034404,0.701070,size_nucleus_darkness,False,1.000000,0.000000,0.802476,53,,,5.474004,3.591267,5.857052,0.197586,0.344942,0.453629,0.000000,0.000000,0.000000,0.000000,0.000000,0.000000,0.000000,0.000000,0.000000,1.000000,0.940743,,,,,,1,37,model_ranked,unlabeled,
Process_437_green.ome.tiff,15,1128,16.243200,283.134400,0.251000,7604.500000,19342.500000,255,tile_y016384_x004096.tiff,16384,4096,4096,4096,/home/jake/Projects/cellprofiler_test/output/runs/life_history_target_vsi_v1/imagej_nucleus_measurements/artifacts/Process_437_green.ome/macro_artifacts/tile_y016384_x004096__mask.tif,/home/jake/Projects/cellprofiler_test/output/runs/life_history_target_vsi_v1/imagej_nucleus_measurements/artifacts/Process_437_green.ome/macro_artifacts/tile_y016384_x004096__rois.zip,/home/jake/Projects/cellprofiler_test/output/runs/life_history_target_vsi_v1/imagej_nucleus_measurements/artifacts/Process_437_green.ome/tile_manifest.csv,/home/jake/Projects/cellprofiler_test/output/runs/life_history_target_vsi_v1/imagej_nucleus_measurements/artifacts/Process_437_green.ome/raw_imagej_results.csv,437,109787,D. orestes,pmount,/home/jake/Projects/cellprofiler_test/output/runs/life_history_target_vsi_v1/staging/tiles/Process_437_green.ome/tile_y016384_x004096.tiff,,Process_437_green.ome.tiff::tile_y016384_x004096.tiff::15,/home/jake/Projects/cellprofiler_test/output/runs/life_history_target_vsi_v1/cell_measurements/masks/Process_437_green.ome/tile_y016384_x004096__filtered_labels.tiff,16384.000000,4096.000000,4096.000000,4096.000000,True,True,True,19,0,roi_overlap_unique,0,0,0.000000,0,1209,1209,1.000000,1,Process_437_green.ome.tiff::tile_y016384_x004096.tiff::19,19.000000,15612.000000,224.812800,0.988602,0.815715,2489.639419,0.159470,19332.760000,7602.330000,255.000000,70.494354,/home/jake/Projects/cellprofiler_test/output/runs/life_history_target_vsi_v1/cell_measurements/tile_manifest.csv,/home/jake/Projects/cellprofiler_test/output/runs/life_history_target_vsi_v1/staging/tiles/Process_437_green.ome/tile_y016384_x004096.tiff,/home/jake/Projects/cellprofiler_test/output/runs/life_history_target_vsi_v1/cell_measurements/summary.json,True,9.978803,0.141555,0.072252,208.569600,True,True,True,,True,True,True,0.291304,-1.163702,-0.649000,-1.360620,1.926538,Process_437_green.ome.tiff::tile_y016384_x004096.tiff::15,15612.000000,590.000000,0.996610,1.003401,0.988346,0.011654,0.988602,1.687753,0.805568,0.000000,,,,,,,,,False,False,False,False,clean,,0.006329,0.025684,0.298039,unlabeled,,,,0.000000,0.000000,0.998560,0.001440,auto_keep,0.793578,0.949541,0.949541,0.604358,0.630734,0.658066,size_nucleus_darkness,False,1.000000,0.000000,0.794995,54,,,5.419706,2.847418,5.649447,0.573863,0.753535,0.479605,0.000000,0.000000,0.000000,0.000000,0.000000,0.000000,0.000000,0.000000,0.000000,1.000000,0.938499,,,,,,1,38,model_ranked,unlabeled,
Process_437_green.ome.tiff,45,746,10.742400,102.042900,0.136800,13892.500000,19922.000000,255,tile_y016384_x012288.tiff,16384,12288,4096,4096,/home/jake/Projects/cellprofiler_test/output/runs/life_history_target_vsi_v1/imagej_nucleus_measurements/artifacts/Process_437_green.ome/macro_artifacts/tile_y016384_x012288__mask.tif,/home/jake/Projects/cellprofiler_test/output/runs/life_history_target_vsi_v1/imagej_nucleus_measurements/artifacts/Process_437_green.ome/macro_artifacts/tile_y016384_x012288__rois.zip,/home/jake/Projects/cellprofiler_test/output/runs/life_history_target_vsi_v1/imagej_nucleus_measurements/artifacts/Process_437_green.ome/tile_manifest.csv,/home/jake/Projects/cellprofiler_test/output/runs/life_history_target_vsi_v1/imagej_nucleus_measurements/artifacts/Process_437_green.ome/raw_imagej_results.csv,437,109787,D. orestes,pmount,/home/jake/Projects/cellprofiler_test/output/runs/life_history_target_vsi_v1/staging/tiles/Process_437_green.ome/tile_y016384_x012288.tiff,,Process_437_green.ome.tiff::tile_y016384_x012288.tiff::45,/home/jake/Projects/cellprofiler_test/output/runs/life_history_target_vsi_v1/cell_measurements/masks/Process_437_green.ome/tile_y016384_x012288__filtered_labels.tiff,16384.000000,12288.000000,4096.000000,4096.000000,True,True,True,59,0,roi_overlap_unique,0,0,0.000000,0,830,625,0.753012,1,Process_437_green.ome.tiff::tile_y016384_x012288.tiff::59,59.000000,16514.000000,237.801600,0.988981,0.764561,2595.687025,0.157181,19976.910000,13824.530000,255.000000,72.502203,/home/jake/Projects/cellprofiler_test/output/runs/life_history_target_vsi_v1/cell_measurements/tile_manifest.csv,/home/jake/Projects/cellprofiler_test/output/runs/life_history_target_vsi_v1/staging/tiles/Process_437_green.ome/tile_y016384_x012288.tiff,/home/jake/Projects/cellprofiler_test/output/runs/life_history_target_vsi_v1/cell_measurements/summary.json,True,87.378653,1.205186,0.045174,227.059200,True,True,True,ultra_core_outlier,True,True,False,0.607842,-1.769973,-2.060641,-2.004949,3.430501,Process_437_green.ome.tiff::tile_y016384_x012288.tiff::45,16514.000000,644.000000,0.996894,1.003115,0.952145,0.047855,0.988981,1.976631,0.862585,0.000000,,,,,,,,,False,False,False,False,clean,,0.004859,0.021150,0.345098,unlabeled,,,,0.000000,0.000000,0.187244,0.187244,needs_review,0.892202,0.350917,0.350917,0.540596,0.011468,0.572630,size_nucleus_darkness,False,1.000000,0.000000,0.794408,55,,,5.475633,2.463206,4.635145,0.189704,0.313089,0.482321,0.000000,0.000000,0.000000,0.000000,0.000000,0.000000,0.000000,0.000000,0.000000,1.000000,0.938322,,,,,,1,39,model_ranked,unlabeled,
Process_437_green.ome.tiff,67,2546,36.662400,522.850600,0.205400,25094.000000,23315.000000,255,tile_y020480_x024576.tiff,20480,24576,4096,4096,/home/jake/Projects/cellprofiler_test/output/runs/life_history_target_vsi_v1/imagej_nucleus_measurements/artifacts/Process_437_green.ome/macro_artifacts/tile_y020480_x024576__mask.tif,/home/jake/Projects/cellprofiler_test/output/runs/life_history_target_vsi_v1/imagej_nucleus_measurements/artifacts/Process_437_green.ome/macro_artifacts/tile_y020480_x024576__rois.zip,/home/jake/Projects/cellprofiler_test/output/runs/life_history_target_vsi_v1/imagej_nucleus_measurements/artifacts/Process_437_green.ome/tile_manifest.csv,/home/jake/Projects/cellprofiler_test/output/runs/life_history_target_vsi_v1/imagej_nucleus_measurements/artifacts/Process_437_green.ome/raw_imagej_results.csv,437,109787,D. orestes,pmount,/home/jake/Projects/cellprofiler_test/output/runs/life_history_target_vsi_v1/staging/tiles/Process_437_green.ome/tile_y020480_x024576.tiff,,Process_437_green.ome.tiff::tile_y020480_x024576.tiff::67,/home/jake/Projects/cellprofiler_test/output/runs/life_history_target_vsi_v1/cell_measurements/masks/Process_437_green.ome/tile_y020480_x024576__filtered_labels.tiff,20480.000000,24576.000000,4096.000000,4096.000000,True,True,True,42,0,roi_overlap_unique,0,0,0.000000,0,2675,2675,1.000000,1,Process_437_green.ome.tiff::tile_y020480_x024576.tiff::42,42.000000,15962.000000,229.852800,0.988849,0.775687,2263.776744,0.141823,23308.470000,25073.780000,255.000000,71.280168,/home/jake/Projects/cellprofiler_test/output/runs/life_history_target_vsi_v1/cell_measurements/tile_manifest.csv,/home/jake/Projects/cellprofiler_test/output/runs/life_history_target_vsi_v1/staging/tiles/Process_437_green.ome/tile_y020480_x024576.tiff,/home/jake/Projects/cellprofiler_test/output/runs/life_history_target_vsi_v1/cell_measurements/summary.json,True,21.248278,0.298095,0.159504,193.190400,True,True,True,,True,True,True,0.416249,0.029964,0.199447,-0.274165,0.537686,Process_437_green.ome.tiff::tile_y020480_x024576.tiff::67,15962.000000,604.000000,0.996689,1.003322,0.980766,0.019234,0.988849,1.915662,0.852938,0.000000,,,,,,,,,False,False,False,False,clean,,0.006099,0.020225,0.258824,unlabeled,,,,0.000000,0.000000,0.990366,0.009634,auto_keep,0.830275,0.756881,0.756881,0.400459,0.373853,0.646024,size_nucleus_darkness,False,1.000000,0.000000,0.788043,57,,,5.441780,3.628662,6.261207,0.303100,0.628419,0.332491,0.000000,0.000000,0.000000,0.000000,0.000000,0.000000,0.000000,0.000000,0.000000,1.000000,0.936413,,,,,,1,40,model_ranked,unlabeled,
Process_437_green.ome.tiff,34,1298,18.691200,165.399700,0.127400,6334.500000,28048.000000,255,tile_y024576_x004096.tiff,24576,4096,4096,4096,/home/jake/Projects/cellprofiler_test/output/runs/life_history_target_vsi_v1/imagej_nucleus_measurements/artifacts/Process_437_green.ome/macro_artifacts/tile_y024576_x004096__mask.tif,/home/jake/Projects/cellprofiler_test/output/runs/life_history_target_vsi_v1/imagej_nucleus_measurements/artifacts/Process_437_green.ome/macro_artifacts/tile_y024576_x004096__rois.zip,/home/jake/Projects/cellprofiler_test/output/runs/life_history_target_vsi_v1/imagej_nucleus_measurements/artifacts/Process_437_green.ome/tile_manifest.csv,/home/jake/Projects/cellprofiler_test/output/runs/life_history_target_vsi_v1/imagej_nucleus_measurements/artifacts/Process_437_green.ome/raw_imagej_results.csv,437,109787,D. orestes,pmount,/home/jake/Projects/cellprofiler_test/output/runs/life_history_target_vsi_v1/staging/tiles/Process_437_green.ome/tile_y024576_x004096.tiff,,Process_437_green.ome.tiff::tile_y024576_x004096.tiff::34,/home/jake/Projects/cellprofiler_test/output/runs/life_history_target_vsi_v1/cell_measurements/masks/Process_437_green.ome/tile_y024576_x004096__filtered_labels.tiff,24576.000000,4096.000000,4096.000000,4096.000000,True,True,True,56,0,roi_overlap_unique,0,0,0.000000,0,1400,1266,0.904286,1,Process_437_green.ome.tiff::tile_y024576_x004096.tiff::56,56.000000,16472.000000,237.196800,0.989725,0.818255,2350.884604,0.142720,28036.120000,6410.210000,255.000000,72.409947,/home/jake/Projects/cellprofiler_test/output/runs/life_history_target_vsi_v1/cell_measurements/tile_manifest.csv,/home/jake/Projects/cellprofiler_test/output/runs/life_history_target_vsi_v1/staging/tiles/Process_437_green.ome/tile_y024576_x004096.tiff,/home/jake/Projects/cellprofiler_test/output/runs/life_history_target_vsi_v1/cell_measurements/summary.json,True,76.636405,1.058368,0.078800,218.505600,True,True,True,,True,True,True,0.593491,-0.957867,-1.392573,-1.241595,2.179577,Process_437_green.ome.tiff::tile_y024576_x004096.tiff::34,16472.000000,592.000000,1.000000,0.989967,0.982495,0.017505,0.989725,1.729375,0.815864,0.000000,,,,,,,,,False,False,False,False,clean,,0.005808,0.020310,0.294118,unlabeled,,,,0.000000,0.000000,0.927032,0.072968,auto_keep,0.885321,0.276376,0.276376,0.467431,0.066514,0.704128,size_nucleus_darkness,False,1.000000,0.000000,0.785591,59,,,5.473097,2.980172,5.114393,0.129187,0.244681,0.413826,0.000000,0.000000,0.000000,0.000000,0.000000,0.000000,0.000000,0.000000,0.000000,1.000000,0.935677,,,,,,1,41,model_ranked,unlabeled,
Process_437_green.ome.tiff,24,4178,60.163200,616.778600,0.147600,4388.500000,25968.000000,255,tile_y024576_x004096.tiff,24576,4096,4096,4096,/home/jake/Projects/cellprofiler_test/output/runs/life_history_target_vsi_v1/imagej_nucleus_measurements/artifacts/Process_437_green.ome/macro_artifacts/tile_y024576_x004096__mask.tif,/home/jake/Projects/cellprofiler_test/output/runs/life_history_target_vsi_v1/imagej_nucleus_measurements/artifacts/Process_437_green.ome/macro_artifacts/tile_y024576_x004096__rois.zip,/home/jake/Projects/cellprofiler_test/output/runs/life_history_target_vsi_v1/imagej_nucleus_measurements/artifacts/Process_437_green.ome/tile_manifest.csv,/home/jake/Projects/cellprofiler_test/output/runs/life_history_target_vsi_v1/imagej_nucleus_measurements/artifacts/Process_437_green.ome/raw_imagej_results.csv,437,109787,D. orestes,pmount,/home/jake/Projects/cellprofiler_test/output/runs/life_history_target_vsi_v1/staging/tiles/Process_437_green.ome/tile_y024576_x004096.tiff,,Process_437_green.ome.tiff::tile_y024576_x004096.tiff::24,/home/jake/Projects/cellprofiler_test/output/runs/life_history_target_vsi_v1/cell_measurements/masks/Process_437_green.ome/tile_y024576_x004096__filtered_labels.tiff,24576.000000,4096.000000,4096.000000,4096.000000,True,True,True,28,0,roi_overlap_unique,0,0,0.000000,0,4350,3635,0.835632,1,Process_437_green.ome.tiff::tile_y024576_x004096.tiff::28,28.000000,16031.000000,230.846400,0.989263,0.832657,2561.213610,0.159766,25918.320000,4415.310000,255.000000,71.434066,/home/jake/Projects/cellprofiler_test/output/runs/life_history_target_vsi_v1/cell_measurements/tile_manifest.csv,/home/jake/Projects/cellprofiler_test/output/runs/life_history_target_vsi_v1/staging/tiles/Process_437_green.ome/tile_y024576_x004096.tiff,/home/jake/Projects/cellprofiler_test/output/runs/life_history_target_vsi_v1/cell_measurements/summary.json,True,56.452445,0.790273,0.260620,170.683200,True,True,True,,True,True,True,0.440557,0.756227,0.427979,0.399456,1.052949,Process_437_green.ome.tiff::tile_y024576_x004096.tiff::24,16031.000000,601.207107,0.991339,1.008737,0.980431,0.019569,0.989263,1.603169,0.781612,0.000000,,,,,,,,,False,False,False,False,clean,,0.006397,0.025545,0.333333,unlabeled,,,,0.000000,0.000000,0.716079,0.283921,needs_review,0.844037,0.446101,0.446101,0.670298,0.213303,0.618119,size_nucleus_darkness,False,1.000000,0.000000,0.782235,60,,,5.446075,4.113546,6.426130,0.299021,0.376526,0.565756,0.000000,0.000000,0.000000,0.000000,0.000000,0.000000,0.000000,0.000000,0.000000,1.000000,0.934670,,,,,,1,42,model_ranked,unlabeled,
Process_437_green.ome.tiff,34,2395,34.488000,541.660000,0.226200,17153.500000,27264.000000,255,tile_y024576_x016384.tiff,24576,16384,4096,4096,/home/jake/Projects/cellprofiler_test/output/runs/life_history_target_vsi_v1/imagej_nucleus_measurements/artifacts/Process_437_green.ome/macro_artifacts/tile_y024576_x016384__mask.tif,/home/jake/Projects/cellprofiler_test/output/runs/life_history_target_vsi_v1/imagej_nucleus_measurements/artifacts/Process_437_green.ome/macro_artifacts/tile_y024576_x016384__rois.zip,/home/jake/Projects/cellprofiler_test/output/runs/life_history_target_vsi_v1/imagej_nucleus_measurements/artifacts/Process_437_green.ome/tile_manifest.csv,/home/jake/Projects/cellprofiler_test/output/runs/life_history_target_vsi_v1/imagej_nucleus_measurements/artifacts/Process_437_green.ome/raw_imagej_results.csv,437,109787,D. orestes,pmount,/home/jake/Projects/cellprofiler_test/output/runs/life_history_target_vsi_v1/staging/tiles/Process_437_green.ome/tile_y024576_x016384.tiff,,Process_437_green.ome.tiff::tile_y024576_x016384.tiff::34,/home/jake/Projects/cellprofiler_test/output/runs/life_history_target_vsi_v1/cell_measurements/masks/Process_437_green.ome/tile_y024576_x016384__filtered_labels.tiff,24576.000000,16384.000000,4096.000000,4096.000000,True,True,True,20,0,roi_overlap_unique,0,0,0.000000,0,2521,2521,1.000000,1,Process_437_green.ome.tiff::tile_y024576_x016384.tiff::20,20.000000,15646.000000,225.302400,0.989502,0.789471,2328.956740,0.148853,27263.050000,17137.490000,255.000000,70.571074,/home/jake/Projects/cellprofiler_test/output/runs/life_history_target_vsi_v1/cell_measurements/tile_manifest.csv,/home/jake/Projects/cellprofiler_test/output/runs/life_history_target_vsi_v1/staging/tiles/Process_437_green.ome/tile_y024576_x016384.tiff,/home/jake/Projects/cellprofiler_test/output/runs/life_history_target_vsi_v1/cell_measurements/summary.json,True,16.038161,0.227263,0.153074,190.814400,True,True,True,,True,True,True,0.303564,-0.059684,0.248335,-0.330613,0.516419,Process_437_green.ome.tiff::tile_y024576_x016384.tiff::34,15646.000000,608.000000,1.000000,0.996721,0.976694,0.023306,0.989502,1.824832,0.836481,0.000000,,,,,,,,,False,False,False,False,clean,,0.005096,0.019372,0.247059,unlabeled,,,,0.000000,0.000000,0.976762,0.023238,auto_keep,0.802752,0.892202,0.892202,0.318463,0.477064,0.681193,size_nucleus_darkness,False,1.000000,0.000000,0.775065,63,,,5.421872,3.569195,6.296483,0.284133,0.716217,0.255647,0.000000,0.000000,0.000000,0.000000,0.000000,0.000000,0.000000,0.000000,0.000000,1.000000,0.932519,,,,,,1,43,model_ranked,unlabeled,
Process_437_green.ome.tiff,13,3798,54.691200,829.031500,0.218300,11648.000000,25512.500000,255,tile_y024576_x008192.tiff,24576,8192,4096,4096,/home/jake/Projects/cellprofiler_test/output/runs/life_history_target_vsi_v1/imagej_nucleus_measurements/artifacts/Process_437_green.ome/macro_artifacts/tile_y024576_x008192__mask.tif,/home/jake/Projects/cellprofiler_test/output/runs/life_history_target_vsi_v1/imagej_nucleus_measurements/artifacts/Process_437_green.ome/macro_artifacts/tile_y024576_x008192__rois.zip,/home/jake/Projects/cellprofiler_test/output/runs/life_history_target_vsi_v1/imagej_nucleus_measurements/artifacts/Process_437_green.ome/tile_manifest.csv,/home/jake/Projects/cellprofiler_test/output/runs/life_history_target_vsi_v1/imagej_nucleus_measurements/artifacts/Process_437_green.ome/raw_imagej_results.csv,437,109787,D. orestes,pmount,/home/jake/Projects/cellprofiler_test/output/runs/life_history_target_vsi_v1/staging/tiles/Process_437_green.ome/tile_y024576_x008192.tiff,,Process_437_green.ome.tiff::tile_y024576_x008192.tiff::13,/home/jake/Projects/cellprofiler_test/output/runs/life_history_target_vsi_v1/cell_measurements/masks/Process_437_green.ome/tile_y024576_x008192__filtered_labels.tiff,24576.000000,8192.000000,4096.000000,4096.000000,True,True,True,7,0,roi_overlap_unique,0,0,0.000000,0,3967,3967,1.000000,1,Process_437_green.ome.tiff::tile_y024576_x008192.tiff::7,7.000000,15584.000000,224.409600,0.989146,0.827216,2359.720969,0.151419,25513.830000,11654.390000,255.000000,70.431110,/home/jake/Projects/cellprofiler_test/output/runs/life_history_target_vsi_v1/cell_measurements/tile_manifest.csv,/home/jake/Projects/cellprofiler_test/output/runs/life_history_target_vsi_v1/staging/tiles/Process_437_green.ome/tile_y024576_x008192.tiff,/home/jake/Projects/cellprofiler_test/output/runs/life_history_target_vsi_v1/cell_measurements/summary.json,True,6.526944,0.092671,0.243711,169.718400,True,True,True,,True,True,True,0.281188,0.616405,0.837071,0.307428,1.119920,Process_437_green.ome.tiff::tile_y024576_x008192.tiff::13,15584.000000,592.000000,1.000000,1.000000,0.979491,0.020509,0.989146,1.609685,0.783621,0.000000,,,,,,,,,False,False,False,False,clean,,0.005343,0.021328,0.329412,unlabeled,,,,0.000000,0.000000,0.959369,0.040631,auto_keep,0.785550,0.848624,0.848624,0.527179,0.747706,0.684633,size_nucleus_darkness,False,1.000000,0.000000,0.774122,64,,,5.417919,4.019822,6.721464,0.447377,0.666637,0.414125,0.000000,0.000000,0.000000,0.000000,0.000000,0.000000,0.000000,0.000000,0.000000,1.000000,0.932237,,,,,,1,44,model_ranked,unlabeled,
Process_437_green.ome.tiff,37,4251,61.214400,675.528100,0.158900,27114.000000,32526.000000,255,tile_y028672_x024576.tiff,28672,24576,4096,4096,/home/jake/Projects/cellprofiler_test/output/runs/life_history_target_vsi_v1/imagej_nucleus_measurements/artifacts/Process_437_green.ome/macro_artifacts/tile_y028672_x024576__mask.tif,/home/jake/Projects/cellprofiler_test/output/runs/life_history_target_vsi_v1/imagej_nucleus_measurements/artifacts/Process_437_green.ome/macro_artifacts/tile_y028672_x024576__rois.zip,/home/jake/Projects/cellprofiler_test/output/runs/life_history_target_vsi_v1/imagej_nucleus_measurements/artifacts/Process_437_green.ome/tile_manifest.csv,/home/jake/Projects/cellprofiler_test/output/runs/life_history_target_vsi_v1/imagej_nucleus_measurements/artifacts/Process_437_green.ome/raw_imagej_results.csv,437,109787,D. orestes,pmount,/home/jake/Projects/cellprofiler_test/output/runs/life_history_target_vsi_v1/staging/tiles/Process_437_green.ome/tile_y028672_x024576.tiff,,Process_437_green.ome.tiff::tile_y028672_x024576.tiff::37,/home/jake/Projects/cellprofiler_test/output/runs/life_history_target_vsi_v1/cell_measurements/masks/Process_437_green.ome/tile_y028672_x024576__filtered_labels.tiff,28672.000000,24576.000000,4096.000000,4096.000000,True,True,True,100,0,roi_overlap_unique,0,0,0.000000,0,4428,4410,0.995935,1,Process_437_green.ome.tiff::tile_y028672_x024576.tiff::100,100.000000,15941.000000,229.550400,0.988467,0.825816,2357.876418,0.147913,32527.910000,27118.630000,255.000000,71.233264,/home/jake/Projects/cellprofiler_test/output/runs/life_history_target_vsi_v1/cell_measurements/tile_manifest.csv,/home/jake/Projects/cellprofiler_test/output/runs/life_history_target_vsi_v1/staging/tiles/Process_437_green.ome/tile_y028672_x024576.tiff,/home/jake/Projects/cellprofiler_test/output/runs/life_history_target_vsi_v1/cell_measurements/summary.json,True,5.008493,0.070311,0.266671,168.336000,True,True,True,,True,True,True,0.408830,0.781625,0.553833,0.430944,1.127175,Process_437_green.ome.tiff::tile_y028672_x024576.tiff::37,15941.000000,588.000000,0.989796,1.010309,0.988771,0.011229,0.988467,1.609759,0.783643,0.000000,,,,,,,,,False,False,False,False,clean,,0.006313,0.021571,0.301961,unlabeled,,,,0.000000,0.000000,0.983207,0.016793,auto_keep,0.825688,0.520642,0.520642,0.529587,0.818807,0.617355,size_nucleus_darkness,False,1.000000,0.000000,0.773879,65,,,5.440469,4.130586,6.516974,0.275725,0.429888,0.437274,0.000000,0.000000,0.000000,0.000000,0.000000,0.000000,0.000000,0.000000,0.000000,1.000000,0.932164,,,,,,1,45,model_ranked,unlabeled,
Process_437_green.ome.tiff,33,2232,32.140800,456.212100,0.204400,24909.000000,21237.000000,255,tile_y020480_x024576.tiff,20480,24576,4096,4096,/home/jake/Projects/cellprofiler_test/output/runs/life_history_target_vsi_v1/imagej_nucleus_measurements/artifacts/Process_437_green.ome/macro_artifacts/tile_y020480_x024576__mask.tif,/home/jake/Projects/cellprofiler_test/output/runs/life_history_target_vsi_v1/imagej_nucleus_measurements/artifacts/Process_437_green.ome/macro_artifacts/tile_y020480_x024576__rois.zip,/home/jake/Projects/cellprofiler_test/output/runs/life_history_target_vsi_v1/imagej_nucleus_measurements/artifacts/Process_437_green.ome/tile_manifest.csv,/home/jake/Projects/cellprofiler_test/output/runs/life_history_target_vsi_v1/imagej_nucleus_measurements/artifacts/Process_437_green.ome/raw_imagej_results.csv,437,109787,D. orestes,pmount,/home/jake/Projects/cellprofiler_test/output/runs/life_history_target_vsi_v1/staging/tiles/Process_437_green.ome/tile_y020480_x024576.tiff,,Process_437_green.ome.tiff::tile_y020480_x024576.tiff::33,/home/jake/Projects/cellprofiler_test/output/runs/life_history_target_vsi_v1/cell_measurements/masks/Process_437_green.ome/tile_y020480_x024576__filtered_labels.tiff,20480.000000,24576.000000,4096.000000,4096.000000,True,True,True,17,0,roi_overlap_unique,0,0,0.000000,0,2343,2343,1.000000,1,Process_437_green.ome.tiff::tile_y020480_x024576.tiff::17,17.000000,15775.000000,227.160000,0.988161,0.784388,2112.220149,0.133897,21222.810000,24929.350000,255.000000,70.861403,/home/jake/Projects/cellprofiler_test/output/runs/life_history_target_vsi_v1/cell_measurements/tile_manifest.csv,/home/jake/Projects/cellprofiler_test/output/runs/life_history_target_vsi_v1/staging/tiles/Process_437_green.ome/tile_y020480_x024576.tiff,/home/jake/Projects/cellprofiler_test/output/runs/life_history_target_vsi_v1/cell_measurements/summary.json,True,24.808841,0.350104,0.141490,195.019200,True,True,True,,True,True,True,0.349838,-0.163035,0.010858,-0.438581,0.584327,Process_437_green.ome.tiff::tile_y020480_x024576.tiff::33,15775.000000,590.000000,1.000000,0.993266,0.964415,0.035585,0.988161,1.879229,0.846661,0.000000,,,,,,,,,False,False,False,False,clean,,0.005920,0.019633,0.258824,unlabeled,,,,0.000000,0.000000,0.952945,0.047055,auto_keep,0.814220,0.745413,0.745413,0.379358,0.344037,0.621560,size_nucleus_darkness,False,1.000000,0.000000,0.771658,66,,,5.430047,3.500765,6.125147,0.282778,0.606930,0.308881,0.000000,0.000000,0.000000,0.000000,0.000000,0.000000,0.000000,0.000000,0.000000,1.000000,0.931497,,,,,,1,46,model_ranked,unlabeled,
Process_435_green.ome.tiff,22,4220,60.768000,812.988500,0.192700,6098.000000,26757.000000,255,tile_y024576_x004096.tiff,24576,4096,4096,4096,/home/jake/Projects/cellprofiler_test/output/runs/life_history_target_vsi_v1/imagej_nucleus_measurements/artifacts/Process_435_green.ome/macro_artifacts/tile_y024576_x004096__mask.tif,/home/jake/Projects/cellprofiler_test/output/runs/life_history_target_vsi_v1/imagej_nucleus_measurements/artifacts/Process_435_green.ome/macro_artifacts/tile_y024576_x004096__rois.zip,/home/jake/Projects/cellprofiler_test/output/runs/life_history_target_vsi_v1/imagej_nucleus_measurements/artifacts/Process_435_green.ome/tile_manifest.csv,/home/jake/Projects/cellprofiler_test/output/runs/life_history_target_vsi_v1/imagej_nucleus_measurements/artifacts/Process_435_green.ome/raw_imagej_results.csv,435,169445,D. orestes,pmount,/home/jake/Projects/cellprofiler_test/output/runs/life_history_target_vsi_v1/staging/tiles/Process_435_green.ome/tile_y024576_x004096.tiff,,Process_435_green.ome.tiff::tile_y024576_x004096.tiff::22,/home/jake/Projects/cellprofiler_test/output/runs/life_history_target_vsi_v1/cell_measurements/masks/Process_435_green.ome/tile_y024576_x004096__filtered_labels.tiff,24576.000000,4096.000000,4096.000000,4096.000000,True,True,True,15,0,roi_overlap_unique,0,0,0.000000,0,4383,4383,1.000000,1,Process_435_green.ome.tiff::tile_y024576_x004096.tiff::15,15.000000,15582.000000,224.380800,0.988267,0.839684,2327.329848,0.149360,26748.780000,6090.670000,255.000000,70.426590,/home/jake/Projects/cellprofiler_test/output/runs/life_history_target_vsi_v1/cell_measurements/tile_manifest.csv,/home/jake/Projects/cellprofiler_test/output/runs/life_history_target_vsi_v1/staging/tiles/Process_435_green.ome/tile_y024576_x004096.tiff,/home/jake/Projects/cellprofiler_test/output/runs/life_history_target_vsi_v1/cell_measurements/summary.json,True,11.013505,0.156383,0.270825,163.612800,True,True,True,,True,True,True,0.615350,0.734085,0.763648,0.492385,1.320279,Process_435_green.ome.tiff::tile_y024576_x004096.tiff::22,15582.000000,586.000000,0.989761,1.010345,0.978231,0.021769,0.988267,1.516631,0.751831,0.000000,,,,,,,,,False,False,False,False,clean,,0.008483,0.026169,0.380392,unlabeled,,,,0.000000,0.000000,0.990077,0.009923,auto_keep,0.782110,0.696101,0.696101,0.778326,0.600917,0.584671,size_nucleus_darkness,False,1.000000,0.000000,0.771538,67,,,5.417791,4.123385,6.701946,0.541794,0.544428,0.608737,0.000000,0.000000,0.000000,0.000000,0.000000,0.000000,0.000000,0.000000,0.000000,1.000000,0.931461,,,,,,1,47,model_ranked,unlabeled,
Process_437_green.ome.tiff,14,2609,37.569600,331.091000,0.126900,5104.000000,25300.000000,255,tile_y024576_x004096.tiff,24576,4096,4096,4096,/home/jake/Projects/cellprofiler_test/output/runs/life_history_target_vsi_v1/imagej_nucleus_measurements/artifacts/Process_437_green.ome/macro_artifacts/tile_y024576_x004096__mask.tif,/home/jake/Projects/cellprofiler_test/output/runs/life_history_target_vsi_v1/imagej_nucleus_measurements/artifacts/Process_437_green.ome/macro_artifacts/tile_y024576_x004096__rois.zip,/home/jake/Projects/cellprofiler_test/output/runs/life_history_target_vsi_v1/imagej_nucleus_measurements/artifacts/Process_437_green.ome/tile_manifest.csv,/home/jake/Projects/cellprofiler_test/output/runs/life_history_target_vsi_v1/imagej_nucleus_measurements/artifacts/Process_437_green.ome/raw_imagej_results.csv,437,109787,D. orestes,pmount,/home/jake/Projects/cellprofiler_test/output/runs/life_history_target_vsi_v1/staging/tiles/Process_437_green.ome/tile_y024576_x004096.tiff,,Process_437_green.ome.tiff::tile_y024576_x004096.tiff::14,/home/jake/Projects/cellprofiler_test/output/runs/life_history_target_vsi_v1/cell_measurements/masks/Process_437_green.ome/tile_y024576_x004096__filtered_labels.tiff,24576.000000,4096.000000,4096.000000,4096.000000,True,True,True,16,0,roi_overlap_unique,0,0,0.000000,0,2743,2363,0.861466,1,Process_437_green.ome.tiff::tile_y024576_x004096.tiff::16,16.000000,16371.000000,235.742400,0.989723,0.819279,2494.662081,0.152383,25313.390000,5032.320000,255.000000,72.187611,/home/jake/Projects/cellprofiler_test/output/runs/life_history_target_vsi_v1/cell_measurements/tile_manifest.csv,/home/jake/Projects/cellprofiler_test/output/runs/life_history_target_vsi_v1/staging/tiles/Process_437_green.ome/tile_y024576_x004096.tiff,/home/jake/Projects/cellprofiler_test/output/runs/life_history_target_vsi_v1/cell_measurements/summary.json,True,72.919918,1.010145,0.159367,198.172800,True,True,True,,True,True,True,0.558830,0.065806,-0.432561,-0.275341,0.761277,Process_437_green.ome.tiff::tile_y024576_x004096.tiff::14,16371.000000,596.000000,1.000000,0.996656,0.982023,0.017977,0.989723,1.667902,0.800333,0.000000,,,,,,,,,False,False,False,False,clean,,0.005134,0.021943,0.274510,unlabeled,,,,0.000000,0.000000,0.732642,0.267358,needs_review,0.871560,0.268349,0.268349,0.428670,0.100917,0.700688,size_nucleus_darkness,False,1.000000,0.000000,0.769432,68,,,5.466973,3.652464,5.805409,0.115033,0.233882,0.373612,0.000000,0.000000,0.000000,0.000000,0.000000,0.000000,0.000000,0.000000,0.000000,1.000000,0.930830,,,,,,1,48,model_ranked,unlabeled,
Process_437_green.ome.tiff,40,3815,54.936000,794.485400,0.208300,35975.000000,36282.000000,255,tile_y032768_x032768.tiff,32768,32768,4096,4096,/home/jake/Projects/cellprofiler_test/output/runs/life_history_target_vsi_v1/imagej_nucleus_measurements/artifacts/Process_437_green.ome/macro_artifacts/tile_y032768_x032768__mask.tif,/home/jake/Projects/cellprofiler_test/output/runs/life_history_target_vsi_v1/imagej_nucleus_measurements/artifacts/Process_437_green.ome/macro_artifacts/tile_y032768_x032768__rois.zip,/home/jake/Projects/cellprofiler_test/output/runs/life_history_target_vsi_v1/imagej_nucleus_measurements/artifacts/Process_437_green.ome/tile_manifest.csv,/home/jake/Projects/cellprofiler_test/output/runs/life_history_target_vsi_v1/imagej_nucleus_measurements/artifacts/Process_437_green.ome/raw_imagej_results.csv,437,109787,D. orestes,pmount,/home/jake/Projects/cellprofiler_test/output/runs/life_history_target_vsi_v1/staging/tiles/Process_437_green.ome/tile_y032768_x032768.tiff,,Process_437_green.ome.tiff::tile_y032768_x032768.tiff::40,/home/jake/Projects/cellprofiler_test/output/runs/life_history_target_vsi_v1/cell_measurements/masks/Process_437_green.ome/tile_y032768_x032768__filtered_labels.tiff,32768.000000,32768.000000,4096.000000,4096.000000,True,True,True,30,0,roi_overlap_unique,0,0,0.000000,0,3972,3972,1.000000,1,Process_437_green.ome.tiff::tile_y032768_x032768.tiff::30,30.000000,15616.000000,224.870400,0.988354,0.819024,2317.978689,0.148436,36273.610000,35961.280000,255.000000,70.503384,/home/jake/Projects/cellprofiler_test/output/runs/life_history_target_vsi_v1/cell_measurements/tile_manifest.csv,/home/jake/Projects/cellprofiler_test/output/runs/life_history_target_vsi_v1/staging/tiles/Process_437_green.ome/tile_y032768_x032768.tiff,/home/jake/Projects/cellprofiler_test/output/runs/life_history_target_vsi_v1/cell_measurements/summary.json,True,16.081993,0.228102,0.244301,169.934400,True,True,True,,True,True,True,0.292748,0.622954,0.778195,0.310741,1.084399,Process_437_green.ome.tiff::tile_y032768_x032768.tiff::40,15616.000000,592.000000,1.000000,1.000000,0.983431,0.016569,0.988354,1.610530,0.783879,0.000000,,,,,,,,,False,False,False,False,clean,,0.006294,0.019192,0.286275,unlabeled,,,,0.000000,0.000000,0.970292,0.029708,auto_keep,0.798165,0.784404,0.784404,0.441399,0.472477,0.682722,size_nucleus_darkness,False,1.000000,0.000000,0.769125,69,,,5.419961,4.024208,6.678952,0.346235,0.626084,0.352309,0.000000,0.000000,0.000000,0.000000,0.000000,0.000000,0.000000,0.000000,0.000000,1.000000,0.930737,,,,,,1,49,model_ranked,unlabeled,
Process_437_green.ome.tiff,26,2888,41.587200,662.869400,0.229500,18192.000000,26868.500000,255,tile_y024576_x016384.tiff,24576,16384,4096,4096,/home/jake/Projects/cellprofiler_test/output/runs/life_history_target_vsi_v1/imagej_nucleus_measurements/artifacts/Process_437_green.ome/macro_artifacts/tile_y024576_x016384__mask.tif,/home/jake/Projects/cellprofiler_test/output/runs/life_history_target_vsi_v1/imagej_nucleus_measurements/artifacts/Process_437_green.ome/macro_artifacts/tile_y024576_x016384__rois.zip,/home/jake/Projects/cellprofiler_test/output/runs/life_history_target_vsi_v1/imagej_nucleus_measurements/artifacts/Process_437_green.ome/tile_manifest.csv,/home/jake/Projects/cellprofiler_test/output/runs/life_history_target_vsi_v1/imagej_nucleus_measurements/artifacts/Process_437_green.ome/raw_imagej_results.csv,437,109787,D. orestes,pmount,/home/jake/Projects/cellprofiler_test/output/runs/life_history_target_vsi_v1/staging/tiles/Process_437_green.ome/tile_y024576_x016384.tiff,,Process_437_green.ome.tiff::tile_y024576_x016384.tiff::26,/home/jake/Projects/cellprofiler_test/output/runs/life_history_target_vsi_v1/cell_measurements/masks/Process_437_green.ome/tile_y024576_x016384__filtered_labels.tiff,24576.000000,16384.000000,4096.000000,4096.000000,True,True,True,12,0,roi_overlap_unique,0,0,0.000000,0,3016,3016,1.000000,1,Process_437_green.ome.tiff::tile_y024576_x016384.tiff::12,12.000000,15507.000000,223.300800,0.989661,0.813112,2400.312201,0.154789,26867.920000,18187.680000,255.000000,70.256896,/home/jake/Projects/cellprofiler_test/output/runs/life_history_target_vsi_v1/cell_measurements/tile_manifest.csv,/home/jake/Projects/cellprofiler_test/output/runs/life_history_target_vsi_v1/staging/tiles/Process_437_green.ome/tile_y024576_x016384.tiff,/home/jake/Projects/cellprofiler_test/output/runs/life_history_target_vsi_v1/cell_measurements/summary.json,True,4.358761,0.062040,0.186238,181.713600,True,True,True,,True,True,True,0.253275,0.214776,0.527666,-0.061568,0.626497,Process_437_green.ome.tiff::tile_y024576_x016384.tiff::26,15507.000000,578.000000,1.000000,0.996552,0.981858,0.018142,0.989661,1.716303,0.812725,0.000000,,,,,,,,,False,False,False,False,clean,,0.005286,0.018893,0.250980,unlabeled,,,,0.000000,0.000000,0.987643,0.012357,auto_keep,0.761468,0.899083,0.899083,0.323968,0.857798,0.698012,size_nucleus_darkness,False,1.000000,0.000000,0.747195,78,,,5.412988,3.751554,6.498085,0.291274,0.684623,0.246691,0.000000,0.000000,0.000000,0.000000,0.000000,0.000000,0.000000,0.000000,0.000000,1.000000,0.924158,,,,,,1,50,model_ranked,unlabeled,
Process_440_green.ome.tiff,22,3933,56.635200,1326.519000,0.337300,35039.500000,3358.000000,255,tile_y000000_x032768.tiff,0,32768,4096,4096,/home/jake/Projects/cellprofiler_test/output/runs/life_history_target_vsi_v1/imagej_nucleus_measurements/artifacts/Process_440_green.ome/macro_artifacts/tile_y000000_x032768__mask.tif,/home/jake/Projects/cellprofiler_test/output/runs/life_history_target_vsi_v1/imagej_nucleus_measurements/artifacts/Process_440_green.ome/macro_artifacts/tile_y000000_x032768__rois.zip,/home/jake/Projects/cellprofiler_test/output/runs/life_history_target_vsi_v1/imagej_nucleus_measurements/artifacts/Process_440_green.ome/tile_manifest.csv,/home/jake/Projects/cellprofiler_test/output/runs/life_history_target_vsi_v1/imagej_nucleus_measurements/artifacts/Process_440_green.ome/raw_imagej_results.csv,440,220829,D. wrighti,pmount,/home/jake/Projects/cellprofiler_test/output/runs/life_history_target_vsi_v1/staging/tiles/Process_440_green.ome/tile_y000000_x032768.tiff,,Process_440_green.ome.tiff::tile_y000000_x032768.tiff::22,/home/jake/Projects/cellprofiler_test/output/runs/life_history_target_vsi_v1/cell_measurements/masks/Process_440_green.ome/tile_y000000_x032768__filtered_labels.tiff,0.000000,32768.000000,4096.000000,4096.000000,True,True,True,72,0,roi_overlap_unique,0,0,0.000000,0,4087,4087,1.000000,1,Process_440_green.ome.tiff::tile_y000000_x032768.tiff::72,72.000000,17203.000000,247.723200,0.989304,0.797893,3107.621648,0.180644,3354.740000,35046.790000,255.000000,73.999223,/home/jake/Projects/cellprofiler_test/output/runs/life_history_target_vsi_v1/cell_measurements/tile_manifest.csv,/home/jake/Projects/cellprofiler_test/output/runs/life_history_target_vsi_v1/staging/tiles/Process_440_green.ome/tile_y000000_x032768.tiff,/home/jake/Projects/cellprofiler_test/output/runs/life_history_target_vsi_v1/cell_measurements/summary.json,True,7.985719,0.107916,0.228623,191.088000,True,True,True,trim_outlier,False,False,False,0.702548,0.906567,0.969696,0.176899,1.512296,Process_440_green.ome.tiff::tile_y000000_x032768.tiff::22,17203.000000,616.000000,1.000000,0.993548,0.958997,0.041003,0.989304,1.786550,0.828670,0.000000,,,,,,,,,False,False,False,False,clean,,0.002641,0.019229,0.350980,unlabeled,,,,0.000000,0.000000,0.523725,0.476275,needs_review,0.966102,0.779661,0.779661,0.743220,0.796610,0.728814,size_nucleus_darkness,True,1.000000,0.000000,0.923364,41,,,5.516341,4.054133,7.191067,0.579460,0.753232,0.718026,0.000000,0.000000,0.000000,0.000000,0.000000,0.000000,0.000000,0.000000,0.000000,1.000000,0.977009,,,,,,1,1,model_ranked,unlabeled,
Process_442_green.ome.tiff,11,2923,42.091200,818.198200,0.279900,14728.000000,2583.000000,255,tile_y000000_x012288.tiff,0,12288,4096,4096,/home/jake/Projects/cellprofiler_test/output/runs/life_history_target_vsi_v1/imagej_nucleus_measurements/artifacts/Process_442_green.ome/macro_artifacts/tile_y000000_x012288__mask.tif,/home/jake/Projects/cellprofiler_test/output/runs/life_history_target_vsi_v1/imagej_nucleus_measurements/artifacts/Process_442_green.ome/macro_artifacts/tile_y000000_x012288__rois.zip,/home/jake/Projects/cellprofiler_test/output/runs/life_history_target_vsi_v1/imagej_nucleus_measurements/artifacts/Process_442_green.ome/tile_manifest.csv,/home/jake/Projects/cellprofiler_test/output/runs/life_history_target_vsi_v1/imagej_nucleus_measurements/artifacts/Process_442_green.ome/raw_imagej_results.csv,442,220830,D. wrighti,pmount,/home/jake/Projects/cellprofiler_test/output/runs/life_history_target_vsi_v1/staging/tiles/Process_442_green.ome/tile_y000000_x012288.tiff,,Process_442_green.ome.tiff::tile_y000000_x012288.tiff::11,/home/jake/Projects/cellprofiler_test/output/runs/life_history_target_vsi_v1/cell_measurements/masks/Process_442_green.ome/tile_y000000_x012288__filtered_labels.tiff,0.000000,12288.000000,4096.000000,4096.000000,True,True,True,6,0,roi_overlap_unique,0,0,0.000000,0,3062,3062,1.000000,1,Process_442_green.ome.tiff::tile_y000000_x012288.tiff::6,6.000000,17306.000000,249.206400,0.986603,0.760079,2789.341656,0.161178,2573.980000,14735.660000,255.000000,74.220421,/home/jake/Projects/cellprofiler_test/output/runs/life_history_target_vsi_v1/cell_measurements/tile_manifest.csv,/home/jake/Projects/cellprofiler_test/output/runs/life_history_target_vsi_v1/staging/tiles/Process_442_green.ome/tile_y000000_x012288.tiff,/home/jake/Projects/cellprofiler_test/output/runs/life_history_target_vsi_v1/cell_measurements/summary.json,True,11.833681,0.159440,0.168901,207.115200,True,True,True,,True,True,True,0.000000,0.000000,0.000000,0.000000,0.000000,Process_442_green.ome.tiff::tile_y000000_x012288.tiff::11,17306.000000,638.000000,0.993730,1.006309,0.966793,0.033207,0.986603,1.921912,0.853974,0.000000,,,,,,,,,False,False,False,False,clean,,0.004271,0.019493,0.274510,unlabeled,,,,0.000000,0.000000,0.930137,0.069863,auto_keep,0.983051,0.118644,0.118644,0.774576,0.559322,0.716102,size_nucleus_darkness,False,0.000000,1.000000,0.874581,25,,,5.522286,3.763319,6.708326,0.091899,0.116633,0.761448,0.000000,0.000000,0.000000,0.000000,0.000000,0.000000,0.000000,0.000000,0.000000,1.000000,0.962374,,,,,,1,2,model_ranked,unlabeled,
Process_440_green.ome.tiff,1,654,9.417600,93.073100,0.142300,33164.500000,8606.500000,255,tile_y008192_x032768.tiff,8192,32768,4096,4096,/home/jake/Projects/cellprofiler_test/output/runs/life_history_target_vsi_v1/imagej_nucleus_measurements/artifacts/Process_440_green.ome/macro_artifacts/tile_y008192_x032768__mask.tif,/home/jake/Projects/cellprofiler_test/output/runs/life_history_target_vsi_v1/imagej_nucleus_measurements/artifacts/Process_440_green.ome/macro_artifacts/tile_y008192_x032768__rois.zip,/home/jake/Projects/cellprofiler_test/output/runs/life_history_target_vsi_v1/imagej_nucleus_measurements/artifacts/Process_440_green.ome/tile_manifest.csv,/home/jake/Projects/cellprofiler_test/output/runs/life_history_target_vsi_v1/imagej_nucleus_measurements/artifacts/Process_440_green.ome/raw_imagej_results.csv,440,220829,D. wrighti,pmount,/home/jake/Projects/cellprofiler_test/output/runs/life_history_target_vsi_v1/staging/tiles/Process_440_green.ome/tile_y008192_x032768.tiff,,Process_440_green.ome.tiff::tile_y008192_x032768.tiff::1,/home/jake/Projects/cellprofiler_test/output/runs/life_history_target_vsi_v1/cell_measurements/masks/Process_440_green.ome/tile_y008192_x032768__filtered_labels.tiff,8192.000000,32768.000000,4096.000000,4096.000000,True,True,True,2,0,roi_overlap_unique,0,0,0.000000,0,728,594,0.815934,1,Process_440_green.ome.tiff::tile_y008192_x032768.tiff::2,2.000000,17599.000000,253.425600,0.987210,0.770679,2967.521114,0.168619,8524.400000,33183.510000,255.000000,74.846080,/home/jake/Projects/cellprofiler_test/output/runs/life_history_target_vsi_v1/cell_measurements/tile_manifest.csv,/home/jake/Projects/cellprofiler_test/output/runs/life_history_target_vsi_v1/staging/tiles/Process_440_green.ome/tile_y008192_x032768.tiff,/home/jake/Projects/cellprofiler_test/output/runs/life_history_target_vsi_v1/cell_measurements/summary.json,True,84.272119,1.125939,0.037161,244.008000,True,True,True,trim_outlier,False,False,False,0.751093,-0.696109,-0.633530,-1.282030,1.758883,Process_440_green.ome.tiff::tile_y008192_x032768.tiff::1,17599.000000,627.621320,0.997417,1.002590,0.980422,0.019578,0.987210,1.865123,0.844118,0.000000,,,,,,,,,False,False,False,False,clean,,0.002977,0.019989,0.298039,unlabeled,,,,0.000000,0.000000,0.664738,0.335262,needs_review,1.000000,0.033898,0.033898,0.755932,0.000000,0.730226,size_nucleus_darkness,True,0.000000,1.000000,0.870255,53,,,5.539008,2.343497,4.544072,0.025625,0.033898,0.755932,0.000000,0.000000,0.000000,0.000000,0.000000,0.000000,0.000000,0.000000,0.000000,1.000000,0.961077,,,,,,1,3,model_ranked,unlabeled,
Process_442_green.ome.tiff,1,3190,45.936000,913.001900,0.286200,13362.000000,603.500000,255,tile_y000000_x012288.tiff,0,12288,4096,4096,/home/jake/Projects/cellprofiler_test/output/runs/life_history_target_vsi_v1/imagej_nucleus_measurements/artifacts/Process_442_green.ome/macro_artifacts/tile_y000000_x012288__mask.tif,/home/jake/Projects/cellprofiler_test/output/runs/life_history_target_vsi_v1/imagej_nucleus_measurements/artifacts/Process_442_green.ome/macro_artifacts/tile_y000000_x012288__rois.zip,/home/jake/Projects/cellprofiler_test/output/runs/life_history_target_vsi_v1/imagej_nucleus_measurements/artifacts/Process_442_green.ome/tile_manifest.csv,/home/jake/Projects/cellprofiler_test/output/runs/life_history_target_vsi_v1/imagej_nucleus_measurements/artifacts/Process_442_green.ome/raw_imagej_results.csv,442,220830,D. wrighti,pmount,/home/jake/Projects/cellprofiler_test/output/runs/life_history_target_vsi_v1/staging/tiles/Process_442_green.ome/tile_y000000_x012288.tiff,,Process_442_green.ome.tiff::tile_y000000_x012288.tiff::1,/home/jake/Projects/cellprofiler_test/output/runs/life_history_target_vsi_v1/cell_measurements/masks/Process_442_green.ome/tile_y000000_x012288__filtered_labels.tiff,0.000000,12288.000000,4096.000000,4096.000000,True,True,True,1,0,roi_overlap_unique,0,0,0.000000,0,3328,3328,1.000000,1,Process_442_green.ome.tiff::tile_y000000_x012288.tiff::1,1.000000,13488.000000,194.227200,0.948523,0.428154,2637.961083,0.195578,613.100000,13365.730000,255.000000,65.523765,/home/jake/Projects/cellprofiler_test/output/runs/life_history_target_vsi_v1/cell_measurements/tile_manifest.csv,/home/jake/Projects/cellprofiler_test/output/runs/life_history_target_vsi_v1/staging/tiles/Process_442_green.ome/tile_y000000_x012288.tiff,/home/jake/Projects/cellprofiler_test/output/runs/life_history_target_vsi_v1/cell_measurements/summary.json,True,10.299170,0.157182,0.236507,148.291200,True,True,True,,True,True,True,0.000000,0.000000,0.000000,0.000000,0.000000,Process_442_green.ome.tiff::tile_y000000_x012288.tiff::1,13488.000000,730.656854,0.752747,1.328467,0.931430,0.068570,0.948523,1.723409,0.814442,0.000000,,,,,,,,,True,False,False,True,suspect,cell_jagged,0.004658,0.025193,0.341176,unlabeled,,,,0.000000,0.000000,0.001252,0.001252,auto_reject,0.949153,0.152542,0.152542,0.918644,0.576271,0.430791,size_nucleus_darkness,False,0.000000,1.000000,0.848964,26,,,5.274164,3.848785,6.817833,0.140132,0.144786,0.871934,0.000000,0.000000,0.000000,0.000000,0.000000,0.000000,0.000000,0.000000,0.000000,1.000000,0.954689,,,,,,1,4,model_ranked,unlabeled,
Process_440_green.ome.tiff,23,3006,43.286400,879.713500,0.292700,34625.000000,3565.500000,255,tile_y000000_x032768.tiff,0,32768,4096,4096,/home/jake/Projects/cellprofiler_test/output/runs/life_history_target_vsi_v1/imagej_nucleus_measurements/artifacts/Process_440_green.ome/macro_artifacts/tile_y000000_x032768__mask.tif,/home/jake/Projects/cellprofiler_test/output/runs/life_history_target_vsi_v1/imagej_nucleus_measurements/artifacts/Process_440_green.ome/macro_artifacts/tile_y000000_x032768__rois.zip,/home/jake/Projects/cellprofiler_test/output/runs/life_history_target_vsi_v1/imagej_nucleus_measurements/artifacts/Process_440_green.ome/tile_manifest.csv,/home/jake/Projects/cellprofiler_test/output/runs/life_history_target_vsi_v1/imagej_nucleus_measurements/artifacts/Process_440_green.ome/raw_imagej_results.csv,440,220829,D. wrighti,pmount,/home/jake/Projects/cellprofiler_test/output/runs/life_history_target_vsi_v1/staging/tiles/Process_440_green.ome/tile_y000000_x032768.tiff,,Process_440_green.ome.tiff::tile_y000000_x032768.tiff::23,/home/jake/Projects/cellprofiler_test/output/runs/life_history_target_vsi_v1/cell_measurements/masks/Process_440_green.ome/tile_y000000_x032768__filtered_labels.tiff,0.000000,32768.000000,4096.000000,4096.000000,True,True,True,73,0,roi_overlap_unique,0,0,0.000000,0,3146,3146,1.000000,1,Process_440_green.ome.tiff::tile_y000000_x032768.tiff::73,73.000000,12271.000000,176.702400,0.986098,0.705032,2196.889886,0.179031,3553.640000,34616.780000,255.000000,62.497845,/home/jake/Projects/cellprofiler_test/output/runs/life_history_target_vsi_v1/cell_measurements/tile_manifest.csv,/home/jake/Projects/cellprofiler_test/output/runs/life_history_target_vsi_v1/staging/tiles/Process_440_green.ome/tile_y000000_x032768.tiff,/home/jake/Projects/cellprofiler_test/output/runs/life_history_target_vsi_v1/cell_measurements/summary.json,True,14.430107,0.230890,0.244968,133.416000,True,True,True,,True,True,True,-0.018098,0.666447,0.721863,0.232349,1.009729,Process_440_green.ome.tiff::tile_y000000_x032768.tiff::23,12271.000000,584.414214,0.992447,1.007611,0.968657,0.031343,0.986098,2.323645,0.902658,0.000000,,,,,,,,,False,False,False,False,clean,,0.003980,0.023932,0.474510,unlabeled,,,,0.000000,0.000000,0.827783,0.172217,needs_review,0.932203,0.203390,0.203390,0.886441,0.305085,0.704802,size_nucleus_darkness,False,0.000000,1.000000,0.846529,27,,,5.180110,3.790678,6.780732,0.180293,0.189601,0.826343,0.000000,0.000000,0.000000,0.000000,0.000000,0.000000,0.000000,0.000000,0.000000,1.000000,0.953959,,,,,,1,5,model_ranked,unlabeled,
