id,decision,decision_source,species,rank,review_key,filename,tile_name
"amphileucus-0001","keep","initial_default","D. amphileucus","1","Process_337_raw_green.ome.tiff::tile_y040960_x094208.tiff::70","Process_337_raw_green.ome.tiff","tile_y040960_x094208.tiff"
"amphileucus-0002","keep","initial_default","D. amphileucus","2","Process_337_raw_green.ome.tiff::tile_y020480_x016384.tiff::34","Process_337_raw_green.ome.tiff","tile_y020480_x016384.tiff"
"amphileucus-0003","keep","initial_default","D. amphileucus","3","Process_337_raw_green.ome.tiff::tile_y032768_x040960.tiff::109","Process_337_raw_green.ome.tiff","tile_y032768_x040960.tiff"
"amphileucus-0004","keep","initial_default","D. amphileucus","4","Process_338_raw_green.ome.tiff::tile_y008192_x086016.tiff::19","Process_338_raw_green.ome.tiff","tile_y008192_x086016.tiff"
"amphileucus-0005","keep","initial_default","D. amphileucus","5","Process_337_raw_green.ome.tiff::tile_y045056_x049152.tiff::13","Process_337_raw_green.ome.tiff","tile_y045056_x049152.tiff"
"amphileucus-0006","keep","initial_default","D. amphileucus","6","Process_338_raw_green.ome.tiff::tile_y040960_x106496.tiff::160","Process_338_raw_green.ome.tiff","tile_y040960_x106496.tiff"
"amphileucus-0007","keep","initial_default","D. amphileucus","7","Process_337_raw_green.ome.tiff::tile_y032768_x040960.tiff::65","Process_337_raw_green.ome.tiff","tile_y032768_x040960.tiff"
"amphileucus-0008","keep","initial_default","D. amphileucus","8","Process_338_raw_green.ome.tiff::tile_y040960_x106496.tiff::184","Process_338_raw_green.ome.tiff","tile_y040960_x106496.tiff"
"amphileucus-0009","keep","initial_default","D. amphileucus","9","Process_337_raw_green.ome.tiff::tile_y040960_x094208.tiff::96","Process_337_raw_green.ome.tiff","tile_y040960_x094208.tiff"
"amphileucus-0010","keep","initial_default","D. amphileucus","10","Process_337_raw_green.ome.tiff::tile_y020480_x094208.tiff::45","Process_337_raw_green.ome.tiff","tile_y020480_x094208.tiff"
"amphileucus-0011","keep","initial_default","D. amphileucus","11","Process_337_raw_green.ome.tiff::tile_y040960_x094208.tiff::7","Process_337_raw_green.ome.tiff","tile_y040960_x094208.tiff"
"amphileucus-0012","keep","initial_default","D. amphileucus","12","Process_338_raw_green.ome.tiff::tile_y040960_x106496.tiff::215","Process_338_raw_green.ome.tiff","tile_y040960_x106496.tiff"
"amphileucus-0013","keep","initial_default","D. amphileucus","13","Process_338_raw_green.ome.tiff::tile_y008192_x081920.tiff::10","Process_338_raw_green.ome.tiff","tile_y008192_x081920.tiff"
"amphileucus-0014","keep","initial_default","D. amphileucus","14","Process_337_raw_green.ome.tiff::tile_y045056_x049152.tiff::118","Process_337_raw_green.ome.tiff","tile_y045056_x049152.tiff"
"amphileucus-0015","keep","initial_default","D. amphileucus","15","Process_338_raw_green.ome.tiff::tile_y040960_x106496.tiff::176","Process_338_raw_green.ome.tiff","tile_y040960_x106496.tiff"
"amphileucus-0016","keep","initial_default","D. amphileucus","16","Process_338_raw_green.ome.tiff::tile_y040960_x106496.tiff::128","Process_338_raw_green.ome.tiff","tile_y040960_x106496.tiff"
"amphileucus-0017","keep","initial_default","D. amphileucus","17","Process_338_raw_green.ome.tiff::tile_y008192_x081920.tiff::44","Process_338_raw_green.ome.tiff","tile_y008192_x081920.tiff"
"amphileucus-0018","keep","initial_default","D. amphileucus","18","Process_337_raw_green.ome.tiff::tile_y020480_x094208.tiff::124","Process_337_raw_green.ome.tiff","tile_y020480_x094208.tiff"
"amphileucus-0019","keep","initial_default","D. amphileucus","19","Process_337_raw_green.ome.tiff::tile_y032768_x040960.tiff::15","Process_337_raw_green.ome.tiff","tile_y032768_x040960.tiff"
"amphileucus-0020","keep","initial_default","D. amphileucus","20","Process_338_raw_green.ome.tiff::tile_y040960_x106496.tiff::57","Process_338_raw_green.ome.tiff","tile_y040960_x106496.tiff"
"amphileucus-0021","keep","initial_default","D. amphileucus","22","Process_337_raw_green.ome.tiff::tile_y020480_x094208.tiff::132","Process_337_raw_green.ome.tiff","tile_y020480_x094208.tiff"
"amphileucus-0022","keep","initial_default","D. amphileucus","23","Process_338_raw_green.ome.tiff::tile_y040960_x106496.tiff::187","Process_338_raw_green.ome.tiff","tile_y040960_x106496.tiff"
"amphileucus-0023","keep","initial_default","D. amphileucus","24","Process_338_raw_green.ome.tiff::tile_y040960_x106496.tiff::203","Process_338_raw_green.ome.tiff","tile_y040960_x106496.tiff"
"amphileucus-0024","keep","initial_default","D. amphileucus","25","Process_337_raw_green.ome.tiff::tile_y045056_x049152.tiff::97","Process_337_raw_green.ome.tiff","tile_y045056_x049152.tiff"
"amphileucus-0025","keep","initial_default","D. amphileucus","26","Process_337_raw_green.ome.tiff::tile_y020480_x094208.tiff::83","Process_337_raw_green.ome.tiff","tile_y020480_x094208.tiff"
"amphileucus-0026","keep","initial_default","D. amphileucus","27","Process_338_raw_green.ome.tiff::tile_y040960_x106496.tiff::216","Process_338_raw_green.ome.tiff","tile_y040960_x106496.tiff"
"amphileucus-0027","keep","initial_default","D. amphileucus","28","Process_338_raw_green.ome.tiff::tile_y040960_x106496.tiff::132","Process_338_raw_green.ome.tiff","tile_y040960_x106496.tiff"
"amphileucus-0028","keep","initial_default","D. amphileucus","29","Process_337_raw_green.ome.tiff::tile_y045056_x049152.tiff::122","Process_337_raw_green.ome.tiff","tile_y045056_x049152.tiff"
"amphileucus-0029","keep","initial_default","D. amphileucus","30","Process_337_raw_green.ome.tiff::tile_y032768_x040960.tiff::62","Process_337_raw_green.ome.tiff","tile_y032768_x040960.tiff"
"amphileucus-0030","keep","initial_default","D. amphileucus","31","Process_338_raw_green.ome.tiff::tile_y040960_x106496.tiff::143","Process_338_raw_green.ome.tiff","tile_y040960_x106496.tiff"
"amphileucus-0031","keep","initial_default","D. amphileucus","32","Process_338_raw_green.ome.tiff::tile_y008192_x086016.tiff::66","Process_338_raw_green.ome.tiff","tile_y008192_x086016.tiff"
"amphileucus-0032","keep","initial_default","D. amphileucus","33","Process_337_raw_green.ome.tiff::tile_y020480_x094208.tiff::105","Process_337_raw_green.ome.tiff","tile_y020480_x094208.tiff"
"amphileucus-0033","keep","initial_default","D. amphileucus","34","Process_337_raw_green.ome.tiff::tile_y032768_x040960.tiff::76","Process_337_raw_green.ome.tiff","tile_y032768_x040960.tiff"
"amphileucus-0034","keep","initial_default","D. amphileucus","35","Process_337_raw_green.ome.tiff::tile_y020480_x094208.tiff::115","Process_337_raw_green.ome.tiff","tile_y020480_x094208.tiff"
"amphileucus-0035","keep","initial_default","D. amphileucus","36","Process_337_raw_green.ome.tiff::tile_y045056_x049152.tiff::16","Process_337_raw_green.ome.tiff","tile_y045056_x049152.tiff"
"amphileucus-0036","keep","initial_default","D. amphileucus","37","Process_338_raw_green.ome.tiff::tile_y008192_x081920.tiff::25","Process_338_raw_green.ome.tiff","tile_y008192_x081920.tiff"
"amphileucus-0037","keep","initial_default","D. amphileucus","38","Process_337_raw_green.ome.tiff::tile_y020480_x016384.tiff::19","Process_337_raw_green.ome.tiff","tile_y020480_x016384.tiff"
"amphileucus-0038","keep","initial_default","D. amphileucus","39","Process_337_raw_green.ome.tiff::tile_y045056_x049152.tiff::81","Process_337_raw_green.ome.tiff","tile_y045056_x049152.tiff"
"amphileucus-0039","keep","initial_default","D. amphileucus","40","Process_338_raw_green.ome.tiff::tile_y008192_x081920.tiff::18","Process_338_raw_green.ome.tiff","tile_y008192_x081920.tiff"
"amphileucus-0040","keep","initial_default","D. amphileucus","41","Process_337_raw_green.ome.tiff::tile_y032768_x040960.tiff::38","Process_337_raw_green.ome.tiff","tile_y032768_x040960.tiff"
"amphileucus-0041","keep","initial_default","D. amphileucus","42","Process_338_raw_green.ome.tiff::tile_y040960_x106496.tiff::99","Process_338_raw_green.ome.tiff","tile_y040960_x106496.tiff"
"amphileucus-0042","keep","initial_default","D. amphileucus","43","Process_338_raw_green.ome.tiff::tile_y008192_x081920.tiff::19","Process_338_raw_green.ome.tiff","tile_y008192_x081920.tiff"
"amphileucus-0043","keep","initial_default","D. amphileucus","44","Process_338_raw_green.ome.tiff::tile_y040960_x106496.tiff::35","Process_338_raw_green.ome.tiff","tile_y040960_x106496.tiff"
"amphileucus-0044","keep","initial_default","D. amphileucus","45","Process_338_raw_green.ome.tiff::tile_y008192_x081920.tiff::68","Process_338_raw_green.ome.tiff","tile_y008192_x081920.tiff"
"amphileucus-0045","keep","initial_default","D. amphileucus","46","Process_338_raw_green.ome.tiff::tile_y008192_x081920.tiff::29","Process_338_raw_green.ome.tiff","tile_y008192_x081920.tiff"
"amphileucus-0046","keep","initial_default","D. amphileucus","47","Process_337_raw_green.ome.tiff::tile_y040960_x094208.tiff::107","Process_337_raw_green.ome.tiff","tile_y040960_x094208.tiff"
"amphileucus-0047","keep","initial_default","D. amphileucus","48","Process_337_raw_green.ome.tiff::tile_y040960_x094208.tiff::59","Process_337_raw_green.ome.tiff","tile_y040960_x094208.tiff"
"amphileucus-0048","keep","initial_default","D. amphileucus","49","Process_338_raw_green.ome.tiff::tile_y040960_x106496.tiff::113","Process_338_raw_green.ome.tiff","tile_y040960_x106496.tiff"
"amphileucus-0049","keep","initial_default","D. amphileucus","50","Process_337_raw_green.ome.tiff::tile_y045056_x049152.tiff::120","Process_337_raw_green.ome.tiff","tile_y045056_x049152.tiff"
"amphileucus-0050","keep","initial_default","D. amphileucus","51","Process_338_raw_green.ome.tiff::tile_y008192_x081920.tiff::38","Process_338_raw_green.ome.tiff","tile_y008192_x081920.tiff"
"anicetus-0051","keep","initial_default","D. anicetus","1","Process_343_raw_green.ome.tiff::tile_y045056_x040960.tiff::76","Process_343_raw_green.ome.tiff","tile_y045056_x040960.tiff"
"anicetus-0052","keep","initial_default","D. anicetus","2","Process_343_raw_green.ome.tiff::tile_y045056_x053248.tiff::17","Process_343_raw_green.ome.tiff","tile_y045056_x053248.tiff"
"anicetus-0053","keep","initial_default","D. anicetus","3","Process_343_raw_green.ome.tiff::tile_y045056_x045056.tiff::22","Process_343_raw_green.ome.tiff","tile_y045056_x045056.tiff"
"anicetus-0054","keep","initial_default","D. anicetus","4","Process_343_raw_green.ome.tiff::tile_y045056_x053248.tiff::23","Process_343_raw_green.ome.tiff","tile_y045056_x053248.tiff"
"anicetus-0055","keep","initial_default","D. anicetus","5","Process_343_raw_green.ome.tiff::tile_y045056_x045056.tiff::3","Process_343_raw_green.ome.tiff","tile_y045056_x045056.tiff"
"anicetus-0056","keep","initial_default","D. anicetus","6","Process_343_raw_green.ome.tiff::tile_y045056_x045056.tiff::67","Process_343_raw_green.ome.tiff","tile_y045056_x045056.tiff"
"anicetus-0057","keep","initial_default","D. anicetus","8","Process_343_raw_green.ome.tiff::tile_y045056_x040960.tiff::43","Process_343_raw_green.ome.tiff","tile_y045056_x040960.tiff"
"anicetus-0058","keep","initial_default","D. anicetus","9","Process_343_raw_green.ome.tiff::tile_y045056_x040960.tiff::28","Process_343_raw_green.ome.tiff","tile_y045056_x040960.tiff"
"anicetus-0059","keep","initial_default","D. anicetus","10","Process_343_raw_green.ome.tiff::tile_y040960_x012288.tiff::68","Process_343_raw_green.ome.tiff","tile_y040960_x012288.tiff"
"anicetus-0060","keep","initial_default","D. anicetus","11","Process_343_raw_green.ome.tiff::tile_y045056_x040960.tiff::1","Process_343_raw_green.ome.tiff","tile_y045056_x040960.tiff"
"anicetus-0061","keep","initial_default","D. anicetus","12","Process_343_raw_green.ome.tiff::tile_y045056_x045056.tiff::54","Process_343_raw_green.ome.tiff","tile_y045056_x045056.tiff"
"anicetus-0062","keep","initial_default","D. anicetus","13","Process_343_raw_green.ome.tiff::tile_y045056_x045056.tiff::42","Process_343_raw_green.ome.tiff","tile_y045056_x045056.tiff"
"anicetus-0063","keep","initial_default","D. anicetus","14","Process_343_raw_green.ome.tiff::tile_y045056_x040960.tiff::4","Process_343_raw_green.ome.tiff","tile_y045056_x040960.tiff"
"anicetus-0064","keep","initial_default","D. anicetus","15","Process_343_raw_green.ome.tiff::tile_y045056_x045056.tiff::32","Process_343_raw_green.ome.tiff","tile_y045056_x045056.tiff"
"anicetus-0065","keep","initial_default","D. anicetus","16","Process_343_raw_green.ome.tiff::tile_y040960_x012288.tiff::59","Process_343_raw_green.ome.tiff","tile_y040960_x012288.tiff"
"anicetus-0066","keep","initial_default","D. anicetus","17","Process_343_raw_green.ome.tiff::tile_y045056_x040960.tiff::69","Process_343_raw_green.ome.tiff","tile_y045056_x040960.tiff"
"anicetus-0067","keep","initial_default","D. anicetus","18","Process_343_raw_green.ome.tiff::tile_y040960_x012288.tiff::71","Process_343_raw_green.ome.tiff","tile_y040960_x012288.tiff"
"anicetus-0068","keep","initial_default","D. anicetus","19","Process_343_raw_green.ome.tiff::tile_y040960_x012288.tiff::1","Process_343_raw_green.ome.tiff","tile_y040960_x012288.tiff"
"anicetus-0069","keep","initial_default","D. anicetus","20","Process_343_raw_green.ome.tiff::tile_y045056_x045056.tiff::24","Process_343_raw_green.ome.tiff","tile_y045056_x045056.tiff"
"anicetus-0070","keep","initial_default","D. anicetus","21","Process_343_raw_green.ome.tiff::tile_y012288_x036864.tiff::29","Process_343_raw_green.ome.tiff","tile_y012288_x036864.tiff"
"anicetus-0071","keep","initial_default","D. anicetus","22","Process_343_raw_green.ome.tiff::tile_y045056_x045056.tiff::13","Process_343_raw_green.ome.tiff","tile_y045056_x045056.tiff"
"anicetus-0072","keep","initial_default","D. anicetus","23","Process_343_raw_green.ome.tiff::tile_y040960_x012288.tiff::90","Process_343_raw_green.ome.tiff","tile_y040960_x012288.tiff"
"anicetus-0073","keep","initial_default","D. anicetus","24","Process_343_raw_green.ome.tiff::tile_y040960_x012288.tiff::15","Process_343_raw_green.ome.tiff","tile_y040960_x012288.tiff"
"anicetus-0074","keep","initial_default","D. anicetus","25","Process_343_raw_green.ome.tiff::tile_y045056_x053248.tiff::24","Process_343_raw_green.ome.tiff","tile_y045056_x053248.tiff"
"anicetus-0075","keep","initial_default","D. anicetus","26","Process_343_raw_green.ome.tiff::tile_y045056_x053248.tiff::8","Process_343_raw_green.ome.tiff","tile_y045056_x053248.tiff"
"anicetus-0076","keep","initial_default","D. anicetus","27","Process_343_raw_green.ome.tiff::tile_y045056_x040960.tiff::83","Process_343_raw_green.ome.tiff","tile_y045056_x040960.tiff"
"anicetus-0077","keep","initial_default","D. anicetus","28","Process_343_raw_green.ome.tiff::tile_y045056_x045056.tiff::55","Process_343_raw_green.ome.tiff","tile_y045056_x045056.tiff"
"anicetus-0078","keep","initial_default","D. anicetus","29","Process_343_raw_green.ome.tiff::tile_y012288_x036864.tiff::19","Process_343_raw_green.ome.tiff","tile_y012288_x036864.tiff"
"anicetus-0079","keep","initial_default","D. anicetus","30","Process_343_raw_green.ome.tiff::tile_y012288_x036864.tiff::32","Process_343_raw_green.ome.tiff","tile_y012288_x036864.tiff"
"anicetus-0080","keep","initial_default","D. anicetus","31","Process_343_raw_green.ome.tiff::tile_y045056_x040960.tiff::67","Process_343_raw_green.ome.tiff","tile_y045056_x040960.tiff"
"anicetus-0081","keep","initial_default","D. anicetus","32","Process_343_raw_green.ome.tiff::tile_y012288_x036864.tiff::34","Process_343_raw_green.ome.tiff","tile_y012288_x036864.tiff"
"anicetus-0082","keep","initial_default","D. anicetus","33","Process_343_raw_green.ome.tiff::tile_y040960_x012288.tiff::11","Process_343_raw_green.ome.tiff","tile_y040960_x012288.tiff"
"anicetus-0083","keep","initial_default","D. anicetus","34","Process_343_raw_green.ome.tiff::tile_y045056_x045056.tiff::44","Process_343_raw_green.ome.tiff","tile_y045056_x045056.tiff"
"anicetus-0084","keep","initial_default","D. anicetus","35","Process_343_raw_green.ome.tiff::tile_y040960_x012288.tiff::53","Process_343_raw_green.ome.tiff","tile_y040960_x012288.tiff"
"anicetus-0085","keep","initial_default","D. anicetus","36","Process_343_raw_green.ome.tiff::tile_y045056_x053248.tiff::21","Process_343_raw_green.ome.tiff","tile_y045056_x053248.tiff"
"anicetus-0086","keep","initial_default","D. anicetus","37","Process_343_raw_green.ome.tiff::tile_y045056_x045056.tiff::62","Process_343_raw_green.ome.tiff","tile_y045056_x045056.tiff"
"anicetus-0087","keep","initial_default","D. anicetus","38","Process_343_raw_green.ome.tiff::tile_y045056_x040960.tiff::40","Process_343_raw_green.ome.tiff","tile_y045056_x040960.tiff"
"anicetus-0088","keep","initial_default","D. anicetus","39","Process_343_raw_green.ome.tiff::tile_y040960_x012288.tiff::118","Process_343_raw_green.ome.tiff","tile_y040960_x012288.tiff"
"anicetus-0089","keep","initial_default","D. anicetus","40","Process_343_raw_green.ome.tiff::tile_y040960_x012288.tiff::54","Process_343_raw_green.ome.tiff","tile_y040960_x012288.tiff"
"anicetus-0090","keep","initial_default","D. anicetus","41","Process_343_raw_green.ome.tiff::tile_y045056_x040960.tiff::24","Process_343_raw_green.ome.tiff","tile_y045056_x040960.tiff"
"anicetus-0091","keep","initial_default","D. anicetus","42","Process_343_raw_green.ome.tiff::tile_y045056_x040960.tiff::77","Process_343_raw_green.ome.tiff","tile_y045056_x040960.tiff"
"anicetus-0092","keep","initial_default","D. anicetus","43","Process_343_raw_green.ome.tiff::tile_y040960_x012288.tiff::57","Process_343_raw_green.ome.tiff","tile_y040960_x012288.tiff"
"anicetus-0093","keep","initial_default","D. anicetus","44","Process_343_raw_green.ome.tiff::tile_y045056_x040960.tiff::68","Process_343_raw_green.ome.tiff","tile_y045056_x040960.tiff"
"anicetus-0094","keep","initial_default","D. anicetus","45","Process_343_raw_green.ome.tiff::tile_y045056_x040960.tiff::54","Process_343_raw_green.ome.tiff","tile_y045056_x040960.tiff"
"anicetus-0095","keep","initial_default","D. anicetus","46","Process_343_raw_green.ome.tiff::tile_y012288_x036864.tiff::35","Process_343_raw_green.ome.tiff","tile_y012288_x036864.tiff"
"anicetus-0096","keep","initial_default","D. anicetus","47","Process_343_raw_green.ome.tiff::tile_y040960_x012288.tiff::83","Process_343_raw_green.ome.tiff","tile_y040960_x012288.tiff"
"anicetus-0097","keep","initial_default","D. anicetus","48","Process_343_raw_green.ome.tiff::tile_y045056_x040960.tiff::20","Process_343_raw_green.ome.tiff","tile_y045056_x040960.tiff"
"anicetus-0098","keep","initial_default","D. anicetus","49","Process_343_raw_green.ome.tiff::tile_y040960_x012288.tiff::14","Process_343_raw_green.ome.tiff","tile_y040960_x012288.tiff"
"anicetus-0099","keep","initial_default","D. anicetus","50","Process_343_raw_green.ome.tiff::tile_y012288_x036864.tiff::18","Process_343_raw_green.ome.tiff","tile_y012288_x036864.tiff"
"anicetus-0100","keep","initial_default","D. anicetus","51","Process_343_raw_green.ome.tiff::tile_y045056_x045056.tiff::45","Process_343_raw_green.ome.tiff","tile_y045056_x045056.tiff"
"apalachicolae-0101","keep","initial_default","D. apalachicolae","1","Process_356_raw_green.ome.tiff::tile_y032768_x016384.tiff::2","Process_356_raw_green.ome.tiff","tile_y032768_x016384.tiff"
"apalachicolae-0102","keep","initial_default","D. apalachicolae","2","Process_356_raw_green.ome.tiff::tile_y008192_x036864.tiff::38","Process_356_raw_green.ome.tiff","tile_y008192_x036864.tiff"
"apalachicolae-0103","keep","initial_default","D. apalachicolae","3","Process_356_raw_green.ome.tiff::tile_y016384_x012288.tiff::1","Process_356_raw_green.ome.tiff","tile_y016384_x012288.tiff"
"apalachicolae-0104","keep","initial_default","D. apalachicolae","5","Process_356_raw_green.ome.tiff::tile_y032768_x024576.tiff::23","Process_356_raw_green.ome.tiff","tile_y032768_x024576.tiff"
"apalachicolae-0105","keep","initial_default","D. apalachicolae","7","Process_356_raw_green.ome.tiff::tile_y000000_x012288.tiff::1","Process_356_raw_green.ome.tiff","tile_y000000_x012288.tiff"
"apalachicolae-0106","keep","initial_default","D. apalachicolae","8","Process_356_raw_green.ome.tiff::tile_y028672_x008192.tiff::41","Process_356_raw_green.ome.tiff","tile_y028672_x008192.tiff"
"apalachicolae-0107","keep","initial_default","D. apalachicolae","9","Process_356_raw_green.ome.tiff::tile_y008192_x036864.tiff::10","Process_356_raw_green.ome.tiff","tile_y008192_x036864.tiff"
"apalachicolae-0108","keep","initial_default","D. apalachicolae","11","Process_356_raw_green.ome.tiff::tile_y032768_x024576.tiff::27","Process_356_raw_green.ome.tiff","tile_y032768_x024576.tiff"
"apalachicolae-0109","keep","initial_default","D. apalachicolae","12","Process_356_raw_green.ome.tiff::tile_y020480_x004096.tiff::31","Process_356_raw_green.ome.tiff","tile_y020480_x004096.tiff"
"apalachicolae-0110","keep","initial_default","D. apalachicolae","13","Process_356_raw_green.ome.tiff::tile_y020480_x004096.tiff::16","Process_356_raw_green.ome.tiff","tile_y020480_x004096.tiff"
"apalachicolae-0111","keep","initial_default","D. apalachicolae","14","Process_356_raw_green.ome.tiff::tile_y016384_x012288.tiff::23","Process_356_raw_green.ome.tiff","tile_y016384_x012288.tiff"
"apalachicolae-0112","keep","initial_default","D. apalachicolae","16","Process_356_raw_green.ome.tiff::tile_y024576_x032768.tiff::15","Process_356_raw_green.ome.tiff","tile_y024576_x032768.tiff"
"apalachicolae-0113","keep","initial_default","D. apalachicolae","17","Process_356_raw_green.ome.tiff::tile_y028672_x008192.tiff::20","Process_356_raw_green.ome.tiff","tile_y028672_x008192.tiff"
"apalachicolae-0114","keep","initial_default","D. apalachicolae","18","Process_356_raw_green.ome.tiff::tile_y000000_x028672.tiff::7","Process_356_raw_green.ome.tiff","tile_y000000_x028672.tiff"
"apalachicolae-0115","keep","initial_default","D. apalachicolae","19","Process_356_raw_green.ome.tiff::tile_y008192_x036864.tiff::30","Process_356_raw_green.ome.tiff","tile_y008192_x036864.tiff"
"apalachicolae-0116","keep","initial_default","D. apalachicolae","20","Process_356_raw_green.ome.tiff::tile_y016384_x012288.tiff::12","Process_356_raw_green.ome.tiff","tile_y016384_x012288.tiff"
"apalachicolae-0117","keep","initial_default","D. apalachicolae","21","Process_356_raw_green.ome.tiff::tile_y008192_x036864.tiff::12","Process_356_raw_green.ome.tiff","tile_y008192_x036864.tiff"
"apalachicolae-0118","keep","initial_default","D. apalachicolae","22","Process_356_raw_green.ome.tiff::tile_y008192_x036864.tiff::27","Process_356_raw_green.ome.tiff","tile_y008192_x036864.tiff"
"apalachicolae-0119","keep","initial_default","D. apalachicolae","23","Process_356_raw_green.ome.tiff::tile_y008192_x036864.tiff::50","Process_356_raw_green.ome.tiff","tile_y008192_x036864.tiff"
"apalachicolae-0120","keep","initial_default","D. apalachicolae","24","Process_356_raw_green.ome.tiff::tile_y024576_x032768.tiff::9","Process_356_raw_green.ome.tiff","tile_y024576_x032768.tiff"
"apalachicolae-0121","keep","initial_default","D. apalachicolae","25","Process_356_raw_green.ome.tiff::tile_y020480_x004096.tiff::4","Process_356_raw_green.ome.tiff","tile_y020480_x004096.tiff"
"apalachicolae-0122","keep","initial_default","D. apalachicolae","26","Process_356_raw_green.ome.tiff::tile_y016384_x012288.tiff::31","Process_356_raw_green.ome.tiff","tile_y016384_x012288.tiff"
"apalachicolae-0123","keep","initial_default","D. apalachicolae","27","Process_356_raw_green.ome.tiff::tile_y016384_x004096.tiff::1","Process_356_raw_green.ome.tiff","tile_y016384_x004096.tiff"
"apalachicolae-0124","keep","initial_default","D. apalachicolae","28","Process_356_raw_green.ome.tiff::tile_y008192_x036864.tiff::8","Process_356_raw_green.ome.tiff","tile_y008192_x036864.tiff"
"apalachicolae-0125","keep","initial_default","D. apalachicolae","29","Process_356_raw_green.ome.tiff::tile_y028672_x008192.tiff::28","Process_356_raw_green.ome.tiff","tile_y028672_x008192.tiff"
"apalachicolae-0126","keep","initial_default","D. apalachicolae","30","Process_356_raw_green.ome.tiff::tile_y032768_x024576.tiff::65","Process_356_raw_green.ome.tiff","tile_y032768_x024576.tiff"
"apalachicolae-0127","keep","initial_default","D. apalachicolae","31","Process_356_raw_green.ome.tiff::tile_y028672_x008192.tiff::18","Process_356_raw_green.ome.tiff","tile_y028672_x008192.tiff"
"apalachicolae-0128","keep","initial_default","D. apalachicolae","32","Process_356_raw_green.ome.tiff::tile_y028672_x008192.tiff::16","Process_356_raw_green.ome.tiff","tile_y028672_x008192.tiff"
"apalachicolae-0129","keep","initial_default","D. apalachicolae","33","Process_356_raw_green.ome.tiff::tile_y020480_x004096.tiff::7","Process_356_raw_green.ome.tiff","tile_y020480_x004096.tiff"
"apalachicolae-0130","keep","initial_default","D. apalachicolae","34","Process_356_raw_green.ome.tiff::tile_y032768_x024576.tiff::29","Process_356_raw_green.ome.tiff","tile_y032768_x024576.tiff"
"apalachicolae-0131","keep","initial_default","D. apalachicolae","35","Process_356_raw_green.ome.tiff::tile_y016384_x012288.tiff::15","Process_356_raw_green.ome.tiff","tile_y016384_x012288.tiff"
"apalachicolae-0132","keep","initial_default","D. apalachicolae","36","Process_356_raw_green.ome.tiff::tile_y028672_x008192.tiff::27","Process_356_raw_green.ome.tiff","tile_y028672_x008192.tiff"
"apalachicolae-0133","keep","initial_default","D. apalachicolae","37","Process_356_raw_green.ome.tiff::tile_y020480_x004096.tiff::26","Process_356_raw_green.ome.tiff","tile_y020480_x004096.tiff"
"apalachicolae-0134","keep","initial_default","D. apalachicolae","38","Process_356_raw_green.ome.tiff::tile_y016384_x012288.tiff::5","Process_356_raw_green.ome.tiff","tile_y016384_x012288.tiff"
"apalachicolae-0135","keep","initial_default","D. apalachicolae","39","Process_356_raw_green.ome.tiff::tile_y008192_x036864.tiff::26","Process_356_raw_green.ome.tiff","tile_y008192_x036864.tiff"
"apalachicolae-0136","keep","initial_default","D. apalachicolae","40","Process_356_raw_green.ome.tiff::tile_y020480_x004096.tiff::18","Process_356_raw_green.ome.tiff","tile_y020480_x004096.tiff"
"apalachicolae-0137","keep","initial_default","D. apalachicolae","41","Process_356_raw_green.ome.tiff::tile_y024576_x032768.tiff::12","Process_356_raw_green.ome.tiff","tile_y024576_x032768.tiff"
"apalachicolae-0138","keep","initial_default","D. apalachicolae","42","Process_356_raw_green.ome.tiff::tile_y016384_x012288.tiff::4","Process_356_raw_green.ome.tiff","tile_y016384_x012288.tiff"
"apalachicolae-0139","keep","initial_default","D. apalachicolae","43","Process_356_raw_green.ome.tiff::tile_y032768_x016384.tiff::11","Process_356_raw_green.ome.tiff","tile_y032768_x016384.tiff"
"apalachicolae-0140","keep","initial_default","D. apalachicolae","44","Process_356_raw_green.ome.tiff::tile_y008192_x036864.tiff::22","Process_356_raw_green.ome.tiff","tile_y008192_x036864.tiff"
"apalachicolae-0141","keep","initial_default","D. apalachicolae","45","Process_356_raw_green.ome.tiff::tile_y032768_x016384.tiff::27","Process_356_raw_green.ome.tiff","tile_y032768_x016384.tiff"
"apalachicolae-0142","keep","initial_default","D. apalachicolae","46","Process_356_raw_green.ome.tiff::tile_y020480_x000000.tiff::3","Process_356_raw_green.ome.tiff","tile_y020480_x000000.tiff"
"apalachicolae-0143","keep","initial_default","D. apalachicolae","47","Process_356_raw_green.ome.tiff::tile_y032768_x016384.tiff::1","Process_356_raw_green.ome.tiff","tile_y032768_x016384.tiff"
"apalachicolae-0144","keep","initial_default","D. apalachicolae","48","Process_356_raw_green.ome.tiff::tile_y028672_x008192.tiff::42","Process_356_raw_green.ome.tiff","tile_y028672_x008192.tiff"
"apalachicolae-0145","keep","initial_default","D. apalachicolae","49","Process_356_raw_green.ome.tiff::tile_y008192_x036864.tiff::3","Process_356_raw_green.ome.tiff","tile_y008192_x036864.tiff"
"apalachicolae-0146","keep","initial_default","D. apalachicolae","50","Process_356_raw_green.ome.tiff::tile_y016384_x012288.tiff::37","Process_356_raw_green.ome.tiff","tile_y016384_x012288.tiff"
"apalachicolae-0147","keep","initial_default","D. apalachicolae","51","Process_356_raw_green.ome.tiff::tile_y032768_x024576.tiff::21","Process_356_raw_green.ome.tiff","tile_y032768_x024576.tiff"
"apalachicolae-0148","keep","initial_default","D. apalachicolae","52","Process_356_raw_green.ome.tiff::tile_y008192_x036864.tiff::28","Process_356_raw_green.ome.tiff","tile_y008192_x036864.tiff"
"apalachicolae-0149","keep","initial_default","D. apalachicolae","53","Process_356_raw_green.ome.tiff::tile_y016384_x012288.tiff::32","Process_356_raw_green.ome.tiff","tile_y016384_x012288.tiff"
"apalachicolae-0150","keep","initial_default","D. apalachicolae","54","Process_356_raw_green.ome.tiff::tile_y032768_x024576.tiff::59","Process_356_raw_green.ome.tiff","tile_y032768_x024576.tiff"
"auriculatus-0151","keep","initial_default","D. auriculatus","2","Process_331_raw_green.ome.tiff::tile_y008192_x061440.tiff::102","Process_331_raw_green.ome.tiff","tile_y008192_x061440.tiff"
"auriculatus-0152","keep","initial_default","D. auriculatus","3","Process_331_raw_green.ome.tiff::tile_y000000_x008192.tiff::148","Process_331_raw_green.ome.tiff","tile_y000000_x008192.tiff"
"auriculatus-0153","keep","initial_default","D. auriculatus","4","Process_331_raw_green.ome.tiff::tile_y008192_x061440.tiff::99","Process_331_raw_green.ome.tiff","tile_y008192_x061440.tiff"
"auriculatus-0154","keep","initial_default","D. auriculatus","5","Process_331_raw_green.ome.tiff::tile_y020480_x040960.tiff::213","Process_331_raw_green.ome.tiff","tile_y020480_x040960.tiff"
"auriculatus-0155","keep","initial_default","D. auriculatus","6","Process_331_raw_green.ome.tiff::tile_y020480_x040960.tiff::77","Process_331_raw_green.ome.tiff","tile_y020480_x040960.tiff"
"auriculatus-0156","keep","initial_default","D. auriculatus","8","Process_331_raw_green.ome.tiff::tile_y000000_x008192.tiff::21","Process_331_raw_green.ome.tiff","tile_y000000_x008192.tiff"
"auriculatus-0157","keep","initial_default","D. auriculatus","9","Process_331_raw_green.ome.tiff::tile_y000000_x008192.tiff::17","Process_331_raw_green.ome.tiff","tile_y000000_x008192.tiff"
"auriculatus-0158","keep","initial_default","D. auriculatus","10","Process_331_raw_green.ome.tiff::tile_y000000_x008192.tiff::190","Process_331_raw_green.ome.tiff","tile_y000000_x008192.tiff"
"auriculatus-0159","keep","initial_default","D. auriculatus","11","Process_331_raw_green.ome.tiff::tile_y020480_x040960.tiff::36","Process_331_raw_green.ome.tiff","tile_y020480_x040960.tiff"
"auriculatus-0160","keep","initial_default","D. auriculatus","12","Process_331_raw_green.ome.tiff::tile_y020480_x040960.tiff::14","Process_331_raw_green.ome.tiff","tile_y020480_x040960.tiff"
"auriculatus-0161","keep","initial_default","D. auriculatus","13","Process_331_raw_green.ome.tiff::tile_y008192_x061440.tiff::88","Process_331_raw_green.ome.tiff","tile_y008192_x061440.tiff"
"auriculatus-0162","keep","initial_default","D. auriculatus","14","Process_331_raw_green.ome.tiff::tile_y020480_x040960.tiff::126","Process_331_raw_green.ome.tiff","tile_y020480_x040960.tiff"
"auriculatus-0163","keep","initial_default","D. auriculatus","16","Process_331_raw_green.ome.tiff::tile_y020480_x040960.tiff::20","Process_331_raw_green.ome.tiff","tile_y020480_x040960.tiff"
"auriculatus-0164","keep","initial_default","D. auriculatus","18","Process_331_raw_green.ome.tiff::tile_y020480_x040960.tiff::183","Process_331_raw_green.ome.tiff","tile_y020480_x040960.tiff"
"auriculatus-0165","keep","initial_default","D. auriculatus","19","Process_331_raw_green.ome.tiff::tile_y008192_x061440.tiff::2","Process_331_raw_green.ome.tiff","tile_y008192_x061440.tiff"
"auriculatus-0166","keep","initial_default","D. auriculatus","21","Process_331_raw_green.ome.tiff::tile_y000000_x008192.tiff::16","Process_331_raw_green.ome.tiff","tile_y000000_x008192.tiff"
"auriculatus-0167","keep","initial_default","D. auriculatus","22","Process_331_raw_green.ome.tiff::tile_y020480_x040960.tiff::56","Process_331_raw_green.ome.tiff","tile_y020480_x040960.tiff"
"auriculatus-0168","keep","initial_default","D. auriculatus","23","Process_331_raw_green.ome.tiff::tile_y000000_x008192.tiff::103","Process_331_raw_green.ome.tiff","tile_y000000_x008192.tiff"
"auriculatus-0169","keep","initial_default","D. auriculatus","24","Process_331_raw_green.ome.tiff::tile_y008192_x061440.tiff::27","Process_331_raw_green.ome.tiff","tile_y008192_x061440.tiff"
"auriculatus-0170","keep","initial_default","D. auriculatus","25","Process_331_raw_green.ome.tiff::tile_y000000_x008192.tiff::60","Process_331_raw_green.ome.tiff","tile_y000000_x008192.tiff"
"auriculatus-0171","keep","initial_default","D. auriculatus","26","Process_331_raw_green.ome.tiff::tile_y020480_x040960.tiff::109","Process_331_raw_green.ome.tiff","tile_y020480_x040960.tiff"
"auriculatus-0172","keep","initial_default","D. auriculatus","27","Process_331_raw_green.ome.tiff::tile_y000000_x008192.tiff::163","Process_331_raw_green.ome.tiff","tile_y000000_x008192.tiff"
"auriculatus-0173","keep","initial_default","D. auriculatus","28","Process_331_raw_green.ome.tiff::tile_y000000_x008192.tiff::88","Process_331_raw_green.ome.tiff","tile_y000000_x008192.tiff"
"auriculatus-0174","keep","initial_default","D. auriculatus","29","Process_331_raw_green.ome.tiff::tile_y000000_x008192.tiff::95","Process_331_raw_green.ome.tiff","tile_y000000_x008192.tiff"
"auriculatus-0175","keep","initial_default","D. auriculatus","30","Process_331_raw_green.ome.tiff::tile_y020480_x040960.tiff::214","Process_331_raw_green.ome.tiff","tile_y020480_x040960.tiff"
"auriculatus-0176","keep","initial_default","D. auriculatus","31","Process_331_raw_green.ome.tiff::tile_y008192_x061440.tiff::31","Process_331_raw_green.ome.tiff","tile_y008192_x061440.tiff"
"auriculatus-0177","keep","initial_default","D. auriculatus","32","Process_331_raw_green.ome.tiff::tile_y000000_x008192.tiff::104","Process_331_raw_green.ome.tiff","tile_y000000_x008192.tiff"
"auriculatus-0178","keep","initial_default","D. auriculatus","34","Process_331_raw_green.ome.tiff::tile_y020480_x040960.tiff::128","Process_331_raw_green.ome.tiff","tile_y020480_x040960.tiff"
"auriculatus-0179","keep","initial_default","D. auriculatus","35","Process_331_raw_green.ome.tiff::tile_y000000_x008192.tiff::68","Process_331_raw_green.ome.tiff","tile_y000000_x008192.tiff"
"auriculatus-0180","keep","initial_default","D. auriculatus","36","Process_331_raw_green.ome.tiff::tile_y020480_x040960.tiff::166","Process_331_raw_green.ome.tiff","tile_y020480_x040960.tiff"
"auriculatus-0181","keep","initial_default","D. auriculatus","37","Process_331_raw_green.ome.tiff::tile_y008192_x061440.tiff::62","Process_331_raw_green.ome.tiff","tile_y008192_x061440.tiff"
"auriculatus-0182","keep","initial_default","D. auriculatus","38","Process_331_raw_green.ome.tiff::tile_y000000_x008192.tiff::162","Process_331_raw_green.ome.tiff","tile_y000000_x008192.tiff"
"auriculatus-0183","keep","initial_default","D. auriculatus","40","Process_331_raw_green.ome.tiff::tile_y000000_x008192.tiff::96","Process_331_raw_green.ome.tiff","tile_y000000_x008192.tiff"
"auriculatus-0184","keep","initial_default","D. auriculatus","41","Process_331_raw_green.ome.tiff::tile_y000000_x008192.tiff::23","Process_331_raw_green.ome.tiff","tile_y000000_x008192.tiff"
"auriculatus-0185","keep","initial_default","D. auriculatus","42","Process_331_raw_green.ome.tiff::tile_y020480_x040960.tiff::132","Process_331_raw_green.ome.tiff","tile_y020480_x040960.tiff"
"auriculatus-0186","keep","initial_default","D. auriculatus","43","Process_331_raw_green.ome.tiff::tile_y020480_x040960.tiff::155","Process_331_raw_green.ome.tiff","tile_y020480_x040960.tiff"
"auriculatus-0187","keep","initial_default","D. auriculatus","44","Process_331_raw_green.ome.tiff::tile_y020480_x040960.tiff::124","Process_331_raw_green.ome.tiff","tile_y020480_x040960.tiff"
"auriculatus-0188","keep","initial_default","D. auriculatus","45","Process_331_raw_green.ome.tiff::tile_y000000_x008192.tiff::127","Process_331_raw_green.ome.tiff","tile_y000000_x008192.tiff"
"auriculatus-0189","keep","initial_default","D. auriculatus","46","Process_331_raw_green.ome.tiff::tile_y008192_x061440.tiff::126","Process_331_raw_green.ome.tiff","tile_y008192_x061440.tiff"
"auriculatus-0190","keep","initial_default","D. auriculatus","47","Process_331_raw_green.ome.tiff::tile_y020480_x040960.tiff::125","Process_331_raw_green.ome.tiff","tile_y020480_x040960.tiff"
"auriculatus-0191","keep","initial_default","D. auriculatus","48","Process_331_raw_green.ome.tiff::tile_y000000_x008192.tiff::65","Process_331_raw_green.ome.tiff","tile_y000000_x008192.tiff"
"auriculatus-0192","keep","initial_default","D. auriculatus","49","Process_331_raw_green.ome.tiff::tile_y020480_x040960.tiff::35","Process_331_raw_green.ome.tiff","tile_y020480_x040960.tiff"
"auriculatus-0193","keep","initial_default","D. auriculatus","50","Process_331_raw_green.ome.tiff::tile_y020480_x040960.tiff::24","Process_331_raw_green.ome.tiff","tile_y020480_x040960.tiff"
"auriculatus-0194","keep","initial_default","D. auriculatus","51","Process_331_raw_green.ome.tiff::tile_y000000_x008192.tiff::164","Process_331_raw_green.ome.tiff","tile_y000000_x008192.tiff"
"auriculatus-0195","keep","initial_default","D. auriculatus","52","Process_331_raw_green.ome.tiff::tile_y020480_x040960.tiff::141","Process_331_raw_green.ome.tiff","tile_y020480_x040960.tiff"
"auriculatus-0196","keep","initial_default","D. auriculatus","53","Process_331_raw_green.ome.tiff::tile_y020480_x040960.tiff::78","Process_331_raw_green.ome.tiff","tile_y020480_x040960.tiff"
"auriculatus-0197","keep","initial_default","D. auriculatus","54","Process_331_raw_green.ome.tiff::tile_y020480_x040960.tiff::148","Process_331_raw_green.ome.tiff","tile_y020480_x040960.tiff"
"auriculatus-0198","keep","initial_default","D. auriculatus","55","Process_331_raw_green.ome.tiff::tile_y008192_x061440.tiff::109","Process_331_raw_green.ome.tiff","tile_y008192_x061440.tiff"
"auriculatus-0199","keep","initial_default","D. auriculatus","56","Process_331_raw_green.ome.tiff::tile_y000000_x008192.tiff::258","Process_331_raw_green.ome.tiff","tile_y000000_x008192.tiff"
"auriculatus-0200","keep","initial_default","D. auriculatus","57","Process_331_raw_green.ome.tiff::tile_y020480_x040960.tiff::73","Process_331_raw_green.ome.tiff","tile_y020480_x040960.tiff"
"bairdi-0201","keep","initial_default","D. bairdi","1","Process_359_raw_green.ome.tiff::tile_y032768_x036864.tiff::26","Process_359_raw_green.ome.tiff","tile_y032768_x036864.tiff"
"bairdi-0202","keep","initial_default","D. bairdi","2","Process_359_raw_green.ome.tiff::tile_y028672_x049152.tiff::113","Process_359_raw_green.ome.tiff","tile_y028672_x049152.tiff"
"bairdi-0203","keep","initial_default","D. bairdi","3","Process_359_raw_green.ome.tiff::tile_y028672_x049152.tiff::87","Process_359_raw_green.ome.tiff","tile_y028672_x049152.tiff"
"bairdi-0204","keep","initial_default","D. bairdi","4","Process_359_raw_green.ome.tiff::tile_y028672_x049152.tiff::136","Process_359_raw_green.ome.tiff","tile_y028672_x049152.tiff"
"bairdi-0205","keep","initial_default","D. bairdi","5","Process_359_raw_green.ome.tiff::tile_y020480_x036864.tiff::153","Process_359_raw_green.ome.tiff","tile_y020480_x036864.tiff"
"bairdi-0206","keep","initial_default","D. bairdi","6","Process_359_raw_green.ome.tiff::tile_y032768_x036864.tiff::56","Process_359_raw_green.ome.tiff","tile_y032768_x036864.tiff"
"bairdi-0207","keep","initial_default","D. bairdi","7","Process_359_raw_green.ome.tiff::tile_y032768_x036864.tiff::77","Process_359_raw_green.ome.tiff","tile_y032768_x036864.tiff"
"bairdi-0208","keep","initial_default","D. bairdi","8","Process_359_raw_green.ome.tiff::tile_y036864_x053248.tiff::6","Process_359_raw_green.ome.tiff","tile_y036864_x053248.tiff"
"bairdi-0209","keep","initial_default","D. bairdi","9","Process_359_raw_green.ome.tiff::tile_y020480_x036864.tiff::74","Process_359_raw_green.ome.tiff","tile_y020480_x036864.tiff"
"bairdi-0210","keep","initial_default","D. bairdi","10","Process_359_raw_green.ome.tiff::tile_y032768_x036864.tiff::81","Process_359_raw_green.ome.tiff","tile_y032768_x036864.tiff"
"bairdi-0211","keep","initial_default","D. bairdi","11","Process_359_raw_green.ome.tiff::tile_y036864_x053248.tiff::51","Process_359_raw_green.ome.tiff","tile_y036864_x053248.tiff"
"bairdi-0212","keep","initial_default","D. bairdi","12","Process_359_raw_green.ome.tiff::tile_y032768_x036864.tiff::151","Process_359_raw_green.ome.tiff","tile_y032768_x036864.tiff"
"bairdi-0213","keep","initial_default","D. bairdi","13","Process_359_raw_green.ome.tiff::tile_y028672_x049152.tiff::18","Process_359_raw_green.ome.tiff","tile_y028672_x049152.tiff"
"bairdi-0214","keep","initial_default","D. bairdi","14","Process_359_raw_green.ome.tiff::tile_y032768_x036864.tiff::66","Process_359_raw_green.ome.tiff","tile_y032768_x036864.tiff"
"bairdi-0215","keep","initial_default","D. bairdi","15","Process_359_raw_green.ome.tiff::tile_y036864_x053248.tiff::91","Process_359_raw_green.ome.tiff","tile_y036864_x053248.tiff"
"bairdi-0216","keep","initial_default","D. bairdi","16","Process_359_raw_green.ome.tiff::tile_y028672_x049152.tiff::71","Process_359_raw_green.ome.tiff","tile_y028672_x049152.tiff"
"bairdi-0217","keep","initial_default","D. bairdi","17","Process_359_raw_green.ome.tiff::tile_y032768_x036864.tiff::82","Process_359_raw_green.ome.tiff","tile_y032768_x036864.tiff"
"bairdi-0218","keep","initial_default","D. bairdi","18","Process_359_raw_green.ome.tiff::tile_y020480_x036864.tiff::22","Process_359_raw_green.ome.tiff","tile_y020480_x036864.tiff"
"bairdi-0219","keep","initial_default","D. bairdi","19","Process_359_raw_green.ome.tiff::tile_y028672_x049152.tiff::106","Process_359_raw_green.ome.tiff","tile_y028672_x049152.tiff"
"bairdi-0220","keep","initial_default","D. bairdi","20","Process_359_raw_green.ome.tiff::tile_y020480_x036864.tiff::133","Process_359_raw_green.ome.tiff","tile_y020480_x036864.tiff"
"bairdi-0221","keep","initial_default","D. bairdi","21","Process_359_raw_green.ome.tiff::tile_y028672_x049152.tiff::54","Process_359_raw_green.ome.tiff","tile_y028672_x049152.tiff"
"bairdi-0222","keep","initial_default","D. bairdi","22","Process_359_raw_green.ome.tiff::tile_y020480_x036864.tiff::21","Process_359_raw_green.ome.tiff","tile_y020480_x036864.tiff"
"bairdi-0223","keep","initial_default","D. bairdi","23","Process_359_raw_green.ome.tiff::tile_y032768_x036864.tiff::40","Process_359_raw_green.ome.tiff","tile_y032768_x036864.tiff"
"bairdi-0224","keep","initial_default","D. bairdi","24","Process_359_raw_green.ome.tiff::tile_y020480_x036864.tiff::46","Process_359_raw_green.ome.tiff","tile_y020480_x036864.tiff"
"bairdi-0225","keep","initial_default","D. bairdi","25","Process_359_raw_green.ome.tiff::tile_y036864_x053248.tiff::82","Process_359_raw_green.ome.tiff","tile_y036864_x053248.tiff"
"bairdi-0226","keep","initial_default","D. bairdi","26","Process_359_raw_green.ome.tiff::tile_y036864_x053248.tiff::66","Process_359_raw_green.ome.tiff","tile_y036864_x053248.tiff"
"bairdi-0227","keep","initial_default","D. bairdi","27","Process_359_raw_green.ome.tiff::tile_y028672_x049152.tiff::92","Process_359_raw_green.ome.tiff","tile_y028672_x049152.tiff"
"bairdi-0228","keep","initial_default","D. bairdi","28","Process_359_raw_green.ome.tiff::tile_y032768_x036864.tiff::27","Process_359_raw_green.ome.tiff","tile_y032768_x036864.tiff"
"bairdi-0229","keep","initial_default","D. bairdi","29","Process_359_raw_green.ome.tiff::tile_y020480_x036864.tiff::73","Process_359_raw_green.ome.tiff","tile_y020480_x036864.tiff"
"bairdi-0230","keep","initial_default","D. bairdi","30","Process_359_raw_green.ome.tiff::tile_y028672_x049152.tiff::105","Process_359_raw_green.ome.tiff","tile_y028672_x049152.tiff"
"bairdi-0231","keep","initial_default","D. bairdi","31","Process_359_raw_green.ome.tiff::tile_y028672_x049152.tiff::123","Process_359_raw_green.ome.tiff","tile_y028672_x049152.tiff"
"bairdi-0232","keep","initial_default","D. bairdi","32","Process_359_raw_green.ome.tiff::tile_y032768_x036864.tiff::146","Process_359_raw_green.ome.tiff","tile_y032768_x036864.tiff"
"bairdi-0233","keep","initial_default","D. bairdi","33","Process_359_raw_green.ome.tiff::tile_y032768_x036864.tiff::153","Process_359_raw_green.ome.tiff","tile_y032768_x036864.tiff"
"bairdi-0234","keep","initial_default","D. bairdi","34","Process_359_raw_green.ome.tiff::tile_y028672_x049152.tiff::28","Process_359_raw_green.ome.tiff","tile_y028672_x049152.tiff"
"bairdi-0235","keep","initial_default","D. bairdi","35","Process_359_raw_green.ome.tiff::tile_y036864_x053248.tiff::23","Process_359_raw_green.ome.tiff","tile_y036864_x053248.tiff"
"bairdi-0236","keep","initial_default","D. bairdi","36","Process_359_raw_green.ome.tiff::tile_y020480_x036864.tiff::80","Process_359_raw_green.ome.tiff","tile_y020480_x036864.tiff"
"bairdi-0237","keep","initial_default","D. bairdi","37","Process_359_raw_green.ome.tiff::tile_y032768_x036864.tiff::107","Process_359_raw_green.ome.tiff","tile_y032768_x036864.tiff"
"bairdi-0238","keep","initial_default","D. bairdi","38","Process_359_raw_green.ome.tiff::tile_y032768_x036864.tiff::19","Process_359_raw_green.ome.tiff","tile_y032768_x036864.tiff"
"bairdi-0239","keep","initial_default","D. bairdi","39","Process_359_raw_green.ome.tiff::tile_y032768_x036864.tiff::25","Process_359_raw_green.ome.tiff","tile_y032768_x036864.tiff"
"bairdi-0240","keep","initial_default","D. bairdi","40","Process_359_raw_green.ome.tiff::tile_y032768_x036864.tiff::158","Process_359_raw_green.ome.tiff","tile_y032768_x036864.tiff"
"bairdi-0241","keep","initial_default","D. bairdi","41","Process_359_raw_green.ome.tiff::tile_y036864_x053248.tiff::56","Process_359_raw_green.ome.tiff","tile_y036864_x053248.tiff"
"bairdi-0242","keep","initial_default","D. bairdi","42","Process_359_raw_green.ome.tiff::tile_y028672_x049152.tiff::21","Process_359_raw_green.ome.tiff","tile_y028672_x049152.tiff"
"bairdi-0243","keep","initial_default","D. bairdi","43","Process_359_raw_green.ome.tiff::tile_y020480_x036864.tiff::48","Process_359_raw_green.ome.tiff","tile_y020480_x036864.tiff"
"bairdi-0244","keep","initial_default","D. bairdi","44","Process_359_raw_green.ome.tiff::tile_y020480_x036864.tiff::134","Process_359_raw_green.ome.tiff","tile_y020480_x036864.tiff"
"bairdi-0245","keep","initial_default","D. bairdi","45","Process_359_raw_green.ome.tiff::tile_y028672_x049152.tiff::67","Process_359_raw_green.ome.tiff","tile_y028672_x049152.tiff"
"bairdi-0246","keep","initial_default","D. bairdi","46","Process_359_raw_green.ome.tiff::tile_y020480_x036864.tiff::95","Process_359_raw_green.ome.tiff","tile_y020480_x036864.tiff"
"bairdi-0247","keep","initial_default","D. bairdi","47","Process_359_raw_green.ome.tiff::tile_y028672_x049152.tiff::140","Process_359_raw_green.ome.tiff","tile_y028672_x049152.tiff"
"bairdi-0248","keep","initial_default","D. bairdi","48","Process_359_raw_green.ome.tiff::tile_y028672_x049152.tiff::131","Process_359_raw_green.ome.tiff","tile_y028672_x049152.tiff"
"bairdi-0249","keep","initial_default","D. bairdi","49","Process_359_raw_green.ome.tiff::tile_y036864_x053248.tiff::17","Process_359_raw_green.ome.tiff","tile_y036864_x053248.tiff"
"bairdi-0250","keep","initial_default","D. bairdi","50","Process_359_raw_green.ome.tiff::tile_y032768_x036864.tiff::116","Process_359_raw_green.ome.tiff","tile_y032768_x036864.tiff"
"brimleyorum-0251","keep","initial_default","D. brimleyorum","1","Process_348_raw_green.ome.tiff::tile_y020480_x045056.tiff::20","Process_348_raw_green.ome.tiff","tile_y020480_x045056.tiff"
"brimleyorum-0252","keep","initial_default","D. brimleyorum","2","Process_348_raw_green.ome.tiff::tile_y020480_x045056.tiff::28","Process_348_raw_green.ome.tiff","tile_y020480_x045056.tiff"
"brimleyorum-0253","keep","initial_default","D. brimleyorum","4","Process_348_raw_green.ome.tiff::tile_y020480_x016384.tiff::16","Process_348_raw_green.ome.tiff","tile_y020480_x016384.tiff"
"brimleyorum-0254","keep","initial_default","D. brimleyorum","5","Process_348_raw_green.ome.tiff::tile_y020480_x016384.tiff::150","Process_348_raw_green.ome.tiff","tile_y020480_x016384.tiff"
"brimleyorum-0255","keep","initial_default","D. brimleyorum","6","Process_348_raw_green.ome.tiff::tile_y020480_x049152.tiff::117","Process_348_raw_green.ome.tiff","tile_y020480_x049152.tiff"
"brimleyorum-0256","keep","initial_default","D. brimleyorum","7","Process_348_raw_green.ome.tiff::tile_y020480_x049152.tiff::143","Process_348_raw_green.ome.tiff","tile_y020480_x049152.tiff"
"brimleyorum-0257","keep","initial_default","D. brimleyorum","8","Process_348_raw_green.ome.tiff::tile_y020480_x016384.tiff::126","Process_348_raw_green.ome.tiff","tile_y020480_x016384.tiff"
"brimleyorum-0258","keep","initial_default","D. brimleyorum","9","Process_348_raw_green.ome.tiff::tile_y020480_x016384.tiff::123","Process_348_raw_green.ome.tiff","tile_y020480_x016384.tiff"
"brimleyorum-0259","keep","initial_default","D. brimleyorum","10","Process_348_raw_green.ome.tiff::tile_y020480_x016384.tiff::89","Process_348_raw_green.ome.tiff","tile_y020480_x016384.tiff"
"brimleyorum-0260","keep","initial_default","D. brimleyorum","11","Process_348_raw_green.ome.tiff::tile_y020480_x045056.tiff::105","Process_348_raw_green.ome.tiff","tile_y020480_x045056.tiff"
"brimleyorum-0261","keep","initial_default","D. brimleyorum","12","Process_348_raw_green.ome.tiff::tile_y020480_x016384.tiff::51","Process_348_raw_green.ome.tiff","tile_y020480_x016384.tiff"
"brimleyorum-0262","keep","initial_default","D. brimleyorum","13","Process_348_raw_green.ome.tiff::tile_y020480_x045056.tiff::93","Process_348_raw_green.ome.tiff","tile_y020480_x045056.tiff"
"brimleyorum-0263","keep","initial_default","D. brimleyorum","14","Process_348_raw_green.ome.tiff::tile_y020480_x049152.tiff::101","Process_348_raw_green.ome.tiff","tile_y020480_x049152.tiff"
"brimleyorum-0264","keep","initial_default","D. brimleyorum","15","Process_348_raw_green.ome.tiff::tile_y020480_x049152.tiff::168","Process_348_raw_green.ome.tiff","tile_y020480_x049152.tiff"
"brimleyorum-0265","keep","initial_default","D. brimleyorum","16","Process_348_raw_green.ome.tiff::tile_y020480_x045056.tiff::3","Process_348_raw_green.ome.tiff","tile_y020480_x045056.tiff"
"brimleyorum-0266","keep","initial_default","D. brimleyorum","17","Process_348_raw_green.ome.tiff::tile_y020480_x045056.tiff::8","Process_348_raw_green.ome.tiff","tile_y020480_x045056.tiff"
"brimleyorum-0267","keep","initial_default","D. brimleyorum","18","Process_348_raw_green.ome.tiff::tile_y020480_x049152.tiff::33","Process_348_raw_green.ome.tiff","tile_y020480_x049152.tiff"
"brimleyorum-0268","keep","initial_default","D. brimleyorum","19","Process_348_raw_green.ome.tiff::tile_y020480_x049152.tiff::78","Process_348_raw_green.ome.tiff","tile_y020480_x049152.tiff"
"brimleyorum-0269","keep","initial_default","D. brimleyorum","20","Process_348_raw_green.ome.tiff::tile_y020480_x049152.tiff::111","Process_348_raw_green.ome.tiff","tile_y020480_x049152.tiff"
"brimleyorum-0270","keep","initial_default","D. brimleyorum","21","Process_348_raw_green.ome.tiff::tile_y020480_x016384.tiff::143","Process_348_raw_green.ome.tiff","tile_y020480_x016384.tiff"
"brimleyorum-0271","keep","initial_default","D. brimleyorum","22","Process_348_raw_green.ome.tiff::tile_y020480_x016384.tiff::15","Process_348_raw_green.ome.tiff","tile_y020480_x016384.tiff"
"brimleyorum-0272","keep","initial_default","D. brimleyorum","23","Process_348_raw_green.ome.tiff::tile_y020480_x045056.tiff::31","Process_348_raw_green.ome.tiff","tile_y020480_x045056.tiff"
"brimleyorum-0273","keep","initial_default","D. brimleyorum","24","Process_348_raw_green.ome.tiff::tile_y020480_x016384.tiff::72","Process_348_raw_green.ome.tiff","tile_y020480_x016384.tiff"
"brimleyorum-0274","keep","initial_default","D. brimleyorum","25","Process_348_raw_green.ome.tiff::tile_y020480_x045056.tiff::49","Process_348_raw_green.ome.tiff","tile_y020480_x045056.tiff"
"brimleyorum-0275","keep","initial_default","D. brimleyorum","26","Process_348_raw_green.ome.tiff::tile_y020480_x045056.tiff::72","Process_348_raw_green.ome.tiff","tile_y020480_x045056.tiff"
"brimleyorum-0276","keep","initial_default","D. brimleyorum","27","Process_348_raw_green.ome.tiff::tile_y020480_x049152.tiff::157","Process_348_raw_green.ome.tiff","tile_y020480_x049152.tiff"
"brimleyorum-0277","keep","initial_default","D. brimleyorum","28","Process_348_raw_green.ome.tiff::tile_y020480_x049152.tiff::24","Process_348_raw_green.ome.tiff","tile_y020480_x049152.tiff"
"brimleyorum-0278","keep","initial_default","D. brimleyorum","29","Process_348_raw_green.ome.tiff::tile_y020480_x045056.tiff::10","Process_348_raw_green.ome.tiff","tile_y020480_x045056.tiff"
"brimleyorum-0279","keep","initial_default","D. brimleyorum","30","Process_348_raw_green.ome.tiff::tile_y020480_x045056.tiff::4","Process_348_raw_green.ome.tiff","tile_y020480_x045056.tiff"
"brimleyorum-0280","keep","initial_default","D. brimleyorum","31","Process_348_raw_green.ome.tiff::tile_y020480_x049152.tiff::153","Process_348_raw_green.ome.tiff","tile_y020480_x049152.tiff"
"brimleyorum-0281","keep","initial_default","D. brimleyorum","32","Process_348_raw_green.ome.tiff::tile_y020480_x049152.tiff::139","Process_348_raw_green.ome.tiff","tile_y020480_x049152.tiff"
"brimleyorum-0282","keep","initial_default","D. brimleyorum","33","Process_349_raw_green.ome.tiff::tile_y008192_x032768.tiff::1","Process_349_raw_green.ome.tiff","tile_y008192_x032768.tiff"
"brimleyorum-0283","keep","initial_default","D. brimleyorum","34","Process_348_raw_green.ome.tiff::tile_y020480_x016384.tiff::64","Process_348_raw_green.ome.tiff","tile_y020480_x016384.tiff"
"brimleyorum-0284","keep","initial_default","D. brimleyorum","35","Process_348_raw_green.ome.tiff::tile_y020480_x049152.tiff::9","Process_348_raw_green.ome.tiff","tile_y020480_x049152.tiff"
"brimleyorum-0285","keep","initial_default","D. brimleyorum","36","Process_348_raw_green.ome.tiff::tile_y020480_x049152.tiff::72","Process_348_raw_green.ome.tiff","tile_y020480_x049152.tiff"
"brimleyorum-0286","keep","initial_default","D. brimleyorum","37","Process_348_raw_green.ome.tiff::tile_y020480_x045056.tiff::79","Process_348_raw_green.ome.tiff","tile_y020480_x045056.tiff"
"brimleyorum-0287","keep","initial_default","D. brimleyorum","38","Process_348_raw_green.ome.tiff::tile_y020480_x016384.tiff::30","Process_348_raw_green.ome.tiff","tile_y020480_x016384.tiff"
"brimleyorum-0288","keep","initial_default","D. brimleyorum","39","Process_348_raw_green.ome.tiff::tile_y020480_x049152.tiff::163","Process_348_raw_green.ome.tiff","tile_y020480_x049152.tiff"
"brimleyorum-0289","keep","initial_default","D. brimleyorum","40","Process_348_raw_green.ome.tiff::tile_y020480_x049152.tiff::46","Process_348_raw_green.ome.tiff","tile_y020480_x049152.tiff"
"brimleyorum-0290","keep","initial_default","D. brimleyorum","41","Process_348_raw_green.ome.tiff::tile_y020480_x045056.tiff::132","Process_348_raw_green.ome.tiff","tile_y020480_x045056.tiff"
"brimleyorum-0291","keep","initial_default","D. brimleyorum","42","Process_349_raw_green.ome.tiff::tile_y012288_x073728.tiff::80","Process_349_raw_green.ome.tiff","tile_y012288_x073728.tiff"
"brimleyorum-0292","keep","initial_default","D. brimleyorum","43","Process_348_raw_green.ome.tiff::tile_y020480_x045056.tiff::2","Process_348_raw_green.ome.tiff","tile_y020480_x045056.tiff"
"brimleyorum-0293","keep","initial_default","D. brimleyorum","44","Process_348_raw_green.ome.tiff::tile_y020480_x049152.tiff::145","Process_348_raw_green.ome.tiff","tile_y020480_x049152.tiff"
"brimleyorum-0294","keep","initial_default","D. brimleyorum","45","Process_349_raw_green.ome.tiff::tile_y008192_x032768.tiff::8","Process_349_raw_green.ome.tiff","tile_y008192_x032768.tiff"
"brimleyorum-0295","keep","initial_default","D. brimleyorum","47","Process_348_raw_green.ome.tiff::tile_y020480_x045056.tiff::38","Process_348_raw_green.ome.tiff","tile_y020480_x045056.tiff"
"brimleyorum-0296","keep","initial_default","D. brimleyorum","48","Process_349_raw_green.ome.tiff::tile_y012288_x073728.tiff::329","Process_349_raw_green.ome.tiff","tile_y012288_x073728.tiff"
"brimleyorum-0297","keep","initial_default","D. brimleyorum","49","Process_348_raw_green.ome.tiff::tile_y020480_x045056.tiff::41","Process_348_raw_green.ome.tiff","tile_y020480_x045056.tiff"
"brimleyorum-0298","keep","initial_default","D. brimleyorum","50","Process_348_raw_green.ome.tiff::tile_y020480_x016384.tiff::112","Process_348_raw_green.ome.tiff","tile_y020480_x016384.tiff"
"brimleyorum-0299","keep","initial_default","D. brimleyorum","51","Process_348_raw_green.ome.tiff::tile_y020480_x016384.tiff::27","Process_348_raw_green.ome.tiff","tile_y020480_x016384.tiff"
"brimleyorum-0300","keep","initial_default","D. brimleyorum","52","Process_348_raw_green.ome.tiff::tile_y020480_x016384.tiff::129","Process_348_raw_green.ome.tiff","tile_y020480_x016384.tiff"
"campi-0301","keep","initial_default","D. campi","1","Process_346_raw_green.ome.tiff::tile_y049152_x053248.tiff::12","Process_346_raw_green.ome.tiff","tile_y049152_x053248.tiff"
"campi-0302","keep","initial_default","D. campi","2","Process_346_raw_green.ome.tiff::tile_y057344_x028672.tiff::40","Process_346_raw_green.ome.tiff","tile_y057344_x028672.tiff"
"campi-0303","keep","initial_default","D. campi","3","Process_346_raw_green.ome.tiff::tile_y049152_x053248.tiff::13","Process_346_raw_green.ome.tiff","tile_y049152_x053248.tiff"
"campi-0304","keep","initial_default","D. campi","4","Process_346_raw_green.ome.tiff::tile_y053248_x036864.tiff::6","Process_346_raw_green.ome.tiff","tile_y053248_x036864.tiff"
"campi-0305","keep","initial_default","D. campi","6","Process_346_raw_green.ome.tiff::tile_y049152_x053248.tiff::18","Process_346_raw_green.ome.tiff","tile_y049152_x053248.tiff"
"campi-0306","keep","initial_default","D. campi","7","Process_346_raw_green.ome.tiff::tile_y057344_x028672.tiff::49","Process_346_raw_green.ome.tiff","tile_y057344_x028672.tiff"
"campi-0307","keep","initial_default","D. campi","8","Process_346_raw_green.ome.tiff::tile_y040960_x049152.tiff::4","Process_346_raw_green.ome.tiff","tile_y040960_x049152.tiff"
"campi-0308","keep","initial_default","D. campi","9","Process_346_raw_green.ome.tiff::tile_y040960_x032768.tiff::9","Process_346_raw_green.ome.tiff","tile_y040960_x032768.tiff"
"campi-0309","keep","initial_default","D. campi","10","Process_346_raw_green.ome.tiff::tile_y057344_x028672.tiff::54","Process_346_raw_green.ome.tiff","tile_y057344_x028672.tiff"
"campi-0310","keep","initial_default","D. campi","11","Process_346_raw_green.ome.tiff::tile_y053248_x040960.tiff::6","Process_346_raw_green.ome.tiff","tile_y053248_x040960.tiff"
"campi-0311","keep","initial_default","D. campi","12","Process_346_raw_green.ome.tiff::tile_y057344_x028672.tiff::42","Process_346_raw_green.ome.tiff","tile_y057344_x028672.tiff"
"campi-0312","keep","initial_default","D. campi","13","Process_346_raw_green.ome.tiff::tile_y057344_x028672.tiff::24","Process_346_raw_green.ome.tiff","tile_y057344_x028672.tiff"
"campi-0313","keep","initial_default","D. campi","14","Process_346_raw_green.ome.tiff::tile_y045056_x057344.tiff::2","Process_346_raw_green.ome.tiff","tile_y045056_x057344.tiff"
"campi-0314","keep","initial_default","D. campi","16","Process_346_raw_green.ome.tiff::tile_y040960_x032768.tiff::10","Process_346_raw_green.ome.tiff","tile_y040960_x032768.tiff"
"campi-0315","keep","initial_default","D. campi","17","Process_346_raw_green.ome.tiff::tile_y049152_x049152.tiff::20","Process_346_raw_green.ome.tiff","tile_y049152_x049152.tiff"
"campi-0316","keep","initial_default","D. campi","18","Process_346_raw_green.ome.tiff::tile_y049152_x049152.tiff::17","Process_346_raw_green.ome.tiff","tile_y049152_x049152.tiff"
"campi-0317","keep","initial_default","D. campi","19","Process_347_raw_green.ome.tiff::tile_y032768_x000000.tiff::19","Process_347_raw_green.ome.tiff","tile_y032768_x000000.tiff"
"campi-0318","keep","initial_default","D. campi","21","Process_346_raw_green.ome.tiff::tile_y040960_x032768.tiff::18","Process_346_raw_green.ome.tiff","tile_y040960_x032768.tiff"
"campi-0319","keep","initial_default","D. campi","22","Process_346_raw_green.ome.tiff::tile_y069632_x045056.tiff::1","Process_346_raw_green.ome.tiff","tile_y069632_x045056.tiff"
"campi-0320","keep","initial_default","D. campi","23","Process_347_raw_green.ome.tiff::tile_y024576_x012288.tiff::19","Process_347_raw_green.ome.tiff","tile_y024576_x012288.tiff"
"campi-0321","keep","initial_default","D. campi","24","Process_346_raw_green.ome.tiff::tile_y053248_x040960.tiff::11","Process_346_raw_green.ome.tiff","tile_y053248_x040960.tiff"
"campi-0322","keep","initial_default","D. campi","25","Process_347_raw_green.ome.tiff::tile_y004096_x012288.tiff::6","Process_347_raw_green.ome.tiff","tile_y004096_x012288.tiff"
"campi-0323","keep","initial_default","D. campi","26","Process_346_raw_green.ome.tiff::tile_y069632_x045056.tiff::5","Process_346_raw_green.ome.tiff","tile_y069632_x045056.tiff"
"campi-0324","keep","initial_default","D. campi","27","Process_347_raw_green.ome.tiff::tile_y028672_x024576.tiff::7","Process_347_raw_green.ome.tiff","tile_y028672_x024576.tiff"
"campi-0325","keep","initial_default","D. campi","28","Process_346_raw_green.ome.tiff::tile_y057344_x028672.tiff::56","Process_346_raw_green.ome.tiff","tile_y057344_x028672.tiff"
"campi-0326","keep","initial_default","D. campi","29","Process_346_raw_green.ome.tiff::tile_y057344_x028672.tiff::13","Process_346_raw_green.ome.tiff","tile_y057344_x028672.tiff"
"campi-0327","keep","initial_default","D. campi","30","Process_347_raw_green.ome.tiff::tile_y020480_x016384.tiff::6","Process_347_raw_green.ome.tiff","tile_y020480_x016384.tiff"
"campi-0328","keep","initial_default","D. campi","32","Process_347_raw_green.ome.tiff::tile_y020480_x040960.tiff::6","Process_347_raw_green.ome.tiff","tile_y020480_x040960.tiff"
"campi-0329","keep","initial_default","D. campi","33","Process_347_raw_green.ome.tiff::tile_y032768_x000000.tiff::16","Process_347_raw_green.ome.tiff","tile_y032768_x000000.tiff"
"campi-0330","keep","initial_default","D. campi","36","Process_347_raw_green.ome.tiff::tile_y028672_x024576.tiff::12","Process_347_raw_green.ome.tiff","tile_y028672_x024576.tiff"
"campi-0331","keep","initial_default","D. campi","37","Process_346_raw_green.ome.tiff::tile_y057344_x028672.tiff::52","Process_346_raw_green.ome.tiff","tile_y057344_x028672.tiff"
"campi-0332","keep","initial_default","D. campi","38","Process_347_raw_green.ome.tiff::tile_y024576_x012288.tiff::2","Process_347_raw_green.ome.tiff","tile_y024576_x012288.tiff"
"campi-0333","keep","initial_default","D. campi","40","Process_346_raw_green.ome.tiff::tile_y040960_x049152.tiff::1","Process_346_raw_green.ome.tiff","tile_y040960_x049152.tiff"
"campi-0334","keep","initial_default","D. campi","41","Process_347_raw_green.ome.tiff::tile_y024576_x012288.tiff::9","Process_347_raw_green.ome.tiff","tile_y024576_x012288.tiff"
"campi-0335","keep","initial_default","D. campi","42","Process_346_raw_green.ome.tiff::tile_y040960_x032768.tiff::15","Process_346_raw_green.ome.tiff","tile_y040960_x032768.tiff"
"campi-0336","keep","initial_default","D. campi","43","Process_347_raw_green.ome.tiff::tile_y008192_x036864.tiff::3","Process_347_raw_green.ome.tiff","tile_y008192_x036864.tiff"
"campi-0337","keep","initial_default","D. campi","44","Process_346_raw_green.ome.tiff::tile_y069632_x045056.tiff::6","Process_346_raw_green.ome.tiff","tile_y069632_x045056.tiff"
"campi-0338","keep","initial_default","D. campi","45","Process_347_raw_green.ome.tiff::tile_y020480_x016384.tiff::2","Process_347_raw_green.ome.tiff","tile_y020480_x016384.tiff"
"campi-0339","keep","initial_default","D. campi","46","Process_347_raw_green.ome.tiff::tile_y004096_x012288.tiff::8","Process_347_raw_green.ome.tiff","tile_y004096_x012288.tiff"
"campi-0340","keep","initial_default","D. campi","47","Process_347_raw_green.ome.tiff::tile_y024576_x012288.tiff::27","Process_347_raw_green.ome.tiff","tile_y024576_x012288.tiff"
"campi-0341","keep","initial_default","D. campi","48","Process_346_raw_green.ome.tiff::tile_y049152_x053248.tiff::11","Process_346_raw_green.ome.tiff","tile_y049152_x053248.tiff"
"campi-0342","keep","initial_default","D. campi","49","Process_347_raw_green.ome.tiff::tile_y049152_x024576.tiff::8","Process_347_raw_green.ome.tiff","tile_y049152_x024576.tiff"
"campi-0343","keep","initial_default","D. campi","50","Process_347_raw_green.ome.tiff::tile_y028672_x020480.tiff::17","Process_347_raw_green.ome.tiff","tile_y028672_x020480.tiff"
"campi-0344","keep","initial_default","D. campi","51","Process_347_raw_green.ome.tiff::tile_y024576_x012288.tiff::3","Process_347_raw_green.ome.tiff","tile_y024576_x012288.tiff"
"campi-0345","keep","initial_default","D. campi","52","Process_347_raw_green.ome.tiff::tile_y049152_x024576.tiff::12","Process_347_raw_green.ome.tiff","tile_y049152_x024576.tiff"
"campi-0346","keep","initial_default","D. campi","53","Process_347_raw_green.ome.tiff::tile_y016384_x016384.tiff::28","Process_347_raw_green.ome.tiff","tile_y016384_x016384.tiff"
"campi-0347","keep","initial_default","D. campi","54","Process_347_raw_green.ome.tiff::tile_y008192_x036864.tiff::5","Process_347_raw_green.ome.tiff","tile_y008192_x036864.tiff"
"campi-0348","keep","initial_default","D. campi","55","Process_347_raw_green.ome.tiff::tile_y028672_x024576.tiff::18","Process_347_raw_green.ome.tiff","tile_y028672_x024576.tiff"
"campi-0349","keep","initial_default","D. campi","57","Process_347_raw_green.ome.tiff::tile_y004096_x024576.tiff::26","Process_347_raw_green.ome.tiff","tile_y004096_x024576.tiff"
"campi-0350","keep","initial_default","D. campi","59","Process_347_raw_green.ome.tiff::tile_y028672_x020480.tiff::15","Process_347_raw_green.ome.tiff","tile_y028672_x020480.tiff"
"folkertsi-0351","keep","initial_default","D. folkertsi","1","Process_367_raw_green.ome.tiff::tile_y016384_x049152.tiff::24","Process_367_raw_green.ome.tiff","tile_y016384_x049152.tiff"
"folkertsi-0352","keep","initial_default","D. folkertsi","2","Process_367_raw_green.ome.tiff::tile_y016384_x049152.tiff::12","Process_367_raw_green.ome.tiff","tile_y016384_x049152.tiff"
"folkertsi-0353","keep","initial_default","D. folkertsi","3","Process_367_raw_green.ome.tiff::tile_y016384_x049152.tiff::56","Process_367_raw_green.ome.tiff","tile_y016384_x049152.tiff"
"folkertsi-0354","keep","initial_default","D. folkertsi","4","Process_366_raw_green.ome.tiff::tile_y049152_x028672.tiff::12","Process_366_raw_green.ome.tiff","tile_y049152_x028672.tiff"
"folkertsi-0355","keep","initial_default","D. folkertsi","5","Process_366_raw_green.ome.tiff::tile_y049152_x028672.tiff::65","Process_366_raw_green.ome.tiff","tile_y049152_x028672.tiff"
"folkertsi-0356","keep","initial_default","D. folkertsi","6","Process_367_raw_green.ome.tiff::tile_y016384_x049152.tiff::132","Process_367_raw_green.ome.tiff","tile_y016384_x049152.tiff"
"folkertsi-0357","keep","initial_default","D. folkertsi","7","Process_366_raw_green.ome.tiff::tile_y032768_x045056.tiff::42","Process_366_raw_green.ome.tiff","tile_y032768_x045056.tiff"
"folkertsi-0358","keep","initial_default","D. folkertsi","8","Process_367_raw_green.ome.tiff::tile_y012288_x016384.tiff::65","Process_367_raw_green.ome.tiff","tile_y012288_x016384.tiff"
"folkertsi-0359","keep","initial_default","D. folkertsi","9","Process_366_raw_green.ome.tiff::tile_y008192_x016384.tiff::3","Process_366_raw_green.ome.tiff","tile_y008192_x016384.tiff"
"folkertsi-0360","keep","initial_default","D. folkertsi","10","Process_367_raw_green.ome.tiff::tile_y016384_x049152.tiff::106","Process_367_raw_green.ome.tiff","tile_y016384_x049152.tiff"
"folkertsi-0361","keep","initial_default","D. folkertsi","11","Process_367_raw_green.ome.tiff::tile_y016384_x049152.tiff::51","Process_367_raw_green.ome.tiff","tile_y016384_x049152.tiff"
"folkertsi-0362","keep","initial_default","D. folkertsi","12","Process_367_raw_green.ome.tiff::tile_y000000_x024576.tiff::53","Process_367_raw_green.ome.tiff","tile_y000000_x024576.tiff"
"folkertsi-0363","keep","initial_default","D. folkertsi","13","Process_367_raw_green.ome.tiff::tile_y000000_x024576.tiff::4","Process_367_raw_green.ome.tiff","tile_y000000_x024576.tiff"
"folkertsi-0364","keep","initial_default","D. folkertsi","14","Process_367_raw_green.ome.tiff::tile_y012288_x016384.tiff::37","Process_367_raw_green.ome.tiff","tile_y012288_x016384.tiff"
"folkertsi-0365","keep","initial_default","D. folkertsi","15","Process_366_raw_green.ome.tiff::tile_y032768_x036864.tiff::59","Process_366_raw_green.ome.tiff","tile_y032768_x036864.tiff"
"folkertsi-0366","keep","initial_default","D. folkertsi","16","Process_367_raw_green.ome.tiff::tile_y000000_x024576.tiff::69","Process_367_raw_green.ome.tiff","tile_y000000_x024576.tiff"
"folkertsi-0367","keep","initial_default","D. folkertsi","17","Process_366_raw_green.ome.tiff::tile_y008192_x016384.tiff::62","Process_366_raw_green.ome.tiff","tile_y008192_x016384.tiff"
"folkertsi-0368","keep","initial_default","D. folkertsi","18","Process_367_raw_green.ome.tiff::tile_y028672_x040960.tiff::78","Process_367_raw_green.ome.tiff","tile_y028672_x040960.tiff"
"folkertsi-0369","keep","initial_default","D. folkertsi","19","Process_367_raw_green.ome.tiff::tile_y000000_x024576.tiff::10","Process_367_raw_green.ome.tiff","tile_y000000_x024576.tiff"
"folkertsi-0370","keep","initial_default","D. folkertsi","20","Process_366_raw_green.ome.tiff::tile_y057344_x028672.tiff::15","Process_366_raw_green.ome.tiff","tile_y057344_x028672.tiff"
"folkertsi-0371","keep","initial_default","D. folkertsi","21","Process_366_raw_green.ome.tiff::tile_y032768_x036864.tiff::28","Process_366_raw_green.ome.tiff","tile_y032768_x036864.tiff"
"folkertsi-0372","keep","initial_default","D. folkertsi","22","Process_366_raw_green.ome.tiff::tile_y032768_x045056.tiff::15","Process_366_raw_green.ome.tiff","tile_y032768_x045056.tiff"
"folkertsi-0373","keep","initial_default","D. folkertsi","23","Process_367_raw_green.ome.tiff::tile_y028672_x040960.tiff::123","Process_367_raw_green.ome.tiff","tile_y028672_x040960.tiff"
"folkertsi-0374","keep","initial_default","D. folkertsi","24","Process_367_raw_green.ome.tiff::tile_y028672_x040960.tiff::35","Process_367_raw_green.ome.tiff","tile_y028672_x040960.tiff"
"folkertsi-0375","keep","initial_default","D. folkertsi","25","Process_367_raw_green.ome.tiff::tile_y000000_x024576.tiff::20","Process_367_raw_green.ome.tiff","tile_y000000_x024576.tiff"
"folkertsi-0376","keep","initial_default","D. folkertsi","26","Process_367_raw_green.ome.tiff::tile_y016384_x049152.tiff::39","Process_367_raw_green.ome.tiff","tile_y016384_x049152.tiff"
"folkertsi-0377","keep","initial_default","D. folkertsi","27","Process_366_raw_green.ome.tiff::tile_y008192_x016384.tiff::21","Process_366_raw_green.ome.tiff","tile_y008192_x016384.tiff"
"folkertsi-0378","keep","initial_default","D. folkertsi","28","Process_367_raw_green.ome.tiff::tile_y000000_x024576.tiff::22","Process_367_raw_green.ome.tiff","tile_y000000_x024576.tiff"
"folkertsi-0379","keep","initial_default","D. folkertsi","29","Process_366_raw_green.ome.tiff::tile_y032768_x045056.tiff::40","Process_366_raw_green.ome.tiff","tile_y032768_x045056.tiff"
"folkertsi-0380","keep","initial_default","D. folkertsi","30","Process_366_raw_green.ome.tiff::tile_y057344_x028672.tiff::30","Process_366_raw_green.ome.tiff","tile_y057344_x028672.tiff"
"folkertsi-0381","keep","initial_default","D. folkertsi","31","Process_366_raw_green.ome.tiff::tile_y008192_x016384.tiff::1","Process_366_raw_green.ome.tiff","tile_y008192_x016384.tiff"
"folkertsi-0382","keep","initial_default","D. folkertsi","33","Process_367_raw_green.ome.tiff::tile_y028672_x040960.tiff::83","Process_367_raw_green.ome.tiff","tile_y028672_x040960.tiff"
"folkertsi-0383","keep","initial_default","D. folkertsi","34","Process_366_raw_green.ome.tiff::tile_y032768_x036864.tiff::75","Process_366_raw_green.ome.tiff","tile_y032768_x036864.tiff"
"folkertsi-0384","keep","initial_default","D. folkertsi","36","Process_367_raw_green.ome.tiff::tile_y028672_x040960.tiff::58","Process_367_raw_green.ome.tiff","tile_y028672_x040960.tiff"
"folkertsi-0385","keep","initial_default","D. folkertsi","37","Process_366_raw_green.ome.tiff::tile_y049152_x028672.tiff::140","Process_366_raw_green.ome.tiff","tile_y049152_x028672.tiff"
"folkertsi-0386","keep","initial_default","D. folkertsi","38","Process_367_raw_green.ome.tiff::tile_y028672_x040960.tiff::43","Process_367_raw_green.ome.tiff","tile_y028672_x040960.tiff"
"folkertsi-0387","keep","initial_default","D. folkertsi","39","Process_366_raw_green.ome.tiff::tile_y008192_x016384.tiff::24","Process_366_raw_green.ome.tiff","tile_y008192_x016384.tiff"
"folkertsi-0388","keep","initial_default","D. folkertsi","41","Process_366_raw_green.ome.tiff::tile_y049152_x028672.tiff::80","Process_366_raw_green.ome.tiff","tile_y049152_x028672.tiff"
"folkertsi-0389","keep","initial_default","D. folkertsi","42","Process_366_raw_green.ome.tiff::tile_y032768_x045056.tiff::21","Process_366_raw_green.ome.tiff","tile_y032768_x045056.tiff"
"folkertsi-0390","keep","initial_default","D. folkertsi","43","Process_367_raw_green.ome.tiff::tile_y000000_x024576.tiff::70","Process_367_raw_green.ome.tiff","tile_y000000_x024576.tiff"
"folkertsi-0391","keep","initial_default","D. folkertsi","44","Process_366_raw_green.ome.tiff::tile_y049152_x028672.tiff::85","Process_366_raw_green.ome.tiff","tile_y049152_x028672.tiff"
"folkertsi-0392","keep","initial_default","D. folkertsi","45","Process_367_raw_green.ome.tiff::tile_y016384_x049152.tiff::2","Process_367_raw_green.ome.tiff","tile_y016384_x049152.tiff"
"folkertsi-0393","keep","initial_default","D. folkertsi","46","Process_367_raw_green.ome.tiff::tile_y028672_x040960.tiff::38","Process_367_raw_green.ome.tiff","tile_y028672_x040960.tiff"
"folkertsi-0394","keep","initial_default","D. folkertsi","47","Process_367_raw_green.ome.tiff::tile_y028672_x040960.tiff::40","Process_367_raw_green.ome.tiff","tile_y028672_x040960.tiff"
"folkertsi-0395","keep","initial_default","D. folkertsi","48","Process_366_raw_green.ome.tiff::tile_y032768_x045056.tiff::27","Process_366_raw_green.ome.tiff","tile_y032768_x045056.tiff"
"folkertsi-0396","keep","initial_default","D. folkertsi","49","Process_367_raw_green.ome.tiff::tile_y028672_x040960.tiff::46","Process_367_raw_green.ome.tiff","tile_y028672_x040960.tiff"
"folkertsi-0397","keep","initial_default","D. folkertsi","50","Process_367_raw_green.ome.tiff::tile_y016384_x049152.tiff::29","Process_367_raw_green.ome.tiff","tile_y016384_x049152.tiff"
"folkertsi-0398","keep","initial_default","D. folkertsi","51","Process_367_raw_green.ome.tiff::tile_y016384_x049152.tiff::41","Process_367_raw_green.ome.tiff","tile_y016384_x049152.tiff"
"folkertsi-0399","keep","initial_default","D. folkertsi","52","Process_366_raw_green.ome.tiff::tile_y032768_x036864.tiff::57","Process_366_raw_green.ome.tiff","tile_y032768_x036864.tiff"
"folkertsi-0400","keep","initial_default","D. folkertsi","53","Process_367_raw_green.ome.tiff::tile_y000000_x024576.tiff::57","Process_367_raw_green.ome.tiff","tile_y000000_x024576.tiff"
"fuscus-0401","keep","initial_default","D. fuscus","1","Process_320_raw_green.ome.tiff::tile_y040960_x000000.tiff::7","Process_320_raw_green.ome.tiff","tile_y040960_x000000.tiff"
"fuscus-0402","keep","initial_default","D. fuscus","2","Process_320_raw_green.ome.tiff::tile_y012288_x000000.tiff::14","Process_320_raw_green.ome.tiff","tile_y012288_x000000.tiff"
"fuscus-0403","keep","initial_default","D. fuscus","3","Process_320_raw_green.ome.tiff::tile_y028672_x077824.tiff::17","Process_320_raw_green.ome.tiff","tile_y028672_x077824.tiff"
"fuscus-0404","keep","initial_default","D. fuscus","4","Process_320_raw_green.ome.tiff::tile_y012288_x000000.tiff::5","Process_320_raw_green.ome.tiff","tile_y012288_x000000.tiff"
"fuscus-0405","keep","initial_default","D. fuscus","5","Process_320_raw_green.ome.tiff::tile_y040960_x000000.tiff::25","Process_320_raw_green.ome.tiff","tile_y040960_x000000.tiff"
"fuscus-0406","keep","initial_default","D. fuscus","6","Process_320_raw_green.ome.tiff::tile_y024576_x028672.tiff::2","Process_320_raw_green.ome.tiff","tile_y024576_x028672.tiff"
"fuscus-0407","keep","initial_default","D. fuscus","7","Process_320_raw_green.ome.tiff::tile_y004096_x081920.tiff::18","Process_320_raw_green.ome.tiff","tile_y004096_x081920.tiff"
"fuscus-0408","keep","initial_default","D. fuscus","8","Process_315_raw_green.ome.tiff::tile_y024576_x040960.tiff::24","Process_315_raw_green.ome.tiff","tile_y024576_x040960.tiff"
"fuscus-0409","keep","initial_default","D. fuscus","9","Process_315_raw_green.ome.tiff::tile_y016384_x024576.tiff::111","Process_315_raw_green.ome.tiff","tile_y016384_x024576.tiff"
"fuscus-0410","keep","initial_default","D. fuscus","10","Process_315_raw_green.ome.tiff::tile_y016384_x016384.tiff::17","Process_315_raw_green.ome.tiff","tile_y016384_x016384.tiff"
"fuscus-0411","keep","initial_default","D. fuscus","11","Process_315_raw_green.ome.tiff::tile_y032768_x036864.tiff::52","Process_315_raw_green.ome.tiff","tile_y032768_x036864.tiff"
"fuscus-0412","keep","initial_default","D. fuscus","12","Process_320_raw_green.ome.tiff::tile_y012288_x000000.tiff::19","Process_320_raw_green.ome.tiff","tile_y012288_x000000.tiff"
"fuscus-0413","keep","initial_default","D. fuscus","13","Process_314_raw_green.ome.tiff::tile_y024576_x024576.tiff::8","Process_314_raw_green.ome.tiff","tile_y024576_x024576.tiff"
"fuscus-0414","keep","initial_default","D. fuscus","14","Process_315_raw_green.ome.tiff::tile_y016384_x016384.tiff::30","Process_315_raw_green.ome.tiff","tile_y016384_x016384.tiff"
"fuscus-0415","keep","initial_default","D. fuscus","15","Process_314_raw_green.ome.tiff::tile_y028672_x040960.tiff::42","Process_314_raw_green.ome.tiff","tile_y028672_x040960.tiff"
"fuscus-0416","keep","initial_default","D. fuscus","16","Process_314_raw_green.ome.tiff::tile_y065536_x032768.tiff::70","Process_314_raw_green.ome.tiff","tile_y065536_x032768.tiff"
"fuscus-0417","keep","initial_default","D. fuscus","17","Process_315_raw_green.ome.tiff::tile_y045056_x049152.tiff::151","Process_315_raw_green.ome.tiff","tile_y045056_x049152.tiff"
"fuscus-0418","keep","initial_default","D. fuscus","18","Process_314_raw_green.ome.tiff::tile_y057344_x032768.tiff::95","Process_314_raw_green.ome.tiff","tile_y057344_x032768.tiff"
"fuscus-0419","keep","initial_default","D. fuscus","20","Process_314_raw_green.ome.tiff::tile_y028672_x040960.tiff::62","Process_314_raw_green.ome.tiff","tile_y028672_x040960.tiff"
"fuscus-0420","keep","initial_default","D. fuscus","21","Process_320_raw_green.ome.tiff::tile_y024576_x028672.tiff::18","Process_320_raw_green.ome.tiff","tile_y024576_x028672.tiff"
"fuscus-0421","keep","initial_default","D. fuscus","22","Process_315_raw_green.ome.tiff::tile_y032768_x036864.tiff::62","Process_315_raw_green.ome.tiff","tile_y032768_x036864.tiff"
"fuscus-0422","keep","initial_default","D. fuscus","23","Process_315_raw_green.ome.tiff::tile_y016384_x024576.tiff::74","Process_315_raw_green.ome.tiff","tile_y016384_x024576.tiff"
"fuscus-0423","keep","initial_default","D. fuscus","24","Process_315_raw_green.ome.tiff::tile_y016384_x024576.tiff::70","Process_315_raw_green.ome.tiff","tile_y016384_x024576.tiff"
"fuscus-0424","keep","initial_default","D. fuscus","25","Process_320_raw_green.ome.tiff::tile_y028672_x077824.tiff::50","Process_320_raw_green.ome.tiff","tile_y028672_x077824.tiff"
"fuscus-0425","keep","initial_default","D. fuscus","26","Process_315_raw_green.ome.tiff::tile_y024576_x040960.tiff::5","Process_315_raw_green.ome.tiff","tile_y024576_x040960.tiff"
"fuscus-0426","keep","initial_default","D. fuscus","27","Process_314_raw_green.ome.tiff::tile_y057344_x032768.tiff::79","Process_314_raw_green.ome.tiff","tile_y057344_x032768.tiff"
"fuscus-0427","keep","initial_default","D. fuscus","28","Process_314_raw_green.ome.tiff::tile_y024576_x024576.tiff::55","Process_314_raw_green.ome.tiff","tile_y024576_x024576.tiff"
"fuscus-0428","keep","initial_default","D. fuscus","29","Process_314_raw_green.ome.tiff::tile_y057344_x032768.tiff::30","Process_314_raw_green.ome.tiff","tile_y057344_x032768.tiff"
"fuscus-0429","keep","initial_default","D. fuscus","30","Process_314_raw_green.ome.tiff::tile_y024576_x024576.tiff::60","Process_314_raw_green.ome.tiff","tile_y024576_x024576.tiff"
"fuscus-0430","keep","initial_default","D. fuscus","31","Process_314_raw_green.ome.tiff::tile_y057344_x032768.tiff::104","Process_314_raw_green.ome.tiff","tile_y057344_x032768.tiff"
"fuscus-0431","keep","initial_default","D. fuscus","32","Process_314_raw_green.ome.tiff::tile_y028672_x040960.tiff::66","Process_314_raw_green.ome.tiff","tile_y028672_x040960.tiff"
"fuscus-0432","keep","initial_default","D. fuscus","33","Process_315_raw_green.ome.tiff::tile_y032768_x036864.tiff::103","Process_315_raw_green.ome.tiff","tile_y032768_x036864.tiff"
"fuscus-0433","keep","initial_default","D. fuscus","34","Process_314_raw_green.ome.tiff::tile_y065536_x032768.tiff::58","Process_314_raw_green.ome.tiff","tile_y065536_x032768.tiff"
"fuscus-0434","keep","initial_default","D. fuscus","35","Process_314_raw_green.ome.tiff::tile_y024576_x024576.tiff::22","Process_314_raw_green.ome.tiff","tile_y024576_x024576.tiff"
"fuscus-0435","keep","initial_default","D. fuscus","36","Process_314_raw_green.ome.tiff::tile_y065536_x032768.tiff::2","Process_314_raw_green.ome.tiff","tile_y065536_x032768.tiff"
"fuscus-0436","keep","initial_default","D. fuscus","37","Process_314_raw_green.ome.tiff::tile_y057344_x032768.tiff::42","Process_314_raw_green.ome.tiff","tile_y057344_x032768.tiff"
"fuscus-0437","keep","initial_default","D. fuscus","38","Process_315_raw_green.ome.tiff::tile_y016384_x016384.tiff::37","Process_315_raw_green.ome.tiff","tile_y016384_x016384.tiff"
"fuscus-0438","keep","initial_default","D. fuscus","39","Process_314_raw_green.ome.tiff::tile_y057344_x032768.tiff::6","Process_314_raw_green.ome.tiff","tile_y057344_x032768.tiff"
"fuscus-0439","keep","initial_default","D. fuscus","40","Process_320_raw_green.ome.tiff::tile_y040960_x061440.tiff::20","Process_320_raw_green.ome.tiff","tile_y040960_x061440.tiff"
"fuscus-0440","keep","initial_default","D. fuscus","41","Process_314_raw_green.ome.tiff::tile_y057344_x032768.tiff::2","Process_314_raw_green.ome.tiff","tile_y057344_x032768.tiff"
"fuscus-0441","keep","initial_default","D. fuscus","42","Process_314_raw_green.ome.tiff::tile_y040960_x012288.tiff::2","Process_314_raw_green.ome.tiff","tile_y040960_x012288.tiff"
"fuscus-0442","keep","initial_default","D. fuscus","43","Process_320_raw_green.ome.tiff::tile_y040960_x000000.tiff::11","Process_320_raw_green.ome.tiff","tile_y040960_x000000.tiff"
"fuscus-0443","keep","initial_default","D. fuscus","44","Process_315_raw_green.ome.tiff::tile_y032768_x036864.tiff::46","Process_315_raw_green.ome.tiff","tile_y032768_x036864.tiff"
"fuscus-0444","keep","initial_default","D. fuscus","45","Process_315_raw_green.ome.tiff::tile_y016384_x016384.tiff::29","Process_315_raw_green.ome.tiff","tile_y016384_x016384.tiff"
"fuscus-0445","keep","initial_default","D. fuscus","46","Process_320_raw_green.ome.tiff::tile_y028672_x077824.tiff::12","Process_320_raw_green.ome.tiff","tile_y028672_x077824.tiff"
"fuscus-0446","keep","initial_default","D. fuscus","47","Process_320_raw_green.ome.tiff::tile_y024576_x028672.tiff::20","Process_320_raw_green.ome.tiff","tile_y024576_x028672.tiff"
"fuscus-0447","keep","initial_default","D. fuscus","48","Process_315_raw_green.ome.tiff::tile_y045056_x049152.tiff::52","Process_315_raw_green.ome.tiff","tile_y045056_x049152.tiff"
"fuscus-0448","keep","initial_default","D. fuscus","49","Process_320_raw_green.ome.tiff::tile_y000000_x032768.tiff::2","Process_320_raw_green.ome.tiff","tile_y000000_x032768.tiff"
"fuscus-0449","keep","initial_default","D. fuscus","50","Process_315_raw_green.ome.tiff::tile_y032768_x036864.tiff::17","Process_315_raw_green.ome.tiff","tile_y032768_x036864.tiff"
"fuscus-0450","keep","initial_default","D. fuscus","51","Process_315_raw_green.ome.tiff::tile_y016384_x016384.tiff::44","Process_315_raw_green.ome.tiff","tile_y016384_x016384.tiff"
"gvnigeusgwotli-0451","keep","initial_default","D. gvnigeusgwotli","1","Process_345_raw_green.ome.tiff::tile_y061440_x028672.tiff::138","Process_345_raw_green.ome.tiff","tile_y061440_x028672.tiff"
"gvnigeusgwotli-0452","keep","initial_default","D. gvnigeusgwotli","2","Process_345_raw_green.ome.tiff::tile_y061440_x028672.tiff::151","Process_345_raw_green.ome.tiff","tile_y061440_x028672.tiff"
"gvnigeusgwotli-0453","keep","initial_default","D. gvnigeusgwotli","3","Process_345_raw_green.ome.tiff::tile_y061440_x028672.tiff::46","Process_345_raw_green.ome.tiff","tile_y061440_x028672.tiff"
"gvnigeusgwotli-0454","keep","initial_default","D. gvnigeusgwotli","4","Process_345_raw_green.ome.tiff::tile_y053248_x032768.tiff::16","Process_345_raw_green.ome.tiff","tile_y053248_x032768.tiff"
"gvnigeusgwotli-0455","keep","initial_default","D. gvnigeusgwotli","5","Process_345_raw_green.ome.tiff::tile_y061440_x028672.tiff::108","Process_345_raw_green.ome.tiff","tile_y061440_x028672.tiff"
"gvnigeusgwotli-0456","keep","initial_default","D. gvnigeusgwotli","6","Process_345_raw_green.ome.tiff::tile_y045056_x069632.tiff::32","Process_345_raw_green.ome.tiff","tile_y045056_x069632.tiff"
"gvnigeusgwotli-0457","keep","initial_default","D. gvnigeusgwotli","7","Process_345_raw_green.ome.tiff::tile_y053248_x032768.tiff::53","Process_345_raw_green.ome.tiff","tile_y053248_x032768.tiff"
"gvnigeusgwotli-0458","keep","initial_default","D. gvnigeusgwotli","8","Process_345_raw_green.ome.tiff::tile_y061440_x028672.tiff::61","Process_345_raw_green.ome.tiff","tile_y061440_x028672.tiff"
"gvnigeusgwotli-0459","keep","initial_default","D. gvnigeusgwotli","9","Process_345_raw_green.ome.tiff::tile_y061440_x028672.tiff::161","Process_345_raw_green.ome.tiff","tile_y061440_x028672.tiff"
"gvnigeusgwotli-0460","keep","initial_default","D. gvnigeusgwotli","10","Process_345_raw_green.ome.tiff::tile_y008192_x077824.tiff::36","Process_345_raw_green.ome.tiff","tile_y008192_x077824.tiff"
"gvnigeusgwotli-0461","keep","initial_default","D. gvnigeusgwotli","11","Process_345_raw_green.ome.tiff::tile_y061440_x028672.tiff::153","Process_345_raw_green.ome.tiff","tile_y061440_x028672.tiff"
"gvnigeusgwotli-0462","keep","initial_default","D. gvnigeusgwotli","12","Process_345_raw_green.ome.tiff::tile_y061440_x028672.tiff::144","Process_345_raw_green.ome.tiff","tile_y061440_x028672.tiff"
"gvnigeusgwotli-0463","keep","initial_default","D. gvnigeusgwotli","13","Process_345_raw_green.ome.tiff::tile_y049152_x065536.tiff::21","Process_345_raw_green.ome.tiff","tile_y049152_x065536.tiff"
"gvnigeusgwotli-0464","keep","initial_default","D. gvnigeusgwotli","14","Process_345_raw_green.ome.tiff::tile_y008192_x077824.tiff::20","Process_345_raw_green.ome.tiff","tile_y008192_x077824.tiff"
"gvnigeusgwotli-0465","keep","initial_default","D. gvnigeusgwotli","15","Process_345_raw_green.ome.tiff::tile_y008192_x077824.tiff::42","Process_345_raw_green.ome.tiff","tile_y008192_x077824.tiff"
"gvnigeusgwotli-0466","keep","initial_default","D. gvnigeusgwotli","16","Process_345_raw_green.ome.tiff::tile_y053248_x032768.tiff::42","Process_345_raw_green.ome.tiff","tile_y053248_x032768.tiff"
"gvnigeusgwotli-0467","keep","initial_default","D. gvnigeusgwotli","17","Process_345_raw_green.ome.tiff::tile_y061440_x028672.tiff::6","Process_345_raw_green.ome.tiff","tile_y061440_x028672.tiff"
"gvnigeusgwotli-0468","keep","initial_default","D. gvnigeusgwotli","18","Process_345_raw_green.ome.tiff::tile_y053248_x032768.tiff::74","Process_345_raw_green.ome.tiff","tile_y053248_x032768.tiff"
"gvnigeusgwotli-0469","keep","initial_default","D. gvnigeusgwotli","19","Process_345_raw_green.ome.tiff::tile_y053248_x032768.tiff::44","Process_345_raw_green.ome.tiff","tile_y053248_x032768.tiff"
"gvnigeusgwotli-0470","keep","initial_default","D. gvnigeusgwotli","20","Process_345_raw_green.ome.tiff::tile_y008192_x077824.tiff::63","Process_345_raw_green.ome.tiff","tile_y008192_x077824.tiff"
"gvnigeusgwotli-0471","keep","initial_default","D. gvnigeusgwotli","21","Process_345_raw_green.ome.tiff::tile_y053248_x032768.tiff::9","Process_345_raw_green.ome.tiff","tile_y053248_x032768.tiff"
"gvnigeusgwotli-0472","keep","initial_default","D. gvnigeusgwotli","22","Process_345_raw_green.ome.tiff::tile_y053248_x032768.tiff::7","Process_345_raw_green.ome.tiff","tile_y053248_x032768.tiff"
"gvnigeusgwotli-0473","keep","initial_default","D. gvnigeusgwotli","23","Process_345_raw_green.ome.tiff::tile_y053248_x032768.tiff::85","Process_345_raw_green.ome.tiff","tile_y053248_x032768.tiff"
"gvnigeusgwotli-0474","keep","initial_default","D. gvnigeusgwotli","24","Process_345_raw_green.ome.tiff::tile_y045056_x069632.tiff::60","Process_345_raw_green.ome.tiff","tile_y045056_x069632.tiff"
"gvnigeusgwotli-0475","keep","initial_default","D. gvnigeusgwotli","25","Process_345_raw_green.ome.tiff::tile_y061440_x028672.tiff::23","Process_345_raw_green.ome.tiff","tile_y061440_x028672.tiff"
"gvnigeusgwotli-0476","keep","initial_default","D. gvnigeusgwotli","26","Process_345_raw_green.ome.tiff::tile_y061440_x028672.tiff::43","Process_345_raw_green.ome.tiff","tile_y061440_x028672.tiff"
"gvnigeusgwotli-0477","keep","initial_default","D. gvnigeusgwotli","27","Process_345_raw_green.ome.tiff::tile_y045056_x069632.tiff::13","Process_345_raw_green.ome.tiff","tile_y045056_x069632.tiff"
"gvnigeusgwotli-0478","keep","initial_default","D. gvnigeusgwotli","28","Process_345_raw_green.ome.tiff::tile_y053248_x032768.tiff::48","Process_345_raw_green.ome.tiff","tile_y053248_x032768.tiff"
"gvnigeusgwotli-0479","keep","initial_default","D. gvnigeusgwotli","29","Process_345_raw_green.ome.tiff::tile_y049152_x065536.tiff::20","Process_345_raw_green.ome.tiff","tile_y049152_x065536.tiff"
"gvnigeusgwotli-0480","keep","initial_default","D. gvnigeusgwotli","30","Process_345_raw_green.ome.tiff::tile_y061440_x028672.tiff::83","Process_345_raw_green.ome.tiff","tile_y061440_x028672.tiff"
"gvnigeusgwotli-0481","keep","initial_default","D. gvnigeusgwotli","31","Process_345_raw_green.ome.tiff::tile_y061440_x028672.tiff::4","Process_345_raw_green.ome.tiff","tile_y061440_x028672.tiff"
"gvnigeusgwotli-0482","keep","initial_default","D. gvnigeusgwotli","32","Process_345_raw_green.ome.tiff::tile_y053248_x032768.tiff::31","Process_345_raw_green.ome.tiff","tile_y053248_x032768.tiff"
"gvnigeusgwotli-0483","keep","initial_default","D. gvnigeusgwotli","33","Process_345_raw_green.ome.tiff::tile_y053248_x032768.tiff::60","Process_345_raw_green.ome.tiff","tile_y053248_x032768.tiff"
"gvnigeusgwotli-0484","keep","initial_default","D. gvnigeusgwotli","34","Process_345_raw_green.ome.tiff::tile_y008192_x077824.tiff::28","Process_345_raw_green.ome.tiff","tile_y008192_x077824.tiff"
"gvnigeusgwotli-0485","keep","initial_default","D. gvnigeusgwotli","35","Process_345_raw_green.ome.tiff::tile_y061440_x028672.tiff::92","Process_345_raw_green.ome.tiff","tile_y061440_x028672.tiff"
"gvnigeusgwotli-0486","keep","initial_default","D. gvnigeusgwotli","36","Process_345_raw_green.ome.tiff::tile_y061440_x028672.tiff::104","Process_345_raw_green.ome.tiff","tile_y061440_x028672.tiff"
"gvnigeusgwotli-0487","keep","initial_default","D. gvnigeusgwotli","37","Process_345_raw_green.ome.tiff::tile_y053248_x032768.tiff::2","Process_345_raw_green.ome.tiff","tile_y053248_x032768.tiff"
"gvnigeusgwotli-0488","keep","initial_default","D. gvnigeusgwotli","38","Process_345_raw_green.ome.tiff::tile_y045056_x069632.tiff::7","Process_345_raw_green.ome.tiff","tile_y045056_x069632.tiff"
"gvnigeusgwotli-0489","keep","initial_default","D. gvnigeusgwotli","39","Process_345_raw_green.ome.tiff::tile_y061440_x028672.tiff::41","Process_345_raw_green.ome.tiff","tile_y061440_x028672.tiff"
"gvnigeusgwotli-0490","keep","initial_default","D. gvnigeusgwotli","40","Process_345_raw_green.ome.tiff::tile_y053248_x032768.tiff::57","Process_345_raw_green.ome.tiff","tile_y053248_x032768.tiff"
"gvnigeusgwotli-0491","keep","initial_default","D. gvnigeusgwotli","41","Process_345_raw_green.ome.tiff::tile_y053248_x032768.tiff::22","Process_345_raw_green.ome.tiff","tile_y053248_x032768.tiff"
"gvnigeusgwotli-0492","keep","initial_default","D. gvnigeusgwotli","42","Process_345_raw_green.ome.tiff::tile_y049152_x065536.tiff::30","Process_345_raw_green.ome.tiff","tile_y049152_x065536.tiff"
"gvnigeusgwotli-0493","keep","initial_default","D. gvnigeusgwotli","43","Process_345_raw_green.ome.tiff::tile_y061440_x028672.tiff::100","Process_345_raw_green.ome.tiff","tile_y061440_x028672.tiff"
"gvnigeusgwotli-0494","keep","initial_default","D. gvnigeusgwotli","44","Process_345_raw_green.ome.tiff::tile_y061440_x028672.tiff::113","Process_345_raw_green.ome.tiff","tile_y061440_x028672.tiff"
"gvnigeusgwotli-0495","keep","initial_default","D. gvnigeusgwotli","45","Process_345_raw_green.ome.tiff::tile_y061440_x028672.tiff::154","Process_345_raw_green.ome.tiff","tile_y061440_x028672.tiff"
"gvnigeusgwotli-0496","keep","initial_default","D. gvnigeusgwotli","46","Process_345_raw_green.ome.tiff::tile_y045056_x069632.tiff::57","Process_345_raw_green.ome.tiff","tile_y045056_x069632.tiff"
"gvnigeusgwotli-0497","keep","initial_default","D. gvnigeusgwotli","47","Process_345_raw_green.ome.tiff::tile_y053248_x032768.tiff::33","Process_345_raw_green.ome.tiff","tile_y053248_x032768.tiff"
"gvnigeusgwotli-0498","keep","initial_default","D. gvnigeusgwotli","48","Process_345_raw_green.ome.tiff::tile_y053248_x032768.tiff::82","Process_345_raw_green.ome.tiff","tile_y053248_x032768.tiff"
"gvnigeusgwotli-0499","keep","initial_default","D. gvnigeusgwotli","49","Process_345_raw_green.ome.tiff::tile_y045056_x069632.tiff::26","Process_345_raw_green.ome.tiff","tile_y045056_x069632.tiff"
"gvnigeusgwotli-0500","keep","initial_default","D. gvnigeusgwotli","50","Process_345_raw_green.ome.tiff::tile_y053248_x032768.tiff::41","Process_345_raw_green.ome.tiff","tile_y053248_x032768.tiff"
"intermedius-0501","keep","initial_default","D. intermedius","1","Process_336_raw_green.ome.tiff::tile_y040960_x077824.tiff::31","Process_336_raw_green.ome.tiff","tile_y040960_x077824.tiff"
"intermedius-0502","keep","initial_default","D. intermedius","2","Process_336_raw_green.ome.tiff::tile_y040960_x077824.tiff::160","Process_336_raw_green.ome.tiff","tile_y040960_x077824.tiff"
"intermedius-0503","keep","initial_default","D. intermedius","3","Process_336_raw_green.ome.tiff::tile_y040960_x073728.tiff::126","Process_336_raw_green.ome.tiff","tile_y040960_x073728.tiff"
"intermedius-0504","keep","initial_default","D. intermedius","4","Process_336_raw_green.ome.tiff::tile_y008192_x040960.tiff::20","Process_336_raw_green.ome.tiff","tile_y008192_x040960.tiff"
"intermedius-0505","keep","initial_default","D. intermedius","5","Process_336_raw_green.ome.tiff::tile_y040960_x077824.tiff::94","Process_336_raw_green.ome.tiff","tile_y040960_x077824.tiff"
"intermedius-0506","keep","initial_default","D. intermedius","6","Process_336_raw_green.ome.tiff::tile_y040960_x077824.tiff::27","Process_336_raw_green.ome.tiff","tile_y040960_x077824.tiff"
"intermedius-0507","keep","initial_default","D. intermedius","7","Process_336_raw_green.ome.tiff::tile_y040960_x073728.tiff::70","Process_336_raw_green.ome.tiff","tile_y040960_x073728.tiff"
"intermedius-0508","keep","initial_default","D. intermedius","8","Process_336_raw_green.ome.tiff::tile_y040960_x073728.tiff::19","Process_336_raw_green.ome.tiff","tile_y040960_x073728.tiff"
"intermedius-0509","keep","initial_default","D. intermedius","9","Process_336_raw_green.ome.tiff::tile_y040960_x077824.tiff::28","Process_336_raw_green.ome.tiff","tile_y040960_x077824.tiff"
"intermedius-0510","keep","initial_default","D. intermedius","10","Process_336_raw_green.ome.tiff::tile_y040960_x077824.tiff::114","Process_336_raw_green.ome.tiff","tile_y040960_x077824.tiff"
"intermedius-0511","keep","initial_default","D. intermedius","11","Process_336_raw_green.ome.tiff::tile_y040960_x073728.tiff::43","Process_336_raw_green.ome.tiff","tile_y040960_x073728.tiff"
"intermedius-0512","keep","initial_default","D. intermedius","12","Process_336_raw_green.ome.tiff::tile_y040960_x077824.tiff::184","Process_336_raw_green.ome.tiff","tile_y040960_x077824.tiff"
"intermedius-0513","keep","initial_default","D. intermedius","13","Process_336_raw_green.ome.tiff::tile_y040960_x073728.tiff::26","Process_336_raw_green.ome.tiff","tile_y040960_x073728.tiff"
"intermedius-0514","keep","initial_default","D. intermedius","14","Process_336_raw_green.ome.tiff::tile_y008192_x040960.tiff::83","Process_336_raw_green.ome.tiff","tile_y008192_x040960.tiff"
"intermedius-0515","keep","initial_default","D. intermedius","15","Process_336_raw_green.ome.tiff::tile_y040960_x077824.tiff::187","Process_336_raw_green.ome.tiff","tile_y040960_x077824.tiff"
"intermedius-0516","keep","initial_default","D. intermedius","17","Process_336_raw_green.ome.tiff::tile_y040960_x077824.tiff::105","Process_336_raw_green.ome.tiff","tile_y040960_x077824.tiff"
"intermedius-0517","keep","initial_default","D. intermedius","18","Process_336_raw_green.ome.tiff::tile_y040960_x073728.tiff::48","Process_336_raw_green.ome.tiff","tile_y040960_x073728.tiff"
"intermedius-0518","keep","initial_default","D. intermedius","19","Process_336_raw_green.ome.tiff::tile_y040960_x077824.tiff::181","Process_336_raw_green.ome.tiff","tile_y040960_x077824.tiff"
"intermedius-0519","keep","initial_default","D. intermedius","20","Process_336_raw_green.ome.tiff::tile_y040960_x077824.tiff::25","Process_336_raw_green.ome.tiff","tile_y040960_x077824.tiff"
"intermedius-0520","keep","initial_default","D. intermedius","21","Process_336_raw_green.ome.tiff::tile_y040960_x073728.tiff::21","Process_336_raw_green.ome.tiff","tile_y040960_x073728.tiff"
"intermedius-0521","keep","initial_default","D. intermedius","22","Process_336_raw_green.ome.tiff::tile_y008192_x040960.tiff::58","Process_336_raw_green.ome.tiff","tile_y008192_x040960.tiff"
"intermedius-0522","keep","initial_default","D. intermedius","23","Process_336_raw_green.ome.tiff::tile_y040960_x073728.tiff::12","Process_336_raw_green.ome.tiff","tile_y040960_x073728.tiff"
"intermedius-0523","keep","initial_default","D. intermedius","24","Process_336_raw_green.ome.tiff::tile_y008192_x040960.tiff::104","Process_336_raw_green.ome.tiff","tile_y008192_x040960.tiff"
"intermedius-0524","keep","initial_default","D. intermedius","25","Process_336_raw_green.ome.tiff::tile_y040960_x077824.tiff::103","Process_336_raw_green.ome.tiff","tile_y040960_x077824.tiff"
"intermedius-0525","keep","initial_default","D. intermedius","26","Process_336_raw_green.ome.tiff::tile_y040960_x077824.tiff::135","Process_336_raw_green.ome.tiff","tile_y040960_x077824.tiff"
"intermedius-0526","keep","initial_default","D. intermedius","27","Process_336_raw_green.ome.tiff::tile_y040960_x077824.tiff::177","Process_336_raw_green.ome.tiff","tile_y040960_x077824.tiff"
"intermedius-0527","keep","initial_default","D. intermedius","28","Process_336_raw_green.ome.tiff::tile_y040960_x073728.tiff::134","Process_336_raw_green.ome.tiff","tile_y040960_x073728.tiff"
"intermedius-0528","keep","initial_default","D. intermedius","29","Process_336_raw_green.ome.tiff::tile_y040960_x077824.tiff::140","Process_336_raw_green.ome.tiff","tile_y040960_x077824.tiff"
"intermedius-0529","keep","initial_default","D. intermedius","30","Process_336_raw_green.ome.tiff::tile_y008192_x040960.tiff::33","Process_336_raw_green.ome.tiff","tile_y008192_x040960.tiff"
"intermedius-0530","keep","initial_default","D. intermedius","31","Process_336_raw_green.ome.tiff::tile_y040960_x073728.tiff::69","Process_336_raw_green.ome.tiff","tile_y040960_x073728.tiff"
"intermedius-0531","keep","initial_default","D. intermedius","32","Process_336_raw_green.ome.tiff::tile_y040960_x073728.tiff::124","Process_336_raw_green.ome.tiff","tile_y040960_x073728.tiff"
"intermedius-0532","keep","initial_default","D. intermedius","33","Process_336_raw_green.ome.tiff::tile_y040960_x077824.tiff::158","Process_336_raw_green.ome.tiff","tile_y040960_x077824.tiff"
"intermedius-0533","keep","initial_default","D. intermedius","34","Process_336_raw_green.ome.tiff::tile_y040960_x077824.tiff::182","Process_336_raw_green.ome.tiff","tile_y040960_x077824.tiff"
"intermedius-0534","keep","initial_default","D. intermedius","36","Process_336_raw_green.ome.tiff::tile_y040960_x073728.tiff::109","Process_336_raw_green.ome.tiff","tile_y040960_x073728.tiff"
"intermedius-0535","keep","initial_default","D. intermedius","37","Process_336_raw_green.ome.tiff::tile_y040960_x077824.tiff::121","Process_336_raw_green.ome.tiff","tile_y040960_x077824.tiff"
"intermedius-0536","keep","initial_default","D. intermedius","38","Process_336_raw_green.ome.tiff::tile_y040960_x073728.tiff::3","Process_336_raw_green.ome.tiff","tile_y040960_x073728.tiff"
"intermedius-0537","keep","initial_default","D. intermedius","39","Process_336_raw_green.ome.tiff::tile_y040960_x073728.tiff::138","Process_336_raw_green.ome.tiff","tile_y040960_x073728.tiff"
"intermedius-0538","keep","initial_default","D. intermedius","40","Process_336_raw_green.ome.tiff::tile_y008192_x040960.tiff::29","Process_336_raw_green.ome.tiff","tile_y008192_x040960.tiff"
"intermedius-0539","keep","initial_default","D. intermedius","41","Process_336_raw_green.ome.tiff::tile_y040960_x073728.tiff::121","Process_336_raw_green.ome.tiff","tile_y040960_x073728.tiff"
"intermedius-0540","keep","initial_default","D. intermedius","42","Process_336_raw_green.ome.tiff::tile_y040960_x077824.tiff::159","Process_336_raw_green.ome.tiff","tile_y040960_x077824.tiff"
"intermedius-0541","keep","initial_default","D. intermedius","43","Process_336_raw_green.ome.tiff::tile_y040960_x077824.tiff::93","Process_336_raw_green.ome.tiff","tile_y040960_x077824.tiff"
"intermedius-0542","keep","initial_default","D. intermedius","45","Process_336_raw_green.ome.tiff::tile_y040960_x073728.tiff::146","Process_336_raw_green.ome.tiff","tile_y040960_x073728.tiff"
"intermedius-0543","keep","initial_default","D. intermedius","46","Process_336_raw_green.ome.tiff::tile_y008192_x040960.tiff::78","Process_336_raw_green.ome.tiff","tile_y008192_x040960.tiff"
"intermedius-0544","keep","initial_default","D. intermedius","47","Process_336_raw_green.ome.tiff::tile_y040960_x073728.tiff::6","Process_336_raw_green.ome.tiff","tile_y040960_x073728.tiff"
"intermedius-0545","keep","initial_default","D. intermedius","48","Process_336_raw_green.ome.tiff::tile_y040960_x073728.tiff::1","Process_336_raw_green.ome.tiff","tile_y040960_x073728.tiff"
"intermedius-0546","keep","initial_default","D. intermedius","49","Process_336_raw_green.ome.tiff::tile_y040960_x077824.tiff::117","Process_336_raw_green.ome.tiff","tile_y040960_x077824.tiff"
"intermedius-0547","keep","initial_default","D. intermedius","50","Process_336_raw_green.ome.tiff::tile_y040960_x077824.tiff::113","Process_336_raw_green.ome.tiff","tile_y040960_x077824.tiff"
"intermedius-0548","keep","initial_default","D. intermedius","51","Process_336_raw_green.ome.tiff::tile_y040960_x077824.tiff::16","Process_336_raw_green.ome.tiff","tile_y040960_x077824.tiff"
"intermedius-0549","keep","initial_default","D. intermedius","52","Process_336_raw_green.ome.tiff::tile_y040960_x077824.tiff::68","Process_336_raw_green.ome.tiff","tile_y040960_x077824.tiff"
"intermedius-0550","keep","initial_default","D. intermedius","53","Process_336_raw_green.ome.tiff::tile_y040960_x073728.tiff::38","Process_336_raw_green.ome.tiff","tile_y040960_x073728.tiff"
"kanawha-0551","keep","initial_default","D. kanawha","2","Process_341_raw_green.ome.tiff::tile_y045056_x081920.tiff::64","Process_341_raw_green.ome.tiff","tile_y045056_x081920.tiff"
"kanawha-0552","keep","initial_default","D. kanawha","3","Process_341_raw_green.ome.tiff::tile_y028672_x057344.tiff::38","Process_341_raw_green.ome.tiff","tile_y028672_x057344.tiff"
"kanawha-0553","keep","initial_default","D. kanawha","4","Process_341_raw_green.ome.tiff::tile_y045056_x020480.tiff::74","Process_341_raw_green.ome.tiff","tile_y045056_x020480.tiff"
"kanawha-0554","keep","initial_default","D. kanawha","6","Process_341_raw_green.ome.tiff::tile_y036864_x008192.tiff::92","Process_341_raw_green.ome.tiff","tile_y036864_x008192.tiff"
"kanawha-0555","keep","initial_default","D. kanawha","7","Process_341_raw_green.ome.tiff::tile_y045056_x081920.tiff::98","Process_341_raw_green.ome.tiff","tile_y045056_x081920.tiff"
"kanawha-0556","keep","initial_default","D. kanawha","8","Process_341_raw_green.ome.tiff::tile_y045056_x081920.tiff::80","Process_341_raw_green.ome.tiff","tile_y045056_x081920.tiff"
"kanawha-0557","keep","initial_default","D. kanawha","9","Process_341_raw_green.ome.tiff::tile_y036864_x008192.tiff::98","Process_341_raw_green.ome.tiff","tile_y036864_x008192.tiff"
"kanawha-0558","keep","initial_default","D. kanawha","10","Process_341_raw_green.ome.tiff::tile_y036864_x008192.tiff::63","Process_341_raw_green.ome.tiff","tile_y036864_x008192.tiff"
"kanawha-0559","keep","initial_default","D. kanawha","12","Process_341_raw_green.ome.tiff::tile_y008192_x065536.tiff::10","Process_341_raw_green.ome.tiff","tile_y008192_x065536.tiff"
"kanawha-0560","keep","initial_default","D. kanawha","13","Process_341_raw_green.ome.tiff::tile_y045056_x020480.tiff::106","Process_341_raw_green.ome.tiff","tile_y045056_x020480.tiff"
"kanawha-0561","keep","initial_default","D. kanawha","14","Process_341_raw_green.ome.tiff::tile_y028672_x057344.tiff::19","Process_341_raw_green.ome.tiff","tile_y028672_x057344.tiff"
"kanawha-0562","keep","initial_default","D. kanawha","15","Process_341_raw_green.ome.tiff::tile_y045056_x020480.tiff::133","Process_341_raw_green.ome.tiff","tile_y045056_x020480.tiff"
"kanawha-0563","keep","initial_default","D. kanawha","16","Process_341_raw_green.ome.tiff::tile_y045056_x020480.tiff::179","Process_341_raw_green.ome.tiff","tile_y045056_x020480.tiff"
"kanawha-0564","keep","initial_default","D. kanawha","17","Process_341_raw_green.ome.tiff::tile_y045056_x020480.tiff::201","Process_341_raw_green.ome.tiff","tile_y045056_x020480.tiff"
"kanawha-0565","keep","initial_default","D. kanawha","18","Process_341_raw_green.ome.tiff::tile_y045056_x020480.tiff::67","Process_341_raw_green.ome.tiff","tile_y045056_x020480.tiff"
"kanawha-0566","keep","initial_default","D. kanawha","19","Process_339_raw_green.ome.tiff::tile_y028672_x020480.tiff::85","Process_339_raw_green.ome.tiff","tile_y028672_x020480.tiff"
"kanawha-0567","keep","initial_default","D. kanawha","20","Process_341_raw_green.ome.tiff::tile_y036864_x008192.tiff::43","Process_341_raw_green.ome.tiff","tile_y036864_x008192.tiff"
"kanawha-0568","keep","initial_default","D. kanawha","21","Process_339_raw_green.ome.tiff::tile_y028672_x020480.tiff::9","Process_339_raw_green.ome.tiff","tile_y028672_x020480.tiff"
"kanawha-0569","keep","initial_default","D. kanawha","22","Process_341_raw_green.ome.tiff::tile_y045056_x020480.tiff::6","Process_341_raw_green.ome.tiff","tile_y045056_x020480.tiff"
"kanawha-0570","keep","initial_default","D. kanawha","23","Process_341_raw_green.ome.tiff::tile_y045056_x020480.tiff::176","Process_341_raw_green.ome.tiff","tile_y045056_x020480.tiff"
"kanawha-0571","keep","initial_default","D. kanawha","24","Process_341_raw_green.ome.tiff::tile_y028672_x057344.tiff::6","Process_341_raw_green.ome.tiff","tile_y028672_x057344.tiff"
"kanawha-0572","keep","initial_default","D. kanawha","25","Process_339_raw_green.ome.tiff::tile_y028672_x020480.tiff::87","Process_339_raw_green.ome.tiff","tile_y028672_x020480.tiff"
"kanawha-0573","keep","initial_default","D. kanawha","26","Process_341_raw_green.ome.tiff::tile_y045056_x020480.tiff::104","Process_341_raw_green.ome.tiff","tile_y045056_x020480.tiff"
"kanawha-0574","keep","initial_default","D. kanawha","27","Process_341_raw_green.ome.tiff::tile_y036864_x008192.tiff::76","Process_341_raw_green.ome.tiff","tile_y036864_x008192.tiff"
"kanawha-0575","keep","initial_default","D. kanawha","28","Process_339_raw_green.ome.tiff::tile_y028672_x020480.tiff::97","Process_339_raw_green.ome.tiff","tile_y028672_x020480.tiff"
"kanawha-0576","keep","initial_default","D. kanawha","29","Process_341_raw_green.ome.tiff::tile_y036864_x008192.tiff::62","Process_341_raw_green.ome.tiff","tile_y036864_x008192.tiff"
"kanawha-0577","keep","initial_default","D. kanawha","31","Process_341_raw_green.ome.tiff::tile_y045056_x020480.tiff::135","Process_341_raw_green.ome.tiff","tile_y045056_x020480.tiff"
"kanawha-0578","keep","initial_default","D. kanawha","32","Process_339_raw_green.ome.tiff::tile_y028672_x020480.tiff::18","Process_339_raw_green.ome.tiff","tile_y028672_x020480.tiff"
"kanawha-0579","keep","initial_default","D. kanawha","33","Process_341_raw_green.ome.tiff::tile_y028672_x057344.tiff::8","Process_341_raw_green.ome.tiff","tile_y028672_x057344.tiff"
"kanawha-0580","keep","initial_default","D. kanawha","34","Process_341_raw_green.ome.tiff::tile_y045056_x020480.tiff::102","Process_341_raw_green.ome.tiff","tile_y045056_x020480.tiff"
"kanawha-0581","keep","initial_default","D. kanawha","35","Process_341_raw_green.ome.tiff::tile_y045056_x081920.tiff::45","Process_341_raw_green.ome.tiff","tile_y045056_x081920.tiff"
"kanawha-0582","keep","initial_default","D. kanawha","36","Process_339_raw_green.ome.tiff::tile_y036864_x028672.tiff::41","Process_339_raw_green.ome.tiff","tile_y036864_x028672.tiff"
"kanawha-0583","keep","initial_default","D. kanawha","37","Process_341_raw_green.ome.tiff::tile_y045056_x081920.tiff::49","Process_341_raw_green.ome.tiff","tile_y045056_x081920.tiff"
"kanawha-0584","keep","initial_default","D. kanawha","38","Process_339_raw_green.ome.tiff::tile_y028672_x020480.tiff::10","Process_339_raw_green.ome.tiff","tile_y028672_x020480.tiff"
"kanawha-0585","keep","initial_default","D. kanawha","39","Process_341_raw_green.ome.tiff::tile_y028672_x057344.tiff::30","Process_341_raw_green.ome.tiff","tile_y028672_x057344.tiff"
"kanawha-0586","keep","initial_default","D. kanawha","40","Process_341_raw_green.ome.tiff::tile_y045056_x020480.tiff::200","Process_341_raw_green.ome.tiff","tile_y045056_x020480.tiff"
"kanawha-0587","keep","initial_default","D. kanawha","41","Process_341_raw_green.ome.tiff::tile_y036864_x008192.tiff::21","Process_341_raw_green.ome.tiff","tile_y036864_x008192.tiff"
"kanawha-0588","keep","initial_default","D. kanawha","43","Process_341_raw_green.ome.tiff::tile_y036864_x008192.tiff::83","Process_341_raw_green.ome.tiff","tile_y036864_x008192.tiff"
"kanawha-0589","keep","initial_default","D. kanawha","44","Process_341_raw_green.ome.tiff::tile_y045056_x020480.tiff::228","Process_341_raw_green.ome.tiff","tile_y045056_x020480.tiff"
"kanawha-0590","keep","initial_default","D. kanawha","45","Process_341_raw_green.ome.tiff::tile_y045056_x020480.tiff::119","Process_341_raw_green.ome.tiff","tile_y045056_x020480.tiff"
"kanawha-0591","keep","initial_default","D. kanawha","46","Process_341_raw_green.ome.tiff::tile_y036864_x008192.tiff::82","Process_341_raw_green.ome.tiff","tile_y036864_x008192.tiff"
"kanawha-0592","keep","initial_default","D. kanawha","47","Process_341_raw_green.ome.tiff::tile_y045056_x020480.tiff::173","Process_341_raw_green.ome.tiff","tile_y045056_x020480.tiff"
"kanawha-0593","keep","initial_default","D. kanawha","48","Process_341_raw_green.ome.tiff::tile_y036864_x008192.tiff::4","Process_341_raw_green.ome.tiff","tile_y036864_x008192.tiff"
"kanawha-0594","keep","initial_default","D. kanawha","49","Process_339_raw_green.ome.tiff::tile_y036864_x028672.tiff::53","Process_339_raw_green.ome.tiff","tile_y036864_x028672.tiff"
"kanawha-0595","keep","initial_default","D. kanawha","50","Process_341_raw_green.ome.tiff::tile_y028672_x057344.tiff::25","Process_341_raw_green.ome.tiff","tile_y028672_x057344.tiff"
"kanawha-0596","keep","initial_default","D. kanawha","51","Process_341_raw_green.ome.tiff::tile_y028672_x057344.tiff::11","Process_341_raw_green.ome.tiff","tile_y028672_x057344.tiff"
"kanawha-0597","keep","initial_default","D. kanawha","52","Process_339_raw_green.ome.tiff::tile_y028672_x020480.tiff::64","Process_339_raw_green.ome.tiff","tile_y028672_x020480.tiff"
"kanawha-0598","keep","initial_default","D. kanawha","53","Process_341_raw_green.ome.tiff::tile_y045056_x020480.tiff::57","Process_341_raw_green.ome.tiff","tile_y045056_x020480.tiff"
"kanawha-0599","keep","initial_default","D. kanawha","54","Process_339_raw_green.ome.tiff::tile_y028672_x020480.tiff::29","Process_339_raw_green.ome.tiff","tile_y028672_x020480.tiff"
"kanawha-0600","keep","initial_default","D. kanawha","55","Process_341_raw_green.ome.tiff::tile_y045056_x081920.tiff::16","Process_341_raw_green.ome.tiff","tile_y045056_x081920.tiff"
"marmoratus-0601","keep","initial_default","D. marmoratus","1","Process_334_raw_green.ome.tiff::tile_y028672_x036864.tiff::167","Process_334_raw_green.ome.tiff","tile_y028672_x036864.tiff"
"marmoratus-0602","keep","initial_default","D. marmoratus","2","Process_334_raw_green.ome.tiff::tile_y028672_x036864.tiff::318","Process_334_raw_green.ome.tiff","tile_y028672_x036864.tiff"
"marmoratus-0603","keep","initial_default","D. marmoratus","3","Process_334_raw_green.ome.tiff::tile_y000000_x036864.tiff::1","Process_334_raw_green.ome.tiff","tile_y000000_x036864.tiff"
"marmoratus-0604","keep","initial_default","D. marmoratus","4","Process_334_raw_green.ome.tiff::tile_y028672_x036864.tiff::81","Process_334_raw_green.ome.tiff","tile_y028672_x036864.tiff"
"marmoratus-0605","keep","initial_default","D. marmoratus","5","Process_334_raw_green.ome.tiff::tile_y000000_x036864.tiff::11","Process_334_raw_green.ome.tiff","tile_y000000_x036864.tiff"
"marmoratus-0606","keep","initial_default","D. marmoratus","6","Process_334_raw_green.ome.tiff::tile_y028672_x036864.tiff::133","Process_334_raw_green.ome.tiff","tile_y028672_x036864.tiff"
"marmoratus-0607","keep","initial_default","D. marmoratus","7","Process_334_raw_green.ome.tiff::tile_y028672_x036864.tiff::90","Process_334_raw_green.ome.tiff","tile_y028672_x036864.tiff"
"marmoratus-0608","keep","initial_default","D. marmoratus","8","Process_333_raw_green.ome.tiff::tile_y024576_x057344.tiff::26","Process_333_raw_green.ome.tiff","tile_y024576_x057344.tiff"
"marmoratus-0609","keep","initial_default","D. marmoratus","9","Process_334_raw_green.ome.tiff::tile_y000000_x036864.tiff::14","Process_334_raw_green.ome.tiff","tile_y000000_x036864.tiff"
"marmoratus-0610","keep","initial_default","D. marmoratus","10","Process_334_raw_green.ome.tiff::tile_y028672_x036864.tiff::103","Process_334_raw_green.ome.tiff","tile_y028672_x036864.tiff"
"marmoratus-0611","keep","initial_default","D. marmoratus","11","Process_334_raw_green.ome.tiff::tile_y028672_x036864.tiff::263","Process_334_raw_green.ome.tiff","tile_y028672_x036864.tiff"
"marmoratus-0612","keep","initial_default","D. marmoratus","12","Process_334_raw_green.ome.tiff::tile_y028672_x036864.tiff::38","Process_334_raw_green.ome.tiff","tile_y028672_x036864.tiff"
"marmoratus-0613","keep","initial_default","D. marmoratus","13","Process_334_raw_green.ome.tiff::tile_y028672_x036864.tiff::75","Process_334_raw_green.ome.tiff","tile_y028672_x036864.tiff"
"marmoratus-0614","keep","initial_default","D. marmoratus","14","Process_333_raw_green.ome.tiff::tile_y024576_x057344.tiff::39","Process_333_raw_green.ome.tiff","tile_y024576_x057344.tiff"
"marmoratus-0615","keep","initial_default","D. marmoratus","15","Process_333_raw_green.ome.tiff::tile_y032768_x061440.tiff::12","Process_333_raw_green.ome.tiff","tile_y032768_x061440.tiff"
"marmoratus-0616","keep","initial_default","D. marmoratus","16","Process_334_raw_green.ome.tiff::tile_y028672_x036864.tiff::10","Process_334_raw_green.ome.tiff","tile_y028672_x036864.tiff"
"marmoratus-0617","keep","initial_default","D. marmoratus","17","Process_334_raw_green.ome.tiff::tile_y028672_x036864.tiff::22","Process_334_raw_green.ome.tiff","tile_y028672_x036864.tiff"
"marmoratus-0618","keep","initial_default","D. marmoratus","18","Process_334_raw_green.ome.tiff::tile_y028672_x036864.tiff::179","Process_334_raw_green.ome.tiff","tile_y028672_x036864.tiff"
"marmoratus-0619","keep","initial_default","D. marmoratus","19","Process_334_raw_green.ome.tiff::tile_y028672_x036864.tiff::279","Process_334_raw_green.ome.tiff","tile_y028672_x036864.tiff"
"marmoratus-0620","keep","initial_default","D. marmoratus","20","Process_334_raw_green.ome.tiff::tile_y008192_x016384.tiff::62","Process_334_raw_green.ome.tiff","tile_y008192_x016384.tiff"
"marmoratus-0621","keep","initial_default","D. marmoratus","21","Process_333_raw_green.ome.tiff::tile_y032768_x061440.tiff::13","Process_333_raw_green.ome.tiff","tile_y032768_x061440.tiff"
"marmoratus-0622","keep","initial_default","D. marmoratus","22","Process_333_raw_green.ome.tiff::tile_y024576_x057344.tiff::23","Process_333_raw_green.ome.tiff","tile_y024576_x057344.tiff"
"marmoratus-0623","keep","initial_default","D. marmoratus","23","Process_333_raw_green.ome.tiff::tile_y053248_x036864.tiff::122","Process_333_raw_green.ome.tiff","tile_y053248_x036864.tiff"
"marmoratus-0624","keep","initial_default","D. marmoratus","25","Process_334_raw_green.ome.tiff::tile_y008192_x016384.tiff::61","Process_334_raw_green.ome.tiff","tile_y008192_x016384.tiff"
"marmoratus-0625","keep","initial_default","D. marmoratus","26","Process_334_raw_green.ome.tiff::tile_y028672_x036864.tiff::203","Process_334_raw_green.ome.tiff","tile_y028672_x036864.tiff"
"marmoratus-0626","keep","initial_default","D. marmoratus","27","Process_334_raw_green.ome.tiff::tile_y028672_x036864.tiff::310","Process_334_raw_green.ome.tiff","tile_y028672_x036864.tiff"
"marmoratus-0627","keep","initial_default","D. marmoratus","28","Process_334_raw_green.ome.tiff::tile_y008192_x016384.tiff::1","Process_334_raw_green.ome.tiff","tile_y008192_x016384.tiff"
"marmoratus-0628","keep","initial_default","D. marmoratus","29","Process_334_raw_green.ome.tiff::tile_y028672_x036864.tiff::124","Process_334_raw_green.ome.tiff","tile_y028672_x036864.tiff"
"marmoratus-0629","keep","initial_default","D. marmoratus","30","Process_333_raw_green.ome.tiff::tile_y053248_x036864.tiff::166","Process_333_raw_green.ome.tiff","tile_y053248_x036864.tiff"
"marmoratus-0630","keep","initial_default","D. marmoratus","31","Process_333_raw_green.ome.tiff::tile_y053248_x036864.tiff::4","Process_333_raw_green.ome.tiff","tile_y053248_x036864.tiff"
"marmoratus-0631","keep","initial_default","D. marmoratus","32","Process_334_raw_green.ome.tiff::tile_y028672_x036864.tiff::87","Process_334_raw_green.ome.tiff","tile_y028672_x036864.tiff"
"marmoratus-0632","keep","initial_default","D. marmoratus","33","Process_334_raw_green.ome.tiff::tile_y028672_x036864.tiff::79","Process_334_raw_green.ome.tiff","tile_y028672_x036864.tiff"
"marmoratus-0633","keep","initial_default","D. marmoratus","34","Process_333_raw_green.ome.tiff::tile_y024576_x057344.tiff::22","Process_333_raw_green.ome.tiff","tile_y024576_x057344.tiff"
"marmoratus-0634","keep","initial_default","D. marmoratus","35","Process_334_raw_green.ome.tiff::tile_y028672_x036864.tiff::306","Process_334_raw_green.ome.tiff","tile_y028672_x036864.tiff"
"marmoratus-0635","keep","initial_default","D. marmoratus","36","Process_334_raw_green.ome.tiff::tile_y028672_x036864.tiff::18","Process_334_raw_green.ome.tiff","tile_y028672_x036864.tiff"
"marmoratus-0636","keep","initial_default","D. marmoratus","37","Process_334_raw_green.ome.tiff::tile_y028672_x036864.tiff::35","Process_334_raw_green.ome.tiff","tile_y028672_x036864.tiff"
"marmoratus-0637","keep","initial_default","D. marmoratus","38","Process_334_raw_green.ome.tiff::tile_y028672_x036864.tiff::198","Process_334_raw_green.ome.tiff","tile_y028672_x036864.tiff"
"marmoratus-0638","keep","initial_default","D. marmoratus","39","Process_334_raw_green.ome.tiff::tile_y008192_x016384.tiff::86","Process_334_raw_green.ome.tiff","tile_y008192_x016384.tiff"
"marmoratus-0639","keep","initial_default","D. marmoratus","40","Process_334_raw_green.ome.tiff::tile_y028672_x036864.tiff::320","Process_334_raw_green.ome.tiff","tile_y028672_x036864.tiff"
"marmoratus-0640","keep","initial_default","D. marmoratus","41","Process_334_raw_green.ome.tiff::tile_y008192_x016384.tiff::22","Process_334_raw_green.ome.tiff","tile_y008192_x016384.tiff"
"marmoratus-0641","keep","initial_default","D. marmoratus","42","Process_334_raw_green.ome.tiff::tile_y028672_x036864.tiff::91","Process_334_raw_green.ome.tiff","tile_y028672_x036864.tiff"
"marmoratus-0642","keep","initial_default","D. marmoratus","43","Process_334_raw_green.ome.tiff::tile_y008192_x016384.tiff::15","Process_334_raw_green.ome.tiff","tile_y008192_x016384.tiff"
"marmoratus-0643","keep","initial_default","D. marmoratus","44","Process_334_raw_green.ome.tiff::tile_y008192_x016384.tiff::2","Process_334_raw_green.ome.tiff","tile_y008192_x016384.tiff"
"marmoratus-0644","keep","initial_default","D. marmoratus","45","Process_334_raw_green.ome.tiff::tile_y028672_x036864.tiff::189","Process_334_raw_green.ome.tiff","tile_y028672_x036864.tiff"
"marmoratus-0645","keep","initial_default","D. marmoratus","46","Process_334_raw_green.ome.tiff::tile_y008192_x016384.tiff::85","Process_334_raw_green.ome.tiff","tile_y008192_x016384.tiff"
"marmoratus-0646","keep","initial_default","D. marmoratus","47","Process_334_raw_green.ome.tiff::tile_y008192_x016384.tiff::79","Process_334_raw_green.ome.tiff","tile_y008192_x016384.tiff"
"marmoratus-0647","keep","initial_default","D. marmoratus","48","Process_334_raw_green.ome.tiff::tile_y028672_x036864.tiff::93","Process_334_raw_green.ome.tiff","tile_y028672_x036864.tiff"
"marmoratus-0648","keep","initial_default","D. marmoratus","49","Process_333_raw_green.ome.tiff::tile_y053248_x036864.tiff::156","Process_333_raw_green.ome.tiff","tile_y053248_x036864.tiff"
"marmoratus-0649","keep","initial_default","D. marmoratus","50","Process_334_raw_green.ome.tiff::tile_y028672_x036864.tiff::280","Process_334_raw_green.ome.tiff","tile_y028672_x036864.tiff"
"marmoratus-0650","keep","initial_default","D. marmoratus","51","Process_333_raw_green.ome.tiff::tile_y008192_x040960.tiff::18","Process_333_raw_green.ome.tiff","tile_y008192_x040960.tiff"
"mavrokoilius-0651","keep","initial_default","D. mavrokoilius","1","Process_317_raw_green.ome.tiff::tile_y053248_x106496.tiff::6","Process_317_raw_green.ome.tiff","tile_y053248_x106496.tiff"
"mavrokoilius-0652","keep","initial_default","D. mavrokoilius","2","Process_317_raw_green.ome.tiff::tile_y061440_x114688.tiff::101","Process_317_raw_green.ome.tiff","tile_y061440_x114688.tiff"
"mavrokoilius-0653","keep","initial_default","D. mavrokoilius","3","Process_317_raw_green.ome.tiff::tile_y061440_x114688.tiff::43","Process_317_raw_green.ome.tiff","tile_y061440_x114688.tiff"
"mavrokoilius-0654","keep","initial_default","D. mavrokoilius","4","Process_317_raw_green.ome.tiff::tile_y053248_x106496.tiff::20","Process_317_raw_green.ome.tiff","tile_y053248_x106496.tiff"
"mavrokoilius-0655","keep","initial_default","D. mavrokoilius","5","Process_340_raw_green.ome.tiff::tile_y036864_x040960.tiff::15","Process_340_raw_green.ome.tiff","tile_y036864_x040960.tiff"
"mavrokoilius-0656","keep","initial_default","D. mavrokoilius","6","Process_340_raw_green.ome.tiff::tile_y028672_x098304.tiff::69","Process_340_raw_green.ome.tiff","tile_y028672_x098304.tiff"
"mavrokoilius-0657","keep","initial_default","D. mavrokoilius","7","Process_340_raw_green.ome.tiff::tile_y028672_x020480.tiff::53","Process_340_raw_green.ome.tiff","tile_y028672_x020480.tiff"
"mavrokoilius-0658","keep","initial_default","D. mavrokoilius","8","Process_340_raw_green.ome.tiff::tile_y028672_x098304.tiff::32","Process_340_raw_green.ome.tiff","tile_y028672_x098304.tiff"
"mavrokoilius-0659","keep","initial_default","D. mavrokoilius","9","Process_340_raw_green.ome.tiff::tile_y028672_x020480.tiff::51","Process_340_raw_green.ome.tiff","tile_y028672_x020480.tiff"
"mavrokoilius-0660","keep","initial_default","D. mavrokoilius","10","Process_340_raw_green.ome.tiff::tile_y028672_x098304.tiff::18","Process_340_raw_green.ome.tiff","tile_y028672_x098304.tiff"
"mavrokoilius-0661","keep","initial_default","D. mavrokoilius","11","Process_317_raw_green.ome.tiff::tile_y061440_x114688.tiff::13","Process_317_raw_green.ome.tiff","tile_y061440_x114688.tiff"
"mavrokoilius-0662","keep","initial_default","D. mavrokoilius","12","Process_340_raw_green.ome.tiff::tile_y028672_x098304.tiff::47","Process_340_raw_green.ome.tiff","tile_y028672_x098304.tiff"
"mavrokoilius-0663","keep","initial_default","D. mavrokoilius","13","Process_317_raw_green.ome.tiff::tile_y061440_x114688.tiff::1","Process_317_raw_green.ome.tiff","tile_y061440_x114688.tiff"
"mavrokoilius-0664","keep","initial_default","D. mavrokoilius","14","Process_317_raw_green.ome.tiff::tile_y053248_x114688.tiff::14","Process_317_raw_green.ome.tiff","tile_y053248_x114688.tiff"
"mavrokoilius-0665","keep","initial_default","D. mavrokoilius","15","Process_340_raw_green.ome.tiff::tile_y004096_x098304.tiff::52","Process_340_raw_green.ome.tiff","tile_y004096_x098304.tiff"
"mavrokoilius-0666","keep","initial_default","D. mavrokoilius","16","Process_317_raw_green.ome.tiff::tile_y061440_x114688.tiff::22","Process_317_raw_green.ome.tiff","tile_y061440_x114688.tiff"
"mavrokoilius-0667","keep","initial_default","D. mavrokoilius","17","Process_317_raw_green.ome.tiff::tile_y061440_x114688.tiff::89","Process_317_raw_green.ome.tiff","tile_y061440_x114688.tiff"
"mavrokoilius-0668","keep","initial_default","D. mavrokoilius","18","Process_317_raw_green.ome.tiff::tile_y061440_x114688.tiff::35","Process_317_raw_green.ome.tiff","tile_y061440_x114688.tiff"
"mavrokoilius-0669","keep","initial_default","D. mavrokoilius","19","Process_317_raw_green.ome.tiff::tile_y061440_x114688.tiff::111","Process_317_raw_green.ome.tiff","tile_y061440_x114688.tiff"
"mavrokoilius-0670","keep","initial_default","D. mavrokoilius","20","Process_340_raw_green.ome.tiff::tile_y028672_x020480.tiff::14","Process_340_raw_green.ome.tiff","tile_y028672_x020480.tiff"
"mavrokoilius-0671","keep","initial_default","D. mavrokoilius","21","Process_317_raw_green.ome.tiff::tile_y061440_x114688.tiff::45","Process_317_raw_green.ome.tiff","tile_y061440_x114688.tiff"
"mavrokoilius-0672","keep","initial_default","D. mavrokoilius","22","Process_340_raw_green.ome.tiff::tile_y028672_x020480.tiff::8","Process_340_raw_green.ome.tiff","tile_y028672_x020480.tiff"
"mavrokoilius-0673","keep","initial_default","D. mavrokoilius","23","Process_317_raw_green.ome.tiff::tile_y061440_x114688.tiff::113","Process_317_raw_green.ome.tiff","tile_y061440_x114688.tiff"
"mavrokoilius-0674","keep","initial_default","D. mavrokoilius","24","Process_317_raw_green.ome.tiff::tile_y053248_x114688.tiff::58","Process_317_raw_green.ome.tiff","tile_y053248_x114688.tiff"
"mavrokoilius-0675","keep","initial_default","D. mavrokoilius","25","Process_340_raw_green.ome.tiff::tile_y036864_x040960.tiff::41","Process_340_raw_green.ome.tiff","tile_y036864_x040960.tiff"
"mavrokoilius-0676","keep","initial_default","D. mavrokoilius","26","Process_317_raw_green.ome.tiff::tile_y061440_x114688.tiff::109","Process_317_raw_green.ome.tiff","tile_y061440_x114688.tiff"
"mavrokoilius-0677","keep","initial_default","D. mavrokoilius","27","Process_340_raw_green.ome.tiff::tile_y028672_x098304.tiff::72","Process_340_raw_green.ome.tiff","tile_y028672_x098304.tiff"
"mavrokoilius-0678","keep","initial_default","D. mavrokoilius","28","Process_340_raw_green.ome.tiff::tile_y012288_x008192.tiff::27","Process_340_raw_green.ome.tiff","tile_y012288_x008192.tiff"
"mavrokoilius-0679","keep","initial_default","D. mavrokoilius","30","Process_340_raw_green.ome.tiff::tile_y012288_x008192.tiff::82","Process_340_raw_green.ome.tiff","tile_y012288_x008192.tiff"
"mavrokoilius-0680","keep","initial_default","D. mavrokoilius","31","Process_317_raw_green.ome.tiff::tile_y061440_x114688.tiff::55","Process_317_raw_green.ome.tiff","tile_y061440_x114688.tiff"
"mavrokoilius-0681","keep","initial_default","D. mavrokoilius","32","Process_340_raw_green.ome.tiff::tile_y004096_x098304.tiff::77","Process_340_raw_green.ome.tiff","tile_y004096_x098304.tiff"
"mavrokoilius-0682","keep","initial_default","D. mavrokoilius","33","Process_340_raw_green.ome.tiff::tile_y012288_x008192.tiff::80","Process_340_raw_green.ome.tiff","tile_y012288_x008192.tiff"
"mavrokoilius-0683","keep","initial_default","D. mavrokoilius","34","Process_317_raw_green.ome.tiff::tile_y061440_x114688.tiff::100","Process_317_raw_green.ome.tiff","tile_y061440_x114688.tiff"
"mavrokoilius-0684","keep","initial_default","D. mavrokoilius","35","Process_340_raw_green.ome.tiff::tile_y036864_x040960.tiff::42","Process_340_raw_green.ome.tiff","tile_y036864_x040960.tiff"
"mavrokoilius-0685","keep","initial_default","D. mavrokoilius","36","Process_317_raw_green.ome.tiff::tile_y053248_x114688.tiff::28","Process_317_raw_green.ome.tiff","tile_y053248_x114688.tiff"
"mavrokoilius-0686","keep","initial_default","D. mavrokoilius","37","Process_317_raw_green.ome.tiff::tile_y053248_x106496.tiff::43","Process_317_raw_green.ome.tiff","tile_y053248_x106496.tiff"
"mavrokoilius-0687","keep","initial_default","D. mavrokoilius","38","Process_340_raw_green.ome.tiff::tile_y028672_x020480.tiff::48","Process_340_raw_green.ome.tiff","tile_y028672_x020480.tiff"
"mavrokoilius-0688","keep","initial_default","D. mavrokoilius","39","Process_340_raw_green.ome.tiff::tile_y012288_x008192.tiff::49","Process_340_raw_green.ome.tiff","tile_y012288_x008192.tiff"
"mavrokoilius-0689","keep","initial_default","D. mavrokoilius","40","Process_340_raw_green.ome.tiff::tile_y028672_x020480.tiff::42","Process_340_raw_green.ome.tiff","tile_y028672_x020480.tiff"
"mavrokoilius-0690","keep","initial_default","D. mavrokoilius","41","Process_317_raw_green.ome.tiff::tile_y061440_x114688.tiff::72","Process_317_raw_green.ome.tiff","tile_y061440_x114688.tiff"
"mavrokoilius-0691","keep","initial_default","D. mavrokoilius","42","Process_340_raw_green.ome.tiff::tile_y028672_x098304.tiff::85","Process_340_raw_green.ome.tiff","tile_y028672_x098304.tiff"
"mavrokoilius-0692","keep","initial_default","D. mavrokoilius","43","Process_340_raw_green.ome.tiff::tile_y036864_x040960.tiff::91","Process_340_raw_green.ome.tiff","tile_y036864_x040960.tiff"
"mavrokoilius-0693","keep","initial_default","D. mavrokoilius","44","Process_317_raw_green.ome.tiff::tile_y081920_x036864.tiff::35","Process_317_raw_green.ome.tiff","tile_y081920_x036864.tiff"
"mavrokoilius-0694","keep","initial_default","D. mavrokoilius","45","Process_340_raw_green.ome.tiff::tile_y004096_x098304.tiff::74","Process_340_raw_green.ome.tiff","tile_y004096_x098304.tiff"
"mavrokoilius-0695","keep","initial_default","D. mavrokoilius","46","Process_317_raw_green.ome.tiff::tile_y061440_x114688.tiff::32","Process_317_raw_green.ome.tiff","tile_y061440_x114688.tiff"
"mavrokoilius-0696","keep","initial_default","D. mavrokoilius","47","Process_340_raw_green.ome.tiff::tile_y012288_x008192.tiff::89","Process_340_raw_green.ome.tiff","tile_y012288_x008192.tiff"
"mavrokoilius-0697","keep","initial_default","D. mavrokoilius","48","Process_317_raw_green.ome.tiff::tile_y053248_x114688.tiff::22","Process_317_raw_green.ome.tiff","tile_y053248_x114688.tiff"
"mavrokoilius-0698","keep","initial_default","D. mavrokoilius","49","Process_340_raw_green.ome.tiff::tile_y028672_x098304.tiff::7","Process_340_raw_green.ome.tiff","tile_y028672_x098304.tiff"
"mavrokoilius-0699","keep","initial_default","D. mavrokoilius","50","Process_317_raw_green.ome.tiff::tile_y061440_x114688.tiff::56","Process_317_raw_green.ome.tiff","tile_y061440_x114688.tiff"
"mavrokoilius-0700","keep","initial_default","D. mavrokoilius","51","Process_317_raw_green.ome.tiff::tile_y053248_x106496.tiff::19","Process_317_raw_green.ome.tiff","tile_y053248_x106496.tiff"
"monticola-0701","keep","initial_default","D. monticola","1","Process_313_raw_green.ome.tiff::tile_y012288_x049152.tiff::67","Process_313_raw_green.ome.tiff","tile_y012288_x049152.tiff"
"monticola-0702","keep","initial_default","D. monticola","2","Process_313_raw_green.ome.tiff::tile_y012288_x049152.tiff::186","Process_313_raw_green.ome.tiff","tile_y012288_x049152.tiff"
"monticola-0703","keep","initial_default","D. monticola","4","Process_313_raw_green.ome.tiff::tile_y012288_x049152.tiff::22","Process_313_raw_green.ome.tiff","tile_y012288_x049152.tiff"
"monticola-0704","keep","initial_default","D. monticola","5","Process_312_raw_green.ome.tiff::tile_y008192_x004096.tiff::46","Process_312_raw_green.ome.tiff","tile_y008192_x004096.tiff"
"monticola-0705","keep","initial_default","D. monticola","6","Process_312_raw_green.ome.tiff::tile_y040960_x028672.tiff::8","Process_312_raw_green.ome.tiff","tile_y040960_x028672.tiff"
"monticola-0706","keep","initial_default","D. monticola","7","Process_313_raw_green.ome.tiff::tile_y032768_x053248.tiff::205","Process_313_raw_green.ome.tiff","tile_y032768_x053248.tiff"
"monticola-0707","keep","initial_default","D. monticola","8","Process_313_raw_green.ome.tiff::tile_y012288_x049152.tiff::45","Process_313_raw_green.ome.tiff","tile_y012288_x049152.tiff"
"monticola-0708","keep","initial_default","D. monticola","9","Process_313_raw_green.ome.tiff::tile_y032768_x053248.tiff::24","Process_313_raw_green.ome.tiff","tile_y032768_x053248.tiff"
"monticola-0709","keep","initial_default","D. monticola","10","Process_313_raw_green.ome.tiff::tile_y032768_x053248.tiff::283","Process_313_raw_green.ome.tiff","tile_y032768_x053248.tiff"
"monticola-0710","keep","initial_default","D. monticola","11","Process_313_raw_green.ome.tiff::tile_y032768_x053248.tiff::165","Process_313_raw_green.ome.tiff","tile_y032768_x053248.tiff"
"monticola-0711","keep","initial_default","D. monticola","12","Process_313_raw_green.ome.tiff::tile_y012288_x049152.tiff::38","Process_313_raw_green.ome.tiff","tile_y012288_x049152.tiff"
"monticola-0712","keep","initial_default","D. monticola","13","Process_313_raw_green.ome.tiff::tile_y032768_x053248.tiff::279","Process_313_raw_green.ome.tiff","tile_y032768_x053248.tiff"
"monticola-0713","keep","initial_default","D. monticola","14","Process_312_raw_green.ome.tiff::tile_y040960_x028672.tiff::10","Process_312_raw_green.ome.tiff","tile_y040960_x028672.tiff"
"monticola-0714","keep","initial_default","D. monticola","15","Process_313_raw_green.ome.tiff::tile_y012288_x049152.tiff::25","Process_313_raw_green.ome.tiff","tile_y012288_x049152.tiff"
"monticola-0715","keep","initial_default","D. monticola","16","Process_313_raw_green.ome.tiff::tile_y032768_x053248.tiff::266","Process_313_raw_green.ome.tiff","tile_y032768_x053248.tiff"
"monticola-0716","keep","initial_default","D. monticola","17","Process_313_raw_green.ome.tiff::tile_y012288_x049152.tiff::13","Process_313_raw_green.ome.tiff","tile_y012288_x049152.tiff"
"monticola-0717","keep","initial_default","D. monticola","18","Process_312_raw_green.ome.tiff::tile_y008192_x004096.tiff::43","Process_312_raw_green.ome.tiff","tile_y008192_x004096.tiff"
"monticola-0718","keep","initial_default","D. monticola","19","Process_313_raw_green.ome.tiff::tile_y032768_x053248.tiff::22","Process_313_raw_green.ome.tiff","tile_y032768_x053248.tiff"
"monticola-0719","keep","initial_default","D. monticola","20","Process_313_raw_green.ome.tiff::tile_y032768_x053248.tiff::70","Process_313_raw_green.ome.tiff","tile_y032768_x053248.tiff"
"monticola-0720","keep","initial_default","D. monticola","22","Process_312_raw_green.ome.tiff::tile_y008192_x004096.tiff::47","Process_312_raw_green.ome.tiff","tile_y008192_x004096.tiff"
"monticola-0721","keep","initial_default","D. monticola","23","Process_312_raw_green.ome.tiff::tile_y008192_x004096.tiff::35","Process_312_raw_green.ome.tiff","tile_y008192_x004096.tiff"
"monticola-0722","keep","initial_default","D. monticola","24","Process_313_raw_green.ome.tiff::tile_y012288_x049152.tiff::65","Process_313_raw_green.ome.tiff","tile_y012288_x049152.tiff"
"monticola-0723","keep","initial_default","D. monticola","25","Process_313_raw_green.ome.tiff::tile_y032768_x053248.tiff::98","Process_313_raw_green.ome.tiff","tile_y032768_x053248.tiff"
"monticola-0724","keep","initial_default","D. monticola","26","Process_312_raw_green.ome.tiff::tile_y008192_x004096.tiff::83","Process_312_raw_green.ome.tiff","tile_y008192_x004096.tiff"
"monticola-0725","keep","initial_default","D. monticola","27","Process_313_raw_green.ome.tiff::tile_y032768_x053248.tiff::94","Process_313_raw_green.ome.tiff","tile_y032768_x053248.tiff"
"monticola-0726","keep","initial_default","D. monticola","28","Process_313_raw_green.ome.tiff::tile_y032768_x053248.tiff::220","Process_313_raw_green.ome.tiff","tile_y032768_x053248.tiff"
"monticola-0727","keep","initial_default","D. monticola","30","Process_313_raw_green.ome.tiff::tile_y032768_x053248.tiff::247","Process_313_raw_green.ome.tiff","tile_y032768_x053248.tiff"
"monticola-0728","keep","initial_default","D. monticola","31","Process_313_raw_green.ome.tiff::tile_y012288_x049152.tiff::60","Process_313_raw_green.ome.tiff","tile_y012288_x049152.tiff"
"monticola-0729","keep","initial_default","D. monticola","32","Process_313_raw_green.ome.tiff::tile_y012288_x049152.tiff::199","Process_313_raw_green.ome.tiff","tile_y012288_x049152.tiff"
"monticola-0730","keep","initial_default","D. monticola","33","Process_312_raw_green.ome.tiff::tile_y040960_x028672.tiff::54","Process_312_raw_green.ome.tiff","tile_y040960_x028672.tiff"
"monticola-0731","keep","initial_default","D. monticola","34","Process_313_raw_green.ome.tiff::tile_y032768_x053248.tiff::157","Process_313_raw_green.ome.tiff","tile_y032768_x053248.tiff"
"monticola-0732","keep","initial_default","D. monticola","35","Process_313_raw_green.ome.tiff::tile_y012288_x049152.tiff::41","Process_313_raw_green.ome.tiff","tile_y012288_x049152.tiff"
"monticola-0733","keep","initial_default","D. monticola","37","Process_312_raw_green.ome.tiff::tile_y040960_x028672.tiff::206","Process_312_raw_green.ome.tiff","tile_y040960_x028672.tiff"
"monticola-0734","keep","initial_default","D. monticola","38","Process_313_raw_green.ome.tiff::tile_y012288_x049152.tiff::4","Process_313_raw_green.ome.tiff","tile_y012288_x049152.tiff"
"monticola-0735","keep","initial_default","D. monticola","39","Process_313_raw_green.ome.tiff::tile_y012288_x049152.tiff::120","Process_313_raw_green.ome.tiff","tile_y012288_x049152.tiff"
"monticola-0736","keep","initial_default","D. monticola","40","Process_313_raw_green.ome.tiff::tile_y012288_x049152.tiff::126","Process_313_raw_green.ome.tiff","tile_y012288_x049152.tiff"
"monticola-0737","keep","initial_default","D. monticola","41","Process_312_raw_green.ome.tiff::tile_y040960_x028672.tiff::104","Process_312_raw_green.ome.tiff","tile_y040960_x028672.tiff"
"monticola-0738","keep","initial_default","D. monticola","42","Process_313_raw_green.ome.tiff::tile_y012288_x049152.tiff::138","Process_313_raw_green.ome.tiff","tile_y012288_x049152.tiff"
"monticola-0739","keep","initial_default","D. monticola","43","Process_313_raw_green.ome.tiff::tile_y012288_x049152.tiff::50","Process_313_raw_green.ome.tiff","tile_y012288_x049152.tiff"
"monticola-0740","keep","initial_default","D. monticola","44","Process_313_raw_green.ome.tiff::tile_y032768_x053248.tiff::161","Process_313_raw_green.ome.tiff","tile_y032768_x053248.tiff"
"monticola-0741","keep","initial_default","D. monticola","45","Process_313_raw_green.ome.tiff::tile_y032768_x053248.tiff::1","Process_313_raw_green.ome.tiff","tile_y032768_x053248.tiff"
"monticola-0742","keep","initial_default","D. monticola","47","Process_312_raw_green.ome.tiff::tile_y040960_x028672.tiff::143","Process_312_raw_green.ome.tiff","tile_y040960_x028672.tiff"
"monticola-0743","keep","initial_default","D. monticola","48","Process_313_raw_green.ome.tiff::tile_y012288_x049152.tiff::155","Process_313_raw_green.ome.tiff","tile_y012288_x049152.tiff"
"monticola-0744","keep","initial_default","D. monticola","49","Process_313_raw_green.ome.tiff::tile_y032768_x053248.tiff::251","Process_313_raw_green.ome.tiff","tile_y032768_x053248.tiff"
"monticola-0745","keep","initial_default","D. monticola","50","Process_313_raw_green.ome.tiff::tile_y032768_x053248.tiff::148","Process_313_raw_green.ome.tiff","tile_y032768_x053248.tiff"
"monticola-0746","keep","initial_default","D. monticola","51","Process_313_raw_green.ome.tiff::tile_y032768_x053248.tiff::232","Process_313_raw_green.ome.tiff","tile_y032768_x053248.tiff"
"monticola-0747","keep","initial_default","D. monticola","52","Process_313_raw_green.ome.tiff::tile_y032768_x053248.tiff::96","Process_313_raw_green.ome.tiff","tile_y032768_x053248.tiff"
"monticola-0748","keep","initial_default","D. monticola","54","Process_313_raw_green.ome.tiff::tile_y032768_x053248.tiff::55","Process_313_raw_green.ome.tiff","tile_y032768_x053248.tiff"
"monticola-0749","keep","initial_default","D. monticola","55","Process_313_raw_green.ome.tiff::tile_y032768_x053248.tiff::196","Process_313_raw_green.ome.tiff","tile_y032768_x053248.tiff"
"monticola-0750","keep","initial_default","D. monticola","57","Process_312_raw_green.ome.tiff::tile_y040960_x028672.tiff::94","Process_312_raw_green.ome.tiff","tile_y040960_x028672.tiff"
"ochrophaeus-0751","keep","initial_default","D. ochrophaeus","1","Process_316_raw_green.ome.tiff::tile_y024576_x008192.tiff::8","Process_316_raw_green.ome.tiff","tile_y024576_x008192.tiff"
"ochrophaeus-0752","keep","initial_default","D. ochrophaeus","2","Process_316_raw_green.ome.tiff::tile_y028672_x008192.tiff::7","Process_316_raw_green.ome.tiff","tile_y028672_x008192.tiff"
"ochrophaeus-0753","keep","initial_default","D. ochrophaeus","4","Process_322_raw_green.ome.tiff::tile_y028672_x065536.tiff::1","Process_322_raw_green.ome.tiff","tile_y028672_x065536.tiff"
"ochrophaeus-0754","keep","initial_default","D. ochrophaeus","5","Process_316_raw_green.ome.tiff::tile_y028672_x045056.tiff::1","Process_316_raw_green.ome.tiff","tile_y028672_x045056.tiff"
"ochrophaeus-0755","keep","initial_default","D. ochrophaeus","6","Process_316_raw_green.ome.tiff::tile_y028672_x032768.tiff::23","Process_316_raw_green.ome.tiff","tile_y028672_x032768.tiff"
"ochrophaeus-0756","keep","initial_default","D. ochrophaeus","7","Process_316_raw_green.ome.tiff::tile_y024576_x008192.tiff::9","Process_316_raw_green.ome.tiff","tile_y024576_x008192.tiff"
"ochrophaeus-0757","keep","initial_default","D. ochrophaeus","8","Process_316_raw_green.ome.tiff::tile_y012288_x008192.tiff::5","Process_316_raw_green.ome.tiff","tile_y012288_x008192.tiff"
"ochrophaeus-0758","keep","initial_default","D. ochrophaeus","9","Process_316_raw_green.ome.tiff::tile_y012288_x008192.tiff::1","Process_316_raw_green.ome.tiff","tile_y012288_x008192.tiff"
"ochrophaeus-0759","keep","initial_default","D. ochrophaeus","10","Process_316_raw_green.ome.tiff::tile_y045056_x024576.tiff::2","Process_316_raw_green.ome.tiff","tile_y045056_x024576.tiff"
"ochrophaeus-0760","keep","initial_default","D. ochrophaeus","11","Process_316_raw_green.ome.tiff::tile_y036864_x016384.tiff::14","Process_316_raw_green.ome.tiff","tile_y036864_x016384.tiff"
"ochrophaeus-0761","keep","initial_default","D. ochrophaeus","12","Process_316_raw_green.ome.tiff::tile_y028672_x032768.tiff::20","Process_316_raw_green.ome.tiff","tile_y028672_x032768.tiff"
"ochrophaeus-0762","keep","initial_default","D. ochrophaeus","13","Process_316_raw_green.ome.tiff::tile_y036864_x016384.tiff::15","Process_316_raw_green.ome.tiff","tile_y036864_x016384.tiff"
"ochrophaeus-0763","keep","initial_default","D. ochrophaeus","14","Process_316_raw_green.ome.tiff::tile_y028672_x008192.tiff::1","Process_316_raw_green.ome.tiff","tile_y028672_x008192.tiff"
"ochrophaeus-0764","keep","initial_default","D. ochrophaeus","15","Process_316_raw_green.ome.tiff::tile_y028672_x032768.tiff::7","Process_316_raw_green.ome.tiff","tile_y028672_x032768.tiff"
"ochrophaeus-0765","keep","initial_default","D. ochrophaeus","16","Process_316_raw_green.ome.tiff::tile_y024576_x008192.tiff::1","Process_316_raw_green.ome.tiff","tile_y024576_x008192.tiff"
"ochrophaeus-0766","keep","initial_default","D. ochrophaeus","17","Process_316_raw_green.ome.tiff::tile_y036864_x016384.tiff::10","Process_316_raw_green.ome.tiff","tile_y036864_x016384.tiff"
"ochrophaeus-0767","keep","initial_default","D. ochrophaeus","18","Process_316_raw_green.ome.tiff::tile_y028672_x008192.tiff::9","Process_316_raw_green.ome.tiff","tile_y028672_x008192.tiff"
"ochrophaeus-0768","keep","initial_default","D. ochrophaeus","19","Process_322_raw_green.ome.tiff::tile_y024576_x032768.tiff::4","Process_322_raw_green.ome.tiff","tile_y024576_x032768.tiff"
"ochrophaeus-0769","keep","initial_default","D. ochrophaeus","20","Process_316_raw_green.ome.tiff::tile_y028672_x008192.tiff::17","Process_316_raw_green.ome.tiff","tile_y028672_x008192.tiff"
"ochrophaeus-0770","keep","initial_default","D. ochrophaeus","21","Process_322_raw_green.ome.tiff::tile_y024576_x032768.tiff::6","Process_322_raw_green.ome.tiff","tile_y024576_x032768.tiff"
"ochrophaeus-0771","keep","initial_default","D. ochrophaeus","22","Process_316_raw_green.ome.tiff::tile_y028672_x008192.tiff::14","Process_316_raw_green.ome.tiff","tile_y028672_x008192.tiff"
"ochrophaeus-0772","keep","initial_default","D. ochrophaeus","23","Process_316_raw_green.ome.tiff::tile_y045056_x024576.tiff::3","Process_316_raw_green.ome.tiff","tile_y045056_x024576.tiff"
"ochrophaeus-0773","keep","initial_default","D. ochrophaeus","24","Process_316_raw_green.ome.tiff::tile_y008192_x036864.tiff::2","Process_316_raw_green.ome.tiff","tile_y008192_x036864.tiff"
"ochrophaeus-0774","keep","initial_default","D. ochrophaeus","25","Process_316_raw_green.ome.tiff::tile_y036864_x016384.tiff::13","Process_316_raw_green.ome.tiff","tile_y036864_x016384.tiff"
"ochrophaeus-0775","keep","initial_default","D. ochrophaeus","26","Process_316_raw_green.ome.tiff::tile_y024576_x008192.tiff::4","Process_316_raw_green.ome.tiff","tile_y024576_x008192.tiff"
"ochrophaeus-0776","keep","initial_default","D. ochrophaeus","27","Process_322_raw_green.ome.tiff::tile_y024576_x032768.tiff::3","Process_322_raw_green.ome.tiff","tile_y024576_x032768.tiff"
"ochrophaeus-0777","keep","initial_default","D. ochrophaeus","28","Process_316_raw_green.ome.tiff::tile_y036864_x016384.tiff::16","Process_316_raw_green.ome.tiff","tile_y036864_x016384.tiff"
"ochrophaeus-0778","keep","initial_default","D. ochrophaeus","29","Process_316_raw_green.ome.tiff::tile_y045056_x024576.tiff::4","Process_316_raw_green.ome.tiff","tile_y045056_x024576.tiff"
"ochrophaeus-0779","keep","initial_default","D. ochrophaeus","30","Process_316_raw_green.ome.tiff::tile_y028672_x032768.tiff::11","Process_316_raw_green.ome.tiff","tile_y028672_x032768.tiff"
"ochrophaeus-0780","keep","initial_default","D. ochrophaeus","31","Process_316_raw_green.ome.tiff::tile_y024576_x008192.tiff::3","Process_316_raw_green.ome.tiff","tile_y024576_x008192.tiff"
"ochrophaeus-0781","keep","initial_default","D. ochrophaeus","32","Process_316_raw_green.ome.tiff::tile_y012288_x008192.tiff::10","Process_316_raw_green.ome.tiff","tile_y012288_x008192.tiff"
"ochrophaeus-0782","keep","initial_default","D. ochrophaeus","33","Process_316_raw_green.ome.tiff::tile_y045056_x024576.tiff::5","Process_316_raw_green.ome.tiff","tile_y045056_x024576.tiff"
"ochrophaeus-0783","keep","initial_default","D. ochrophaeus","34","Process_316_raw_green.ome.tiff::tile_y036864_x016384.tiff::11","Process_316_raw_green.ome.tiff","tile_y036864_x016384.tiff"
"ochrophaeus-0784","keep","initial_default","D. ochrophaeus","35","Process_316_raw_green.ome.tiff::tile_y028672_x008192.tiff::11","Process_316_raw_green.ome.tiff","tile_y028672_x008192.tiff"
"ochrophaeus-0785","keep","initial_default","D. ochrophaeus","36","Process_316_raw_green.ome.tiff::tile_y020480_x028672.tiff::2","Process_316_raw_green.ome.tiff","tile_y020480_x028672.tiff"
"ochrophaeus-0786","keep","initial_default","D. ochrophaeus","37","Process_322_raw_green.ome.tiff::tile_y024576_x032768.tiff::10","Process_322_raw_green.ome.tiff","tile_y024576_x032768.tiff"
"ochrophaeus-0787","keep","initial_default","D. ochrophaeus","38","Process_316_raw_green.ome.tiff::tile_y028672_x008192.tiff::6","Process_316_raw_green.ome.tiff","tile_y028672_x008192.tiff"
"ochrophaeus-0788","keep","initial_default","D. ochrophaeus","39","Process_316_raw_green.ome.tiff::tile_y036864_x016384.tiff::7","Process_316_raw_green.ome.tiff","tile_y036864_x016384.tiff"
"ochrophaeus-0789","keep","initial_default","D. ochrophaeus","40","Process_316_raw_green.ome.tiff::tile_y028672_x032768.tiff::1","Process_316_raw_green.ome.tiff","tile_y028672_x032768.tiff"
"ochrophaeus-0790","keep","initial_default","D. ochrophaeus","41","Process_316_raw_green.ome.tiff::tile_y012288_x008192.tiff::2","Process_316_raw_green.ome.tiff","tile_y012288_x008192.tiff"
"ochrophaeus-0791","keep","initial_default","D. ochrophaeus","42","Process_316_raw_green.ome.tiff::tile_y012288_x008192.tiff::4","Process_316_raw_green.ome.tiff","tile_y012288_x008192.tiff"
"ochrophaeus-0792","keep","initial_default","D. ochrophaeus","43","Process_316_raw_green.ome.tiff::tile_y028672_x045056.tiff::3","Process_316_raw_green.ome.tiff","tile_y028672_x045056.tiff"
"ochrophaeus-0793","keep","initial_default","D. ochrophaeus","44","Process_316_raw_green.ome.tiff::tile_y028672_x032768.tiff::21","Process_316_raw_green.ome.tiff","tile_y028672_x032768.tiff"
"ochrophaeus-0794","keep","initial_default","D. ochrophaeus","45","Process_316_raw_green.ome.tiff::tile_y028672_x032768.tiff::22","Process_316_raw_green.ome.tiff","tile_y028672_x032768.tiff"
"ochrophaeus-0795","keep","initial_default","D. ochrophaeus","46","Process_316_raw_green.ome.tiff::tile_y020480_x028672.tiff::6","Process_316_raw_green.ome.tiff","tile_y020480_x028672.tiff"
"ochrophaeus-0796","keep","initial_default","D. ochrophaeus","47","Process_316_raw_green.ome.tiff::tile_y024576_x008192.tiff::5","Process_316_raw_green.ome.tiff","tile_y024576_x008192.tiff"
"ochrophaeus-0797","keep","initial_default","D. ochrophaeus","48","Process_316_raw_green.ome.tiff::tile_y036864_x016384.tiff::3","Process_316_raw_green.ome.tiff","tile_y036864_x016384.tiff"
"ochrophaeus-0798","keep","initial_default","D. ochrophaeus","49","Process_322_raw_green.ome.tiff::tile_y008192_x073728.tiff::3","Process_322_raw_green.ome.tiff","tile_y008192_x073728.tiff"
"ochrophaeus-0799","keep","initial_default","D. ochrophaeus","50","Process_316_raw_green.ome.tiff::tile_y028672_x032768.tiff::18","Process_316_raw_green.ome.tiff","tile_y028672_x032768.tiff"
"ochrophaeus-0800","keep","initial_default","D. ochrophaeus","51","Process_316_raw_green.ome.tiff::tile_y008192_x036864.tiff::12","Process_316_raw_green.ome.tiff","tile_y008192_x036864.tiff"
"ocoee-0801","keep","initial_default","D. ocoee","1","Process_365_raw_green.ome.tiff::tile_y036864_x024576.tiff::53","Process_365_raw_green.ome.tiff","tile_y036864_x024576.tiff"
"ocoee-0802","keep","initial_default","D. ocoee","2","Process_365_raw_green.ome.tiff::tile_y040960_x053248.tiff::45","Process_365_raw_green.ome.tiff","tile_y040960_x053248.tiff"
"ocoee-0803","keep","initial_default","D. ocoee","3","Process_365_raw_green.ome.tiff::tile_y061440_x036864.tiff::154","Process_365_raw_green.ome.tiff","tile_y061440_x036864.tiff"
"ocoee-0804","keep","initial_default","D. ocoee","6","Process_365_raw_green.ome.tiff::tile_y061440_x036864.tiff::94","Process_365_raw_green.ome.tiff","tile_y061440_x036864.tiff"
"ocoee-0805","keep","initial_default","D. ocoee","7","Process_365_raw_green.ome.tiff::tile_y061440_x036864.tiff::106","Process_365_raw_green.ome.tiff","tile_y061440_x036864.tiff"
"ocoee-0806","keep","initial_default","D. ocoee","8","Process_365_raw_green.ome.tiff::tile_y040960_x053248.tiff::70","Process_365_raw_green.ome.tiff","tile_y040960_x053248.tiff"
"ocoee-0807","keep","initial_default","D. ocoee","9","Process_365_raw_green.ome.tiff::tile_y061440_x036864.tiff::70","Process_365_raw_green.ome.tiff","tile_y061440_x036864.tiff"
"ocoee-0808","keep","initial_default","D. ocoee","10","Process_365_raw_green.ome.tiff::tile_y061440_x036864.tiff::116","Process_365_raw_green.ome.tiff","tile_y061440_x036864.tiff"
"ocoee-0809","keep","initial_default","D. ocoee","11","Process_365_raw_green.ome.tiff::tile_y040960_x024576.tiff::62","Process_365_raw_green.ome.tiff","tile_y040960_x024576.tiff"
"ocoee-0810","keep","initial_default","D. ocoee","12","Process_365_raw_green.ome.tiff::tile_y061440_x036864.tiff::80","Process_365_raw_green.ome.tiff","tile_y061440_x036864.tiff"
"ocoee-0811","keep","initial_default","D. ocoee","13","Process_365_raw_green.ome.tiff::tile_y061440_x036864.tiff::133","Process_365_raw_green.ome.tiff","tile_y061440_x036864.tiff"
"ocoee-0812","keep","initial_default","D. ocoee","14","Process_365_raw_green.ome.tiff::tile_y040960_x053248.tiff::50","Process_365_raw_green.ome.tiff","tile_y040960_x053248.tiff"
"ocoee-0813","keep","initial_default","D. ocoee","15","Process_365_raw_green.ome.tiff::tile_y061440_x036864.tiff::72","Process_365_raw_green.ome.tiff","tile_y061440_x036864.tiff"
"ocoee-0814","keep","initial_default","D. ocoee","16","Process_365_raw_green.ome.tiff::tile_y036864_x024576.tiff::15","Process_365_raw_green.ome.tiff","tile_y036864_x024576.tiff"
"ocoee-0815","keep","initial_default","D. ocoee","17","Process_365_raw_green.ome.tiff::tile_y061440_x036864.tiff::131","Process_365_raw_green.ome.tiff","tile_y061440_x036864.tiff"
"ocoee-0816","keep","initial_default","D. ocoee","18","Process_365_raw_green.ome.tiff::tile_y061440_x036864.tiff::153","Process_365_raw_green.ome.tiff","tile_y061440_x036864.tiff"
"ocoee-0817","keep","initial_default","D. ocoee","19","Process_365_raw_green.ome.tiff::tile_y040960_x024576.tiff::168","Process_365_raw_green.ome.tiff","tile_y040960_x024576.tiff"
"ocoee-0818","keep","initial_default","D. ocoee","20","Process_365_raw_green.ome.tiff::tile_y061440_x036864.tiff::138","Process_365_raw_green.ome.tiff","tile_y061440_x036864.tiff"
"ocoee-0819","keep","initial_default","D. ocoee","21","Process_365_raw_green.ome.tiff::tile_y040960_x053248.tiff::6","Process_365_raw_green.ome.tiff","tile_y040960_x053248.tiff"
"ocoee-0820","keep","initial_default","D. ocoee","22","Process_365_raw_green.ome.tiff::tile_y016384_x045056.tiff::36","Process_365_raw_green.ome.tiff","tile_y016384_x045056.tiff"
"ocoee-0821","keep","initial_default","D. ocoee","23","Process_365_raw_green.ome.tiff::tile_y040960_x053248.tiff::77","Process_365_raw_green.ome.tiff","tile_y040960_x053248.tiff"
"ocoee-0822","keep","initial_default","D. ocoee","24","Process_365_raw_green.ome.tiff::tile_y061440_x036864.tiff::136","Process_365_raw_green.ome.tiff","tile_y061440_x036864.tiff"
"ocoee-0823","keep","initial_default","D. ocoee","25","Process_365_raw_green.ome.tiff::tile_y061440_x036864.tiff::123","Process_365_raw_green.ome.tiff","tile_y061440_x036864.tiff"
"ocoee-0824","keep","initial_default","D. ocoee","26","Process_365_raw_green.ome.tiff::tile_y036864_x024576.tiff::13","Process_365_raw_green.ome.tiff","tile_y036864_x024576.tiff"
"ocoee-0825","keep","initial_default","D. ocoee","27","Process_365_raw_green.ome.tiff::tile_y036864_x024576.tiff::1","Process_365_raw_green.ome.tiff","tile_y036864_x024576.tiff"
"ocoee-0826","keep","initial_default","D. ocoee","28","Process_365_raw_green.ome.tiff::tile_y036864_x024576.tiff::61","Process_365_raw_green.ome.tiff","tile_y036864_x024576.tiff"
"ocoee-0827","keep","initial_default","D. ocoee","29","Process_365_raw_green.ome.tiff::tile_y040960_x024576.tiff::56","Process_365_raw_green.ome.tiff","tile_y040960_x024576.tiff"
"ocoee-0828","keep","initial_default","D. ocoee","30","Process_365_raw_green.ome.tiff::tile_y061440_x036864.tiff::146","Process_365_raw_green.ome.tiff","tile_y061440_x036864.tiff"
"ocoee-0829","keep","initial_default","D. ocoee","31","Process_353_raw_green.ome.tiff::tile_y004096_x024576.tiff::65","Process_353_raw_green.ome.tiff","tile_y004096_x024576.tiff"
"ocoee-0830","keep","initial_default","D. ocoee","32","Process_365_raw_green.ome.tiff::tile_y061440_x036864.tiff::113","Process_365_raw_green.ome.tiff","tile_y061440_x036864.tiff"
"ocoee-0831","keep","initial_default","D. ocoee","33","Process_365_raw_green.ome.tiff::tile_y040960_x024576.tiff::95","Process_365_raw_green.ome.tiff","tile_y040960_x024576.tiff"
"ocoee-0832","keep","initial_default","D. ocoee","34","Process_365_raw_green.ome.tiff::tile_y061440_x036864.tiff::33","Process_365_raw_green.ome.tiff","tile_y061440_x036864.tiff"
"ocoee-0833","keep","initial_default","D. ocoee","35","Process_365_raw_green.ome.tiff::tile_y061440_x036864.tiff::121","Process_365_raw_green.ome.tiff","tile_y061440_x036864.tiff"
"ocoee-0834","keep","initial_default","D. ocoee","36","Process_365_raw_green.ome.tiff::tile_y016384_x045056.tiff::61","Process_365_raw_green.ome.tiff","tile_y016384_x045056.tiff"
"ocoee-0835","keep","initial_default","D. ocoee","37","Process_365_raw_green.ome.tiff::tile_y040960_x024576.tiff::64","Process_365_raw_green.ome.tiff","tile_y040960_x024576.tiff"
"ocoee-0836","keep","initial_default","D. ocoee","38","Process_365_raw_green.ome.tiff::tile_y061440_x036864.tiff::61","Process_365_raw_green.ome.tiff","tile_y061440_x036864.tiff"
"ocoee-0837","keep","initial_default","D. ocoee","39","Process_365_raw_green.ome.tiff::tile_y016384_x045056.tiff::46","Process_365_raw_green.ome.tiff","tile_y016384_x045056.tiff"
"ocoee-0838","keep","initial_default","D. ocoee","40","Process_365_raw_green.ome.tiff::tile_y040960_x053248.tiff::22","Process_365_raw_green.ome.tiff","tile_y040960_x053248.tiff"
"ocoee-0839","keep","initial_default","D. ocoee","41","Process_365_raw_green.ome.tiff::tile_y061440_x036864.tiff::73","Process_365_raw_green.ome.tiff","tile_y061440_x036864.tiff"
"ocoee-0840","keep","initial_default","D. ocoee","42","Process_365_raw_green.ome.tiff::tile_y040960_x053248.tiff::64","Process_365_raw_green.ome.tiff","tile_y040960_x053248.tiff"
"ocoee-0841","keep","initial_default","D. ocoee","43","Process_365_raw_green.ome.tiff::tile_y040960_x024576.tiff::164","Process_365_raw_green.ome.tiff","tile_y040960_x024576.tiff"
"ocoee-0842","keep","initial_default","D. ocoee","44","Process_353_raw_green.ome.tiff::tile_y004096_x024576.tiff::87","Process_353_raw_green.ome.tiff","tile_y004096_x024576.tiff"
"ocoee-0843","keep","initial_default","D. ocoee","45","Process_365_raw_green.ome.tiff::tile_y061440_x036864.tiff::71","Process_365_raw_green.ome.tiff","tile_y061440_x036864.tiff"
"ocoee-0844","keep","initial_default","D. ocoee","46","Process_353_raw_green.ome.tiff::tile_y004096_x024576.tiff::97","Process_353_raw_green.ome.tiff","tile_y004096_x024576.tiff"
"ocoee-0845","keep","initial_default","D. ocoee","47","Process_365_raw_green.ome.tiff::tile_y040960_x024576.tiff::7","Process_365_raw_green.ome.tiff","tile_y040960_x024576.tiff"
"ocoee-0846","keep","initial_default","D. ocoee","48","Process_365_raw_green.ome.tiff::tile_y061440_x036864.tiff::51","Process_365_raw_green.ome.tiff","tile_y061440_x036864.tiff"
"ocoee-0847","keep","initial_default","D. ocoee","49","Process_365_raw_green.ome.tiff::tile_y061440_x036864.tiff::129","Process_365_raw_green.ome.tiff","tile_y061440_x036864.tiff"
"ocoee-0848","keep","initial_default","D. ocoee","50","Process_365_raw_green.ome.tiff::tile_y036864_x024576.tiff::64","Process_365_raw_green.ome.tiff","tile_y036864_x024576.tiff"
"ocoee-0849","keep","initial_default","D. ocoee","51","Process_365_raw_green.ome.tiff::tile_y061440_x036864.tiff::29","Process_365_raw_green.ome.tiff","tile_y061440_x036864.tiff"
"ocoee-0850","keep","initial_default","D. ocoee","52","Process_365_raw_green.ome.tiff::tile_y036864_x024576.tiff::6","Process_365_raw_green.ome.tiff","tile_y036864_x024576.tiff"
"perlapsus-0851","keep","initial_default","D. perlapsus","1","Process_354_raw_green.ome.tiff::tile_y045056_x032768.tiff::6","Process_354_raw_green.ome.tiff","tile_y045056_x032768.tiff"
"perlapsus-0852","keep","initial_default","D. perlapsus","2","Process_354_raw_green.ome.tiff::tile_y045056_x032768.tiff::17","Process_354_raw_green.ome.tiff","tile_y045056_x032768.tiff"
"perlapsus-0853","keep","initial_default","D. perlapsus","3","Process_354_raw_green.ome.tiff::tile_y016384_x032768.tiff::36","Process_354_raw_green.ome.tiff","tile_y016384_x032768.tiff"
"perlapsus-0854","keep","initial_default","D. perlapsus","4","Process_354_raw_green.ome.tiff::tile_y036864_x036864.tiff::2","Process_354_raw_green.ome.tiff","tile_y036864_x036864.tiff"
"perlapsus-0855","keep","initial_default","D. perlapsus","5","Process_354_raw_green.ome.tiff::tile_y016384_x032768.tiff::50","Process_354_raw_green.ome.tiff","tile_y016384_x032768.tiff"
"perlapsus-0856","keep","initial_default","D. perlapsus","6","Process_354_raw_green.ome.tiff::tile_y016384_x032768.tiff::12","Process_354_raw_green.ome.tiff","tile_y016384_x032768.tiff"
"perlapsus-0857","keep","initial_default","D. perlapsus","7","Process_354_raw_green.ome.tiff::tile_y020480_x040960.tiff::18","Process_354_raw_green.ome.tiff","tile_y020480_x040960.tiff"
"perlapsus-0858","keep","initial_default","D. perlapsus","8","Process_354_raw_green.ome.tiff::tile_y028672_x024576.tiff::14","Process_354_raw_green.ome.tiff","tile_y028672_x024576.tiff"
"perlapsus-0859","keep","initial_default","D. perlapsus","9","Process_354_raw_green.ome.tiff::tile_y028672_x004096.tiff::18","Process_354_raw_green.ome.tiff","tile_y028672_x004096.tiff"
"perlapsus-0860","keep","initial_default","D. perlapsus","10","Process_354_raw_green.ome.tiff::tile_y020480_x040960.tiff::29","Process_354_raw_green.ome.tiff","tile_y020480_x040960.tiff"
"perlapsus-0861","keep","initial_default","D. perlapsus","11","Process_354_raw_green.ome.tiff::tile_y045056_x032768.tiff::14","Process_354_raw_green.ome.tiff","tile_y045056_x032768.tiff"
"perlapsus-0862","keep","initial_default","D. perlapsus","12","Process_354_raw_green.ome.tiff::tile_y016384_x032768.tiff::28","Process_354_raw_green.ome.tiff","tile_y016384_x032768.tiff"
"perlapsus-0863","keep","initial_default","D. perlapsus","13","Process_354_raw_green.ome.tiff::tile_y020480_x008192.tiff::4","Process_354_raw_green.ome.tiff","tile_y020480_x008192.tiff"
"perlapsus-0864","keep","initial_default","D. perlapsus","14","Process_354_raw_green.ome.tiff::tile_y016384_x008192.tiff::41","Process_354_raw_green.ome.tiff","tile_y016384_x008192.tiff"
"perlapsus-0865","keep","initial_default","D. perlapsus","15","Process_354_raw_green.ome.tiff::tile_y016384_x032768.tiff::13","Process_354_raw_green.ome.tiff","tile_y016384_x032768.tiff"
"perlapsus-0866","keep","initial_default","D. perlapsus","16","Process_354_raw_green.ome.tiff::tile_y016384_x032768.tiff::10","Process_354_raw_green.ome.tiff","tile_y016384_x032768.tiff"
"perlapsus-0867","keep","initial_default","D. perlapsus","18","Process_354_raw_green.ome.tiff::tile_y045056_x032768.tiff::2","Process_354_raw_green.ome.tiff","tile_y045056_x032768.tiff"
"perlapsus-0868","keep","initial_default","D. perlapsus","19","Process_354_raw_green.ome.tiff::tile_y028672_x024576.tiff::12","Process_354_raw_green.ome.tiff","tile_y028672_x024576.tiff"
"perlapsus-0869","keep","initial_default","D. perlapsus","20","Process_354_raw_green.ome.tiff::tile_y028672_x024576.tiff::5","Process_354_raw_green.ome.tiff","tile_y028672_x024576.tiff"
"perlapsus-0870","keep","initial_default","D. perlapsus","21","Process_354_raw_green.ome.tiff::tile_y028672_x024576.tiff::2","Process_354_raw_green.ome.tiff","tile_y028672_x024576.tiff"
"perlapsus-0871","keep","initial_default","D. perlapsus","22","Process_354_raw_green.ome.tiff::tile_y020480_x008192.tiff::13","Process_354_raw_green.ome.tiff","tile_y020480_x008192.tiff"
"perlapsus-0872","keep","initial_default","D. perlapsus","23","Process_354_raw_green.ome.tiff::tile_y053248_x040960.tiff::5","Process_354_raw_green.ome.tiff","tile_y053248_x040960.tiff"
"perlapsus-0873","keep","initial_default","D. perlapsus","25","Process_354_raw_green.ome.tiff::tile_y028672_x004096.tiff::16","Process_354_raw_green.ome.tiff","tile_y028672_x004096.tiff"
"perlapsus-0874","keep","initial_default","D. perlapsus","26","Process_354_raw_green.ome.tiff::tile_y028672_x024576.tiff::4","Process_354_raw_green.ome.tiff","tile_y028672_x024576.tiff"
"perlapsus-0875","keep","initial_default","D. perlapsus","27","Process_354_raw_green.ome.tiff::tile_y036864_x036864.tiff::12","Process_354_raw_green.ome.tiff","tile_y036864_x036864.tiff"
"perlapsus-0876","keep","initial_default","D. perlapsus","28","Process_354_raw_green.ome.tiff::tile_y045056_x032768.tiff::9","Process_354_raw_green.ome.tiff","tile_y045056_x032768.tiff"
"perlapsus-0877","keep","initial_default","D. perlapsus","29","Process_354_raw_green.ome.tiff::tile_y016384_x032768.tiff::6","Process_354_raw_green.ome.tiff","tile_y016384_x032768.tiff"
"perlapsus-0878","keep","initial_default","D. perlapsus","30","Process_354_raw_green.ome.tiff::tile_y016384_x008192.tiff::1","Process_354_raw_green.ome.tiff","tile_y016384_x008192.tiff"
"perlapsus-0879","keep","initial_default","D. perlapsus","31","Process_354_raw_green.ome.tiff::tile_y016384_x008192.tiff::28","Process_354_raw_green.ome.tiff","tile_y016384_x008192.tiff"
"perlapsus-0880","keep","initial_default","D. perlapsus","32","Process_354_raw_green.ome.tiff::tile_y036864_x036864.tiff::9","Process_354_raw_green.ome.tiff","tile_y036864_x036864.tiff"
"perlapsus-0881","keep","initial_default","D. perlapsus","33","Process_354_raw_green.ome.tiff::tile_y036864_x036864.tiff::11","Process_354_raw_green.ome.tiff","tile_y036864_x036864.tiff"
"perlapsus-0882","keep","initial_default","D. perlapsus","34","Process_354_raw_green.ome.tiff::tile_y028672_x024576.tiff::10","Process_354_raw_green.ome.tiff","tile_y028672_x024576.tiff"
"perlapsus-0883","keep","initial_default","D. perlapsus","35","Process_354_raw_green.ome.tiff::tile_y016384_x032768.tiff::35","Process_354_raw_green.ome.tiff","tile_y016384_x032768.tiff"
"perlapsus-0884","keep","initial_default","D. perlapsus","36","Process_354_raw_green.ome.tiff::tile_y016384_x008192.tiff::32","Process_354_raw_green.ome.tiff","tile_y016384_x008192.tiff"
"perlapsus-0885","keep","initial_default","D. perlapsus","37","Process_354_raw_green.ome.tiff::tile_y020480_x016384.tiff::6","Process_354_raw_green.ome.tiff","tile_y020480_x016384.tiff"
"perlapsus-0886","keep","initial_default","D. perlapsus","38","Process_354_raw_green.ome.tiff::tile_y016384_x008192.tiff::24","Process_354_raw_green.ome.tiff","tile_y016384_x008192.tiff"
"perlapsus-0887","keep","initial_default","D. perlapsus","39","Process_354_raw_green.ome.tiff::tile_y016384_x032768.tiff::21","Process_354_raw_green.ome.tiff","tile_y016384_x032768.tiff"
"perlapsus-0888","keep","initial_default","D. perlapsus","41","Process_354_raw_green.ome.tiff::tile_y020480_x040960.tiff::22","Process_354_raw_green.ome.tiff","tile_y020480_x040960.tiff"
"perlapsus-0889","keep","initial_default","D. perlapsus","42","Process_354_raw_green.ome.tiff::tile_y045056_x024576.tiff::11","Process_354_raw_green.ome.tiff","tile_y045056_x024576.tiff"
"perlapsus-0890","keep","initial_default","D. perlapsus","43","Process_354_raw_green.ome.tiff::tile_y045056_x024576.tiff::14","Process_354_raw_green.ome.tiff","tile_y045056_x024576.tiff"
"perlapsus-0891","keep","initial_default","D. perlapsus","44","Process_354_raw_green.ome.tiff::tile_y020480_x040960.tiff::13","Process_354_raw_green.ome.tiff","tile_y020480_x040960.tiff"
"perlapsus-0892","keep","initial_default","D. perlapsus","45","Process_354_raw_green.ome.tiff::tile_y016384_x032768.tiff::39","Process_354_raw_green.ome.tiff","tile_y016384_x032768.tiff"
"perlapsus-0893","keep","initial_default","D. perlapsus","46","Process_354_raw_green.ome.tiff::tile_y020480_x040960.tiff::3","Process_354_raw_green.ome.tiff","tile_y020480_x040960.tiff"
"perlapsus-0894","keep","initial_default","D. perlapsus","47","Process_354_raw_green.ome.tiff::tile_y016384_x008192.tiff::23","Process_354_raw_green.ome.tiff","tile_y016384_x008192.tiff"
"perlapsus-0895","keep","initial_default","D. perlapsus","48","Process_354_raw_green.ome.tiff::tile_y020480_x016384.tiff::2","Process_354_raw_green.ome.tiff","tile_y020480_x016384.tiff"
"perlapsus-0896","keep","initial_default","D. perlapsus","49","Process_354_raw_green.ome.tiff::tile_y016384_x032768.tiff::1","Process_354_raw_green.ome.tiff","tile_y016384_x032768.tiff"
"perlapsus-0897","keep","initial_default","D. perlapsus","50","Process_354_raw_green.ome.tiff::tile_y016384_x032768.tiff::19","Process_354_raw_green.ome.tiff","tile_y016384_x032768.tiff"
"perlapsus-0898","keep","initial_default","D. perlapsus","51","Process_354_raw_green.ome.tiff::tile_y028672_x004096.tiff::11","Process_354_raw_green.ome.tiff","tile_y028672_x004096.tiff"
"perlapsus-0899","keep","initial_default","D. perlapsus","52","Process_354_raw_green.ome.tiff::tile_y016384_x032768.tiff::11","Process_354_raw_green.ome.tiff","tile_y016384_x032768.tiff"
"perlapsus-0900","keep","initial_default","D. perlapsus","53","Process_354_raw_green.ome.tiff::tile_y028672_x024576.tiff::13","Process_354_raw_green.ome.tiff","tile_y028672_x024576.tiff"
"tilleyi-0901","keep","initial_default","D. tilleyi","1","Process_351_raw_green.ome.tiff::tile_y040960_x004096.tiff::24","Process_351_raw_green.ome.tiff","tile_y040960_x004096.tiff"
"tilleyi-0902","keep","initial_default","D. tilleyi","2","Process_351_raw_green.ome.tiff::tile_y040960_x004096.tiff::4","Process_351_raw_green.ome.tiff","tile_y040960_x004096.tiff"
"tilleyi-0903","keep","initial_default","D. tilleyi","3","Process_351_raw_green.ome.tiff::tile_y073728_x053248.tiff::218","Process_351_raw_green.ome.tiff","tile_y073728_x053248.tiff"
"tilleyi-0904","keep","initial_default","D. tilleyi","4","Process_351_raw_green.ome.tiff::tile_y073728_x053248.tiff::2","Process_351_raw_green.ome.tiff","tile_y073728_x053248.tiff"
"tilleyi-0905","keep","initial_default","D. tilleyi","5","Process_350_raw_green.ome.tiff::tile_y024576_x045056.tiff::21","Process_350_raw_green.ome.tiff","tile_y024576_x045056.tiff"
"tilleyi-0906","keep","initial_default","D. tilleyi","6","Process_350_raw_green.ome.tiff::tile_y053248_x040960.tiff::68","Process_350_raw_green.ome.tiff","tile_y053248_x040960.tiff"
"tilleyi-0907","keep","initial_default","D. tilleyi","7","Process_351_raw_green.ome.tiff::tile_y073728_x053248.tiff::192","Process_351_raw_green.ome.tiff","tile_y073728_x053248.tiff"
"tilleyi-0908","keep","initial_default","D. tilleyi","9","Process_350_raw_green.ome.tiff::tile_y053248_x040960.tiff::55","Process_350_raw_green.ome.tiff","tile_y053248_x040960.tiff"
"tilleyi-0909","keep","initial_default","D. tilleyi","10","Process_350_raw_green.ome.tiff::tile_y008192_x032768.tiff::64","Process_350_raw_green.ome.tiff","tile_y008192_x032768.tiff"
"tilleyi-0910","keep","initial_default","D. tilleyi","11","Process_351_raw_green.ome.tiff::tile_y028672_x077824.tiff::58","Process_351_raw_green.ome.tiff","tile_y028672_x077824.tiff"
"tilleyi-0911","keep","initial_default","D. tilleyi","12","Process_351_raw_green.ome.tiff::tile_y045056_x049152.tiff::27","Process_351_raw_green.ome.tiff","tile_y045056_x049152.tiff"
"tilleyi-0912","keep","initial_default","D. tilleyi","13","Process_351_raw_green.ome.tiff::tile_y073728_x053248.tiff::16","Process_351_raw_green.ome.tiff","tile_y073728_x053248.tiff"
"tilleyi-0913","keep","initial_default","D. tilleyi","14","Process_350_raw_green.ome.tiff::tile_y008192_x032768.tiff::56","Process_350_raw_green.ome.tiff","tile_y008192_x032768.tiff"
"tilleyi-0914","keep","initial_default","D. tilleyi","15","Process_351_raw_green.ome.tiff::tile_y028672_x077824.tiff::26","Process_351_raw_green.ome.tiff","tile_y028672_x077824.tiff"
"tilleyi-0915","keep","initial_default","D. tilleyi","16","Process_351_raw_green.ome.tiff::tile_y028672_x077824.tiff::28","Process_351_raw_green.ome.tiff","tile_y028672_x077824.tiff"
"tilleyi-0916","keep","initial_default","D. tilleyi","17","Process_351_raw_green.ome.tiff::tile_y045056_x049152.tiff::31","Process_351_raw_green.ome.tiff","tile_y045056_x049152.tiff"
"tilleyi-0917","keep","initial_default","D. tilleyi","18","Process_351_raw_green.ome.tiff::tile_y073728_x053248.tiff::61","Process_351_raw_green.ome.tiff","tile_y073728_x053248.tiff"
"tilleyi-0918","keep","initial_default","D. tilleyi","19","Process_351_raw_green.ome.tiff::tile_y028672_x077824.tiff::66","Process_351_raw_green.ome.tiff","tile_y028672_x077824.tiff"
"tilleyi-0919","keep","initial_default","D. tilleyi","20","Process_351_raw_green.ome.tiff::tile_y028672_x077824.tiff::47","Process_351_raw_green.ome.tiff","tile_y028672_x077824.tiff"
"tilleyi-0920","keep","initial_default","D. tilleyi","21","Process_351_raw_green.ome.tiff::tile_y073728_x053248.tiff::150","Process_351_raw_green.ome.tiff","tile_y073728_x053248.tiff"
"tilleyi-0921","keep","initial_default","D. tilleyi","22","Process_351_raw_green.ome.tiff::tile_y073728_x053248.tiff::63","Process_351_raw_green.ome.tiff","tile_y073728_x053248.tiff"
"tilleyi-0922","keep","initial_default","D. tilleyi","23","Process_351_raw_green.ome.tiff::tile_y045056_x049152.tiff::35","Process_351_raw_green.ome.tiff","tile_y045056_x049152.tiff"
"tilleyi-0923","keep","initial_default","D. tilleyi","24","Process_350_raw_green.ome.tiff::tile_y008192_x032768.tiff::70","Process_350_raw_green.ome.tiff","tile_y008192_x032768.tiff"
"tilleyi-0924","keep","initial_default","D. tilleyi","25","Process_350_raw_green.ome.tiff::tile_y020480_x032768.tiff::1","Process_350_raw_green.ome.tiff","tile_y020480_x032768.tiff"
"tilleyi-0925","keep","initial_default","D. tilleyi","26","Process_351_raw_green.ome.tiff::tile_y028672_x077824.tiff::33","Process_351_raw_green.ome.tiff","tile_y028672_x077824.tiff"
"tilleyi-0926","keep","initial_default","D. tilleyi","27","Process_350_raw_green.ome.tiff::tile_y053248_x040960.tiff::67","Process_350_raw_green.ome.tiff","tile_y053248_x040960.tiff"
"tilleyi-0927","keep","initial_default","D. tilleyi","28","Process_351_raw_green.ome.tiff::tile_y045056_x049152.tiff::28","Process_351_raw_green.ome.tiff","tile_y045056_x049152.tiff"
"tilleyi-0928","keep","initial_default","D. tilleyi","29","Process_350_raw_green.ome.tiff::tile_y008192_x032768.tiff::24","Process_350_raw_green.ome.tiff","tile_y008192_x032768.tiff"
"tilleyi-0929","keep","initial_default","D. tilleyi","30","Process_350_raw_green.ome.tiff::tile_y020480_x032768.tiff::104","Process_350_raw_green.ome.tiff","tile_y020480_x032768.tiff"
"tilleyi-0930","keep","initial_default","D. tilleyi","31","Process_351_raw_green.ome.tiff::tile_y073728_x053248.tiff::96","Process_351_raw_green.ome.tiff","tile_y073728_x053248.tiff"
"tilleyi-0931","keep","initial_default","D. tilleyi","32","Process_350_raw_green.ome.tiff::tile_y008192_x032768.tiff::14","Process_350_raw_green.ome.tiff","tile_y008192_x032768.tiff"
"tilleyi-0932","keep","initial_default","D. tilleyi","33","Process_351_raw_green.ome.tiff::tile_y073728_x053248.tiff::9","Process_351_raw_green.ome.tiff","tile_y073728_x053248.tiff"
"tilleyi-0933","keep","initial_default","D. tilleyi","34","Process_350_raw_green.ome.tiff::tile_y040960_x040960.tiff::13","Process_350_raw_green.ome.tiff","tile_y040960_x040960.tiff"
"tilleyi-0934","keep","initial_default","D. tilleyi","35","Process_351_raw_green.ome.tiff::tile_y040960_x004096.tiff::7","Process_351_raw_green.ome.tiff","tile_y040960_x004096.tiff"
"tilleyi-0935","keep","initial_default","D. tilleyi","36","Process_351_raw_green.ome.tiff::tile_y040960_x004096.tiff::28","Process_351_raw_green.ome.tiff","tile_y040960_x004096.tiff"
"tilleyi-0936","keep","initial_default","D. tilleyi","37","Process_351_raw_green.ome.tiff::tile_y028672_x077824.tiff::32","Process_351_raw_green.ome.tiff","tile_y028672_x077824.tiff"
"tilleyi-0937","keep","initial_default","D. tilleyi","38","Process_351_raw_green.ome.tiff::tile_y028672_x077824.tiff::23","Process_351_raw_green.ome.tiff","tile_y028672_x077824.tiff"
"tilleyi-0938","keep","initial_default","D. tilleyi","39","Process_351_raw_green.ome.tiff::tile_y073728_x053248.tiff::203","Process_351_raw_green.ome.tiff","tile_y073728_x053248.tiff"
"tilleyi-0939","keep","initial_default","D. tilleyi","40","Process_351_raw_green.ome.tiff::tile_y028672_x077824.tiff::49","Process_351_raw_green.ome.tiff","tile_y028672_x077824.tiff"
"tilleyi-0940","keep","initial_default","D. tilleyi","41","Process_351_raw_green.ome.tiff::tile_y073728_x053248.tiff::127","Process_351_raw_green.ome.tiff","tile_y073728_x053248.tiff"
"tilleyi-0941","keep","initial_default","D. tilleyi","42","Process_351_raw_green.ome.tiff::tile_y028672_x077824.tiff::38","Process_351_raw_green.ome.tiff","tile_y028672_x077824.tiff"
"tilleyi-0942","keep","initial_default","D. tilleyi","43","Process_351_raw_green.ome.tiff::tile_y028672_x077824.tiff::4","Process_351_raw_green.ome.tiff","tile_y028672_x077824.tiff"
"tilleyi-0943","keep","initial_default","D. tilleyi","44","Process_351_raw_green.ome.tiff::tile_y073728_x053248.tiff::38","Process_351_raw_green.ome.tiff","tile_y073728_x053248.tiff"
"tilleyi-0944","keep","initial_default","D. tilleyi","45","Process_350_raw_green.ome.tiff::tile_y008192_x032768.tiff::130","Process_350_raw_green.ome.tiff","tile_y008192_x032768.tiff"
"tilleyi-0945","keep","initial_default","D. tilleyi","46","Process_351_raw_green.ome.tiff::tile_y073728_x053248.tiff::95","Process_351_raw_green.ome.tiff","tile_y073728_x053248.tiff"
"tilleyi-0946","keep","initial_default","D. tilleyi","47","Process_351_raw_green.ome.tiff::tile_y073728_x053248.tiff::121","Process_351_raw_green.ome.tiff","tile_y073728_x053248.tiff"
"tilleyi-0947","keep","initial_default","D. tilleyi","48","Process_350_raw_green.ome.tiff::tile_y040960_x040960.tiff::21","Process_350_raw_green.ome.tiff","tile_y040960_x040960.tiff"
"tilleyi-0948","keep","initial_default","D. tilleyi","49","Process_351_raw_green.ome.tiff::tile_y073728_x053248.tiff::10","Process_351_raw_green.ome.tiff","tile_y073728_x053248.tiff"
"tilleyi-0949","keep","initial_default","D. tilleyi","50","Process_350_raw_green.ome.tiff::tile_y020480_x032768.tiff::53","Process_350_raw_green.ome.tiff","tile_y020480_x032768.tiff"
"tilleyi-0950","keep","initial_default","D. tilleyi","51","Process_351_raw_green.ome.tiff::tile_y028672_x077824.tiff::53","Process_351_raw_green.ome.tiff","tile_y028672_x077824.tiff"
"valtos-0951","keep","initial_default","D. valtos","1","Process_362_raw_green.ome.tiff::tile_y053248_x032768.tiff::56","Process_362_raw_green.ome.tiff","tile_y053248_x032768.tiff"
"valtos-0952","keep","initial_default","D. valtos","2","Process_362_raw_green.ome.tiff::tile_y049152_x004096.tiff::12","Process_362_raw_green.ome.tiff","tile_y049152_x004096.tiff"
"valtos-0953","keep","initial_default","D. valtos","3","Process_362_raw_green.ome.tiff::tile_y024576_x012288.tiff::44","Process_362_raw_green.ome.tiff","tile_y024576_x012288.tiff"
"valtos-0954","keep","initial_default","D. valtos","4","Process_362_raw_green.ome.tiff::tile_y053248_x032768.tiff::85","Process_362_raw_green.ome.tiff","tile_y053248_x032768.tiff"
"valtos-0955","keep","initial_default","D. valtos","5","Process_362_raw_green.ome.tiff::tile_y024576_x012288.tiff::4","Process_362_raw_green.ome.tiff","tile_y024576_x012288.tiff"
"valtos-0956","keep","initial_default","D. valtos","6","Process_362_raw_green.ome.tiff::tile_y049152_x004096.tiff::83","Process_362_raw_green.ome.tiff","tile_y049152_x004096.tiff"
"valtos-0957","keep","initial_default","D. valtos","7","Process_362_raw_green.ome.tiff::tile_y049152_x004096.tiff::52","Process_362_raw_green.ome.tiff","tile_y049152_x004096.tiff"
"valtos-0958","keep","initial_default","D. valtos","8","Process_362_raw_green.ome.tiff::tile_y028672_x045056.tiff::54","Process_362_raw_green.ome.tiff","tile_y028672_x045056.tiff"
"valtos-0959","keep","initial_default","D. valtos","9","Process_362_raw_green.ome.tiff::tile_y053248_x032768.tiff::105","Process_362_raw_green.ome.tiff","tile_y053248_x032768.tiff"
"valtos-0960","keep","initial_default","D. valtos","10","Process_362_raw_green.ome.tiff::tile_y053248_x032768.tiff::48","Process_362_raw_green.ome.tiff","tile_y053248_x032768.tiff"
"valtos-0961","keep","initial_default","D. valtos","11","Process_362_raw_green.ome.tiff::tile_y053248_x032768.tiff::116","Process_362_raw_green.ome.tiff","tile_y053248_x032768.tiff"
"valtos-0962","keep","initial_default","D. valtos","12","Process_362_raw_green.ome.tiff::tile_y053248_x032768.tiff::10","Process_362_raw_green.ome.tiff","tile_y053248_x032768.tiff"
"valtos-0963","keep","initial_default","D. valtos","13","Process_362_raw_green.ome.tiff::tile_y040960_x053248.tiff::136","Process_362_raw_green.ome.tiff","tile_y040960_x053248.tiff"
"valtos-0964","keep","initial_default","D. valtos","14","Process_362_raw_green.ome.tiff::tile_y028672_x045056.tiff::67","Process_362_raw_green.ome.tiff","tile_y028672_x045056.tiff"
"valtos-0965","keep","initial_default","D. valtos","15","Process_362_raw_green.ome.tiff::tile_y028672_x045056.tiff::53","Process_362_raw_green.ome.tiff","tile_y028672_x045056.tiff"
"valtos-0966","keep","initial_default","D. valtos","16","Process_362_raw_green.ome.tiff::tile_y049152_x004096.tiff::1","Process_362_raw_green.ome.tiff","tile_y049152_x004096.tiff"
"valtos-0967","keep","initial_default","D. valtos","17","Process_362_raw_green.ome.tiff::tile_y024576_x012288.tiff::16","Process_362_raw_green.ome.tiff","tile_y024576_x012288.tiff"
"valtos-0968","keep","initial_default","D. valtos","18","Process_362_raw_green.ome.tiff::tile_y024576_x012288.tiff::52","Process_362_raw_green.ome.tiff","tile_y024576_x012288.tiff"
"valtos-0969","keep","initial_default","D. valtos","19","Process_362_raw_green.ome.tiff::tile_y040960_x053248.tiff::91","Process_362_raw_green.ome.tiff","tile_y040960_x053248.tiff"
"valtos-0970","keep","initial_default","D. valtos","21","Process_362_raw_green.ome.tiff::tile_y049152_x004096.tiff::63","Process_362_raw_green.ome.tiff","tile_y049152_x004096.tiff"
"valtos-0971","keep","initial_default","D. valtos","22","Process_362_raw_green.ome.tiff::tile_y024576_x012288.tiff::9","Process_362_raw_green.ome.tiff","tile_y024576_x012288.tiff"
"valtos-0972","keep","initial_default","D. valtos","23","Process_362_raw_green.ome.tiff::tile_y024576_x012288.tiff::5","Process_362_raw_green.ome.tiff","tile_y024576_x012288.tiff"
"valtos-0973","keep","initial_default","D. valtos","24","Process_362_raw_green.ome.tiff::tile_y053248_x032768.tiff::65","Process_362_raw_green.ome.tiff","tile_y053248_x032768.tiff"
"valtos-0974","keep","initial_default","D. valtos","25","Process_362_raw_green.ome.tiff::tile_y040960_x053248.tiff::94","Process_362_raw_green.ome.tiff","tile_y040960_x053248.tiff"
"valtos-0975","keep","initial_default","D. valtos","26","Process_362_raw_green.ome.tiff::tile_y049152_x004096.tiff::61","Process_362_raw_green.ome.tiff","tile_y049152_x004096.tiff"
"valtos-0976","keep","initial_default","D. valtos","27","Process_362_raw_green.ome.tiff::tile_y053248_x032768.tiff::15","Process_362_raw_green.ome.tiff","tile_y053248_x032768.tiff"
"valtos-0977","keep","initial_default","D. valtos","28","Process_362_raw_green.ome.tiff::tile_y053248_x032768.tiff::119","Process_362_raw_green.ome.tiff","tile_y053248_x032768.tiff"
"valtos-0978","keep","initial_default","D. valtos","29","Process_362_raw_green.ome.tiff::tile_y024576_x012288.tiff::28","Process_362_raw_green.ome.tiff","tile_y024576_x012288.tiff"
"valtos-0979","keep","initial_default","D. valtos","30","Process_362_raw_green.ome.tiff::tile_y053248_x032768.tiff::106","Process_362_raw_green.ome.tiff","tile_y053248_x032768.tiff"
"valtos-0980","keep","initial_default","D. valtos","31","Process_362_raw_green.ome.tiff::tile_y053248_x032768.tiff::126","Process_362_raw_green.ome.tiff","tile_y053248_x032768.tiff"
"valtos-0981","keep","initial_default","D. valtos","32","Process_362_raw_green.ome.tiff::tile_y053248_x032768.tiff::74","Process_362_raw_green.ome.tiff","tile_y053248_x032768.tiff"
"valtos-0982","keep","initial_default","D. valtos","33","Process_362_raw_green.ome.tiff::tile_y024576_x012288.tiff::48","Process_362_raw_green.ome.tiff","tile_y024576_x012288.tiff"
"valtos-0983","keep","initial_default","D. valtos","34","Process_362_raw_green.ome.tiff::tile_y053248_x032768.tiff::88","Process_362_raw_green.ome.tiff","tile_y053248_x032768.tiff"
"valtos-0984","keep","initial_default","D. valtos","35","Process_362_raw_green.ome.tiff::tile_y040960_x053248.tiff::10","Process_362_raw_green.ome.tiff","tile_y040960_x053248.tiff"
"valtos-0985","keep","initial_default","D. valtos","36","Process_362_raw_green.ome.tiff::tile_y053248_x032768.tiff::8","Process_362_raw_green.ome.tiff","tile_y053248_x032768.tiff"
"valtos-0986","keep","initial_default","D. valtos","38","Process_362_raw_green.ome.tiff::tile_y053248_x032768.tiff::63","Process_362_raw_green.ome.tiff","tile_y053248_x032768.tiff"
"valtos-0987","keep","initial_default","D. valtos","39","Process_362_raw_green.ome.tiff::tile_y040960_x053248.tiff::75","Process_362_raw_green.ome.tiff","tile_y040960_x053248.tiff"
"valtos-0988","keep","initial_default","D. valtos","40","Process_362_raw_green.ome.tiff::tile_y049152_x004096.tiff::50","Process_362_raw_green.ome.tiff","tile_y049152_x004096.tiff"
"valtos-0989","keep","initial_default","D. valtos","41","Process_362_raw_green.ome.tiff::tile_y028672_x045056.tiff::52","Process_362_raw_green.ome.tiff","tile_y028672_x045056.tiff"
"valtos-0990","keep","initial_default","D. valtos","42","Process_362_raw_green.ome.tiff::tile_y053248_x032768.tiff::14","Process_362_raw_green.ome.tiff","tile_y053248_x032768.tiff"
"valtos-0991","keep","initial_default","D. valtos","43","Process_363_raw_green.ome.tiff::tile_y040960_x061440.tiff::135","Process_363_raw_green.ome.tiff","tile_y040960_x061440.tiff"
"valtos-0992","keep","initial_default","D. valtos","44","Process_362_raw_green.ome.tiff::tile_y049152_x004096.tiff::65","Process_362_raw_green.ome.tiff","tile_y049152_x004096.tiff"
"valtos-0993","keep","initial_default","D. valtos","45","Process_363_raw_green.ome.tiff::tile_y040960_x061440.tiff::179","Process_363_raw_green.ome.tiff","tile_y040960_x061440.tiff"
"valtos-0994","keep","initial_default","D. valtos","46","Process_362_raw_green.ome.tiff::tile_y049152_x004096.tiff::17","Process_362_raw_green.ome.tiff","tile_y049152_x004096.tiff"
"valtos-0995","keep","initial_default","D. valtos","47","Process_362_raw_green.ome.tiff::tile_y040960_x053248.tiff::77","Process_362_raw_green.ome.tiff","tile_y040960_x053248.tiff"
"valtos-0996","keep","initial_default","D. valtos","48","Process_363_raw_green.ome.tiff::tile_y040960_x065536.tiff::2","Process_363_raw_green.ome.tiff","tile_y040960_x065536.tiff"
"valtos-0997","keep","initial_default","D. valtos","49","Process_362_raw_green.ome.tiff::tile_y053248_x032768.tiff::33","Process_362_raw_green.ome.tiff","tile_y053248_x032768.tiff"
"valtos-0998","keep","initial_default","D. valtos","50","Process_362_raw_green.ome.tiff::tile_y053248_x032768.tiff::7","Process_362_raw_green.ome.tiff","tile_y053248_x032768.tiff"
"valtos-0999","keep","initial_default","D. valtos","51","Process_362_raw_green.ome.tiff::tile_y049152_x004096.tiff::88","Process_362_raw_green.ome.tiff","tile_y049152_x004096.tiff"
"valtos-1000","keep","initial_default","D. valtos","52","Process_362_raw_green.ome.tiff::tile_y040960_x053248.tiff::45","Process_362_raw_green.ome.tiff","tile_y040960_x053248.tiff"
"welteri-1001","keep","initial_default","D. welteri","1","Process_318_raw_green.ome.tiff::tile_y012288_x061440.tiff::4","Process_318_raw_green.ome.tiff","tile_y012288_x061440.tiff"
"welteri-1002","keep","initial_default","D. welteri","2","Process_318_raw_green.ome.tiff::tile_y032768_x024576.tiff::29","Process_318_raw_green.ome.tiff","tile_y032768_x024576.tiff"
"welteri-1003","keep","initial_default","D. welteri","3","Process_318_raw_green.ome.tiff::tile_y032768_x049152.tiff::22","Process_318_raw_green.ome.tiff","tile_y032768_x049152.tiff"
"welteri-1004","keep","initial_default","D. welteri","4","Process_318_raw_green.ome.tiff::tile_y032768_x057344.tiff::7","Process_318_raw_green.ome.tiff","tile_y032768_x057344.tiff"
"welteri-1005","keep","initial_default","D. welteri","5","Process_318_raw_green.ome.tiff::tile_y032768_x024576.tiff::3","Process_318_raw_green.ome.tiff","tile_y032768_x024576.tiff"
"welteri-1006","keep","initial_default","D. welteri","6","Process_318_raw_green.ome.tiff::tile_y032768_x024576.tiff::9","Process_318_raw_green.ome.tiff","tile_y032768_x024576.tiff"
"welteri-1007","keep","initial_default","D. welteri","7","Process_318_raw_green.ome.tiff::tile_y028672_x004096.tiff::2","Process_318_raw_green.ome.tiff","tile_y028672_x004096.tiff"
"welteri-1008","keep","initial_default","D. welteri","8","Process_318_raw_green.ome.tiff::tile_y032768_x024576.tiff::1","Process_318_raw_green.ome.tiff","tile_y032768_x024576.tiff"
"welteri-1009","keep","initial_default","D. welteri","9","Process_318_raw_green.ome.tiff::tile_y032768_x053248.tiff::26","Process_318_raw_green.ome.tiff","tile_y032768_x053248.tiff"
"welteri-1010","keep","initial_default","D. welteri","10","Process_318_raw_green.ome.tiff::tile_y032768_x004096.tiff::7","Process_318_raw_green.ome.tiff","tile_y032768_x004096.tiff"
"welteri-1011","keep","initial_default","D. welteri","11","Process_318_raw_green.ome.tiff::tile_y004096_x004096.tiff::30","Process_318_raw_green.ome.tiff","tile_y004096_x004096.tiff"
"welteri-1012","keep","initial_default","D. welteri","12","Process_318_raw_green.ome.tiff::tile_y004096_x004096.tiff::14","Process_318_raw_green.ome.tiff","tile_y004096_x004096.tiff"
"welteri-1013","keep","initial_default","D. welteri","13","Process_318_raw_green.ome.tiff::tile_y020480_x032768.tiff::9","Process_318_raw_green.ome.tiff","tile_y020480_x032768.tiff"
"welteri-1014","keep","initial_default","D. welteri","14","Process_319_raw_green.ome.tiff::tile_y040960_x073728.tiff::32","Process_319_raw_green.ome.tiff","tile_y040960_x073728.tiff"
"welteri-1015","keep","initial_default","D. welteri","15","Process_318_raw_green.ome.tiff::tile_y032768_x049152.tiff::28","Process_318_raw_green.ome.tiff","tile_y032768_x049152.tiff"
"welteri-1016","keep","initial_default","D. welteri","16","Process_318_raw_green.ome.tiff::tile_y020480_x032768.tiff::13","Process_318_raw_green.ome.tiff","tile_y020480_x032768.tiff"
"welteri-1017","keep","initial_default","D. welteri","17","Process_318_raw_green.ome.tiff::tile_y032768_x004096.tiff::6","Process_318_raw_green.ome.tiff","tile_y032768_x004096.tiff"
"welteri-1018","keep","initial_default","D. welteri","18","Process_319_raw_green.ome.tiff::tile_y040960_x020480.tiff::304","Process_319_raw_green.ome.tiff","tile_y040960_x020480.tiff"
"welteri-1019","keep","initial_default","D. welteri","19","Process_319_raw_green.ome.tiff::tile_y000000_x000000.tiff::14","Process_319_raw_green.ome.tiff","tile_y000000_x000000.tiff"
"welteri-1020","keep","initial_default","D. welteri","20","Process_319_raw_green.ome.tiff::tile_y040960_x073728.tiff::199","Process_319_raw_green.ome.tiff","tile_y040960_x073728.tiff"
"welteri-1021","keep","initial_default","D. welteri","21","Process_318_raw_green.ome.tiff::tile_y032768_x057344.tiff::1","Process_318_raw_green.ome.tiff","tile_y032768_x057344.tiff"
"welteri-1022","keep","initial_default","D. welteri","23","Process_319_raw_green.ome.tiff::tile_y040960_x073728.tiff::92","Process_319_raw_green.ome.tiff","tile_y040960_x073728.tiff"
"welteri-1023","keep","initial_default","D. welteri","24","Process_319_raw_green.ome.tiff::tile_y000000_x000000.tiff::27","Process_319_raw_green.ome.tiff","tile_y000000_x000000.tiff"
"welteri-1024","keep","initial_default","D. welteri","25","Process_318_raw_green.ome.tiff::tile_y032768_x049152.tiff::27","Process_318_raw_green.ome.tiff","tile_y032768_x049152.tiff"
"welteri-1025","keep","initial_default","D. welteri","27","Process_319_raw_green.ome.tiff::tile_y000000_x000000.tiff::7","Process_319_raw_green.ome.tiff","tile_y000000_x000000.tiff"
"welteri-1026","keep","initial_default","D. welteri","28","Process_318_raw_green.ome.tiff::tile_y004096_x004096.tiff::18","Process_318_raw_green.ome.tiff","tile_y004096_x004096.tiff"
"welteri-1027","keep","initial_default","D. welteri","29","Process_319_raw_green.ome.tiff::tile_y040960_x073728.tiff::1","Process_319_raw_green.ome.tiff","tile_y040960_x073728.tiff"
"welteri-1028","keep","initial_default","D. welteri","30","Process_319_raw_green.ome.tiff::tile_y040960_x073728.tiff::155","Process_319_raw_green.ome.tiff","tile_y040960_x073728.tiff"
"welteri-1029","keep","initial_default","D. welteri","32","Process_318_raw_green.ome.tiff::tile_y032768_x049152.tiff::30","Process_318_raw_green.ome.tiff","tile_y032768_x049152.tiff"
"welteri-1030","keep","initial_default","D. welteri","33","Process_318_raw_green.ome.tiff::tile_y032768_x049152.tiff::19","Process_318_raw_green.ome.tiff","tile_y032768_x049152.tiff"
"welteri-1031","keep","initial_default","D. welteri","34","Process_319_raw_green.ome.tiff::tile_y040960_x073728.tiff::18","Process_319_raw_green.ome.tiff","tile_y040960_x073728.tiff"
"welteri-1032","keep","initial_default","D. welteri","35","Process_319_raw_green.ome.tiff::tile_y040960_x020480.tiff::78","Process_319_raw_green.ome.tiff","tile_y040960_x020480.tiff"
"welteri-1033","keep","initial_default","D. welteri","36","Process_319_raw_green.ome.tiff::tile_y040960_x020480.tiff::94","Process_319_raw_green.ome.tiff","tile_y040960_x020480.tiff"
"welteri-1034","keep","initial_default","D. welteri","37","Process_318_raw_green.ome.tiff::tile_y032768_x053248.tiff::17","Process_318_raw_green.ome.tiff","tile_y032768_x053248.tiff"
"welteri-1035","keep","initial_default","D. welteri","38","Process_319_raw_green.ome.tiff::tile_y040960_x020480.tiff::180","Process_319_raw_green.ome.tiff","tile_y040960_x020480.tiff"
"welteri-1036","keep","initial_default","D. welteri","39","Process_318_raw_green.ome.tiff::tile_y032768_x024576.tiff::48","Process_318_raw_green.ome.tiff","tile_y032768_x024576.tiff"
"welteri-1037","keep","initial_default","D. welteri","40","Process_318_raw_green.ome.tiff::tile_y028672_x004096.tiff::7","Process_318_raw_green.ome.tiff","tile_y028672_x004096.tiff"
"welteri-1038","keep","initial_default","D. welteri","41","Process_319_raw_green.ome.tiff::tile_y000000_x000000.tiff::24","Process_319_raw_green.ome.tiff","tile_y000000_x000000.tiff"
"welteri-1039","keep","initial_default","D. welteri","42","Process_319_raw_green.ome.tiff::tile_y040960_x073728.tiff::177","Process_319_raw_green.ome.tiff","tile_y040960_x073728.tiff"
"welteri-1040","keep","initial_default","D. welteri","43","Process_319_raw_green.ome.tiff::tile_y040960_x020480.tiff::80","Process_319_raw_green.ome.tiff","tile_y040960_x020480.tiff"
"welteri-1041","keep","initial_default","D. welteri","44","Process_319_raw_green.ome.tiff::tile_y040960_x073728.tiff::70","Process_319_raw_green.ome.tiff","tile_y040960_x073728.tiff"
"welteri-1042","keep","initial_default","D. welteri","45","Process_319_raw_green.ome.tiff::tile_y040960_x073728.tiff::52","Process_319_raw_green.ome.tiff","tile_y040960_x073728.tiff"
"welteri-1043","keep","initial_default","D. welteri","46","Process_318_raw_green.ome.tiff::tile_y020480_x032768.tiff::5","Process_318_raw_green.ome.tiff","tile_y020480_x032768.tiff"
"welteri-1044","keep","initial_default","D. welteri","47","Process_319_raw_green.ome.tiff::tile_y040960_x073728.tiff::29","Process_319_raw_green.ome.tiff","tile_y040960_x073728.tiff"
"welteri-1045","keep","initial_default","D. welteri","48","Process_318_raw_green.ome.tiff::tile_y032768_x024576.tiff::22","Process_318_raw_green.ome.tiff","tile_y032768_x024576.tiff"
"welteri-1046","keep","initial_default","D. welteri","49","Process_319_raw_green.ome.tiff::tile_y040960_x073728.tiff::192","Process_319_raw_green.ome.tiff","tile_y040960_x073728.tiff"
"welteri-1047","keep","initial_default","D. welteri","51","Process_318_raw_green.ome.tiff::tile_y032768_x024576.tiff::43","Process_318_raw_green.ome.tiff","tile_y032768_x024576.tiff"
"welteri-1048","keep","initial_default","D. welteri","52","Process_319_raw_green.ome.tiff::tile_y040960_x020480.tiff::178","Process_319_raw_green.ome.tiff","tile_y040960_x020480.tiff"
"welteri-1049","keep","initial_default","D. welteri","53","Process_319_raw_green.ome.tiff::tile_y000000_x000000.tiff::12","Process_319_raw_green.ome.tiff","tile_y000000_x000000.tiff"
"welteri-1050","keep","initial_default","D. welteri","55","Process_319_raw_green.ome.tiff::tile_y000000_x000000.tiff::8","Process_319_raw_green.ome.tiff","tile_y000000_x000000.tiff"
"aeneus-1051","keep","auto_fill","D. aeneus","1","Process_395_green.ome.tiff::tile_y008192_x040960.tiff::15","Process_395_green.ome.tiff","tile_y008192_x040960.tiff"
"aeneus-1052","keep","auto_fill","D. aeneus","2","Process_393_green.ome.tiff::tile_y065536_x028672.tiff::1","Process_393_green.ome.tiff","tile_y065536_x028672.tiff"
"aeneus-1053","keep","auto_fill","D. aeneus","3","Process_395_green.ome.tiff::tile_y008192_x040960.tiff::1","Process_395_green.ome.tiff","tile_y008192_x040960.tiff"
"aeneus-1054","keep","auto_fill","D. aeneus","4","Process_395_green.ome.tiff::tile_y032768_x004096.tiff::1","Process_395_green.ome.tiff","tile_y032768_x004096.tiff"
"aeneus-1055","keep","auto_fill","D. aeneus","5","Process_395_green.ome.tiff::tile_y024576_x008192.tiff::23","Process_395_green.ome.tiff","tile_y024576_x008192.tiff"
"aeneus-1056","keep","auto_fill","D. aeneus","6","Process_395_green.ome.tiff::tile_y008192_x040960.tiff::7","Process_395_green.ome.tiff","tile_y008192_x040960.tiff"
"aeneus-1057","keep","auto_fill","D. aeneus","7","Process_395_green.ome.tiff::tile_y032768_x004096.tiff::2","Process_395_green.ome.tiff","tile_y032768_x004096.tiff"
"aeneus-1058","keep","auto_fill","D. aeneus","8","Process_395_green.ome.tiff::tile_y040960_x057344.tiff::8","Process_395_green.ome.tiff","tile_y040960_x057344.tiff"
"aeneus-1059","keep","auto_fill","D. aeneus","9","Process_395_green.ome.tiff::tile_y008192_x020480.tiff::1","Process_395_green.ome.tiff","tile_y008192_x020480.tiff"
"aeneus-1060","keep","auto_fill","D. aeneus","10","Process_395_green.ome.tiff::tile_y020480_x016384.tiff::4","Process_395_green.ome.tiff","tile_y020480_x016384.tiff"
"aeneus-1061","keep","auto_fill","D. aeneus","11","Process_393_green.ome.tiff::tile_y008192_x053248.tiff::1","Process_393_green.ome.tiff","tile_y008192_x053248.tiff"
"aeneus-1062","keep","auto_fill","D. aeneus","12","Process_393_green.ome.tiff::tile_y008192_x053248.tiff::4","Process_393_green.ome.tiff","tile_y008192_x053248.tiff"
"aeneus-1063","problem","explicit","D. aeneus","13","Process_395_green.ome.tiff::tile_y040960_x057344.tiff::5","Process_395_green.ome.tiff","tile_y040960_x057344.tiff"
"aeneus-1064","keep","auto_fill","D. aeneus","14","Process_393_green.ome.tiff::tile_y024576_x053248.tiff::1","Process_393_green.ome.tiff","tile_y024576_x053248.tiff"
"aeneus-1065","problem","explicit","D. aeneus","15","Process_395_green.ome.tiff::tile_y024576_x008192.tiff::16","Process_395_green.ome.tiff","tile_y024576_x008192.tiff"
"aeneus-1066","keep","auto_fill","D. aeneus","16","Process_395_green.ome.tiff::tile_y008192_x040960.tiff::9","Process_395_green.ome.tiff","tile_y008192_x040960.tiff"
"aeneus-1067","keep","auto_fill","D. aeneus","17","Process_395_green.ome.tiff::tile_y020480_x016384.tiff::3","Process_395_green.ome.tiff","tile_y020480_x016384.tiff"
"aeneus-1068","keep","auto_fill","D. aeneus","18","Process_395_green.ome.tiff::tile_y020480_x016384.tiff::1","Process_395_green.ome.tiff","tile_y020480_x016384.tiff"
"aeneus-1069","keep","auto_fill","D. aeneus","19","Process_395_green.ome.tiff::tile_y024576_x016384.tiff::2","Process_395_green.ome.tiff","tile_y024576_x016384.tiff"
"aeneus-1070","keep","auto_fill","D. aeneus","20","Process_395_green.ome.tiff::tile_y012288_x012288.tiff::4","Process_395_green.ome.tiff","tile_y012288_x012288.tiff"
"aeneus-1071","keep","auto_fill","D. aeneus","21","Process_395_green.ome.tiff::tile_y024576_x008192.tiff::5","Process_395_green.ome.tiff","tile_y024576_x008192.tiff"
"aeneus-1072","keep","explicit","D. aeneus","22","Process_395_green.ome.tiff::tile_y040960_x057344.tiff::7","Process_395_green.ome.tiff","tile_y040960_x057344.tiff"
"aeneus-1073","keep","auto_fill","D. aeneus","23","Process_395_green.ome.tiff::tile_y012288_x020480.tiff::6","Process_395_green.ome.tiff","tile_y012288_x020480.tiff"
"aeneus-1074","keep","auto_fill","D. aeneus","24","Process_395_green.ome.tiff::tile_y020480_x016384.tiff::5","Process_395_green.ome.tiff","tile_y020480_x016384.tiff"
"aeneus-1075","keep","auto_fill","D. aeneus","25","Process_395_green.ome.tiff::tile_y012288_x020480.tiff::5","Process_395_green.ome.tiff","tile_y012288_x020480.tiff"
"aeneus-1076","keep","auto_fill","D. aeneus","26","Process_393_green.ome.tiff::tile_y040960_x000000.tiff::3","Process_393_green.ome.tiff","tile_y040960_x000000.tiff"
"aeneus-1077","keep","auto_fill","D. aeneus","27","Process_396_green.ome.tiff::tile_y028672_x073728.tiff::1","Process_396_green.ome.tiff","tile_y028672_x073728.tiff"
"aeneus-1078","keep","auto_fill","D. aeneus","28","Process_395_green.ome.tiff::tile_y040960_x036864.tiff::4","Process_395_green.ome.tiff","tile_y040960_x036864.tiff"
"aeneus-1079","keep","auto_fill","D. aeneus","29","Process_395_green.ome.tiff::tile_y040960_x040960.tiff::2","Process_395_green.ome.tiff","tile_y040960_x040960.tiff"
"aeneus-1080","keep","auto_fill","D. aeneus","30","Process_395_green.ome.tiff::tile_y008192_x024576.tiff::3","Process_395_green.ome.tiff","tile_y008192_x024576.tiff"
"aeneus-1081","keep","auto_fill","D. aeneus","31","Process_395_green.ome.tiff::tile_y024576_x008192.tiff::9","Process_395_green.ome.tiff","tile_y024576_x008192.tiff"
"aeneus-1082","problem","explicit","D. aeneus","32","Process_395_green.ome.tiff::tile_y012288_x012288.tiff::2","Process_395_green.ome.tiff","tile_y012288_x012288.tiff"
"aeneus-1083","keep","auto_fill","D. aeneus","33","Process_395_green.ome.tiff::tile_y040960_x040960.tiff::7","Process_395_green.ome.tiff","tile_y040960_x040960.tiff"
"aeneus-1084","problem","explicit","D. aeneus","34","Process_395_green.ome.tiff::tile_y040960_x057344.tiff::9","Process_395_green.ome.tiff","tile_y040960_x057344.tiff"
"aeneus-1085","keep","auto_fill","D. aeneus","35","Process_395_green.ome.tiff::tile_y040960_x040960.tiff::10","Process_395_green.ome.tiff","tile_y040960_x040960.tiff"
"aeneus-1086","keep","auto_fill","D. aeneus","36","Process_395_green.ome.tiff::tile_y028672_x024576.tiff::3","Process_395_green.ome.tiff","tile_y028672_x024576.tiff"
"aeneus-1087","problem","explicit","D. aeneus","37","Process_396_green.ome.tiff::tile_y020480_x045056.tiff::1","Process_396_green.ome.tiff","tile_y020480_x045056.tiff"
"aeneus-1088","problem","explicit","D. aeneus","38","Process_395_green.ome.tiff::tile_y024576_x008192.tiff::20","Process_395_green.ome.tiff","tile_y024576_x008192.tiff"
"aeneus-1089","keep","auto_fill","D. aeneus","39","Process_395_green.ome.tiff::tile_y008192_x024576.tiff::4","Process_395_green.ome.tiff","tile_y008192_x024576.tiff"
"aeneus-1090","keep","auto_fill","D. aeneus","40","Process_396_green.ome.tiff::tile_y053248_x032768.tiff::1","Process_396_green.ome.tiff","tile_y053248_x032768.tiff"
"aeneus-1091","problem","explicit","D. aeneus","41","Process_395_green.ome.tiff::tile_y040960_x057344.tiff::11","Process_395_green.ome.tiff","tile_y040960_x057344.tiff"
"aeneus-1092","keep","auto_fill","D. aeneus","42","Process_395_green.ome.tiff::tile_y024576_x008192.tiff::3","Process_395_green.ome.tiff","tile_y024576_x008192.tiff"
"aeneus-1093","keep","auto_fill","D. aeneus","43","Process_396_green.ome.tiff::tile_y077824_x040960.tiff::2","Process_396_green.ome.tiff","tile_y077824_x040960.tiff"
"aeneus-1094","keep","auto_fill","D. aeneus","44","Process_395_green.ome.tiff::tile_y008192_x020480.tiff::4","Process_395_green.ome.tiff","tile_y008192_x020480.tiff"
"aeneus-1095","keep","auto_fill","D. aeneus","45","Process_395_green.ome.tiff::tile_y012288_x020480.tiff::7","Process_395_green.ome.tiff","tile_y012288_x020480.tiff"
"aeneus-1096","keep","auto_fill","D. aeneus","46","Process_395_green.ome.tiff::tile_y012288_x012288.tiff::7","Process_395_green.ome.tiff","tile_y012288_x012288.tiff"
"aeneus-1097","keep","auto_fill","D. aeneus","47","Process_395_green.ome.tiff::tile_y008192_x020480.tiff::2","Process_395_green.ome.tiff","tile_y008192_x020480.tiff"
"aeneus-1098","keep","auto_fill","D. aeneus","48","Process_395_green.ome.tiff::tile_y040960_x040960.tiff::12","Process_395_green.ome.tiff","tile_y040960_x040960.tiff"
"aeneus-1099","keep","auto_fill","D. aeneus","49","Process_395_green.ome.tiff::tile_y024576_x008192.tiff::15","Process_395_green.ome.tiff","tile_y024576_x008192.tiff"
"aeneus-1100","problem","explicit","D. aeneus","50","Process_395_green.ome.tiff::tile_y028672_x024576.tiff::8","Process_395_green.ome.tiff","tile_y028672_x024576.tiff"
"aeneus-1101","problem","explicit","D. aeneus","51","Process_395_green.ome.tiff::tile_y024576_x008192.tiff::13","Process_395_green.ome.tiff","tile_y024576_x008192.tiff"
"aeneus-1102","problem","explicit","D. aeneus","52","Process_395_green.ome.tiff::tile_y028672_x024576.tiff::1","Process_395_green.ome.tiff","tile_y028672_x024576.tiff"
"aeneus-1103","problem","explicit","D. aeneus","53","Process_395_green.ome.tiff::tile_y008192_x040960.tiff::5","Process_395_green.ome.tiff","tile_y008192_x040960.tiff"
"aeneus-1104","problem","explicit","D. aeneus","54","Process_395_green.ome.tiff::tile_y040960_x057344.tiff::6","Process_395_green.ome.tiff","tile_y040960_x057344.tiff"
"aeneus-1105","keep","auto_fill","D. aeneus","55","Process_395_green.ome.tiff::tile_y012288_x012288.tiff::10","Process_395_green.ome.tiff","tile_y012288_x012288.tiff"
"aeneus-1106","problem","explicit","D. aeneus","56","Process_395_green.ome.tiff::tile_y040960_x057344.tiff::2","Process_395_green.ome.tiff","tile_y040960_x057344.tiff"
"aeneus-1107","problem","explicit","D. aeneus","57","Process_395_green.ome.tiff::tile_y028672_x024576.tiff::5","Process_395_green.ome.tiff","tile_y028672_x024576.tiff"
"aeneus-1108","problem","explicit","D. aeneus","58","Process_395_green.ome.tiff::tile_y012288_x012288.tiff::6","Process_395_green.ome.tiff","tile_y012288_x012288.tiff"
"aeneus-1109","keep","auto_fill","D. aeneus","59","Process_395_green.ome.tiff::tile_y024576_x008192.tiff::10","Process_395_green.ome.tiff","tile_y024576_x008192.tiff"
"aeneus-1110","problem","explicit","D. aeneus","60","Process_395_green.ome.tiff::tile_y040960_x040960.tiff::3","Process_395_green.ome.tiff","tile_y040960_x040960.tiff"
"aeneus-1111","problem","explicit","D. aeneus","61","Process_395_green.ome.tiff::tile_y053248_x053248.tiff::1","Process_395_green.ome.tiff","tile_y053248_x053248.tiff"
"aeneus-1112","problem","explicit","D. aeneus","62","Process_395_green.ome.tiff::tile_y012288_x020480.tiff::4","Process_395_green.ome.tiff","tile_y012288_x020480.tiff"
"aeneus-1113","problem","explicit","D. aeneus","63","Process_395_green.ome.tiff::tile_y040960_x040960.tiff::9","Process_395_green.ome.tiff","tile_y040960_x040960.tiff"
"aeneus-1114","problem","explicit","D. aeneus","64","Process_395_green.ome.tiff::tile_y040960_x036864.tiff::3","Process_395_green.ome.tiff","tile_y040960_x036864.tiff"
"orestes-1115","keep","auto_fill","D. orestes","1","Process_437_green.ome.tiff::tile_y028672_x004096.tiff::4","Process_437_green.ome.tiff","tile_y028672_x004096.tiff"
"orestes-1116","keep","auto_fill","D. orestes","2","Process_437_green.ome.tiff::tile_y020480_x028672.tiff::6","Process_437_green.ome.tiff","tile_y020480_x028672.tiff"
"orestes-1117","keep","auto_fill","D. orestes","3","Process_437_green.ome.tiff::tile_y000000_x012288.tiff::26","Process_437_green.ome.tiff","tile_y000000_x012288.tiff"
"orestes-1118","keep","auto_fill","D. orestes","4","Process_437_green.ome.tiff::tile_y000000_x020480.tiff::30","Process_437_green.ome.tiff","tile_y000000_x020480.tiff"
"orestes-1119","keep","auto_fill","D. orestes","5","Process_437_green.ome.tiff::tile_y020480_x028672.tiff::24","Process_437_green.ome.tiff","tile_y020480_x028672.tiff"
"orestes-1120","keep","auto_fill","D. orestes","6","Process_437_green.ome.tiff::tile_y032768_x028672.tiff::12","Process_437_green.ome.tiff","tile_y032768_x028672.tiff"
"orestes-1121","keep","auto_fill","D. orestes","7","Process_437_green.ome.tiff::tile_y024576_x008192.tiff::8","Process_437_green.ome.tiff","tile_y024576_x008192.tiff"
"orestes-1122","keep","auto_fill","D. orestes","8","Process_437_green.ome.tiff::tile_y000000_x012288.tiff::20","Process_437_green.ome.tiff","tile_y000000_x012288.tiff"
"orestes-1123","keep","auto_fill","D. orestes","9","Process_437_green.ome.tiff::tile_y004096_x032768.tiff::12","Process_437_green.ome.tiff","tile_y004096_x032768.tiff"
"orestes-1124","keep","auto_fill","D. orestes","10","Process_437_green.ome.tiff::tile_y004096_x012288.tiff::12","Process_437_green.ome.tiff","tile_y004096_x012288.tiff"
"orestes-1125","keep","auto_fill","D. orestes","11","Process_437_green.ome.tiff::tile_y024576_x008192.tiff::17","Process_437_green.ome.tiff","tile_y024576_x008192.tiff"
"orestes-1126","keep","auto_fill","D. orestes","12","Process_437_green.ome.tiff::tile_y000000_x020480.tiff::33","Process_437_green.ome.tiff","tile_y000000_x020480.tiff"
"orestes-1127","keep","auto_fill","D. orestes","13","Process_437_green.ome.tiff::tile_y036864_x004096.tiff::3","Process_437_green.ome.tiff","tile_y036864_x004096.tiff"
"orestes-1128","keep","auto_fill","D. orestes","14","Process_437_green.ome.tiff::tile_y040960_x032768.tiff::9","Process_437_green.ome.tiff","tile_y040960_x032768.tiff"
"orestes-1129","keep","auto_fill","D. orestes","15","Process_437_green.ome.tiff::tile_y032768_x032768.tiff::15","Process_437_green.ome.tiff","tile_y032768_x032768.tiff"
"orestes-1130","keep","auto_fill","D. orestes","16","Process_437_green.ome.tiff::tile_y036864_x028672.tiff::16","Process_437_green.ome.tiff","tile_y036864_x028672.tiff"
"orestes-1131","keep","auto_fill","D. orestes","17","Process_437_green.ome.tiff::tile_y028672_x008192.tiff::4","Process_437_green.ome.tiff","tile_y028672_x008192.tiff"
"orestes-1132","keep","auto_fill","D. orestes","18","Process_437_green.ome.tiff::tile_y004096_x016384.tiff::24","Process_437_green.ome.tiff","tile_y004096_x016384.tiff"
"orestes-1133","keep","auto_fill","D. orestes","19","Process_437_green.ome.tiff::tile_y024576_x004096.tiff::22","Process_437_green.ome.tiff","tile_y024576_x004096.tiff"
"orestes-1134","keep","auto_fill","D. orestes","20","Process_437_green.ome.tiff::tile_y004096_x032768.tiff::4","Process_437_green.ome.tiff","tile_y004096_x032768.tiff"
"orestes-1135","keep","auto_fill","D. orestes","21","Process_437_green.ome.tiff::tile_y032768_x028672.tiff::17","Process_437_green.ome.tiff","tile_y032768_x028672.tiff"
"orestes-1136","keep","auto_fill","D. orestes","22","Process_437_green.ome.tiff::tile_y028672_x024576.tiff::12","Process_437_green.ome.tiff","tile_y028672_x024576.tiff"
"orestes-1137","keep","auto_fill","D. orestes","23","Process_437_green.ome.tiff::tile_y028672_x016384.tiff::6","Process_437_green.ome.tiff","tile_y028672_x016384.tiff"
"orestes-1138","keep","auto_fill","D. orestes","24","Process_437_green.ome.tiff::tile_y028672_x000000.tiff::21","Process_437_green.ome.tiff","tile_y028672_x000000.tiff"
"orestes-1139","keep","auto_fill","D. orestes","25","Process_437_green.ome.tiff::tile_y032768_x032768.tiff::2","Process_437_green.ome.tiff","tile_y032768_x032768.tiff"
"orestes-1140","keep","auto_fill","D. orestes","26","Process_437_green.ome.tiff::tile_y036864_x024576.tiff::8","Process_437_green.ome.tiff","tile_y036864_x024576.tiff"
"orestes-1141","keep","auto_fill","D. orestes","27","Process_437_green.ome.tiff::tile_y004096_x012288.tiff::25","Process_437_green.ome.tiff","tile_y004096_x012288.tiff"
"orestes-1142","keep","auto_fill","D. orestes","28","Process_437_green.ome.tiff::tile_y000000_x020480.tiff::50","Process_437_green.ome.tiff","tile_y000000_x020480.tiff"
"orestes-1143","keep","auto_fill","D. orestes","29","Process_437_green.ome.tiff::tile_y004096_x024576.tiff::9","Process_437_green.ome.tiff","tile_y004096_x024576.tiff"
"orestes-1144","keep","auto_fill","D. orestes","30","Process_437_green.ome.tiff::tile_y028672_x008192.tiff::19","Process_437_green.ome.tiff","tile_y028672_x008192.tiff"
"orestes-1145","keep","auto_fill","D. orestes","31","Process_437_green.ome.tiff::tile_y040960_x012288.tiff::11","Process_437_green.ome.tiff","tile_y040960_x012288.tiff"
"orestes-1146","keep","auto_fill","D. orestes","32","Process_437_green.ome.tiff::tile_y028672_x004096.tiff::22","Process_437_green.ome.tiff","tile_y028672_x004096.tiff"
"orestes-1147","keep","auto_fill","D. orestes","33","Process_437_green.ome.tiff::tile_y004096_x016384.tiff::36","Process_437_green.ome.tiff","tile_y004096_x016384.tiff"
"orestes-1148","keep","auto_fill","D. orestes","34","Process_436_green.ome.tiff::tile_y028672_x008192.tiff::3","Process_436_green.ome.tiff","tile_y028672_x008192.tiff"
"orestes-1149","keep","auto_fill","D. orestes","35","Process_437_green.ome.tiff::tile_y004096_x012288.tiff::5","Process_437_green.ome.tiff","tile_y004096_x012288.tiff"
"orestes-1150","keep","auto_fill","D. orestes","36","Process_437_green.ome.tiff::tile_y000000_x012288.tiff::47","Process_437_green.ome.tiff","tile_y000000_x012288.tiff"
"orestes-1151","keep","auto_fill","D. orestes","37","Process_437_green.ome.tiff::tile_y020480_x024576.tiff::14","Process_437_green.ome.tiff","tile_y020480_x024576.tiff"
"orestes-1152","keep","auto_fill","D. orestes","38","Process_437_green.ome.tiff::tile_y000000_x012288.tiff::3","Process_437_green.ome.tiff","tile_y000000_x012288.tiff"
"orestes-1153","keep","auto_fill","D. orestes","39","Process_437_green.ome.tiff::tile_y024576_x004096.tiff::34","Process_437_green.ome.tiff","tile_y024576_x004096.tiff"
"orestes-1154","keep","auto_fill","D. orestes","40","Process_437_green.ome.tiff::tile_y016384_x012288.tiff::45","Process_437_green.ome.tiff","tile_y016384_x012288.tiff"
"orestes-1155","keep","auto_fill","D. orestes","41","Process_437_green.ome.tiff::tile_y020480_x016384.tiff::13","Process_437_green.ome.tiff","tile_y020480_x016384.tiff"
"orestes-1156","keep","auto_fill","D. orestes","42","Process_437_green.ome.tiff::tile_y032768_x028672.tiff::11","Process_437_green.ome.tiff","tile_y032768_x028672.tiff"
"orestes-1157","keep","auto_fill","D. orestes","43","Process_437_green.ome.tiff::tile_y004096_x016384.tiff::32","Process_437_green.ome.tiff","tile_y004096_x016384.tiff"
"orestes-1158","keep","auto_fill","D. orestes","44","Process_437_green.ome.tiff::tile_y032768_x028672.tiff::6","Process_437_green.ome.tiff","tile_y032768_x028672.tiff"
"orestes-1159","keep","auto_fill","D. orestes","45","Process_437_green.ome.tiff::tile_y016384_x004096.tiff::6","Process_437_green.ome.tiff","tile_y016384_x004096.tiff"
"orestes-1160","keep","auto_fill","D. orestes","46","Process_437_green.ome.tiff::tile_y020480_x028672.tiff::2","Process_437_green.ome.tiff","tile_y020480_x028672.tiff"
"orestes-1161","keep","auto_fill","D. orestes","47","Process_437_green.ome.tiff::tile_y004096_x016384.tiff::41","Process_437_green.ome.tiff","tile_y004096_x016384.tiff"
"orestes-1162","keep","auto_fill","D. orestes","48","Process_437_green.ome.tiff::tile_y032768_x028672.tiff::8","Process_437_green.ome.tiff","tile_y032768_x028672.tiff"
"orestes-1163","keep","auto_fill","D. orestes","49","Process_437_green.ome.tiff::tile_y012288_x020480.tiff::11","Process_437_green.ome.tiff","tile_y012288_x020480.tiff"
"orestes-1164","keep","auto_fill","D. orestes","50","Process_437_green.ome.tiff::tile_y020480_x028672.tiff::10","Process_437_green.ome.tiff","tile_y020480_x028672.tiff"
"orestes-1194","problem","explicit","D. orestes","80","Process_435_green.ome.tiff::tile_y008192_x032768.tiff::7","Process_435_green.ome.tiff","tile_y008192_x032768.tiff"
"orestes-1212","problem","explicit","D. orestes","98","Process_437_green.ome.tiff::tile_y028672_x024576.tiff::28","Process_437_green.ome.tiff","tile_y028672_x024576.tiff"
"wrighti-1215","keep","auto_fill","D. wrighti","1","Process_441_green.ome.tiff::tile_y012288_x036864.tiff::3","Process_441_green.ome.tiff","tile_y012288_x036864.tiff"
"wrighti-1216","keep","auto_fill","D. wrighti","2","Process_440_green.ome.tiff::tile_y028672_x032768.tiff::1","Process_440_green.ome.tiff","tile_y028672_x032768.tiff"
"wrighti-1217","keep","auto_fill","D. wrighti","3","Process_440_green.ome.tiff::tile_y000000_x032768.tiff::8","Process_440_green.ome.tiff","tile_y000000_x032768.tiff"
"wrighti-1218","keep","auto_fill","D. wrighti","4","Process_440_green.ome.tiff::tile_y024576_x008192.tiff::1","Process_440_green.ome.tiff","tile_y024576_x008192.tiff"
"wrighti-1219","keep","auto_fill","D. wrighti","5","Process_440_green.ome.tiff::tile_y028672_x032768.tiff::3","Process_440_green.ome.tiff","tile_y028672_x032768.tiff"
"wrighti-1220","problem","explicit","D. wrighti","6","Process_440_green.ome.tiff::tile_y032768_x053248.tiff::1","Process_440_green.ome.tiff","tile_y032768_x053248.tiff"
"wrighti-1221","keep","auto_fill","D. wrighti","7","Process_441_green.ome.tiff::tile_y040960_x032768.tiff::1","Process_441_green.ome.tiff","tile_y040960_x032768.tiff"
"wrighti-1222","problem","explicit","D. wrighti","8","Process_442_green.ome.tiff::tile_y020480_x012288.tiff::1","Process_442_green.ome.tiff","tile_y020480_x012288.tiff"
"wrighti-1223","keep","auto_fill","D. wrighti","9","Process_440_green.ome.tiff::tile_y036864_x028672.tiff::2","Process_440_green.ome.tiff","tile_y036864_x028672.tiff"
"wrighti-1224","keep","auto_fill","D. wrighti","10","Process_440_green.ome.tiff::tile_y000000_x032768.tiff::7","Process_440_green.ome.tiff","tile_y000000_x032768.tiff"
"wrighti-1225","problem","explicit","D. wrighti","11","Process_485_green.ome.tiff::tile_y012288_x040960.tiff::4","Process_485_green.ome.tiff","tile_y012288_x040960.tiff"
"wrighti-1226","problem","explicit","D. wrighti","12","Process_485_green.ome.tiff::tile_y012288_x040960.tiff::1","Process_485_green.ome.tiff","tile_y012288_x040960.tiff"
"wrighti-1227","problem","explicit","D. wrighti","13","Process_485_green.ome.tiff::tile_y012288_x040960.tiff::3","Process_485_green.ome.tiff","tile_y012288_x040960.tiff"
